# first initial residual per time step; decimated
t_s,Ux_initial,Uy_initial,p_initial,k_initial,omega_initial
2.5043488e-08,0.99999999,1,1,0.99999906,3.343563e-07
3.0901493e-06,2.9107077e-06,3.3250362e-05,0.085452949,4.8278564e-06,2.922455e-08
1.6872449e-05,3.8826697e-06,3.2658548e-05,0.075043467,1.2863991e-05,1.2143962e-08
3.47847e-05,3.0765655e-06,2.2361305e-05,0.051843548,1.0784646e-05,8.8186972e-09
5.5203332e-05,3.3249437e-06,2.2233086e-05,0.036569358,8.107822e-06,1.0104977e-08
7.9336298e-05,3.6274274e-06,2.373306e-05,0.035658439,7.2260027e-06,1.0302052e-08
0.00010217929,3.2229627e-06,2.3486989e-05,0.051213604,7.251473e-06,9.6958545e-09
0.00012548792,3.0542389e-06,2.3313765e-05,0.036522653,6.4944201e-06,1.0632594e-08
0.00015323935,3.4019062e-06,2.461583e-05,0.040747219,1.0305583e-05,8.9182097e-09
0.0001881051,6.6688972e-06,4.2987392e-05,0.049953901,1.9694121e-05,1.1847984e-08
0.00022633462,7.233459e-06,4.8498141e-05,0.038816198,2.7980566e-05,1.0946333e-08
0.00026565381,5.8407976e-06,3.8930512e-05,0.035050797,2.5072041e-05,9.8190658e-09
0.0003099554,6.594084e-06,4.1143835e-05,0.032874498,2.4001408e-05,8.4108811e-09
0.00036520298,8.1559693e-06,4.9174431e-05,0.031938993,2.363871e-05,9.8008253e-09
0.00042003501,7.0462051e-06,4.3088314e-05,0.030323935,2.4016645e-05,1.0084929e-08
0.00047230175,8.2745292e-06,5.2298326e-05,0.026679381,2.8713892e-05,1.0178433e-08
0.00054505975,1.0264001e-05,6.6319735e-05,0.029058715,3.277419e-05,1.1734987e-08
0.00061526084,8.4212876e-06,5.4687384e-05,0.027441535,2.8000378e-05,9.6743553e-09
0.00069067193,1.0748004e-05,7.1566454e-05,0.025258974,3.6723219e-05,1.0418864e-08
0.00078348683,1.0485247e-05,7.804387e-05,0.024353597,3.8790013e-05,1.1428499e-08
0.00086317203,9.7930783e-06,7.6534949e-05,0.020592693,3.4530849e-05,1.0045193e-08
0.00096181379,1.2274631e-05,0.00010511071,0.021296606,3.9131222e-05,1.022493e-08
0.0010663837,1.022118e-05,0.00010489053,0.021918073,3.2992472e-05,1.064326e-08
0.0011725412,1.162114e-05,0.00013482752,0.02105124,3.6674171e-05,1.1185442e-08
0.0012848801,1.1495787e-05,0.00015678347,0.17817055,3.616779e-05,1.1122671e-08
0.0014022339,1.1788902e-05,0.00018713428,0.019328769,3.6083472e-05,1.1083618e-08
0.0015326461,1.1742723e-05,0.00023378393,0.057406309,3.4939137e-05,1.1926212e-08
0.0016595068,1.1919466e-05,0.00029459534,0.018576931,3.3336641e-05,1.13355e-08
0.0017915613,1.213717e-05,0.00038520441,0.018748076,3.1321092e-05,1.1223876e-08
0.0019136942,1.2015521e-05,0.0005214321,0.01911985,3.0311653e-05,1.1977425e-08
0.0020629923,1.2194095e-05,0.00082758529,0.018581822,3.0726616e-05,1.1042551e-08
0.0021848459,1.1930416e-05,0.0013354795,0.018351178,2.8623052e-05,1.0949661e-08
0.0023346396,1.1469037e-05,0.0010468527,0.01484844,2.8429642e-05,9.4550301e-09
0.0024520494,7.0354396e-06,0.000449767,0.026334053,1.6662801e-05,9.5729238e-09
0.0025942196,1.0989127e-05,0.00048261922,0.013501149,2.7530239e-05,9.3210467e-09
0.0027411995,1.0597638e-05,0.00036896115,0.01250436,2.7055411e-05,9.6746875e-09
0.0028864753,1.0373598e-05,0.00030317627,0.014751661,2.6567574e-05,9.421109e-09
0.0029968506,1.022407e-05,0.00026532249,0.011905585,2.5574742e-05,1.1001219e-08
0.0031417858,1.0043575e-05,0.00023237577,0.010584604,2.4786797e-05,9.8109944e-09
0.0032842087,9.7445626e-06,0.00020887143,0.014521834,2.3520817e-05,9.3773881e-09
0.0034006821,9.5173403e-06,0.0001940524,0.010150609,2.2519165e-05,1.0068469e-08
0.0035328716,9.5854095e-06,0.00018796475,0.0094372513,2.227875e-05,1.0379411e-08
0.0036758496,9.6129135e-06,0.00018398461,0.0096418626,2.1903813e-05,1.0369213e-08
0.0038194861,9.4512918e-06,0.00017891072,0.013535635,2.075903e-05,1.0682454e-08
0.0039261942,9.1370386e-06,0.00017182814,0.0095923473,1.9829169e-05,1.057931e-08
0.0040560282,8.9679665e-06,0.00016884315,0.0070371536,1.9562741e-05,1.259536e-08
0.00419316,8.8880978e-06,0.00017186261,0.007708079,1.9834696e-05,8.3258552e-09
0.0043309319,9.1209026e-06,0.00018742788,0.37171063,2.0397755e-05,1.3535334e-08
0.0044511246,8.8082905e-06,0.00018496023,0.037934674,1.9901709e-05,9.7222969e-09
0.0045872498,8.7660315e-06,0.00020035771,0.058268253,2.0116674e-05,9.6044092e-09
0.0047074565,5.3573139e-06,0.00013292152,0.36981998,1.1697299e-05,7.5202885e-09
0.0048034223,6.2652129e-06,0.00016607231,0.32312274,1.3514773e-05,6.938073e-09
0.0048937632,5.8696325e-06,0.0001716203,0.25446188,1.2520148e-05,6.7724733e-09
0.0049766989,5.854991e-06,0.00019648799,0.26051952,1.2339358e-05,9.2034939e-09
0.0050521446,5.7923358e-06,0.00022750935,0.26843588,1.2009261e-05,7.5588929e-09
0.0051290811,5.6455581e-06,0.00027142353,0.29931753,1.1413145e-05,8.6845862e-09
0.00519868,4.8703171e-06,0.0002872639,0.41234759,9.5058785e-06,8.2248135e-09
0.0052613127,5.0090865e-06,0.00035961692,0.4197955,9.5662113e-06,7.9025976e-09
0.0053238762,5.9395774e-06,0.00053313195,0.32856663,1.1319718e-05,9.2193977e-09
0.0053963827,5.6333033e-06,0.00050127519,0.2955775,1.0428037e-05,1.0641138e-08
0.0054746949,6.5817672e-06,0.00035288166,0.014084565,1.2170148e-05,8.2074553e-09
0.005552588,6.6365032e-06,0.000242208,0.011877364,1.211244e-05,8.2634702e-09
0.0056236998,6.6183667e-06,0.00018981325,0.0099556467,1.1866043e-05,1.0141816e-08
0.0056977221,6.6543397e-06,0.00015531978,0.010631267,1.1658284e-05,7.8358786e-09
0.0057708439,6.7388834e-06,0.00013214419,0.010656675,1.149622e-05,9.8430408e-09
0.00584321,6.8351201e-06,0.00011502047,0.009562902,1.1321364e-05,7.6226288e-09
0.0059155232,6.940761e-06,0.00010238939,0.01125968,1.1151593e-05,1.1764077e-08
0.0059834782,7.0631395e-06,9.3563768e-05,0.0096679065,1.1017462e-05,7.9791039e-09
0.0060556441,7.1710928e-06,8.5861514e-05,0.0097620451,1.0833149e-05,9.1242733e-09
0.006128188,7.3073101e-06,8.0035384e-05,0.01110685,1.0733835e-05,7.8738286e-09
0.0062009252,7.4455096e-06,7.5265451e-05,0.0092989313,1.0630683e-05,1.0681871e-08
0.0062697638,7.5671948e-06,7.1381051e-05,0.0096857569,1.0519089e-05,7.5974596e-09
0.0063435062,7.7388132e-06,6.8346273e-05,0.010561838,1.0462378e-05,8.9590888e-09
0.0064176604,7.8915019e-06,6.5703536e-05,0.0092948906,1.0399922e-05,1.0398188e-08
0.0064924721,8.0312309e-06,6.341042e-05,0.0093441004,1.0356696e-05,8.9780635e-09
0.0065635271,8.1713734e-06,6.1698528e-05,0.010292508,1.0332193e-05,8.0523862e-09
0.0066395518,8.3161146e-06,6.0206485e-05,0.0090212446,1.032051e-05,1.0029127e-08
0.0067163141,8.4352523e-06,5.8791364e-05,0.0084272051,1.0274511e-05,9.0231017e-09
0.006793759,8.5277901e-06,5.7396873e-05,0.0091116135,1.0169813e-05,8.1295609e-09
0.0068718783,8.6554406e-06,5.6483126e-05,0.0091042977,1.0101082e-05,8.97339e-09
0.0069460719,8.7748302e-06,5.5779409e-05,0.0083020692,1.0055312e-05,8.4255095e-09
0.007025485,8.86401e-06,5.4973537e-05,0.0080319781,9.9764224e-06,9.7108734e-09
0.0071055771,8.9575081e-06,5.4379004e-05,0.0075283645,9.9217103e-06,9.7223966e-09
0.0071863533,9.0298182e-06,5.3806201e-05,0.0077904108,9.8757559e-06,8.7693019e-09
0.0072628985,9.0987986e-06,5.338911e-05,0.0085702863,9.8691859e-06,9.8723449e-09
0.0073448865,9.1752142e-06,5.3102046e-05,0.0086754443,9.9094106e-06,8.4973219e-09
0.0074274806,9.221953e-06,5.2736873e-05,0.0087719053,9.9506808e-06,8.0260888e-09
0.0075106441,9.2615995e-06,5.2395601e-05,0.0087071305,1.0024355e-05,1.050279e-08
0.0075894767,9.2891785e-06,5.2064454e-05,0.0080286876,1.0105542e-05,9.4169552e-09
0.0076737021,9.3054958e-06,5.1637286e-05,0.0084038642,1.0190802e-05,9.7141605e-09
0.0077585029,9.3383569e-06,5.1319056e-05,0.0078374046,1.0304146e-05,7.8803097e-09
0.0078438918,9.3494415e-06,5.0906773e-05,0.0083116111,1.0407001e-05,9.8292129e-09
0.0079247603,9.3724562e-06,5.0601716e-05,0.0079187161,1.053879e-05,9.9597289e-09
0.0080113539,9.4021856e-06,5.0323328e-05,0.0081850076,1.070734e-05,8.1028897e-09
0.0080985568,9.4137882e-06,4.9989387e-05,0.0082744358,1.0881196e-05,9.6437272e-09
0.0081864475,9.4504419e-06,4.9841651e-05,0.0082999949,1.1095732e-05,9.0982503e-09
0.0082750774,9.4793673e-06,4.9698539e-05,0.0077689221,1.1295574e-05,8.2102079e-09
0.0083591118,9.5075433e-06,4.9634078e-05,0.007646322,1.1478552e-05,1.0091743e-08
0.0084492132,9.5597361e-06,4.9763983e-05,0.0072675287,1.1692417e-05,9.8146712e-09
0.0085400298,9.5908546e-06,4.9855612e-05,0.0068897502,1.1870423e-05,9.7121211e-09
0.0086316057,9.6571857e-06,5.0220212e-05,0.0066137262,1.2083478e-05,9.4919857e-09
0.0087185502,9.7020187e-06,5.0575865e-05,0.0072453725,1.2253594e-05,9.7243374e-09
0.0088116719,9.7703971e-06,5.1168507e-05,0.0067198311,1.2460323e-05,1.0601719e-08
0.0089057619,9.8556982e-06,5.1967809e-05,0.0062393586,1.2677476e-05,9.2238578e-09
0.0090007249,9.9405693e-06,5.2886017e-05,0.006731033,1.286694e-05,1.0858458e-08
0.0090910573,1.0068182e-05,5.4101523e-05,0.0065822969,1.3076225e-05,1.0154157e-08
0.0091881583,1.0207217e-05,5.5502783e-05,0.0067128793,1.3283566e-05,9.796703e-09
0.0092863876,1.0399952e-05,5.731046e-05,0.0074797929,1.3519608e-05,8.08517e-09
0.0093861128,1.0657638e-05,5.9621402e-05,0.013829596,1.3802913e-05,8.9182909e-09
0.0094748639,8.6960588e-06,4.905866e-05,0.27305313,1.0771466e-05,9.6380488e-09
0.009540159,5.9137065e-06,3.4163214e-05,0.39191231,7.1991495e-06,6.4147986e-09
0.009585734,4.3212643e-06,2.5122372e-05,0.47258752,5.1190814e-06,9.2706469e-09
0.0096208907,4.0014247e-06,2.3381491e-05,0.52180706,4.6439588e-06,7.5319195e-09
0.009653613,3.662428e-06,2.1589821e-05,0.56948059,4.1667895e-06,8.7487336e-09
0.0096797671,3.0034693e-06,1.7820521e-05,0.65456706,3.2857591e-06,9.1025652e-09
0.0097007244,2.2530487e-06,1.3417173e-05,0.72450143,2.3341172e-06,9.4742257e-09
0.0097167601,2.0197116e-06,1.2062259e-05,0.7732266,1.9499376e-06,6.2549631e-09
0.009730473,1.8019981e-06,1.0827747e-05,0.82998413,1.7353415e-06,9.9027453e-09
0.0097406271,1.5846546e-06,9.5036357e-06,0.86537127,1.4615661e-06,9.463956e-09
0.0097489036,1.5142005e-06,9.0351461e-06,0.89094494,1.3006074e-06,9.8377679e-09
0.0097555347,1.390963e-06,8.4228028e-06,0.89809746,1.1662419e-06,8.9322772e-09
0.0097615031,1.4713577e-06,8.9330731e-06,0.90438808,1.5374852e-06,9.2988465e-09
0.0097676815,1.4771208e-06,9.5589691e-06,0.908597,1.4340239e-06,7.2397081e-09
0.0097738592,1.2828378e-06,8.4260437e-06,0.89393208,1.5061064e-06,1.0063795e-08
0.009781061,1.5248904e-06,9.6437861e-06,0.87411098,2.392538e-06,1.0020944e-08
0.0097926795,2.1085276e-06,1.3427725e-05,0.71354207,4.5898777e-06,7.2567928e-09
0.0098122008,3.3727931e-06,1.9610714e-05,0.87694085,4.5563394e-06,1.2281451e-08
0.0098320744,2.897162e-06,1.5814522e-05,0.81132591,3.3225136e-06,1.1317524e-08
0.0098552117,3.661799e-06,1.9740773e-05,0.75059117,4.6820203e-06,1.060434e-08
0.0098849294,4.0196624e-06,2.297294e-05,0.56249761,5.3245877e-06,9.8019984e-09
0.0099186654,4.1363935e-06,2.3746112e-05,0.52950106,5.1769889e-06,9.6851896e-09
0.0099534114,4.6013146e-06,2.6986287e-05,0.514031,5.69956e-06,7.7868787e-09
0.0099947853,5.5349884e-06,3.3319177e-05,0.41916321,7.0465055e-06,7.9600885e-09
0.0100435,6.6280896e-06,4.1017135e-05,0.32914374,8.5639364e-06,8.492573e-09
0.010100537,7.6190264e-06,4.8666214e-05,0.30868049,9.7418664e-06,7.5783204e-09
0.010159418,8.4008712e-06,5.5373843e-05,0.31185081,1.0627717e-05,9.1262799e-09
0.010223801,8.5077603e-06,5.79173e-05,0.34094778,1.0576281e-05,8.5734149e-09
0.010285817,7.7345955e-06,5.3982429e-05,0.4070167,9.4171801e-06,1.0047742e-08
0.010333942,5.6513285e-06,3.9813104e-05,0.51378269,6.6546099e-06,9.2433655e-09
0.010368855,5.330571e-06,3.7871121e-05,0.52045614,6.1600133e-06,9.3807803e-09
0.010409438,5.571726e-06,4.0399412e-05,0.5060393,6.4212233e-06,8.9937925e-09
0.010443483,4.0497092e-06,2.9704464e-05,0.64138543,4.4367243e-06,8.2785037e-09
0.010465884,3.2626479e-06,2.380224e-05,0.67605189,3.4171526e-06,9.6520279e-09
0.010490561,3.9744473e-06,2.9526271e-05,0.57449535,4.4041234e-06,1.0216829e-08
0.01052102,5.1139694e-06,3.9118953e-05,0.42423769,5.8544813e-06,8.7390796e-09
0.010565278,7.1015852e-06,5.6238445e-05,0.24477179,8.2868843e-06,9.014071e-09
0.010628199,1.131625e-05,9.4655799e-05,0.23942121,1.3331641e-05,1.21511e-08
0.010698609,1.1958506e-05,0.00010292351,0.24400035,1.3905365e-05,1.5878927e-08
0.01075317,6.4496966e-06,5.6845409e-05,0.061149017,7.565859e-06,1.0528467e-08
0.010827659,7.6150517e-06,7.3388488e-05,0.34587359,9.0142229e-06,7.3906339e-09
0.010905108,1.3657192e-05,0.00014308074,0.16312156,1.646057e-05,9.5747499e-09
0.011010253,1.7824087e-05,0.00021649474,0.17314646,2.1608617e-05,1.1493143e-08
0.011098852,1.8011408e-05,0.00026085841,0.12518502,2.2006218e-05,1.225682e-08
0.011182518,1.5357329e-05,0.00026801227,0.19965283,1.8845269e-05,1.3220473e-08
0.011269414,1.4388784e-05,0.00031086083,0.20084769,1.792919e-05,1.0674024e-08
0.011364848,1.3119098e-05,0.0003673127,0.25016556,1.6344133e-05,1.0340224e-08
0.011441023,1.0778663e-05,0.00039983156,0.13307951,1.334284e-05,1.0320079e-08
0.011531255,1.0098647e-05,0.00058499833,0.16122878,1.2425067e-05,9.3901677e-09
0.011618756,1.5558097e-05,0.00094906476,0.088928053,1.9681577e-05,1.0209895e-08
0.01170785,1.9432754e-05,0.00081217794,0.19626623,2.4836889e-05,1.5065286e-08
0.011791193,9.6582194e-06,0.00030340701,0.35905447,1.229022e-05,6.4238805e-09
0.01187596,1.1554866e-05,0.000290186,0.16745677,1.5143983e-05,1.0046023e-08
0.011965686,1.8133821e-05,0.00038329999,0.042649615,2.4973344e-05,1.149766e-08
0.01205845,1.4700647e-05,0.00026491248,0.079098634,2.0776339e-05,1.1527177e-08
0.012153307,1.2702591e-05,0.00020288182,0.11672534,1.846208e-05,9.5682268e-09
0.012249676,1.3970441e-05,0.00020369648,0.10722712,2.0778175e-05,1.0921408e-08
0.012355084,1.5329049e-05,0.00020322256,0.062521426,2.3651034e-05,8.7214651e-09
0.012460106,1.4569135e-05,0.00017970158,0.011397331,2.3071966e-05,1.0212122e-08
0.012562729,1.4190057e-05,0.00016542306,0.0091989716,2.2940225e-05,8.0124889e-09
0.01265657,1.3605321e-05,0.0001516713,0.0091537115,2.2362912e-05,8.3751064e-09
0.012753497,1.3281797e-05,0.0001429176,0.0087183135,2.2172652e-05,6.8123891e-09
0.012848875,1.2924605e-05,0.00013465032,0.0089827618,2.1863753e-05,8.9687309e-09
0.012941526,1.2450435e-05,0.0001265271,0.0086104562,2.129993e-05,7.1936264e-09
0.013031872,1.2624779e-05,0.00012610243,0.51169217,2.1159171e-05,1.6277074e-08
0.013093498,1.2022146e-05,0.00011861619,0.011527742,2.0840072e-05,7.0323191e-09
0.013180556,1.1624316e-05,0.0001134123,0.0079857211,2.0376182e-05,6.6097782e-09
0.013265106,1.1331641e-05,0.00011031683,0.0086291652,1.9951724e-05,8.9142963e-09
0.013348134,1.1225275e-05,0.00010920189,0.0095188545,1.9760934e-05,8.628644e-09
0.013425236,1.1122052e-05,0.00010775311,0.010010748,1.9449938e-05,7.1191097e-09
0.013505391,1.0911168e-05,0.00010541189,0.010999883,1.8848891e-05,7.3274841e-09
0.013579778,9.8630311e-06,9.5556796e-05,0.010976915,1.6761232e-05,7.3467824e-09
0.013647283,9.2064988e-06,9.0129737e-05,0.0098127307,1.5407235e-05,9.7025491e-09
0.013706769,8.7335763e-06,8.6737506e-05,0.010875471,1.4394995e-05,9.452191e-09
0.013767184,8.5316516e-06,8.6390466e-05,0.0098962204,1.3831736e-05,8.583803e-09
0.013825631,8.3433399e-06,8.6531252e-05,0.0093704017,1.330986e-05,7.9499747e-09
0.013882888,8.258087e-06,8.8176413e-05,0.011043072,1.2954569e-05,1.0204782e-08
0.013935955,8.234582e-06,9.0688371e-05,0.0095179654,1.2716632e-05,9.1643004e-09
0.013991937,8.2196463e-06,9.3823456e-05,0.011212278,1.2487511e-05,8.7088911e-09
0.014047603,8.2808954e-06,9.8016161e-05,0.0098288152,1.2375559e-05,7.1182087e-09
0.014103248,8.2946257e-06,0.00010171095,0.010947661,1.2170424e-05,6.9493602e-09
0.014158893,8.4096093e-06,0.00010680188,0.009587207,1.2115591e-05,9.0985638e-09
0.014211449,8.4690414e-06,0.00011140416,0.011352558,1.1980998e-05,8.540534e-09
0.01426736,8.5452648e-06,0.00011711017,0.0094800872,1.185205e-05,7.7185138e-09
0.014323567,8.6644847e-06,0.00012415893,0.011929164,1.1764238e-05,9.6050469e-09
0.014379905,8.6992726e-06,0.00013058038,0.010806527,1.1585085e-05,9.4957865e-09
0.014433193,8.8542226e-06,0.00013887176,0.011602251,1.1589908e-05,8.3137214e-09
0.014490096,8.920548e-06,0.00014625291,0.013698361,1.1463884e-05,1.0288564e-08
0.014547196,9.0319606e-06,0.0001542277,0.012264714,1.1419512e-05,8.6114596e-09
0.014604675,9.1798144e-06,0.00016372715,0.013367045,1.1421754e-05,7.4423283e-09
0.014658967,9.2155552e-06,0.00017249864,0.014961016,1.1313871e-05,1.0102528e-08
0.01471688,9.3682757e-06,0.00018637819,0.013365053,1.1346463e-05,9.1944442e-09
0.014775138,9.5007461e-06,0.00020255264,0.016588227,1.1373341e-05,9.2512953e-09
0.014833629,9.5456261e-06,0.00021915539,0.017084338,1.133813e-05,8.4666152e-09
0.014889027,9.7057299e-06,0.00023875479,0.014033496,1.1471593e-05,6.9866659e-09
0.014948365,9.8627987e-06,0.00025931982,0.016767773,1.157928e-05,9.2496525e-09
0.01500814,9.9493212e-06,0.00027871138,0.016550955,1.1610227e-05,7.7066578e-09
0.015068461,1.0172818e-05,0.00030674266,0.016082337,1.1797829e-05,1.0213568e-08
0.015129347,1.0326073e-05,0.00034262054,0.018466984,1.1881683e-05,9.6665212e-09
0.015187053,1.0421359e-05,0.0003864259,0.018575625,1.1880201e-05,9.7226498e-09
0.015248863,1.0683304e-05,0.00044910048,0.10486794,1.2042627e-05,9.9222468e-09
0.01531126,1.0849257e-05,0.00051277831,0.09515009,1.2147097e-05,9.847902e-09
0.015374187,1.0953579e-05,0.00056176669,0.11819453,1.2181064e-05,9.6946354e-09
0.015434089,1.1193965e-05,0.00058485043,0.12464738,1.2359869e-05,8.1265341e-09
0.015498534,1.1372824e-05,0.00058678614,0.084723045,1.253e-05,7.9218407e-09
0.01556371,1.1518836e-05,0.00057258039,0.047523694,1.2676307e-05,7.7879761e-09
0.015629739,1.1809733e-05,0.00054235296,0.11233957,1.2867753e-05,8.9995032e-09
0.015692535,1.2024823e-05,0.00050035447,0.20492273,1.2899652e-05,7.8545849e-09
0.015754947,1.04347e-05,0.00038428028,0.21745253,1.1047243e-05,8.7003728e-09
0.015804458,7.0187025e-06,0.00024414695,0.33483323,7.2518805e-06,7.7449577e-09
0.015833378,4.2726966e-06,0.00015237726,0.55425885,4.2429321e-06,8.6059868e-09
0.01585166,3.1729005e-06,0.00011547052,0.70102103,2.8787446e-06,7.2631384e-09
0.015865564,3.130139e-06,0.00012063012,0.76302908,2.7148971e-06,7.5552402e-09
0.015879261,3.229497e-06,0.00011868334,0.78720172,2.5923316e-06,9.290933e-09
0.015891415,2.9047371e-06,0.00010168145,0.81622978,2.2580499e-06,9.8930898e-09
0.01590264,2.4330244e-06,8.2574846e-05,0.81448376,1.7794624e-06,8.42437e-09
0.015914015,3.1519064e-06,0.00010556577,0.74992792,2.8440435e-06,6.3232343e-09
0.015927618,2.6595292e-06,8.1695676e-05,0.77331912,2.1510755e-06,7.790759e-09
0.015940242,2.8438107e-06,8.913276e-05,0.75296316,2.4916625e-06,7.1497367e-09
0.015959654,4.9154487e-06,0.00013562692,0.32887092,5.1952708e-06,1.0203911e-08
0.015994544,9.338734e-06,0.00024982783,0.07172762,1.0097037e-05,1.0024709e-08
0.01603411,6.6273693e-06,0.000169372,0.29327206,6.9735745e-06,7.9391363e-09
0.016071773,7.7591635e-06,0.00019337459,0.24825786,8.1967148e-06,9.7236374e-09
0.01612343,1.1035635e-05,0.00026438012,0.20223404,1.1838338e-05,7.629223e-09
0.016189195,1.3163067e-05,0.00029802687,0.024600999,1.4443912e-05,8.5387283e-09
0.016262531,1.3280214e-05,0.00028464382,0.019695915,1.4674266e-05,7.9811055e-09
0.016337053,1.3625263e-05,0.00027460237,0.17621877,1.4938613e-05,8.4202306e-09
0.016398194,7.4823131e-06,0.00015204757,0.54057595,7.7515938e-06,7.9204397e-09
0.016457507,1.075434e-05,0.0002096314,0.32551805,1.1428642e-05,1.0386172e-08
0.016520501,1.2984365e-05,0.00023961343,0.2199815,1.3900478e-05,1.0216077e-08
0.016595135,1.4535491e-05,0.00024964788,0.028834343,1.5813916e-05,1.0806066e-08
0.016671602,1.3350008e-05,0.0002253973,0.015300678,1.4503539e-05,8.3625896e-09
0.016743809,1.3806656e-05,0.0002255335,0.018375649,1.5067063e-05,8.0919055e-09
0.01681809,1.4632069e-05,0.00023478138,0.020693259,1.5990616e-05,8.4003955e-09
0.016893554,1.329491e-05,0.00020892392,0.019926313,1.4473178e-05,7.8018756e-09
0.016969442,1.4742627e-05,0.00022372952,0.022417785,1.6097449e-05,1.0660768e-08
0.017052406,1.4355013e-05,0.0002160448,0.021183304,1.553322e-05,1.000667e-08
0.017122322,1.3511097e-05,0.0001968355,0.018286372,1.4487355e-05,9.8089214e-09
0.017202488,1.5669511e-05,0.00022104883,0.021451049,1.6757034e-05,1.0785603e-08
0.017284614,1.4005483e-05,0.00019604727,0.13234514,1.4788972e-05,1.0330376e-08
0.017359474,1.4314953e-05,0.00019239095,0.14103713,1.513537e-05,1.0347365e-08
0.017437249,1.5115841e-05,0.00019967862,0.20240466,1.6006515e-05,1.0888488e-08
0.017517344,1.3660806e-05,0.00017983904,0.10161882,1.4606451e-05,1.0052419e-08
0.01759538,1.5033155e-05,0.00019340947,0.018844284,1.6376859e-05,9.8486885e-09
0.017681064,1.5608402e-05,0.00020158231,0.018867972,1.7090765e-05,1.043287e-08
0.017761916,1.3737133e-05,0.00017385136,0.030135587,1.5065753e-05,8.3143214e-09
0.017840992,1.5991393e-05,0.00019626401,0.020950978,1.7719093e-05,9.3202994e-09
0.017928973,1.5177535e-05,0.00018546226,0.019061661,1.681456e-05,7.577968e-09
0.018010754,1.440467e-05,0.00017091678,0.018030553,1.60235e-05,9.1922473e-09
0.018099909,1.5163527e-05,0.00017641209,0.017609003,1.7012751e-05,9.9854112e-09
0.018184175,1.4536051e-05,0.00016841133,0.01993094,1.6395556e-05,8.8233286e-09
0.018269827,1.5363181e-05,0.00017307448,0.017833047,1.7585497e-05,1.0562375e-08
0.018363011,1.5796774e-05,0.00017646432,0.0174183,1.8303181e-05,8.6867542e-09
0.018453681,1.4540744e-05,0.00015972033,0.019521637,1.7016921e-05,6.8540461e-09
0.018541357,1.6430034e-05,0.00017605389,0.018018018,1.9552776e-05,8.8383692e-09
0.01863856,1.571007e-05,0.00016720386,0.018444819,1.8867555e-05,6.7968933e-09
0.018730874,1.5417753e-05,0.00015985862,0.016126497,1.8746383e-05,1.1129172e-08
0.01883133,1.6321046e-05,0.00016638807,0.015782568,2.0049841e-05,7.9314084e-09
0.018930796,1.5300847e-05,0.00015421697,0.016792398,1.8969748e-05,9.209579e-09
0.019024712,1.6972064e-05,0.00016725391,0.016406913,2.1304324e-05,8.6579422e-09
0.019132022,1.6430945e-05,0.000161017,0.017444848,2.0842066e-05,1.0120527e-08
0.019233412,1.6325282e-05,0.00015708083,0.015780551,2.098374e-05,7.5374889e-09
0.0193447,1.7764566e-05,0.0001688249,0.014997384,2.3115274e-05,9.5425965e-09
0.01944638,1.62575e-05,0.00015333323,0.016924288,2.1402065e-05,1.0212026e-08
0.019557595,1.8081709e-05,0.00016798699,0.015732212,2.413743e-05,7.949711e-09
0.019673615,1.692145e-05,0.00015683422,0.01636465,2.2843902e-05,9.1840336e-09
0.019786914,1.7961869e-05,0.00016462867,0.016854559,2.4575721e-05,7.2385855e-09
0.019901406,1.8096743e-05,0.00016565941,0.015594309,2.5030261e-05,8.8591953e-09
0.020019038,1.792375e-05,0.00016343798,0.015353963,2.5114797e-05,9.4718224e-09
0.020144274,1.9021023e-05,0.00017347865,0.015051967,2.6953409e-05,1.0475821e-08
0.020267634,1.8421701e-05,0.00016852062,0.014579545,2.6427807e-05,9.5326645e-09
0.020388746,1.9699751e-05,0.00018082872,0.015753975,2.8561654e-05,1.0749325e-08
0.020518224,1.9003851e-05,0.00017636048,0.015766139,2.7889216e-05,9.4619461e-09
0.020651199,2.059887e-05,0.00019328279,0.015350673,3.0574499e-05,1.0605275e-08
0.020788689,2.064044e-05,0.00019773307,0.0171829,3.1003763e-05,1.1192573e-08
0.020928004,2.1585196e-05,0.00021135695,0.015439986,3.2790306e-05,1.0556284e-08
0.021062069,2.126123e-05,0.00021469332,0.016325686,3.2649107e-05,8.0883056e-09
0.021206735,2.2577539e-05,0.00023636153,0.016323474,3.5032289e-05,8.5047188e-09
0.021355708,2.2483475e-05,0.0002470566,0.016124686,3.5262866e-05,9.5253379e-09
0.021506252,2.2760233e-05,0.00026370715,0.016212141,3.6079009e-05,1.1888816e-08
0.02164348,2.1961295e-05,0.00026940618,0.014935707,3.5118573e-05,1.2019392e-08
0.021785396,2.1728864e-05,0.00028408065,0.013982044,3.4976496e-05,1.2135092e-08
0.021926499,2.1738793e-05,0.00030764222,0.014221295,3.5187783e-05,9.723522e-09
0.022065856,2.1452978e-05,0.0003314565,0.012547784,3.4915912e-05,1.006631e-08
0.022195278,2.1328652e-05,0.00036218699,0.012239001,3.490981e-05,8.3588584e-09
0.022332203,2.1304826e-05,0.00040673354,0.011807929,3.5035864e-05,7.8297284e-09
0.022468261,2.1202062e-05,0.00046478682,0.01250896,3.5010579e-05,9.1061966e-09
0.022603681,2.120554e-05,0.00054499474,0.012079657,3.5188778e-05,9.5879073e-09
0.022731081,2.1230751e-05,0.00064877074,0.011510766,3.5409897e-05,7.8757654e-09
0.022866569,2.1296844e-05,0.00080382666,0.011209773,3.5717373e-05,8.7774809e-09
0.023002564,2.1402876e-05,0.00098985314,0.011158132,3.6112644e-05,9.2876777e-09
0.023139114,2.1537743e-05,0.0010862239,0.21059797,3.6410638e-05,1.1742417e-08
0.023275946,2.1611574e-05,0.00095039602,0.24250861,3.6707877e-05,9.8786716e-09
0.023404299,2.1172753e-05,0.00075468826,0.14770539,3.6291408e-05,1.1268753e-08
0.023531221,1.4167422e-05,0.00041749355,0.20681994,2.4232708e-05,8.1386771e-09
0.023621768,1.2644116e-05,0.00033820369,0.16515684,2.1802443e-05,8.2567963e-09
0.023714166,1.5925117e-05,0.00038644448,0.11729112,2.7758873e-05,1.0133727e-08
0.023816712,1.7382262e-05,0.00038257593,0.10808115,3.0546732e-05,7.9394528e-09
0.023926744,1.54404e-05,0.00031226609,0.17674356,2.7202099e-05,1.0749729e-08
0.024013861,1.1713342e-05,0.00022482182,0.23602707,2.056491e-05,7.1499866e-09
0.024089594,1.0774661e-05,0.00019995095,0.26752597,1.8892768e-05,8.6589799e-09
0.024155882,1.0555536e-05,0.00019031345,0.28268489,1.8552229e-05,7.0527307e-09
0.024224512,1.0222083e-05,0.00017885682,0.30331051,1.8022749e-05,7.3387969e-09
0.024289203,9.430593e-06,0.00016114372,0.32914565,1.6629232e-05,9.2330621e-09
0.024348855,8.7294211e-06,0.00014654106,0.35568032,1.5380465e-05,6.7640854e-09
0.024404288,8.1716411e-06,0.00013532823,0.37171862,1.4371291e-05,7.8223072e-09
0.024452916,7.6606566e-06,0.00012579867,0.39062276,1.3419243e-05,9.9898965e-09
0.024502603,7.4827299e-06,0.00012193554,0.40163748,1.3111982e-05,6.7127636e-09
0.024550806,7.2418768e-06,0.00011747667,0.41531316,1.2665976e-05,7.5944087e-09
0.024597895,7.0676812e-06,0.00011438512,0.42515494,1.2325298e-05,8.7881448e-09
0.024641403,7.0087864e-06,0.00011348868,0.43360592,1.2202606e-05,7.2652747e-09
0.024687795,7.0633541e-06,0.00011443449,0.43430951,1.2298859e-05,6.9839458e-09
0.02473432,7.1080611e-06,0.00011540165,0.4367012,1.236829e-05,7.8647197e-09
0.024781062,7.1089902e-06,0.0001157591,0.44569251,1.2334878e-05,8.8453613e-09
0.024826316,7.4470616e-06,0.000120291,0.43871212,1.3008463e-05,7.7386487e-09
0.024877046,8.0339341e-06,0.00012854015,0.43519322,1.4094275e-05,7.3375137e-09
0.024927834,7.5861739e-06,0.00012110097,0.43114955,1.3249678e-05,8.8188498e-09
0.024975742,7.3114745e-06,0.00011711224,0.43006343,1.2712151e-05,1.0046459e-08
0.025020641,7.4159498e-06,0.00011979543,0.43249469,1.2896781e-05,7.5488228e-09
0.025068209,7.4224448e-06,0.00012115712,0.43265119,1.2895159e-05,9.7039533e-09
0.025116196,7.5795407e-06,0.00012540595,0.43242938,1.3186343e-05,7.3069084e-09
0.025164866,7.744732e-06,0.00013023051,0.42483168,1.348986e-05,8.7007393e-09
0.025214263,7.9550694e-06,0.00013626132,0.40988654,1.3887607e-05,7.1889101e-09
0.025262159,8.2635886e-06,0.00014441061,0.4028614,1.4464125e-05,8.0106125e-09
0.025315071,8.6578108e-06,0.00015521113,0.39040316,1.5189901e-05,7.2457945e-09
0.025370185,9.0849788e-06,0.00016774126,0.37737771,1.5979128e-05,8.3078345e-09
0.025427693,9.5458949e-06,0.00018242326,0.36206135,1.6810042e-05,7.4306681e-09
0.025484298,1.0095883e-05,0.00020017464,0.3460037,1.780645e-05,9.9954317e-09
0.025547335,1.0692543e-05,0.00022207381,0.33116751,1.884217e-05,9.8197459e-09
0.025613167,1.1205104e-05,0.00024629949,0.31997431,1.9688353e-05,9.3010337e-09
0.025680498,1.136735e-05,0.00026790107,0.31368975,1.988125e-05,8.0552934e-09
0.025743451,1.136472e-05,0.00028922735,0.30940271,1.9785685e-05,7.4817782e-09
0.025810183,1.1482629e-05,0.00032116942,0.30822678,1.9900241e-05,7.8232443e-09
0.025877206,1.1677398e-05,0.00036429832,0.30590476,2.0159456e-05,7.7665479e-09
0.025945194,1.1865761e-05,0.00041912047,0.29820527,2.0425376e-05,7.9377065e-09
0.026011094,1.2612232e-05,0.00050425065,0.28086679,2.1698773e-05,7.9872118e-09
0.026083394,1.2710658e-05,0.00056812409,0.20172301,2.1961491e-05,8.1914801e-09
0.02615569,1.2840996e-05,0.00059534962,0.097549143,2.2294176e-05,9.9360069e-09
0.026228129,1.2927531e-05,0.00057722484,0.0086871813,2.2449662e-05,8.673176e-09
0.026300873,1.3065589e-05,0.00053814867,0.010405284,2.2612554e-05,1.0173715e-08
0.026369578,1.3195834e-05,0.00048971466,0.0090099218,2.2765395e-05,9.9677587e-09
0.026443033,1.331252e-05,0.00043739921,0.010390103,2.2900645e-05,9.3544191e-09
0.026516906,1.3487151e-05,0.00039423385,0.0087632055,2.3144154e-05,9.3616916e-09
0.026591273,1.3579801e-05,0.0003563362,0.0092746293,2.325493e-05,8.6730062e-09
0.026661794,1.3755414e-05,0.00032904844,0.0094558856,2.352854e-05,7.9390479e-09
0.026737224,1.3886331e-05,0.00030358245,0.0088902382,2.3720622e-05,9.2973268e-09
0.026813284,1.398685e-05,0.00028183479,0.0099217625,2.3886816e-05,8.1107669e-09
0.026889958,1.4167547e-05,0.00026522545,0.0090791652,2.4199248e-05,8.1750395e-09
0.026962668,1.4279478e-05,0.00025114006,0.0084672445,2.4416533e-05,9.7345746e-09
0.027040609,1.4378764e-05,0.00023822836,0.0095299863,2.4638047e-05,7.6318415e-09
0.027119275,1.4534034e-05,0.00022807802,0.0089963342,2.4969235e-05,8.5459415e-09
0.027198648,1.4667426e-05,0.00021885262,0.0084950866,2.5266284e-05,9.584468e-09
0.027278775,1.4762417e-05,0.00021019061,0.0088165534,2.5517862e-05,1.0031931e-08
0.027354931,1.4849339e-05,0.00020312809,0.0099452342,2.5767011e-05,7.66672e-09
0.027436621,1.4987673e-05,0.00019704872,0.0088388203,2.6121623e-05,8.8590569e-09
0.027519146,1.5109175e-05,0.0001914244,0.0083830628,2.6475514e-05,9.5465846e-09
0.027602525,1.5221148e-05,0.00018608608,0.0084369042,2.6843744e-05,8.286306e-09
0.027681804,1.530995e-05,0.00018122897,0.0080198716,2.7180231e-05,8.9336997e-09
0.027766854,1.537783e-05,0.00017622744,0.0078014677,2.7514461e-05,9.8128857e-09
0.027852665,1.5449903e-05,0.00017168373,0.0081067267,2.787546e-05,8.6466018e-09
0.027939285,1.5527091e-05,0.00016748944,0.0079717377,2.8261616e-05,8.7921896e-09
0.028021568,1.5589787e-05,0.0001637227,0.0079196465,2.8627578e-05,1.0202056e-08
0.028109814,1.5675898e-05,0.0001602358,0.0076001679,2.9054446e-05,9.0082099e-09
0.028198975,1.57632e-05,0.0001571151,0.0077195607,2.9494717e-05,9.6069104e-09
0.028289063,1.5855293e-05,0.00015444054,0.0076540407,2.9954345e-05,9.887259e-09
0.028374741,1.5942071e-05,0.00015236199,0.0072932095,3.0411057e-05,8.4458946e-09
0.028466777,1.6052349e-05,0.0001506603,0.0068577368,3.0917154e-05,8.3574572e-09
0.028559802,1.6145349e-05,0.00014920527,0.0068831664,3.1394991e-05,8.5869925e-09
0.028653835,1.6262941e-05,0.0001483097,0.0066304282,3.1910884e-05,7.8294727e-09
0.028748938,1.6379667e-05,0.00014770446,0.0066813288,3.2413735e-05,8.1394556e-09
0.028839506,1.6529674e-05,0.00014780234,0.0062162338,3.2959857e-05,7.50154e-09
0.028936911,1.670131e-05,0.00014836229,0.0063582612,3.3523095e-05,1.0092839e-08
0.029035611,1.6903751e-05,0.00014967911,0.0062130428,3.4126206e-05,8.4685021e-09
0.029135716,1.7147139e-05,0.00015175642,0.00615046,3.4751726e-05,1.0065602e-08
0.029231288,1.7415433e-05,0.00015449474,0.0064513658,3.5378878e-05,9.9088629e-09
0.029334412,1.7769242e-05,0.00015839134,0.0064818225,3.6113522e-05,1.0044438e-08
0.029439281,1.8191096e-05,0.00016324294,0.0081225419,3.6878388e-05,9.900086e-09
0.029546011,1.8780924e-05,0.00016986996,0.12020023,3.7733998e-05,9.9228477e-09
0.029634984,1.4346266e-05,0.00012944354,0.19009327,2.8281113e-05,1.2752475e-08
0.029706064,1.2470391e-05,0.00011253247,0.26977595,2.4301949e-05,9.934181e-09
0.029772251,1.085228e-05,9.8168263e-05,0.34493299,2.0855663e-05,9.7112148e-09
0.029827343,8.6509352e-06,7.848827e-05,0.4317965,1.620696e-05,7.4285046e-09
0.029866542,6.2873691e-06,5.6961605e-05,0.6057191,1.1268495e-05,8.763654e-09
0.029896524,5.2307708e-06,4.6864338e-05,0.65020811,8.8219467e-06,9.7832598e-09
0.029926956,5.9999731e-06,5.4157418e-05,0.59780396,1.0307983e-05,7.529218e-09
0.029958811,5.8290451e-06,5.3155392e-05,0.61177743,9.8235535e-06,7.4409874e-09
0.029990007,5.7754302e-06,5.3305073e-05,0.61266372,9.5288448e-06,9.5220631e-09
0.030018628,5.5855548e-06,5.2092406e-05,0.62896808,9.0300912e-06,8.1350413e-09
0.030047754,5.4436934e-06,5.1198816e-05,0.64584581,8.5599043e-06,6.8195112e-09
0.03007527,5.0970846e-06,4.8313325e-05,0.67101643,7.7346832e-06,6.5169659e-09
0.030100943,4.7934238e-06,4.5718321e-05,0.69512758,6.9970995e-06,6.7109914e-09
0.030123366,4.4753033e-06,4.2889793e-05,0.71696643,6.2700006e-06,6.9462948e-09
0.030145567,4.1900201e-06,4.036918e-05,0.73634315,5.6319794e-06,7.9262775e-09
0.030166349,3.9432518e-06,3.8227125e-05,0.75420781,5.0751798e-06,8.7107426e-09
0.030185822,3.7173219e-06,3.6243476e-05,0.76762006,4.5814323e-06,9.890217e-09
0.030203109,3.5379042e-06,3.4694426e-05,0.78694496,4.1424563e-06,1.0235696e-08
0.030220138,3.2895705e-06,3.2280023e-05,0.79977757,3.6531857e-06,7.320543e-09
0.030236255,3.2377066e-06,3.1893084e-05,0.7913684,3.6034064e-06,9.4948005e-09
0.030252778,3.3439003e-06,3.3304945e-05,0.7865414,3.8289915e-06,7.144159e-09
0.030269539,3.3025142e-06,3.3074749e-05,0.7943887,3.7647796e-06,8.8027963e-09
0.030285251,3.4278278e-06,3.4420428e-05,0.77409068,4.0212814e-06,7.8288166e-09
0.03030354,3.7883816e-06,3.877648e-05,0.74700047,4.7768476e-06,1.0204178e-08
0.030324226,4.2077379e-06,4.3648432e-05,0.71296836,5.6733979e-06,7.2753195e-09
0.030347758,4.9001899e-06,5.1054655e-05,0.66640435,6.9874461e-06,7.7239331e-09
0.030374285,6.1236117e-06,6.4388725e-05,0.55584467,9.2237931e-06,8.2476889e-09
0.030411089,7.5522946e-06,8.0505996e-05,0.39934757,1.2029613e-05,9.5020929e-09
0.030452095,8.0132547e-06,8.5667193e-05,0.42278083,1.3008303e-05,8.6117875e-09
0.030492811,7.6201192e-06,8.2143295e-05,0.51716158,1.2231003e-05,9.596098e-09
0.030525444,5.9813965e-06,6.3832688e-05,0.51285526,9.4606821e-06,6.9742262e-09
0.030559443,5.1777736e-06,5.5266282e-05,0.69729751,7.90243e-06,7.1524542e-09
0.030594629,7.2628156e-06,7.8561713e-05,0.25085962,1.1864892e-05,1.1071038e-08
0.030633291,6.0289933e-06,6.6932082e-05,0.60333207,9.6169425e-06,7.0227183e-09
0.030668592,9.1181408e-06,0.00010292054,0.40931214,1.4805086e-05,9.329403e-09
0.03070568,7.2506188e-06,8.2813712e-05,0.36970528,1.1753034e-05,8.5613814e-09
0.03074361,6.5422008e-06,7.6682505e-05,0.58475998,1.0434406e-05,6.4324319e-09
0.030782546,8.3946717e-06,0.00010175181,0.55607077,1.3545885e-05,8.4314626e-09
0.030822144,8.79939e-06,0.00010989876,0.47267584,1.4380165e-05,1.048874e-08
0.030861811,8.9084477e-06,0.00011491759,0.46733958,1.4727673e-05,8.6645575e-09
0.030907195,9.8363818e-06,0.00013155642,0.45013082,1.6510571e-05,8.7357369e-09
0.030955949,1.0190724e-05,0.00014139497,0.44496042,1.7260825e-05,7.7887877e-09
0.031004997,1.0394971e-05,0.00014995315,0.39396332,1.7784296e-05,9.7824774e-09
0.031053506,1.0941028e-05,0.00016567643,0.37080961,1.8922166e-05,9.7444587e-09
0.031105838,1.0915074e-05,0.00017517641,0.35845344,1.8979493e-05,9.353908e-09
0.031158355,1.105484e-05,0.00019051168,0.35435139,1.93463e-05,9.8829198e-09
0.03121164,1.1128393e-05,0.00020739025,0.34029496,1.953547e-05,8.2308508e-09
0.031262655,1.1327663e-05,0.00022876121,0.33198357,1.9929441e-05,8.22383e-09
0.031318485,1.1825178e-05,0.00026342598,0.30862477,2.0887622e-05,7.4452229e-09
0.031376453,1.2071804e-05,0.0003004104,0.2954079,2.1345056e-05,8.0024221e-09
0.031434888,1.2146236e-05,0.00034054533,0.28525518,2.1465759e-05,9.3330007e-09
0.031490701,1.2313258e-05,0.0003903611,0.27981811,2.1743998e-05,8.2132874e-09
0.031551097,1.2547965e-05,0.0004522992,0.27726142,2.2153001e-05,8.0251617e-09
0.031612161,1.2556519e-05,0.00050015837,0.28238575,2.2147211e-05,1.0019969e-08
0.031672824,1.2185138e-05,0.00050953423,0.29274794,2.1463151e-05,8.8100632e-09
0.031731045,1.1640769e-05,0.00047483819,0.2978812,2.0482441e-05,7.8439277e-09
0.03178408,1.1340183e-05,0.00041918694,0.30321708,1.9977569e-05,8.5768995e-09
0.031839307,1.1090149e-05,0.0003615518,0.3110439,1.9557104e-05,9.9964617e-09
0.03189392,1.1007952e-05,0.00031707279,0.31640425,1.9427356e-05,8.4966428e-09
0.031948819,1.1120044e-05,0.00028525665,0.31950371,1.9684011e-05,1.0039134e-08
0.032001525,1.1300358e-05,0.0002631346,0.35288768,2.0058118e-05,8.2730228e-09
0.032058004,1.1203357e-05,0.00023813019,0.36376064,1.9945746e-05,9.9708768e-09
0.032112286,1.0381514e-05,0.00020407958,0.36458936,1.8544728e-05,8.0158364e-09
0.032163,9.739133e-06,0.00017871236,0.37468329,1.7394411e-05,9.7191833e-09
0.032208448,9.3077856e-06,0.00016173261,0.37896264,1.6653938e-05,7.2341879e-09
0.032254672,8.8962651e-06,0.000146798,0.38955606,1.5921904e-05,8.0606033e-09
0.032299526,8.7463335e-06,0.00013762693,0.39167105,1.5684075e-05,9.3095729e-09
0.032344456,8.905479e-06,0.00013402157,0.39374669,1.6072619e-05,7.6668177e-09
0.032390573,9.0702965e-06,0.00013091843,0.38705775,1.6502982e-05,8.4574511e-09
0.032434861,9.1647528e-06,0.00012767959,0.38548611,1.679176e-05,9.5786698e-09
0.032482154,9.1769975e-06,0.00012343898,0.38950192,1.6894707e-05,7.726975e-09
0.032528962,8.9251322e-06,0.00011649254,0.39405393,1.6510383e-05,8.295589e-09
0.03257476,8.7867559e-06,0.00011155124,0.39320032,1.6353789e-05,7.6386745e-09
0.032617891,8.7837447e-06,0.00010885161,0.39022478,1.6482582e-05,8.3216523e-09
0.032664167,9.0084534e-06,0.00010894879,0.3829996,1.7067147e-05,7.7116315e-09
0.032712109,9.3049848e-06,0.0001098566,0.37549961,1.7803339e-05,1.0049094e-08
0.032761992,9.6772669e-06,0.00011165787,0.36805939,1.8678429e-05,9.6677673e-09
0.032810463,9.9316782e-06,0.00011228172,0.36433862,1.929122e-05,8.6668984e-09
0.032862806,9.9426341e-06,0.00011031906,0.36656729,1.9376947e-05,9.8912085e-09
0.032914783,9.8191392e-06,0.00010730205,0.37210872,1.9165535e-05,8.8184921e-09
0.032965761,9.5934699e-06,0.00010358289,0.37483847,1.8709582e-05,1.004153e-08
0.033013187,9.6019428e-06,0.0001027121,0.36937884,1.8753725e-05,8.86831e-09
0.033064032,9.8077167e-06,0.00010400053,0.35790687,1.9207342e-05,8.209607e-09
0.033116636,1.021553e-05,0.0001074682,0.34508696,2.0045315e-05,7.4807695e-09
0.033171643,1.0787173e-05,0.00011254304,0.33152596,2.1136007e-05,8.0242665e-09
0.033228342,1.0996438e-05,0.00011391272,0.3245116,2.1431127e-05,7.6116987e-09
0.033282257,1.1208825e-05,0.00011521597,0.31867341,2.1644668e-05,9.6954319e-09
0.033340183,1.1405344e-05,0.00011651251,0.31653513,2.1781578e-05,7.8969864e-09
0.033397796,1.1330876e-05,0.0001156457,0.31768573,2.138058e-05,1.0188373e-08
0.033454564,1.1169205e-05,0.00011457907,0.32596342,2.0794181e-05,8.8042014e-09
0.033506341,1.0982998e-05,0.00011390245,0.33038986,2.0172993e-05,7.1994367e-09
0.033560609,1.0945663e-05,0.00011519292,0.33061052,1.982707e-05,9.6947692e-09
0.03361497,1.1141051e-05,0.00011953777,0.3298039,1.9930254e-05,8.6019409e-09
0.033670042,1.1316136e-05,0.0001241884,0.31711097,1.9997632e-05,9.6971286e-09
0.033722328,1.1409695e-05,0.00012788897,0.28413259,2.0022025e-05,1.0274634e-08
0.0337778,1.1542958e-05,0.00013183443,0.21645581,2.0174762e-05,7.5849347e-09
0.033833208,1.1533885e-05,0.00013522639,0.17140506,1.9984737e-05,8.1877075e-09
0.033888737,1.1718519e-05,0.00014148047,0.15604148,2.0008553e-05,8.957381e-09
0.033941143,1.1754902e-05,0.00014551952,0.14553179,1.9801904e-05,9.9849419e-09
0.033997026,1.1970282e-05,0.00015287496,0.17315674,1.9797255e-05,7.9167004e-09
0.034053249,1.2070941e-05,0.00015940411,0.16918257,1.9594314e-05,9.5819883e-09
0.034109701,1.2226094e-05,0.00016723608,0.17171173,1.9465471e-05,8.6330822e-09
0.034166545,1.2397063e-05,0.00017643842,0.20773368,1.929252e-05,7.82047e-09
0.034219916,1.2198496e-05,0.00018177039,0.25774564,1.8534468e-05,9.5196065e-09
0.034274142,1.1496876e-05,0.00018020006,0.29732287,1.7070077e-05,1.0061449e-08
0.034326017,1.1554413e-05,0.00019025002,0.30609931,1.6920674e-05,9.3665919e-09
0.034380909,1.2899882e-05,0.00022274765,0.32270677,1.8685856e-05,1.0260823e-08
0.034433464,1.2434999e-05,0.00022658803,0.33178103,1.7739158e-05,9.3953183e-09
0.034490251,1.2969694e-05,0.00024455236,0.28226056,1.8541419e-05,7.799786e-09
0.034549355,1.3386077e-05,0.00025719469,0.25486856,1.9144015e-05,8.1462406e-09
0.034609668,1.3652076e-05,0.00026615302,0.26557003,1.9438297e-05,9.3620034e-09
0.034667312,1.4072809e-05,0.00028475229,0.42090031,1.9783584e-05,9.6449787e-09
0.034720177,1.1571024e-05,0.0002489474,0.37265247,1.5928141e-05,9.7372354e-09
0.034767927,1.1264623e-05,0.00025329676,0.32163672,1.5427088e-05,9.7483781e-09
0.034814311,1.0176907e-05,0.00023762568,0.34225381,1.385e-05,9.0217924e-09
0.034861204,1.0873301e-05,0.00026232897,0.325068,1.4849097e-05,8.5101052e-09
0.034906192,1.0726019e-05,0.00026739034,0.2826942,1.4670831e-05,8.0513773e-09
0.034954047,1.1279371e-05,0.00029172229,0.29481806,1.5377852e-05,8.2149736e-09
0.035007158,1.2761474e-05,0.00034043338,0.33906784,1.7269267e-05,7.9518196e-09
0.035066726,1.4064292e-05,0.00038853655,0.34611248,1.8814164e-05,1.0046402e-08
0.035121561,1.2752982e-05,0.0003645062,0.34906601,1.7050372e-05,9.5346871e-09
0.035168455,1.022256e-05,0.00031658374,0.40862455,1.3504119e-05,8.9767158e-09
0.035211758,9.0461896e-06,0.00029351515,0.19227663,1.2016074e-05,1.2268206e-08
0.035258531,7.9635835e-06,0.00025901395,0.53705243,1.0506692e-05,1.0764817e-08
0.035302504,8.5414979e-06,0.00029006047,0.53719419,1.1289768e-05,8.2531764e-09
0.03534905,9.0345147e-06,0.00031733913,0.41459678,1.2123835e-05,9.135277e-09
0.035395143,9.2393951e-06,0.00033931063,0.21843431,1.2499424e-05,1.1568471e-08
0.035443394,1.0224946e-05,0.00038315361,0.20832072,1.4007183e-05,1.1253091e-08
0.035492418,1.3153138e-05,0.00049836356,0.23694993,1.8284347e-05,9.0482791e-09
0.035546763,1.2059877e-05,0.00045732607,0.22869193,1.7082278e-05,8.550955e-09
0.035605732,1.4779739e-05,0.00055823858,0.23808029,2.1215049e-05,9.9663863e-09
0.035669066,1.2702596e-05,0.00047603046,0.34482444,1.8027637e-05,9.8857096e-09
0.035724528,1.1312191e-05,0.00041782506,0.40207483,1.5952693e-05,9.7395391e-09
0.035773946,1.204974e-05,0.00043882336,0.4147255,1.7001631e-05,1.2021979e-08
0.035821912,1.3109291e-05,0.00046342037,0.28944423,1.8468329e-05,1.1361527e-08
0.035870093,1.0948501e-05,0.00037720002,0.30957056,1.5323938e-05,1.0696979e-08
0.035919506,1.0468045e-05,0.00035679443,0.40129387,1.4723166e-05,7.5419498e-09
0.035966282,1.2201238e-05,0.00041116487,0.29359877,1.7266924e-05,1.0392676e-08
0.036016719,1.1695016e-05,0.00038962604,0.24085333,1.6536421e-05,9.011372e-09
0.036070244,1.3858944e-05,0.00046436512,0.21839202,1.9709643e-05,1.0247982e-08
0.036138944,1.6809264e-05,0.00056401974,0.22619889,2.3833763e-05,9.5210261e-09
0.036200994,1.4269973e-05,0.00047602656,0.28259463,2.0107859e-05,7.7293339e-09
0.036262448,1.4696893e-05,0.00048648717,0.28487732,2.0779448e-05,8.7654637e-09
0.03632026,1.2165471e-05,0.00039096529,0.29992061,1.7178493e-05,1.0775753e-08
0.036370666,1.332133e-05,0.00041703114,0.28838787,1.8707842e-05,9.9016865e-09
0.036416312,1.3742649e-05,0.00042205497,0.28631357,1.9376066e-05,1.1173384e-08
0.036466557,1.2364452e-05,0.00037060913,0.43756034,1.7306189e-05,1.1723592e-08
0.036520626,1.2570313e-05,0.00036327816,0.33103411,1.8116176e-05,7.5231627e-09
0.036583134,1.4496395e-05,0.00040386374,0.29697381,2.0985439e-05,8.0741515e-09
0.036644894,1.3347727e-05,0.00036029727,0.29985917,1.9543067e-05,9.6626529e-09
0.036705192,1.4666848e-05,0.00038944037,0.25148603,2.171401e-05,9.8935668e-09
0.036772494,1.4978245e-05,0.00038978913,0.2650524,2.236436e-05,9.5352426e-09
0.036841423,1.527643e-05,0.00039166249,0.25267484,2.3032198e-05,8.8489309e-09
0.036908388,1.4473656e-05,0.00036462327,0.26700095,2.1901505e-05,1.009357e-08
0.036973613,1.5445676e-05,0.0003755458,0.2517202,2.360909e-05,7.9934686e-09
0.037045855,1.5719989e-05,0.00036465011,0.24601022,2.4272451e-05,1.029298e-08
0.037118732,1.5498596e-05,0.00034242004,0.24485924,2.4110204e-05,8.6912115e-09
0.037191011,1.5486266e-05,0.00032435762,0.24303111,2.4306016e-05,9.0954416e-09
0.037260723,1.5982154e-05,0.00032049433,0.22786299,2.5327986e-05,9.6056724e-09
0.037340035,1.7049077e-05,0.00033019524,0.21003218,2.7264587e-05,1.031038e-08
0.037423638,1.7791137e-05,0.00033056095,0.19829016,2.8663412e-05,7.6151364e-09
0.03751196,1.8540605e-05,0.00032995937,0.18580267,3.0099081e-05,8.0254041e-09
0.037603045,1.8687453e-05,0.0003179985,0.18317808,3.0593201e-05,7.5782723e-09
0.037690341,1.9328919e-05,0.00031365477,0.015125393,3.2005465e-05,1.0500614e-08
0.037786142,1.9234324e-05,0.00029979801,0.010894985,3.2097063e-05,7.2534105e-09
0.037880366,1.9176492e-05,0.00028544933,0.011155699,3.2266791e-05,9.4800504e-09
0.0379783,1.9861528e-05,0.00028332663,0.010594092,3.3672412e-05,9.4709694e-09
0.038070199,1.9259285e-05,0.00026485316,0.011060891,3.2839571e-05,9.1709337e-09
0.038169073,2.008402e-05,0.00026501099,0.010778056,3.4523303e-05,9.9212867e-09
0.03827096,1.981665e-05,0.00025260133,0.010171902,3.4300443e-05,8.4670056e-09
0.038371849,2.0200575e-05,0.00024808849,0.010654059,3.5225861e-05,7.5095188e-09
0.038470987,2.0684622e-05,0.00024627012,0.010105242,3.6309666e-05,1.0088696e-08
0.038575462,2.0398589e-05,0.00023558957,0.010808422,3.5985495e-05,1.0018084e-08
0.038683202,2.137961e-05,0.00024000584,0.01049407,3.7949534e-05,7.9100787e-09
0.038792319,2.097388e-05,0.00023028361,0.010746014,3.7427293e-05,9.9400955e-09
0.038896154,2.1897481e-05,0.00023554348,0.011507439,3.9209302e-05,7.6160367e-09
0.039010361,2.1941033e-05,0.00023246276,0.010475336,3.9390896e-05,1.0223882e-08
0.039124292,2.2555038e-05,0.00023550996,0.011314194,4.0564464e-05,1.0050933e-08
0.03924295,2.3157954e-05,0.0002396151,0.011121295,4.1583841e-05,9.7781404e-09
0.039361476,2.3538372e-05,0.00024182723,0.011882168,4.2173623e-05,1.0217327e-08
0.039477317,2.4706759e-05,0.00025325106,0.011623277,4.414647e-05,8.4424177e-09
0.039601178,2.488227e-05,0.00025520792,0.012633529,4.4230231e-05,1.1074853e-08
0.039728867,2.6655306e-05,0.00027442273,0.012859585,4.7143214e-05,1.0229431e-08
0.039859081,2.6795719e-05,0.00027974752,0.014857076,4.7342349e-05,9.1528618e-09
0.039984599,2.8578221e-05,0.00030303966,0.014220942,5.0436302e-05,1.1076064e-08
0.040122147,2.8979384e-05,0.00031558121,0.01611946,5.1085247e-05,1.0159289e-08
0.04025928,2.8408338e-05,0.00031926185,0.01483563,5.0071993e-05,7.8672302e-09
0.040385509,2.6388887e-05,0.0003088134,0.012904319,4.6534958e-05,7.5666304e-09
0.040498428,2.6029074e-05,0.00031682625,0.013687866,4.5935756e-05,1.0480724e-08
0.040618733,2.6877506e-05,0.00034661547,0.013830183,4.7455524e-05,1.067775e-08
0.040742677,2.7804702e-05,0.00038935478,0.015681084,4.9150563e-05,1.0554739e-08
0.040869766,2.8801663e-05,0.00044391088,0.013890723,5.115234e-05,9.5762106e-09
0.040997098,3.1153923e-05,0.0005415316,0.019070383,5.5665445e-05,9.9393474e-09
0.041128452,1.9582451e-05,0.00039975495,0.14754683,3.505369e-05,8.9415352e-09
0.041220779,1.9612068e-05,0.00045306914,0.12121779,3.5465156e-05,9.1301792e-09
0.041316576,2.1515632e-05,0.00057553506,0.10856698,3.9273983e-05,1.0151874e-08
0.04141961,2.2703734e-05,0.00071744364,0.14210607,4.1592427e-05,7.9441718e-09
0.041505355,1.7906013e-05,0.00063607543,0.23051158,3.2694756e-05,7.3527733e-09
0.041583086,1.5844385e-05,0.00059882903,0.23843692,2.886372e-05,7.8616924e-09
0.041654599,1.4627781e-05,0.00055613219,0.23781327,2.6607514e-05,8.7400162e-09
0.041721229,1.2933211e-05,0.00045648945,0.24716511,2.3530079e-05,6.975456e-09
0.041783244,1.4949102e-05,0.00047551202,0.22846175,2.7372885e-05,9.6566313e-09
0.041853571,1.46021e-05,0.00041241758,0.24837365,2.6754877e-05,8.6262919e-09
0.041919838,1.3272969e-05,0.00033850906,0.27289102,2.4242695e-05,9.7535394e-09
0.041980993,1.2276036e-05,0.000287956,0.29393456,2.233178e-05,7.7706189e-09
0.042034388,1.1324338e-05,0.000249185,0.31380828,2.0490069e-05,9.0989611e-09
0.042087253,1.0669978e-05,0.00022190715,0.33120365,1.9223578e-05,7.2242066e-09
0.04213756,1.0127479e-05,0.00020059537,0.34415611,1.8169568e-05,7.9915289e-09
0.042185715,9.7026827e-06,0.00018410988,0.35529395,1.7336254e-05,9.4035934e-09
0.04223247,9.5406723e-06,0.00017411448,0.36178128,1.7046935e-05,7.1798921e-09
0.042276352,9.5128458e-06,0.00016764505,0.36408852,1.7025265e-05,7.9238227e-09
0.042322846,9.3807484e-06,0.00015986287,0.37223878,1.6800993e-05,8.3885178e-09
0.042368743,9.2007961e-06,0.00015226858,0.37585138,1.6466264e-05,8.7779955e-09
0.042413594,8.9550751e-06,0.00014457385,0.38421343,1.5980959e-05,9.0491549e-09
0.042455857,9.183181e-06,0.00014474851,0.37877014,1.6476216e-05,7.5225864e-09
0.042504473,1.0164914e-05,0.00015636408,0.37022563,1.8407641e-05,9.6937108e-09
0.042555467,1.024525e-05,0.00015410128,0.3733761,1.8595885e-05,7.8073417e-09
0.042605595,9.8873651e-06,0.00014624859,0.38120148,1.7888257e-05,9.1157298e-09
0.042650482,9.3430525e-06,0.00013665354,0.39072469,1.6774036e-05,9.9682957e-09
0.042696222,9.0912575e-06,0.00013174204,0.39611384,1.6213768e-05,7.6424005e-09
0.042740903,9.0039438e-06,0.00012921717,0.39160352,1.5967818e-05,8.8883246e-09
0.042785715,9.1941693e-06,0.00013054516,0.38062913,1.6247208e-05,1.0060931e-08
0.042829663,9.7983519e-06,0.00013742457,0.36059535,1.7351457e-05,9.0036951e-09
0.042879983,1.0788489e-05,0.00014918458,0.33725407,1.9131721e-05,8.6224828e-09
0.042935385,1.1911113e-05,0.0001627654,0.32231684,2.1080274e-05,1.0198096e-08
0.042994053,1.2311286e-05,0.00016744557,0.30830107,2.1650294e-05,7.8869647e-09
0.04305408,1.2617017e-05,0.00017200663,0.30015921,2.2009616e-05,8.222509e-09
0.043109678,1.2308145e-05,0.00016860865,0.25509802,2.1405356e-05,9.9422579e-09
0.043167259,1.2067474e-05,0.00016704417,0.18504339,2.0926015e-05,7.2037075e-09
0.043223849,1.205243e-05,0.00017130751,0.14597176,2.0709945e-05,8.0641476e-09
0.043279798,1.1964717e-05,0.00017341218,0.091919972,2.0430357e-05,8.1397526e-09
0.043332224,1.2057174e-05,0.00017831637,0.019135323,2.041952e-05,7.3034912e-09
0.04338775,1.2053542e-05,0.00018293319,0.011043117,2.0146612e-05,9.7587253e-09
0.043443388,1.2235518e-05,0.00019150605,0.011009783,2.0154564e-05,8.385491e-09
0.043499114,1.2264212e-05,0.00019875012,0.011097238,1.9889382e-05,6.8543245e-09
0.043551818,1.2477132e-05,0.00020947652,0.01064691,1.9945771e-05,9.2671042e-09
0.043608112,1.2542931e-05,0.00021917944,0.012163971,1.9730511e-05,8.5732194e-09
0.0436647,1.2743017e-05,0.00023263174,0.010725062,1.9737149e-05,7.2360327e-09
0.043721723,1.2880769e-05,0.0002462254,0.012790052,1.9637502e-05,9.2715713e-09
0.043775659,1.2964583e-05,0.00025954532,0.011312869,1.947868e-05,7.187298e-09
0.043833433,1.3211376e-05,0.00027872006,0.011713639,1.9564024e-05,8.762463e-09
0.043891614,1.3285615e-05,0.00029612074,0.013103625,1.9402807e-05,8.2064428e-09
0.043950201,1.3508354e-05,0.00031882767,0.011515562,1.9503482e-05,7.4033762e-09
0.044009328,1.3665849e-05,0.0003419511,0.012751005,1.9527111e-05,9.3894582e-09
0.044065348,1.3740276e-05,0.00036393363,0.011526132,1.9470349e-05,9.4046883e-09
0.044125431,1.3991577e-05,0.00039422576,0.01161794,1.9685873e-05,9.1962638e-09
0.044186074,1.4097968e-05,0.00042232588,0.013369173,1.9709228e-05,8.2453771e-09
0.04424725,1.4319447e-05,0.00045590502,0.038057561,1.9893157e-05,9.2630011e-09
0.044305457,1.4458722e-05,0.00048735166,0.29104474,1.9819186e-05,9.8289548e-09
0.044367301,1.4905712e-05,0.0005222742,0.31757761,2.031088e-05,7.9837553e-09
0.044425109,1.3217598e-05,0.00046085922,0.37233689,1.7866174e-05,9.0995565e-09
0.044478442,1.4113146e-05,0.00049551334,0.1729339,1.9204949e-05,9.2962679e-09
0.04453528,1.4522395e-05,0.00051843451,0.053990138,1.9943506e-05,9.0449648e-09
0.044599847,1.5757634e-05,0.00054697552,0.048183011,2.1716894e-05,1.0030783e-08
0.04466613,1.5395536e-05,0.00052145901,0.01604334,2.1289947e-05,9.4030483e-09
0.044730282,1.5283468e-05,0.00050091619,0.01654166,2.1207312e-05,8.0872994e-09
0.04479661,1.6119905e-05,0.00050590983,0.013949675,2.2488292e-05,9.6786353e-09
0.044861373,1.6158983e-05,0.00048637614,0.013384328,2.2583953e-05,8.2787862e-09
0.044928851,1.5890852e-05,0.0004557526,0.015621649,2.227941e-05,9.3999608e-09
0.044998326,1.6786839e-05,0.00045655065,0.089334755,2.3596208e-05,8.3136104e-09
0.045069415,1.6847474e-05,0.00044319255,0.25829671,2.3551273e-05,9.9149736e-09
0.045134634,1.3548519e-05,0.00035444356,0.58247394,1.8502618e-05,1.31601e-08
0.045195921,1.6499836e-05,0.00040250602,0.020579893,2.3333568e-05,9.6372988e-09
0.045270125,1.7862795e-05,0.00040924107,0.015604337,2.5332514e-05,1.0470559e-08
0.045345087,1.6852854e-05,0.00037500233,0.013604483,2.3933527e-05,9.984214e-09
0.045412692,1.6907708e-05,0.00035926788,0.017331315,2.4080687e-05,7.2229905e-09
0.04548865,1.8241382e-05,0.00037264015,0.022600679,2.6053525e-05,8.2641842e-09
0.045564664,1.6893725e-05,0.00033694892,0.20508918,2.3973379e-05,1.0026318e-08
0.04563773,1.7377454e-05,0.00033269886,0.18059583,2.4786513e-05,8.236121e-09
0.04571282,1.8749844e-05,0.000352265,0.2451711,2.6825443e-05,7.6366996e-09
0.045775391,1.5303953e-05,0.00029216587,0.38436486,2.1572986e-05,1.1668207e-08
0.045831386,1.0873828e-05,0.00020379892,0.4171587,1.5214775e-05,1.0770638e-08
0.04589986,1.7125512e-05,0.000307539,0.095928249,2.472461e-05,9.7014149e-09
0.045981614,1.9746238e-05,0.00034268762,0.24187404,2.8598386e-05,1.2406871e-08
0.046040988,1.4330168e-05,0.00025207571,0.39417149,2.0503531e-05,1.1109481e-08
0.046096715,1.4547824e-05,0.000252388,0.34221564,2.0821635e-05,1.0115142e-08
0.046168369,1.7504969e-05,0.00029069693,0.04769153,2.5777509e-05,9.4782996e-09
0.046253389,2.045265e-05,0.00032830366,0.26778525,3.0137403e-05,9.6327829e-09
0.04632993,1.7112478e-05,0.00027692373,0.17779561,2.5484843e-05,9.1577224e-09
0.046406974,1.8207463e-05,0.00028445606,0.18589204,2.7434174e-05,1.0131713e-08
0.046494582,1.9949227e-05,0.00031075928,0.36951523,3.0020364e-05,1.2702164e-08
0.046555413,1.160208e-05,0.00018311891,0.5388264,1.7222051e-05,9.5387335e-09
0.046606618,1.225527e-05,0.00019164961,0.23955157,1.8443881e-05,1.1651825e-08
0.046672998,1.3066725e-05,0.00020148017,0.316695,1.9809174e-05,9.2291891e-09
0.046737827,1.6086243e-05,0.00024776129,0.25394787,2.4869517e-05,9.2105559e-09
0.046809044,1.5572166e-05,0.00023797099,0.30126158,2.4138469e-05,8.419679e-09
0.046876088,1.7594619e-05,0.00026439757,0.2285764,2.7563317e-05,9.4135163e-09
0.046962072,1.96097e-05,0.00027914882,0.033536839,3.1449263e-05,9.3114446e-09
0.047057096,1.9783927e-05,0.0002805978,0.1924616,3.1808907e-05,9.7526549e-09
0.047146169,1.8931528e-05,0.00026206234,0.19679763,3.0582046e-05,1.0109621e-08
0.047239717,1.9426913e-05,0.0002628152,0.31978622,3.1541358e-05,9.9434211e-09
0.047305766,1.4970626e-05,0.00020327838,0.41898965,2.4164925e-05,9.6336065e-09
0.047368105,1.1429421e-05,0.00015550255,0.45869301,1.8472118e-05,8.3240383e-09
0.04744129,1.9239314e-05,0.00025840978,0.30135656,3.1780116e-05,9.3937115e-09
0.047518779,1.9514296e-05,0.00025944553,0.19018828,3.262895e-05,1.0048251e-08
0.047605209,9.4694734e-06,0.00012543788,0.56524321,1.5209486e-05,9.4299817e-09
0.04768562,1.9552087e-05,0.00025347145,0.018610988,3.3259129e-05,8.6615255e-09
0.047786632,2.156999e-05,0.00027200645,0.013359805,3.7135453e-05,9.6684884e-09
0.047893097,2.0647824e-05,0.00026028655,0.014196484,3.5773318e-05,9.6100697e-09
0.047988733,2.0926625e-05,0.00026052761,0.013931409,3.6522065e-05,7.8784076e-09
0.048099254,2.2953119e-05,0.00028423795,0.25364873,3.9930863e-05,1.0131406e-08
0.048207552,2.1449332e-05,0.00026509373,0.23690882,3.7445026e-05,9.0542935e-09
0.048318998,2.3876606e-05,0.00029069444,0.39265306,4.1608836e-05,1.3117712e-08
0.048390351,1.0521565e-05,0.00012679675,0.26720579,1.8207214e-05,8.6287168e-09
0.048460999,1.6912693e-05,0.0002052791,0.19018582,2.9742572e-05,1.0417445e-08
0.048543311,1.6489932e-05,0.00019879043,0.21109385,2.9132562e-05,9.7922847e-09
0.048627621,1.6870926e-05,0.00020455662,0.22029166,2.9867351e-05,9.6145293e-09
0.048710652,1.6338239e-05,0.00019963855,0.24791355,2.8869405e-05,8.4335844e-09
0.048778787,1.3265991e-05,0.00016154646,0.33720503,2.3239811e-05,9.5528926e-09
0.04882724,8.6242861e-06,0.00010351185,0.51316513,1.4563758e-05,1.0417455e-08
0.04886499,8.0820305e-06,9.6369348e-05,0.52932802,1.3259713e-05,7.3297214e-09
0.048901697,7.3197355e-06,8.7909637e-05,0.56688142,1.1746375e-05,7.9703772e-09
0.048933557,6.7281013e-06,8.1533602e-05,0.60326648,1.0459741e-05,7.3423079e-09
0.04896394,6.0416647e-06,7.3732609e-05,0.64981054,8.9879214e-06,9.8777345e-09
0.048990973,5.4192985e-06,6.65877e-05,0.69126946,7.6513367e-06,8.6251526e-09
0.049015294,4.9189819e-06,6.0779745e-05,0.7257358,6.5529009e-06,8.091665e-09
0.049035924,4.4840312e-06,5.5475982e-05,0.74898497,5.6456613e-06,7.1815273e-09
0.049055877,4.0631339e-06,5.0240641e-05,0.77538434,4.8425878e-06,9.0025972e-09
0.049073257,3.5510931e-06,4.3337589e-05,0.79658528,4.0320544e-06,9.5262841e-09
0.049089638,3.6224215e-06,4.4280368e-05,0.7879271,4.0467515e-06,1.0046928e-08
0.049106766,3.7388981e-06,4.6420446e-05,0.77877484,4.2325416e-06,8.3158298e-09
0.049122951,3.6748975e-06,4.6081945e-05,0.78406928,4.0874759e-06,9.0057824e-09
0.049138999,3.2721627e-06,4.0826585e-05,0.81789988,3.4666955e-06,1.0909196e-08
0.049153275,3.1388473e-06,3.879679e-05,0.81154778,3.144933e-06,7.7897419e-09
0.049168006,3.2880912e-06,4.1053008e-05,0.80221336,3.4188943e-06,8.7653324e-09
0.049182633,3.4491247e-06,4.377734e-05,0.79075457,3.6915308e-06,7.8506936e-09
0.049198746,3.5799341e-06,4.5803661e-05,0.77735109,3.9450278e-06,6.618155e-09
0.049215548,3.6784224e-06,4.7331275e-05,0.76916271,4.1769284e-06,7.0482999e-09
0.049233129,3.8827729e-06,5.0091995e-05,0.75528772,4.5394634e-06,7.4961296e-09
0.049250612,4.0424754e-06,5.2370635e-05,0.74405987,4.8776623e-06,8.8601145e-09
0.049270312,4.1765063e-06,5.4358563e-05,0.7322356,5.149236e-06,6.7030298e-09
0.049290867,4.3238688e-06,5.6426035e-05,0.72281616,5.4035777e-06,6.9955972e-09
0.049312088,4.4655148e-06,5.8459057e-05,0.71457393,5.6435221e-06,6.9469866e-09
0.049332665,4.7260433e-06,6.2180711e-05,0.70212428,6.0671326e-06,9.7800906e-09
0.049355054,4.846624e-06,6.409187e-05,0.69256294,6.2721468e-06,8.312754e-09
0.049377918,4.9630762e-06,6.6001435e-05,0.68203878,6.4819376e-06,7.2676299e-09
0.049401309,5.1216929e-06,6.8589798e-05,0.67048562,6.8075522e-06,9.9069271e-09
0.049425478,5.2969969e-06,7.1524522e-05,0.65425292,7.1581477e-06,9.358625e-09
0.049449228,5.5592388e-06,7.5764845e-05,0.62694053,7.6774855e-06,9.9322183e-09
0.049475942,5.8893262e-06,8.1182082e-05,0.60019798,8.2914121e-06,7.9627458e-09
0.049504658,6.4410141e-06,8.9803278e-05,0.56854433,9.2841081e-06,7.5762174e-09
0.049536236,7.1901901e-06,0.00010117208,0.52734999,1.0611741e-05,9.1733026e-09
0.049569277,7.9088042e-06,0.00011255892,0.50254061,1.1862226e-05,8.5549021e-09
0.049607758,8.4868606e-06,0.00012172405,0.48808552,1.283479e-05,7.8702946e-09
0.049649144,9.1889633e-06,0.00013271827,0.50519913,1.3916411e-05,7.7834758e-09
0.049688921,8.3147294e-06,0.00012066462,0.53036955,1.244878e-05,8.8787524e-09
0.049723009,7.6412278e-06,0.00011188062,0.58218913,1.1248211e-05,8.6941432e-09
0.049758799,8.5270088e-06,0.00012726265,0.50869312,1.2756264e-05,9.7821073e-09
0.049808054,1.4012038e-05,0.00021942042,0.38164992,2.181993e-05,1.0326239e-08
0.049881016,1.6900869e-05,0.0002794464,0.40945598,2.6738013e-05,1.1297495e-08
0.049948211,1.3238135e-05,0.00023343896,0.33516404,2.134242e-05,7.84107e-09
0.049999905,1.126778e-05,0.00020747799,0.33135089,1.8209013e-05,8.5255584e-09
0.050049642,1.1112399e-05,0.00021033321,0.35285108,1.7930932e-05,8.4096184e-09
0.050099473,1.1170019e-05,0.00021761792,0.34821578,1.8098539e-05,8.0571227e-09
0.050150594,1.1505467e-05,0.00023419537,0.33254064,1.885841e-05,7.6963649e-09
0.050200669,1.2023661e-05,0.00025855528,0.30830482,1.9953383e-05,7.8747272e-09
0.05025713,1.309396e-05,0.00030303263,0.27374687,2.201216e-05,8.7058487e-09
0.050318037,1.3612049e-05,0.00034428253,0.25774767,2.311431e-05,8.7313138e-09
0.050380714,1.3938771e-05,0.00038734628,0.24315945,2.3823608e-05,9.0078282e-09
0.050441038,1.4127397e-05,0.00042807372,0.23818205,2.4233241e-05,9.5061985e-09
0.050505328,1.4080346e-05,0.00046283048,0.23941741,2.4183616e-05,9.9374598e-09
0.050569589,1.4089171e-05,0.00049518576,0.24540486,2.4177305e-05,8.1851441e-09
0.050633416,1.3770605e-05,0.00050648892,0.26487757,2.3530737e-05,8.6180782e-09
0.050691982,1.348884e-05,0.00050838662,0.27869304,2.2926705e-05,8.8538001e-09
0.050752887,1.3225712e-05,0.00050162402,0.29293491,2.2390572e-05,8.0113168e-09
0.050813277,1.3176756e-05,0.00048279672,0.29332737,2.2234949e-05,9.0785121e-09
0.050873715,1.3220825e-05,0.00044894731,0.282409,2.2311364e-05,7.9493851e-09
0.050934722,1.3480608e-05,0.00041467639,0.2642074,2.284985e-05,8.0775964e-09
0.050994324,1.3919479e-05,0.00038553703,0.27492138,2.3686336e-05,7.1141853e-09
0.051058823,1.3989807e-05,0.00034772616,0.30401866,2.3885565e-05,9.0077293e-09
0.051122068,1.3143258e-05,0.00029864238,0.33166816,2.239903e-05,7.3811004e-09
0.0511816,1.249946e-05,0.0002650096,0.34436631,2.1223746e-05,8.1911548e-09
0.051236477,1.2512749e-05,0.00024848539,0.33759129,2.1345124e-05,9.4559131e-09
0.05129711,1.3327829e-05,0.00024702623,0.30743631,2.303669e-05,8.179986e-09
0.051361204,1.3525186e-05,0.00023598882,0.32276115,2.3509123e-05,8.7910967e-09
0.051421889,1.2747409e-05,0.00021205859,0.33232768,2.2136068e-05,8.2344139e-09
0.05147875,1.2738764e-05,0.0002037486,0.35813329,2.211032e-05,7.8926685e-09
0.051536437,1.1755641e-05,0.00018140453,0.37490582,2.0318083e-05,9.1572596e-09
0.051590018,1.1113103e-05,0.00016633054,0.38539303,1.913554e-05,7.7658873e-09
0.051642068,1.1005307e-05,0.00016013121,0.37526422,1.8977943e-05,8.2011379e-09
0.051691615,1.1216822e-05,0.00015898411,0.36423643,1.9425009e-05,9.3381167e-09
0.051746032,1.1630347e-05,0.00016018354,0.35778066,2.024827e-05,7.8002734e-09
0.05180118,1.1509422e-05,0.00015480695,0.35686119,2.0060163e-05,8.7447476e-09
0.051855031,1.1237511e-05,0.00014843336,0.36002738,1.9549324e-05,7.7764491e-09
0.051908284,1.1071834e-05,0.00014404454,0.36541324,1.9226845e-05,8.1963189e-09
0.051957815,1.1084624e-05,0.00014244166,0.36095186,1.9229298e-05,9.5915194e-09
0.05201144,1.1470957e-05,0.00014567066,0.34997258,1.9955281e-05,8.2311475e-09
0.052067484,1.2144447e-05,0.00015248043,0.33685381,2.1161729e-05,7.8242944e-09
0.052126511,1.2794846e-05,0.00015892123,0.3299037,2.2230082e-05,9.8500966e-09
0.05218324,1.2924253e-05,0.00015911947,0.32545142,2.2291871e-05,7.422253e-09
0.052243675,1.3072303e-05,0.00015959805,0.31522314,2.2351789e-05,9.4480737e-09
0.052304739,1.336236e-05,0.00016221553,0.30922475,2.2634277e-05,1.0111486e-08
0.052366536,1.3574744e-05,0.00016469076,0.30700276,2.2763258e-05,9.4707384e-09
0.052425043,1.368005e-05,0.00016689011,0.31005765,2.2699716e-05,8.7269774e-09
0.052486384,1.3467074e-05,0.00016644236,0.31678717,2.2027336e-05,7.8701414e-09
0.052545725,1.3076652e-05,0.0001646495,0.32042699,2.106734e-05,9.8921937e-09
0.052603433,1.2940093e-05,0.00016651592,0.31809539,2.0548598e-05,8.8689772e-09
0.052660894,1.3209832e-05,0.00017417845,0.30947736,2.0740114e-05,8.5278105e-09
0.05271555,1.3179816e-05,0.00017819337,0.28730427,2.0525835e-05,7.6968461e-09
0.05277346,1.3325915e-05,0.0001844505,0.23209367,2.0693051e-05,9.6022809e-09
0.052831312,1.3307297e-05,0.00019046464,0.17658491,2.0478446e-05,7.9896718e-09
0.052889326,1.3496757e-05,0.00020109291,0.15572175,2.0473548e-05,9.0742292e-09
0.052944112,1.3546779e-05,0.00020860787,0.14813498,2.0314758e-05,8.1198306e-09
0.053002554,1.3766889e-05,0.00022047897,0.16362797,2.0319843e-05,9.418613e-09
0.053061412,1.3905188e-05,0.00023195026,0.16355784,2.0237089e-05,9.4482544e-09
0.053120554,1.3992441e-05,0.00024532494,0.17941213,1.9993407e-05,8.3454592e-09
0.053176653,1.4196755e-05,0.00026107011,0.20390231,1.9974716e-05,9.5845197e-09
0.053235299,1.3189737e-05,0.00025740103,0.28253301,1.8125589e-05,7.9640065e-09
0.053286773,1.1500371e-05,0.00023614191,0.32855966,1.5428035e-05,7.1352656e-09
0.053332579,1.051083e-05,0.00022837197,0.35381394,1.3798055e-05,1.0246409e-08
0.053372897,9.9710868e-06,0.0002293003,0.37454412,1.2874435e-05,9.0618746e-09
0.053413672,9.7808571e-06,0.00023834578,0.3804243,1.2522496e-05,7.7858246e-09
0.053456446,1.0931834e-05,0.00028095904,0.35188621,1.4142865e-05,7.7654617e-09
0.053507314,1.2028544e-05,0.00032741312,0.39363223,1.5607056e-05,8.7905063e-09
0.053558406,1.1658791e-05,0.00033891048,0.42423271,1.5024256e-05,1.0055973e-08
0.053606397,1.3291352e-05,0.00040504807,0.24883647,1.7282435e-05,1.1626419e-08
0.053656663,1.2628995e-05,0.00039764937,0.26094496,1.6416564e-05,1.0474371e-08
0.053706219,1.192959e-05,0.00039494946,0.25362321,1.5480645e-05,1.0984545e-08
0.053755342,1.1982986e-05,0.00040929407,0.2234426,1.5619188e-05,9.2823009e-09
0.053802027,1.0727186e-05,0.00037539087,0.2694639,1.4014509e-05,1.0830617e-08
0.053852939,1.1246803e-05,0.00040175448,0.34955429,1.4701706e-05,9.8149022e-09
0.053902656,1.1040467e-05,0.00039738041,0.34885138,1.4444455e-05,9.1340054e-09
0.053953149,1.1386553e-05,0.00040955017,0.35315699,1.5060461e-05,8.4534962e-09
0.054003461,1.4423232e-05,0.00051530082,0.258816,1.93062e-05,9.3284965e-09
0.054058096,1.2342236e-05,0.00043787044,0.28100727,1.664532e-05,7.3167239e-09
0.054113715,1.3818157e-05,0.00048491407,0.26661962,1.8667034e-05,9.1913445e-09
0.054170366,1.2837128e-05,0.00044333084,0.30611358,1.7422907e-05,9.6153143e-09
0.054225264,1.470551e-05,0.00050022205,0.26637872,2.0012769e-05,8.9567174e-09
0.05428249,1.3583851e-05,0.00045306924,0.31254641,1.8434089e-05,8.2353678e-09
0.054340934,1.3392903e-05,0.00043484098,0.34945139,1.8180585e-05,9.2588502e-09
0.054398402,1.4087191e-05,0.00044752689,0.32697009,1.9165482e-05,9.2410525e-09
0.054452021,1.1824172e-05,0.00036503765,0.42254192,1.5977637e-05,1.0302823e-08
0.054500623,1.0490506e-05,0.00031421716,0.45126838,1.4252638e-05,8.2961087e-09
0.054552216,1.2429162e-05,0.00036289745,0.26590867,1.7218945e-05,1.0711686e-08
0.05460499,1.3166205e-05,0.00037280783,0.4078629,1.8098535e-05,9.5493388e-09
0.054655314,1.0973195e-05,0.00029993451,0.2940992,1.5412255e-05,8.6325382e-09
0.054704333,1.3910785e-05,0.00036875704,0.19747124,1.9712301e-05,1.0185332e-08
0.05475956,1.4435389e-05,0.00037183461,0.3969139,2.0441135e-05,1.1233215e-08
0.054814509,1.2386752e-05,0.00030852963,0.28849125,1.7889511e-05,9.4102378e-09
0.054873078,1.4199829e-05,0.00034351341,0.27601483,2.0741238e-05,8.4688099e-09
0.054930556,1.4789727e-05,0.00034932773,0.29679974,2.1842433e-05,8.3756106e-09
0.054996393,1.5592584e-05,0.00035935601,0.28054011,2.3397079e-05,8.9423182e-09
0.055070747,1.7857977e-05,0.00040251671,0.21692954,2.7210115e-05,9.0128082e-09
0.055150838,1.8183844e-05,0.00039863146,0.092627427,2.8225383e-05,1.0097867e-08
0.05523214,1.8371404e-05,0.00039006445,0.0088473633,2.8891442e-05,7.8186263e-09
0.055309469,1.8547833e-05,0.00038325286,0.0078904276,2.9363173e-05,9.5555615e-09
0.055392578,1.8660061e-05,0.00037473367,0.0079274905,2.9809296e-05,9.8428013e-09
0.05547661,1.8723867e-05,0.00036466501,0.0077747674,3.0204961e-05,9.7404869e-09
0.055561511,1.8774711e-05,0.00035363041,0.0078747748,3.0640277e-05,8.165459e-09
0.055642298,1.8814361e-05,0.00034244042,0.0077195647,3.1052959e-05,9.9869518e-09
0.055729092,1.8880391e-05,0.00033048957,0.0074339013,3.1517325e-05,9.8772606e-09
0.055816976,1.8970028e-05,0.00031905003,0.0072975272,3.1996663e-05,8.057464e-09
0.055905922,1.9053235e-05,0.00030841901,0.0066686849,3.2490471e-05,8.8785465e-09
0.055990649,1.9180636e-05,0.00029957781,0.0065031714,3.2950473e-05,8.0356596e-09
0.056081825,1.9282639e-05,0.00029153687,0.0064509532,3.3451439e-05,7.7847229e-09
0.056174062,1.9354093e-05,0.0002839019,0.0063127769,3.3854165e-05,8.9934866e-09
0.05626742,1.9439983e-05,0.00027754767,0.0062988467,3.4320932e-05,9.4929084e-09
0.056356297,1.9541902e-05,0.00027235288,0.0055820506,3.4775511e-05,9.5034525e-09
0.056451872,1.966534e-05,0.00026777289,0.0057461284,3.5326907e-05,8.2976089e-09
0.056548795,1.9801803e-05,0.00026402777,0.0053003367,3.5922228e-05,9.4492268e-09
0.056647017,1.9944104e-05,0.00026086677,0.0054983585,3.6488912e-05,7.6659431e-09
0.056746788,2.0178383e-05,0.00025928416,0.005452323,3.7225968e-05,9.8012289e-09
0.056842097,2.0368004e-05,0.00025775512,0.0055083826,3.7810885e-05,9.4294372e-09
0.056945011,2.0691038e-05,0.0002582239,0.005688222,3.862177e-05,1.0539732e-08
0.0570497,2.0955684e-05,0.00025858066,0.0056141498,3.930892e-05,8.8926799e-09
0.057156175,2.1345721e-05,0.00026085699,0.0060737749,4.0157874e-05,6.96246e-09
0.057258352,2.1744916e-05,0.00026406915,0.0063832506,4.0941257e-05,1.095211e-08
0.057368786,2.2207888e-05,0.0002686716,0.0070558314,4.180892e-05,9.3041778e-09
0.057481633,2.2795236e-05,0.00027558923,0.0069367976,4.2855618e-05,1.0658068e-08
0.057596747,2.3420239e-05,0.0002832369,0.007137625,4.3768773e-05,9.3809376e-09
0.057707293,2.4228532e-05,0.00029289078,0.0078284022,4.4927317e-05,9.29436e-09
0.057827237,2.5093934e-05,0.00030333143,0.007980448,4.5980014e-05,1.0574328e-08
0.057949859,2.6231871e-05,0.00031722152,0.0088269597,4.741349e-05,9.3034133e-09
0.058075627,2.7405856e-05,0.00033177836,0.010228718,4.8851958e-05,9.880976e-09
0.058196693,2.8624178e-05,0.00034717833,0.010871775,5.0305981e-05,9.4132902e-09
0.058324029,2.6973396e-05,0.00032946957,0.010942318,4.6806514e-05,1.0368795e-08
0.058440375,2.5887818e-05,0.00031967952,0.010494606,4.4434433e-05,9.1742708e-09
0.058555055,2.6752328e-05,0.00033649821,0.011900472,4.5464727e-05,7.5484556e-09
0.058675734,2.9012312e-05,0.00038015312,0.012694897,4.8843783e-05,1.0033193e-08
0.058797524,3.1334816e-05,0.0004369967,0.014011954,5.2413069e-05,1.1491925e-08
0.058936791,3.4163322e-05,0.00052458586,0.091147314,5.6887142e-05,9.9860614e-09
0.059084651,3.4766308e-05,0.00061188139,0.023397342,5.8002743e-05,1.0486671e-08
0.059230985,3.384368e-05,0.00070155766,0.013273108,5.6487974e-05,9.0552034e-09
0.059368524,3.4216855e-05,0.00086119707,0.011973581,5.7000953e-05,1.0863981e-08
0.059517963,3.4821998e-05,0.001104064,0.33888655,5.7296058e-05,1.7757986e-08
0.059622115,1.9744726e-05,0.00070637686,0.26713313,3.2425519e-05,1.0256125e-08
0.059716874,2.3973577e-05,0.00089684511,0.15114598,3.9817227e-05,9.6849479e-09
0.059831702,2.8761858e-05,0.00097961158,0.15657554,4.7952976e-05,1.000405e-08
0.059973883,3.1371197e-05,0.0008452011,0.08175173,5.3101923e-05,1.0338604e-08
0.060113753,3.0207999e-05,0.0006644129,0.16419698,5.1669952e-05,1.0520537e-08
0.060222932,2.3831404e-05,0.00046914972,0.10622794,4.1309943e-05,9.8597309e-09
0.060337573,2.506737e-05,0.00044785326,0.074963979,4.401262e-05,8.5683635e-09
0.060459488,2.7925376e-05,0.00045969988,0.062616959,4.95656e-05,9.5455132e-09
0.060534067,1.7973428e-05,0.00028176809,0.013980328,3.1915733e-05,1.1233662e-08
0.060645621,2.2019648e-05,0.00033055067,0.33943584,3.9031812e-05,1.1471808e-08
0.060735638,1.2299736e-05,0.00017779657,0.35459976,2.1658874e-05,7.8364658e-09
0.060788358,1.042414e-05,0.00015213775,0.38724261,1.7728514e-05,1.0948695e-08
0.060832293,9.8434659e-06,0.00014766331,0.41205082,1.6377903e-05,8.4435416e-09
0.060881222,1.1927726e-05,0.00017908856,0.3403163,1.9738775e-05,8.5733396e-09
0.060928784,9.7857378e-06,0.00014320626,0.43501819,1.5937393e-05,8.6520922e-09
0.060969813,9.0907438e-06,0.00013112694,0.44591131,1.4360805e-05,7.4300646e-09
0.061007807,7.5225303e-06,0.0001085296,0.52964895,1.1323206e-05,8.8181814e-09
0.061038304,6.0917589e-06,8.7821181e-05,0.60248071,8.6151471e-06,7.1668479e-09
0.061064902,5.6722493e-06,8.1952202e-05,0.59623559,7.6396491e-06,8.7925749e-09
0.061087561,4.8873372e-06,7.1467087e-05,0.69131721,6.2178665e-06,9.6094907e-09
0.061107129,4.3856828e-06,6.5520119e-05,0.73809486,5.0015283e-06,9.9884349e-09
0.061124462,4.1442881e-06,6.391032e-05,0.74065172,4.2598019e-06,1.0785744e-08
0.061140277,3.5958251e-06,5.7012982e-05,0.76124959,3.4247698e-06,1.0303692e-08
0.06115521,3.4580134e-06,5.5567695e-05,0.78926364,3.0237905e-06,7.8012494e-09
0.061169162,3.6665632e-06,5.9171399e-05,0.7782408,3.1578453e-06,1.0513124e-08
0.061183946,3.4825517e-06,5.786166e-05,0.80198191,2.7580089e-06,7.9739534e-09
0.0611975,3.2539529e-06,5.438372e-05,0.81867244,2.3572929e-06,8.834509e-09
0.061210114,3.0842589e-06,5.152899e-05,0.82918403,2.0437969e-06,8.1528988e-09
0.061221237,2.9277114e-06,4.8615534e-05,0.83374201,1.7881563e-06,9.3201791e-09
0.061232463,2.8199609e-06,4.6303253e-05,0.83435614,1.6818178e-06,8.7635473e-09
0.061243327,2.7739991e-06,4.5034177e-05,0.83288293,1.511805e-06,7.2174015e-09
0.061253941,2.7105751e-06,4.3487169e-05,0.83487495,1.4357884e-06,8.8150111e-09
0.061263693,2.6619653e-06,4.2364071e-05,0.83850939,1.3217658e-06,7.7964239e-09
0.061273759,2.5997871e-06,4.112174e-05,0.84200801,1.2495638e-06,9.852502e-09
0.061283617,2.5566755e-06,3.9994582e-05,0.84291007,1.1668161e-06,7.4900624e-09
0.061293344,2.5279975e-06,3.8947018e-05,0.84352735,1.1463416e-06,9.0962763e-09
0.06130243,2.5038187e-06,3.8011072e-05,0.84527084,1.1373113e-06,9.5400003e-09
0.061312013,2.4795741e-06,3.7084522e-05,0.84699706,1.1469924e-06,8.6759266e-09
0.061321588,2.4720961e-06,3.6268833e-05,0.84742677,1.1916308e-06,9.876141e-09
0.061331209,2.4600708e-06,3.5409707e-05,0.84634706,1.2374834e-06,8.823235e-09
0.061340944,2.4686659e-06,3.4747942e-05,0.84310291,1.332749e-06,9.7917153e-09
0.061350286,2.4880232e-06,3.4110006e-05,0.83818651,1.4521954e-06,9.8446627e-09
0.06136051,2.5279782e-06,3.3638755e-05,0.83054343,1.5995868e-06,8.6112645e-09
0.061371263,2.62751e-06,3.375865e-05,0.81910656,1.8890213e-06,9.8341661e-09
0.061382908,2.7863631e-06,3.4472434e-05,0.81220653,2.2160804e-06,8.5553266e-09
0.061394838,3.0497814e-06,3.6878533e-05,0.77539281,2.807468e-06,1.0844126e-08
0.061410571,3.9423791e-06,4.7329313e-05,0.67924985,4.2636834e-06,1.1321646e-08
0.061430229,4.4354558e-06,5.5996682e-05,0.64251387,4.9081949e-06,1.2521011e-08
0.06144884,3.5727683e-06,4.4700135e-05,0.38669567,4.202052e-06,2.3097974e-08
0.061465959,2.9097801e-06,3.5398029e-05,0.67170116,3.2288744e-06,1.6233827e-08
0.061483365,2.732817e-06,3.3038599e-05,0.72923521,2.8527022e-06,1.3246624e-08
0.061500654,2.8054392e-06,3.4047266e-05,0.79757766,2.8121533e-06,1.1532773e-08
0.061518005,2.8249982e-06,3.3955663e-05,0.8199473,2.7491803e-06,1.1593664e-08
0.061535629,2.9075026e-06,3.461314e-05,0.80925563,2.818963e-06,1.0683688e-08
0.061552926,3.4302542e-06,4.0704461e-05,0.83121857,3.3611954e-06,1.2460634e-08
0.061571116,2.9589504e-06,3.4196083e-05,0.81924962,2.7809904e-06,1.0018974e-08
0.061589849,3.2069674e-06,3.5718003e-05,0.74183944,3.1566986e-06,9.1014613e-09
0.061609057,3.3550777e-06,3.6913313e-05,0.60979217,3.4269896e-06,1.2967313e-08
0.061628044,3.3111572e-06,3.490326e-05,0.74238685,3.222084e-06,9.3505685e-09
0.061648475,3.2846591e-06,3.4253673e-05,0.73548654,3.2414121e-06,9.2611193e-09
0.061669765,3.3279062e-06,3.4530847e-05,0.72726844,3.368519e-06,8.6001809e-09
0.061692285,3.0301542e-06,3.0861276e-05,0.78541606,3.0519682e-06,8.9969265e-09
0.061715963,8.2553863e-06,8.4265917e-05,0.096706664,1.0032104e-05,1.2349043e-08
0.061745415,5.2466853e-06,5.2863393e-05,0.49499168,6.4744237e-06,7.8106591e-09
0.06177082,6.5577908e-06,6.5278158e-05,0.59860842,7.9357374e-06,9.3740467e-09
0.061799476,7.8265465e-06,7.5685329e-05,0.55342049,9.5990491e-06,1.0221072e-08
0.061833543,9.1680443e-06,9.0326039e-05,0.23893466,1.1838807e-05,9.6297189e-09
0.061872693,9.4925375e-06,0.00010382752,0.021817053,1.3106601e-05,7.5674023e-09
0.06191543,1.0465919e-05,0.00012102257,0.025132165,1.4600511e-05,9.7188513e-09
0.06195968,1.0438933e-05,0.00012136628,0.02476535,1.4414715e-05,9.3115571e-09
0.062002056,1.0184268e-05,0.00012460486,0.023610312,1.4017843e-05,7.6635418e-09
0.062042539,1.0821132e-05,0.00014221138,0.023196494,1.499604e-05,1.0067768e-08
0.062089462,1.1851563e-05,0.00016468285,0.01954122,1.6256274e-05,8.0329995e-09
0.062136577,1.1308793e-05,0.00016323243,0.020368672,1.5430525e-05,6.8140427e-09
0.062181925,1.1259828e-05,0.00017531911,0.020671973,1.5270306e-05,9.3827464e-09
0.062227062,1.2419013e-05,0.00021040591,0.02038479,1.6772437e-05,9.3582859e-09
0.062278542,1.2854902e-05,0.00023011064,0.019973178,1.7178806e-05,1.0650468e-08
0.06232825,1.2064404e-05,0.00022982377,0.021300497,1.6086162e-05,9.5073217e-09
0.062377399,1.2802739e-05,0.00026898027,0.023057171,1.7045489e-05,8.2288046e-09
0.062427477,1.3879274e-05,0.00031586287,0.021099911,1.8319181e-05,7.4009677e-09
0.062481792,1.3333666e-05,0.00031997618,0.020583053,1.7555897e-05,9.8279717e-09
0.062532896,1.3102347e-05,0.00034338518,0.021939208,1.7274418e-05,8.81849e-09
0.062586223,1.3846375e-05,0.00039943964,0.019005087,1.828498e-05,9.9730366e-09
0.062639653,1.4783492e-05,0.00044214545,0.019242527,1.9359779e-05,1.0099037e-08
0.062694615,1.35457e-05,0.0004254373,0.020289693,1.7749396e-05,1.0188883e-08
0.062748235,1.4230885e-05,0.00047849151,0.01953517,1.8778173e-05,9.6350694e-09
0.062807898,1.5851175e-05,0.00054322272,0.020175551,2.0810575e-05,7.0029786e-09
0.062866193,1.4035292e-05,0.00048256755,0.021909823,1.8463065e-05,7.1962927e-09
0.062917077,1.4132939e-05,0.00048736604,0.019412227,1.8739588e-05,8.5609959e-09
0.062976688,1.6297867e-05,0.00055644135,0.020556225,2.1559147e-05,1.0991411e-08
0.063038615,1.4839438e-05,0.00050251863,0.022038852,1.9602385e-05,7.5970514e-09
0.063093765,1.409408e-05,0.00046965276,0.018676498,1.8671044e-05,7.2368666e-09
0.063149667,1.6424016e-05,0.00053650501,0.020942512,2.1850249e-05,9.9501093e-09
0.063214879,1.5750538e-05,0.00051243646,0.020204161,2.0879971e-05,1.0622096e-08
0.063271704,1.4132066e-05,0.00045023709,0.020542198,1.8772187e-05,7.8380812e-09
0.063331226,1.6454594e-05,0.00050820337,0.020354221,2.2037039e-05,1.1151109e-08
0.063395357,1.6607242e-05,0.00051203302,0.021016264,2.2130328e-05,1.0397147e-08
0.063454439,1.4206696e-05,0.00042878723,0.021114683,1.8910089e-05,9.8419394e-09
0.063514122,1.6426186e-05,0.00047483735,0.020190045,2.2086882e-05,1.0233859e-08
0.063584386,1.7284331e-05,0.00049894304,0.02241706,2.3146942e-05,9.8394481e-09
0.063645436,1.4394667e-05,0.00040631464,0.020585376,1.9166037e-05,9.6170772e-09
0.063702348,1.6505273e-05,0.00044384009,0.02015579,2.2135492e-05,8.0640789e-09
0.063773292,1.8210585e-05,0.00048912584,0.021571126,2.4347407e-05,1.1211982e-08
0.063837025,1.4665374e-05,0.00038891178,0.02052043,1.95219e-05,7.9002591e-09
0.063898761,1.6883994e-05,0.0004247982,0.022594908,2.2645936e-05,1.0000327e-08
0.063966149,1.7846128e-05,0.00044980659,0.019764637,2.3888297e-05,9.9001895e-09
0.064032691,1.4979046e-05,0.00037549778,0.018841512,1.9955167e-05,9.3648474e-09
0.064095787,1.6999879e-05,0.00040547368,0.021433856,2.2862314e-05,7.2646117e-09
0.064168518,1.7778004e-05,0.00042510245,0.017935739,2.3936789e-05,9.2753045e-09
0.064233366,1.5310882e-05,0.00036466078,0.017062124,2.0488971e-05,9.996968e-09
0.064298356,1.7207822e-05,0.00039104776,0.020393627,2.323494e-05,9.8050153e-09
0.064372702,1.7709576e-05,0.00040325122,0.018069655,2.3965203e-05,9.2910696e-09
0.064443861,1.5572017e-05,0.00035336102,0.016656012,2.096533e-05,9.3550051e-09
0.064507548,1.7619925e-05,0.00038305541,0.019103849,2.3904634e-05,1.0953226e-08
0.064584291,1.7992197e-05,0.00039237548,0.017368546,2.4485651e-05,1.0147175e-08
0.064658037,1.5959902e-05,0.00034659201,0.016254809,2.1653357e-05,7.5141736e-09
0.064729624,1.8572495e-05,0.00038658539,0.020558271,2.5473525e-05,1.0324146e-08
0.064809546,1.8866251e-05,0.00039552305,0.018236657,2.6002649e-05,1.0516194e-08
0.064881217,1.6417463e-05,0.00034037943,0.019425129,2.263489e-05,1.0382694e-08
0.064957579,1.9349581e-05,0.000385181,0.020540183,2.7018164e-05,8.5382639e-09
0.065041647,1.9816943e-05,0.00039679463,0.017762356,2.7833894e-05,1.0203727e-08
0.065119806,1.6998849e-05,0.00033291546,0.01726654,2.3980068e-05,9.7866682e-09
0.065197929,2.029546e-05,0.00038387389,0.020066204,2.8986831e-05,1.0424859e-08
0.065285735,1.9148974e-05,0.00036413342,0.018638824,2.7559202e-05,9.8397184e-09
0.06536699,1.8051755e-05,0.00033285613,0.016438491,2.6187979e-05,7.4429966e-09
0.065456986,1.9690938e-05,0.00035371772,0.019315435,2.8913002e-05,8.2432354e-09
0.065542983,1.8607813e-05,0.00033317928,0.01532533,2.7469564e-05,8.1275838e-09
0.065629569,1.9379166e-05,0.00033474239,0.01621377,2.8932299e-05,8.8301675e-09
0.065726728,2.0984234e-05,0.00035629664,0.015935487,3.1603983e-05,1.0315224e-08
0.065819951,1.8761997e-05,0.0003124399,0.015168263,2.8442453e-05,8.3464274e-09
0.06590959,2.1077047e-05,0.00033963528,0.016428635,3.2292391e-05,9.9329209e-09
0.066012682,2.0152681e-05,0.0003207047,0.015259328,3.1104658e-05,9.5338952e-09
0.066108924,2.0078073e-05,0.00031022065,0.014046528,3.1327594e-05,7.5246597e-09
0.066215032,2.1916952e-05,0.00033142295,0.013702568,3.4570688e-05,9.8539591e-09
0.066318265,2.0052637e-05,0.00029870259,0.013546393,3.2021432e-05,9.2589973e-09
0.066417772,2.2178637e-05,0.00032182042,0.013206548,3.5784481e-05,1.0364377e-08
0.066529714,2.1128472e-05,0.00030311307,0.013736435,3.437751e-05,8.4251198e-09
0.066637468,2.1938627e-05,0.00030775916,0.013149153,3.6050109e-05,9.0870534e-09
0.066754321,2.267643e-05,0.00031430561,0.013306848,3.7527905e-05,6.9113824e-09
0.066860735,2.2081213e-05,0.00030274107,0.012906698,3.6847424e-05,8.5400322e-09
0.066980184,2.3866626e-05,0.00032314692,0.014585001,4.0076632e-05,7.3271656e-09
0.067100368,2.309604e-05,0.00031023152,0.19506133,3.8709529e-05,1.1988423e-08
0.067211892,2.1148932e-05,0.00028310094,0.216919,3.5311641e-05,1.1075076e-08
0.067299657,1.7003083e-05,0.00022863571,0.20315811,2.8397964e-05,9.2053402e-09
0.067386176,1.6987906e-05,0.0002283442,0.18308963,2.8390406e-05,8.2225266e-09
0.067473023,1.7212075e-05,0.0002312495,0.18070327,2.877781e-05,8.477828e-09
0.067560444,1.7334929e-05,0.00023414166,0.18634711,2.8953209e-05,1.0494095e-08
0.067647115,1.7049397e-05,0.00023160761,0.20510535,2.8423054e-05,9.4234445e-09
0.067726052,1.6436797e-05,0.00022449445,0.22928548,2.7362424e-05,9.1078396e-09
0.067807447,1.621251e-05,0.00022335057,0.25033111,2.6924813e-05,8.737208e-09
0.067893666,1.8451462e-05,0.00025730461,0.20516701,3.056601e-05,9.5026695e-09
0.067994811,1.9575311e-05,0.00027858553,0.19020508,3.2356868e-05,8.8568799e-09
0.068085193,2.1263893e-05,0.00030987356,0.15126353,3.5049135e-05,9.6202949e-09
0.068190058,2.3555038e-05,0.00035269389,0.13991161,3.8562211e-05,1.1452245e-08
0.068305903,2.3962089e-05,0.00036924852,0.013105346,3.92001e-05,1.0058778e-08
0.068423073,2.468969e-05,0.00039531485,0.011866955,4.0236953e-05,1.0747055e-08
0.06853781,2.6142668e-05,0.00044060113,0.012642987,4.2428974e-05,7.1916086e-09
0.068665505,2.7038076e-05,0.00049848742,0.014123351,4.3841451e-05,1.0664328e-08
0.068794212,2.7102138e-05,0.00055660897,0.012124626,4.4028973e-05,1.1137116e-08
0.06892651,2.8374022e-05,0.00066130982,0.012386461,4.6255401e-05,8.4461157e-09
0.069055735,2.875321e-05,0.00078023235,0.020105175,4.7084438e-05,1.1034415e-08
0.069178078,1.9661254e-05,0.00062706571,0.10745782,3.2302077e-05,1.1309308e-08
0.069266725,1.8040248e-05,0.0006327368,0.11647144,2.9688371e-05,9.7972466e-09
0.069357968,1.9584739e-05,0.00074426272,0.12044306,3.2296439e-05,9.538097e-09
0.069461135,2.0540936e-05,0.00083735972,0.22862174,3.3866052e-05,8.0879843e-09
0.069547163,1.7324174e-05,0.00071214558,0.213558,2.8507989e-05,7.5580719e-09
0.069629211,1.5761755e-05,0.00060072162,0.24331226,2.5838032e-05,1.0377863e-08
0.069704039,1.4321166e-05,0.00049169522,0.24125187,2.3408632e-05,7.8150519e-09
0.069772505,1.3141468e-05,0.00040912857,0.26121833,2.1398868e-05,6.9166418e-09
0.06983274,1.233091e-05,0.00035335539,0.27774289,2.0012364e-05,9.1489772e-09
0.069893467,1.1802276e-05,0.00031274221,0.28968136,1.9118088e-05,7.0744024e-09
0.069952312,1.1435904e-05,0.00028248163,0.29956602,1.8516652e-05,8.6435149e-09
0.07000947,1.1031521e-05,0.00025643365,0.31276422,1.7847687e-05,9.9911502e-09
0.070062044,1.0852524e-05,0.00023996771,0.32184604,1.7570884e-05,8.1977557e-09
0.070116322,1.0360385e-05,0.00021884502,0.33400551,1.6749083e-05,8.9648355e-09
0.070168513,1.0022023e-05,0.00020401736,0.34892728,1.6169939e-05,7.0668659e-09
0.07021915,9.6235584e-06,0.00019036722,0.36803925,1.5454397e-05,9.4511835e-09
0.070264674,9.1265911e-06,0.00017646108,0.38352304,1.4587399e-05,6.9813859e-09
0.070310918,8.7489892e-06,0.00016571999,0.3930462,1.3922708e-05,9.0795403e-09
0.070355916,8.6402662e-06,0.00016044559,0.39876654,1.3733741e-05,6.9351203e-09
0.07040069,8.5999272e-06,0.00015662317,0.40120128,1.3659422e-05,8.1662526e-09
0.070445123,8.521423e-06,0.00015263658,0.40455218,1.3528333e-05,9.5389144e-09
0.070486703,8.5436702e-06,0.00015078379,0.40980217,1.3571314e-05,7.2478885e-09
0.070532607,9.2658158e-06,0.00015971095,0.39129802,1.4875563e-05,7.1841764e-09
0.070582976,9.9901441e-06,0.00016820672,0.38569929,1.6206197e-05,9.6928784e-09
0.070635607,1.0239561e-05,0.00016930511,0.38568951,1.6650218e-05,7.9119187e-09
0.070684793,1.0017767e-05,0.00016399521,0.38482907,1.6237175e-05,7.6388105e-09
0.070735984,9.894617e-06,0.00016087222,0.38271681,1.5938257e-05,8.5264608e-09
0.070786523,9.8470513e-06,0.00015926867,0.37981658,1.5762755e-05,9.969577e-09
0.070836752,9.8740131e-06,0.00015901843,0.37294856,1.5734018e-05,7.5930675e-09
0.07088433,1.0040877e-05,0.00016131166,0.36532534,1.5944295e-05,8.5052449e-09
0.070935834,1.0335622e-05,0.00016626065,0.35170948,1.6385251e-05,7.7278277e-09
0.070989014,1.0780165e-05,0.00017437432,0.33742228,1.7088979e-05,7.9580083e-09
0.071044565,1.1363155e-05,0.00018572571,0.31889402,1.799143e-05,7.0161716e-09
0.071102882,1.1995505e-05,0.00019960857,0.29966846,1.8949926e-05,7.5301158e-09
0.071159424,1.2056319e-05,0.0002051438,0.27022138,1.9016773e-05,7.9857788e-09
0.071218612,1.2016513e-05,0.0002096407,0.20561884,1.8967764e-05,9.6377463e-09
0.071277094,1.1919777e-05,0.00021594893,0.11546259,1.8745108e-05,8.9110327e-09
0.071335318,1.1983107e-05,0.00022404283,0.014790295,1.8750856e-05,8.9217761e-09
0.071389892,1.1991208e-05,0.00023277768,0.010465606,1.8569378e-05,8.1757035e-09
0.071447956,1.215173e-05,0.00024746801,0.010738804,1.8578736e-05,9.1778808e-09
0.071506075,1.2184781e-05,0.00026190184,0.010498704,1.8381118e-05,9.6228074e-09
0.071564474,1.2387767e-05,0.00028281599,0.010721835,1.8448588e-05,9.5718303e-09
0.071619686,1.2438457e-05,0.00030199154,0.012014667,1.8301464e-05,7.8327497e-09
0.071678653,1.2624974e-05,0.00032907202,0.0103933,1.8354717e-05,8.0553078e-09
0.071738091,1.276817e-05,0.00035834546,0.01176892,1.8336397e-05,8.1032789e-09
0.071797875,1.2875096e-05,0.00039050776,0.010258573,1.8275883e-05,8.0475183e-09
0.071854651,1.307578e-05,0.00042746346,0.010698035,1.8385773e-05,8.2814863e-09
0.071915433,1.3140754e-05,0.00046395526,0.012284893,1.8291066e-05,8.2207043e-09
0.071976706,1.33537e-05,0.00050409716,0.012407325,1.8433608e-05,7.9813247e-09
0.072038582,1.356948e-05,0.0005349652,0.30204976,1.8479595e-05,9.8331633e-09
0.072100207,1.3543408e-05,0.00053482347,0.29166478,1.831097e-05,7.8573113e-09
0.072159582,1.4056391e-05,0.00054796991,0.31302779,1.8871277e-05,8.3459101e-09
0.072218985,8.6755824e-06,0.00033456888,0.52565261,1.1351034e-05,7.7852475e-09
0.072270224,1.2457092e-05,0.00047737213,0.34077971,1.6581041e-05,9.6404697e-09
0.072330369,1.3460672e-05,0.00049433722,0.038403835,1.8198841e-05,8.2125213e-09
0.072390823,1.4623969e-05,0.00049987153,0.014217641,1.9872397e-05,9.8664459e-09
0.072458109,1.4693911e-05,0.00047871474,0.014143931,2.0050823e-05,9.6209301e-09
0.072523244,1.4282801e-05,0.00044398701,0.014436633,1.9604615e-05,9.773905e-09
0.072589453,1.4895674e-05,0.00043433754,0.015412662,2.0558117e-05,9.373047e-09
0.072654427,1.5230154e-05,0.00041778479,0.012392414,2.1034757e-05,8.8891842e-09
0.072722949,1.4993148e-05,0.00038806641,0.016883232,2.0786819e-05,8.0326506e-09
0.072792344,1.5538183e-05,0.00037823914,0.15693954,2.1545297e-05,7.5366907e-09
0.072864521,1.571899e-05,0.00036270452,0.19202937,2.1800703e-05,1.0267137e-08
0.072931414,1.5618286e-05,0.00034638728,0.2311948,2.1723929e-05,9.1020902e-09
0.073003442,1.6207461e-05,0.00034379807,0.25286639,2.2621603e-05,8.5838e-09
0.073077686,1.6288678e-05,0.00033186236,0.26095367,2.2748122e-05,9.3909337e-09
0.073151635,1.5502077e-05,0.00030939786,0.49031925,2.1489974e-05,1.2489379e-08
0.073217073,1.5852974e-05,0.00031049436,0.38743648,2.2176744e-05,1.0958988e-08
0.073272829,1.2238671e-05,0.00023731266,0.29971187,1.7130426e-05,7.6914208e-09
0.073342788,1.5706069e-05,0.00029543555,0.14760838,2.2300053e-05,1.0419281e-08
0.07341944,1.6737174e-05,0.00029513522,0.016599766,2.4113809e-05,9.991679e-09
0.073499507,1.6744772e-05,0.00028555914,0.0099952495,2.4275506e-05,8.7066523e-09
0.073573255,1.6456727e-05,0.00027232822,0.010298458,2.4058237e-05,8.0499338e-09
0.07365316,1.7092011e-05,0.00027342762,0.010575913,2.5184657e-05,9.6115104e-09
0.073735014,1.6847521e-05,0.00026394583,0.01117081,2.502443e-05,1.0125866e-08
0.073816035,1.6944798e-05,0.00025923662,0.011966129,2.5338403e-05,8.3795327e-09
0.073895054,1.7599146e-05,0.00026334139,0.10978153,2.6345102e-05,8.21444e-09
0.073979021,1.6998484e-05,0.0002497562,0.11109175,2.5536523e-05,9.9575371e-09
0.074062847,1.7519999e-05,0.00025162295,0.1218611,2.653021e-05,7.805472e-09
0.074149882,1.7580198e-05,0.00024859584,0.12252112,2.6774303e-05,9.8661839e-09
0.074235016,1.719853e-05,0.00023852583,0.148321,2.6301225e-05,8.9627075e-09
0.074317362,1.7985892e-05,0.00024476334,0.13660081,2.7687774e-05,8.6302835e-09
0.074406228,1.7404309e-05,0.00023304846,0.17373733,2.6919779e-05,7.8982673e-09
0.074493466,1.7901819e-05,0.00023496977,0.19677385,2.7672821e-05,8.3580852e-09
0.07458538,1.8729263e-05,0.00024288809,0.3606715,2.8518219e-05,1.2692331e-08
0.074658552,1.4421541e-05,0.00018951888,0.34452395,2.2215165e-05,8.7346686e-09
0.074730591,1.4798328e-05,0.00019596142,0.17223261,2.318938e-05,9.5675399e-09
0.074806994,1.2830513e-05,0.00016836956,0.35286651,1.9934365e-05,8.4226169e-09
0.074880343,1.4132965e-05,0.00018633402,0.21114056,2.2318473e-05,7.5947626e-09
0.074949665,1.4459196e-05,0.00018847064,0.26083069,2.2870724e-05,8.8991081e-09
0.075022914,1.3617733e-05,0.00017575747,0.30386855,2.1613494e-05,7.1170877e-09
0.075090493,1.185109e-05,0.00015241832,0.34949999,1.8781288e-05,6.8354052e-09
0.075147088,1.0053715e-05,0.00012898057,0.40182864,1.5738006e-05,1.0230873e-08
0.075191212,8.2689983e-06,0.00010629244,0.4693885,1.2669629e-05,1.0818119e-08
0.075227981,6.6799271e-06,8.7118164e-05,0.53578199,9.7948618e-06,6.3917379e-09
0.075259841,5.8335154e-06,7.6163987e-05,0.61124017,8.1837242e-06,8.5802118e-09
0.075288743,5.6881108e-06,7.4651742e-05,0.63994252,7.6662581e-06,7.8371644e-09
0.075320178,6.3586127e-06,8.3844802e-05,0.61788815,8.6497207e-06,7.5797278e-09
0.075351946,6.7309999e-06,8.8662863e-05,0.59176368,9.3320703e-06,9.1782963e-09
0.075390423,7.9859166e-06,0.00010437218,0.50312742,1.166803e-05,8.5928369e-09
0.075444604,1.2816668e-05,0.00016318993,0.32584184,2.0135224e-05,1.0604946e-08
0.075521103,1.4854924e-05,0.0001877179,0.23664846,2.3834213e-05,9.3667528e-09
0.075584445,1.2689278e-05,0.00015978168,0.31191859,2.026789e-05,8.6120525e-09
0.075652872,1.2121617e-05,0.00015176001,0.34064867,1.9481858e-05,7.4486353e-09
0.075717364,1.1353953e-05,0.00014229101,0.33294446,1.8384236e-05,7.1019809e-09
0.075778216,1.0971598e-05,0.00013771772,0.33456748,1.7802331e-05,7.9037242e-09
0.075829256,9.1117869e-06,0.0001147822,0.41920988,1.4639875e-05,6.4226359e-09
0.075871356,7.133769e-06,9.1164819e-05,0.5130573,1.1015007e-05,7.2411245e-09
0.075906959,6.3832001e-06,8.2133566e-05,0.54662111,9.4827921e-06,9.2916482e-09
0.075938515,5.6697307e-06,7.3115675e-05,0.60793352,8.1113036e-06,6.411886e-09
0.07596708,5.8953707e-06,7.6335977e-05,0.62907119,8.2554215e-06,8.545059e-09
0.075997572,5.8671117e-06,7.7135709e-05,0.59518777,8.2589573e-06,9.6212967e-09
0.076030696,6.7867316e-06,8.9155651e-05,0.51487929,1.004355e-05,7.5836135e-09
0.076073779,9.2986579e-06,0.00012004735,0.38761594,1.4683617e-05,9.121234e-09
0.076136291,1.3770918e-05,0.00017354363,0.28280338,2.263872e-05,9.484192e-09
0.076212717,1.4558595e-05,0.00018225201,0.2504144,2.4251126e-05,9.3056321e-09
0.07629737,1.5483021e-05,0.00019524344,0.23257616,2.5876301e-05,1.0501877e-08
0.076364388,9.9680162e-06,0.00012724064,0.39417291,1.6335492e-05,7.9909007e-09
0.076413184,8.1756812e-06,0.00010677995,0.45468839,1.2883608e-05,1.056852e-08
0.07644825,6.7832149e-06,9.0221899e-05,0.57763134,1.0098564e-05,7.0809092e-09
0.076479089,5.7229189e-06,7.8295548e-05,0.63255511,7.9062851e-06,7.3463645e-09
0.076506306,5.5508809e-06,7.8483307e-05,0.62288915,7.3757586e-06,8.2647566e-09
0.076534186,5.6230506e-06,7.991414e-05,0.62628672,7.430137e-06,9.2631311e-09
0.076560676,5.5579346e-06,8.024299e-05,0.62864857,7.2268962e-06,9.6696258e-09
0.076589152,5.9678717e-06,8.7288946e-05,0.62964188,7.6967237e-06,8.3155032e-09
0.076617318,5.7605193e-06,8.5016404e-05,0.66973872,7.2622485e-06,7.4747072e-09
0.076644941,5.6103322e-06,8.3692e-05,0.68879823,6.930779e-06,8.1824398e-09
0.076672549,5.7580182e-06,8.6852657e-05,0.68771103,7.0572739e-06,8.5177674e-09
0.076699168,5.938043e-06,9.0312177e-05,0.70688587,7.2016355e-06,9.2267472e-09
0.076727103,5.805553e-06,8.9835245e-05,0.73366253,6.8719129e-06,7.5245067e-09
0.076753512,5.4087806e-06,8.6102873e-05,0.74990807,6.2002473e-06,9.3387094e-09
0.076778453,5.3149643e-06,8.6082029e-05,0.7585203,5.922716e-06,7.7035711e-09
0.076801985,5.4260773e-06,8.834953e-05,0.75221508,6.1105189e-06,9.3133847e-09
0.076828472,5.8378475e-06,9.5183665e-05,0.72601475,6.853012e-06,7.4351252e-09
0.076856757,5.888736e-06,9.5292205e-05,0.70164218,7.1314606e-06,7.5298519e-09
0.076884461,5.5825696e-06,9.004436e-05,0.6958764,6.8319443e-06,8.6756059e-09
0.076908083,5.0428693e-06,8.32401e-05,0.72612487,5.896573e-06,8.5575265e-09
0.076930009,4.4039433e-06,7.5008762e-05,0.76085421,4.7735992e-06,9.8714952e-09
0.076950764,4.6585674e-06,8.1933469e-05,0.74405155,4.9161721e-06,9.0417867e-09
0.076973628,5.4209797e-06,9.67339e-05,0.67521317,6.1587198e-06,9.257663e-09
0.076997683,5.278448e-06,9.3176366e-05,0.7273571,5.9879605e-06,9.4977833e-09
0.077018479,3.8683821e-06,7.0262791e-05,0.8162424,3.9685846e-06,9.5594937e-09
0.07703154,3.0552452e-06,6.5198816e-05,0.73492754,3.32113e-06,1.652633e-08
0.07705035,6.3005807e-06,0.00010964696,0.60510172,7.9374296e-06,2.5383422e-08
0.077075626,5.8103876e-06,0.00010209185,0.59090608,7.1975939e-06,1.2795453e-08
0.077099707,5.2885993e-06,9.209295e-05,0.66210467,6.4617958e-06,9.9337467e-09
0.07712613,5.5217401e-06,9.6598654e-05,0.66468772,6.7460055e-06,8.9842585e-09
0.077152173,5.615656e-06,9.9904895e-05,0.65414975,6.7856758e-06,7.6394167e-09
0.077177975,5.5166296e-06,0.00010012572,0.65767539,6.5177955e-06,9.2662077e-09
0.077201966,5.3204368e-06,9.9887007e-05,0.69104816,6.0854873e-06,9.8317617e-09
0.07722553,4.9928693e-06,9.7946479e-05,0.72258525,5.3917719e-06,7.3567388e-09
0.077247441,4.6938658e-06,9.6192105e-05,0.74265153,4.7995345e-06,8.5124464e-09
0.077267915,4.4410905e-06,9.4787095e-05,0.76423101,4.2685579e-06,1.0212489e-08
0.077286082,4.2902545e-06,9.5232644e-05,0.77624214,3.9498209e-06,8.0264782e-09
0.077304557,4.159978e-06,9.6850075e-05,0.78178082,3.6723431e-06,9.757309e-09
0.077322594,4.1225119e-06,0.00010137654,0.78581303,3.5790263e-06,8.4816446e-09
0.07734102,4.3215235e-06,0.00010534672,0.7641496,4.0095119e-06,7.5190857e-09
0.077359303,4.4690691e-06,0.00010913106,0.75086444,4.3025e-06,9.5520475e-09
0.077379782,4.6594021e-06,0.00011382432,0.73589409,4.6911063e-06,9.5871963e-09
0.077401571,4.8748362e-06,0.00011872868,0.71200355,5.1727113e-06,7.0067248e-09
0.077425004,5.221378e-06,0.00012607054,0.68770084,5.8830193e-06,1.0164422e-08
0.077450222,5.5450738e-06,0.00013267091,0.65647158,6.5920702e-06,1.0247002e-08
0.077475759,5.8894289e-06,0.00013975756,0.62957556,7.3454801e-06,9.925066e-09
0.077504941,6.3160985e-06,0.00014897285,0.595402,8.2158805e-06,1.0427022e-08
0.077536363,6.7147909e-06,0.00015862427,0.56531965,9.0519869e-06,9.5549786e-09
0.077568697,6.7362023e-06,0.00016271239,0.56080055,9.1933119e-06,8.5153375e-09
0.077600628,7.1850937e-06,0.00017564108,0.52513014,1.0057141e-05,9.911462e-09
0.077636688,7.4873708e-06,0.00018769557,0.50126511,1.0632187e-05,7.5435408e-09
0.077674058,7.5646086e-06,0.00019623628,0.51233163,1.0781984e-05,7.0954804e-09
0.077712455,8.258211e-06,0.00022243636,0.47024422,1.1987585e-05,7.8711279e-09
0.077750848,8.3105585e-06,0.0002319715,0.47328103,1.2189686e-05,7.5693215e-09
0.077792343,8.2701602e-06,0.00024010301,0.46648533,1.2192076e-05,8.1393513e-09
0.077835246,8.9675248e-06,0.00027125668,0.43993166,1.335263e-05,8.6591726e-09
0.077878045,8.222525e-06,0.00026157256,0.4740951,1.2258918e-05,7.7105075e-09
0.077919647,8.0438565e-06,0.00027433764,0.47899157,1.2056039e-05,7.6199052e-09
0.077957169,7.6116308e-06,0.00027669314,0.50689535,1.1266492e-05,8.8916715e-09
0.077993787,7.2605857e-06,0.00028057366,0.53162046,1.0524275e-05,1.0474347e-08
0.078027602,6.5475155e-06,0.00026361709,0.57153762,9.2736649e-06,7.6760279e-09
0.078060686,6.5681504e-06,0.00027184076,0.54671812,9.2660132e-06,8.5731524e-09
0.078092947,6.6840193e-06,0.00027935641,0.54460096,9.4044866e-06,8.2752576e-09
0.078127724,7.1273241e-06,0.00029836373,0.52251395,1.003761e-05,8.7687763e-09
0.078163684,7.3711552e-06,0.00030425932,0.51401783,1.048521e-05,8.2466085e-09
0.078201625,7.6191894e-06,0.00030678388,0.51959444,1.1001834e-05,9.1683094e-09
0.078238733,8.173297e-06,0.00031956141,0.48744595,1.2030557e-05,8.7825678e-09
0.078280634,8.5581316e-06,0.00032221433,0.46218941,1.2846889e-05,7.5596555e-09
0.078325916,9.3144106e-06,0.00033449162,0.42608457,1.429532e-05,9.7239012e-09
0.078375153,9.9877788e-06,0.00033809561,0.39301002,1.5560465e-05,8.4827153e-09
0.078424298,1.0483161e-05,0.00033183755,0.37492587,1.6539177e-05,8.3340174e-09
0.078479965,1.11984e-05,0.00032865632,0.34548787,1.7894715e-05,8.8603802e-09
0.078538577,1.1589939e-05,0.00031374159,0.33067328,1.8693799e-05,8.9669305e-09
0.078598947,1.1790057e-05,0.0002934819,0.32135766,1.915208e-05,9.4134062e-09
0.078659715,1.17383e-05,0.00026885961,0.32101072,1.9173885e-05,8.8700215e-09
0.078716781,1.1646646e-05,0.00024763851,0.32179443,1.9119083e-05,8.3445162e-09
0.078777743,1.1739104e-05,0.00023256413,0.31620895,1.9392041e-05,9.0818601e-09
0.078839195,1.1864112e-05,0.00022094669,0.30918812,1.973728e-05,9.3304721e-09
0.078901852,1.2076598e-05,0.00021308459,0.30039752,2.0256431e-05,8.6507729e-09
0.078962193,1.2354474e-05,0.00020807806,0.29126196,2.0902333e-05,8.9992088e-09
0.079030251,1.3189415e-05,0.00021178572,0.27822535,2.2493791e-05,7.4612506e-09
0.079095077,1.16121e-05,0.00017741765,0.32586831,1.9806376e-05,7.7173978e-09
0.079155228,1.1180534e-05,0.00016373927,0.34044768,1.9004139e-05,9.4833403e-09
0.079209464,1.0744311e-05,0.00015233896,0.35694784,1.8223505e-05,8.1272332e-09
0.079265219,1.0418437e-05,0.00014325771,0.3700059,1.7631353e-05,9.6862343e-09
0.07931948,1.016826e-05,0.00013624101,0.3785312,1.7174789e-05,9.5549582e-09
0.07937255,9.9576537e-06,0.00013056058,0.38826144,1.6762206e-05,9.225805e-09
0.079421318,9.7635902e-06,0.00012580225,0.39650723,1.6352737e-05,8.8457084e-09
0.079471919,9.5475866e-06,0.00012119931,0.40461657,1.5893472e-05,9.3853136e-09
0.079521339,9.378485e-06,0.00011732717,0.41309459,1.5476149e-05,8.4604058e-09
0.079569596,9.2357406e-06,0.00011385821,0.42021202,1.5061127e-05,8.8655206e-09
0.079616868,9.112044e-06,0.00011072274,0.42696281,1.4651119e-05,8.5660358e-09
0.079660543,9.0440649e-06,0.00010866516,0.43174932,1.4351478e-05,9.8226213e-09
0.079707494,9.3802901e-06,0.00011242214,0.40732508,1.4874785e-05,8.5617514e-09
0.07975557,9.1634878e-06,0.00010971808,0.41955549,1.4403246e-05,9.3637903e-09
0.079803565,9.9215719e-06,0.00012001574,0.39968377,1.5544429e-05,7.1030658e-09
0.079848602,9.3107765e-06,0.00011364542,0.4146812,1.4422507e-05,8.9315998e-09
0.079896759,1.0190937e-05,0.00012693954,0.38530635,1.5729803e-05,9.2953573e-09
0.079945557,1.0527907e-05,0.00013383649,0.3904589,1.6087996e-05,8.6146292e-09
0.079994876,9.5686203e-06,0.00012442448,0.41224515,1.4435886e-05,8.2308847e-09
0.080042121,9.6987205e-06,0.00012942949,0.40679636,1.4504682e-05,8.2973953e-09
0.080092722,1.0199954e-05,0.00014045975,0.37946936,1.5160041e-05,7.1439077e-09
0.080143927,1.0998099e-05,0.00015605565,0.36229399,1.6159813e-05,8.5112339e-09
0.080195426,1.1246535e-05,0.00016434331,0.37048126,1.6272857e-05,1.0246906e-08
0.080246982,1.0210173e-05,0.00015354896,0.39205052,1.452004e-05,8.7339167e-09
0.080295693,1.0228592e-05,0.00015826739,0.39554082,1.4329905e-05,7.4047934e-09
0.080347135,1.0557269e-05,0.0001687403,0.37716376,1.4606131e-05,7.3736565e-09
0.080398559,1.1218811e-05,0.00018509522,0.365523,1.5295001e-05,7.366262e-09
0.080449703,1.1441407e-05,0.00019444886,0.37591279,1.5315631e-05,1.0292246e-08
0.080497332,1.1353385e-05,0.00019854781,0.38041243,1.4983212e-05,9.7892313e-09
0.080547436,1.0072371e-05,0.0001812763,0.40993761,1.3056274e-05,8.5812793e-09
0.080597517,1.0523392e-05,0.0001959919,0.38889321,1.3525356e-05,7.7485972e-09
0.080647685,1.1294238e-05,0.00021759813,0.37660124,1.4369264e-05,7.1685571e-09
0.080694683,1.131826e-05,0.00022506881,0.3764715,1.4274802e-05,9.5953952e-09
0.080744725,1.1371714e-05,0.0002338504,0.39020652,1.4199958e-05,8.2385555e-09
0.080794561,1.1298184e-05,0.00024088648,0.38441065,1.4032906e-05,9.3477568e-09
0.080844574,1.0918959e-05,0.00024126896,0.38860791,1.3495089e-05,8.0932846e-09
0.080892156,1.1501548e-05,0.00026349325,0.38090237,1.4185091e-05,9.86426e-09
0.080942482,1.1010546e-05,0.00026122788,0.38631098,1.3529258e-05,7.9506502e-09
0.080993076,1.0754389e-05,0.00026427799,0.39687026,1.3160851e-05,7.5949592e-09
0.081044102,1.1667694e-05,0.00029816979,0.37832757,1.4309485e-05,1.0157687e-08
0.081095103,1.1197656e-05,0.00029690797,0.38157307,1.3742899e-05,9.0964683e-09
0.081143128,1.0956986e-05,0.00030096152,0.38231085,1.3456773e-05,7.9904361e-09
0.081194692,1.1832749e-05,0.00033836176,0.36436574,1.4579627e-05,8.0515444e-09
0.081246563,1.1888022e-05,0.00035329709,0.37303655,1.4655441e-05,8.4502586e-09
0.081298355,1.0742948e-05,0.00033158453,0.39130215,1.3255978e-05,7.7592132e-09
0.081347947,1.0849119e-05,0.00034799152,0.38382511,1.3435213e-05,7.2720185e-09
0.081400988,1.1289846e-05,0.00037744165,0.35915228,1.407174e-05,7.935313e-09
0.081454273,1.2108289e-05,0.00042035708,0.33911371,1.5160275e-05,8.4007877e-09
0.081507556,1.2206917e-05,0.00043729452,0.34866053,1.5289457e-05,7.0343063e-09
0.081557266,1.213432e-05,0.00044587644,0.34809128,1.5238878e-05,9.6167131e-09
0.081609205,1.0638723e-05,0.0003982475,0.38178175,1.3332714e-05,8.2749499e-09
0.081660188,1.0758276e-05,0.00040924266,0.36993219,1.3533661e-05,8.5932473e-09
0.081710565,1.0556167e-05,0.00040508247,0.38490657,1.3269524e-05,7.7319226e-09
0.08175755,1.0781521e-05,0.00041682778,0.3730608,1.36111e-05,9.9349318e-09
0.081806853,1.031951e-05,0.00040018951,0.39222376,1.3033474e-05,8.9202158e-09
0.081855545,1.1371745e-05,0.0004425194,0.36317225,1.4436974e-05,8.1783552e-09
0.081903781,1.0371587e-05,0.00040299869,0.40167957,1.3144841e-05,7.9308799e-09
0.081950592,9.2804232e-06,0.00036098278,0.42513416,1.175255e-05,7.1627324e-09
0.081993648,1.0011533e-05,0.00038995086,0.39395439,1.2691399e-05,8.5420377e-09
0.082039553,9.7911909e-06,0.00038078394,0.40156718,1.2433659e-05,7.5772986e-09
0.082084393,9.5403302e-06,0.00037037975,0.41223832,1.2109025e-05,7.5357014e-09
0.082127933,9.181823e-06,0.00035565734,0.42744989,1.1610819e-05,1.0079016e-08
0.082167272,8.7962338e-06,0.00034024165,0.44469819,1.1052407e-05,1.0112685e-08
0.082207282,8.4074142e-06,0.00032480872,0.46436263,1.0457963e-05,1.0104858e-08
0.082245589,8.0701433e-06,0.00031172003,0.48251833,9.9260822e-06,9.7241579e-09
0.082282366,7.7809406e-06,0.00030068378,0.49901748,9.435668e-06,9.207304e-09
0.082315081,7.0317367e-06,0.00027149932,0.55193803,8.3570863e-06,9.0711867e-09
0.08234476,6.2951956e-06,0.00024388288,0.59318712,7.2336277e-06,9.6261164e-09
0.082373905,6.307308e-06,0.00024481186,0.59420483,7.1168402e-06,8.7505783e-09
0.082403494,6.5133452e-06,0.00025267735,0.58892989,7.3293673e-06,9.201872e-09
0.08243264,6.1731931e-06,0.00023955971,0.62356609,6.7191223e-06,7.745281e-09
0.08245854,5.9474147e-06,0.00023104146,0.64438212,6.2393705e-06,8.8305602e-09
0.082484525,5.6089208e-06,0.0002176727,0.66915949,5.6380467e-06,7.213078e-09
0.082509131,5.351777e-06,0.00020694435,0.69077226,5.2000112e-06,9.0910759e-09
0.082532605,5.1738714e-06,0.00019948098,0.70494038,4.8358413e-06,8.9086051e-09
0.082553824,5.0157171e-06,0.00019178632,0.72119188,4.5494329e-06,8.7423554e-09
0.082575652,4.8241663e-06,0.00018249493,0.7342926,4.1826404e-06,7.480519e-09
0.082596804,4.7877837e-06,0.00017870115,0.74285304,4.0161763e-06,1.0663157e-08
0.082617075,4.6317215e-06,0.00017025481,0.74918372,3.7661259e-06,8.6388896e-09
0.082635672,4.525529e-06,0.00016512786,0.75599877,3.5891124e-06,9.066263e-09
0.082655035,4.4611383e-06,0.00016201171,0.76060775,3.4508647e-06,9.4821341e-09
0.082674086,4.4038973e-06,0.00015904228,0.7642728,3.288052e-06,1.0039564e-08
0.082692843,4.3334129e-06,0.00015536558,0.76941292,3.1410032e-06,1.0064543e-08
0.082710141,4.2664102e-06,0.00015139587,0.77626634,3.0362489e-06,9.9799643e-09
0.082728093,4.1873953e-06,0.00014729504,0.78166417,2.8929465e-06,9.7594383e-09
0.082745707,4.1270785e-06,0.00014456261,0.78565171,2.7839773e-06,9.4633061e-09
0.082763058,4.0669529e-06,0.00014226913,0.78920904,2.6790823e-06,8.5403859e-09
0.082780208,4.0437279e-06,0.00014181271,0.791741,2.6084988e-06,7.4248857e-09
0.082796184,3.9991017e-06,0.00014107212,0.79238904,2.5563069e-06,9.3459099e-09
0.082812996,3.9626227e-06,0.00014010899,0.79477799,2.4835572e-06,7.842315e-09
0.082829682,3.9413909e-06,0.00014039372,0.79689578,2.4482899e-06,9.9056954e-09
0.082846202,3.9061672e-06,0.00014000037,0.79767353,2.3821452e-06,7.9768059e-09
0.082861716,3.8849782e-06,0.00014069477,0.79865144,2.3531313e-06,9.2287318e-09
0.08287809,3.8635491e-06,0.00014087938,0.79956855,2.320825e-06,7.3630347e-09
0.0828945,3.8557101e-06,0.00014329753,0.7974831,2.3403558e-06,7.922713e-09
0.082911057,3.8821357e-06,0.00014699181,0.79482732,2.399959e-06,9.3812788e-09
0.082926884,3.9151781e-06,0.00015128612,0.78610204,2.5696288e-06,7.9752674e-09
0.082944426,4.0405818e-06,0.00015901798,0.77035471,2.9238443e-06,8.3277849e-09
0.082963261,4.2520773e-06,0.0001672318,0.74499449,3.4800218e-06,1.0947538e-08
0.082983805,4.5464654e-06,0.00017324149,0.71004371,4.1290653e-06,8.2279949e-09
0.083005075,4.9224805e-06,0.00018081421,0.67502616,4.8507977e-06,7.560213e-09
0.083030071,5.3073575e-06,0.00018471252,0.63571889,5.6712192e-06,9.0250105e-09
0.083057773,5.7956849e-06,0.00018949897,0.59409292,6.6098999e-06,9.8263118e-09
0.083088207,6.2455713e-06,0.00019007854,0.55450168,7.4879683e-06,8.8859266e-09
0.083121426,6.7509796e-06,0.00019133689,0.51429889,8.4558798e-06,8.2256481e-09
0.083155395,7.3084549e-06,0.00019518871,0.4758958,9.48841e-06,9.3574866e-09
0.083193279,7.3901137e-06,0.00018750482,0.46771045,9.7582892e-06,7.1683454e-09
0.083232308,8.2213238e-06,0.00020063676,0.43435938,1.1087486e-05,7.6657741e-09
0.083272903,8.0079094e-06,0.00018750188,0.45212212,1.0944396e-05,1.0382814e-08
0.083311084,8.2492636e-06,0.00018902654,0.41754354,1.1429847e-05,8.2668828e-09
0.083353096,7.9937495e-06,0.0001773687,0.44391526,1.1194372e-05,8.9489933e-09
0.083395351,8.1517038e-06,0.0001767485,0.43019788,1.1554542e-05,8.0003628e-09
0.083438931,8.4762699e-06,0.00017924985,0.41921214,1.2173403e-05,9.7433768e-09
0.083480539,7.3707114e-06,0.00015232739,0.46367118,1.0670581e-05,7.0829008e-09
0.083524117,8.3085914e-06,0.00016898112,0.4146381,1.2213285e-05,9.2181618e-09
0.083567715,7.9865149e-06,0.00015940997,0.44669179,1.1739904e-05,9.5192476e-09
0.08360828,7.4942281e-06,0.00014848969,0.47332139,1.0974887e-05,8.3133765e-09
0.083646099,6.9504693e-06,0.00013729113,0.5044754,1.0098995e-05,7.0233535e-09
0.083681583,7.2672422e-06,0.00014225666,0.50067095,1.0631316e-05,7.5742879e-09
0.083719979,7.1790988e-06,0.0001393445,0.51083206,1.0626399e-05,8.8380001e-09
0.083762725,8.8935771e-06,0.00017085047,0.45146351,1.3505542e-05,9.9692639e-09
0.083815421,1.1179234e-05,0.00021024805,0.34868161,1.7594864e-05,1.0134003e-08
0.083882507,1.4756837e-05,0.00026806238,0.25264141,2.386996e-05,1.0055285e-08
0.08397492,1.7422511e-05,0.00030261267,0.089239867,2.9010652e-05,9.7236591e-09
0.084071908,1.7476621e-05,0.00028754999,0.006787483,2.9772702e-05,1.0302667e-08
0.084170251,1.756381e-05,0.00028022302,0.0066489568,3.0318107e-05,8.4195276e-09
0.084263874,1.7650348e-05,0.00027568524,0.0067971973,3.0829659e-05,8.05794e-09
0.084364919,1.7819259e-05,0.00027321306,0.0069684159,3.1507775e-05,1.0094134e-08
0.084467481,1.7912731e-05,0.00027022339,0.0068258298,3.2014137e-05,9.7573771e-09
0.084571689,1.8120219e-05,0.00026927042,0.006921663,3.2712878e-05,9.691722e-09
0.084671532,1.8265548e-05,0.00026826366,0.0068848912,3.3323033e-05,1.0010769e-08
0.08477928,1.847847e-05,0.00026821203,0.0065225857,3.4062345e-05,8.4347793e-09
0.084889309,1.8753572e-05,0.00026920016,0.0068772496,3.4930673e-05,9.4786697e-09
0.085001375,1.9030834e-05,0.00027023594,0.0067430117,3.5772085e-05,9.3885507e-09
0.085115981,1.9454277e-05,0.00027319183,0.0068835259,3.6782574e-05,7.5618363e-09
0.085225975,1.9795673e-05,0.00027512932,0.007305742,3.7586054e-05,9.7038667e-09
0.085345141,2.0359247e-05,0.00027933256,0.0075508695,3.8631067e-05,9.0744575e-09
0.085466886,2.0965666e-05,0.0002839212,0.0074899926,3.9667704e-05,8.2720922e-09
0.085591171,2.1665966e-05,0.00029012174,0.0079321141,4.0841306e-05,7.1350079e-09
0.085710808,2.2373271e-05,0.0002969005,0.0088841998,4.1969198e-05,1.2495127e-08
0.085840619,2.3186603e-05,0.00030633451,0.0091887692,4.3255743e-05,9.8321773e-09
0.085973802,2.408616e-05,0.00031887282,0.0099787343,4.4599715e-05,1.0866344e-08
0.086110331,2.5069734e-05,0.00033546013,0.012199708,4.6030561e-05,1.079296e-08
0.086242166,2.5526111e-05,0.00034785446,0.01294859,4.6439946e-05,9.7672876e-09
0.086374925,2.3668723e-05,0.00033206216,0.011455229,4.2706271e-05,7.8659275e-09
0.086499313,2.2742026e-05,0.00033109128,0.010959971,4.0729304e-05,6.9760934e-09
0.086620128,2.2614983e-05,0.00034368358,0.011156088,4.0280029e-05,9.8028535e-09
0.086734782,2.328376e-05,0.00037257797,0.011263618,4.1323872e-05,9.4132887e-09
0.086861176,2.4428197e-05,0.00042275566,0.011507232,4.3223647e-05,9.2013041e-09
0.086992895,2.5428194e-05,0.00049001587,0.011790903,4.5020964e-05,9.972416e-09
0.087130106,2.6548924e-05,0.00058677382,0.012984383,4.7175468e-05,1.0976706e-08
0.087272147,2.6941245e-05,0.00071451446,0.17630954,4.8038659e-05,1.1124803e-08
0.087362773,1.8103232e-05,0.00054990888,0.11958779,3.2431658e-05,8.9462992e-09
0.087449685,1.6438531e-05,0.00056819338,0.11432386,2.9558869e-05,7.7668886e-09
0.087541188,1.7302137e-05,0.00066840654,0.11004358,3.1237051e-05,9.4751318e-09
0.087641862,1.8908936e-05,0.00081015632,0.26412172,3.4084186e-05,7.693649e-09
0.087728419,1.5233364e-05,0.00068353586,0.24160723,2.7298486e-05,7.8542652e-09
0.0878053,1.3277186e-05,0.00058677456,0.23124159,2.3615352e-05,8.0620834e-09
0.087874464,1.200396e-05,0.00049223461,0.24185518,2.1215281e-05,9.965463e-09
0.087938403,1.1190717e-05,0.0004175602,0.268502,1.9700275e-05,8.7823946e-09
0.087994757,1.0514478e-05,0.00035985524,0.29342156,1.843001e-05,7.3335279e-09
0.088051176,9.7909505e-06,0.00030758131,0.31515031,1.7112284e-05,8.1227661e-09
0.088103803,9.0880503e-06,0.00026503748,0.33674999,1.5788432e-05,9.9566515e-09
0.088153774,8.6996228e-06,0.00023789145,0.35190198,1.5090658e-05,7.0234097e-09
0.088201759,8.331048e-06,0.00021517787,0.36349721,1.4392336e-05,7.7385682e-09
0.088245108,7.9735762e-06,0.00019673438,0.37888063,1.370438e-05,9.4674264e-09
0.088289603,7.7769449e-06,0.00018388458,0.39190664,1.3332978e-05,7.1726933e-09
0.088333182,7.5701365e-06,0.00017226743,0.40156187,1.2947393e-05,7.3729054e-09
0.088375523,7.319377e-06,0.00016110545,0.41372065,1.2457133e-05,8.1223562e-09
0.088414081,7.0672323e-06,0.00015147385,0.42636794,1.1950895e-05,9.0682361e-09
0.088453581,6.8209856e-06,0.0001428202,0.44004381,1.1449792e-05,7.0730588e-09
0.088492337,6.7133566e-06,0.00013755498,0.4477726,1.1244793e-05,7.1659809e-09
0.088530175,6.5182545e-06,0.00013106411,0.45963374,1.0851702e-05,7.3068783e-09
0.088564748,6.3107624e-06,0.00012498839,0.47019882,1.0419039e-05,8.0480717e-09
0.088600195,6.0665445e-06,0.00011862629,0.48165935,9.9012183e-06,9.1613795e-09
0.08863429,5.920362e-06,0.0001145721,0.49476956,9.5627167e-06,7.1505489e-09
0.088667773,5.7832464e-06,0.00011081785,0.50134066,9.2844618e-06,7.2376236e-09
0.088698581,5.6603737e-06,0.00010761372,0.50725624,9.0081991e-06,7.3235644e-09
0.088730476,5.5055945e-06,0.00010402891,0.51425912,8.6637686e-06,7.8835108e-09
0.088761442,5.3521176e-06,0.0001007373,0.52054346,8.3106681e-06,8.9431927e-09
0.088791509,5.2052566e-06,9.7733081e-05,0.52782085,7.9715731e-06,8.9613697e-09
0.088821471,5.2457691e-06,9.8063145e-05,0.52773801,8.0308926e-06,7.672652e-09
0.088849562,5.245328e-06,9.7651195e-05,0.52894561,7.9891261e-06,7.9922296e-09
0.088879598,5.3047345e-06,9.7605741e-05,0.52423196,8.1405311e-06,9.5711048e-09
0.088911425,6.0211499e-06,0.00010894054,0.49824935,9.5547488e-06,7.9885623e-09
0.088947121,6.5704578e-06,0.00011675709,0.49569398,1.0612062e-05,6.7664355e-09
0.08898155,6.464677e-06,0.0001134852,0.49972711,1.0424238e-05,7.4821509e-09
0.089016655,6.1844445e-06,0.00010776128,0.50142981,9.8740754e-06,8.3192272e-09
0.089050454,6.059923e-06,0.00010539904,0.49988501,9.569158e-06,8.7803589e-09
0.089083805,6.033292e-06,0.00010506667,0.49702892,9.4522836e-06,9.6412143e-09
0.08911534,6.1826225e-06,0.00010807962,0.49458416,9.6719591e-06,7.4516545e-09
0.089149444,6.2909912e-06,0.00011050828,0.48814385,9.8279091e-06,8.4356322e-09
0.089183965,6.3814816e-06,0.00011296333,0.48356375,9.9550051e-06,9.5171775e-09
0.089218891,6.5195949e-06,0.00011664976,0.475701,1.0168529e-05,7.1976171e-09
0.089252349,6.6566251e-06,0.00012063067,0.46803228,1.0382077e-05,7.7144921e-09
0.089288626,6.8323682e-06,0.000125823,0.45788712,1.0656972e-05,9.0489503e-09
0.0893259,7.0580377e-06,0.00013244407,0.44503186,1.1015302e-05,7.3674031e-09
0.089364546,7.4041655e-06,0.00014201965,0.42985191,1.1575248e-05,8.8778763e-09
0.089404905,7.774112e-06,0.00015287582,0.41290006,1.2165075e-05,7.8477966e-09
0.089444774,8.22464e-06,0.00016601351,0.39574838,1.2882571e-05,1.0022228e-08
0.089489274,8.7017932e-06,0.00018118971,0.37721905,1.3615059e-05,9.432649e-09
0.089536135,9.1720973e-06,0.00019784049,0.35945429,1.4295244e-05,8.7463783e-09
0.089585398,9.6246395e-06,0.00021619458,0.34351041,1.4914936e-05,8.0684405e-09
0.089633363,1.0007381e-05,0.00023453222,0.33182813,1.5400185e-05,6.9752318e-09
0.089686397,1.05706e-05,0.00026097865,0.3159202,1.6134895e-05,1.0080335e-08
0.089741976,1.1130085e-05,0.00029125137,0.30403299,1.6821251e-05,9.2249484e-09
0.089798972,1.1248652e-05,0.00031275906,0.26793929,1.6902399e-05,9.5378999e-09
0.089853016,1.1383328e-05,0.00033503223,0.20550856,1.7071126e-05,9.8372909e-09
0.089910751,1.1461626e-05,0.00036407819,0.15096647,1.708076e-05,9.6225101e-09
0.089969009,1.1667418e-05,0.00039764509,0.11379172,1.7266359e-05,7.4996333e-09
0.090027677,1.1696643e-05,0.00042534932,0.017280745,1.7230884e-05,9.7662968e-09
0.09008683,1.1923205e-05,0.000462739,0.011504753,1.742781e-05,9.5103031e-09
0.090143014,1.2062065e-05,0.00049284069,0.01297564,1.7528953e-05,6.8965108e-09
0.090203147,1.2133387e-05,0.00051113184,0.011494842,1.7534814e-05,7.9150847e-09
0.090263895,1.2356159e-05,0.00052058737,0.012327332,1.7773276e-05,9.6983289e-09
0.09032523,1.244064e-05,0.00051557082,0.01688068,1.7844202e-05,8.8133022e-09
0.090383639,1.2741655e-05,0.00051349458,0.23331988,1.813819e-05,8.7423605e-09
0.090445426,1.2680109e-05,0.00049740509,0.27051089,1.7942516e-05,9.3328965e-09
0.09050695,8.9340553e-06,0.00034116253,0.58840837,1.2266041e-05,9.3327031e-09
0.090556056,1.0502119e-05,0.00040145747,0.33744824,1.4733815e-05,1.0853862e-08
0.090608099,1.21521e-05,0.00045422467,0.17788532,1.7224499e-05,1.0469977e-08
0.090669648,1.312007e-05,0.00043901748,0.020048789,1.888824e-05,8.432858e-09
0.090736762,1.405861e-05,0.00043407928,0.016883858,2.026897e-05,8.3412742e-09
0.090803014,1.3256686e-05,0.00039151813,0.016125385,1.9259901e-05,9.0926534e-09
0.090863622,1.349929e-05,0.00037247031,0.015150473,1.974762e-05,8.4468915e-09
0.090932131,1.4556259e-05,0.00037518576,0.014489433,2.1383978e-05,1.0123429e-08
0.09100184,1.3953509e-05,0.00034140979,0.015865695,2.0564327e-05,7.7901937e-09
0.091069624,1.4107036e-05,0.00032572646,0.03355213,2.0908637e-05,9.3053317e-09
0.091141069,1.5027066e-05,0.00032923113,0.18234273,2.2245592e-05,9.2641819e-09
0.091208998,1.4595909e-05,0.00031168858,0.23340483,2.1672043e-05,9.0817521e-09
0.09127928,1.4569981e-05,0.00029773184,0.18589533,2.1774653e-05,8.1915062e-09
0.09135293,1.558566e-05,0.00030712428,0.23195085,2.3297872e-05,1.0041991e-08
0.09142752,1.4782585e-05,0.00028361601,0.24580046,2.22343e-05,8.9108134e-09
0.091495812,1.4813398e-05,0.00027546048,0.20035022,2.2492633e-05,9.1463442e-09
0.091571646,1.5730816e-05,0.00028391106,0.22233442,2.394085e-05,1.0838526e-08
0.091649312,1.5187019e-05,0.00026861748,0.27720666,2.3190978e-05,8.3463999e-09
0.09171525,1.1657516e-05,0.00020764745,0.45982684,1.7533938e-05,7.5893588e-09
0.091772559,1.3184526e-05,0.00023305222,0.28502174,2.0065642e-05,9.8266763e-09
0.091844513,1.3787136e-05,0.00023933881,0.27325262,2.1084585e-05,9.0165757e-09
0.091915365,1.4514848e-05,0.00024960207,0.23423428,2.2454683e-05,9.4459966e-09
0.091991397,1.4409315e-05,0.00024368131,0.24958726,2.24863e-05,8.9501004e-09
0.092063042,1.4812094e-05,0.00024470713,0.23812529,2.3371797e-05,8.4473947e-09
0.092142373,1.5440325e-05,0.00024837973,0.24150979,2.4628186e-05,9.9868091e-09
0.092222667,1.5008397e-05,0.0002369928,0.32423932,2.3997262e-05,9.0405087e-09
0.092297209,1.4626904e-05,0.00022733736,0.29798547,2.3557127e-05,8.4178396e-09
0.092379278,1.5861445e-05,0.00024061757,0.26738456,2.5869097e-05,9.360996e-09
0.092460106,1.5980913e-05,0.00023561574,0.10637482,2.6353313e-05,8.9186634e-09
0.092545889,1.5961277e-05,0.00023035131,0.12257127,2.6513873e-05,7.0746666e-09
0.092633768,1.6330495e-05,0.00023148872,0.13877275,2.7285504e-05,8.8751747e-09
0.092721653,1.5968866e-05,0.00022219436,0.15324443,2.6866714e-05,9.9066706e-09
0.092805166,1.6474548e-05,0.0002243712,0.14300207,2.7916494e-05,1.0154423e-08
0.092896688,1.655468e-05,0.00021867421,0.2484331,2.7844889e-05,8.9979956e-09
0.092986511,1.6494134e-05,0.00021200727,0.28602341,2.7748417e-05,9.0389184e-09
0.093074856,1.6198898e-05,0.00020393708,0.29331936,2.7221569e-05,1.0714817e-08
0.093156456,1.6020721e-05,0.00019929995,0.26687494,2.7012466e-05,8.4543506e-09
0.093239321,1.7088775e-05,0.00021027241,0.36683294,2.8835903e-05,1.030494e-08
0.093311906,1.0705319e-05,0.00013235499,0.46922291,1.7964837e-05,8.6071545e-09
0.093378218,1.6607524e-05,0.00020954276,0.061074187,2.9295151e-05,1.1119745e-08
0.093473846,1.6837122e-05,0.0002125268,0.01207212,3.0415253e-05,9.2490537e-09
0.09356796,1.7223672e-05,0.00021773141,0.010541074,3.1408026e-05,8.3251925e-09
0.09366669,1.6829163e-05,0.00021285781,0.010226621,3.0963708e-05,9.3080633e-09
0.09376839,1.7726187e-05,0.00022395455,0.0096918059,3.2863897e-05,7.7967043e-09
0.09387191,1.7273484e-05,0.00021969635,0.010294717,3.2240228e-05,9.7219945e-09
0.093969418,1.7992604e-05,0.00022933341,0.011661014,3.3782545e-05,9.9502262e-09
0.094077755,1.8328431e-05,0.00023430818,0.20809522,3.4347207e-05,1.1769309e-08
0.094154749,1.3148755e-05,0.0001667511,0.23846461,2.4355284e-05,9.6158395e-09
0.094225551,1.1780846e-05,0.0001496256,0.2861393,2.1727073e-05,9.8500221e-09
0.094286652,1.0099975e-05,0.00012890128,0.36261474,1.8408924e-05,7.4497526e-09
0.09433676,6.9674829e-06,8.8761629e-05,0.54123609,1.2255029e-05,8.0106344e-09
0.094366333,4.1462141e-06,5.0889153e-05,0.72874838,6.5438502e-06,1.0280639e-08
0.094388847,4.9459769e-06,5.9868049e-05,0.57707037,8.0015913e-06,1.3168643e-08
0.094419508,5.4725304e-06,6.8936724e-05,0.58614132,9.2279283e-06,8.5992475e-09
0.094451622,6.32685e-06,7.9199718e-05,0.49102001,1.0773081e-05,1.2544858e-08
0.094490825,7.0218943e-06,8.8909233e-05,0.46068289,1.2309576e-05,8.6052001e-09
0.094536316,8.6504591e-06,0.00011044221,0.3837295,1.5489497e-05,7.6937066e-09
0.094588866,9.8458316e-06,0.00012678145,0.33736087,1.7831877e-05,1.0410052e-08
0.094643452,1.0537985e-05,0.00013665072,0.31544349,1.9089174e-05,9.9421109e-09
0.094703953,1.1034697e-05,0.00014378269,0.30191791,1.9962793e-05,9.4230787e-09
0.094766889,1.150568e-05,0.00015096633,0.28952712,2.0765101e-05,1.0153714e-08
0.094829235,1.1089764e-05,0.0001466649,0.30471286,1.9856233e-05,7.7588471e-09
0.094884982,1.0705269e-05,0.00014229205,0.31939676,1.8987044e-05,7.3881855e-09
0.094942584,1.0671982e-05,0.0001427994,0.31994504,1.8841316e-05,7.9304697e-09
0.095001318,1.1321992e-05,0.00015281659,0.29854255,2.0016822e-05,9.7931376e-09
0.095063149,1.181628e-05,0.00016126943,0.28861015,2.0844231e-05,7.9314416e-09
0.09511881,1.0245305e-05,0.00014041928,0.38629254,1.7834498e-05,9.5111731e-09
0.095168098,9.1711499e-06,0.00012495369,0.42079051,1.5542842e-05,9.1246704e-09
0.095220706,1.1994471e-05,0.00016551134,0.27965438,2.0770718e-05,1.0691707e-08
0.095307104,1.9187635e-05,0.00027493866,0.25785774,3.3553519e-05,1.0212323e-08
0.095397834,1.3926897e-05,0.00020782929,0.42171096,2.4106646e-05,1.048741e-08
0.095476555,1.2557058e-05,0.00019682766,0.4158721,2.1524485e-05,8.5487038e-09
0.095548428,1.2680918e-05,0.00020681506,0.22252202,2.1786975e-05,1.1465191e-08
0.095617936,1.4683473e-05,0.00025122687,0.31980846,2.5064257e-05,9.8295153e-09
0.09568094,1.4247051e-05,0.00025540679,0.16665029,2.4377904e-05,1.0578952e-08
0.09574224,1.2287659e-05,0.0002358867,0.28888878,2.1008029e-05,8.8778926e-09
0.095803039,1.2052398e-05,0.00024861168,0.24083702,2.0609347e-05,8.6682392e-09
0.095874435,1.4658098e-05,0.00033188008,0.28635729,2.5172894e-05,9.0969789e-09
0.095943162,1.2406266e-05,0.00029866616,0.41986567,2.0651006e-05,1.1001912e-08
0.096002039,1.5396663e-05,0.00040329997,0.39043302,2.5570141e-05,1.4749699e-08
0.096058718,1.1435277e-05,0.00032586441,0.47904186,1.8855831e-05,1.0711635e-08
0.09611384,1.0240724e-05,0.00032253981,0.3937936,1.7367096e-05,1.0080533e-08
0.096173433,1.2591666e-05,0.00044057779,0.24676541,2.1839891e-05,1.002269e-08
0.096233977,1.2325604e-05,0.00047331316,0.24453337,2.1479781e-05,9.5088302e-09
0.096306089,1.4202537e-05,0.00059884359,0.30263419,2.4742691e-05,9.3551052e-09
0.096374827,1.3608549e-05,0.00060744359,0.24731715,2.3491806e-05,7.857598e-09
0.096440643,1.3412383e-05,0.00059533247,0.20491623,2.3234848e-05,8.2513707e-09
0.096509797,1.108029e-05,0.00044692889,0.33886161,1.8997807e-05,9.465814e-09
0.096567238,8.9021542e-06,0.00033046067,0.40690964,1.5015552e-05,9.4286078e-09
0.096620637,7.5862302e-06,0.00026113905,0.42563546,1.2725731e-05,8.9657956e-09
0.096675174,7.4657609e-06,0.00023295595,0.4983838,1.2630072e-05,8.2980658e-09
0.096729548,8.0703542e-06,0.00022984673,0.38570529,1.3720385e-05,8.1471316e-09
0.096781425,9.8385144e-06,0.0002561286,0.33337944,1.6971849e-05,9.5624978e-09
0.09684019,1.1467172e-05,0.00027374119,0.25663214,2.0305151e-05,7.4974852e-09
0.096900002,1.2391896e-05,0.00027497606,0.27454181,2.2088796e-05,1.0396177e-08
0.096965609,1.1601467e-05,0.00023982845,0.32894234,2.0547904e-05,7.7221664e-09
0.097023905,1.0705836e-05,0.00020494397,0.33116614,1.9010077e-05,8.468073e-09
0.097082149,1.1276518e-05,0.00020214124,0.2366824,2.018855e-05,8.2150168e-09
0.097147644,1.4312386e-05,0.00024205417,0.27541204,2.5696278e-05,9.8813748e-09
0.097215224,1.0272722e-05,0.00017066435,0.39516091,1.7876937e-05,7.7165282e-09
0.09726741,1.1085841e-05,0.00018062916,0.2439147,1.9495689e-05,1.3395944e-08
0.097320538,1.1660688e-05,0.00018334321,0.11343133,2.0834669e-05,1.0835914e-08
0.097371537,1.1174903e-05,0.00017343446,0.067130217,1.9964169e-05,1.0248576e-08
0.097425247,8.1283676e-06,0.0001228702,0.11418853,1.4386212e-05,1.1704171e-08
0.097487787,8.6487812e-06,0.00012625676,0.29999341,1.5303348e-05,8.1561922e-09
0.097544696,1.2592756e-05,0.00018397098,0.32617783,2.2443773e-05,1.1429169e-08
0.097600222,1.0100437e-05,0.0001479442,0.34063989,1.8028652e-05,1.0884818e-08
0.097656026,1.1285267e-05,0.0001605504,0.34121189,2.0320494e-05,9.7298028e-09
0.097711218,1.0385648e-05,0.00014556263,0.36791815,1.8368189e-05,9.729941e-09
0.097758652,6.7391344e-06,9.2421182e-05,0.49210596,1.1616683e-05,7.6381852e-09
0.097803815,8.1060326e-06,0.00010689507,0.18287985,1.3981639e-05,1.1688811e-08
0.097847232,1.0295418e-05,0.00013344471,0.11730751,1.7786384e-05,1.0021733e-08
0.097892515,7.425645e-06,9.2399174e-05,0.12081819,1.2721695e-05,9.2233627e-09
0.097942789,1.4038379e-05,0.00017529437,0.22560121,2.457182e-05,1.04301e-08
0.097992186,1.1862722e-05,0.00014936444,0.14985978,2.0547777e-05,9.8609119e-09
0.098039553,7.4758781e-06,9.6154371e-05,0.36372271,1.2668236e-05,7.2013712e-09
0.098090365,1.1835079e-05,0.00015492981,0.24500202,2.0178816e-05,8.9862688e-09
0.098138045,1.2392631e-05,0.0001640063,0.18195382,2.1067419e-05,1.1100726e-08
0.098190894,1.1861928e-05,0.00015809696,0.21621177,1.9994616e-05,1.0964433e-08
0.098249852,1.2519197e-05,0.00017162102,0.1032564,2.1163453e-05,9.472289e-09
0.098308586,1.2307646e-05,0.00016997043,0.014880557,2.081633e-05,7.7293956e-09
0.098366309,1.2235781e-05,0.00017196945,0.012883402,2.0496938e-05,6.6320065e-09
0.098419816,1.2104466e-05,0.00017463435,0.013573034,2.004769e-05,8.4587991e-09
0.09847642,1.2176254e-05,0.00018167724,0.012562115,1.9877335e-05,9.8477455e-09
0.098533446,1.2352724e-05,0.00019107086,0.014124359,1.983508e-05,8.7760743e-09
0.09859063,1.2359211e-05,0.00019898444,0.015115142,1.9542592e-05,9.2776909e-09
0.098644728,1.2586447e-05,0.00021121266,0.014348778,1.9632036e-05,8.2051703e-09
0.098702727,1.2737967e-05,0.000223213,0.014476503,1.9620651e-05,9.9793779e-09
0.098761069,1.2780717e-05,0.00023290747,0.013271074,1.9490253e-05,8.3558816e-09
0.098819919,1.3030641e-05,0.0002464993,0.014281859,1.968349e-05,7.8540632e-09
0.098875845,1.3152694e-05,0.00025793756,0.015660161,1.9722761e-05,7.2014671e-09
0.098935728,1.320191e-05,0.00026913999,0.013876392,1.968203e-05,9.5530613e-09
0.098996157,1.3407395e-05,0.00028479457,0.014746919,1.9882151e-05,9.8296635e-09
0.099057144,1.3483845e-05,0.00029983806,0.015810755,1.9867579e-05,9.6685419e-09
0.09911863,1.360163e-05,0.00031790959,0.013837961,1.989949e-05,9.3056005e-09
0.099176941,1.3763319e-05,0.00033839548,0.016382768,2.0027532e-05,7.8564725e-09
0.09923936,1.3840255e-05,0.00035985324,0.017017076,2.0049612e-05,7.612991e-09
0.099302298,1.3942175e-05,0.00038109241,0.01380978,2.0103178e-05,7.966682e-09
0.099365777,1.4119649e-05,0.00040283479,0.014185918,2.0266505e-05,8.0992144e-09
0.09942604,1.4223057e-05,0.00042194974,0.015995445,2.0357276e-05,1.0005928e-08
0.099490765,1.4355745e-05,0.00044404466,0.01312338,2.0496348e-05,9.5516175e-09
0.099556149,1.4531217e-05,0.00046910821,0.016018036,2.0707907e-05,8.1830792e-09
0.099622167,1.4614238e-05,0.00049213621,0.016162612,2.0801333e-05,1.0368491e-08
0.099685067,1.4765131e-05,0.00051705362,0.013486176,2.0986368e-05,1.045195e-08
0.099752442,1.4849497e-05,0.00054240883,0.014549702,2.1050304e-05,8.4840126e-09
0.09982036,1.5052253e-05,0.0005703413,0.14801211,2.1143628e-05,8.024607e-09
0.099889198,1.5341524e-05,0.00059228047,0.18555431,2.1309189e-05,7.7460684e-09
0.099954337,1.531993e-05,0.00060685507,0.10263401,2.1305295e-05,9.5834826e-09
0.10002414,1.5489414e-05,0.00062407802,0.12977026,2.1555812e-05,9.6397717e-09
0.10009506,1.5658086e-05,0.00063631081,0.15834522,2.1776169e-05,1.0644024e-08
0.10016551,1.386604e-05,0.00056408218,0.21043074,1.9247037e-05,6.9853784e-09
0.10023298,1.4821439e-05,0.00060091773,0.19398811,2.0658991e-05,7.0710648e-09
0.10029697,1.4833433e-05,0.00059788829,0.16927144,2.0776637e-05,9.3064407e-09
0.10036808,1.5530227e-05,0.00061871274,0.17105632,2.1850249e-05,1.036923e-08
0.10043522,1.4385452e-05,0.0005629298,0.1816769,2.035097e-05,7.8222578e-09
0.10050919,1.6198776e-05,0.00062349411,0.032163778,2.3102246e-05,1.0403066e-08
0.10058044,1.6151846e-05,0.00061492321,0.01202563,2.3190296e-05,9.3843036e-09
0.10065761,1.651354e-05,0.0006159059,0.011301071,2.385262e-05,9.0460228e-09
0.10073555,1.6396446e-05,0.00059921235,0.010193143,2.3792579e-05,9.1726248e-09
0.10081363,1.6532431e-05,0.00059273749,0.01016123,2.4135837e-05,1.0155254e-08
0.1008891,1.6808908e-05,0.00059442291,0.010834468,2.4703066e-05,7.3335658e-09
0.10096927,1.6529186e-05,0.00057455629,0.0097612643,2.44434e-05,7.732305e-09
0.10105043,1.6917198e-05,0.00057190032,0.010374049,2.5209001e-05,9.3178802e-09
0.10113377,1.6901915e-05,0.00055682754,0.010489196,2.5313547e-05,8.0387752e-09
0.10121148,1.6852617e-05,0.00053985964,0.010847505,2.5403241e-05,7.1584759e-09
0.10129662,1.7442971e-05,0.00054197624,0.010192341,2.6500146e-05,7.5814002e-09
0.10138251,1.6922029e-05,0.00051383504,0.010052483,2.5885981e-05,7.0702327e-09
0.10146823,1.7371078e-05,0.0005097764,0.011478838,2.6830981e-05,9.6403871e-09
0.10155718,1.7500908e-05,0.0005019746,0.01083001,2.7276355e-05,1.0009563e-08
0.10163939,1.7128672e-05,0.00047843843,0.010053911,2.6913768e-05,9.2449812e-09
0.10172933,1.7882705e-05,0.0004834223,0.010901876,2.8433902e-05,9.7221998e-09
0.10182062,1.7227219e-05,0.00045431535,0.010596226,2.7677725e-05,1.046151e-08
0.10191108,1.768055e-05,0.00044880207,0.011020025,2.8814059e-05,9.8754763e-09
0.10200028,1.7887247e-05,0.00044138849,0.010815765,2.9502459e-05,1.039632e-08
0.10209309,1.7368133e-05,0.00041440891,0.011326788,2.899629e-05,1.0775205e-08
0.10218891,1.8211893e-05,0.00041921621,0.010479795,3.0841969e-05,9.7336963e-09
0.10228609,1.7477398e-05,0.00039159035,0.010352668,2.9950779e-05,8.3322104e-09
0.10237697,1.8013515e-05,0.00038961238,0.010828091,3.1293083e-05,1.0596777e-08
0.10247811,1.8099965e-05,0.00038012936,0.01048355,3.1824364e-05,7.1378258e-09
0.1025773,1.7808308e-05,0.00036155813,0.010794049,3.1746176e-05,8.9425698e-09
0.10268073,1.8618517e-05,0.00036354876,0.0095545016,3.3518885e-05,1.0408527e-08
0.10278431,1.7906582e-05,0.00033903155,0.0096988039,3.264366e-05,8.1147214e-09
0.10288318,1.8685106e-05,0.00034214496,0.0096529283,3.4532365e-05,8.5204149e-09
0.10299167,1.8409667e-05,0.00032805861,0.0098109804,3.4482089e-05,7.9940832e-09
0.10309937,1.8726476e-05,0.00032364663,0.0093152101,3.5532895e-05,1.0132529e-08
0.10321185,1.8965548e-05,0.00031993439,0.0089748531,3.6423161e-05,8.4128772e-09
0.1033171,1.886731e-05,0.00031123552,0.0088216332,3.663815e-05,9.2551155e-09
0.10343313,1.9699543e-05,0.00031731928,0.008685249,3.8594547e-05,7.6012771e-09
0.10355017,1.9547564e-05,0.00030817322,0.0094093134,3.8525813e-05,9.7620852e-09
0.1036696,2.0563712e-05,0.0003165751,0.0091274653,4.0634796e-05,7.3835869e-09
0.10378446,2.0428033e-05,0.00030931851,0.0091664093,4.0391655e-05,9.8489084e-09
0.10390768,2.1510994e-05,0.00031975804,0.010038517,4.25133e-05,1.0167165e-08
0.1040345,2.1673932e-05,0.00031876402,0.0099994367,4.2674734e-05,9.6769435e-09
0.10416261,2.2611079e-05,0.00032933746,0.010135788,4.4332219e-05,1.2632691e-08
0.10428609,2.2794438e-05,0.00033198653,0.011590295,4.4514274e-05,1.2571293e-08
0.1044188,2.3824261e-05,0.00034835528,0.01195012,4.6280094e-05,8.7476375e-09
0.10455807,2.480725e-05,0.00036820118,0.013316372,4.7820263e-05,9.7367084e-09
0.10469829,2.5631852e-05,0.0003895913,0.013735011,4.9022054e-05,8.8703181e-09
0.10483853,2.4377962e-05,0.00038372794,0.013068173,4.6170739e-05,1.0432041e-08
0.10496133,2.321267e-05,0.00038009386,0.012205286,4.3635397e-05,9.0608556e-09
0.105087,2.29481e-05,0.00039444044,0.012872337,4.2807671e-05,9.6525872e-09
0.10521237,2.3313275e-05,0.00042713962,0.01212515,4.3146289e-05,1.0140741e-08
0.10533835,2.3392895e-05,0.00046590467,0.012033967,4.3078197e-05,8.7103486e-09
0.10545679,2.364901e-05,0.00051709172,0.01121996,4.3355623e-05,6.6713852e-09
0.10558516,2.4368481e-05,0.00059934297,0.011580152,4.4511445e-05,1.0309145e-08
0.10571636,2.474825e-05,0.00070603232,0.014215691,4.5150581e-05,1.0642717e-08
0.10584737,2.390873e-05,0.00080861769,0.19814173,4.3547735e-05,1.1848568e-08
0.10593201,1.6396836e-05,0.000614762,0.13179272,2.9902242e-05,9.6113398e-09
0.10601475,1.6340001e-05,0.00066457789,0.1294699,2.9839231e-05,8.8571188e-09
0.1061036,1.6766643e-05,0.00072984611,0.12378579,3.069172e-05,7.3978392e-09
0.10619437,1.6689251e-05,0.00075239857,0.12413104,3.058494e-05,9.4810919e-09
0.10628201,1.8518461e-05,0.00079754597,0.23795347,3.3822091e-05,7.8068219e-09
0.10637075,1.4617772e-05,0.00055759621,0.26179742,2.6581087e-05,9.4971936e-09
0.1064445,1.238112e-05,0.00042133057,0.27993242,2.2294123e-05,8.9412296e-09
0.10650811,1.0796085e-05,0.00033444826,0.29512818,1.9264784e-05,1.0036942e-08
0.10656543,1.0020111e-05,0.00028565155,0.31059431,1.7769793e-05,7.5530773e-09
0.10661616,9.5894415e-06,0.00025587995,0.32163338,1.6921449e-05,7.4370934e-09
0.10666958,9.5731214e-06,0.00023851927,0.32512389,1.6904392e-05,7.1771706e-09
0.1067232,9.6210232e-06,0.00022454621,0.32780605,1.7001303e-05,8.9396574e-09
0.10677703,9.6925676e-06,0.00021298363,0.33423958,1.713406e-05,7.7573017e-09
0.10682788,9.4945512e-06,0.00019828575,0.34776343,1.6774399e-05,7.4397693e-09
0.10688047,9.0590809e-06,0.00018088861,0.35806064,1.593206e-05,7.9225955e-09
0.10693029,8.5440898e-06,0.00016472034,0.37798305,1.4899153e-05,8.2752284e-09
0.10697801,8.1800251e-06,0.00015313709,0.39744083,1.4163598e-05,7.3534566e-09
0.10702065,7.7890694e-06,0.00014288274,0.42307372,1.3332778e-05,6.8159233e-09
0.10706351,7.2917901e-06,0.00013137798,0.44612292,1.2318326e-05,9.8531237e-09
0.10710405,6.9919296e-06,0.00012381467,0.46127824,1.1701999e-05,8.9898122e-09
0.10714336,6.8922752e-06,0.00012003842,0.46733212,1.1496588e-05,7.9266659e-09
0.10718226,6.8124848e-06,0.0001167551,0.47183371,1.1333444e-05,8.2207684e-09
0.10721847,6.7278965e-06,0.00011365987,0.47272975,1.1151613e-05,8.492254e-09
0.10725648,6.6367281e-06,0.0001106048,0.4783915,1.0949884e-05,9.3779599e-09
0.10729396,6.5822477e-06,0.00010831677,0.48778055,1.080981e-05,6.9179628e-09
0.10733118,6.4752845e-06,0.0001051623,0.48988906,1.0614278e-05,7.072541e-09
0.10736569,6.3901432e-06,0.00010235476,0.49366826,1.0468763e-05,7.5929336e-09
0.10740237,6.4949258e-06,0.00010252301,0.49300907,1.0674656e-05,8.7950918e-09
0.10744097,7.1114924e-06,0.0001101375,0.4636439,1.1905072e-05,7.2915877e-09
0.1074846,7.9877616e-06,0.00012162895,0.46266627,1.3524326e-05,7.8670673e-09
0.1075274,7.9908388e-06,0.00012039156,0.46646163,1.3524766e-05,8.264445e-09
0.10757123,7.5045749e-06,0.0001124797,0.47751009,1.2577871e-05,6.7538139e-09
0.10761216,7.1142799e-06,0.000106396,0.47636421,1.1786334e-05,7.3991279e-09
0.10765173,7.0348321e-06,0.00010477303,0.47303106,1.1595771e-05,7.7653758e-09
0.1076892,7.1281813e-06,0.00010574344,0.46493174,1.1735361e-05,8.2105267e-09
0.10772908,7.1490579e-06,0.0001057353,0.46596093,1.173691e-05,8.7816649e-09
0.10776886,7.169033e-06,0.00010589307,0.46166354,1.1743847e-05,9.5886203e-09
0.1078088,7.2788057e-06,0.00010745262,0.45291306,1.1938449e-05,7.2661401e-09
0.10784961,7.5190749e-06,0.0001111806,0.44155997,1.2382588e-05,8.1000203e-09
0.10788913,7.7679325e-06,0.00011518855,0.43291813,1.2819812e-05,9.1382357e-09
0.10793232,8.0521086e-06,0.00012025927,0.42202941,1.3321474e-05,7.2528832e-09
0.10797693,8.3745376e-06,0.00012652289,0.41084286,1.3888285e-05,8.2885634e-09
0.10802309,8.6701263e-06,0.00013313559,0.39891631,1.4393423e-05,7.4663225e-09
0.10806779,9.0059354e-06,0.0001408474,0.38471857,1.4952598e-05,9.4898338e-09
0.10811722,9.5075903e-06,0.00015237617,0.36679834,1.5788267e-05,8.9712633e-09
0.10816929,1.0086463e-05,0.00016643303,0.34521345,1.6717721e-05,8.0891597e-09
0.10822439,1.0708777e-05,0.0001832714,0.32552434,1.7697908e-05,7.297485e-09
0.10827851,1.1208503e-05,0.00019967062,0.31558466,1.8419291e-05,9.3813336e-09
0.10833771,1.1395182e-05,0.00021300506,0.29825114,1.8574193e-05,8.1284926e-09
0.10839705,1.1558263e-05,0.00022721088,0.26252535,1.8777122e-05,8.4671766e-09
0.10845649,1.1591649e-05,0.0002406503,0.1827236,1.8807775e-05,8.7215135e-09
0.10851267,1.1749517e-05,0.00026202768,0.15057412,1.8948232e-05,9.330526e-09
0.10857264,1.1829367e-05,0.00028262849,0.099893174,1.8964035e-05,9.3727876e-09
0.10863291,1.2017048e-05,0.00030991193,0.056086841,1.913413e-05,1.0210648e-08
0.10869365,1.2162835e-05,0.00034039252,0.012531629,1.921234e-05,8.9287709e-09
0.10875474,1.2275395e-05,0.00037553109,0.010491997,1.9239829e-05,9.2571677e-09
0.10881275,1.248028e-05,0.00041670027,0.011468688,1.9414389e-05,9.0916325e-09
0.10887487,1.2556405e-05,0.00045997613,0.014778815,1.9389985e-05,9.1487983e-09
0.10893751,1.2841698e-05,0.00051371607,0.23739924,1.9596205e-05,8.2739752e-09
0.10900002,1.2861956e-05,0.00053345762,0.27289999,1.9452687e-05,8.3935034e-09
0.10906023,1.3346492e-05,0.00055240826,0.30083179,2.0023301e-05,9.4879562e-09
0.10912462,1.3091278e-05,0.00052365922,0.30119232,1.9601545e-05,9.4050383e-09
0.10918886,1.3591892e-05,0.00052286471,0.30989575,2.0201209e-05,7.9623251e-09
0.10924984,8.273021e-06,0.00031199663,0.54157277,1.1968321e-05,8.3397594e-09
0.10929658,1.0189825e-05,0.00038015033,0.33504294,1.5010385e-05,8.4413819e-09
0.10935525,1.154557e-05,0.00041254458,0.3640174,1.686095e-05,8.8986021e-09
0.10941462,1.3217998e-05,0.00043064553,0.057620641,1.9750475e-05,1.0349379e-08
0.10948218,1.4681632e-05,0.00042186729,0.015412851,2.2078656e-05,9.202025e-09
0.10955163,1.4197891e-05,0.00038224831,0.013469863,2.1578851e-05,9.4991068e-09
0.10961491,1.4090367e-05,0.00035493299,0.014255835,2.157046e-05,8.0571634e-09
0.10968436,1.4781918e-05,0.00034440836,0.012643494,2.2739059e-05,9.9518411e-09
0.10975566,1.4700893e-05,0.00032042569,0.01315789,2.2679556e-05,8.1873253e-09
0.10982658,1.479748e-05,0.00030380267,0.012303692,2.2893626e-05,9.9088735e-09
0.10989541,1.5257837e-05,0.00029725308,0.012634588,2.3629456e-05,9.6442506e-09
0.10996943,1.5048402e-05,0.00027967192,0.010942069,2.3343593e-05,9.7507224e-09
0.11004315,1.5147403e-05,0.00026888306,0.01416206,2.3575927e-05,7.1843343e-09
0.1101191,1.5682488e-05,0.00026688911,0.19141893,2.430911e-05,1.0063571e-08
0.11019091,1.5538199e-05,0.0002570815,0.20163495,2.417541e-05,7.8993859e-09
0.11026747,1.5836912e-05,0.00025438197,0.23717915,2.4730304e-05,1.022006e-08
0.11034612,1.6140711e-05,0.00025199078,0.24696714,2.5257787e-05,1.0855133e-08
0.1104251,1.5856009e-05,0.00024071603,0.24152289,2.4925166e-05,8.7043039e-09
0.11049993,1.606752e-05,0.00023753693,0.21999716,2.5405023e-05,7.8676002e-09
0.11058139,1.6097692e-05,0.00023231535,0.20815966,2.5591166e-05,9.0612758e-09
0.11066315,1.6148913e-05,0.00023071646,0.5192441,2.5345689e-05,1.471998e-08
0.11073292,1.5819108e-05,0.00022014773,0.14614676,2.5488291e-05,7.9966716e-09
0.11081603,1.6463894e-05,0.00022192147,0.12126629,2.675767e-05,8.3227233e-09
0.11089658,1.6536668e-05,0.00021839831,0.17644578,2.6943943e-05,9.0083682e-09
0.11098138,1.630358e-05,0.00021016769,0.16690948,2.6740821e-05,1.0266953e-08
0.11106768,1.6807528e-05,0.00020942563,0.19317887,2.7618986e-05,8.2956243e-09
0.11114665,1.1663206e-05,0.0001384809,0.40870126,1.8654998e-05,6.9925656e-09
0.11120309,1.0775785e-05,0.00012870172,0.32271086,1.7480876e-05,6.801274e-09
0.11126806,1.5228111e-05,0.00017775313,0.32185578,2.4856832e-05,1.0324937e-08
0.11135134,1.711656e-05,0.00019519005,0.27330772,2.8046685e-05,1.0650464e-08
0.11144056,1.6547186e-05,0.00019384379,0.030622391,2.8371438e-05,9.1700247e-09
0.1115268,1.705197e-05,0.00019724311,0.011057092,2.970217e-05,8.4995259e-09
0.11161929,1.6619156e-05,0.00019029031,0.0097092268,2.9252401e-05,8.6171268e-09
0.11171143,1.700592e-05,0.00019242159,0.01018797,3.0241546e-05,8.1967756e-09
0.11180683,1.71545e-05,0.00019258629,0.010274943,3.0725127e-05,8.4711685e-09
0.11189546,1.6899547e-05,0.00018865855,0.0099336274,3.0511801e-05,8.6495132e-09
0.11199231,1.7624048e-05,0.00019549638,0.0095019573,3.2048056e-05,1.0021047e-08
0.1120903,1.7161097e-05,0.00019008474,0.0099408341,3.1362474e-05,7.6147613e-09
0.11218832,1.7776682e-05,0.00019618639,0.010091091,3.2639928e-05,6.9702495e-09
0.11229024,1.7879082e-05,0.00019787313,0.009413673,3.2941343e-05,9.9851616e-09
0.11238474,1.7892123e-05,0.00019849231,0.0099946599,3.3079058e-05,9.0288427e-09
0.1124894,1.884543e-05,0.0002101069,0.0098447063,3.4942175e-05,9.6590881e-09
0.11259439,1.8420294e-05,0.00020712901,0.010577062,3.4125761e-05,8.5927189e-09
0.11270124,1.9723359e-05,0.00022282739,0.011480215,3.6415241e-05,7.5366651e-09
0.11280541,1.9698728e-05,0.00022486566,0.013574747,3.6109588e-05,1.0286856e-08
0.11291487,2.0613697e-05,0.00023660712,0.021884952,3.7445362e-05,8.9650729e-09
0.11303069,2.1798266e-05,0.00025324151,0.2316409,3.8862991e-05,1.3489107e-08
0.11314474,2.2106167e-05,0.00026034117,0.18859868,3.8839543e-05,1.1684161e-08
0.11324447,1.065492e-05,0.00012300025,0.29387398,1.8117556e-05,1.3284351e-08
0.11335104,2.3608597e-05,0.00028028309,0.10065513,4.083431e-05,1.0420295e-08
0.11347301,2.5621763e-05,0.0003105045,0.015671485,4.4015938e-05,1.1225213e-08
0.11359776,2.4367342e-05,0.00030490581,0.015313933,4.144948e-05,8.3383658e-09
0.11371263,2.3602568e-05,0.00030313233,0.01419108,3.9940973e-05,1.0347573e-08
0.11382119,2.4870723e-05,0.00033248502,0.014747713,4.1964796e-05,9.8687928e-09
0.11394557,2.7584943e-05,0.00039426903,0.016507112,4.6298901e-05,1.1695176e-08
0.11407737,2.7786398e-05,0.00043980847,0.02188654,4.6638149e-05,1.1052211e-08
0.11421383,3.050554e-05,0.00055930307,0.063201574,5.1381301e-05,1.0964231e-08
0.11434723,2.9684678e-05,0.00064664875,0.029705581,5.0337257e-05,1.1067929e-08
0.11448621,2.9143617e-05,0.00080015084,0.014262435,4.9701428e-05,9.055777e-09
0.11462546,2.8936899e-05,0.0010079534,0.013649625,4.9566112e-05,1.1058871e-08
0.11474784,1.4786884e-05,0.00058371486,0.19172106,2.4481428e-05,1.0649049e-08
0.11483222,1.7214186e-05,0.00070409007,0.22357215,2.9270336e-05,1.0598926e-08
0.11491577,1.4312868e-05,0.00052157424,0.28436003,2.4392832e-05,9.4233996e-09
0.11501195,2.1671713e-05,0.00067029373,0.21363302,3.7605575e-05,8.0306703e-09
0.11511711,2.1618742e-05,0.0005544963,0.22002232,3.7884506e-05,1.0147117e-08
0.11521899,2.197225e-05,0.00048042462,0.25749503,3.8888212e-05,1.0922629e-08
0.11534578,2.4696074e-05,0.00046002458,0.047865147,4.502815e-05,9.5102143e-09
0.11547114,2.3809174e-05,0.00039428054,0.0081959805,4.4409342e-05,9.9972453e-09
0.11559266,2.2878971e-05,0.00034511463,0.066518747,4.3388893e-05,8.1093056e-09
0.11569753,2.225526e-05,0.00031393479,0.11068673,4.2523476e-05,1.156051e-08
0.11577664,1.6334748e-05,0.00022061321,0.1320381,3.1356991e-05,8.7947301e-09
0.11586645,1.8049893e-05,0.00023501086,0.13446919,3.5003077e-05,9.0031981e-09
0.11595017,2.0804873e-05,0.00026291799,0.013445992,4.0604824e-05,1.1476697e-08
0.11604878,1.7276907e-05,0.00021267111,0.010267125,3.4048001e-05,7.703951e-09
0.11612741,1.5047653e-05,0.00018101515,0.0095776709,2.9587658e-05,7.0859453e-09
0.1162004,1.3328115e-05,0.0001569328,0.010769947,2.596303e-05,7.9055657e-09
0.116266,1.2376991e-05,0.0001435171,0.010165292,2.3806915e-05,9.1815897e-09
0.11632674,1.1731036e-05,0.00013513126,0.0097676347,2.2264098e-05,7.9472621e-09
0.11638127,1.1362593e-05,0.00013105067,0.010900007,2.1274006e-05,1.0096012e-08
0.1164374,1.1204708e-05,0.00012999451,0.0094945973,2.0659468e-05,9.4972193e-09
0.11649236,1.1022308e-05,0.00012920678,0.010144255,2.0003489e-05,8.9700101e-09
0.11654662,1.1036927e-05,0.00013114544,0.010376174,1.9690082e-05,8.418195e-09
0.11659726,1.100973e-05,0.00013285216,0.0099944662,1.932457e-05,7.9704986e-09
0.11665095,1.1082973e-05,0.00013612167,0.011156845,1.9117589e-05,7.1677118e-09
0.11670452,1.1153717e-05,0.00013958906,0.0095937462,1.8904253e-05,9.3599198e-09
0.11675822,1.1210134e-05,0.00014302568,0.011172112,1.8660064e-05,8.6367886e-09
0.116812,1.1353844e-05,0.0001475989,0.0098045595,1.8549242e-05,7.795988e-09
0.11686285,1.1422304e-05,0.00015102707,0.011427399,1.831589e-05,9.3600126e-09
0.11691704,1.1543593e-05,0.00015531685,0.0096175589,1.8149685e-05,7.9288415e-09
0.11697157,1.1670369e-05,0.00015980645,0.011815912,1.7995339e-05,9.4871978e-09
0.11702628,1.1743507e-05,0.00016380048,0.010609594,1.7769205e-05,8.0593803e-09
0.11707808,1.192389e-05,0.00016950634,0.011293467,1.7722287e-05,9.4010691e-09
0.11713335,1.1952133e-05,0.00017382644,0.012575221,1.7454215e-05,7.8534401e-09
0.11718883,1.2128743e-05,0.00018079597,0.011292466,1.7419323e-05,9.5476862e-09
0.11724468,1.2258349e-05,0.00018764542,0.013979521,1.7337843e-05,8.3637044e-09
0.11729744,1.2284719e-05,0.00019299825,0.013155559,1.7137121e-05,9.5482598e-09
0.11735384,1.2508922e-05,0.00020215775,0.012693772,1.7218229e-05,7.8320992e-09
0.11741066,1.2622671e-05,0.00021006835,0.014001565,1.7151096e-05,9.1518941e-09
0.11746778,1.2698654e-05,0.00021789413,0.013356823,1.7049694e-05,1.0017004e-08
0.11752541,1.2919315e-05,0.00022893306,0.014401345,1.7180222e-05,8.1448289e-09
0.11758008,1.304827e-05,0.00023880843,0.015490792,1.7182735e-05,8.970407e-09
0.11763853,1.3110235e-05,0.00024897557,0.014315758,1.7104302e-05,8.0189017e-09
0.11769753,1.335235e-05,0.00026368913,0.013758154,1.7254702e-05,9.3908174e-09
0.11775706,1.3501707e-05,0.00027786729,0.016221458,1.7290365e-05,7.3616545e-09
0.11781349,1.3576285e-05,0.00029068448,0.015297998,1.7269636e-05,9.3739935e-09
0.11787402,1.3827767e-05,0.0003088233,0.014024295,1.7491107e-05,7.3600838e-09
0.1179352,1.4000249e-05,0.00032616913,0.015501265,1.7625413e-05,9.3539031e-09
0.11799693,1.4077143e-05,0.00034237987,0.01496096,1.7663285e-05,7.1436353e-09
0.11805566,1.4320189e-05,0.00036264299,0.013811595,1.7927744e-05,9.6273625e-09
0.1181188,1.4505406e-05,0.00038403121,0.016217326,1.8138728e-05,7.728593e-09
0.11818257,1.458264e-05,0.00040419709,0.015950531,1.8227581e-05,9.8262746e-09
0.11824709,1.4830665e-05,0.00043124865,0.015604147,1.8533996e-05,8.6728208e-09
0.11830851,1.4970617e-05,0.0004558392,0.017186126,1.8695092e-05,1.0760395e-08
0.11837438,1.5074325e-05,0.00048071671,0.0180625,1.8805988e-05,7.8312068e-09
0.11844104,1.5340427e-05,0.00051090618,0.021412209,1.9142797e-05,9.2425498e-09
0.11850846,1.5435195e-05,0.00053443245,0.035030453,1.9295653e-05,8.0174649e-09
0.11857668,1.5723779e-05,0.00056045599,0.094656298,1.9661238e-05,1.0206679e-08
0.11863577,1.3445877e-05,0.00046768235,0.31473533,1.6574077e-05,1.1469816e-08
0.11869597,1.4945461e-05,0.00053033943,0.22434268,1.8527564e-05,1.0080081e-08
0.11876306,1.6067462e-05,0.00060248278,0.018316811,2.0370079e-05,1.0040626e-08
0.11883601,1.6604542e-05,0.00062201113,0.017085926,2.1128822e-05,8.7741679e-09
0.11890023,1.5219222e-05,0.00056671163,0.019222897,1.9363198e-05,7.2343504e-09
0.11896826,1.6528388e-05,0.00061128714,0.021809242,2.1232413e-05,7.9916837e-09
0.11904263,1.6907734e-05,0.00061966164,0.017940538,2.1743491e-05,1.0351815e-08
0.11911119,1.5564283e-05,0.0005601311,0.025443212,1.9981201e-05,8.2235645e-09
0.11917711,1.7285703e-05,0.00060974505,0.026495476,2.243217e-05,8.4596535e-09
0.11925342,1.7206648e-05,0.00060574981,0.17269766,2.2208629e-05,9.0005233e-09
0.11930609,1.5399117e-05,0.00054286992,0.052062083,1.9796032e-05,1.0661766e-08
0.11937441,1.6838175e-05,0.00056940153,0.021914372,2.2030896e-05,8.8871913e-09
0.11944544,1.7417885e-05,0.00058666391,0.01899088,2.2809622e-05,1.0245848e-08
0.11951554,1.4942133e-05,0.00049621256,0.01871509,1.9500455e-05,8.1921074e-09
0.11958445,1.7316992e-05,0.00054989773,0.023306077,2.2899036e-05,8.0364385e-09
0.11966078,1.8119957e-05,0.00057655201,0.02027187,2.4032495e-05,1.052184e-08
0.11973113,1.5143282e-05,0.00046893226,0.035597862,2.0029843e-05,9.1427951e-09
0.11979883,1.7966778e-05,0.00052973981,0.020748313,2.4025115e-05,7.9117356e-09
0.11987695,1.8251354e-05,0.00054045943,0.019799773,2.4412637e-05,1.0083225e-08
0.11994906,1.5633869e-05,0.00044841312,0.046105178,2.0901597e-05,8.6731871e-09
0.1200254,1.8955644e-05,0.0005192294,0.18841221,2.5593161e-05,9.3567883e-09
0.12008634,1.0814422e-05,0.00030371287,0.48383707,1.4287621e-05,9.3768009e-09
0.12013689,1.3042284e-05,0.00036762838,0.36913451,1.7262567e-05,9.9481548e-09
0.12019919,1.4355855e-05,0.0003905543,0.44811803,1.8880591e-05,1.020031e-08
0.12026583,1.7257532e-05,0.00044021937,0.060517254,2.3450508e-05,7.5759533e-09
0.12034748,1.8832234e-05,0.00045701523,0.018866079,2.5927132e-05,8.5539818e-09
0.12043138,1.681242e-05,0.00040279622,0.015298173,2.3202386e-05,8.9654653e-09
0.12051233,1.8702532e-05,0.00042053137,0.015939613,2.6195431e-05,1.0005906e-08
0.12060317,1.9138582e-05,0.00042242715,0.01602423,2.7033666e-05,7.3170875e-09
0.1206869,1.7483946e-05,0.00037122144,0.015915149,2.4862645e-05,1.0057416e-08
0.12077102,2.0013529e-05,0.00040644375,0.017385739,2.8775862e-05,7.1408679e-09
0.12086481,1.8327205e-05,0.00036612106,0.01639755,2.6488354e-05,8.3873771e-09
0.12095191,1.8543023e-05,0.00035294331,0.015647871,2.7054264e-05,1.0134787e-08
0.12104909,2.0395994e-05,0.00037592269,0.015449805,2.9992313e-05,1.0325368e-08
0.12113743,1.8085694e-05,0.00032470173,0.014323733,2.6689728e-05,8.9411395e-09
0.12123124,2.0012081e-05,0.00034249198,0.016658513,2.979448e-05,9.6487133e-09
0.12133374,1.9478415e-05,0.00032619917,0.014824832,2.9137793e-05,9.4940695e-09
0.12142904,1.9019087e-05,0.00030698004,0.013876048,2.8680874e-05,7.1656527e-09
0.12152681,2.0982317e-05,0.00032868011,0.013817738,3.1901656e-05,7.7999514e-09
0.12162968,1.901231e-05,0.00029185859,0.015181662,2.9131532e-05,7.5680009e-09
0.12173252,2.071544e-05,0.00030726773,0.013164757,3.2066913e-05,9.9541738e-09
0.12184281,2.0082705e-05,0.00029276301,0.013359141,3.1327978e-05,9.594116e-09
0.12194189,2.0235728e-05,0.00028725522,0.013331368,3.1832007e-05,9.9538545e-09
0.12205593,2.1652979e-05,0.00030042716,0.012338852,3.4266997e-05,8.7157253e-09
0.1221675,2.0570506e-05,0.00028026502,0.013031124,3.2770564e-05,9.5343991e-09
0.12228376,2.2554839e-05,0.00030029999,0.013055374,3.6032915e-05,7.5239678e-09
0.12240261,2.1504795e-05,0.00028326333,0.014296158,3.4448819e-05,9.4552427e-09
0.12251432,2.3075996e-05,0.00029883218,0.014195541,3.7050111e-05,9.8322518e-09
0.12263972,2.2904502e-05,0.0002949047,0.01407928,3.677588e-05,1.0710479e-08
0.12276243,2.3868333e-05,0.0003042664,0.013851134,3.8331098e-05,1.0880517e-08
0.12289342,2.4634711e-05,0.00031450974,0.014129606,3.9514021e-05,1.066882e-08
0.12301424,2.4932216e-05,0.0003191146,0.013757326,3.9942029e-05,7.3828933e-09
0.12315087,2.6679156e-05,0.00034521312,0.014449338,4.2619949e-05,1.0519435e-08
0.12328669,2.67424e-05,0.00035270967,0.014521031,4.2601822e-05,8.4849026e-09
0.12343059,2.8949908e-05,0.00039324614,0.015602113,4.6017804e-05,1.1115743e-08
0.123564,2.6853937e-05,0.00037885816,0.014781194,4.2563122e-05,1.1174892e-08
0.12369463,2.5250516e-05,0.00037174145,0.01312605,3.9953988e-05,1.0176872e-08
0.12381916,2.4662829e-05,0.00038221063,0.013158076,3.8925217e-05,7.8928767e-09
0.12394232,2.4847988e-05,0.00040872697,0.012790012,3.9043688e-05,1.0153961e-08
0.12405801,2.4816033e-05,0.00044176412,0.012921096,3.8926112e-05,9.9162721e-09
0.12417996,2.4878819e-05,0.00048550784,0.011519033,3.9097761e-05,7.3706573e-09
0.12430515,2.5875687e-05,0.0005643063,0.01128981,4.0775376e-05,1.0388588e-08
0.12443446,2.6553208e-05,0.00066961204,0.012407529,4.2044685e-05,1.0415964e-08
0.12456533,2.6487733e-05,0.00079042921,0.13859505,4.2184442e-05,1.0645958e-08
0.12465617,1.7005988e-05,0.0005680746,0.15411544,2.7161577e-05,9.712082e-09
0.12473306,1.6019497e-05,0.00057720809,0.14721823,2.5671204e-05,7.5237728e-09
0.12481593,1.6800162e-05,0.00064844408,0.1334621,2.7096919e-05,8.6983259e-09
0.12490244,1.7140352e-05,0.00069642247,0.13915512,2.7764718e-05,7.6547245e-09
0.12499238,1.8922916e-05,0.00076895722,0.22699229,3.0673139e-05,1.0344188e-08
0.12507969,1.5878414e-05,0.00058790276,0.24580587,2.5690448e-05,9.5242056e-09
0.12515704,1.4348882e-05,0.00047383608,0.27575268,2.3140837e-05,8.4739832e-09
0.12522546,1.2941513e-05,0.00038556074,0.27872379,2.0823085e-05,8.0880436e-09
0.12528544,1.2177716e-05,0.00033302785,0.28057527,1.9539908e-05,9.7538789e-09
0.12534678,1.1764151e-05,0.00029568293,0.2917985,1.8849377e-05,7.3064701e-09
0.12540705,1.1517458e-05,0.00026848576,0.29961393,1.8475259e-05,7.8773595e-09
0.1254671,1.1458029e-05,0.00024933795,0.30484513,1.8398965e-05,9.0881243e-09
0.12552631,1.1174205e-05,0.00022896272,0.31171997,1.7934183e-05,9.6232288e-09
0.12558098,1.0962698e-05,0.0002141872,0.32655808,1.7574797e-05,8.0060959e-09
0.12563715,1.0390034e-05,0.00019460122,0.33950657,1.6592339e-05,9.3605827e-09
0.12569014,9.8437839e-06,0.00017841886,0.35483326,1.56425e-05,6.9990211e-09
0.12574058,9.2593527e-06,0.0001635565,0.37585601,1.4618798e-05,9.267389e-09
0.12578587,8.9964841e-06,0.00015590456,0.39338137,1.4105172e-05,7.3300647e-09
0.12583157,8.4310654e-06,0.00014391964,0.41403955,1.3077976e-05,6.8615176e-09
0.1258751,8.122716e-06,0.00013640026,0.4241289,1.2537914e-05,8.508903e-09
0.12591757,8.0594892e-06,0.0001332782,0.43097291,1.24174e-05,7.3277385e-09
0.12595739,8.002957e-06,0.0001305088,0.43417701,1.232227e-05,9.5399574e-09
0.12599946,7.9720137e-06,0.00012825116,0.43928111,1.226995e-05,7.291483e-09
0.12604168,7.9743252e-06,0.00012656839,0.44000344,1.2261718e-05,7.7626164e-09
0.12608349,7.850938e-06,0.00012331269,0.44888028,1.2005629e-05,8.9944512e-09
0.12612165,7.5790899e-06,0.00011801929,0.45248999,1.1526176e-05,9.7669283e-09
0.12616147,7.631029e-06,0.00011775451,0.45275547,1.1598195e-05,7.1212457e-09
0.12620315,8.2462776e-06,0.00012538841,0.42626846,1.2722674e-05,7.6682687e-09
0.12625014,9.5677948e-06,0.00014358624,0.4167737,1.4952029e-05,1.0086651e-08
0.12630089,9.723615e-06,0.00014484816,0.41455706,1.5198863e-05,9.1199656e-09
0.12634747,9.3818928e-06,0.00013918264,0.41647921,1.4566804e-05,7.508377e-09
0.12639502,9.0750408e-06,0.00013454901,0.41804358,1.3981025e-05,9.2075896e-09
0.12644108,8.8731724e-06,0.00013161914,0.41595831,1.3574551e-05,7.3043294e-09
0.12648639,8.8871439e-06,0.00013207076,0.41050337,1.3557472e-05,8.0071789e-09
0.12652915,8.9665834e-06,0.00013393946,0.40690973,1.3666666e-05,8.9872112e-09
0.12657475,9.0834429e-06,0.00013689599,0.39623628,1.3850634e-05,7.8017842e-09
0.12662115,9.3502659e-06,0.00014279848,0.38822759,1.4276168e-05,1.0049865e-08
0.12666886,9.6863788e-06,0.00015069192,0.37691147,1.480865e-05,9.0911169e-09
0.12671531,1.0113502e-05,0.00016082103,0.36375342,1.5469137e-05,8.0123227e-09
0.12676696,1.0722763e-05,0.00017563571,0.34244008,1.6421916e-05,7.9304811e-09
0.12682193,1.1515425e-05,0.00019517116,0.32305345,1.7614419e-05,7.0004616e-09
0.12688031,1.2142813e-05,0.00021457171,0.29523929,1.8533349e-05,9.704209e-09
0.12693597,1.2160343e-05,0.00022368353,0.25119077,1.8570354e-05,7.3091947e-09
0.12699501,1.2275725e-05,0.00023765384,0.18561396,1.8736507e-05,7.8281086e-09
0.12705424,1.2324541e-05,0.00025419083,0.14127783,1.8665322e-05,9.2290669e-09
0.12711358,1.2494799e-05,0.00027340588,0.1286627,1.87747e-05,8.5040344e-09
0.12717327,1.2645023e-05,0.00029637248,0.12856781,1.8814551e-05,8.963388e-09
0.12722966,1.2715841e-05,0.00032092056,0.12645821,1.8732546e-05,8.4425916e-09
0.12729001,1.2935636e-05,0.00035711576,0.13312665,1.885524e-05,8.3928152e-09
0.12735078,1.2987059e-05,0.0003930864,0.11842805,1.8794172e-05,7.939577e-09
0.12741201,1.3207919e-05,0.00043786074,0.10520861,1.9001585e-05,8.0245147e-09
0.12747017,1.3362603e-05,0.00047908069,0.09127218,1.9117725e-05,9.7039758e-09
0.12753241,1.3446105e-05,0.00051680016,0.27349235,1.9042397e-05,9.635472e-09
0.12759452,1.3620314e-05,0.00053677264,0.26960934,1.9176637e-05,8.9686798e-09
0.12765832,1.4101472e-05,0.0005521059,0.29519448,1.972453e-05,9.9203004e-09
0.12771849,1.3792672e-05,0.00052496881,0.29662584,1.9232473e-05,7.7377903e-09
0.12778253,1.4358685e-05,0.00052949007,0.31502569,1.9892702e-05,9.1410963e-09
0.12784084,1.177733e-05,0.00042859993,0.34431624,1.6208763e-05,9.1560686e-09
0.12789595,1.3637415e-05,0.00048682776,0.30594125,1.8738861e-05,7.6335737e-09
0.12795732,1.3661423e-05,0.00046024124,0.057231753,1.8999578e-05,9.7883236e-09
0.12801873,1.5018285e-05,0.00045674053,0.016290771,2.1018664e-05,7.6342381e-09
0.128088,1.5252233e-05,0.00043422048,0.015124327,2.141064e-05,7.9800442e-09
0.12815506,1.4685143e-05,0.00039452859,0.0149872,2.0757291e-05,9.9153609e-09
0.12822274,1.5412436e-05,0.00038426483,0.01320911,2.1917079e-05,1.0015245e-08
0.12828957,1.5764669e-05,0.00036857178,0.012895577,2.2470236e-05,9.8497098e-09
0.12835988,1.5348928e-05,0.00033872919,0.01550535,2.1976251e-05,8.9833252e-09
0.12843104,1.595339e-05,0.00033138077,0.17869474,2.2815575e-05,8.8440786e-09
0.12850498,1.6186527e-05,0.00031953472,0.17421348,2.3166576e-05,1.0229881e-08
0.12857365,1.5977905e-05,0.0003044701,0.23710497,2.2922416e-05,8.6100669e-09
0.12864747,1.6535092e-05,0.00030280111,0.23194086,2.3806704e-05,9.8674582e-09
0.12872352,1.6616437e-05,0.00029403105,0.2460165,2.3923772e-05,8.1264216e-09
0.12879926,1.6341794e-05,0.00027944972,0.23789879,2.3621288e-05,1.0054278e-08
0.12887142,1.6593481e-05,0.00027489658,0.21512889,2.4126051e-05,9.0777109e-09
0.12895047,1.6699784e-05,0.0002696531,0.22315118,2.436441e-05,9.119807e-09
0.12902826,1.4240092e-05,0.00022837211,0.48881949,2.0481074e-05,1.1785724e-08
0.12908479,1.161163e-05,0.00018709177,0.3938451,1.6907415e-05,6.5873708e-09
0.12915294,1.4959216e-05,0.00023584088,0.30647124,2.195922e-05,9.3011926e-09
0.12922292,1.6439696e-05,0.00025347745,0.080912592,2.4539667e-05,1.0356137e-08
0.12930569,1.759084e-05,0.00026053919,0.027361458,2.6544233e-05,8.4467712e-09
0.12939042,1.7142871e-05,0.00024844811,0.1051657,2.5966605e-05,7.5757967e-09
0.12947353,1.7278767e-05,0.00024362656,0.1452828,2.6329022e-05,9.009651e-09
0.12955423,1.7679996e-05,0.00024447312,0.16517233,2.7066592e-05,1.0049013e-08
0.12964,1.7385589e-05,0.0002348771,0.2178398,2.6615423e-05,7.485669e-09
0.12972652,1.7908381e-05,0.00023743927,0.21288072,2.7561136e-05,8.942554e-09
0.12980274,1.4263007e-05,0.00019330587,0.14662657,2.1851199e-05,1.016802e-08
0.12985843,1.2703212e-05,0.00017394851,0.1449545,1.9440916e-05,1.00331e-08
0.12992491,1.7334816e-05,0.00023453688,0.2387414,2.6700418e-05,1.0179308e-08
0.1299949,1.218427e-05,0.00016444038,0.24111499,1.8835569e-05,8.1379853e-09
0.13006875,1.7618653e-05,0.00023583199,0.25219762,2.7397171e-05,1.082133e-08
0.13013411,1.4695999e-05,0.00019531567,0.27925511,2.2907538e-05,9.5317399e-09
0.13020539,1.3430561e-05,0.00017639176,0.30088113,2.1053532e-05,7.835299e-09
0.13027175,1.2485362e-05,0.00016401664,0.33431553,1.9532491e-05,1.0229827e-08
0.13033383,1.1326092e-05,0.00014750166,0.36072469,1.7753634e-05,8.2444502e-09
0.13039256,1.0983685e-05,0.00014251283,0.36528007,1.7267219e-05,7.4017075e-09
0.13044355,1.0065683e-05,0.00013043317,0.39647561,1.5745443e-05,6.7628204e-09
0.13049249,9.2888183e-06,0.00012049822,0.43844252,1.438133e-05,9.9740886e-09
0.13053515,8.1032305e-06,0.00010567263,0.48488903,1.2336406e-05,8.1227081e-09
0.13057317,7.3215439e-06,9.6016173e-05,0.52502554,1.0880796e-05,6.4706055e-09
0.1306093,7.8610146e-06,0.00010271053,0.50702125,1.1741801e-05,9.2199254e-09
0.13065299,9.1374648e-06,0.00011860553,0.43935015,1.4031378e-05,7.3161522e-09
0.13070709,1.1729838e-05,0.00015020806,0.33832806,1.8744093e-05,7.8876506e-09
0.13077919,1.5067937e-05,0.00019025328,0.28462392,2.4559371e-05,7.5929575e-09
0.13084987,1.3326572e-05,0.00016771964,0.32077234,2.1857598e-05,8.2066663e-09
0.13092426,1.4184959e-05,0.0001783502,0.27485963,2.3531855e-05,9.5073635e-09
0.13100057,1.4762506e-05,0.00018499675,0.26182383,2.4668498e-05,9.152975e-09
0.13107727,1.40192e-05,0.00017531652,0.28235394,2.34984e-05,8.3417824e-09
0.13114941,1.2520954e-05,0.0001575165,0.30248019,2.1016547e-05,8.7410688e-09
0.13121329,1.1728695e-05,0.00014860214,0.32655731,1.9639797e-05,7.1469602e-09
0.13127595,1.1059449e-05,0.00014130792,0.34019968,1.8461986e-05,8.9419936e-09
0.13132841,9.1840339e-06,0.00011847767,0.43300016,1.4988831e-05,1.1025813e-08
0.13136943,7.2930547e-06,9.5615949e-05,0.49837225,1.1446009e-05,6.6555771e-09
0.13140425,6.9099995e-06,9.1255798e-05,0.50588389,1.0618592e-05,7.6488966e-09
0.13143776,6.3329787e-06,8.36732e-05,0.56747566,9.4266208e-06,9.1828434e-09
0.13146933,6.0959554e-06,8.0832973e-05,0.59960239,8.8817523e-06,7.3810125e-09
0.13150232,6.7089697e-06,8.9603346e-05,0.52140112,1.0095269e-05,6.1036312e-09
0.13153938,8.5473805e-06,0.00011293891,0.41960859,1.3567522e-05,6.5120833e-09
0.13159445,1.3309424e-05,0.00017267186,0.28419478,2.217274e-05,1.1219702e-08
0.13166764,1.5592326e-05,0.00020113482,0.23015434,2.6321573e-05,8.4115104e-09
0.13174624,1.4819393e-05,0.00019221614,0.26445139,2.4969488e-05,9.0631963e-09
0.1318097,1.1464998e-05,0.00015063284,0.35448937,1.9043621e-05,7.4710919e-09
0.13186113,8.9067344e-06,0.0001199337,0.45672628,1.4230445e-05,8.7700518e-09
0.13190088,7.4537888e-06,0.0001032192,0.56137915,1.1214094e-05,9.461696e-09
0.13193284,6.2079076e-06,8.906233e-05,0.62088251,8.6928805e-06,8.2074271e-09
0.13196147,5.7000643e-06,8.4372571e-05,0.64944786,7.555643e-06,8.6547231e-09
0.13198746,5.748824e-06,8.6922234e-05,0.64424639,7.4321818e-06,7.6993081e-09
0.13201549,5.9186543e-06,9.0777007e-05,0.65512171,7.5139706e-06,9.5949519e-09
0.13204333,5.8712283e-06,9.1592508e-05,0.68213087,7.2923258e-06,9.3630151e-09
0.13207015,5.6592036e-06,9.0381935e-05,0.71801405,6.7960583e-06,8.5449366e-09
0.13209348,5.2709846e-06,8.6248317e-05,0.74047684,6.0694323e-06,9.6438845e-09
0.13211714,5.2953223e-06,8.8102723e-05,0.73292115,6.0479939e-06,8.2056092e-09
0.1321424,5.9106158e-06,9.8149937e-05,0.69756038,7.2114385e-06,8.4978483e-09
0.13217079,6.4058132e-06,0.00010494555,0.65612212,8.2656908e-06,9.6008449e-09
0.1321975,5.8610069e-06,9.5802354e-05,0.69768474,7.4829066e-06,8.0685592e-09
0.13221931,4.1658129e-06,7.1089946e-05,0.79202265,4.6725135e-06,8.8668697e-09
0.13223385,3.4846405e-06,6.6502982e-05,0.75714706,3.6610416e-06,1.0777347e-08
0.13225118,4.6789947e-06,8.5202976e-05,0.69172147,5.3665312e-06,1.0704633e-08
0.13227377,5.9294932e-06,0.00010092732,0.61461194,7.5644237e-06,9.5877829e-09
0.13230195,6.3843669e-06,0.00010631256,0.59328426,8.5738939e-06,7.7074538e-09
0.13233317,7.1361453e-06,0.00011639856,0.55765303,9.9474773e-06,8.8383908e-09
0.13236724,7.2681542e-06,0.00011767163,0.5646713,1.0248042e-05,6.8965415e-09
0.13239978,6.9034902e-06,0.0001141132,0.58899231,9.4607423e-06,7.7029247e-09
0.13242888,6.7960064e-06,0.00011513251,0.58955942,9.021227e-06,7.4749734e-09
0.13245944,6.5657877e-06,0.00011401372,0.61854382,8.4908481e-06,9.4820339e-09
0.13248763,5.9288047e-06,0.00010815714,0.66360922,7.2564912e-06,9.8481374e-09
0.13251335,5.6792282e-06,0.00010802867,0.69438855,6.5390386e-06,7.3631582e-09
0.13253572,5.2229967e-06,0.00010355921,0.72205,5.6995506e-06,9.0793183e-09
0.13255767,4.9506135e-06,0.00010268451,0.74601824,5.0571043e-06,8.3399615e-09
0.13257843,4.8209853e-06,0.00010530575,0.76630768,4.6128223e-06,1.1014551e-08
0.13259823,4.7148999e-06,0.00010621332,0.75702054,4.5719323e-06,5.9271091e-09
0.13261722,4.7795366e-06,0.00010854207,0.7464374,4.6644407e-06,8.9774218e-09
0.13263747,4.7101215e-06,0.00011104056,0.74801137,4.4797581e-06,7.1622727e-09
0.13265743,4.6492394e-06,0.0001151672,0.76519458,4.1514684e-06,8.4431028e-09
0.13267648,4.4854514e-06,0.00011699964,0.77837727,3.7487657e-06,1.0245707e-08
0.13269465,4.348706e-06,0.00011975992,0.7918926,3.4488733e-06,8.7963811e-09
0.13271085,4.1581311e-06,0.00012126758,0.80250831,3.0803207e-06,8.9082906e-09
0.13272727,4.054879e-06,0.00012378364,0.81101038,2.826366e-06,8.5761175e-09
0.13274292,3.9199514e-06,0.00012468224,0.81442377,2.5499916e-06,7.2383008e-09
0.13275829,3.9215589e-06,0.00012468372,0.79038271,3.0701239e-06,1.0723381e-08
0.13277464,4.4206229e-06,0.00013091006,0.74500252,4.3749071e-06,9.1592428e-09
0.1327955,5.125762e-06,0.00014690403,0.73165526,5.7024654e-06,8.2216805e-09
0.13281536,4.4605784e-06,0.0001387892,0.7609298,4.6046271e-06,1.127645e-08
0.13283622,5.375418e-06,0.00015940653,0.65898154,6.1953855e-06,9.9765157e-09
0.13285986,5.9505805e-06,0.00016506726,0.61761071,7.3081059e-06,1.0591741e-08
0.13288741,6.1142709e-06,0.00016872303,0.60585934,7.6193689e-06,7.9711953e-09
0.13291594,6.2278835e-06,0.00017832749,0.60854033,7.871358e-06,9.3883573e-09
0.13294433,6.2775283e-06,0.00018279673,0.59917541,8.2011245e-06,9.5244539e-09
0.13297298,6.8650527e-06,0.0001995205,0.55061512,9.4379566e-06,9.8280987e-09
0.13300657,7.4983982e-06,0.000220105,0.51206996,1.0706951e-05,1.0360483e-08
0.13304359,7.8143431e-06,0.00023303744,0.47593062,1.1458692e-05,7.5580235e-09
0.13308363,8.9045178e-06,0.00027429064,0.43949516,1.3335758e-05,7.7046544e-09
0.13312491,8.808859e-06,0.00028096478,0.44701405,1.3305866e-05,8.9740269e-09
0.1331644,8.735862e-06,0.00028774966,0.44437989,1.3316325e-05,9.0477729e-09
0.1332067,8.7290368e-06,0.00029709236,0.44359089,1.3429492e-05,9.1254901e-09
0.13324984,8.7075988e-06,0.00031141632,0.4483719,1.3557904e-05,6.6628509e-09
0.13329043,8.079116e-06,0.00030601956,0.49531246,1.2411548e-05,1.0382491e-08
0.13332485,7.2210797e-06,0.00028633333,0.52841885,1.0847074e-05,7.1779961e-09
0.13335903,7.4220698e-06,0.0003045588,0.51389421,1.1006294e-05,1.009125e-08
0.13339331,7.6094443e-06,0.00031671631,0.49716377,1.1320747e-05,7.974046e-09
0.13342975,7.5243535e-06,0.00031282753,0.49749549,1.1254348e-05,9.0338415e-09
0.13346533,7.4078149e-06,0.00030252579,0.50414655,1.1127163e-05,8.7878161e-09
0.1335043,8.1525563e-06,0.00032269154,0.46578862,1.2395624e-05,9.2442819e-09
0.13354511,8.9730261e-06,0.00033926088,0.44838692,1.3777352e-05,9.7087135e-09
0.13358804,9.2098324e-06,0.00033119089,0.42835102,1.4381185e-05,7.5790041e-09
0.13363119,9.839913e-06,0.00033446295,0.40290834,1.5584472e-05,8.7797299e-09
0.13368211,1.088575e-05,0.00034658942,0.35672257,1.7515249e-05,8.1498116e-09
0.13373751,1.1573404e-05,0.00033999478,0.33470782,1.8834218e-05,8.9162381e-09
0.13379555,1.1890712e-05,0.00031943754,0.32627091,1.95055e-05,1.0034534e-08
0.13385428,1.1941667e-05,0.00029357588,0.32179467,1.9719513e-05,9.1422111e-09
0.13391014,1.2043868e-05,0.00027383564,0.31654966,2.0004532e-05,8.7013677e-09
0.13397039,1.2227911e-05,0.00025699434,0.30540438,2.0441546e-05,9.5925267e-09
0.13403247,1.2575402e-05,0.00024538336,0.29410778,2.1189917e-05,7.7773099e-09
0.13409529,1.2584852e-05,0.00022913484,0.29147315,2.1354497e-05,1.0066632e-08
0.13415459,1.2632235e-05,0.00021676971,0.28936461,2.1564337e-05,9.5853572e-09
0.13422015,1.3405058e-05,0.00021734556,0.27524386,2.3085078e-05,9.9558639e-09
0.13428611,1.2697121e-05,0.00019476611,0.30144318,2.1994836e-05,7.4277302e-09
0.13434877,1.2301292e-05,0.00017960875,0.31293633,2.1355679e-05,8.8551411e-09
0.13440656,1.2115954e-05,0.0001702453,0.31879866,2.1111279e-05,7.8333598e-09
0.1344675,1.1975979e-05,0.0001622116,0.32482549,2.0973054e-05,8.0127738e-09
0.13452802,1.1958031e-05,0.00015653883,0.32568328,2.1013966e-05,8.9851635e-09
0.13458855,1.1923103e-05,0.00015186355,0.32773328,2.1079293e-05,8.1687497e-09
0.13464901,1.1884525e-05,0.00014756307,0.33055671,2.1082861e-05,8.9847976e-09
0.13470552,1.177871e-05,0.00014328955,0.33479272,2.0924932e-05,9.2815947e-09
0.13476478,1.1631958e-05,0.00013887496,0.34160205,2.0625995e-05,9.6193283e-09
0.13482279,1.1321502e-05,0.00013312241,0.40974406,1.9917597e-05,9.0273179e-09
0.13487737,1.0783385e-05,0.00012517973,0.43335559,1.8674182e-05,8.5748388e-09
0.13492772,1.088543e-05,0.00012589771,0.47293591,1.8562296e-05,8.4272647e-09
0.13498202,1.1447607e-05,0.00013330051,0.51508181,1.9087496e-05,9.7835931e-09
0.13502313,6.3389804e-06,7.7878667e-05,0.29064549,1.040129e-05,1.5171254e-08
0.13506484,7.4245751e-06,9.3025874e-05,0.27545297,1.2381536e-05,1.1145216e-08
0.1351061,8.3331504e-06,0.00010473096,0.25842661,1.391579e-05,1.1692758e-08
0.13515281,1.1032275e-05,0.00013986118,0.28973352,1.8471223e-05,1.0510612e-08
0.13520174,1.0072406e-05,0.00012751182,0.47946431,1.6608574e-05,1.2475058e-08
0.13524831,7.2427744e-06,9.1919938e-05,0.48735147,1.1851399e-05,7.7983512e-09
0.1352946,9.7976936e-06,0.00012453063,0.2630636,1.6166944e-05,8.0055424e-09
0.13534931,1.1737266e-05,0.00014953548,0.21073423,1.9564011e-05,7.8949712e-09
0.13540921,1.312528e-05,0.00016677497,0.16099042,2.1835133e-05,1.0059953e-08
0.13546814,1.2369067e-05,0.00015864224,0.017115387,2.052347e-05,1.0136577e-08
0.13552504,1.2352129e-05,0.00016187374,0.011636067,2.0365834e-05,9.3157784e-09
0.13557817,1.2365105e-05,0.00016499712,0.011447303,2.0172911e-05,8.901644e-09
0.13563398,1.2205684e-05,0.00016601929,0.011659451,1.9703822e-05,7.7076679e-09
0.13568937,1.2343857e-05,0.00017192697,0.012260277,1.975035e-05,8.4052775e-09
0.13574498,1.24434e-05,0.00017796147,0.014775135,1.9719364e-05,8.1794309e-09
0.13579757,1.2518846e-05,0.00018364685,0.012810973,1.9637892e-05,9.582806e-09
0.1358537,1.2721581e-05,0.00019234486,0.013568251,1.9748601e-05,9.4342439e-09
0.1359101,1.2806081e-05,0.00020027434,0.015650303,1.967678e-05,9.2694845e-09
0.1359669,1.2957543e-05,0.00020998633,0.012848488,1.9733096e-05,1.0268477e-08
0.13602073,1.3129934e-05,0.00022022652,0.014500457,1.9839119e-05,8.7641489e-09
0.13607825,1.3246615e-05,0.0002308863,0.016126768,1.9829189e-05,7.7082574e-09
0.13613632,1.3436444e-05,0.00024386463,0.012119879,1.9907419e-05,7.7916447e-09
0.13619504,1.3658248e-05,0.00025855321,0.013504928,2.0068571e-05,8.1968986e-09
0.13625074,1.3787617e-05,0.00027103753,0.015244776,2.0137351e-05,7.6600554e-09
0.13631059,1.3952226e-05,0.0002852514,0.012392132,2.0265206e-05,9.964222e-09
0.13637123,1.4221035e-05,0.00030223116,0.012453216,2.0559769e-05,9.1830897e-09
0.13643239,1.432715e-05,0.00031716157,0.015049028,2.0644686e-05,7.6845619e-09
0.13649416,1.4481397e-05,0.00033414941,0.013753592,2.0807139e-05,9.7532679e-09
0.13655303,1.4718049e-05,0.00035277086,0.013242904,2.1077068e-05,1.0104306e-08
0.13661603,1.4820837e-05,0.00037017037,0.014114786,2.1165171e-05,9.7278292e-09
0.13667962,1.4945297e-05,0.00038944532,0.01257033,2.1307969e-05,9.315579e-09
0.13674408,1.5191271e-05,0.00041230191,0.011441498,2.161606e-05,9.5170361e-09
0.13680516,1.5262431e-05,0.00043054744,0.012658349,2.1691666e-05,8.7985758e-09
0.13687068,1.5404989e-05,0.00045349196,0.012324674,2.1884592e-05,8.3858155e-09
0.1369372,1.562643e-05,0.00047914221,0.0110848,2.2204444e-05,8.2436666e-09
0.13700414,1.5659363e-05,0.00049924562,0.012602206,2.2263324e-05,8.0432082e-09
0.13706784,1.5872001e-05,0.00052496461,0.011242253,2.2583289e-05,7.4787175e-09
0.13713667,1.6067388e-05,0.00054968316,0.011263355,2.2879529e-05,1.0120061e-08
0.13720569,1.6019496e-05,0.00056442098,0.012422936,2.2818003e-05,7.7713422e-09
0.13727575,1.6430086e-05,0.00059364108,0.012852012,2.3437395e-05,1.0245549e-08
0.13734689,1.6391782e-05,0.00060157971,0.013794449,2.34129e-05,9.1752231e-09
0.13741376,1.646502e-05,0.00060960667,0.013315919,2.3560759e-05,7.4133977e-09
0.1374862,1.6808962e-05,0.00062431782,0.015427096,2.4110186e-05,6.9114176e-09
0.13755943,1.6700024e-05,0.00061993237,0.013522473,2.4005976e-05,9.823105e-09
0.13763258,1.6789788e-05,0.00062080519,0.016223811,2.4167864e-05,9.8404285e-09
0.13770321,1.7220495e-05,0.00063347562,0.012655997,2.483671e-05,9.2598536e-09
0.13777851,1.6856073e-05,0.00061568683,0.014648252,2.4348319e-05,7.9400593e-09
0.13785388,1.7319751e-05,0.0006249448,0.01271323,2.5049771e-05,6.9978645e-09
0.13793177,1.7462759e-05,0.00062378977,0.011550914,2.5266107e-05,7.6978061e-09
0.13800405,1.7161665e-05,0.00060555633,0.010362236,2.4815613e-05,7.1995275e-09
0.13808213,1.7885195e-05,0.00062025782,0.011532192,2.5908631e-05,8.5498517e-09
0.13816246,1.7629131e-05,0.00060494968,0.011193187,2.5584129e-05,6.6756797e-09
0.13824079,1.7599895e-05,0.00059250278,0.011942996,2.5615331e-05,9.4424212e-09
0.13831783,1.8414487e-05,0.00060829528,0.012212349,2.6876654e-05,9.4671525e-09
0.13839975,1.7574417e-05,0.00057250702,0.010693453,2.572132e-05,8.8874912e-09
0.13848075,1.8327837e-05,0.00058019109,0.012585338,2.7003957e-05,9.7962991e-09
0.13856667,1.8534033e-05,0.00057543458,0.01255767,2.7439858e-05,8.7484897e-09
0.13864917,1.7844937e-05,0.00053842816,0.012921778,2.6507397e-05,7.2916932e-09
0.13872994,1.9197502e-05,0.00055899042,0.012959121,2.8761246e-05,7.8400585e-09
0.13881804,1.8201455e-05,0.00051909555,0.011856011,2.7414766e-05,7.6398047e-09
0.13890276,1.8605858e-05,0.0005078712,0.012583555,2.8266814e-05,7.3039009e-09
0.13899401,1.9512899e-05,0.00051747562,0.013283083,2.989736e-05,1.0528214e-08
0.13907709,1.8191206e-05,0.00046942101,0.01263107,2.8042206e-05,7.8345644e-09
0.13916687,1.9619432e-05,0.00048511385,0.013619756,3.0616456e-05,7.1708858e-09
0.1392615,1.8914726e-05,0.00045835693,0.012202227,2.972331e-05,7.7732678e-09
0.13935166,1.8984725e-05,0.00044132866,0.012938518,3.0074903e-05,8.0601338e-09
0.13944287,2.0230998e-05,0.00045618857,0.012524777,3.230856e-05,8.4254556e-09
0.13953821,1.877283e-05,0.00041195191,0.012760332,3.0173077e-05,7.6671939e-09
0.1396344,2.0226947e-05,0.00042522446,0.013117177,3.2797291e-05,8.0541735e-09
0.13973591,1.9604342e-05,0.00040233862,0.011881197,3.2020541e-05,7.8380699e-09
0.13982778,1.9681162e-05,0.00038924568,0.011913465,3.240719e-05,9.7930758e-09
0.13993239,2.0719686e-05,0.00039857049,0.01125514,3.4533965e-05,6.6787424e-09
0.14003535,1.9745234e-05,0.0003669022,0.011274435,3.3035199e-05,9.3946617e-09
0.14014153,2.1229956e-05,0.00038113379,0.011156935,3.5919255e-05,8.4537101e-09
0.1402509,2.0330722e-05,0.00035658643,0.011297255,3.4713572e-05,7.3360162e-09
0.14035297,2.1209498e-05,0.00036068495,0.011371668,3.6545184e-05,1.1162048e-08
0.14046766,2.1423621e-05,0.0003554049,0.010316153,3.7199568e-05,9.6460638e-09
0.14058055,2.1549208e-05,0.00034790598,0.010217093,3.7693445e-05,9.1480158e-09
0.1406992,2.2444608e-05,0.00035310619,0.010102405,3.944437e-05,1.03895e-08
0.14081073,2.2161481e-05,0.00034059461,0.010128218,3.9016813e-05,1.0314386e-08
0.14093274,2.344767e-05,0.00035106146,0.010225775,4.1357601e-05,1.0023542e-08
0.14105678,2.3326867e-05,0.00034262326,0.010722108,4.1174889e-05,9.4196099e-09
0.14118337,2.4704575e-05,0.00035557362,0.010106052,4.3508458e-05,9.5110725e-09
0.14130573,2.483357e-05,0.00035358958,0.01181123,4.3618355e-05,8.7612742e-09
0.14143761,2.623828e-05,0.00037018607,0.010832606,4.5870492e-05,8.0503752e-09
0.14157417,2.6695114e-05,0.00037734367,0.013170914,4.640029e-05,1.0658453e-08
0.14171289,2.8224576e-05,0.00040155952,0.01280436,4.8694806e-05,7.9298175e-09
0.14185668,2.8223378e-05,0.00040999832,0.013782062,4.8346385e-05,9.2342585e-09
0.14198407,2.6452238e-05,0.00039364222,0.012234551,4.5048348e-05,1.0059942e-08
0.14211184,2.5533352e-05,0.00039362747,0.012034847,4.3230723e-05,1.0633663e-08
0.1422363,2.5417874e-05,0.00040912063,0.011824946,4.2805317e-05,8.7930635e-09
0.14236094,2.5732749e-05,0.00044139702,0.011940649,4.3101247e-05,1.0729325e-08
0.14247822,2.5651191e-05,0.000476268,0.011328114,4.2870918e-05,1.0456466e-08
0.14260341,2.6257343e-05,0.00053524621,0.010465634,4.3803312e-05,1.0522337e-08
0.14273306,2.7285217e-05,0.00062842471,0.011645704,4.5559266e-05,9.7322358e-09
0.14286611,2.7570149e-05,0.00074093038,0.12626939,4.6190174e-05,7.9233872e-09
0.14296993,1.6303324e-05,0.00050156844,0.15683587,2.7319573e-05,7.8214893e-09
0.14305424,1.5235358e-05,0.00051611889,0.15283724,2.5554967e-05,9.3763988e-09
0.14313654,1.7520649e-05,0.00064225857,0.12043657,2.9493916e-05,7.4123021e-09
0.14322534,1.8450043e-05,0.00072914749,0.12303436,3.1124963e-05,9.7608596e-09
0.1433172,1.9844206e-05,0.00082498831,0.23441771,3.3414622e-05,8.5319862e-09
0.14340578,1.6279819e-05,0.00066367376,0.2364272,2.7209913e-05,1.0364834e-08
0.14348177,1.4358557e-05,0.00053794228,0.25850502,2.3802485e-05,7.9419904e-09
0.14354893,1.2753501e-05,0.00043589735,0.27345258,2.0975853e-05,7.9017391e-09
0.14360982,1.168725e-05,0.00036676707,0.30116016,1.90562e-05,7.6756271e-09
0.14366304,1.0946556e-05,0.00032009966,0.3229495,1.7711284e-05,6.9557396e-09
0.14371657,1.0327651e-05,0.00028173513,0.34027541,1.6597899e-05,8.8716453e-09
0.14376751,9.9163305e-06,0.00025308026,0.3480837,1.5873629e-05,6.9162849e-09
0.14381769,9.9379895e-06,0.00023748079,0.34304671,1.5961532e-05,8.1275441e-09
0.14386586,1.0213374e-05,0.00022995622,0.34562194,1.6459025e-05,9.4044259e-09
0.14391855,1.0394027e-05,0.00022092745,0.35760506,1.6783235e-05,7.5143025e-09
0.14397124,1.0147305e-05,0.00020517175,0.36959756,1.6364645e-05,8.8102818e-09
0.14402297,1.0144299e-05,0.00019591261,0.36782882,1.6344377e-05,9.9465121e-09
0.14407318,1.0650607e-05,0.00019802867,0.36274844,1.7222852e-05,8.0222724e-09
0.14412788,1.0551674e-05,0.00018915216,0.37913808,1.7065363e-05,8.6385538e-09
0.14418014,9.8547912e-06,0.00017140847,0.39783975,1.586101e-05,8.5319796e-09
0.14422859,9.1331207e-06,0.00015512014,0.41082596,1.4578334e-05,9.5337151e-09
0.14427165,8.811e-06,0.00014679062,0.4197476,1.397846e-05,6.6571093e-09
0.14431613,8.6122302e-06,0.00014092363,0.41949259,1.3607442e-05,6.685119e-09
0.14436009,8.6209819e-06,0.00013877524,0.41669678,1.3606585e-05,7.412334e-09
0.14440441,8.768614e-06,0.00013904964,0.41018384,1.3859388e-05,8.0935396e-09
0.14444966,9.0127726e-06,0.00014110401,0.40026351,1.4293726e-05,8.8022838e-09
0.14449354,9.3454671e-06,0.00014480057,0.38751684,1.488463e-05,9.6535165e-09
0.14454234,9.9231643e-06,0.00015238908,0.37175094,1.5903156e-05,7.9759059e-09
0.14459416,1.0559125e-05,0.00016111751,0.36116854,1.6985437e-05,7.7121222e-09
0.14464831,1.0864366e-05,0.00016500131,0.35014227,1.7454171e-05,8.1480062e-09
0.14469981,1.1026144e-05,0.0001667233,0.34007599,1.7650565e-05,9.2364395e-09
0.14475524,1.1284289e-05,0.00017018631,0.32755793,1.7995146e-05,7.9853295e-09
0.14481189,1.1636928e-05,0.00017548662,0.32239418,1.8473243e-05,9.3511566e-09
0.14486909,1.1693188e-05,0.00017753708,0.32153031,1.8440424e-05,8.3555799e-09
0.14492271,1.1740786e-05,0.00018063278,0.32054826,1.8377607e-05,1.0040485e-08
0.14497984,1.1929223e-05,0.00018746531,0.3163899,1.8531464e-05,8.0797526e-09
0.14503717,1.2052061e-05,0.00019455701,0.30943746,1.8563081e-05,9.4538811e-09
0.14509547,1.2290365e-05,0.0002049246,0.28156973,1.8827313e-05,8.4346869e-09
0.14515378,1.2344808e-05,0.00021196978,0.2050242,1.8946417e-05,1.0074533e-08
0.14520832,1.234245e-05,0.00022044249,0.11250793,1.8903817e-05,9.0953792e-09
0.14526634,1.24688e-05,0.00023111098,0.014669025,1.8980591e-05,8.0125285e-09
0.14532431,1.2575333e-05,0.00024379515,0.010586047,1.888932e-05,1.0128402e-08
0.14538251,1.2725237e-05,0.00026014079,0.011961576,1.8862564e-05,8.4459377e-09
0.14543746,1.2802081e-05,0.00027680058,0.010618065,1.8740013e-05,9.9113422e-09
0.14549618,1.3017055e-05,0.00030057646,0.010908672,1.8820009e-05,8.2083276e-09
0.14555525,1.3087567e-05,0.0003247418,0.012271952,1.8679943e-05,8.8514626e-09
0.14561468,1.3326562e-05,0.00035737863,0.010216281,1.8806046e-05,8.3581327e-09
0.14567108,1.3488869e-05,0.00039045083,0.011534207,1.8835709e-05,8.562863e-09
0.14573137,1.3537818e-05,0.00042592282,0.010636166,1.8715658e-05,7.7991061e-09
0.14579223,1.3716974e-05,0.00046826773,0.011048439,1.8801884e-05,8.6813278e-09
0.14585357,1.3735536e-05,0.00050310918,0.012147758,1.8689993e-05,7.9933081e-09
0.14591183,1.3984938e-05,0.00053331947,0.014296562,1.8906971e-05,7.9931793e-09
0.14597386,1.4099423e-05,0.00054066016,0.25159066,1.8844243e-05,9.7132676e-09
0.14603588,1.4158087e-05,0.00053621503,0.27002133,1.8771924e-05,9.406285e-09
0.14609837,1.4761213e-05,0.0005405521,0.29567604,1.9530011e-05,8.389149e-09
0.14616185,1.4368359e-05,0.00050619808,0.28205624,1.8941257e-05,8.2231789e-09
0.14622251,1.5121452e-05,0.00051250069,0.37325836,1.9792718e-05,1.034775e-08
0.1462748,1.111863e-05,0.00037698751,0.33670645,1.4552526e-05,8.8031026e-09
0.14633281,1.409335e-05,0.00046224774,0.21639335,1.8576974e-05,7.3996256e-09
0.14639645,1.5040202e-05,0.00044649315,0.070106945,2.0044115e-05,8.9337355e-09
0.14646059,1.5866588e-05,0.00043503426,0.091814993,2.1226563e-05,1.0310408e-08
0.14652882,1.5226511e-05,0.00039634611,0.16611953,2.0458959e-05,8.5139646e-09
0.14659535,1.5678591e-05,0.00038535047,0.22073808,2.1137302e-05,9.7305822e-09
0.1466649,1.640345e-05,0.00037971011,0.22469206,2.2118054e-05,9.9947354e-09
0.14673181,1.5982837e-05,0.00035111544,0.22120279,2.1683527e-05,8.9453425e-09
0.14680199,1.6034987e-05,0.00033251826,0.21880854,2.1872847e-05,8.1624378e-09
0.14687476,1.6670819e-05,0.00032803926,0.19264886,2.2834197e-05,9.7175683e-09
0.1469481,1.6518278e-05,0.00031424097,0.1877851,2.2740257e-05,8.9411704e-09
0.1470166,1.6693135e-05,0.00030719206,0.23291728,2.3095635e-05,9.6857074e-09
0.14709161,1.73157e-05,0.00030713482,0.24423079,2.4004212e-05,9.5366473e-09
0.1471677,1.69041e-05,0.00029074842,0.24512099,2.3569377e-05,9.5179293e-09
0.14724304,1.7039023e-05,0.000283565,0.19726342,2.3949403e-05,9.3333817e-09
0.14732099,1.744466e-05,0.00028283414,0.22258717,2.4607836e-05,8.037935e-09
0.14739493,1.7102786e-05,0.00027121896,0.24139336,2.4229107e-05,1.0038468e-08
0.14747332,1.7387316e-05,0.0002686985,0.22059208,2.4809242e-05,7.2252994e-09
0.14755426,1.7585473e-05,0.00026675494,0.21263052,2.5228351e-05,8.9332217e-09
0.14763037,1.0842334e-05,0.00016394439,0.61452851,1.5041553e-05,1.047055e-08
0.14768797,9.0022495e-06,0.00013639047,0.49258367,1.2646223e-05,9.6286802e-09
0.1477608,1.7389295e-05,0.00025473715,0.043021581,2.5425542e-05,9.9475627e-09
0.14784548,1.8528186e-05,0.00026457123,0.22897301,2.7130845e-05,1.010136e-08
0.14793064,1.7907326e-05,0.00025288156,0.28305682,2.6362492e-05,8.9256813e-09
0.14800939,1.8127387e-05,0.00025045491,0.2768185,2.6914681e-05,9.150791e-09
0.14809669,1.8993829e-05,0.0002577612,0.37799827,2.8111639e-05,1.002656e-08
0.14817819,1.6259209e-05,0.00022190142,0.23142319,2.4109337e-05,1.2228638e-08
0.14824047,9.0724522e-06,0.00012484412,0.42791236,1.3182653e-05,6.7044584e-09
0.14829945,1.5233927e-05,0.00021098338,0.24500051,2.26177e-05,1.0659131e-08
0.14835978,1.1110924e-05,0.00015231848,0.37227583,1.6520215e-05,6.2369245e-09
0.14842867,1.2867595e-05,0.00017477423,0.34042869,1.9228242e-05,7.8858006e-09
0.14849808,1.487391e-05,0.00020099568,0.25505742,2.2658385e-05,9.6031448e-09
0.14857347,1.574259e-05,0.00021005162,0.29208818,2.4034666e-05,8.9937799e-09
0.14863929,1.4893001e-05,0.00019824504,0.28581812,2.2853146e-05,1.047201e-08
0.14870966,1.4319808e-05,0.00018811609,0.30291882,2.2181765e-05,7.3610924e-09
0.14878053,1.3671482e-05,0.00017844755,0.31048318,2.1313026e-05,7.4131671e-09
0.14885227,1.4357181e-05,0.00018643126,0.28963065,2.2572872e-05,8.7238215e-09
0.14892121,1.4703862e-05,0.00018916686,0.28738679,2.3309726e-05,9.4983117e-09
0.14899691,1.5804528e-05,0.00020228985,0.26676933,2.5286128e-05,7.5585281e-09
0.14906918,1.3235025e-05,0.00016957707,0.31641892,2.1155304e-05,8.8453997e-09
0.14913138,1.1431447e-05,0.00014610593,0.37141103,1.8146131e-05,8.1465256e-09
0.1491804,9.6207191e-06,0.00012358474,0.42301503,1.5067398e-05,8.751397e-09
0.14922506,8.2314724e-06,0.00010631486,0.4804824,1.2565521e-05,7.592466e-09
0.14926198,6.8556957e-06,8.9865101e-05,0.53279064,1.0030473e-05,6.5716297e-09
0.14929457,6.325917e-06,8.3205415e-05,0.5893607,8.8941729e-06,7.8505046e-09
0.1493262,6.7055963e-06,8.8671626e-05,0.60489099,9.199771e-06,1.0196011e-08
0.14935676,6.6959418e-06,8.9452343e-05,0.60233328,9.0936576e-06,7.8416198e-09
0.14938922,6.6776984e-06,8.9721089e-05,0.59930316,9.0137677e-06,8.2923528e-09
0.14942277,6.9248729e-06,9.3196096e-05,0.57318644,9.4699672e-06,8.7138778e-09
0.14945899,7.6339921e-06,0.00010263019,0.52186386,1.0806886e-05,6.2867167e-09
0.14949873,9.0606137e-06,0.00012067447,0.42855074,1.3531879e-05,6.4504345e-09
0.14955461,1.3014194e-05,0.00017009238,0.280349,2.0496368e-05,7.4658181e-09
0.14962671,1.4625243e-05,0.00019080152,0.26344689,2.3304326e-05,7.9406986e-09
0.14969132,1.0770582e-05,0.0001425012,0.39142582,1.6918074e-05,7.746432e-09
0.14974822,1.2840681e-05,0.00016880969,0.28679725,2.0659463e-05,1.0175332e-08
0.14982136,1.5338057e-05,0.00019972845,0.23378977,2.5066691e-05,9.2216123e-09
0.14990328,1.6197521e-05,0.00021045311,0.2299475,2.6625212e-05,9.5744604e-09
0.14998055,1.31071e-05,0.00017133216,0.31543645,2.1441148e-05,6.9344878e-09
0.15003985,1.1422166e-05,0.00015121324,0.37135816,1.8395964e-05,9.092952e-09
0.15008896,8.521332e-06,0.00011521099,0.4754282,1.3282586e-05,6.7162564e-09
0.15012945,7.534654e-06,0.00010401447,0.51177097,1.1255212e-05,9.3131385e-09
0.15016491,7.2331135e-06,0.00010189742,0.50690311,1.0499271e-05,7.4603789e-09
0.15019874,6.9222755e-06,9.8788965e-05,0.55921993,9.7239978e-06,8.8612376e-09
0.15022915,6.9086949e-06,0.00010080951,0.57980165,9.4149045e-06,7.8988965e-09
0.15025889,6.0545796e-06,9.0321189e-05,0.62467805,7.8687944e-06,7.0666205e-09
0.15028752,6.0820277e-06,9.1923239e-05,0.61377373,7.7917929e-06,7.7960516e-09
0.15031587,5.9698573e-06,9.106831e-05,0.61961398,7.5677944e-06,7.6927807e-09
0.15034293,6.014471e-06,9.2451854e-05,0.63368544,7.5432894e-06,8.7928592e-09
0.15037122,6.0360952e-06,9.4318471e-05,0.63901863,7.4166127e-06,7.6696053e-09
0.15039948,6.1615126e-06,9.7290261e-05,0.66146536,7.4301156e-06,9.3469187e-09
0.15042717,5.9975464e-06,9.6167247e-05,0.67674315,7.092557e-06,8.1396836e-09
0.15045251,5.964506e-06,9.7026248e-05,0.69189822,6.857586e-06,9.5639792e-09
0.15047855,5.8357418e-06,9.675936e-05,0.70753672,6.5581532e-06,9.5352193e-09
0.15050363,5.6937704e-06,9.6565303e-05,0.71671576,6.2204761e-06,8.5583551e-09
0.15052787,5.5726211e-06,9.6410235e-05,0.72829252,5.9080419e-06,7.7829919e-09
0.15055141,5.3914033e-06,9.5557911e-05,0.74029409,5.5484441e-06,7.4073769e-09
0.15057296,5.2257574e-06,9.4563933e-05,0.74797052,5.2499287e-06,9.6188747e-09
0.15059514,5.1402084e-06,9.4810784e-05,0.76952,4.9612219e-06,9.5676452e-09
0.15061663,5.026617e-06,9.524859e-05,0.77104275,4.7284656e-06,7.5131377e-09
0.15063738,4.880292e-06,9.5232619e-05,0.78249736,4.4357963e-06,1.0225226e-08
0.15065561,4.5186133e-06,9.1755685e-05,0.79349914,3.951825e-06,8.1067723e-09
0.15067367,4.3690403e-06,9.066489e-05,0.78532918,3.7803274e-06,8.231798e-09
0.15069235,4.8230147e-06,9.9613763e-05,0.74533137,4.6514414e-06,6.9997889e-09
0.15071446,5.6418659e-06,0.0001117701,0.68764438,6.2516362e-06,9.075927e-09
0.1507377,5.5742896e-06,0.00010603189,0.69529886,6.4135612e-06,7.7567466e-09
0.15076131,5.5669834e-06,0.00010680274,0.69714221,6.3066099e-06,9.1604349e-09
0.15078287,4.6650528e-06,9.2671036e-05,0.76147976,4.8660242e-06,9.5403138e-09
0.15080172,4.5769555e-06,9.4940418e-05,0.75872224,4.4638438e-06,9.5098464e-09
0.15081992,4.7177685e-06,9.8039117e-05,0.74957352,4.5331504e-06,6.6295121e-09
0.15083875,4.5375721e-06,9.709375e-05,0.76681089,4.051592e-06,6.9611431e-09
0.15085705,4.476998e-06,0.00010167517,0.7881226,3.7023676e-06,1.0103331e-08
0.15087397,4.2097114e-06,0.00010202385,0.80142708,3.1575289e-06,6.9623838e-09
0.15089083,4.2790141e-06,0.0001053867,0.79938449,3.2430958e-06,9.8478992e-09
0.15090671,4.2583112e-06,0.000106546,0.79558273,3.2590643e-06,6.6648607e-09
0.15092375,4.2747481e-06,0.00010633201,0.79846457,3.35802e-06,9.5665574e-09
0.15094074,4.3021074e-06,0.00010704389,0.78979379,3.4264137e-06,6.9465477e-09
0.15095827,4.4146931e-06,0.00010910958,0.77697396,3.6281304e-06,6.2696051e-09
0.15097545,4.5795242e-06,0.00011222129,0.76254585,3.8876458e-06,8.270874e-09
0.15099442,4.6909701e-06,0.00011471323,0.75374952,4.0601854e-06,9.3978498e-09
0.15101389,4.7492356e-06,0.00011688686,0.74890976,4.1247167e-06,6.9429684e-09
0.15103361,4.7916241e-06,0.00011942207,0.74631617,4.1625615e-06,8.0780117e-09
0.15105238,4.8362752e-06,0.00012220721,0.7428054,4.2174148e-06,9.4132916e-09
0.15107247,4.8398625e-06,0.00012424604,0.74004308,4.2211528e-06,6.9054451e-09
0.15109264,4.8681416e-06,0.00012736128,0.73838584,4.2275618e-06,7.3205578e-09
0.15111288,4.8786174e-06,0.00013032819,0.73645014,4.2329182e-06,7.7380643e-09
0.15113198,4.8852717e-06,0.00013302079,0.73567881,4.2324094e-06,8.1313424e-09
0.15115233,4.8950816e-06,0.00013598863,0.73476638,4.2337245e-06,8.5101748e-09
0.15117272,4.9050882e-06,0.0001389684,0.73395028,4.2347099e-06,8.8790639e-09
0.15119317,4.9142943e-06,0.00014201692,0.73345856,4.2375372e-06,9.2525157e-09
0.15121368,4.9269882e-06,0.00014518673,0.73263262,4.2526768e-06,9.6872408e-09
0.15123305,4.9219064e-06,0.00014775355,0.73123632,4.248292e-06,6.9528745e-09
0.15125362,4.9268639e-06,0.00015072571,0.73074538,4.2379087e-06,7.3102028e-09
0.1512743,4.961686e-06,0.00015461496,0.72840268,4.2899685e-06,7.7982425e-09
0.15129521,5.0278612e-06,0.00015944793,0.72337123,4.4206852e-06,9.6599399e-09
0.15131519,5.045385e-06,0.00016278552,0.71690914,4.4726012e-06,7.4312413e-09
0.15133682,5.1566209e-06,0.00016888772,0.71035042,4.6664555e-06,6.8978718e-09
0.15135901,5.2885057e-06,0.00017600673,0.69914591,4.9408458e-06,9.8494576e-09
0.15138194,5.4344829e-06,0.00018338732,0.68563566,5.2195572e-06,1.0262255e-08
0.15140434,5.5856643e-06,0.000190592,0.67174001,5.5145662e-06,7.2946484e-09
0.15142909,5.7993268e-06,0.00020019389,0.65406305,5.9222026e-06,8.5552408e-09
0.15145488,6.0111252e-06,0.00020993981,0.63743083,6.3427015e-06,9.8668068e-09
0.15148172,6.1721802e-06,0.00021817085,0.61982461,6.6802037e-06,7.4402235e-09
0.15150971,6.429522e-06,0.00022992772,0.60079675,7.1705817e-06,8.7817906e-09
0.15153723,6.7195355e-06,0.00024349878,0.57920729,7.6915839e-06,1.0063849e-08
0.1515678,6.9944738e-06,0.0002576578,0.55512044,8.2106497e-06,8.4835431e-09
0.15159979,7.2722843e-06,0.00027244901,0.53562057,8.7045843e-06,9.4328342e-09
0.15163292,7.5439459e-06,0.00028862506,0.5199082,9.2377665e-06,9.1544325e-09
0.1516659,8.0090668e-06,0.00031206191,0.48875608,1.0030475e-05,1.021285e-08
0.15170303,8.4536964e-06,0.00033546866,0.46130644,1.0830064e-05,6.7614006e-09
0.15174259,8.960575e-06,0.00036102,0.43471924,1.1730833e-05,8.1494098e-09
0.15178412,8.9907066e-06,0.00036592206,0.43290093,1.1951847e-05,8.2599169e-09
0.15182346,9.2376523e-06,0.00037597366,0.4187368,1.2415024e-05,7.1606192e-09
0.15186691,1.0496037e-05,0.0004186985,0.39128742,1.4247575e-05,8.4908896e-09
0.1519116,1.0022384e-05,0.00038100919,0.42064626,1.3655002e-05,8.2152174e-09
0.15195776,9.4660073e-06,0.00033728178,0.4315794,1.303203e-05,7.8857093e-09
0.15200311,1.0557049e-05,0.00035225058,0.40216551,1.4741822e-05,8.478378e-09
0.15205227,1.1586998e-05,0.00035797457,0.36358703,1.6390613e-05,8.8927246e-09
0.15210405,1.2008186e-05,0.00034235469,0.37784769,1.7102852e-05,8.7059582e-09
0.15215568,1.0641332e-05,0.00027893763,0.39379578,1.5231169e-05,7.4369411e-09
0.15220932,1.1116051e-05,0.00027062799,0.3877265,1.6096143e-05,8.507465e-09
0.1522573,1.0958168e-05,0.00024816401,0.36593932,1.5953359e-05,9.7190635e-09
0.15230912,1.1241462e-05,0.00023765232,0.36679861,1.6486095e-05,9.4689851e-09
0.15236024,1.1107776e-05,0.00022006373,0.36157931,1.6403706e-05,9.08582e-09
0.15241233,1.1184569e-05,0.0002083928,0.3622384,1.6624271e-05,7.7978029e-09
0.15246151,1.1291551e-05,0.00019939372,0.35722507,1.6897753e-05,9.4941026e-09
0.15251442,1.1329699e-05,0.00018963828,0.35533906,1.7077738e-05,8.1224172e-09
0.15256727,1.1232257e-05,0.00017906585,0.35898284,1.7035711e-05,1.0025145e-08
0.15261971,1.1117875e-05,0.00016931408,0.3639871,1.6940956e-05,8.1534383e-09
0.15266841,1.0885913e-05,0.00015920855,0.37473973,1.6648403e-05,9.1103622e-09
0.15271901,1.060798e-05,0.00014926583,0.38637845,1.6266534e-05,9.1255255e-09
0.15276836,1.0315059e-05,0.00014003575,0.39990309,1.5821661e-05,9.1276939e-09
0.15281617,9.9726493e-06,0.00013098679,0.4155651,1.5255125e-05,8.6927776e-09
0.15285973,9.6600432e-06,0.00012354982,0.43070913,1.4738658e-05,8.9880428e-09
0.15290456,9.3444527e-06,0.00011632942,0.44737431,1.4180542e-05,8.7598834e-09
0.15294783,9.0080479e-06,0.0001094458,0.46441036,1.3575692e-05,9.5574782e-09
0.15299043,9.0639434e-06,0.00010812789,0.45200567,1.3675296e-05,9.6525855e-09
0.15303305,8.6461048e-06,0.00010106863,0.47808878,1.2986622e-05,8.0121577e-09
0.15307253,8.8125732e-06,0.0001016025,0.47333235,1.3209218e-05,7.6657056e-09
0.15311392,8.4308676e-06,9.5685595e-05,0.4913728,1.2538853e-05,8.5184311e-09
0.15315498,8.4483043e-06,9.4839933e-05,0.48329814,1.2540747e-05,7.5769e-09
0.15319592,8.6861455e-06,9.6523953e-05,0.48031011,1.2823768e-05,1.0156834e-08
0.15323402,8.4063783e-06,9.2490964e-05,0.48584508,1.2361088e-05,8.9340997e-09
0.15327447,9.1973509e-06,0.0001004613,0.45603836,1.3502409e-05,9.6431805e-09
0.15331508,9.0478928e-06,9.7704509e-05,0.46558509,1.3227332e-05,9.4308227e-09
0.15335614,8.7371231e-06,9.3473321e-05,0.4749583,1.2732238e-05,9.1570551e-09
0.1533956,9.567041e-06,0.00010240212,0.43782312,1.4043774e-05,9.6841281e-09
0.15343859,9.2722542e-06,9.903745e-05,0.44135334,1.361427e-05,9.4064684e-09
0.15348393,1.0308572e-05,0.00011083938,0.40902447,1.5223215e-05,9.0378176e-09
0.15353004,1.0360611e-05,0.0001118168,0.40759675,1.5208606e-05,9.8972506e-09
0.15357498,9.7588604e-06,0.00010630362,0.41952845,1.4177214e-05,9.8064737e-09
0.1536184,1.0796228e-05,0.00011966011,0.38969656,1.5686845e-05,1.0697644e-08
0.15366542,1.1592587e-05,0.00013079306,0.37499416,1.6725531e-05,8.2567879e-09
0.15371258,1.0590229e-05,0.0001211135,0.40844826,1.5051797e-05,9.8764829e-09
0.15375961,9.8741021e-06,0.00011487021,0.41196177,1.386264e-05,8.3305727e-09
0.15380406,9.9254633e-06,0.00011736652,0.41136706,1.3763543e-05,8.7518117e-09
0.15385168,1.1031536e-05,0.00013347405,0.3714108,1.5214455e-05,7.2370737e-09
0.15389979,1.2085359e-05,0.00014921944,0.36071038,1.6474807e-05,8.2926165e-09
0.1539481,1.1161045e-05,0.00014021574,0.38760756,1.4968814e-05,8.4116525e-09
0.15399393,1.1395289e-05,0.00014596152,0.38542551,1.512439e-05,8.1146131e-09
0.15404271,1.064261e-05,0.00013903999,0.38751981,1.3954381e-05,8.7152763e-09
0.15409232,1.1676359e-05,0.00015628995,0.34781626,1.5218463e-05,8.2025434e-09
0.15414273,1.2790525e-05,0.00017502883,0.33307027,1.6495168e-05,1.0154668e-08
0.15418938,1.23841e-05,0.00017237854,0.34570255,1.5755012e-05,8.8376612e-09
0.15423648,1.1060313e-05,0.00015564207,0.38808491,1.3759968e-05,9.9172663e-09
0.15428193,9.9705127e-06,0.00014194438,0.41115039,1.2186477e-05,9.0752942e-09
0.15432692,1.1116635e-05,0.00016060362,0.36773447,1.3498012e-05,9.876187e-09
0.15437345,1.1089214e-05,0.00016296495,0.36787899,1.3391416e-05,8.2566092e-09
0.15441681,1.1127676e-05,0.00016618487,0.36353565,1.33412e-05,8.3017398e-09
0.1544632,1.1257625e-05,0.0001716734,0.35441757,1.3434774e-05,8.7224252e-09
0.15451003,1.1368241e-05,0.00017676738,0.35099994,1.350194e-05,8.6608229e-09
0.1545571,1.1396477e-05,0.00018016559,0.35227034,1.3467255e-05,7.5836834e-09
0.15460105,1.1270414e-05,0.00017976571,0.36345979,1.3200453e-05,7.9817794e-09
0.1546461,1.0689952e-05,0.00016983656,0.39972776,1.2300092e-05,8.5411093e-09
0.15468815,1.0016229e-05,0.00015772648,0.43809961,1.1251388e-05,9.9993863e-09
0.15472602,8.8998134e-06,0.00013868244,0.49261978,9.6969838e-06,1.0466596e-08
0.15475768,8.0259194e-06,0.00012545612,0.53014234,8.5399065e-06,1.007441e-08
0.15478774,7.2850927e-06,0.00011347727,0.56081865,7.4556275e-06,9.2788156e-09
0.15481584,7.0270859e-06,0.00010887524,0.57593026,6.9457828e-06,1.0060816e-08
0.15484385,7.3217562e-06,0.0001132628,0.56425384,7.1466412e-06,9.3394926e-09
0.15487169,7.7476223e-06,0.0001216886,0.54965637,7.6510402e-06,9.187158e-09
0.15490224,7.5906043e-06,0.00012150403,0.56411876,7.5871929e-06,8.0512247e-09
0.15493147,7.1859606e-06,0.00011533077,0.58212751,7.1015813e-06,8.4324164e-09
0.1549613,7.8347997e-06,0.00013154549,0.54047993,7.9572212e-06,8.072712e-09
0.15499343,8.1421986e-06,0.00014130459,0.52565674,8.4730145e-06,8.9744233e-09
0.15502532,8.6015991e-06,0.00015438711,0.50120993,9.1486519e-06,9.3517726e-09
0.15506115,8.9895261e-06,0.00016584723,0.48394592,9.679123e-06,9.0323764e-09
0.15509824,9.3788929e-06,0.00017718279,0.46989426,1.0163789e-05,8.8326975e-09
0.15513701,9.5777057e-06,0.00018756447,0.46225137,1.0556332e-05,9.3477455e-09
0.15517469,1.0044041e-05,0.00020459351,0.44129443,1.1257459e-05,1.0017337e-08
0.15521742,1.0728754e-05,0.00022945096,0.41135773,1.2268138e-05,8.5368142e-09
0.15526299,1.0519304e-05,0.0002355278,0.42275784,1.2165901e-05,7.254268e-09
0.1553086,1.1157944e-05,0.00025924885,0.39082013,1.3018967e-05,8.3957064e-09
0.15535284,1.1638016e-05,0.00028184947,0.3723317,1.3730592e-05,8.1983226e-09
0.15540264,1.3295731e-05,0.00033805359,0.34747152,1.5853745e-05,9.654792e-09
0.15545404,1.2352178e-05,0.00032753936,0.3701759,1.4756689e-05,9.0280414e-09
0.15550515,1.1896223e-05,0.00032775035,0.36442766,1.4312675e-05,8.5825137e-09
0.15555717,1.3108439e-05,0.00037616444,0.3373503,1.5875943e-05,7.7473172e-09
0.15560753,1.3491948e-05,0.00040226063,0.32324699,1.6450005e-05,7.7447825e-09
0.1556628,1.3999386e-05,0.0004334288,0.31960022,1.7158133e-05,7.6022234e-09
0.15571884,1.2800991e-05,0.0004099022,0.33709533,1.5782549e-05,7.7135556e-09
0.15577758,1.3767671e-05,0.00045823781,0.3154484,1.714291e-05,9.1397139e-09
0.15583324,1.3898904e-05,0.00047607063,0.30827421,1.7378174e-05,8.4435196e-09
0.15589173,1.3823851e-05,0.00048572038,0.31183997,1.7338234e-05,8.1235545e-09
0.15594953,1.3475973e-05,0.00048352291,0.32373816,1.6920936e-05,7.9270899e-09
0.15600552,1.3006498e-05,0.00047398077,0.34087031,1.6321928e-05,7.5022262e-09
0.1560569,1.2750583e-05,0.00047055118,0.34894312,1.5990891e-05,7.6551396e-09
0.15611069,1.2515991e-05,0.00046728487,0.35632244,1.5688158e-05,9.441868e-09
0.1561634,1.2210646e-05,0.00045956446,0.36775018,1.529484e-05,7.6677993e-09
0.15621517,1.1918131e-05,0.00045068921,0.37012587,1.4924411e-05,7.7474089e-09
0.15626407,1.1934327e-05,0.0004544123,0.37022848,1.5005639e-05,7.5948781e-09
0.1563154,1.1535567e-05,0.00044019934,0.38388383,1.4504311e-05,9.3776147e-09
0.15636683,1.2352341e-05,0.00047261679,0.36570907,1.560309e-05,7.5335286e-09
0.1564181,1.1802726e-05,0.00045176388,0.37237042,1.4954619e-05,6.5447497e-09
0.15646946,1.1375139e-05,0.00043511267,0.3860231,1.4438585e-05,9.0763199e-09
0.15651741,1.1545765e-05,0.00044164927,0.37878815,1.4699008e-05,7.9898514e-09
0.15656772,1.0999328e-05,0.00041989784,0.39791868,1.4006807e-05,7.9673489e-09
0.15661744,1.1662197e-05,0.00044449703,0.38491809,1.4899709e-05,8.5809976e-09
0.1566668,1.1211406e-05,0.00042594292,0.38848748,1.439571e-05,8.7997956e-09
0.15671394,1.1843779e-05,0.00044512953,0.37602177,1.5271358e-05,8.7113278e-09
0.15676436,1.134504e-05,0.00042297589,0.37821592,1.4750007e-05,9.3589619e-09
0.15681548,1.1096671e-05,0.00040851475,0.38674154,1.4532811e-05,8.6691598e-09
0.15686724,1.2027864e-05,0.00043727514,0.37100096,1.5919381e-05,9.8316822e-09
0.15691604,1.2225867e-05,0.00043776998,0.36417669,1.6319744e-05,9.8504956e-09
0.15696866,1.1551585e-05,0.00040651907,0.37211774,1.5552098e-05,8.8003204e-09
0.15702039,1.136244e-05,0.0003937192,0.37840383,1.5357245e-05,8.0330066e-09
0.15707214,1.1322146e-05,0.00038556508,0.3777597,1.5402156e-05,8.8241342e-09
0.15712071,1.1247852e-05,0.00037637355,0.37796521,1.5388334e-05,8.7142179e-09
0.15717242,1.1231972e-05,0.0003685333,0.37655603,1.5474991e-05,9.3547793e-09
0.15722424,1.1229426e-05,0.00036064738,0.37434741,1.5581022e-05,8.8973199e-09
0.15727621,1.1172742e-05,0.00035053435,0.3744396,1.5623089e-05,9.3471097e-09
0.15732811,1.1264691e-05,0.00034396258,0.36439157,1.5875571e-05,8.0756208e-09
0.15737727,1.0789692e-05,0.00032129001,0.38353994,1.5337804e-05,9.4084402e-09
0.15742572,9.94633e-06,0.00029364083,0.41209564,1.4114997e-05,9.899688e-09
0.15747008,9.1606643e-06,0.00026898864,0.4441598,1.2883814e-05,7.1859987e-09
0.15751411,9.3633973e-06,0.00026964351,0.44347427,1.3143216e-05,8.9007913e-09
0.15755673,9.9478807e-06,0.00027829033,0.40664173,1.4116835e-05,9.5443783e-09
0.15760454,1.0333674e-05,0.00027952755,0.39202611,1.4864432e-05,1.0200781e-08
0.15765466,1.0708304e-05,0.0002816441,0.38149837,1.5606665e-05,7.8745837e-09
0.1577061,1.0842927e-05,0.00027817352,0.37586278,1.5948173e-05,8.6884979e-09
0.15775594,1.1260517e-05,0.00028138276,0.36168334,1.6722774e-05,9.5118543e-09
0.15781198,1.1989322e-05,0.0002899369,0.33762518,1.8042522e-05,8.3699322e-09
0.15787277,1.3133456e-05,0.00030712562,0.30126791,2.0048538e-05,9.6221546e-09
0.1579402,1.438981e-05,0.00032420226,0.26806166,2.225769e-05,8.2865041e-09
0.15800931,1.5371673e-05,0.00033353092,0.24823621,2.4030683e-05,9.3692893e-09
0.15808708,1.603677e-05,0.00033498132,0.23638748,2.5284827e-05,9.1568201e-09
0.15816816,1.6638828e-05,0.00033629784,0.2230907,2.643736e-05,9.8642285e-09
0.15825386,1.768094e-05,0.00034410453,0.20268444,2.8338984e-05,8.8587823e-09
0.15834597,1.8817722e-05,0.00035258451,0.18448682,3.0430989e-05,9.9707108e-09
0.15843759,1.9526374e-05,0.00035448764,0.1735426,3.1783739e-05,1.0153633e-08
0.15853867,2.0051893e-05,0.00035025419,0.16775313,3.2771877e-05,1.019119e-08
0.15864208,2.0358523e-05,0.00034546808,0.16435633,3.3491284e-05,9.8375044e-09
0.15874804,2.0714831e-05,0.00034114414,0.16172355,3.4324831e-05,9.2408205e-09
0.15884954,2.0891862e-05,0.00033540949,0.16094078,3.4889434e-05,1.0139445e-08
0.15895884,2.0985521e-05,0.0003287216,0.16108677,3.5278488e-05,1.0082349e-08
0.15906818,2.0758488e-05,0.00031688976,0.16630453,3.5037349e-05,9.4088643e-09
0.15917594,2.0327537e-05,0.00030404131,0.17430779,3.4401796e-05,9.3772672e-09
0.15927461,1.9554674e-05,0.00028710125,0.1874755,3.3126502e-05,9.0762406e-09
0.15937339,1.8159907e-05,0.00026246285,0.21061648,3.0690002e-05,1.0319302e-08
0.15946416,1.6872347e-05,0.00024135384,0.2324503,2.8401412e-05,8.3101914e-09
0.15954874,1.5682241e-05,0.0002223657,0.25974834,2.6269693e-05,8.0584992e-09
0.15962663,1.4439782e-05,0.00020340017,0.2911383,2.4007408e-05,1.0219553e-08
0.15969212,1.2796814e-05,0.00018021789,0.34020704,2.1033756e-05,8.0414177e-09
0.15975192,1.0794558e-05,0.00015312975,0.4105249,1.7359083e-05,8.8845909e-09
0.15980441,9.8307521e-06,0.00014021811,0.44407873,1.5499244e-05,7.6361662e-09
0.15985137,8.2693059e-06,0.00011958867,0.52087312,1.2687213e-05,8.6164558e-09
0.15988786,7.17319e-06,0.00010594225,0.57314914,1.0611394e-05,1.0048024e-08
0.15992622,8.228622e-06,0.00012186204,0.52322331,1.2251561e-05,8.2932282e-09
0.15996833,8.0760027e-06,0.0001197944,0.55881568,1.194412e-05,9.6574509e-09
0.16000715,7.7801027e-06,0.0001178059,0.56615196,1.1109765e-05,9.088773e-09
0.16004162,7.3003534e-06,0.00011204725,0.59417414,1.0109593e-05,1.0173211e-08
0.16007672,7.1079669e-06,0.00011051514,0.60936184,9.6010756e-06,6.4737916e-09
0.16011026,6.7890341e-06,0.00010714188,0.63174244,8.9067221e-06,7.2138284e-09
0.16014187,6.3904262e-06,0.00010291965,0.65429426,8.0716027e-06,8.4613972e-09
0.16016963,6.0480508e-06,9.9586848e-05,0.6860449,7.2543024e-06,6.9882964e-09
0.16019661,5.5355136e-06,9.3795617e-05,0.71928041,6.2032311e-06,8.5686742e-09
0.16022135,5.2552661e-06,9.2367172e-05,0.74092021,5.4980994e-06,7.5411892e-09
0.16024467,4.9423647e-06,9.0099197e-05,0.76184473,4.8124075e-06,7.0946465e-09
0.16026655,4.8550328e-06,9.1494241e-05,0.77650008,4.4612695e-06,1.0223452e-08
0.16028582,4.6463437e-06,9.0747632e-05,0.78940056,4.0927877e-06,7.9426146e-09
0.16030557,4.3869494e-06,8.8136729e-05,0.79886993,3.6907281e-06,8.7218713e-09
0.16032463,4.3259101e-06,8.9274867e-05,0.80162093,3.5009385e-06,1.0420995e-08
0.16034278,4.1832161e-06,8.9495691e-05,0.8095109,3.171136e-06,1.0125704e-08
0.16035917,4.0543583e-06,8.9181744e-05,0.8152655,2.9248464e-06,7.8486725e-09
0.1603762,4.0373077e-06,8.7849547e-05,0.7871421,3.3602363e-06,1.0185556e-08
0.16039697,5.2350871e-06,0.00010252586,0.68335783,5.8693267e-06,9.4890155e-09
0.16043228,1.0054395e-05,0.00017892651,0.56895721,1.3271856e-05,1.0696865e-08
0.16047248,9.8313369e-06,0.00016579796,0.076676954,1.4154049e-05,1.7487956e-08
0.16052807,1.3943077e-05,0.00021101124,0.020791663,2.0870253e-05,1.1024075e-08
0.1606416,7.4580812e-06,0.00011242516,0.47636939,1.0908566e-05,9.7636566e-09
0.16070762,1.0578214e-05,0.0001652154,0.37999087,1.5986614e-05,7.6966091e-09
0.16076329,1.2597205e-05,0.00020040738,0.30819871,1.9154306e-05,1.0117539e-08
0.16083724,2.0791794e-05,0.00034790638,0.083130412,3.2391401e-05,1.0353391e-08
0.16093312,2.1610366e-05,0.00038378659,0.1348658,3.3846092e-05,1.0273096e-08
0.16102568,1.8509583e-05,0.00035394361,0.18642609,2.8995507e-05,9.5251457e-09
0.16110571,1.4070488e-05,0.00029131287,0.28663767,2.2038731e-05,7.5098325e-09
0.16118004,1.5823655e-05,0.00035617373,0.25037346,2.4706371e-05,1.0649269e-08
0.16126207,1.3520735e-05,0.00034808517,0.27617465,2.1166831e-05,9.619577e-09
0.16133544,1.3407887e-05,0.00040285497,0.19431473,2.1182967e-05,9.9479358e-09
0.16142139,2.1838502e-05,0.00069449223,0.10430973,3.5087725e-05,1.1667749e-08
0.16151738,2.0160271e-05,0.00069596164,0.1175869,3.2785385e-05,9.5953413e-09
0.16162931,2.0708954e-05,0.00078221271,0.11777274,3.3930044e-05,9.1220649e-09
0.16172782,2.1410553e-05,0.0008645161,0.10352102,3.5237832e-05,1.0333662e-08
0.16183345,2.1300394e-05,0.00089224405,0.27367474,3.4721874e-05,1.0174539e-08
0.1619164,1.7607899e-05,0.00070970809,0.20408863,2.8646128e-05,1.1916602e-08
0.16199507,1.7180414e-05,0.00062307775,0.16196885,2.7872609e-05,1.0343514e-08
0.16207136,1.6151e-05,0.00052215866,0.15799793,2.6087019e-05,1.2230574e-08
0.16214166,1.7087265e-05,0.00050593806,0.14884302,2.7511147e-05,9.995902e-09
0.16221302,1.5774949e-05,0.00042495927,0.2491008,2.5308587e-05,8.5174371e-09
0.16227767,1.4562272e-05,0.00036407134,0.20823142,2.3510461e-05,8.8411793e-09
0.16234647,1.3755458e-05,0.00031772121,0.21322238,2.2331145e-05,8.4270078e-09
0.16241614,1.3983573e-05,0.00029871572,0.22050823,2.2823732e-05,9.4154883e-09
0.16248998,1.5040591e-05,0.00029781135,0.22401335,2.467688e-05,9.0508139e-09
0.16256281,1.5121223e-05,0.00028142165,0.22755415,2.4847497e-05,9.9006566e-09
0.16263868,1.4652626e-05,0.00025815615,0.22372083,2.4126712e-05,9.6862499e-09
0.16271455,1.5212404e-05,0.00025563901,0.21151174,2.5113178e-05,9.7950809e-09
0.16279376,1.5144403e-05,0.00024483923,0.23238989,2.4983529e-05,7.5058266e-09
0.16286383,1.4202631e-05,0.00022397497,0.23445994,2.3315449e-05,8.1271449e-09
0.16293653,1.4446554e-05,0.0002228,0.40092619,2.3501623e-05,9.1069336e-09
0.16300525,1.2868369e-05,0.00019441312,0.42514558,2.0741209e-05,7.9728867e-09
0.16306706,8.4864359e-06,0.00013008357,0.5364355,1.3374707e-05,8.7820486e-09
0.16311585,1.1583713e-05,0.00017767983,0.32553329,1.8580661e-05,9.9543996e-09
0.16317819,1.4453968e-05,0.00021589889,0.31628598,2.3583927e-05,8.8240618e-09
0.16325334,1.8513507e-05,0.00026805104,0.33420813,2.9914053e-05,1.3619592e-08
0.16330606,9.6672695e-06,0.00014238698,0.35225737,1.5330524e-05,8.0424027e-09
0.16335091,7.7175071e-06,0.00011687069,0.5443183,1.1656974e-05,8.8504449e-09
0.1633881,5.137247e-06,7.90479e-05,0.61208653,7.441428e-06,1.0110157e-08
0.16342625,5.7678156e-06,8.4996619e-05,0.44836213,8.3654049e-06,9.2228557e-09
0.16346707,6.5038803e-06,9.3650042e-05,0.33417429,9.7562297e-06,9.041291e-09
0.16350988,7.8293948e-06,0.00011190724,0.16066699,1.1946823e-05,1.1935873e-08
0.1635501,8.4848904e-06,0.00012214289,0.15203247,1.2964909e-05,1.3173124e-08
0.16359361,1.2355515e-05,0.00017974762,0.27319218,1.8840373e-05,1.0645132e-08
0.16363607,7.7063164e-06,0.00011408468,0.28430641,1.1760675e-05,6.8303552e-09
0.16368317,1.2217638e-05,0.00018283876,0.18358758,1.8701673e-05,9.1706013e-09
0.16372587,8.7677453e-06,0.0001327447,0.51138119,1.2984951e-05,9.4590165e-09
0.16376757,8.4893889e-06,0.00013302125,0.18637803,1.2578813e-05,8.3635827e-09
0.16381301,1.2615889e-05,0.00020369687,0.35048203,1.8578612e-05,1.2767761e-08
0.16385888,1.1089655e-05,0.00018632668,0.20946149,1.6394011e-05,8.1250672e-09
0.16390797,1.1924904e-05,0.00020678688,0.22552649,1.7688542e-05,8.8439652e-09
0.16396426,1.2726899e-05,0.00022719718,0.21165826,1.8876729e-05,9.7803969e-09
0.16402607,1.4670772e-05,0.00027133319,0.19146325,2.1677331e-05,9.9766132e-09
0.16409044,1.4074475e-05,0.00027859475,0.018655431,2.0854582e-05,7.8171641e-09
0.16415347,1.4233384e-05,0.00030425231,0.011775949,2.1039486e-05,8.5475137e-09
0.16421278,1.4303404e-05,0.00032937381,0.012213499,2.0974564e-05,8.1860912e-09
0.16427534,1.4213202e-05,0.00035590851,0.011055778,2.0645755e-05,9.7633988e-09
0.16433793,1.4483532e-05,0.00039786261,0.011413136,2.0846184e-05,9.2067147e-09
0.16440111,1.4579947e-05,0.0004416381,0.011643641,2.0810186e-05,8.4907823e-09
0.16446103,1.4774541e-05,0.00049126951,0.0097132332,2.0927625e-05,8.0179877e-09
0.16452534,1.5019484e-05,0.00054565375,0.012149842,2.1113467e-05,7.9922099e-09
0.16459039,1.515138e-05,0.00057537985,0.011093392,2.1149944e-05,7.665718e-09
0.16465614,1.5423172e-05,0.00057790546,0.010838174,2.138991e-05,7.9449424e-09
0.16471867,1.5599056e-05,0.00056388861,0.013038547,2.1569662e-05,7.1184082e-09
0.16478594,1.5804428e-05,0.00054284663,0.01085461,2.1755935e-05,1.0030664e-08
0.16485403,1.6038138e-05,0.00051918034,0.011404139,2.2003071e-05,8.3256428e-09
0.16492276,1.6194885e-05,0.00049177126,0.0102759,2.214707e-05,8.1217305e-09
0.16499242,1.6500719e-05,0.00046924017,0.01073479,2.2487946e-05,7.5364777e-09
0.16505862,1.6567115e-05,0.00044270088,0.01192125,2.2564156e-05,8.2100455e-09
0.16512958,1.6833991e-05,0.00041903723,0.01006427,2.2899295e-05,9.3318172e-09
0.16520147,1.6933938e-05,0.00039399614,0.011649523,2.3023272e-05,8.1394006e-09
0.16527396,1.7090791e-05,0.00037363215,0.0098916345,2.3265039e-05,8.4700017e-09
0.16534286,1.7158277e-05,0.00035492191,0.011022587,2.3392975e-05,8.6581455e-09
0.16541696,1.732311e-05,0.00033909343,0.010063635,2.3660582e-05,8.9899588e-09
0.16549172,1.7290964e-05,0.00032185551,0.01051315,2.367482e-05,6.4887476e-09
0.16556733,1.7523429e-05,0.00031166326,0.011508156,2.4076167e-05,7.3835249e-09
0.16563926,1.7568467e-05,0.00030067977,0.010424605,2.4188194e-05,9.8203174e-09
0.16571629,1.7616331e-05,0.00029078402,0.012247542,2.4313557e-05,9.1309057e-09
0.16579413,1.779847e-05,0.00028456822,0.010177301,2.4646187e-05,7.1006306e-09
0.16587276,1.7785016e-05,0.00027625053,0.010121608,2.4710303e-05,9.0548407e-09
0.1659473,1.7839912e-05,0.00027033758,0.011389149,2.4887676e-05,8.845953e-09
0.16602743,1.7961338e-05,0.00026594195,0.0090796328,2.519846e-05,8.6868823e-09
0.16610829,1.7934003e-05,0.00025963871,0.0090359664,2.5280288e-05,7.5222934e-09
0.16618988,1.8007305e-05,0.00025532295,0.0088790074,2.5529674e-05,9.6902212e-09
0.16627251,1.8113224e-05,0.00025167695,0.025598797,2.5827871e-05,9.1660042e-09
0.1663508,1.8236397e-05,0.00024806733,0.14223775,2.6003686e-05,8.648257e-09
0.16643491,1.8305515e-05,0.00024328877,0.18401527,2.6172779e-05,7.9567594e-09
0.16651992,1.8398021e-05,0.00023979828,0.19749007,2.6399063e-05,8.4336392e-09
0.16659838,9.0856545e-06,0.00011660034,0.43017752,1.2650529e-05,9.7047975e-09
0.16664616,9.5252781e-06,0.0001263105,0.26790939,1.3283275e-05,1.0696398e-08
0.16669798,1.5411484e-05,0.00020347969,0.33646832,2.1643916e-05,1.3248113e-08
0.16675179,9.9792527e-06,0.00013172107,0.26364436,1.4083551e-05,7.895994e-09
0.1668162,1.6209045e-05,0.00020948375,0.26261334,2.3152317e-05,9.8152281e-09
0.16687794,1.557434e-05,0.00019893932,0.2766466,2.2356997e-05,9.9406536e-09
0.16694965,1.2367263e-05,0.00015469776,0.3771117,1.766227e-05,8.381807e-09
0.16701785,1.3987684e-05,0.0001747799,0.31664341,2.0190316e-05,9.0701773e-09
0.1670809,1.2626227e-05,0.00015693413,0.33681151,1.8272721e-05,8.5863135e-09
0.167136,1.1746954e-05,0.00014474888,0.37079892,1.6938171e-05,7.1422952e-09
0.16719039,1.0647432e-05,0.00013009464,0.39916482,1.5342094e-05,8.2490329e-09
0.16724256,1.0327452e-05,0.00012551723,0.40569008,1.4884833e-05,7.1298224e-09
0.16729454,1.1046429e-05,0.0001333963,0.39222654,1.5986022e-05,9.7315174e-09
0.16734645,9.9147408e-06,0.00011879691,0.42747764,1.4377001e-05,7.1590892e-09
0.16739512,1.0444825e-05,0.00012485904,0.39130259,1.5251746e-05,7.4594493e-09
0.16744732,1.0853009e-05,0.00012865464,0.40256723,1.5869285e-05,8.6357132e-09
0.16749982,1.0085361e-05,0.00011898759,0.41578886,1.4833683e-05,8.5851922e-09
0.16755482,1.2000703e-05,0.00014107259,0.34691347,1.7896962e-05,7.5823866e-09
0.16760877,1.2059172e-05,0.00014052337,0.36460931,1.8057573e-05,7.9737582e-09
0.16766825,1.1378817e-05,0.00013179081,0.36712718,1.7197276e-05,7.2692077e-09
0.16772958,1.2243324e-05,0.00014195412,0.33525524,1.865524e-05,9.068915e-09
0.16778619,1.1128869e-05,0.00012909973,0.36970776,1.6850575e-05,7.0293641e-09
0.16783668,1.0947463e-05,0.00012686254,0.37311326,1.6558327e-05,7.4744727e-09
0.16789204,1.152378e-05,0.00013371509,0.33573273,1.7585919e-05,9.4531474e-09
0.1679503,1.1976647e-05,0.00013852093,0.3309618,1.8329846e-05,8.2955362e-09
0.16800954,1.2728146e-05,0.00014662192,0.34385144,1.9451384e-05,9.981424e-09
0.16806427,1.0584531e-05,0.00012342073,0.26199434,1.6299571e-05,8.5638333e-09
0.16811879,1.4116643e-05,0.00016140092,0.36903857,2.1622394e-05,1.2040135e-08
0.16817374,8.8412528e-06,0.00010252757,0.34221989,1.3612091e-05,7.5600947e-09
0.16823103,1.3799705e-05,0.0001595777,0.30397848,2.1297643e-05,7.2933154e-09
0.16828783,9.7162811e-06,0.00011360334,0.26956572,1.5239867e-05,8.3675285e-09
0.1683472,1.3265228e-05,0.00015459033,0.17230644,2.1091251e-05,1.1242688e-08
0.1684142,1.0475886e-05,0.00011984473,0.43195357,1.6298351e-05,8.7067036e-09
0.16848031,1.2640761e-05,0.00014803786,0.16313843,2.0319493e-05,8.6482494e-09
0.16855273,1.6704442e-05,0.00019252657,0.29886405,2.6560939e-05,1.1420821e-08
0.1686125,1.2544513e-05,0.00014695222,0.32953934,1.9945243e-05,8.6170756e-09
0.1686637,9.3834888e-06,0.00011197927,0.45100628,1.4477703e-05,1.0875042e-08
0.16870689,8.5296025e-06,0.00010272702,0.47861478,1.2740464e-05,9.1503937e-09
0.16874687,8.0999925e-06,9.8424548e-05,0.47378595,1.1933782e-05,7.1550494e-09
0.16878241,7.4739693e-06,9.1362075e-05,0.52769039,1.0843698e-05,8.5320749e-09
0.16881779,7.6687811e-06,9.4607244e-05,0.51919231,1.0942758e-05,7.2601332e-09
0.16885367,7.5560034e-06,9.4179391e-05,0.46421541,1.0956522e-05,9.6693534e-09
0.16889504,9.7464461e-06,0.0001213486,0.40654355,1.4548786e-05,1.0084764e-08
0.16894479,1.0936389e-05,0.00013677509,0.38910283,1.6527226e-05,9.6948508e-09
0.16899203,9.7743217e-06,0.00012429237,0.45272019,1.4588048e-05,7.1308338e-09
0.16903288,7.6483873e-06,0.00010008727,0.57592688,1.0858919e-05,8.1162071e-09
0.16906144,5.3882523e-06,7.3145821e-05,0.70812666,6.8632385e-06,1.044891e-08
0.16908123,4.2965201e-06,6.0927675e-05,0.75077495,4.8761571e-06,9.3488226e-09
0.16909914,4.739936e-06,6.9562031e-05,0.70680336,5.5015069e-06,9.6511501e-09
0.16912147,5.3930407e-06,7.6869796e-05,0.65902855,6.7824485e-06,6.8026444e-09
0.16914531,5.3645619e-06,7.5902104e-05,0.66198593,6.6913572e-06,8.3873116e-09
0.1691681,4.978713e-06,7.1438572e-05,0.6910016,5.932418e-06,7.6998739e-09
0.16918789,4.8367658e-06,7.0958402e-05,0.703108,5.4583661e-06,8.5867343e-09
0.16920965,5.2482632e-06,7.694847e-05,0.68990165,5.9093119e-06,7.9798113e-09
0.16923247,5.2134231e-06,7.8097809e-05,0.72311079,5.6149944e-06,9.6821499e-09
0.16925349,4.926382e-06,7.7649283e-05,0.75557559,4.7582158e-06,8.4268087e-09
0.16927208,4.6864374e-06,7.7470215e-05,0.77791374,4.1180398e-06,7.4392081e-09
0.16929126,4.768778e-06,8.0362922e-05,0.77716574,4.1381136e-06,7.8122696e-09
0.16931044,4.6399003e-06,8.0549148e-05,0.78289961,3.8484841e-06,7.1258765e-09
0.16932913,4.5645103e-06,8.1698246e-05,0.7995285,3.6235944e-06,1.0689639e-08
0.16934681,4.4456845e-06,8.2914753e-05,0.7948455,3.4647758e-06,6.615201e-09
0.16936361,4.366865e-06,8.3567797e-05,0.80616567,3.3272379e-06,9.9133239e-09
0.16938086,4.4949783e-06,8.6910964e-05,0.79896599,3.4392495e-06,7.2115437e-09
0.16939824,4.2999784e-06,8.5612212e-05,0.79916252,3.1584719e-06,8.3358199e-09
0.16941541,4.3171657e-06,8.7760531e-05,0.80764042,3.1127525e-06,8.3264123e-09
0.16943082,4.1758772e-06,8.8073787e-05,0.81391568,2.8181053e-06,1.0046668e-08
0.16944651,4.0117956e-06,8.8920606e-05,0.82593472,2.5669711e-06,9.7078654e-09
0.16946155,3.9883173e-06,9.1551608e-05,0.82779026,2.4079901e-06,7.5235511e-09
0.16947606,3.8718924e-06,9.2781378e-05,0.83348793,2.1981435e-06,7.9947688e-09
0.1694894,3.798396e-06,9.4333688e-05,0.83523736,2.0790677e-06,8.9842336e-09
0.1695037,3.8723656e-06,9.0260545e-05,0.79652898,2.8229132e-06,1.046913e-08
0.16952162,5.1210528e-06,0.00010731866,0.69444423,4.9851192e-06,1.1590984e-08
0.1695496,7.6032709e-06,0.00014772172,0.63416067,8.6715119e-06,1.1381658e-08
0.16958261,8.4750816e-06,0.00016678822,0.63368724,9.8802279e-06,2.0831365e-08
0.1696086,4.516797e-06,8.4951717e-05,0.71190181,5.2969545e-06,1.1031934e-08
0.16963879,3.9211184e-06,6.8145758e-05,0.72905117,4.6751259e-06,8.6949793e-09
0.1696776,1.2386774e-05,0.00021536933,0.037964754,1.7001629e-05,1.232275e-08
0.16973074,6.6758426e-06,0.00010323691,0.58662022,8.8268014e-06,9.4907844e-09
0.16977273,9.7320585e-06,0.00015530967,0.14248025,1.3779437e-05,1.1449652e-08
0.1698271,1.0652838e-05,0.00017536495,0.30398906,1.5281025e-05,7.7368534e-09
0.16988703,1.5258231e-05,0.0002711124,0.37132246,2.2232101e-05,1.0281649e-08
0.16995258,1.6846132e-05,0.00033211221,0.033862247,2.5196565e-05,1.0729278e-08
0.17002337,8.6304594e-06,0.0001830743,0.24925516,1.2689702e-05,7.8060321e-09
0.170103,1.7554053e-05,0.00042357738,0.023055044,2.6710786e-05,1.2135025e-08
0.17020086,2.7936103e-05,0.0007656646,0.30897156,4.1998787e-05,2.6559056e-08
0.1702735,1.6268019e-05,0.00051942197,0.041372879,2.511251e-05,9.0384755e-09
0.1703498,1.051117e-05,0.00037210632,0.25426379,1.5872313e-05,6.6631506e-09
0.17041945,9.7226336e-06,0.00037638743,0.31077453,1.4664692e-05,6.5984029e-09
0.17048827,7.4977036e-06,0.00029574301,0.52772172,1.1197805e-05,6.1304325e-09
0.17056499,2.3568684e-05,0.00088513163,0.022077322,3.7302973e-05,1.0472098e-08
0.17067384,1.9459026e-05,0.00058390193,0.54270036,2.9811083e-05,1.7388745e-08
0.17077296,1.2107483e-05,0.00030209946,0.2251822,1.8539843e-05,1.1853618e-08
0.17088458,2.9557301e-05,0.00064692642,0.020539591,4.906265e-05,1.1451565e-08
0.1710148,2.7409143e-05,0.00050896598,0.28819354,4.5416336e-05,2.813881e-08
0.1711456,2.4062843e-05,0.00039579137,0.29077154,4.0896366e-05,1.8083538e-08
0.1712596,1.7453183e-05,0.00026184731,0.3559514,3.0225013e-05,9.7600977e-09
0.17136588,2.0091161e-05,0.00028729277,0.35039355,3.5411806e-05,1.1064873e-08
0.17144288,2.7465038e-05,0.0003764131,0.018678369,4.9195127e-05,1.297828e-08
0.17151982,1.3022483e-05,0.00017117421,0.015648912,2.3325329e-05,9.06638e-09
0.17162539,2.3035166e-05,0.00029291749,0.045595978,4.2134791e-05,9.3209894e-09
0.17169383,8.0275741e-06,0.00010192466,0.49244092,1.4249002e-05,8.398951e-09
0.17175149,1.4017186e-05,0.00017799714,0.22048452,2.5264739e-05,1.0862562e-08
0.17181577,1.1385464e-05,0.000143622,0.36537926,2.0308939e-05,9.3459182e-09
0.17186914,8.006089e-06,9.9003364e-05,0.51676752,1.3982224e-05,7.3223631e-09
0.17191764,8.6725973e-06,0.00010452535,0.22752557,1.4955913e-05,8.2269619e-09
0.1719635,1.2840358e-05,0.00015211435,0.34719186,2.1977857e-05,1.186885e-08
0.17200568,6.0712675e-06,7.0549701e-05,0.5938556,1.0129738e-05,6.3107569e-09
0.17205007,7.080268e-06,8.0841153e-05,0.26635176,1.1939592e-05,6.9316463e-09
0.17209411,7.9336148e-06,9.0280436e-05,0.21071242,1.349305e-05,6.8804684e-09
0.17214276,1.1899772e-05,0.00013588754,0.16939255,2.0309504e-05,1.0560516e-08
0.1721938,1.019745e-05,0.00011681158,0.23427053,1.7316084e-05,9.1833117e-09
0.17225,1.2494817e-05,0.00014417262,0.20111378,2.1163888e-05,1.0090775e-08
0.17230351,1.2087632e-05,0.00014011441,0.057545269,2.0524427e-05,8.9607576e-09
0.17235849,1.1968119e-05,0.00014078087,0.011309423,2.0232819e-05,8.5947495e-09
0.172413,1.1966396e-05,0.00014362004,0.011501887,2.0016628e-05,8.0719787e-09
0.17246731,1.2066064e-05,0.00014716897,0.0098051193,1.9889848e-05,7.8355169e-09
0.17251828,1.2049991e-05,0.00014931389,0.011490032,1.9578014e-05,9.8544147e-09
0.17257233,1.2156617e-05,0.0001536249,0.010023968,1.9460129e-05,9.341535e-09
0.17262676,1.2295545e-05,0.00015826534,0.012020805,1.933901e-05,8.3113073e-09
0.17268146,1.2425524e-05,0.0001628975,0.010503856,1.9200153e-05,7.7970496e-09
0.1727366,1.2613147e-05,0.00016865318,0.012933944,1.9162608e-05,7.9936383e-09
0.17278874,1.2636769e-05,0.00017232882,0.012995443,1.8947243e-05,9.4166866e-09
0.17284452,1.2871878e-05,0.00017920078,0.011474317,1.9062948e-05,8.1328003e-09
0.17290068,1.2975055e-05,0.00018441056,0.013798324,1.8984178e-05,9.4802618e-09
0.17295712,1.3057907e-05,0.00018967809,0.011647157,1.8913668e-05,8.0988827e-09
0.17301069,1.3278128e-05,0.00019705952,0.012585709,1.9067575e-05,9.6718659e-09
0.17306802,1.3376073e-05,0.0002032014,0.013911343,1.9050056e-05,7.2775468e-09
0.17312567,1.3475726e-05,0.00021026933,0.012095347,1.9042127e-05,8.3244406e-09
0.17318389,1.3724245e-05,0.00022015319,0.013643065,1.923426e-05,9.820003e-09
0.17323911,1.3826769e-05,0.00022792788,0.014630273,1.9239038e-05,7.6523396e-09
0.17329814,1.3910311e-05,0.00023627746,0.013150584,1.9220135e-05,8.6606073e-09
0.17335778,1.416878e-05,0.00024817281,0.013646047,1.9431419e-05,1.0414053e-08
0.17341796,1.4279456e-05,0.00025774323,0.015494835,1.9440428e-05,8.0421732e-09
0.17347499,1.4363247e-05,0.00026729695,0.012739715,1.9457852e-05,9.8064172e-09
0.17353621,1.4629706e-05,0.00028106638,0.012414866,1.9700436e-05,8.1241779e-09
0.17359804,1.4759328e-05,0.00029322641,0.014127699,1.9788863e-05,8.9458214e-09
0.17366034,1.4842456e-05,0.00030544433,0.012013305,1.9827385e-05,1.0754079e-08
0.17372334,1.5112187e-05,0.00032230905,0.011913232,2.0102999e-05,7.6007807e-09
0.17378323,1.5250128e-05,0.00033660695,0.013896609,2.0208708e-05,8.5938306e-09
0.17384736,1.5329505e-05,0.00035123345,0.012027456,2.0247826e-05,1.1020736e-08
0.17391219,1.5597095e-05,0.00037127228,0.011309132,2.0543276e-05,9.0111841e-09
0.17397776,1.5709847e-05,0.00038848364,0.013094987,2.0637453e-05,6.9741009e-09
0.17403998,1.5800266e-05,0.00040515235,0.011260554,2.0719886e-05,8.5738201e-09
0.17410687,1.6064034e-05,0.00042880921,0.010928317,2.1045874e-05,9.5828029e-09
0.17417457,1.6148e-05,0.0004486309,0.012927168,2.1104742e-05,8.5177606e-09
0.17424285,1.6312001e-05,0.00047238287,0.011651773,2.1286121e-05,9.7935754e-09
0.17430793,1.6510335e-05,0.00049795677,0.01294428,2.1483128e-05,1.010354e-08
0.17437779,1.6559521e-05,0.00052058305,0.014101315,2.1487239e-05,8.0205853e-09
0.17444827,1.6759635e-05,0.00054902808,0.014967509,2.1726397e-05,9.7788786e-09
0.17451956,1.6863599e-05,0.00057370829,0.018999482,2.1818756e-05,9.1783303e-09
0.17458735,1.7013917e-05,0.00059751204,0.022421057,2.2015934e-05,7.8844253e-09
0.17465987,1.7095402e-05,0.00061730968,0.040949025,2.2100462e-05,9.9801115e-09
0.1747335,1.742012e-05,0.00064232448,0.096820462,2.2452245e-05,8.485402e-09
0.17480788,1.7603186e-05,0.00065622983,0.23764809,2.2530099e-05,8.4450323e-09
0.1748679,1.5675176e-05,0.00057817347,0.47676444,1.9686047e-05,1.5889157e-08
0.17492219,1.670316e-05,0.00062643116,0.2175814,2.1278704e-05,7.8245291e-09
0.17499613,1.8014366e-05,0.00067153216,0.027261778,2.3095861e-05,1.0489362e-08
0.17507532,1.8147994e-05,0.00067253991,0.083277751,2.3246549e-05,9.6025498e-09
0.17514931,1.7369241e-05,0.00063498735,0.15036888,2.2123226e-05,7.6357106e-09
0.1752215,1.9147662e-05,0.00068317222,0.18991391,2.432957e-05,9.4493913e-09
0.17529143,1.1593012e-05,0.00041882854,0.47134909,1.4543863e-05,8.9943437e-09
0.17534919,1.7019465e-05,0.00061220507,0.49897651,2.109885e-05,1.4232569e-08
0.17540751,1.6695634e-05,0.00058385048,0.056170954,2.1200147e-05,9.9298203e-09
0.17548053,1.7661471e-05,0.00059238357,0.021667367,2.2644945e-05,7.2702369e-09
0.17555639,1.6909504e-05,0.00056938925,0.017481846,2.1577479e-05,8.0799316e-09
0.17562709,1.7317903e-05,0.00055987304,0.016461774,2.2202033e-05,8.9449151e-09
0.1757069,1.822192e-05,0.00057520098,0.018447668,2.3546821e-05,9.858806e-09
0.17578573,1.7029307e-05,0.00053216965,0.033886678,2.1990433e-05,8.4317637e-09
0.17585657,1.878959e-05,0.00056213815,0.14584856,2.4327804e-05,9.6744642e-09
0.17593592,1.1417331e-05,0.00033956079,0.50782603,1.4499653e-05,9.2052188e-09
0.17598309,1.1699444e-05,0.00035252071,0.37186379,1.5050164e-05,9.5407022e-09
0.17604147,1.4528295e-05,0.00042964283,0.43529725,1.8594489e-05,9.5378384e-09
0.17610272,1.7894547e-05,0.00050619846,0.14141414,2.3535884e-05,1.0250892e-08
0.17619042,2.0961318e-05,0.00055964187,0.28439915,2.7764493e-05,1.3704396e-08
0.17624555,9.9952622e-06,0.00027241712,0.52375991,1.3053468e-05,8.4077701e-09
0.17629909,1.4821595e-05,0.00039886939,0.36226972,1.9456513e-05,9.6952498e-09
0.17635897,1.394967e-05,0.00036164558,0.35421369,1.8408045e-05,8.3609576e-09
0.17643383,2.0064204e-05,0.00049001831,0.20505011,2.7002502e-05,9.5486873e-09
0.17651765,1.0259421e-05,0.00024870272,0.54369254,1.3627866e-05,9.2392625e-09
0.17657551,9.9566505e-06,0.00024124884,0.39676815,1.327609e-05,9.5906302e-09
0.17663378,1.1026622e-05,0.00025799869,0.33053871,1.4746689e-05,1.0550441e-08
0.17671568,1.4495018e-05,0.00031538953,0.3771435,1.9666568e-05,7.3886254e-09
0.17677921,8.5526832e-06,0.00018691148,0.49878898,1.1441602e-05,9.4447612e-09
0.17683821,1.0160042e-05,0.00022199456,0.41532339,1.3779868e-05,1.0756728e-08
0.17690402,1.5025194e-05,0.00031088176,0.27540453,2.0588833e-05,9.230138e-09
0.17697446,1.724043e-05,0.00034201106,0.23550377,2.396359e-05,8.2225984e-09
0.17705828,1.5709707e-05,0.00029983839,0.26901452,2.204257e-05,9.0304345e-09
0.17712968,1.6156977e-05,0.00030523857,0.24266975,2.2749566e-05,9.4401648e-09
0.17721344,1.3889955e-05,0.00024789654,0.33195102,1.9587833e-05,7.1069919e-09
0.17728605,1.4860894e-05,0.00026046706,0.28992032,2.1121474e-05,7.1814036e-09
0.17735466,1.1543793e-05,0.00020206141,0.34236747,1.6445309e-05,7.4934497e-09
0.17742678,1.7914389e-05,0.00030199462,0.29086555,2.5500923e-05,8.2092658e-09
0.17750263,1.4646911e-05,0.00024040618,0.28667887,2.1108808e-05,9.9726288e-09
0.17758702,1.7545129e-05,0.00027796538,0.27090407,2.5493089e-05,9.507173e-09
0.17766784,1.7143854e-05,0.00027121552,0.30753533,2.4997084e-05,9.9181089e-09
0.17774442,1.4573578e-05,0.00022579436,0.30133193,2.138482e-05,9.7300292e-09
0.17783067,1.5778734e-05,0.00023556657,0.28726082,2.3321661e-05,8.3014517e-09
0.17791463,1.5619354e-05,0.00022928349,0.29587316,2.316338e-05,1.0516292e-08
0.17799531,1.7514108e-05,0.00025570145,0.22555501,2.6059804e-05,1.1369381e-08
0.17807605,1.5539231e-05,0.00022346868,0.21409613,2.3175045e-05,1.0050691e-08
0.17816836,2.0722009e-05,0.00028862845,0.20795936,3.0913917e-05,9.0232968e-09
0.17825431,1.7483789e-05,0.00024370233,0.23028124,2.6162921e-05,1.0435393e-08
0.17834271,1.6861986e-05,0.00023503108,0.35020999,2.5129785e-05,8.7902415e-09
0.17843397,2.128358e-05,0.00028853764,0.21178103,3.1938639e-05,1.2308119e-08
0.17852994,1.7064841e-05,0.00023042391,0.24990348,2.5716066e-05,7.2993505e-09
0.1786159,1.8813e-05,0.00025617378,0.21015485,2.8448812e-05,9.9213119e-09
0.17870636,1.8922338e-05,0.00025603986,0.24671852,2.8541473e-05,9.9871456e-09
0.17879963,1.821673e-05,0.0002451538,0.15841668,2.7699754e-05,9.7327898e-09
0.17889499,1.7039941e-05,0.00023099045,0.20819704,2.5918785e-05,9.8699322e-09
0.17899142,2.3020517e-05,0.00031622145,0.19967827,3.4874299e-05,1.2626107e-08
0.1790829,1.749211e-05,0.00024242378,0.20251108,2.6588546e-05,1.0880536e-08
0.17918542,2.1851068e-05,0.00030401275,0.13828813,3.3279464e-05,9.1819336e-09
0.17928876,2.1092725e-05,0.00030227209,0.19403388,3.2040566e-05,9.9009996e-09
0.17938794,2.7266829e-05,0.00040045862,0.15920345,4.1249233e-05,1.2732717e-08
0.17948456,2.825596e-05,0.00042438741,0.1454026,4.2738435e-05,1.1732548e-08
0.17958022,2.5038901e-05,0.00038873604,0.18491286,3.7798762e-05,1.2825423e-08
0.17967536,2.0748843e-05,0.00033968773,0.20477628,3.1368934e-05,1.0017294e-08
0.17978222,1.9666905e-05,0.00033857722,0.20923728,2.9709547e-05,9.5072199e-09
0.17989039,2.2114605e-05,0.00039974232,0.18813546,3.3408759e-05,8.6331448e-09
0.17999035,2.0109231e-05,0.00039066277,0.22232222,3.0360046e-05,9.9239292e-09
0.18009085,1.9386511e-05,0.00041154333,0.22781597,2.9322475e-05,1.0452818e-08
0.18020003,1.9883701e-05,0.00045952022,0.29897923,2.9927339e-05,8.5904986e-09
0.18030322,2.756129e-05,0.00069648204,0.16867162,4.1675508e-05,1.1549296e-08
0.18040208,2.4730256e-05,0.00070364732,0.1391174,3.7565705e-05,1.1137386e-08
0.18051314,2.2348906e-05,0.0007080186,0.18175949,3.4055272e-05,7.4735441e-09
0.18062255,2.3919228e-05,0.00083745052,0.16791024,3.6649601e-05,8.8533014e-09
0.18074904,2.5010055e-05,0.00096431928,0.32067529,3.8267951e-05,8.9936807e-09
0.18083905,1.5323592e-05,0.00062935396,0.22008548,2.3564981e-05,8.2409609e-09
0.18089969,1.0136577e-05,0.00042434199,0.32901313,1.5426272e-05,8.5420954e-09
0.18094058,7.1423439e-06,0.00029704018,0.49362649,1.0517401e-05,9.8393476e-09
0.18096623,4.2489045e-06,0.00017503528,0.57628774,5.7903189e-06,5.2751189e-09
0.18098177,2.6380761e-06,0.00010623964,0.80576631,3.0272171e-06,6.4093505e-09
0.1809907,2.0260524e-06,7.9780333e-05,0.80382484,2.0680275e-06,9.963298e-09
0.18099708,1.7688502e-06,6.8331481e-05,0.83002664,1.3677021e-06,7.9426318e-09
0.181003,1.9984605e-06,7.4146437e-05,0.85854606,1.2785254e-06,9.0917561e-09
0.18100858,1.8924427e-06,6.8986293e-05,0.8424583,1.1653192e-06,8.5959221e-09
0.18101367,1.7532577e-06,6.1071936e-05,0.8601251,1.0697182e-06,8.7276439e-09
0.18101863,1.7386111e-06,5.6344464e-05,0.87567193,9.7364184e-07,6.9370748e-09
0.18102376,1.7495223e-06,5.3897419e-05,0.87717256,1.0627233e-06,8.769087e-09
0.18102891,1.8280311e-06,5.476227e-05,0.90192908,1.2136233e-06,8.4732758e-09
0.18103407,1.8336612e-06,5.2443094e-05,0.90835397,1.2781228e-06,7.605642e-09
0.18103987,1.9098209e-06,5.142057e-05,0.84780001,2.1591249e-06,1.1567923e-08
0.18104896,2.6776981e-06,7.3194654e-05,0.72870101,4.5610677e-06,7.142568e-09
0.18106429,4.1053725e-06,0.00011737969,0.56870792,7.0106054e-06,7.7184902e-09
0.18108796,5.9040458e-06,0.00017197366,0.4129554,9.3940679e-06,7.4489066e-09
0.18112271,6.6401215e-06,0.00019014612,0.29779853,1.0083282e-05,5.8365307e-09
0.18116188,1.0297763e-05,0.00028891628,0.21119428,1.58319e-05,8.2106425e-09
0.18122733,1.2645259e-05,0.00033705993,0.16969776,1.952796e-05,6.4604884e-09
0.18129372,1.4532986e-05,0.00036442084,0.11157614,2.2772429e-05,7.8557913e-09
0.18138546,2.0630194e-05,0.00048247982,0.021260656,3.2805644e-05,1.0074002e-08
0.18149309,2.2305127e-05,0.00047922943,0.01050653,3.5974833e-05,9.3800748e-09
0.18160859,2.3654821e-05,0.0004616636,0.010836606,3.8455598e-05,9.9680081e-09
0.18173015,2.4388606e-05,0.00043828004,0.010297934,3.9852095e-05,9.7008425e-09
0.18184727,2.4819459e-05,0.00041842736,0.014842973,4.0748513e-05,7.1692519e-09
0.18195746,1.6087441e-05,0.00026046229,0.14258184,2.6572054e-05,9.241272e-09
0.18203774,1.5453489e-05,0.00024547353,0.15359987,2.5627134e-05,9.8251255e-09
0.18212029,1.626182e-05,0.00025421599,0.14089568,2.708152e-05,1.000853e-08
0.18220215,1.8877862e-05,0.00028748914,0.37136306,3.1039238e-05,8.055621e-09
0.18227325,1.04179e-05,0.00015442151,0.30377373,1.6986422e-05,8.3791444e-09
0.18232463,1.0744213e-05,0.00015870993,0.35240484,1.7418169e-05,7.1602436e-09
0.18237205,7.6410846e-06,0.00011208006,0.46076767,1.2209858e-05,9.0809512e-09
0.18240772,7.13288e-06,0.00010319884,0.5094541,1.1248703e-05,6.9227537e-09
0.18244038,6.3009825e-06,9.1251409e-05,0.59081713,9.7547047e-06,8.4230391e-09
0.18246592,4.5274227e-06,6.455994e-05,0.68255141,6.6169234e-06,8.3342789e-09
0.18248583,4.0082115e-06,5.6671791e-05,0.77074683,5.5587285e-06,6.8858554e-09
0.18249985,2.7729456e-06,3.8066564e-05,0.85982569,3.3684353e-06,6.6117357e-09
0.18251161,2.8322314e-06,4.0013199e-05,0.84138382,3.8273557e-06,7.2925283e-09
0.18252886,5.2921993e-06,7.8194833e-05,0.55756405,8.530849e-06,1.0626249e-08
0.1825579,4.5117659e-06,6.720435e-05,0.76853201,6.2472646e-06,9.3396959e-09
0.1825752,4.454017e-06,6.8134573e-05,0.58188078,6.4024936e-06,7.8560938e-09
0.1826031,6.2818861e-06,9.3789049e-05,0.51778277,8.9662242e-06,8.8248813e-09
0.18263869,8.5792779e-06,0.00012689587,0.44585232,1.2412751e-05,9.0016111e-09
0.18267896,7.7513601e-06,0.00011443279,0.51720845,1.1134299e-05,9.4833107e-09
0.18270444,4.8250958e-06,7.2513221e-05,0.74095848,6.6352593e-06,7.0209349e-09
0.18272171,3.7467902e-06,5.519618e-05,0.82477365,4.770489e-06,7.9264536e-09
0.18274,4.707806e-06,7.2910425e-05,0.66635218,6.5689643e-06,9.5101936e-09
0.18277211,1.111721e-05,0.00017284131,0.26483817,1.6511033e-05,1.201287e-08
0.18281805,8.3017938e-06,0.000132421,0.34749444,1.2367279e-05,8.4833682e-09
0.18286539,1.0407423e-05,0.00017201039,0.33949021,1.571174e-05,8.350871e-09
0.1829146,1.3049564e-05,0.00022045582,0.23668835,1.9882817e-05,1.0592721e-08
0.18297669,1.3108305e-05,0.00023928905,0.013323734,2.020033e-05,8.9355025e-09
0.18303979,1.3414582e-05,0.00026207635,0.011077913,2.0616052e-05,8.3110021e-09
0.1831037,1.3613086e-05,0.00028427506,0.011288421,2.0891315e-05,8.1142109e-09
0.18316376,1.3588104e-05,0.00030409914,0.012300451,2.0776092e-05,7.2706324e-09
0.18322781,1.3823016e-05,0.00033633186,0.0099554075,2.1024818e-05,1.0070395e-08
0.18329252,1.3975077e-05,0.00037347451,0.011758882,2.1129865e-05,9.2066302e-09
0.18335763,1.4128623e-05,0.00041884749,0.0097012525,2.1223577e-05,9.7923311e-09
0.18341961,1.4401985e-05,0.00047335331,0.010608445,2.148374e-05,8.6252529e-09
0.18348605,1.4483439e-05,0.00052975288,0.011517657,2.1457586e-05,8.346112e-09
0.18355305,1.4751333e-05,0.00058130337,0.010264169,2.1708353e-05,8.1882049e-09
0.18362082,1.4933245e-05,0.00059144628,0.012279626,2.1811641e-05,9.6006072e-09
0.18368521,1.512025e-05,0.00057797026,0.009472381,2.1932514e-05,8.5798051e-09
0.18375431,1.535612e-05,0.00055384857,0.010721877,2.2103915e-05,7.8824421e-09
0.18382414,1.5543141e-05,0.00052471889,0.0093928726,2.2216811e-05,1.0082472e-08
0.18389479,1.57791e-05,0.00049723191,0.010984303,2.2412699e-05,9.1940747e-09
0.18396601,1.5905892e-05,0.00046744004,0.010155761,2.2473943e-05,8.482218e-09
0.18403381,1.6133342e-05,0.00044368238,0.010433839,2.2718971e-05,7.8942826e-09
0.18410643,1.6193645e-05,0.00041312199,0.0096482418,2.2730009e-05,7.7362392e-09
0.18417982,1.637507e-05,0.00038798247,0.011849716,2.2935153e-05,9.769105e-09
0.18425396,1.6521341e-05,0.00036494853,0.010009421,2.3113737e-05,9.1830343e-09
0.18432437,1.658701e-05,0.00034440938,0.011916643,2.3173041e-05,7.9424072e-09
0.18439984,1.6788375e-05,0.00032891978,0.010565407,2.3458873e-05,9.1035434e-09
0.18447606,1.6853707e-05,0.00031356119,0.0094699962,2.3564244e-05,8.0950535e-09
0.18455291,1.6964876e-05,0.00030172253,0.010552043,2.3756043e-05,6.310443e-09
0.18462584,1.7140017e-05,0.00029376183,0.0089144546,2.4068277e-05,8.4408834e-09
0.18470405,1.716436e-05,0.00028384849,0.008827696,2.4190436e-05,9.3728257e-09
0.18478291,1.7255735e-05,0.00027615558,0.0094755952,2.4430816e-05,9.4415988e-09
0.18486257,1.7419468e-05,0.00027063337,0.0088194235,2.4806591e-05,9.1170468e-09
0.18494294,1.7450789e-05,0.00026353033,0.0082846104,2.4993646e-05,8.5447999e-09
0.18501925,1.7471612e-05,0.00025720801,0.011755398,2.5185651e-05,9.5275098e-09
0.18510128,1.7733767e-05,0.00025338119,0.099900873,2.5568225e-05,9.8639472e-09
0.18518405,1.7814655e-05,0.00024818965,0.13043638,2.583404e-05,6.8602481e-09
0.18526767,1.7893412e-05,0.00024360711,0.11799066,2.6152692e-05,9.1922709e-09
0.18534724,1.8032381e-05,0.00023959989,0.19389914,2.64174e-05,8.1214717e-09
0.18543243,1.8304981e-05,0.00023648295,0.28001702,2.6642347e-05,8.7297544e-09
0.18550967,1.6770004e-05,0.00021751564,0.21628938,2.4512425e-05,1.1148917e-08
0.18557519,1.7705831e-05,0.00022945682,0.31884353,2.5689661e-05,1.3029793e-08
0.18563432,1.6700205e-05,0.00021554183,0.33961006,2.4347996e-05,1.2150847e-08
0.18570002,1.113372e-05,0.00014289252,0.34989477,1.6347041e-05,6.1594518e-09
0.18577075,1.5457123e-05,0.00019787228,0.27726506,2.2833935e-05,1.0605971e-08
0.18583288,1.2450605e-05,0.00015729184,0.36538179,1.8314807e-05,8.0493585e-09
0.18589184,1.1923926e-05,0.00014884884,0.36125537,1.7688751e-05,7.2259506e-09
0.18595682,1.4341707e-05,0.00017727283,0.2872996,2.1588714e-05,9.1536931e-09
0.18602463,1.3917179e-05,0.00016925322,0.32818601,2.1045256e-05,8.3172489e-09
0.18608907,1.2847777e-05,0.00015606963,0.34525276,1.9478929e-05,7.655132e-09
0.18615111,1.2324013e-05,0.0001482773,0.35625652,1.8766029e-05,9.4160327e-09
0.18621366,1.3001566e-05,0.00015521053,0.34122087,1.9976593e-05,9.2430616e-09
0.18627817,1.2804276e-05,0.00015173078,0.34983233,1.9706764e-05,7.6312115e-09
0.18634259,1.2724566e-05,0.00014966576,0.35131711,1.9686294e-05,9.1578847e-09
0.18640718,1.2747371e-05,0.0001489095,0.34728165,1.9836371e-05,9.4998172e-09
0.1864682,1.2721727e-05,0.00014808752,0.33891934,1.9928046e-05,9.6916768e-09
0.18653264,1.2641539e-05,0.00014662291,0.32859319,1.9894634e-05,7.9261847e-09
0.18659609,1.2286829e-05,0.00014189415,0.35004588,1.9313595e-05,8.1169855e-09
0.18665712,1.1772453e-05,0.00013589695,0.34194797,1.8538577e-05,9.548087e-09
0.18671416,1.2331285e-05,0.00014182484,0.31523433,1.9561599e-05,9.2946439e-09
0.18677216,1.1653557e-05,0.00013473768,0.32540324,1.8420605e-05,8.987051e-09
0.18682857,1.1670532e-05,0.00013490704,0.30891193,1.8445207e-05,9.0284632e-09
0.18688274,1.0480302e-05,0.00012160465,0.29423522,1.6572183e-05,8.074775e-09
0.18693317,9.2796596e-06,0.00010578298,0.49590471,1.4357718e-05,9.3517497e-09
0.18698194,1.0086853e-05,0.00011763381,0.24213268,1.5994956e-05,1.0062566e-08
0.18703721,1.209974e-05,0.00013701613,0.4439636,1.8946188e-05,1.1793307e-08
0.18709264,8.4820796e-06,9.7606996e-05,0.38421819,1.3440521e-05,7.421839e-09
0.18715225,1.2066544e-05,0.00013999957,0.20634936,1.9537672e-05,8.4030869e-09
0.1872143,1.7499678e-05,0.00020004946,0.2695587,2.8450112e-05,1.1333225e-08
0.18728366,1.1920414e-05,0.00013700251,0.27497325,1.9534173e-05,7.0569944e-09
0.18735767,1.5752163e-05,0.00017984453,0.29523241,2.5661839e-05,1.1280992e-08
0.18742854,1.2945033e-05,0.00014841308,0.32411664,2.1098155e-05,8.0243421e-09
0.18748509,1.0433036e-05,0.00012070353,0.42197822,1.673113e-05,1.0102222e-08
0.18753247,9.3440609e-06,0.00010959932,0.45368184,1.4513668e-05,8.2238599e-09
0.1875769,8.945391e-06,0.00010534313,0.44770628,1.3693754e-05,6.9028516e-09
0.18761922,8.4533025e-06,9.9725112e-05,0.4822956,1.2764699e-05,9.0470038e-09
0.18765562,7.9156045e-06,9.4667404e-05,0.49724568,1.1770266e-05,7.7693465e-09
0.18769446,8.4887369e-06,0.00010190492,0.47902064,1.2619011e-05,6.7632106e-09
0.18773689,9.3074169e-06,0.00011224263,0.40771181,1.4156539e-05,6.9571708e-09
0.18778736,1.1486924e-05,0.00013949677,0.36297298,1.7732421e-05,8.0444781e-09
0.18784226,1.7883447e-05,0.00021365077,0.30273015,2.7904254e-05,1.6794025e-08
0.18788574,6.2109903e-06,7.5869439e-05,0.64204436,9.029777e-06,1.0789776e-08
0.18791251,6.7105034e-06,8.7472006e-05,0.54841814,9.5887911e-06,1.1948329e-08
0.18794841,8.3826595e-06,0.00010711541,0.48162175,1.2260753e-05,9.0285274e-09
0.18798782,8.4303643e-06,0.00010826854,0.50117241,1.2308016e-05,6.9278605e-09
0.18802452,8.1657342e-06,0.00010610197,0.52507617,1.1754081e-05,8.8891885e-09
0.18806225,8.0946668e-06,0.00010670948,0.54143418,1.1391766e-05,9.0139299e-09
0.18809764,7.7909988e-06,0.0001050968,0.55693151,1.0552621e-05,8.6916105e-09
0.18813131,7.2643284e-06,0.00010074669,0.60153456,9.4042528e-06,9.9421031e-09
0.18815969,6.5258362e-06,9.416731e-05,0.65393611,7.9060404e-06,9.7008773e-09
0.18818662,6.091702e-06,9.1820306e-05,0.68782722,6.8338522e-06,7.8950482e-09
0.18821116,5.6314928e-06,8.8273886e-05,0.72246085,5.8316936e-06,7.4730329e-09
0.1882338,5.3431019e-06,8.7559148e-05,0.73981689,5.1636121e-06,7.4174013e-09
0.18825371,5.014645e-06,8.5774202e-05,0.7650094,4.5561524e-06,9.8117016e-09
0.18827359,4.779025e-06,8.5329116e-05,0.77899014,4.0447588e-06,7.7790478e-09
0.18829222,4.6430034e-06,8.6686879e-05,0.79117754,3.6631908e-06,7.9106945e-09
0.18830972,4.4043627e-06,8.6657852e-05,0.80500957,3.1940636e-06,1.0514315e-08
0.18832619,4.2406013e-06,8.7340113e-05,0.80638272,2.9523134e-06,9.5344651e-09
0.18834224,4.5674486e-06,8.9532294e-05,0.75553244,4.1760198e-06,9.3148206e-09
0.18836317,5.6392152e-06,0.00010585697,0.6935258,6.2232255e-06,1.0023059e-08
0.188392,7.6627831e-06,0.00014032134,0.61474966,9.6988204e-06,7.9028744e-09
0.18842413,6.4268115e-06,0.00012095532,0.66016585,8.1312087e-06,1.2572822e-08
0.18844889,6.7460555e-06,0.00012546141,0.60985112,8.7203842e-06,9.9552148e-09
0.18848094,7.5818604e-06,0.00013474596,0.55006085,1.0111663e-05,7.8150266e-09
0.1885131,7.0743156e-06,0.00012885314,0.57829428,9.1102815e-06,7.4559041e-09
0.18854341,7.0045482e-06,0.00013451271,0.5964574,8.6596238e-06,7.3770827e-09
0.18857122,6.5649211e-06,0.00013010317,0.61566433,8.0717507e-06,7.4310506e-09
0.18860014,6.7878151e-06,0.00013765887,0.59246082,8.5376264e-06,9.6220074e-09
0.1886312,7.3420854e-06,0.00015010442,0.55670179,9.6120093e-06,1.019294e-08
0.18866529,7.981269e-06,0.00016499632,0.51602007,1.0853126e-05,7.8520541e-09
0.18870046,8.6722245e-06,0.00018256339,0.48335981,1.2140831e-05,1.070031e-08
0.18874008,8.7639823e-06,0.00018922993,0.47806989,1.2387681e-05,7.5269592e-09
0.18878177,1.0093269e-05,0.00022607462,0.44216296,1.4499654e-05,8.1373582e-09
0.18882473,9.7344091e-06,0.00022644912,0.44654021,1.4102047e-05,8.579328e-09
0.18886936,9.9803003e-06,0.00024239465,0.43206772,1.4637913e-05,9.1669694e-09
0.18891264,1.0483236e-05,0.00026590375,0.40971584,1.5501541e-05,8.1621856e-09
0.18896101,1.0986776e-05,0.00029471079,0.3922793,1.6393473e-05,9.6727676e-09
0.18901018,1.0826891e-05,0.00031086964,0.40246914,1.6163659e-05,7.7650964e-09
0.18905762,1.0399028e-05,0.00032013383,0.4182258,1.544565e-05,7.8035237e-09
0.18910108,1.0289039e-05,0.00033630951,0.41883605,1.5227367e-05,7.6449336e-09
0.18914753,1.0484088e-05,0.00036222312,0.4086273,1.5499976e-05,7.8656118e-09
0.18919595,1.1070588e-05,0.00040256848,0.38513385,1.6465278e-05,1.0103594e-08
0.1892474,1.1758244e-05,0.00044851219,0.35961426,1.7610063e-05,9.2489645e-09
0.18929895,1.2435455e-05,0.00049201206,0.33815982,1.8718695e-05,7.9410387e-09
0.18935643,1.2874977e-05,0.00051930916,0.32375721,1.9489301e-05,9.1005931e-09
0.18941515,1.2978865e-05,0.00050373864,0.32188534,1.9677355e-05,9.3140436e-09
0.18947404,1.2963496e-05,0.00045832276,0.32302489,1.9667234e-05,8.6858078e-09
0.18953319,1.303403e-05,0.00041196842,0.3213354,1.9817596e-05,7.3816322e-09
0.18958948,1.3190103e-05,0.00037510215,0.31697104,2.0118614e-05,8.6559921e-09
0.1896505,1.3462951e-05,0.00034457604,0.30833128,2.0657061e-05,9.1463413e-09
0.18971321,1.3794501e-05,0.00031982201,0.29848589,2.1310789e-05,9.8838894e-09
0.18977751,1.4138511e-05,0.00029884003,0.28699647,2.2005898e-05,1.0402772e-08
0.18984142,1.4944562e-05,0.00029119478,0.27324164,2.3451568e-05,1.0117219e-08
0.18990706,1.3187277e-05,0.00023542416,0.32322998,2.0712521e-05,9.0920812e-09
0.18996652,1.247713e-05,0.0002070144,0.34608909,1.9547212e-05,7.9631655e-09
0.19002319,1.1887418e-05,0.00018548112,0.36337793,1.8595659e-05,9.810049e-09
0.19007466,1.149036e-05,0.00017027098,0.37835302,1.7927036e-05,7.4631466e-09
0.1901276,1.1123857e-05,0.00015713029,0.39196742,1.7335525e-05,7.5299467e-09
0.1901789,1.0757232e-05,0.00014554823,0.40453206,1.6705491e-05,7.3882243e-09
0.19022879,1.0423669e-05,0.0001357942,0.41627494,1.6145565e-05,9.7377788e-09
0.19027449,1.0156487e-05,0.00012801584,0.42672801,1.5672872e-05,8.652778e-09
0.19032263,1.035907e-05,0.00012695616,0.4061523,1.6048279e-05,8.5998552e-09
0.19037249,1.0080338e-05,0.00012027088,0.41604278,1.5705889e-05,6.3708789e-09
0.1904227,1.1014413e-05,0.00012870587,0.39236997,1.7328103e-05,8.7316116e-09
0.19047248,1.0329371e-05,0.00011801872,0.40681416,1.6313254e-05,7.9420998e-09
0.19051893,1.0036029e-05,0.00011272214,0.4126665,1.5893122e-05,8.1699458e-09
0.1905689,1.0983119e-05,0.00012187828,0.38841636,1.7523079e-05,7.6468858e-09
0.19061984,1.1324401e-05,0.00012398918,0.39152744,1.8131832e-05,7.9486598e-09
0.19067019,1.0670175e-05,0.00011533009,0.40570298,1.7036212e-05,7.6478858e-09
0.19071793,1.0709464e-05,0.00011447627,0.40350128,1.706032e-05,9.7192886e-09
0.19076903,1.0906732e-05,0.00011522963,0.39647395,1.7308624e-05,7.8841064e-09
0.1908202,1.1005918e-05,0.00011481189,0.39297595,1.7330126e-05,8.4156327e-09
0.19087151,1.1022538e-05,0.00011382998,0.39038826,1.7211606e-05,7.4092523e-09
0.19091955,1.1009842e-05,0.00011302224,0.3905619,1.703847e-05,9.8973802e-09
0.1909699,1.0918592e-05,0.00011175685,0.39249233,1.6699272e-05,7.6351904e-09
0.1910194,1.0797837e-05,0.00011069734,0.39582402,1.6293872e-05,7.861543e-09
0.19106809,1.072703e-05,0.00011055771,0.39607182,1.5960038e-05,7.8337713e-09
0.19111348,1.071361e-05,0.00011129453,0.39572156,1.5741092e-05,1.0373896e-08
0.19116155,1.0761981e-05,0.00011302178,0.39224999,1.5628871e-05,9.426703e-09
0.1912097,1.0859621e-05,0.00011546961,0.38738288,1.5585075e-05,8.6053912e-09
0.19125814,1.0979235e-05,0.00011839763,0.38040497,1.5579692e-05,8.7383557e-09
0.1913074,1.2052301e-05,0.0001323231,0.34059617,1.700671e-05,1.0420543e-08
0.19135607,1.149382e-05,0.00012839193,0.3404885,1.6039839e-05,8.1086536e-09
0.19140724,1.1766478e-05,0.0001333361,0.34182188,1.6182661e-05,9.7119433e-09
0.19145514,1.0658434e-05,0.00012182674,0.35611579,1.4361687e-05,8.4110434e-09
0.1915024,1.1625087e-05,0.00013431518,0.34591721,1.5405401e-05,8.704242e-09
0.19154576,1.1432298e-05,0.00013320091,0.3529693,1.4905885e-05,9.459807e-09
0.19159118,1.0607866e-05,0.00012439817,0.39085704,1.3521349e-05,9.5325382e-09
0.19163593,1.0723119e-05,0.00012734784,0.3557719,1.3491036e-05,1.0076955e-08
0.19168174,1.0814871e-05,0.00012988559,0.35612562,1.3425444e-05,1.0175687e-08
0.19172488,1.0862412e-05,0.00013164012,0.36293183,1.3298906e-05,1.0068711e-08
0.19176996,1.054906e-05,0.00012804276,0.39378838,1.2644438e-05,8.4238785e-09
0.19181208,9.7262421e-06,0.00011690187,0.43950333,1.1308205e-05,9.2271083e-09
0.19185087,9.0995205e-06,0.00010876302,0.47710474,1.0284064e-05,9.7283775e-09
0.1918859,8.1969144e-06,9.8091781e-05,0.51540911,9.0034352e-06,1.0649687e-08
0.19191546,7.3729312e-06,8.8207398e-05,0.56233452,7.8482896e-06,8.8950534e-09
0.19194482,7.2891098e-06,8.7759459e-05,0.55784307,7.5599614e-06,9.1712537e-09
0.19197471,7.6656399e-06,9.3138375e-05,0.53887727,7.882844e-06,9.5257406e-09
0.19200676,8.0909722e-06,0.00010025958,0.51640447,8.4133341e-06,1.0107587e-08
0.19203881,8.5521786e-06,0.00010848763,0.50013262,9.0247344e-06,9.9114815e-09
0.19207398,8.7559245e-06,0.00011457504,0.4861694,9.3585105e-06,8.4985556e-09
0.19211066,9.1102468e-06,0.00012332776,0.47127685,9.8695988e-06,7.5008498e-09
0.19214886,9.5525575e-06,0.00013344199,0.45418653,1.0457054e-05,8.5783524e-09
0.19218661,1.000221e-05,0.00014405269,0.43928836,1.1062841e-05,1.0158185e-08
0.19222868,1.051587e-05,0.0001564192,0.4210281,1.1754014e-05,9.9409358e-09
0.19227304,1.0979268e-05,0.00016902258,0.39900061,1.2382892e-05,8.2340711e-09
0.19231807,1.0955539e-05,0.00017307049,0.41109116,1.2326054e-05,7.9109297e-09
0.19236016,1.0656183e-05,0.00017236203,0.41083867,1.1987977e-05,7.4831586e-09
0.19240581,1.1293918e-05,0.00018810205,0.39552381,1.2739254e-05,6.6649529e-09
0.19245201,1.1729927e-05,0.00020140381,0.3782175,1.3290584e-05,1.071218e-08
0.19249905,1.1262756e-05,0.00019933603,0.3820972,1.2779915e-05,6.8482664e-09
0.19254748,1.2083666e-05,0.0002210324,0.36100971,1.3792462e-05,8.0163525e-09
0.19259346,1.1594147e-05,0.00021776345,0.37280619,1.3246615e-05,8.0946484e-09
0.19264199,1.1939186e-05,0.00022964134,0.3725627,1.361881e-05,9.5333846e-09
0.19268967,1.1935319e-05,0.00023405085,0.37356371,1.357434e-05,9.290861e-09
0.19273668,1.192295e-05,0.0002384492,0.37952406,1.351973e-05,7.7563449e-09
0.19278025,1.1677228e-05,0.00023801181,0.38733009,1.3198601e-05,9.7681188e-09
0.19282494,1.0851861e-05,0.00022466647,0.40572049,1.2186286e-05,9.0041578e-09
0.19286791,1.0374799e-05,0.00021777927,0.4277883,1.1563758e-05,8.9353719e-09
0.19290863,9.8640657e-06,0.0002091595,0.44807324,1.0870898e-05,9.1184816e-09
0.19294537,9.524558e-06,0.00020382859,0.46199221,1.0386233e-05,9.4795577e-09
0.19298388,9.5654471e-06,0.0002071249,0.46062016,1.0361474e-05,1.0064463e-08
0.19302231,9.4357726e-06,0.0002072692,0.46911082,1.0176118e-05,7.7416133e-09
0.19305987,9.2406072e-06,0.00020625094,0.47752155,9.9075281e-06,7.9993018e-09
0.19309478,9.1871432e-06,0.00020874042,0.47983868,9.8135171e-06,8.0012161e-09
0.1931321,9.295312e-06,0.00021636421,0.47435209,9.945009e-06,7.2863445e-09
0.19317014,9.4547546e-06,0.00022618281,0.46666117,1.0176939e-05,6.9665127e-09
0.19320895,9.6071875e-06,0.00023677196,0.46122409,1.0420615e-05,9.000312e-09
0.19324837,9.716505e-06,0.00024741369,0.45646296,1.0636031e-05,9.0385935e-09
0.19328614,9.9349846e-06,0.00026077559,0.44803478,1.0934615e-05,8.7407181e-09
0.19332756,1.0279171e-05,0.00028178283,0.43297874,1.1492012e-05,8.72718e-09
0.19337102,1.0811038e-05,0.00031047643,0.41297343,1.2281664e-05,9.5275703e-09
0.19341711,1.0603575e-05,0.00031925832,0.41980304,1.2156011e-05,6.6337703e-09
0.19346099,1.0329972e-05,0.00032323722,0.42279298,1.1905514e-05,7.8222486e-09
0.19350871,1.1781512e-05,0.00038502117,0.36910344,1.3758735e-05,8.2752699e-09
0.19355973,1.3580817e-05,0.00046500845,0.33350273,1.6028008e-05,9.4226711e-09
0.19361282,1.1852357e-05,0.00041970424,0.36935076,1.4032921e-05,8.9878201e-09
0.19366294,1.1978273e-05,0.00043307126,0.36895402,1.4204999e-05,8.7604748e-09
0.19371765,1.2777848e-05,0.00047114412,0.33331305,1.5282014e-05,9.9834233e-09
0.19377472,1.4188849e-05,0.00052808854,0.30013087,1.7046797e-05,7.9784557e-09
0.19383305,1.3472747e-05,0.00050041389,0.32677552,1.6179876e-05,8.1261901e-09
0.1938892,1.3043271e-05,0.00048291278,0.34181131,1.5627568e-05,7.9380626e-09
0.1939405,1.2604487e-05,0.00046454612,0.35686414,1.5034618e-05,1.0060259e-08
0.19399256,1.1919383e-05,0.00043707196,0.38094697,1.4112233e-05,9.374892e-09
0.19404312,1.1889594e-05,0.00043452342,0.37605809,1.4030722e-05,7.167641e-09
0.19409361,1.1263728e-05,0.0004092831,0.39700841,1.3270006e-05,8.7921891e-09
0.19414048,1.1672513e-05,0.00042190599,0.38435845,1.3770235e-05,9.5663461e-09
0.19419066,1.1221453e-05,0.00040262722,0.40120502,1.3250054e-05,7.4741779e-09
0.19424039,1.1997108e-05,0.00042674502,0.38679668,1.4200995e-05,7.7233288e-09
0.19428962,1.1346014e-05,0.00039910948,0.3978756,1.3444612e-05,7.7804215e-09
0.19433612,1.1915873e-05,0.00041378041,0.3882119,1.4168066e-05,7.9949883e-09
0.19438564,1.1403249e-05,0.00038968971,0.39096299,1.3635814e-05,7.239366e-09
0.19443612,1.1245299e-05,0.00037629913,0.39336576,1.3559541e-05,7.8824504e-09
0.19448772,1.1548377e-05,0.00037707023,0.37345818,1.4076375e-05,9.0540066e-09
0.19453691,1.1667115e-05,0.00037121806,0.38343972,1.4298057e-05,1.0400071e-08
0.1945886,1.1732871e-05,0.00036422251,0.37783237,1.4466501e-05,9.993962e-09
0.1946413,1.1946572e-05,0.00036031297,0.36570526,1.4868561e-05,7.8679318e-09
0.19469516,1.2121711e-05,0.00035405578,0.35708976,1.5193759e-05,8.2710842e-09
0.19474978,1.2207199e-05,0.00034574502,0.35200724,1.540862e-05,8.9739712e-09
0.19480179,1.2260713e-05,0.00033707329,0.34850898,1.5579177e-05,1.0158891e-08
0.19485717,1.2323093e-05,0.00032786213,0.34271957,1.5758441e-05,1.0410062e-08
0.1949112,1.1526559e-05,0.0002984261,0.36660584,1.4790034e-05,8.6507975e-09
0.19496185,1.0578998e-05,0.00026977172,0.3992641,1.3555249e-05,8.5046578e-09
0.1950067,1.0679853e-05,0.00026918839,0.39098551,1.3683904e-05,9.4959987e-09
0.19505994,1.3119829e-05,0.00031479483,0.30748651,1.7014465e-05,1.0309683e-08
0.19512289,1.3925445e-05,0.00031557526,0.28829326,1.8404411e-05,9.1467971e-09
0.19518909,1.4379554e-05,0.00031289176,0.27791781,1.9199976e-05,1.0006584e-08
0.19525288,1.463128e-05,0.00030694223,0.27347042,1.9681004e-05,8.4290067e-09
0.19532302,1.5215071e-05,0.00030685303,0.25999235,2.0656602e-05,9.1673263e-09
0.19539701,1.5968833e-05,0.00030910371,0.24207936,2.1895391e-05,8.4450923e-09
0.19547495,1.6695807e-05,0.00030979673,0.2271055,2.3094267e-05,1.0130766e-08
0.19555182,1.7349341e-05,0.00031002306,0.21539295,2.4236009e-05,7.4410154e-09
0.19563746,1.8090004e-05,0.00031086844,0.20279096,2.5536049e-05,1.0665586e-08
0.19572699,1.8711444e-05,0.000309365,0.19315926,2.6694758e-05,9.5481164e-09
0.19581957,1.8945351e-05,0.00030159043,0.18993656,2.7253207e-05,7.3997766e-09
0.19591369,1.9245356e-05,0.00029610904,0.18595403,2.7968129e-05,9.9460323e-09
0.19600465,1.9651043e-05,0.00029238734,0.18176502,2.87796e-05,7.2382284e-09
0.19610336,1.9929069e-05,0.00028670539,0.17897125,2.9450963e-05,7.6920804e-09
0.19620453,2.0420769e-05,0.00028452242,0.17391596,3.0461395e-05,1.0200231e-08
0.1963084,2.0419619e-05,0.00027579411,0.17821556,3.0714709e-05,7.2649815e-09
0.1964044,2.0137052e-05,0.00026515795,0.18251984,3.0450535e-05,8.4416888e-09
0.1965068,2.0307357e-05,0.00026013215,0.18419929,3.0808597e-05,8.1098518e-09
0.19660919,2.0197599e-05,0.00025214894,0.18899147,3.0680929e-05,9.724164e-09
0.19671036,1.9905131e-05,0.00024278573,0.19807294,3.019269e-05,8.1563967e-09
0.19680171,1.8799316e-05,0.00022543087,0.21320377,2.8440574e-05,1.011034e-08
0.19689242,1.7198784e-05,0.00020332972,0.24730364,2.5915291e-05,9.1293918e-09
0.19697034,1.4502061e-05,0.00017033359,0.30396675,2.1661595e-05,8.7015562e-09
0.1970352,1.2104257e-05,0.00014171779,0.36898475,1.7827284e-05,7.3404757e-09
0.19709067,1.0927773e-05,0.00012772606,0.40800332,1.5837107e-05,9.199886e-09
0.19713677,9.3786967e-06,0.00011032835,0.46822214,1.3315726e-05,1.0150222e-08
0.19717724,7.9191856e-06,9.464595e-05,0.55363514,1.0856682e-05,1.0760897e-08
0.19721783,9.6389501e-06,0.00011504739,0.48388079,1.3404625e-05,7.8483157e-09
0.19726375,9.3032299e-06,0.00011076305,0.50251869,1.2890899e-05,8.5548107e-09
0.19730526,9.1274654e-06,0.00010986728,0.50709027,1.2416969e-05,7.4267014e-09
0.19734683,8.5236945e-06,0.00010346315,0.54637675,1.1273852e-05,1.0343852e-08
0.19738593,8.2334798e-06,0.0001006486,0.56204248,1.0642841e-05,8.1895827e-09
0.19742343,7.9508563e-06,9.8426912e-05,0.57706889,1.0095804e-05,7.9040675e-09
0.19745764,7.7355417e-06,9.6894666e-05,0.59000496,9.6988098e-06,7.9219138e-09
0.19749283,7.4892667e-06,9.4899881e-05,0.60705951,9.2169929e-06,8.5228261e-09
0.19752646,7.1316552e-06,9.1642918e-05,0.63028227,8.5436025e-06,9.4699517e-09
0.19755803,6.7424159e-06,8.8272151e-05,0.65627554,7.7537936e-06,6.5786802e-09
0.19758536,6.0647413e-06,8.14037e-05,0.68948838,6.6253928e-06,9.8777452e-09
0.19761186,5.8191624e-06,8.0191426e-05,0.72117848,5.9654595e-06,1.0470364e-08
0.19763655,5.516797e-06,7.8191312e-05,0.74045067,5.3709519e-06,9.6478839e-09
0.19765962,5.1098597e-06,7.4916893e-05,0.76131667,4.6144678e-06,1.0261766e-08
0.19768091,4.8755759e-06,7.3915678e-05,0.78003556,4.1059654e-06,7.1218047e-09
0.19769947,4.6333056e-06,7.241659e-05,0.79705634,3.6686836e-06,8.3242375e-09
0.19771789,4.4021631e-06,7.10354e-05,0.80831595,3.272038e-06,9.2360638e-09
0.19773524,4.1973981e-06,6.9158745e-05,0.80050423,3.1300261e-06,8.1350571e-09
0.19775457,5.033387e-06,7.8191377e-05,0.7317642,4.9866553e-06,1.1426021e-08
0.1977811,8.2260806e-06,0.0001204054,0.55158337,9.9081066e-06,1.0024235e-08
0.19782344,5.9312922e-06,8.1550243e-05,0.32789913,7.8280125e-06,1.5570556e-08
0.19788168,6.6570787e-06,8.1643804e-05,0.22548092,9.2623394e-06,1.2683426e-08
0.19798223,2.8037278e-05,0.00034365078,0.013839167,3.9826701e-05,1.002642e-08
0.19810807,2.9966643e-05,0.00038166165,0.014061259,4.2929706e-05,8.5826179e-09
0.1982453,3.027256e-05,0.0004116595,0.012564997,4.3851474e-05,1.0097818e-08
0.19838199,3.0217837e-05,0.00044832024,0.011086435,4.4179206e-05,7.0136833e-09
0.19851823,3.0238293e-05,0.00050114431,0.010898537,4.4737848e-05,9.7442785e-09
0.19864715,3.0502917e-05,0.00057319661,0.010951292,4.5633144e-05,1.2547768e-08
0.19878627,3.098231e-05,0.00068805258,0.011956352,4.6844211e-05,9.4937953e-09
0.19892858,3.1627724e-05,0.00085651695,0.011488406,4.8148636e-05,8.7180857e-09
0.19907492,3.2545537e-05,0.0010596043,0.10814881,4.9623742e-05,1.1362777e-08
0.1992,2.1298284e-05,0.00079411661,0.13668056,3.2566285e-05,8.7614067e-09
0.1992899,2.0718297e-05,0.00081752894,0.1102796,3.1849716e-05,9.4592854e-09
0.19938533,2.116871e-05,0.00080110087,0.10839274,3.2648749e-05,7.4029898e-09
0.1994818,2.0177793e-05,0.00065949993,0.11802979,3.1164626e-05,9.9998433e-09
0.1995712,1.8386141e-05,0.0005221776,0.1299746,2.8447358e-05,8.8804807e-09
0.19964915,1.7044293e-05,0.0004328499,0.14187781,2.6356612e-05,9.6940889e-09
0.19972675,1.5888853e-05,0.0003664982,0.15409911,2.4585476e-05,7.8355717e-09
0.19979992,1.501917e-05,0.00032047888,0.1645231,2.3298263e-05,8.0684584e-09
0.19986946,1.4265754e-05,0.000284916,0.17580502,2.2173247e-05,7.2964913e-09
0.19993218,1.3778278e-05,0.00026036715,0.18314142,2.1459249e-05,1.0055875e-08
0.19999659,1.331177e-05,0.00023878951,0.19406495,2.0792054e-05,8.1035334e-09
0.20005973,1.3824448e-05,0.00023659118,0.23961149,2.1638944e-05,1.053445e-08
0.20012939,1.3804559e-05,0.00022440886,0.2804902,2.155672e-05,9.3178146e-09
0.20019077,1.2198601e-05,0.00019199976,0.3078563,1.89187e-05,7.0214602e-09
0.20024503,1.1723944e-05,0.00017989737,0.31133403,1.8127398e-05,7.4068192e-09
0.20030044,1.1292948e-05,0.00016943623,0.31772548,1.7390058e-05,8.9783231e-09
0.20035391,1.1094362e-05,0.00016354017,0.32458575,1.7024225e-05,7.504058e-09
0.20040688,1.0918151e-05,0.00015864792,0.32949262,1.6710198e-05,7.7142271e-09
0.20045554,1.0658718e-05,0.00015349492,0.33218322,1.6239124e-05,8.9785733e-09
0.20050617,1.0646402e-05,0.00015211485,0.33276342,1.6145784e-05,7.5133807e-09
0.2005572,1.0765036e-05,0.00015278968,0.33035588,1.6273132e-05,8.1206237e-09
0.2006085,1.0869228e-05,0.00015340485,0.3273227,1.6344939e-05,9.4240248e-09
0.20065727,1.1154354e-05,0.00015686324,0.32317413,1.671692e-05,8.8763743e-09
0.20071066,1.160999e-05,0.00016270201,0.31602319,1.7329978e-05,9.0913064e-09
0.20076588,1.2081203e-05,0.00016942986,0.31062018,1.7938015e-05,8.3751468e-09
0.20082241,1.2300253e-05,0.00017373152,0.3099453,1.8118206e-05,7.7276986e-09
0.20087608,1.2461089e-05,0.00017839365,0.30998888,1.8204045e-05,8.9528962e-09
0.20093305,1.2606991e-05,0.00018418472,0.31018841,1.8229528e-05,7.6934494e-09
0.20099075,1.2819269e-05,0.00019219066,0.30786683,1.8345996e-05,9.9079074e-09
0.20104845,1.2854865e-05,0.00019853334,0.28913734,1.8248148e-05,9.9543574e-09
0.20110581,1.282791e-05,0.00020386025,0.24953919,1.8135556e-05,7.63812e-09
0.20115961,1.2968455e-05,0.00021289317,0.18139815,1.8264474e-05,8.2966986e-09
0.20121679,1.2964852e-05,0.00022270419,0.1182683,1.8106786e-05,9.4784469e-09
0.20127406,1.318994e-05,0.00023668444,0.097460827,1.822029e-05,9.6661803e-09
0.20133157,1.3254383e-05,0.00024982748,0.075452846,1.8102247e-05,7.7524556e-09
0.20138589,1.3404954e-05,0.00026606971,0.017843632,1.8115383e-05,9.7376301e-09
0.20144401,1.3598833e-05,0.00028680162,0.011069574,1.8148658e-05,8.3029453e-09
0.20150243,1.367936e-05,0.00030840206,0.0098952994,1.8007967e-05,9.7265001e-09
0.20156133,1.39346e-05,0.00033772567,0.010581853,1.8123585e-05,9.1874121e-09
0.20161717,1.4037571e-05,0.00036565999,0.011832437,1.8064777e-05,8.3114434e-09
0.20167689,1.422155e-05,0.0004015728,0.0095402836,1.8116979e-05,8.257716e-09
0.2017372,1.442458e-05,0.00044270103,0.011545032,1.8196811e-05,1.0049977e-08
0.20179795,1.449745e-05,0.00048235461,0.011362622,1.8153316e-05,8.140422e-09
0.20185565,1.4744611e-05,0.00052408319,0.012578765,1.8343319e-05,9.6759453e-09
0.2019175,1.4875509e-05,0.00054887908,0.038063435,1.8407126e-05,9.4971328e-09
0.20197931,1.4916694e-05,0.00055052407,0.29132719,1.8250838e-05,1.00689e-08
0.20204239,1.556032e-05,0.00056019697,0.31632042,1.8889412e-05,8.5266222e-09
0.20210645,1.5345193e-05,0.00052917003,0.30097342,1.8671174e-05,8.0570065e-09
0.20216629,1.5733035e-05,0.00052439836,0.31870204,1.9058804e-05,8.0397566e-09
0.20222554,1.2505271e-05,0.00041229627,0.35622041,1.5101383e-05,9.2558766e-09
0.20228112,1.2688432e-05,0.00041230531,0.23432848,1.5415263e-05,8.3203145e-09
0.20234283,1.5215546e-05,0.00046070124,0.060473059,1.8701787e-05,7.8040879e-09
0.20240498,1.6533059e-05,0.00045761779,0.028606023,2.0426526e-05,1.0230701e-08
0.20247378,1.6434306e-05,0.00043075139,0.013559448,2.0417499e-05,8.6128805e-09
0.20254038,1.6138428e-05,0.00039916832,0.015282855,2.0162656e-05,8.7989569e-09
0.20260869,1.6900547e-05,0.00038996029,0.014992096,2.1229069e-05,8.8382897e-09
0.20267542,1.7085565e-05,0.00037237873,0.011578166,2.1481075e-05,9.4031075e-09
0.20274547,1.6845461e-05,0.00034838865,0.025410664,2.1270997e-05,1.0265766e-08
0.2028169,1.7707791e-05,0.00034987696,0.21893356,2.2307631e-05,9.176021e-09
0.20289056,1.7499978e-05,0.00033163472,0.23034818,2.2100087e-05,8.4284128e-09
0.20296323,1.733107e-05,0.00031400145,0.21606156,2.2001856e-05,8.6424879e-09
0.20303338,1.7889764e-05,0.00031047503,0.190612,2.2813912e-05,8.2482296e-09
0.20310944,1.8068757e-05,0.00030521803,0.21752948,2.3082803e-05,1.003312e-08
0.20316866,1.7268729e-05,0.00029158126,0.27488762,2.1995902e-05,1.0525028e-08
0.20322918,1.7503536e-05,0.00029282012,0.34585771,2.2304892e-05,1.018408e-08
0.20328994,1.7497008e-05,0.00028847302,0.21734724,2.253018e-05,1.0416001e-08
0.20336692,1.8390619e-05,0.00028895894,0.018891356,2.4032141e-05,9.8982717e-09
0.20344751,1.8689743e-05,0.00028411282,0.010128163,2.4668029e-05,8.9446748e-09
0.20352815,1.8602489e-05,0.00027578008,0.0088673363,2.4801795e-05,9.4047501e-09
0.20360516,1.8732517e-05,0.0002716629,0.0097245423,2.5165216e-05,8.1214325e-09
0.2036877,1.8692512e-05,0.00026642358,0.010335388,2.5341862e-05,8.032175e-09
0.20377138,1.9053962e-05,0.00026646135,0.014212544,2.603979e-05,9.2229999e-09
0.20385677,1.9072845e-05,0.00026216712,0.087961984,2.6190965e-05,7.7072266e-09
0.20393694,1.894982e-05,0.00025579333,0.10924811,2.6205473e-05,1.0242217e-08
0.20402369,1.9399179e-05,0.00025645976,0.15632753,2.6935813e-05,9.5031017e-09
0.20411114,1.9119568e-05,0.00024856479,0.16791571,2.6653507e-05,7.7910444e-09
0.2041985,1.9691087e-05,0.00025130771,0.3134768,2.7217357e-05,1.0479022e-08
0.2042709,1.8342468e-05,0.00023796619,0.31209134,2.5345884e-05,1.1210974e-08
0.20433217,1.0513993e-05,0.00013650602,0.43973178,1.4400219e-05,7.3597577e-09
0.20439947,1.3948588e-05,0.00018253307,0.20441267,1.9521007e-05,7.591752e-09
0.20447064,1.9598345e-05,0.0002534512,0.27833193,2.7471549e-05,1.0789441e-08
0.20453591,1.3912332e-05,0.00018122634,0.23679297,1.964731e-05,8.5605657e-09
0.20459827,1.3428022e-05,0.0001729469,0.29313243,1.9034255e-05,7.6961981e-09
0.20466531,1.4473478e-05,0.00018474055,0.29516858,2.0672303e-05,1.0001713e-08
0.20473145,1.306123e-05,0.00016585789,0.32160333,1.8749405e-05,7.3096351e-09
0.20479988,1.5747613e-05,0.0001990456,0.26839445,2.2881523e-05,9.5197636e-09
0.20486373,1.3896428e-05,0.00017426195,0.33339075,2.0172347e-05,1.000863e-08
0.20492278,1.2016256e-05,0.0001502777,0.36989505,1.7382746e-05,7.8601742e-09
0.20497554,1.0535206e-05,0.00013216779,0.40629026,1.511606e-05,8.88258e-09
0.20502189,9.1992307e-06,0.00011586243,0.45152641,1.2989694e-05,6.4407119e-09
0.20506105,8.3374267e-06,0.00010544283,0.48594747,1.1551325e-05,7.7704363e-09
0.20509924,7.9922283e-06,0.00010130116,0.50892631,1.0828114e-05,9.0099034e-09
0.20513781,8.063984e-06,0.00010176522,0.54719973,1.0815285e-05,7.7256528e-09
0.20517623,8.0658969e-06,0.0001026369,0.53860199,1.0732413e-05,7.1324637e-09
0.20521419,7.8266358e-06,0.00010010295,0.53484547,1.0341133e-05,7.6390018e-09
0.20525018,8.0408643e-06,0.00010293665,0.52468988,1.0591056e-05,8.1425594e-09
0.20528856,8.2290016e-06,0.00010511337,0.5206958,1.0842712e-05,8.2172237e-09
0.20532745,7.988221e-06,0.00010155071,0.52373976,1.0554182e-05,7.8708506e-09
0.20536789,8.832621e-06,0.00011221457,0.47051949,1.1918096e-05,9.0574909e-09
0.20540884,9.3770075e-06,0.00011845456,0.42378073,1.2998588e-05,6.4908283e-09
0.20545932,1.1599656e-05,0.00014485786,0.33093912,1.6732656e-05,7.4055522e-09
0.20552084,1.2868254e-05,0.00015926735,0.32867175,1.8878628e-05,7.8283113e-09
0.20558305,1.2728516e-05,0.00015777387,0.32051086,1.8806938e-05,7.8531928e-09
0.20564418,1.3855788e-05,0.00017065017,0.30727868,2.0723137e-05,9.5115224e-09
0.20570787,1.1891256e-05,0.00014705268,0.32941043,1.7896854e-05,7.641335e-09
0.20576783,1.1767129e-05,0.00014502435,0.35314732,1.7654397e-05,9.5531833e-09
0.20582026,9.8304449e-06,0.00012143694,0.43174548,1.4606456e-05,6.8271069e-09
0.20586368,7.8666537e-06,9.7821348e-05,0.54077731,1.127292e-05,8.1866298e-09
0.20589738,6.953851e-06,8.7521054e-05,0.58126052,9.5700254e-06,7.2643405e-09
0.20592793,6.0820217e-06,7.7851904e-05,0.62097877,7.9641718e-06,6.6644766e-09
0.20595638,6.0155979e-06,7.7640828e-05,0.61110637,7.7218323e-06,9.2913506e-09
0.20598435,6.2271734e-06,8.12965e-05,0.54597162,8.1478476e-06,6.1908162e-09
0.20601424,7.6360641e-06,9.8728485e-05,0.47068641,1.0538896e-05,1.0183613e-08
0.20605629,1.0527983e-05,0.00013371229,0.36501506,1.5362844e-05,7.6107577e-09
0.20611503,1.3090561e-05,0.00016313404,0.32029352,1.9599447e-05,6.8678669e-09
0.20618312,1.4894464e-05,0.00018590502,0.28741045,2.2454514e-05,9.1505217e-09
0.20624497,1.3576178e-05,0.00017117214,0.33150167,2.0366485e-05,7.8300646e-09
0.20630313,1.2165247e-05,0.0001554224,0.37863361,1.7957675e-05,7.533335e-09
0.2063523,9.6726741e-06,0.00012617037,0.49604131,1.378764e-05,9.0947478e-09
0.20638703,6.428794e-06,8.6826707e-05,0.66286626,8.4087564e-06,8.1588822e-09
0.20640869,5.0001474e-06,7.0426929e-05,0.72065475,5.8512014e-06,8.53309e-09
0.20642984,5.4582821e-06,7.9966866e-05,0.68016384,6.3552111e-06,9.4286103e-09
0.20645405,6.0207514e-06,8.6222311e-05,0.64139683,7.435176e-06,6.9620144e-09
0.206479,5.8138077e-06,8.3032258e-05,0.65471237,7.049646e-06,9.1548282e-09
0.20650234,5.423767e-06,7.8405658e-05,0.68291102,6.2686424e-06,7.1569006e-09
0.20652222,4.9656562e-06,7.3299979e-05,0.71130888,5.4003045e-06,7.3434778e-09
0.20654138,4.5792997e-06,6.9262413e-05,0.73598221,4.6181347e-06,9.3840173e-09
0.20655924,4.4301884e-06,6.7933171e-05,0.76583954,4.1242595e-06,1.0328694e-08
0.20657567,4.1302014e-06,6.5708028e-05,0.80005517,3.5201307e-06,8.4549071e-09
0.20658997,4.0509917e-06,6.7284905e-05,0.80372127,3.1935245e-06,9.2884989e-09
0.20660483,4.0244958e-06,6.8755351e-05,0.79870809,3.0373492e-06,9.3932129e-09
0.2066207,4.3563985e-06,7.5408932e-05,0.80499511,3.3101725e-06,8.4407251e-09
0.2066365,4.2090611e-06,7.7366361e-05,0.81867899,2.9054552e-06,8.0476404e-09
0.20665071,4.0932507e-06,7.8583624e-05,0.82691116,2.6560437e-06,9.7483662e-09
0.20666533,4.0252119e-06,8.057133e-05,0.83204037,2.4499049e-06,7.4886609e-09
0.20667959,3.95448e-06,8.1769434e-05,0.83454464,2.31408e-06,9.1316621e-09
0.2066936,3.9055712e-06,8.31951e-05,0.83525167,2.2426023e-06,8.9453841e-09
0.20670655,3.8467639e-06,8.4110052e-05,0.83709488,2.1540519e-06,7.3774963e-09
0.20672015,3.8221823e-06,8.5155155e-05,0.83652914,2.1199776e-06,8.0669154e-09
0.20673371,3.8123625e-06,8.6220741e-05,0.83561668,2.1062233e-06,8.4127798e-09
0.20674723,3.7966717e-06,8.7078864e-05,0.83514019,2.0794947e-06,8.7605955e-09
0.20676072,3.7835827e-06,8.798001e-05,0.83559592,2.0489707e-06,9.1252267e-09
0.20677336,3.7719213e-06,8.896582e-05,0.83692117,2.0175202e-06,9.6354223e-09
0.20678665,3.7386592e-06,9.0015062e-05,0.8386964,1.9592073e-06,8.1759971e-09
0.20679977,3.7110275e-06,9.1108069e-05,0.84073442,1.8909103e-06,1.0083747e-08
0.20681272,3.6818098e-06,9.2405946e-05,0.84341187,1.8561077e-06,9.8247763e-09
0.20682474,3.6607857e-06,9.3790722e-05,0.84499849,1.7993915e-06,9.2200143e-09
0.20683738,3.6575292e-06,9.5642325e-05,0.84700302,1.7546479e-06,9.0707955e-09
0.20684989,3.6301868e-06,9.6795244e-05,0.84830901,1.7009353e-06,8.8906288e-09
0.20686232,3.628782e-06,9.8356906e-05,0.85007458,1.6577422e-06,8.4539034e-09
0.20687399,3.6407222e-06,0.00010022575,0.85128484,1.628772e-06,7.9726526e-09
0.20688631,3.6335582e-06,0.00010194762,0.85194912,1.5869266e-06,7.8565738e-09
0.20689855,3.6206581e-06,0.0001035719,0.85325269,1.5611994e-06,6.9251338e-09
0.20691076,3.6212729e-06,0.00010520285,0.8515505,1.5503177e-06,9.1047014e-09
0.20692303,3.6279816e-06,0.00010622056,0.85156307,1.554335e-06,7.2559732e-09
0.20693454,3.6332059e-06,0.00010779473,0.85084257,1.5383782e-06,8.4819399e-09
0.20694658,3.579915e-06,0.00010873987,0.85462574,1.4534448e-06,7.996292e-09
0.20695835,3.5538097e-06,0.00011033551,0.85738035,1.3907296e-06,9.0916454e-09
0.20696996,3.537059e-06,0.00011130179,0.85720605,1.3656636e-06,9.598072e-09
0.20698071,3.4930702e-06,0.000111657,0.85950148,1.2909659e-06,1.0282973e-08
0.20699201,3.4976067e-06,0.00011323522,0.85738178,1.3113733e-06,9.0021565e-09
0.2070033,3.4609681e-06,0.00011304836,0.85546546,1.2663986e-06,9.4550037e-09
0.20701445,3.432697e-06,0.00011323748,0.85892011,1.2542319e-06,9.8756819e-09
0.20702475,3.3977828e-06,0.00011300436,0.85961917,1.2101298e-06,8.9013317e-09
0.2070358,3.3294031e-06,0.00011168363,0.84011048,1.5130632e-06,1.0970713e-08
0.20704801,3.5915214e-06,0.00010983027,0.79637617,2.2741061e-06,1.0087425e-08
0.20706288,4.1994455e-06,0.00011965327,0.75373537,3.3302314e-06,1.012694e-08
0.20708132,5.5776987e-06,0.00014586265,0.66085341,5.2424822e-06,9.6949828e-09
0.20710864,7.1138624e-06,0.0001782698,0.66798011,7.1117249e-06,1.131002e-08
0.20713737,8.1528573e-06,0.00019763368,0.40088356,8.9576662e-06,1.3269855e-08
0.2071658,5.1696877e-06,0.00011940503,0.72209615,5.309469e-06,8.3811627e-09
0.20719289,6.1067e-06,0.0001566401,0.47075327,6.6989387e-06,1.1186108e-08
0.20721848,6.9562333e-06,0.00018260748,0.45351262,7.6019434e-06,1.0066609e-08
0.20724631,8.8117953e-06,0.00022544978,0.63694334,9.3904696e-06,1.5736078e-08
0.20727358,4.9722359e-06,0.00012777148,0.7166433,5.2610042e-06,8.3287283e-09
0.20730274,7.3743292e-06,0.00019275154,0.29062862,8.6819337e-06,9.7039164e-09
0.2073331,9.8249961e-06,0.00024838584,0.28355572,1.1821307e-05,1.0631072e-08
0.20736645,5.3140606e-06,0.00013253851,0.69280497,6.0994361e-06,7.2203636e-09
0.20739894,7.0108835e-06,0.00018643984,0.16804336,8.7327986e-06,1.1725304e-08
0.20743096,8.4776785e-06,0.00023939736,0.32722876,1.032146e-05,1.0664481e-08
0.20745863,7.4831225e-06,0.00023125834,0.29074546,8.9787982e-06,1.1902051e-08
0.20748739,9.1259613e-06,0.00029025275,0.43048063,1.0700669e-05,1.2961561e-08
0.20751664,1.0542865e-05,0.00033747182,0.61072059,1.232741e-05,2.1684878e-08
0.20754756,1.0959138e-05,0.0003560661,0.58887948,1.3061306e-05,1.8114431e-08
0.20758112,1.4136368e-05,0.00047098039,0.36609477,1.7729285e-05,1.3265466e-08
0.20761971,6.2490016e-06,0.00021215986,0.65146812,7.6962217e-06,6.344341e-09
0.20765645,8.8098733e-06,0.00031797704,0.24777895,1.147268e-05,1.2098705e-08
0.20769423,1.3918225e-05,0.00050655641,0.4781037,1.7949177e-05,1.656363e-08
0.20773323,1.3988906e-05,0.00053929745,0.092241633,1.884109e-05,1.0809514e-08
0.20777806,1.0224826e-05,0.00040292436,0.20700179,1.3867821e-05,8.9410731e-09
0.20781863,8.792237e-06,0.00035408573,0.1082468,1.19354e-05,9.4579775e-09
0.20786588,1.0054112e-05,0.00039591393,0.22716754,1.3819524e-05,1.054826e-08
0.20791424,1.4911164e-05,0.00053732317,0.42735964,2.022826e-05,1.2702411e-08
0.2079614,1.8796189e-05,0.00064498568,0.28393295,2.6215919e-05,1.1025015e-08
0.20800892,7.2711493e-06,0.00022593717,0.49388206,1.003988e-05,5.898327e-09
0.2080572,9.1631281e-06,0.00025983534,0.1759828,1.2928487e-05,7.82459e-09
0.2081084,8.9555938e-06,0.00023545179,0.13586017,1.2714219e-05,7.5724346e-09
0.20816607,7.7368044e-06,0.000194198,0.31685207,1.1077639e-05,7.0173231e-09
0.20823599,1.8498054e-05,0.00042279146,0.38241857,2.6969228e-05,1.3792851e-08
0.20829656,8.3676397e-06,0.00017028725,0.58490221,1.1871729e-05,6.0819976e-09
0.20836634,1.5540733e-05,0.00029637028,0.40712857,2.2881713e-05,1.1427959e-08
0.20844249,2.7043124e-05,0.00048704313,0.17155883,4.1573959e-05,1.1921774e-08
0.20850999,1.9451704e-05,0.00033050055,0.056989125,3.0557283e-05,1.0222239e-08
0.20859669,8.38247e-06,0.00012859078,0.27797981,1.2409516e-05,8.7667507e-09
0.20868125,1.7387652e-05,0.00025998604,0.018072046,2.796438e-05,9.6838177e-09
0.20878451,1.5045547e-05,0.00021013789,0.074113252,2.431072e-05,1.2125342e-08
0.20884563,1.7904526e-05,0.00024219756,0.017531266,2.920038e-05,1.0630808e-08
0.20893896,1.1199063e-05,0.0001416876,0.025046216,1.8057193e-05,9.0829464e-09
0.20903245,2.3448982e-05,0.00029686769,0.012225663,3.8921535e-05,1.0448193e-08
0.20913129,1.9524926e-05,0.00024089821,0.014667245,3.2656728e-05,9.6093989e-09
0.20921011,1.6831386e-05,0.00020345649,0.012311819,2.8120288e-05,1.0197624e-08
0.2092828,1.4909388e-05,0.00017631667,0.01029837,2.4745944e-05,8.2263945e-09
0.20934767,1.3740419e-05,0.00015970293,0.0088792895,2.2582814e-05,7.9482835e-09
0.20940757,1.293151e-05,0.00014909516,0.0092339708,2.1013167e-05,8.7001736e-09
0.20946121,1.2579304e-05,0.00014498717,0.010500237,2.0174851e-05,8.0688365e-09
0.20951636,1.2362638e-05,0.00014332551,0.0089334432,1.9524426e-05,7.7264299e-09
0.20957038,1.2193243e-05,0.00014280431,0.01061571,1.8938821e-05,9.9948335e-09
0.2096237,1.2233626e-05,0.00014527543,0.0098529631,1.86847e-05,9.036579e-09
0.20967664,1.2221615e-05,0.00014736486,0.0094159229,1.8330088e-05,8.6210057e-09
0.2097264,1.2328578e-05,0.00015095153,0.01053087,1.817477e-05,9.8820546e-09
0.20977921,1.2406933e-05,0.00015459724,0.0089629942,1.7961097e-05,1.0189614e-08
0.20983222,1.2523103e-05,0.00015886725,0.010419379,1.7798455e-05,9.8364882e-09
0.20988537,1.2683553e-05,0.00016375523,0.0088890119,1.7691657e-05,9.6630418e-09
0.20993566,1.2793282e-05,0.00016788005,0.01088379,1.7532349e-05,9.7633496e-09
0.20998928,1.2936691e-05,0.00017281602,0.0094901923,1.7406389e-05,9.7259055e-09
0.21004327,1.3096201e-05,0.00017829878,0.011323232,1.7307619e-05,9.0650068e-09
0.21009749,1.3196779e-05,0.00018339938,0.0098522495,1.7149122e-05,8.2568627e-09
0.21014889,1.3416527e-05,0.00019009851,0.010343324,1.7155888e-05,7.0346362e-09
0.21020377,1.3455864e-05,0.00019494088,0.011716762,1.6934185e-05,8.9729539e-09
0.21025897,1.3717669e-05,0.00020349609,0.011607617,1.7001912e-05,7.8151613e-09
0.21031458,1.3841736e-05,0.00021054582,0.014062648,1.6903226e-05,9.2264831e-09
0.21036717,1.3941097e-05,0.00021710492,0.012229151,1.6798895e-05,9.1210139e-09
0.21042348,1.4214186e-05,0.00022740363,0.012977902,1.6916517e-05,8.3698827e-09
0.21048021,1.4316631e-05,0.00023552516,0.014208471,1.6842106e-05,7.3332832e-09
0.2105373,1.4506614e-05,0.0002457802,0.012087775,1.6889392e-05,9.5862724e-09
0.21059496,1.4733849e-05,0.00025769693,0.013470954,1.6999242e-05,8.117916e-09
0.21064965,1.4836642e-05,0.00026785574,0.014870287,1.6988384e-05,1.0067567e-08
0.2107082,1.5040699e-05,0.00028126229,0.012827324,1.7091909e-05,9.2036638e-09
0.21076738,1.5274402e-05,0.00029638701,0.014593332,1.7256664e-05,8.594679e-09
0.2108271,1.5378711e-05,0.00030988628,0.014758691,1.7268378e-05,7.3992312e-09
0.2108838,1.5601738e-05,0.00032623973,0.012555218,1.7437589e-05,9.2708952e-09
0.21094474,1.585325e-05,0.00034549007,0.014626312,1.7670898e-05,8.5978114e-09
0.2110063,1.594957e-05,0.00036265717,0.015384803,1.7743672e-05,7.7810915e-09
0.21106848,1.6185029e-05,0.00038440076,0.01226456,1.7985462e-05,9.5691909e-09
0.21112771,1.6405032e-05,0.00040624462,0.013190712,1.8210815e-05,8.0378595e-09
0.21119131,1.650465e-05,0.00042799573,0.014775533,1.8318361e-05,9.8759172e-09
0.21125562,1.6740997e-05,0.00045494408,0.013939779,1.8602075e-05,8.094231e-09
0.21132077,1.6951147e-05,0.00048314813,0.017184417,1.886449e-05,9.3589787e-09
0.21138662,1.7036348e-05,0.00050881554,0.0169137,1.9007499e-05,8.2937986e-09
0.21144935,1.7292306e-05,0.00053818558,0.020685057,1.9340237e-05,1.0028697e-08
0.21151682,1.7464861e-05,0.00056634526,0.047734177,1.9590033e-05,8.8960567e-09
0.21158498,1.7716474e-05,0.00059566459,0.15604999,1.9884959e-05,9.9824707e-09
0.21165406,1.7354099e-05,0.00058751723,0.52879392,1.9145089e-05,1.5904548e-08
0.21170586,1.2549017e-05,0.00041568413,0.55017319,1.3752076e-05,9.7254667e-09
0.21176507,1.7109883e-05,0.00059466282,0.076798425,1.945588e-05,8.7475686e-09
0.21183577,1.8949822e-05,0.00067059276,0.015718215,2.1792594e-05,7.3040293e-09
0.21190893,1.7928724e-05,0.00063099382,0.015153227,2.0714922e-05,9.1973589e-09
0.21197288,1.7531612e-05,0.00060948716,0.017338055,2.0368959e-05,9.7209185e-09
0.21204471,1.9338422e-05,0.00066191848,0.017844185,2.2650545e-05,8.3388206e-09
0.21211881,1.8038474e-05,0.00061249759,0.017772698,2.1228401e-05,8.2654679e-09
0.21218742,1.8016525e-05,0.00059498126,0.019605002,2.1282303e-05,8.0537979e-09
0.21225784,2.0090306e-05,0.00065259562,0.1806204,2.3778417e-05,1.0627339e-08
0.21233199,1.7870892e-05,0.00058220224,0.17377604,2.1294478e-05,7.4377489e-09
0.21240207,1.8531048e-05,0.00058802798,0.1976659,2.2268468e-05,9.6157674e-09
0.21248018,2.0696726e-05,0.00064859541,0.26701849,2.4919742e-05,1.0857131e-08
0.21253809,1.8732988e-05,0.00059590986,0.28622591,2.2454039e-05,1.209617e-08
0.21258821,1.7310018e-05,0.00054232318,0.16271525,2.0868721e-05,9.6872322e-09
0.21266061,1.9520326e-05,0.00057791092,0.078416691,2.4063363e-05,9.5631204e-09
0.21274255,1.992336e-05,0.00059214699,0.28151668,2.4483045e-05,1.1304791e-08
0.21280357,1.3009366e-05,0.00039309714,0.60993401,1.5611659e-05,1.1233069e-08
0.2128628,1.3726729e-05,0.0004035512,0.54816209,1.6717132e-05,1.0814433e-08
0.21292875,2.0196154e-05,0.00056410997,0.042238881,2.5510708e-05,9.7940093e-09
0.21301639,2.1124312e-05,0.00057404185,0.014010382,2.6965547e-05,9.0514219e-09
0.21309723,1.9095235e-05,0.00050208056,0.014523608,2.4599826e-05,9.3997633e-09
0.21317564,2.1168375e-05,0.00053047109,0.015830819,2.7689645e-05,7.3123016e-09
0.21326348,1.9737211e-05,0.00048704921,0.016014562,2.6027515e-05,6.683036e-09
0.21334428,1.9720731e-05,0.00046336699,0.015568158,2.6333069e-05,8.960798e-09
0.21343447,2.1855019e-05,0.0004976994,0.017851851,2.9589536e-05,8.9880361e-09
0.21351653,1.9025971e-05,0.00042366232,0.018872382,2.5949215e-05,8.9313881e-09
0.21360137,2.0971973e-05,0.00044339669,0.017079811,2.8978918e-05,1.0220439e-08
0.21369589,2.1203216e-05,0.00044059616,0.016394797,2.9595522e-05,7.4579748e-09
0.21378281,1.9652892e-05,0.00039347588,0.022661215,2.7681909e-05,7.5528712e-09
0.21387629,2.2476911e-05,0.00043295126,0.015753263,3.2065728e-05,8.6223417e-09
0.21396748,2.0401906e-05,0.00038556825,0.01574733,2.9251626e-05,9.2145188e-09
0.21405885,2.1124163e-05,0.00038380098,0.015072505,3.0691638e-05,7.3990159e-09
0.21416051,2.2488088e-05,0.00039899811,0.014059345,3.2986797e-05,7.7014092e-09
0.21425746,2.0706151e-05,0.00035818889,0.014482743,3.0670676e-05,8.9074241e-09
0.21435205,2.2938408e-05,0.00038420853,0.013629585,3.4385572e-05,8.7725532e-09
0.21445787,2.1672979e-05,0.00035735625,0.013471451,3.2834756e-05,6.8648495e-09
0.21455943,2.2343856e-05,0.00035739382,0.014086071,3.4252879e-05,1.003962e-08
0.21467004,2.3316736e-05,0.00036466568,0.0126338,3.5991545e-05,1.1107903e-08
0.21477059,2.2306777e-05,0.00034226895,0.012281184,3.4745374e-05,8.5228201e-09
0.21488271,2.4409173e-05,0.00036432574,0.012264017,3.8275682e-05,9.8354175e-09
0.214997,2.3286922e-05,0.00034189197,0.013331264,3.6682238e-05,1.1168341e-08
0.21511191,2.5056362e-05,0.00035869356,0.013292978,3.9475142e-05,1.0659364e-08
0.21523242,2.5008083e-05,0.00035237657,0.012411109,3.9377545e-05,9.5268629e-09
0.21534454,2.5984792e-05,0.0003595459,0.012803696,4.0860236e-05,9.5946293e-09
0.21547046,2.7008166e-05,0.00036849774,0.012336073,4.2290476e-05,8.787749e-09
0.21559529,2.7481802e-05,0.00037094531,0.012552896,4.281462e-05,1.2167108e-08
0.2157268,2.9202075e-05,0.00039227174,0.013424899,4.5156691e-05,1.0227155e-08
0.21585065,2.9381864e-05,0.00039505131,0.014366128,4.5049385e-05,1.0646292e-08
0.21598853,3.1706884e-05,0.00042987281,0.014247905,4.8138622e-05,9.601694e-09
0.21612419,2.932321e-05,0.0004044552,0.014032723,4.4128516e-05,9.1710469e-09
0.21624884,2.7716811e-05,0.00039150721,0.012546962,4.1513104e-05,8.5446549e-09
0.2163616,2.7297951e-05,0.00039880553,0.012943429,4.0806612e-05,1.1095016e-08
0.21648159,2.7914777e-05,0.00042587105,0.012674258,4.1664388e-05,9.8727776e-09
0.21660495,2.8920477e-05,0.00047094507,0.012926567,4.2999823e-05,7.4882802e-09
0.21673132,2.9714493e-05,0.00052782608,0.012950532,4.4136886e-05,7.6944098e-09
0.2168542,3.0907904e-05,0.00060879184,0.013279808,4.6008827e-05,9.9603676e-09
0.21698953,3.1492908e-05,0.00071734512,0.13818937,4.7100646e-05,1.0101428e-08
0.21708909,2.1202272e-05,0.0005459199,0.15245548,3.183776e-05,9.1773567e-09
0.21717567,1.7802178e-05,0.00050929953,0.18805988,2.6734374e-05,8.1518541e-09
0.21725172,1.6415927e-05,0.00051136063,0.21195659,2.4574262e-05,7.5257455e-09
0.21731892,1.5749583e-05,0.00052797895,0.22088272,2.3534873e-05,7.2410694e-09
0.21738831,1.5432833e-05,0.00055535537,0.22439679,2.3031909e-05,7.4059547e-09
0.21745745,1.5425193e-05,0.00058996354,0.22285041,2.3001432e-05,7.6353715e-09
0.21752697,1.538733e-05,0.00061533294,0.22402544,2.2932384e-05,7.8753085e-09
0.21759215,1.5293492e-05,0.00061351141,0.23173501,2.2763985e-05,9.3520669e-09
0.2176605,1.4882654e-05,0.00056012217,0.24969016,2.2134583e-05,7.7301026e-09
0.21772717,1.4440683e-05,0.00049060853,0.26497381,2.1405854e-05,7.6841234e-09
0.21779213,1.3827521e-05,0.0004218902,0.31920904,2.0404992e-05,1.0053313e-08
0.21785094,1.3340166e-05,0.00037083762,0.3178939,1.9602468e-05,8.6148197e-09
0.21791089,1.2890205e-05,0.0003292333,0.32306433,1.8880021e-05,8.9848985e-09
0.21796904,1.2423011e-05,0.00029517017,0.32873324,1.8151211e-05,9.8419793e-09
0.21802565,1.2094384e-05,0.00027008638,0.33381104,1.7662153e-05,7.8235332e-09
0.2180781,1.1991873e-05,0.00025424526,0.33208538,1.7523344e-05,8.1936396e-09
0.21813308,1.1813633e-05,0.00023837736,0.3333755,1.7291605e-05,9.2659387e-09
0.21818783,1.1873829e-05,0.00022941314,0.33192099,1.7448869e-05,7.7950301e-09
0.2182432,1.1969232e-05,0.0002221829,0.32858912,1.7666594e-05,7.8104962e-09
0.21829922,1.211181e-05,0.00021668499,0.32391041,1.7952664e-05,8.5017375e-09
0.21835264,1.225666e-05,0.00021254576,0.32045449,1.8232845e-05,9.7218555e-09
0.21841039,1.2517261e-05,0.00021086006,0.3176601,1.8667646e-05,7.7975063e-09
0.21846891,1.2639274e-05,0.0002079326,0.31398442,1.8888701e-05,8.5623864e-09
0.21852817,1.28436e-05,0.00020741957,0.30878379,1.9197307e-05,9.8608279e-09
0.21858489,1.3131853e-05,0.00020911841,0.30116499,1.9606178e-05,7.9033872e-09
0.21864631,1.3454021e-05,0.00021178668,0.29521201,2.0036172e-05,9.2356625e-09
0.21870843,1.3580141e-05,0.00021151992,0.28749179,2.0092826e-05,7.986448e-09
0.2187711,1.3931926e-05,0.00021499336,0.27950334,2.0450585e-05,9.9649831e-09
0.21883144,1.4414623e-05,0.00022114842,0.27011002,2.1002807e-05,8.8307212e-09
0.21889584,1.3994404e-05,0.00021454085,0.23017145,2.0315181e-05,8.3145796e-09
0.21895718,1.3526145e-05,0.00020841002,0.15213353,1.9653362e-05,8.5062451e-09
0.21901638,1.3300225e-05,0.00020671191,0.013071758,1.9238184e-05,8.2671001e-09
0.21907431,1.3086076e-05,0.00020688859,0.011231903,1.8738299e-05,8.0262901e-09
0.2191281,1.3137708e-05,0.00021258761,0.010303254,1.8603838e-05,8.549366e-09
0.21918479,1.3057641e-05,0.00021751616,0.011686348,1.8250153e-05,1.0282893e-08
0.21924127,1.3211582e-05,0.00022736809,0.01110299,1.8212946e-05,9.6451538e-09
0.21929769,1.3211623e-05,0.00023556169,0.011866656,1.7938548e-05,8.4825612e-09
0.21935085,1.3377172e-05,0.00024813814,0.010872887,1.7946217e-05,8.0873824e-09
0.21940756,1.3480894e-05,0.00026122697,0.012550997,1.7799471e-05,9.8373151e-09
0.21946444,1.36271e-05,0.00027697271,0.010307971,1.7720989e-05,8.5630249e-09
0.2195217,1.3801389e-05,0.00029523631,0.011677858,1.7676288e-05,9.2932917e-09
0.21957582,1.3850836e-05,0.00031220243,0.012176165,1.7491087e-05,1.0103724e-08
0.2196337,1.4105645e-05,0.00033703574,0.011592357,1.7557982e-05,9.4172448e-09
0.219692,1.4209885e-05,0.00036100995,0.013220477,1.7454521e-05,8.8421531e-09
0.21975064,1.4378871e-05,0.00038894537,0.0103551,1.7438768e-05,1.0162916e-08
0.2198063,1.4568341e-05,0.00041872811,0.011668251,1.7487492e-05,9.2342908e-09
0.21986584,1.4625115e-05,0.00044891343,0.012065749,1.7380541e-05,9.6894605e-09
0.21992585,1.4875642e-05,0.00048665979,0.010906833,1.753254e-05,8.9333621e-09
0.21998642,1.5030242e-05,0.00052131818,0.015229348,1.7579545e-05,8.8743314e-09
0.22004775,1.5380141e-05,0.00056125068,0.24512598,1.786934e-05,8.9409249e-09
0.22010506,1.5110494e-05,0.00055723843,0.2963406,1.7396287e-05,9.0074977e-09
0.22016713,1.5921104e-05,0.00058455865,0.37819378,1.8134274e-05,1.0185253e-08
0.22021642,1.0974322e-05,0.00040267513,0.34746874,1.2518324e-05,6.9581976e-09
0.22026822,1.2580337e-05,0.00046046044,0.24280279,1.4360519e-05,7.1124927e-09
0.22032358,1.50446e-05,0.00053010323,0.030033445,1.7475932e-05,9.8211805e-09
0.22038728,1.6595963e-05,0.00054961125,0.015022317,1.9397208e-05,7.5780896e-09
0.22045334,1.6256612e-05,0.00052221352,0.01416372,1.9127306e-05,7.7092162e-09
0.22051683,1.5978792e-05,0.00049439371,0.015022349,1.8927166e-05,9.9877226e-09
0.22057845,1.6842123e-05,0.00049836168,0.015972969,2.0063724e-05,9.6300893e-09
0.22064668,1.6963528e-05,0.00047961469,0.013334978,2.0256146e-05,9.2925275e-09
0.22071376,1.6751582e-05,0.00045249668,0.020989819,2.0095059e-05,8.4613323e-09
0.22078231,1.7565735e-05,0.00045229489,0.19399571,2.1054684e-05,8.5426424e-09
0.22084923,1.7382046e-05,0.00042886023,0.2302083,2.0882896e-05,7.8734148e-09
0.22091899,1.7132855e-05,0.0004021556,0.19809322,2.0683892e-05,7.8386543e-09
0.22099036,1.8057655e-05,0.00040236022,0.18067033,2.191295e-05,1.052374e-08
0.22106371,1.8250256e-05,0.00039513328,0.28348105,2.2201919e-05,1.0574465e-08
0.22112368,1.3896328e-05,0.00030324345,0.53891956,1.6496833e-05,1.0606332e-08
0.22117814,1.7301381e-05,0.0003689682,0.32730467,2.1072586e-05,8.9559346e-09
0.22125084,1.8455919e-05,0.00036487411,0.056350192,2.2920705e-05,8.2226946e-09
0.22132913,1.8944608e-05,0.00035968937,0.16465014,2.3581004e-05,1.0533106e-08
0.22140435,1.7903765e-05,0.00033050162,0.13492757,2.2447895e-05,9.262019e-09
0.22147581,1.8889527e-05,0.00033513657,0.16025282,2.3830451e-05,1.058795e-08
0.22155535,1.8917892e-05,0.00032856948,0.19246501,2.4014993e-05,8.3069642e-09
0.22163229,1.8230452e-05,0.00030929351,0.16878382,2.3351443e-05,9.6398285e-09
0.22171154,1.9253599e-05,0.00031787509,0.19591341,2.4877116e-05,9.3132946e-09
0.22178896,1.8947307e-05,0.00030986432,0.22884908,2.4637258e-05,8.1303355e-09
0.2218627,1.5226477e-05,0.00025009519,0.47532047,1.9718584e-05,1.0065943e-08
0.22191945,1.3421136e-05,0.00022036257,0.33582988,1.7407925e-05,9.3156233e-09
0.22198471,1.8259834e-05,0.00029765422,0.22480869,2.3832369e-05,9.9713855e-09
0.22205223,1.6211105e-05,0.00026327014,0.17364713,2.1337512e-05,1.0231718e-08
0.22211536,1.6385313e-05,0.00026238707,0.22182614,2.1719777e-05,9.905611e-09
0.22218649,1.6463643e-05,0.00026076918,0.26534139,2.1994037e-05,9.8364927e-09
0.22226019,1.7352217e-05,0.00027193362,0.27239058,2.341669e-05,9.5707627e-09
0.2223384,1.7871022e-05,0.00027379811,0.26259918,2.4484861e-05,9.8144953e-09
0.22241336,1.77501e-05,0.00026629427,0.27762614,2.4678231e-05,8.6317857e-09
0.22249287,1.779617e-05,0.00026394346,0.29474651,2.497318e-05,8.6166562e-09
0.22257208,1.7966657e-05,0.00026149084,0.27067655,2.5487773e-05,8.4009006e-09
0.22265617,1.8596608e-05,0.00026384227,0.27921702,2.672135e-05,8.1037489e-09
0.22273235,1.7365135e-05,0.00024481084,0.31042522,2.5129737e-05,9.0277966e-09
0.22280584,1.6292651e-05,0.00022811491,0.25487129,2.3735613e-05,1.0010479e-08
0.22288716,1.8580289e-05,0.00025572036,0.1999135,2.7516231e-05,7.7145634e-09
0.22297346,1.7590412e-05,0.00024147218,0.29835461,2.6170653e-05,9.3880664e-09
0.22304021,1.4474978e-05,0.0001998345,0.31123675,2.1628019e-05,1.0144567e-08
0.22312089,1.8271904e-05,0.00024557289,0.04463891,2.7791676e-05,9.8230991e-09
0.22321443,2.1131847e-05,0.00027425089,0.015401545,3.2645305e-05,1.0958642e-08
0.2233131,1.9753386e-05,0.00025738026,0.013783031,3.0784533e-05,7.7717951e-09
0.22340702,2.0163889e-05,0.00025940371,0.013025909,3.1743738e-05,9.5519091e-09
0.22350277,2.1511853e-05,0.00027553056,0.011997911,3.4175464e-05,8.492264e-09
0.22360313,2.031504e-05,0.00026120369,0.012234969,3.2571587e-05,9.1687351e-09
0.22370574,2.2028878e-05,0.00028164689,0.012174226,3.5619903e-05,8.7092224e-09
0.22381293,2.1381104e-05,0.00027563795,0.012209235,3.4837446e-05,8.7710214e-09
0.22391142,2.2131668e-05,0.00028505064,0.012714602,3.6271473e-05,9.5994093e-09
0.22402365,2.3269866e-05,0.00030076638,0.012610358,3.8211263e-05,9.1793975e-09
0.22413338,2.29106e-05,0.00029685148,0.01708326,3.758084e-05,8.7315741e-09
0.22424895,2.5296444e-05,0.0003273619,0.12343493,4.116483e-05,1.0862563e-08
0.22435883,2.4528647e-05,0.00032178266,0.17126591,3.9490949e-05,9.7935251e-09
0.2244464,1.6196543e-05,0.00021496467,0.19137412,2.5979581e-05,8.6021864e-09
0.22452453,1.6539969e-05,0.00021884093,0.31033523,2.6178966e-05,8.3045614e-09
0.22459292,1.4700291e-05,0.00019469069,0.30587851,2.3091401e-05,9.3935793e-09
0.22465055,1.2594224e-05,0.00016691723,0.36642474,1.9601306e-05,8.0910244e-09
0.22471299,1.8068089e-05,0.00024166881,0.20289713,2.8364537e-05,1.0505396e-08
0.22479542,1.8773597e-05,0.00025248419,0.25040571,2.926789e-05,8.0896644e-09
0.22488644,2.4291261e-05,0.00033220929,0.14979496,3.7767451e-05,9.8879574e-09
0.22500373,2.8449078e-05,0.00039903858,0.10311814,4.4172819e-05,1.1332468e-08
0.22511589,2.7735964e-05,0.00040124167,0.013980352,4.3028886e-05,8.1455992e-09
0.22523632,2.9121969e-05,0.00043733362,0.014849657,4.5142589e-05,1.1112351e-08
0.22536438,3.1528948e-05,0.00050616665,0.015155673,4.8843615e-05,9.9071479e-09
0.22550014,3.2815131e-05,0.00058636855,0.018471196,5.1021329e-05,9.9588132e-09
0.22563144,3.3639653e-05,0.00067910229,0.11892822,5.2368448e-05,9.6242342e-09
0.22577247,3.3209301e-05,0.00080020589,0.082034723,5.195382e-05,9.8891495e-09
0.22591204,3.2735449e-05,0.0009513832,0.013787567,5.1536522e-05,8.3019255e-09
0.22605013,3.1879996e-05,0.001101773,0.01174715,5.0612121e-05,1.1341571e-08
0.226177,2.4490956e-05,0.00095245207,0.25627991,3.8630476e-05,1.0221256e-08
0.22628787,2.2450169e-05,0.00084863979,0.28413048,3.5602032e-05,1.0687095e-08
0.22637567,2.6082243e-05,0.00086453393,0.081862695,4.1756587e-05,1.0397073e-08
0.22649062,2.6826882e-05,0.0007328253,0.12263523,4.3245614e-05,8.3504388e-09
0.22661921,2.8778952e-05,0.00065271346,0.11245526,4.7114794e-05,8.7780196e-09
0.22673977,2.7977364e-05,0.00055048657,0.047674008,4.6569955e-05,8.4890273e-09
0.22686568,2.7721038e-05,0.00048766695,0.22383385,4.6568584e-05,1.4013609e-08
0.22694926,1.8235574e-05,0.0003053166,0.13541778,3.0884579e-05,9.6149022e-09
0.22703951,2.0857813e-05,0.00033037998,0.12579801,3.5845096e-05,8.9436262e-09
0.22712317,1.6729885e-05,0.0002568445,0.18008518,2.8684268e-05,7.9147796e-09
0.22719579,1.5175059e-05,0.00022473732,0.18640688,2.6051185e-05,7.6186956e-09
0.22726486,1.4457081e-05,0.00020911266,0.21267629,2.4882793e-05,9.3975048e-09
0.22733123,1.4146903e-05,0.00020416145,0.32165094,2.4028611e-05,9.5209512e-09
0.22738674,1.0137719e-05,0.00014903125,0.53582733,1.6586241e-05,1.2005081e-08
0.22743652,8.8103851e-06,0.00012597772,0.39685871,1.4421899e-05,8.7221191e-09
0.22748577,1.0202956e-05,0.00014353153,0.23280819,1.6573845e-05,9.8378433e-09
0.22753313,1.3622906e-05,0.00018764707,0.38501863,2.2085973e-05,1.3561186e-08
0.22757172,6.2452063e-06,8.4360659e-05,0.5621276,9.774809e-06,8.1593514e-09
0.22761105,9.2811467e-06,0.00012457222,0.19674255,1.4625254e-05,8.8106338e-09
0.22765292,6.8646153e-06,9.1373739e-05,0.59196173,1.054011e-05,8.9989259e-09
0.22769095,7.1023418e-06,9.3046218e-05,0.25618728,1.0897864e-05,9.048428e-09
0.22773305,1.13461e-05,0.00015032167,0.19319029,1.7838899e-05,9.1678729e-09
0.22777614,8.7508893e-06,0.0001163794,0.43108846,1.3679204e-05,6.8323882e-09
0.2278246,1.3410229e-05,0.00017982834,0.19469844,2.1099117e-05,1.1209256e-08
0.22787629,1.2743258e-05,0.00017279188,0.15908045,1.99452e-05,7.9997526e-09
0.22793302,1.3322707e-05,0.00018223712,0.17159833,2.0706345e-05,1.0078479e-08
0.22798674,1.3111812e-05,0.00018134565,0.024615659,2.0349816e-05,9.7484332e-09
0.22804255,1.3020908e-05,0.00018492529,0.013664033,2.0059358e-05,9.5130249e-09
0.22809799,1.3073504e-05,0.00019113717,0.010340468,1.9926562e-05,9.4033139e-09
0.22815337,1.3134924e-05,0.0001972678,0.011658227,1.9742392e-05,9.021305e-09
0.22820521,1.3118365e-05,0.00020250112,0.010542611,1.9444051e-05,8.2549127e-09
0.22826048,1.3348676e-05,0.00021283126,0.010661307,1.9483553e-05,7.9574736e-09
0.22831614,1.3426533e-05,0.00022121126,0.013148125,1.9281499e-05,8.8746493e-09
0.22837219,1.3677993e-05,0.00023307331,0.01154834,1.9340014e-05,8.2801086e-09
0.22842542,1.3891137e-05,0.00024482032,0.013000836,1.9358382e-05,7.0999718e-09
0.22848233,1.3895323e-05,0.00025416403,0.012807397,1.9095981e-05,9.9337837e-09
0.22853973,1.4161211e-05,0.0002689684,0.011677549,1.9246857e-05,9.1312221e-09
0.22859767,1.4304356e-05,0.00028217801,0.013480748,1.9255637e-05,8.4389966e-09
0.22865601,1.4401423e-05,0.00029518573,0.012385572,1.9204037e-05,7.8955752e-09
0.22871148,1.4667781e-05,0.00031201216,0.012795704,1.9397878e-05,9.4568932e-09
0.22877098,1.4844741e-05,0.00032890325,0.014652877,1.9477032e-05,8.5638041e-09
0.22883094,1.4972775e-05,0.00034641784,0.013981811,1.9500947e-05,1.0092747e-08
0.22889152,1.5243623e-05,0.00036897659,0.013556161,1.9753436e-05,9.4914843e-09
0.22894915,1.5454992e-05,0.00039065949,0.014814888,1.9932023e-05,8.2061534e-09
0.22901081,1.54805e-05,0.00040993817,0.013201025,1.9894255e-05,9.9280169e-09
0.22907322,1.5828503e-05,0.00043917078,0.012280435,2.0257791e-05,9.3362998e-09
0.22913629,1.5977704e-05,0.00046496977,0.013986603,2.0374432e-05,7.4152424e-09
0.22919621,1.5984947e-05,0.00048636242,0.012793736,2.0319762e-05,8.9571199e-09
0.22926055,1.6338803e-05,0.00052059911,0.011941322,2.0721791e-05,1.0090259e-08
0.22932562,1.6586243e-05,0.00055144898,0.014051935,2.0979992e-05,8.203851e-09
0.22939132,1.6583916e-05,0.00057351831,0.01123624,2.0939145e-05,9.0887964e-09
0.22945728,1.716464e-05,0.00061028929,0.011673571,2.1609775e-05,7.6172771e-09
0.22952124,1.7175148e-05,0.0006203333,0.014093183,2.1574083e-05,9.212488e-09
0.22958915,1.717815e-05,0.00062226325,0.011957818,2.1568878e-05,7.2299261e-09
0.22965768,1.7402106e-05,0.0006261533,0.012981299,2.1857533e-05,9.685941e-09
0.22972687,1.7436797e-05,0.00062075737,0.012213545,2.1934758e-05,8.4651919e-09
0.22979266,1.7664871e-05,0.00062072436,0.012083442,2.2270128e-05,1.0792721e-08
0.22986343,1.7742056e-05,0.00061250175,0.013666369,2.2394188e-05,9.0239861e-09
0.22993487,1.7891492e-05,0.00060630689,0.01259946,2.2660418e-05,7.5078644e-09
0.23000703,1.7953418e-05,0.00059600309,0.01632603,2.2789222e-05,1.0009105e-08
0.23007575,1.8158432e-05,0.00059098785,0.018826459,2.3103978e-05,7.358881e-09
0.23014942,1.8165836e-05,0.00057868991,0.032661367,2.3159248e-05,8.8939621e-09
0.23022384,1.8439879e-05,0.00057500411,0.068791267,2.3533052e-05,9.0824661e-09
0.23029915,1.8573474e-05,0.00056678508,0.10314281,2.3691613e-05,8.2085553e-09
0.23037071,1.8758223e-05,0.00056379685,0.13540967,2.3902671e-05,9.8464265e-09
0.23043408,1.813003e-05,0.00055000499,0.26088604,2.2914123e-05,1.1644686e-08
0.23049391,1.7779326e-05,0.00053436113,0.21636608,2.2540593e-05,8.8791393e-09
0.23056857,1.8779654e-05,0.00054173875,0.029153734,2.4179691e-05,9.6566525e-09
0.23064936,1.96169e-05,0.00054891602,0.013480454,2.5339757e-05,1.0613053e-08
0.23072203,1.8198248e-05,0.00049830521,0.012423621,2.3574335e-05,1.0122093e-08
0.23079948,1.9421598e-05,0.00050906993,0.014141589,2.5327544e-05,8.2952532e-09
0.23088128,1.9103491e-05,0.00049119401,0.014109069,2.5029902e-05,9.753315e-09
0.23095825,1.8540649e-05,0.00046031088,0.013060871,2.4406773e-05,8.6466336e-09
0.23103538,2.0322848e-05,0.00048922575,0.015672018,2.697304e-05,8.6704689e-09
0.23111829,1.8559662e-05,0.0004395155,0.014803133,2.4661901e-05,7.2320075e-09
0.23119685,1.9257264e-05,0.00043691175,0.01429251,2.5779253e-05,9.462433e-09
0.23128372,2.0536436e-05,0.00045496912,0.015530228,2.7639769e-05,9.6650197e-09
0.23136115,1.8402995e-05,0.00039842967,0.016069423,2.4856319e-05,1.0093122e-08
0.23144397,2.0229317e-05,0.00041962668,0.016375278,2.7626124e-05,8.7221434e-09
0.23153395,1.9899548e-05,0.00040502269,0.014863246,2.7316548e-05,7.5232658e-09
0.23161728,1.9154155e-05,0.00037536066,0.01406889,2.6466841e-05,8.4012122e-09
0.23170151,2.1185693e-05,0.00040139831,0.014685921,2.9606896e-05,1.0232269e-08
0.23179276,1.9355307e-05,0.00035994438,0.013957824,2.72783e-05,8.7034648e-09
0.23188014,2.0191347e-05,0.00035991835,0.01396169,2.8738679e-05,1.058209e-08
0.23197572,2.1007481e-05,0.00036563684,0.013242107,3.0216709e-05,9.4310526e-09
0.23206691,1.9562296e-05,0.00033094902,0.013841903,2.836539e-05,7.6278469e-09
0.23215573,2.1289864e-05,0.00034858133,0.013860189,3.1228557e-05,9.1608734e-09
0.23225436,2.0254569e-05,0.00032501557,0.011901058,3.0026648e-05,8.7051869e-09
0.23234919,2.0569248e-05,0.00031975672,0.013291589,3.0910949e-05,9.7770988e-09
0.23245135,2.1486374e-05,0.00032632903,0.011199933,3.2715533e-05,1.0073321e-08
0.23254499,2.0334821e-05,0.00030271028,0.0114121,3.1337265e-05,9.0775818e-09
0.23264751,2.1931414e-05,0.00031808886,0.011247088,3.4245466e-05,7.7613058e-09
0.23275359,2.0973818e-05,0.00030030856,0.0105426,3.3208999e-05,8.9926485e-09
0.23285809,2.1938237e-05,0.00030639623,0.011699003,3.5133772e-05,9.135745e-09
0.23296285,2.2330491e-05,0.0003083848,0.010654696,3.619707e-05,7.3050975e-09
0.23307157,2.2063391e-05,0.00029993896,0.01072693,3.6125509e-05,8.3103815e-09
0.23318621,2.3663394e-05,0.00031656856,0.011169122,3.9014844e-05,1.0962028e-08
0.2333011,2.2985094e-05,0.00030346559,0.011673106,3.792301e-05,8.1520376e-09
0.23341883,2.4888695e-05,0.00032279696,0.012255592,4.100359e-05,7.7713849e-09
0.2335331,2.4577037e-05,0.00031580903,0.011770757,4.0326571e-05,6.9729449e-09
0.23365432,2.6147182e-05,0.0003313185,0.012498363,4.268095e-05,1.0990026e-08
0.23378178,2.6629976e-05,0.00033640665,0.013462932,4.3096845e-05,1.0575828e-08
0.23390831,2.7832312e-05,0.00035100104,0.012778434,4.4658651e-05,9.484469e-09
0.2340344,2.9071713e-05,0.00037014991,0.014512331,4.6146778e-05,1.02142e-08
0.23416765,2.9752374e-05,0.00038493801,0.014824084,4.6668189e-05,1.2630449e-08
0.23429879,2.7716975e-05,0.00036875698,0.013069914,4.2996337e-05,1.0460107e-08
0.23441997,2.6386517e-05,0.00036287998,0.012470557,4.0587834e-05,9.2010726e-09
0.23453069,2.6334678e-05,0.00037495941,0.012556721,4.0232896e-05,1.0293934e-08
0.2346497,2.7132155e-05,0.00040893449,0.013342192,4.1208584e-05,7.9876246e-09
0.23477174,2.7815786e-05,0.00045186329,0.013565239,4.2073056e-05,7.6347149e-09
0.2348965,2.8642956e-05,0.00051312512,0.012702638,4.3267925e-05,1.1025512e-08
0.23501834,2.9836294e-05,0.0005993932,0.013218417,4.5083137e-05,9.9036396e-09
0.23515228,3.0335518e-05,0.00071403901,0.14961361,4.5953458e-05,1.0287165e-08
0.23525059,2.0024318e-05,0.00053784796,0.19617072,3.0318056e-05,9.9649451e-09
0.23533062,1.6969534e-05,0.00050094338,0.19659876,2.5605974e-05,1.052049e-08
0.23541231,1.8905834e-05,0.0006166828,0.16556593,2.8699841e-05,8.1621314e-09
0.23549829,2.1095639e-05,0.00076077085,0.15406079,3.2029404e-05,9.9779116e-09
0.23559621,2.1080169e-05,0.00083802878,0.23645602,3.1970378e-05,8.3965957e-09
0.23568825,1.8929206e-05,0.00077250178,0.25124776,2.8671899e-05,9.0665571e-09
0.23577127,1.7146692e-05,0.00063608033,0.25309125,2.5836301e-05,7.8537116e-09
0.23584394,1.6055675e-05,0.00052718197,0.26930526,2.4158303e-05,9.3225308e-09
0.23591793,1.5353014e-05,0.00044234189,0.29144327,2.29812e-05,8.4340309e-09
0.23598792,1.4437885e-05,0.00037351738,0.29882307,2.1597162e-05,9.9578548e-09
0.23605574,1.3871666e-05,0.00032786886,0.29327657,2.0731465e-05,8.0946348e-09
0.23611545,1.2957936e-05,0.00028594956,0.2922169,1.9333596e-05,9.1752188e-09
0.23617589,1.2487939e-05,0.00025856964,0.29574551,1.8659165e-05,8.7894818e-09
0.23623587,1.2488266e-05,0.00024415357,0.29757159,1.8763229e-05,8.0919325e-09
0.23629598,1.2488529e-05,0.00023200097,0.29845867,1.8837727e-05,8.6711799e-09
0.23635258,1.2447069e-05,0.00022163533,0.29741574,1.8848347e-05,9.4685523e-09
0.23641304,1.2630224e-05,0.00021609937,0.29490659,1.9224469e-05,7.8486023e-09
0.23647463,1.2778443e-05,0.00021120237,0.29197384,1.9546794e-05,8.1457709e-09
0.23653689,1.2882718e-05,0.00020666514,0.28972342,1.9779491e-05,9.1502621e-09
0.23659977,1.3088402e-05,0.00020463971,0.29006667,2.0109461e-05,8.0541276e-09
0.23665957,1.313498e-05,0.00020159212,0.28791879,2.0202015e-05,8.9682884e-09
0.23672332,1.3293868e-05,0.00020076441,0.28284625,2.042089e-05,8.2195208e-09
0.2367877,1.3466657e-05,0.00020045038,0.27731656,2.0607852e-05,9.6452425e-09
0.23685282,1.3783164e-05,0.00020239311,0.27160294,2.0955382e-05,8.2545647e-09
0.23691496,1.3836673e-05,0.00020136401,0.2636583,2.0875679e-05,7.8749972e-09
0.23697823,1.3074994e-05,0.00018907164,0.20491824,1.9756739e-05,9.6850203e-09
0.23703811,1.2619115e-05,0.00018308964,0.094558996,1.9044606e-05,9.539397e-09
0.23709589,1.2273665e-05,0.00017924416,0.016007363,1.8408854e-05,8.0478941e-09
0.2371491,1.2231866e-05,0.00018092434,0.010726216,1.8135142e-05,1.02276e-08
0.23720478,1.2133848e-05,0.0001830073,0.0099062785,1.7743361e-05,8.9066087e-09
0.23726005,1.2185951e-05,0.00018816801,0.011490835,1.7554623e-05,9.9124631e-09
0.23731501,1.2235194e-05,0.00019409138,0.010129494,1.7352694e-05,9.8797182e-09
0.23736999,1.2317462e-05,0.00020110449,0.011915311,1.7184197e-05,9.8487974e-09
0.2374217,1.2398614e-05,0.00020850808,0.010448573,1.7027332e-05,9.8296815e-09
0.23747689,1.257038e-05,0.00021860613,0.011509844,1.6973267e-05,7.9756507e-09
0.23753222,1.2620806e-05,0.00022752766,0.010818508,1.6755797e-05,9.6279573e-09
0.23758789,1.2853639e-05,0.0002407484,0.010885036,1.6771665e-05,9.1475983e-09
0.23764057,1.2916115e-05,0.00025121879,0.011891734,1.657271e-05,8.7274596e-09
0.23769683,1.3120233e-05,0.00026646642,0.011054141,1.6559577e-05,7.199252e-09
0.23775353,1.3270078e-05,0.00028217812,0.013176824,1.6488693e-05,9.8742995e-09
0.23781053,1.3366039e-05,0.00029837547,0.01084611,1.6362634e-05,8.9474805e-09
0.2378646,1.3582358e-05,0.00031829852,0.011320096,1.641754e-05,8.5965287e-09
0.23792246,1.3683308e-05,0.00033838092,0.012784205,1.6334202e-05,6.9513978e-09
0.23798067,1.3839526e-05,0.00036241364,0.010131317,1.636893e-05,9.0724913e-09
0.23803942,1.4030771e-05,0.00039063204,0.01193983,1.645518e-05,9.8577757e-09
0.23809511,1.4079171e-05,0.00041564257,0.01213988,1.6423745e-05,7.8966603e-09
0.23815474,1.4301471e-05,0.00045026974,0.01745481,1.6603402e-05,8.8340698e-09
0.23821518,1.4521099e-05,0.00049111924,0.2597332,1.6694631e-05,8.827101e-09
0.23827497,1.4589396e-05,0.00051388171,0.28073221,1.6678136e-05,9.227248e-09
0.23833625,1.3469146e-05,0.00048617917,0.52960607,1.5112333e-05,1.1952144e-08
0.23838047,1.1818282e-05,0.00042238147,0.36191383,1.3418201e-05,8.7918954e-09
0.23843447,1.3890551e-05,0.00050840983,0.16448325,1.5981268e-05,8.0788097e-09
0.23849451,1.504189e-05,0.00055693326,0.018729579,1.7587616e-05,9.3699922e-09
0.23855943,1.5935144e-05,0.00057289613,0.016843225,1.8688533e-05,9.4133495e-09
0.23861972,1.5155277e-05,0.00053353654,0.01499818,1.7872802e-05,8.3827767e-09
0.23868236,1.5413433e-05,0.00052322311,0.015773464,1.832287e-05,7.7473316e-09
0.23874862,1.6523238e-05,0.00053803993,0.013921851,1.9713528e-05,8.421133e-09
0.23881608,1.5988582e-05,0.00050233937,0.016509666,1.9170995e-05,7.8912165e-09
0.23887794,1.6022297e-05,0.00048320971,0.016530006,1.9322208e-05,1.0149479e-08
0.23894682,1.7112255e-05,0.00049469337,0.13627834,2.0661893e-05,1.004889e-08
0.23901673,1.6874965e-05,0.00047519465,0.26716203,2.0373117e-05,1.058327e-08
0.23908539,1.6722477e-05,0.00045047397,0.18399772,2.0378751e-05,9.3031778e-09
0.23915231,1.7453277e-05,0.0004502314,0.19030775,2.1337946e-05,9.4894094e-09
0.23922545,1.7060466e-05,0.0004248299,0.22645989,2.0943976e-05,9.200599e-09
0.23929651,1.7168463e-05,0.00041332486,0.37108854,2.1080853e-05,9.0537231e-09
0.23936973,1.7583052e-05,0.00040107466,0.19909358,2.1949142e-05,8.5713255e-09
0.23944596,1.7954575e-05,0.00039823169,0.2727842,2.2354215e-05,9.2983446e-09
0.23950001,1.6885723e-05,0.00037463461,0.21479792,2.1133984e-05,9.6181701e-09
0.23956261,1.6730208e-05,0.00036350087,0.18549848,2.1014653e-05,7.498082e-09
0.23963708,1.8152174e-05,0.00036732547,0.031031924,2.3221365e-05,1.0385371e-08
0.23971716,1.8212291e-05,0.00036144778,0.17167983,2.3375278e-05,1.0356962e-08
0.23978808,1.7099769e-05,0.0003294787,0.14935497,2.2075268e-05,8.2397326e-09
0.23986523,1.8368449e-05,0.00034099279,0.18093663,2.3951726e-05,9.5700889e-09
0.23994704,1.8348405e-05,0.00033704604,0.28334713,2.3973605e-05,1.0664598e-08
0.24001441,1.4081865e-05,0.0002593717,0.49618062,1.818634e-05,7.9385643e-09
0.24007289,1.6287311e-05,0.00029605851,0.31501881,2.1422984e-05,1.0520245e-08
0.24014268,1.3723826e-05,0.00024554161,0.26252824,1.8229756e-05,8.2698851e-09
0.24021692,1.556174e-05,0.00027715473,0.30006972,2.0840508e-05,8.3787179e-09
0.24028863,1.714807e-05,0.00030227039,0.26629948,2.3251211e-05,8.2784609e-09
0.24036815,1.8207574e-05,0.0003036631,0.066469627,2.5355955e-05,7.6928138e-09
0.24044985,1.9420442e-05,0.00031214912,0.081631432,2.7309261e-05,9.979526e-09
0.24053552,1.8059045e-05,0.00028523989,0.086340078,2.5709728e-05,1.0046194e-08
0.24062017,1.8877397e-05,0.00028847086,0.092305963,2.7240465e-05,9.7580576e-09
0.24071006,1.9089322e-05,0.00028555721,0.097661644,2.7878293e-05,7.0597979e-09
0.24079194,1.8383369e-05,0.00027027778,0.087881234,2.7117125e-05,8.6810069e-09
0.24088196,1.9786123e-05,0.00028417096,0.16479257,2.9307573e-05,7.2149561e-09
0.24097438,1.8859502e-05,0.00026812955,0.17576874,2.81196e-05,8.4306297e-09
0.24106408,1.9390426e-05,0.0002697748,0.20822008,2.904723e-05,9.6694942e-09
0.24115133,1.2859059e-05,0.00017817625,0.38899516,1.9164391e-05,8.4560582e-09
0.24123073,1.544467e-05,0.00021563749,0.26638892,2.3346622e-05,7.3106038e-09
0.24131299,1.7047018e-05,0.00023741538,0.22582271,2.6022446e-05,9.6864836e-09
0.24139402,1.6880065e-05,0.00023588945,0.22978228,2.590327e-05,9.1471328e-09
0.24146694,1.605149e-05,0.00022423827,0.25658343,2.4634878e-05,1.0323858e-08
0.24154095,1.5294917e-05,0.00021248194,0.27375145,2.3562697e-05,1.0211362e-08
0.24160984,1.3436312e-05,0.00018612642,0.32072462,2.0712799e-05,9.5339841e-09
0.24167037,1.0932751e-05,0.00015157403,0.39446869,1.6746949e-05,7.3401454e-09
0.2417231,1.006615e-05,0.00014013315,0.40625395,1.5290763e-05,9.8862339e-09
0.24176791,9.3849544e-06,0.00013070463,0.42789565,1.4148703e-05,6.9115886e-09
0.24181625,1.0229507e-05,0.00014168124,0.42854449,1.541707e-05,9.476147e-09
0.24186903,1.0909852e-05,0.00015076621,0.39414102,1.6641223e-05,7.0270118e-09
0.2419303,1.3566093e-05,0.00018590642,0.3055372,2.126136e-05,7.4132725e-09
0.24200592,1.8341778e-05,0.00024720349,0.22819411,2.9532085e-05,1.0036443e-08
0.24210114,1.9428465e-05,0.00026086536,0.20165191,3.1836564e-05,8.5888182e-09
0.24219394,1.8314946e-05,0.00024429204,0.21122535,3.0239717e-05,7.418702e-09
0.24228257,1.6251859e-05,0.0002158078,0.24443428,2.697836e-05,9.9933739e-09
0.24234931,1.2115207e-05,0.00016262912,0.34865712,1.9848604e-05,7.6842839e-09
0.24240222,1.0033661e-05,0.00013761459,0.3886364,1.6001842e-05,8.2819688e-09
0.24244735,8.3348741e-06,0.00011527858,0.46355288,1.2915517e-05,8.1602168e-09
0.24248529,7.4645562e-06,0.00010436917,0.4945737,1.1126566e-05,9.2575632e-09
0.24251799,7.2608189e-06,0.00010219793,0.52911022,1.0607259e-05,7.7459027e-09
0.2425505,6.6564223e-06,9.5075038e-05,0.53213303,9.4718255e-06,9.0244668e-09
0.24258123,6.2550563e-06,9.1276151e-05,0.58609449,8.6104364e-06,9.5182107e-09
0.24261186,6.3108229e-06,9.4161408e-05,0.57489025,8.4752375e-06,9.6350235e-09
0.24264093,6.201423e-06,9.3774733e-05,0.58906841,8.1277995e-06,7.8704041e-09
0.24266745,5.6124886e-06,8.5387647e-05,0.61909625,7.2145324e-06,8.1161162e-09
0.24269557,5.8868304e-06,9.047088e-05,0.60195895,7.4910522e-06,8.7090877e-09
0.24272386,5.9751576e-06,9.2506636e-05,0.61585795,7.5041681e-06,7.3928324e-09
0.2427523,6.0398691e-06,9.3901137e-05,0.63041018,7.5100531e-06,7.8979935e-09
0.24277879,5.9936844e-06,9.3755861e-05,0.65929799,7.2599167e-06,1.0049668e-08
0.24280628,5.9693482e-06,9.4327154e-05,0.6660094,7.145184e-06,7.8987138e-09
0.2428332,5.8537699e-06,9.3431398e-05,0.68358796,6.8527963e-06,9.424954e-09
0.24285952,5.8170237e-06,9.4098638e-05,0.68916213,6.6982075e-06,7.8092809e-09
0.24288405,5.8604247e-06,9.5761794e-05,0.69304132,6.6553874e-06,8.3421309e-09
0.2429097,5.7691353e-06,9.5564423e-05,0.70524218,6.4041716e-06,7.5002245e-09
0.24293477,5.6552874e-06,9.5028107e-05,0.71699698,6.1344833e-06,9.066429e-09
0.24295905,5.5641271e-06,9.4862685e-05,0.72446076,5.9052909e-06,7.7505289e-09
0.24298317,5.5432577e-06,9.5151112e-05,0.73378489,5.8160118e-06,8.059368e-09
0.24300587,5.4647466e-06,9.4367175e-05,0.74532616,5.6491541e-06,9.0229498e-09
0.24302946,5.3656325e-06,9.4442704e-05,0.74141496,5.4356046e-06,8.6484027e-09
0.24305251,5.5776253e-06,9.902375e-05,0.75819058,5.5917763e-06,8.4906846e-09
0.24307604,5.4806792e-06,9.8452675e-05,0.73701221,5.7089272e-06,8.1338803e-09
0.24310017,6.2242856e-06,0.00011039678,0.6834736,6.9531345e-06,1.034676e-08
0.24312827,6.3782859e-06,0.00011115414,0.67254862,7.3843541e-06,8.4633755e-09
0.24315471,5.4933106e-06,9.63564e-05,0.73401961,6.2486048e-06,8.3357647e-09
0.2431737,3.8715806e-06,7.1136995e-05,0.82919442,3.7348152e-06,1.0931719e-08
0.24318579,3.9923631e-06,8.7287062e-05,0.69176421,4.3988618e-06,2.3233422e-08
0.24320694,5.1662093e-06,8.7747778e-05,0.6555736,6.2316109e-06,1.8803733e-08
0.24323089,5.3887104e-06,9.1970931e-05,0.69437458,6.2083677e-06,1.118608e-08
0.24325424,5.8464189e-06,0.00010197416,0.65409785,6.8151992e-06,1.0039234e-08
0.24327685,5.5475588e-06,9.8130247e-05,0.65155126,6.480309e-06,9.5675009e-09
0.24330048,5.3572654e-06,9.6552524e-05,0.6783581,6.064841e-06,8.2767928e-09
0.24332315,5.1110414e-06,9.4957409e-05,0.70501792,5.5471449e-06,9.3104335e-09
0.2433443,4.8572097e-06,9.3989492e-05,0.72239341,4.9431348e-06,8.9466913e-09
0.24336429,4.678162e-06,9.3808689e-05,0.73950737,4.5299977e-06,7.3913844e-09
0.24338281,4.7179103e-06,9.5841217e-05,0.73856179,4.518995e-06,8.1746983e-09
0.24340228,4.5353924e-06,9.7823201e-05,0.76615048,4.1630484e-06,9.8709109e-09
0.24342083,4.5253883e-06,9.9087529e-05,0.76554995,4.1856884e-06,9.6143941e-09
0.24344008,4.7243453e-06,0.00010364314,0.74396945,4.5861131e-06,8.3976421e-09
0.24345925,4.9677306e-06,0.0001086323,0.71963512,5.1073378e-06,8.330419e-09
0.24348112,5.3058978e-06,0.00011477936,0.69370433,5.7996585e-06,1.0097993e-08
0.24350376,5.2943706e-06,0.00011534351,0.68750721,5.8502168e-06,7.9863902e-09
0.24352734,5.5664599e-06,0.00012029493,0.66316382,6.4322267e-06,9.1662575e-09
0.2435508,5.8115354e-06,0.00012528743,0.64542777,6.9222794e-06,9.1613987e-09
0.24357703,6.0859019e-06,0.00013133848,0.62497528,7.4788674e-06,1.0055082e-08
0.24360481,6.417093e-06,0.00013890472,0.59947785,8.1296258e-06,8.1471931e-09
0.24363422,6.7237108e-06,0.0001462405,0.58157967,8.7602611e-06,9.3425249e-09
0.24366349,7.0927402e-06,0.00015531445,0.56138799,9.4626785e-06,9.8674333e-09
0.24369647,7.5088852e-06,0.00016613979,0.53469028,1.0283868e-05,8.878007e-09
0.24373136,7.8047702e-06,0.00017571037,0.5172673,1.0851506e-05,9.2298774e-09
0.24376752,8.098096e-06,0.00018717444,0.50165073,1.1444912e-05,9.0995191e-09
0.24380583,8.5529963e-06,0.00020204195,0.47630536,1.2306432e-05,6.927362e-09
0.24384259,8.576047e-06,0.00020768041,0.48427733,1.2350806e-05,9.3663511e-09
0.24388267,8.754592e-06,0.00021804289,0.47587468,1.2710743e-05,9.029217e-09
0.24392354,8.4378219e-06,0.00021810449,0.47230653,1.233403e-05,6.3863617e-09
0.2439656,9.1954113e-06,0.00024700892,0.42450101,1.3645483e-05,8.9805875e-09
0.2440061,9.6075972e-06,0.00026858432,0.44456498,1.4327577e-05,8.616587e-09
0.2440478,8.5525348e-06,0.00025378464,0.48620908,1.2708314e-05,8.6672937e-09
0.24408825,8.44924e-06,0.00026813873,0.48548096,1.2547856e-05,7.0716335e-09
0.24412585,8.4706608e-06,0.00028621567,0.4964645,1.2400727e-05,7.9515649e-09
0.24415895,7.5062433e-06,0.00026613302,0.52800127,1.0776896e-05,7.7048729e-09
0.24419484,7.5231271e-06,0.0002776403,0.51483406,1.08032e-05,7.401724e-09
0.24423039,7.6375894e-06,0.00029303711,0.5217525,1.0821534e-05,7.9364485e-09
0.24426577,7.67476e-06,0.00030486123,0.51946752,1.0792414e-05,7.3326115e-09
0.24430092,7.657067e-06,0.00031168959,0.52068101,1.0694153e-05,9.7211187e-09
0.24433412,7.7790345e-06,0.00032114676,0.51900897,1.0861577e-05,7.7688735e-09
0.24437001,7.8010907e-06,0.00032410044,0.51694131,1.0967739e-05,9.8965466e-09
0.24440687,8.1136044e-06,0.00033244679,0.50530369,1.1565435e-05,7.9773274e-09
0.24444568,8.6329636e-06,0.00034453637,0.47513925,1.26333e-05,8.3194703e-09
0.24448439,8.3602874e-06,0.00032077318,0.4874316,1.2428889e-05,8.2129873e-09
0.24452775,9.715002e-06,0.00035775451,0.42779554,1.48153e-05,7.7333325e-09
0.24457358,9.979874e-06,0.0003472009,0.41920782,1.546214e-05,7.8875551e-09
0.24462315,1.0872407e-05,0.00035614402,0.3829238,1.7210389e-05,8.8326062e-09
0.24467411,1.1704693e-05,0.00035861449,0.35240834,1.8777094e-05,1.0157215e-08
0.24473112,1.2128193e-05,0.00034401658,0.33601662,1.968197e-05,1.0171542e-08
0.24479044,1.2474904e-05,0.00032631865,0.32094387,2.0385457e-05,7.0271583e-09
0.24485094,1.2584768e-05,0.00030361065,0.31403417,2.0696269e-05,9.6938669e-09
0.24490757,1.2281338e-05,0.00027417697,0.32388091,2.0276119e-05,9.5656564e-09
0.24496536,1.1694112e-05,0.00024122797,0.34324527,1.9309644e-05,7.6367102e-09
0.24502046,1.120857e-05,0.00021635539,0.35837567,1.8476229e-05,7.8096884e-09
0.24507434,1.1105857e-05,0.00020412517,0.3588038,1.8341733e-05,8.4556434e-09
0.2451283,1.111098e-05,0.00019601668,0.35893258,1.8422359e-05,8.4418199e-09
0.24517927,1.1120384e-05,0.00018891394,0.360281,1.8515129e-05,8.0453613e-09
0.2452337,1.1175106e-05,0.00018273387,0.35902312,1.8696723e-05,9.8915681e-09
0.24528853,1.1217875e-05,0.00017702693,0.35817039,1.8856261e-05,8.8055089e-09
0.24534405,1.1529405e-05,0.00017655153,0.34712837,1.9511394e-05,9.5881026e-09
0.24539898,1.1750211e-05,0.00017474906,0.35015031,1.9984949e-05,8.8719737e-09
0.24545456,1.1164607e-05,0.0001611181,0.3686532,1.8922428e-05,9.0923237e-09
0.24550971,1.1306634e-05,0.00016026969,0.36477701,1.9155076e-05,9.5088155e-09
0.24556547,1.1469058e-05,0.00016036662,0.35886779,1.9446666e-05,8.1704446e-09
0.24561875,1.172214e-05,0.00016202931,0.3507179,1.986664e-05,8.1280441e-09
0.24567641,1.2019173e-05,0.00016408032,0.34097741,2.0312635e-05,9.4876796e-09
0.24573515,1.230083e-05,0.00016577262,0.33353054,2.0654945e-05,9.5483543e-09
0.24579453,1.2485163e-05,0.00016640076,0.32832568,2.0771178e-05,8.9640297e-09
0.24585044,1.2541209e-05,0.00016626826,0.32888289,2.063055e-05,8.531886e-09
0.24590837,1.1980631e-05,0.00016387193,0.076374489,2.0010691e-05,8.3161632e-09
0.2459642,1.1758991e-05,0.00016642507,0.0099565551,1.9688233e-05,8.2656248e-09
0.24601882,1.1626827e-05,0.00016761022,0.010745263,1.9264936e-05,8.3587397e-09
0.24607263,1.1669267e-05,0.00017143449,0.0098472694,1.9088468e-05,8.2488293e-09
0.24612291,1.1638853e-05,0.0001745745,0.011115172,1.8787541e-05,9.5422203e-09
0.24617614,1.17754e-05,0.00018103743,0.010080982,1.8731755e-05,1.012468e-08
0.24622933,1.1788405e-05,0.0001862773,0.011169936,1.8471686e-05,9.4367181e-09
0.2462826,1.1991273e-05,0.00019530432,0.010627915,1.8500602e-05,9.6160016e-09
0.24633292,1.2065923e-05,0.00020260107,0.011987325,1.8346632e-05,9.1815832e-09
0.24638656,1.2216338e-05,0.00021180882,0.0097840114,1.828899e-05,8.9922705e-09
0.24644059,1.2391387e-05,0.00022162228,0.011412107,1.8230981e-05,9.6144788e-09
0.24649488,1.24512e-05,0.00022968323,0.0098568196,1.8016841e-05,8.494995e-09
0.24654637,1.2683078e-05,0.00024105136,0.0104029,1.8064219e-05,8.6486859e-09
0.24660149,1.2791571e-05,0.00025133427,0.012410147,1.7925815e-05,8.8482235e-09
0.24665693,1.2895854e-05,0.00026275193,0.01066033,1.7811952e-05,8.7590545e-09
0.24671288,1.3113936e-05,0.00027760218,0.012362586,1.7874358e-05,9.7298216e-09
0.24676921,1.3148798e-05,0.0002896322,0.013397352,1.7716657e-05,9.1585139e-09
0.24682258,1.3294861e-05,0.00030430658,0.011964213,1.7744199e-05,9.1229064e-09
0.2468798,1.3510079e-05,0.00032272948,0.01316924,1.787618e-05,8.6315817e-09
0.24693748,1.3608118e-05,0.00034000916,0.015449337,1.7887114e-05,7.8189929e-09
0.24699559,1.3752511e-05,0.00035970438,0.013330465,1.7972813e-05,8.620041e-09
0.24705084,1.3970885e-05,0.00038274661,0.013375398,1.8195982e-05,7.9890317e-09
0.24711012,1.4091993e-05,0.00040746321,0.016890692,1.8308317e-05,8.4716157e-09
0.24716993,1.4185336e-05,0.00043458105,0.013377409,1.8410027e-05,7.7136536e-09
0.24723044,1.444357e-05,0.00046709277,0.013821414,1.8726202e-05,7.7385137e-09
0.24728803,1.4570613e-05,0.00049427878,0.016185478,1.8901309e-05,9.2589331e-09
0.24734981,1.463091e-05,0.00051919771,0.016174843,1.899306e-05,8.7477754e-09
0.24741235,1.4892931e-05,0.00054721764,0.013683861,1.9374531e-05,7.9896497e-09
0.24747564,1.5029972e-05,0.0005643379,0.017846119,1.9584461e-05,1.0054518e-08
0.24753581,1.5108266e-05,0.00057097688,0.018443187,1.9719481e-05,9.4722848e-09
0.24760051,1.535408e-05,0.0005780003,0.018630564,2.0081476e-05,9.1419186e-09
0.247666,1.5483868e-05,0.00057755011,0.027974762,2.0303344e-05,8.9268507e-09
0.2477322,1.5639433e-05,0.00057569094,0.047475094,2.0571046e-05,8.7205198e-09
0.24779922,1.5776136e-05,0.00057115323,0.084045936,2.0815562e-05,8.9204393e-09
0.24786313,1.5866587e-05,0.00056451111,0.092663298,2.1027452e-05,9.3447359e-09
0.24793184,1.610615e-05,0.00056271568,0.097869428,2.1415669e-05,9.4933742e-09
0.24799811,1.4345008e-05,0.00050689289,0.33761722,1.8907907e-05,1.0137797e-08
0.24806045,1.522862e-05,0.00052953055,0.15237516,2.0234935e-05,9.4657623e-09
0.24812421,1.6398047e-05,0.00054016444,0.01558295,2.2135387e-05,8.7115633e-09
0.2481973,1.6804101e-05,0.00054042005,0.014860869,2.2791864e-05,9.5211027e-09
0.24826602,1.5571206e-05,0.00049011872,0.017236609,2.1207524e-05,7.9891128e-09
0.24833545,1.6906762e-05,0.00051322598,0.017865477,2.3225436e-05,8.9903827e-09
0.24840598,1.7155203e-05,0.00051300499,0.016440157,2.3680127e-05,7.7027755e-09
0.24847619,1.6004664e-05,0.00046716119,0.019419077,2.2163954e-05,7.7579192e-09
0.24854809,1.7613902e-05,0.0004967082,0.016990858,2.464218e-05,8.0669582e-09
0.24862484,1.6990177e-05,0.00047625855,0.016132991,2.3859314e-05,1.0807608e-08
0.24869113,1.614723e-05,0.0004394476,0.01706031,2.2735571e-05,9.054907e-09
0.24876606,1.8302497e-05,0.00048171974,0.017741791,2.5980998e-05,9.4523064e-09
0.24884421,1.6690723e-05,0.00043846476,0.01886432,2.3729146e-05,9.2717559e-09
0.24891567,1.6609377e-05,0.00041852133,0.014433574,2.3696165e-05,9.3739842e-09
0.24899534,1.8878706e-05,0.00046458139,0.017626947,2.7114615e-05,8.6024378e-09
0.24906905,1.6407795e-05,0.00040268991,0.020631081,2.3624701e-05,9.5730996e-09
0.24914268,1.7300951e-05,0.0004069945,0.015840545,2.5143284e-05,8.6943134e-09
0.24922667,1.8811881e-05,0.00043695971,0.017336105,2.7442603e-05,6.8190456e-09
0.24930467,1.6415184e-05,0.00037571921,0.019447932,2.3986336e-05,9.7776241e-09
0.24937798,1.8374596e-05,0.00040481352,0.016850109,2.7162578e-05,9.0750554e-09
0.24946528,1.8382427e-05,0.00040439375,0.016672067,2.7321105e-05,1.0101664e-08
0.24954365,1.6753102e-05,0.00035863038,0.016314342,2.4998904e-05,8.6576931e-09
0.24962801,1.9574033e-05,0.00040564694,0.018669897,2.9594079e-05,1.0225015e-08
0.24971091,1.7598807e-05,0.00036483166,0.017406474,2.6790047e-05,9.5636664e-09
0.24979158,1.7646644e-05,0.00035293453,0.015042369,2.7157688e-05,8.2364656e-09
0.24988157,1.9276837e-05,0.00037842576,0.016542796,3.0005773e-05,7.3064487e-09
0.24996976,1.7314348e-05,0.00033618755,0.019121248,2.710355e-05,8.4557965e-09
0.25005647,1.9156615e-05,0.00035850382,0.01586969,3.0412544e-05,9.6577161e-09
0.25014661,1.922619e-05,0.00035732281,0.016376073,3.076e-05,9.2009833e-09
0.2502355,1.8111983e-05,0.00032775981,0.015478378,2.9170564e-05,8.8678318e-09
0.25033024,1.9771568e-05,0.00034858917,0.014628534,3.232528e-05,1.0115357e-08
0.25042897,1.9657098e-05,0.00034333738,0.01751741,3.2373091e-05,9.4748049e-09
0.25051734,1.9255704e-05,0.00032680345,0.014476452,3.2092542e-05,9.4426527e-09
0.25062099,2.0190282e-05,0.00033844245,0.013822625,3.3973683e-05,7.4623741e-09
0.25071938,1.8807936e-05,0.00030991129,0.014245387,3.1955407e-05,9.499294e-09
0.25082323,2.0982164e-05,0.00033831688,0.013560805,3.6078998e-05,1.0076742e-08
0.25092391,1.939605e-05,0.00031205617,0.013519246,3.3757225e-05,9.0984876e-09
0.25102833,2.0578528e-05,0.0003228568,0.013532156,3.611771e-05,7.2637246e-09
0.25114164,2.0861641e-05,0.00032509559,0.012591149,3.6990013e-05,7.4753467e-09
0.25125091,2.0644002e-05,0.00031769329,0.012531545,3.6970261e-05,1.0531215e-08
0.25136082,2.2177838e-05,0.00033769636,0.011811842,4.0021224e-05,1.0216826e-08
0.25147722,2.1240351e-05,0.00032132107,0.012352798,3.8571834e-05,9.6103347e-09
0.25159676,2.3047945e-05,0.00034315683,0.011929546,4.1952227e-05,7.3057905e-09
0.25171995,2.2609401e-05,0.00033491806,0.013675735,4.1215924e-05,7.5498077e-09
0.25184398,2.4194163e-05,0.00035411719,0.01214209,4.4104635e-05,9.8852264e-09
0.25196616,2.4321163e-05,0.00035582857,0.01288896,4.4257155e-05,7.1167383e-09
0.25209574,2.5558521e-05,0.00037355969,0.012274899,4.637317e-05,1.0899602e-08
0.25223235,2.6326936e-05,0.00038898409,0.0141664,4.7553192e-05,9.9288927e-09
0.25236933,2.7518231e-05,0.00041328672,0.014182133,4.9417469e-05,1.1924537e-08
0.25249845,2.5906684e-05,0.00039962436,0.013364243,4.623855e-05,7.7354416e-09
0.25262538,2.4492201e-05,0.00039091978,0.012459594,4.344029e-05,8.4096256e-09
0.25274714,2.4141423e-05,0.00040191991,0.012612414,4.2541066e-05,1.072605e-08
0.25286868,2.4550778e-05,0.00043359991,0.012599123,4.3120481e-05,1.0391451e-08
0.25298516,2.5094477e-05,0.00047774652,0.012525993,4.3932605e-05,7.8821826e-09
0.25311096,2.5658233e-05,0.00054286424,0.012040491,4.4842446e-05,7.5859508e-09
0.25324089,2.6806224e-05,0.0006445048,0.012530489,4.6850379e-05,1.0585605e-08
0.25337625,2.7453666e-05,0.0007848922,0.12802566,4.8152674e-05,1.1446244e-08
0.25347533,2.0030939e-05,0.00065239633,0.10222956,3.5263707e-05,1.0489892e-08
0.2535709,1.7634712e-05,0.00063783625,0.15576514,3.0977008e-05,9.7077651e-09
0.25365596,1.6409559e-05,0.00064847841,0.17358813,2.873158e-05,9.1120013e-09
0.2537372,1.5893571e-05,0.00067714917,0.18341924,2.7761086e-05,8.1884402e-09
0.25381689,1.5439544e-05,0.00068833657,0.20057242,2.6903879e-05,1.0248833e-08
0.25389042,1.517627e-05,0.00066869273,0.22608617,2.6450019e-05,8.1836686e-09
0.2539684,1.509297e-05,0.00060133419,0.22403215,2.6255547e-05,7.9856581e-09
0.25404535,1.4626949e-05,0.00051106871,0.22501218,2.5403197e-05,7.9785156e-09
0.25412012,1.4173644e-05,0.0004352811,0.23520444,2.4592911e-05,9.6307168e-09
0.25418872,1.3846251e-05,0.00037989092,0.28209468,2.3894414e-05,9.1098248e-09
0.25425878,1.3265367e-05,0.00032887658,0.29047338,2.2800939e-05,7.949304e-09
0.25432643,1.2556346e-05,0.00028678472,0.29385399,2.15241e-05,8.677943e-09
0.25439017,1.1746953e-05,0.00025068017,0.30139987,2.0064473e-05,9.6265266e-09
0.2544475,1.1410662e-05,0.00023077817,0.30311094,1.9484757e-05,7.8022267e-09
0.25450778,1.1384448e-05,0.000218963,0.30141114,1.9486016e-05,8.7180169e-09
0.2545683,1.1390933e-05,0.0002094437,0.30051968,1.955149e-05,1.0008276e-08
0.25462952,1.1542439e-05,0.00020388701,0.29727393,1.9901462e-05,7.9308683e-09
0.25469145,1.1691396e-05,0.00019921783,0.2927387,2.0235385e-05,8.2644578e-09
0.25475064,1.1865667e-05,0.00019636677,0.28836033,2.0606332e-05,9.2573973e-09
0.2548147,1.2129748e-05,0.00019553309,0.28417677,2.1120778e-05,8.1960832e-09
0.25488016,1.2381993e-05,0.00019547873,0.27787612,2.1582243e-05,9.4469622e-09
0.25494687,1.2676112e-05,0.00019708642,0.27284651,2.207155e-05,8.0649678e-09
0.25501082,1.289035e-05,0.00019840353,0.26721012,2.2377672e-05,9.4808739e-09
0.2550789,1.2988187e-05,0.00019788147,0.2603192,2.2394292e-05,8.1523192e-09
0.25514782,1.3375306e-05,0.00020194256,0.25126409,2.2867021e-05,7.9221364e-09
0.25521553,1.2658577e-05,0.00019000035,0.19798048,2.1596196e-05,8.946907e-09
0.25527504,1.196832e-05,0.00018010147,0.10086747,2.0409173e-05,8.7846758e-09
0.25533542,1.1682721e-05,0.0001768405,0.012115792,1.9829186e-05,8.462225e-09
0.25539383,1.1466805e-05,0.00017632876,0.010056474,1.9246778e-05,8.8021796e-09
0.25545115,1.1370698e-05,0.00017891875,0.011290313,1.8839517e-05,9.0706967e-09
0.25550437,1.1380314e-05,0.00018381699,0.010051474,1.860405e-05,9.7709722e-09
0.25556059,1.1376218e-05,0.00018979423,0.012137496,1.8325673e-05,9.6010394e-09
0.25561657,1.148722e-05,0.0001986824,0.010690474,1.8219741e-05,9.2921266e-09
0.25567261,1.1533507e-05,0.00020746173,0.012577028,1.8001553e-05,8.0492708e-09
0.25572871,1.1681226e-05,0.00021952503,0.010858894,1.7945262e-05,7.8964995e-09
0.25578175,1.1793672e-05,0.00023181149,0.012546626,1.7842822e-05,9.3012748e-09
0.25583828,1.1866716e-05,0.00024548278,0.010862802,1.7681543e-05,8.8993704e-09
0.25589522,1.2066351e-05,0.0002638386,0.01157143,1.770105e-05,9.9356139e-09
0.25595245,1.2102439e-05,0.00028080234,0.011615035,1.7490761e-05,1.0119185e-08
0.25600667,1.2304021e-05,0.0003029358,0.010752347,1.7552669e-05,7.8257415e-09
0.25606473,1.2435475e-05,0.00032725788,0.013223705,1.7498229e-05,8.4266905e-09
0.25612313,1.251776e-05,0.0003532572,0.011518939,1.7404909e-05,9.1814223e-09
0.25618205,1.273409e-05,0.0003865307,0.012151891,1.7498496e-05,8.4304986e-09
0.25623792,1.2808257e-05,0.00041746661,0.013324498,1.7435734e-05,8.0244832e-09
0.25629767,1.2947224e-05,0.00045481742,0.010792386,1.7488375e-05,9.8846517e-09
0.256358,1.3125589e-05,0.00049473817,0.012438603,1.7615093e-05,8.3915378e-09
0.25641882,1.3256422e-05,0.00052838067,0.13052175,1.7612155e-05,9.3604005e-09
0.25647638,1.3268343e-05,0.00054257271,0.3228501,1.7465317e-05,9.2586026e-09
0.25653753,1.3737687e-05,0.00056309181,0.30694824,1.79808e-05,9.6214552e-09
0.25659389,1.1013761e-05,0.00044941212,0.35138873,1.4398369e-05,9.5737335e-09
0.25664577,1.2945256e-05,0.00052627481,0.21214649,1.7059237e-05,1.080253e-08
0.25670535,1.3263251e-05,0.00052095606,0.072133121,1.7696584e-05,8.3428857e-09
0.25676506,1.440426e-05,0.00052865843,0.055014527,1.9311832e-05,9.7333832e-09
0.25683107,1.4361341e-05,0.000505438,0.043341348,1.9355553e-05,9.7055066e-09
0.25689495,1.4016291e-05,0.00047316843,0.11184318,1.8975634e-05,8.4622855e-09
0.25696026,1.4649556e-05,0.00046595061,0.1680106,1.9928026e-05,9.1021861e-09
0.25702457,1.5213713e-05,0.00046334126,0.234286,2.0712841e-05,9.8549415e-09
0.25709176,1.4767876e-05,0.00043027875,0.21887903,2.0227447e-05,8.3470922e-09
0.25715981,1.5316966e-05,0.00042067254,0.19365539,2.1097625e-05,9.7896505e-09
0.25723075,1.5290765e-05,0.00039925045,0.20647207,2.1163199e-05,7.6533322e-09
0.25729674,1.5004774e-05,0.00037284924,0.17652095,2.0945579e-05,1.015623e-08
0.25736767,1.5501794e-05,0.00036280589,0.18970909,2.1769192e-05,9.735067e-09
0.2574411,1.5923662e-05,0.00035838726,0.21866493,2.2497992e-05,9.3264056e-09
0.25751399,1.5634003e-05,0.00034348035,0.38954662,2.2059673e-05,1.1167687e-08
0.25757348,1.3330258e-05,0.00029260482,0.3202693,1.8826421e-05,8.3060505e-09
0.25763314,1.3934484e-05,0.00030248764,0.23562177,1.9757235e-05,7.8863322e-09
0.25770573,1.5689864e-05,0.00031925695,0.048011746,2.2660326e-05,9.5351945e-09
0.25778315,1.6414169e-05,0.00031699633,0.13353643,2.3812971e-05,8.3603908e-09
0.25786027,1.5861812e-05,0.00029701977,0.17383571,2.3192025e-05,9.4660243e-09
0.25793272,1.6173062e-05,0.00029238381,0.18311406,2.3874396e-05,9.4602611e-09
0.2580124,1.6433405e-05,0.00029010412,0.20462231,2.4441375e-05,9.0516084e-09
0.25809198,1.6311348e-05,0.00028142144,0.21367721,2.4452215e-05,9.521744e-09
0.25817272,1.6820554e-05,0.00028353671,0.2259881,2.5430055e-05,1.0171583e-08
0.25825113,1.6988795e-05,0.00028148866,0.313637,2.5717972e-05,1.1271993e-08
0.25831343,1.2030207e-05,0.00020212472,0.35664255,1.8110016e-05,1.0022798e-08
0.25837548,1.287516e-05,0.00021460491,0.32772388,1.9513659e-05,9.861245e-09
0.25844623,1.5745156e-05,0.00025840593,0.22736499,2.4025777e-05,9.2655951e-09
0.25851843,1.5657072e-05,0.0002530763,0.27004645,2.4181713e-05,7.8867078e-09
0.25860002,1.4733033e-05,0.00023588617,0.32121238,2.2995829e-05,9.509842e-09
0.25867539,1.5556875e-05,0.00024463285,0.29651432,2.4545274e-05,1.0176776e-08
0.25875678,1.6204537e-05,0.00024735475,0.29736952,2.6055896e-05,8.985421e-09
0.25883637,1.3935431e-05,0.00021102683,0.38112061,2.2499318e-05,8.708051e-09
0.25890176,1.3887471e-05,0.00020915893,0.32243208,2.2571837e-05,9.2722473e-09
0.25898058,1.5605145e-05,0.00022888077,0.26705201,2.573387e-05,9.6323861e-09
0.25906386,1.6228461e-05,0.00023371103,0.31224558,2.6991563e-05,1.0149332e-08
0.25913806,1.2967308e-05,0.00018752714,0.28797532,2.1740141e-05,8.8529581e-09
0.25921169,1.5526807e-05,0.00022060544,0.22070489,2.6266846e-05,8.7558844e-09
0.25929869,1.7245625e-05,0.00023799991,0.1736501,2.981254e-05,8.8020516e-09
0.25937552,9.6838139e-06,0.00013480172,0.61717509,1.616927e-05,1.0981393e-08
0.2594452,1.6098372e-05,0.00022030097,0.23605697,2.8109712e-05,9.5823373e-09
0.25951289,1.5313842e-05,0.00020716822,0.08204602,2.7039759e-05,8.9229948e-09
0.25960817,1.854234e-05,0.00024237294,0.014350602,3.3281397e-05,8.0024943e-09
0.25970765,1.7213857e-05,0.00022542472,0.012574532,3.1217579e-05,9.5953271e-09
0.25980387,1.7931468e-05,0.00023100636,0.01271837,3.2835249e-05,9.4311077e-09
0.25990129,1.8524914e-05,0.0002387455,0.012041534,3.4141453e-05,9.3727448e-09
0.26000145,1.7836533e-05,0.00022938039,0.013005916,3.3077453e-05,8.3062913e-09
0.26010685,1.9629292e-05,0.00025162471,0.013408381,3.6712854e-05,9.1328165e-09
0.26021409,1.8389754e-05,0.00023750985,0.013143454,3.4538097e-05,8.1816189e-09
0.26032012,1.9905113e-05,0.00025604701,0.013560562,3.7591735e-05,8.3513245e-09
0.26042766,2.004191e-05,0.00026001527,0.014800446,3.7852418e-05,9.7626403e-09
0.2605366,2.0173169e-05,0.00026141531,0.041160503,3.7977124e-05,1.0301303e-08
0.26065439,2.2277051e-05,0.00029078585,0.20863552,4.1416227e-05,1.095604e-08
0.26076996,2.1364084e-05,0.00027849201,0.17155121,3.9489974e-05,8.0219354e-09
0.26088299,2.3966269e-05,0.00031044752,0.19615792,4.4050638e-05,1.1351713e-08
0.26097146,1.8485269e-05,0.00024293089,0.099824,3.3942666e-05,1.1357346e-08
0.26105838,1.4171212e-05,0.00019203835,0.29421246,2.5715812e-05,9.7173094e-09
0.26115047,2.588257e-05,0.00035471255,0.10425395,4.6886775e-05,1.1796715e-08
0.26123919,2.083634e-05,0.00029082382,0.10169088,3.7683785e-05,9.8591859e-09
0.26135465,2.5575098e-05,0.0003660388,0.048198626,4.6202859e-05,9.5281731e-09
0.26147645,2.3742007e-05,0.00035306815,0.014015388,4.2802868e-05,9.9181096e-09
0.26159303,2.3584658e-05,0.00036764367,0.013914316,4.2427556e-05,1.052595e-08
0.26171106,2.4469457e-05,0.00040443349,0.013349509,4.4001215e-05,8.1972779e-09
0.26182699,2.5789694e-05,0.00046641024,0.014496337,4.6348193e-05,1.016005e-08
0.26195714,2.7362954e-05,0.00055753112,0.015021875,4.9289016e-05,9.9430411e-09
0.26209469,2.8814746e-05,0.00069490757,0.092191007,5.1951607e-05,1.0891504e-08
0.26223666,2.8567329e-05,0.00084960366,0.076155787,5.1791079e-05,8.6384717e-09
0.26236798,2.7804252e-05,0.00099311858,0.013038385,5.0747873e-05,1.0185883e-08
0.26250513,2.7371104e-05,0.0011441604,0.21048851,4.9784039e-05,1.0145063e-08
0.26261516,2.3069884e-05,0.00101419,0.15203864,4.221917e-05,8.8704154e-09
0.26271101,1.9056943e-05,0.00074082656,0.18294275,3.4934259e-05,7.4556429e-09
0.26281002,2.3999285e-05,0.00077967091,0.13994133,4.4203604e-05,9.8125354e-09
0.26294236,2.5225493e-05,0.00065479322,0.1110723,4.7019592e-05,9.6093625e-09
0.26307226,2.4578098e-05,0.00053140534,0.028634865,4.6289862e-05,9.9138034e-09
0.26319573,1.7771256e-05,0.00033029179,0.16444131,3.3597503e-05,7.5921775e-09
0.26328207,1.5628722e-05,0.00027270795,0.14988729,2.9811273e-05,7.6050243e-09
0.26336603,1.5731796e-05,0.00025909007,0.14676459,3.0305591e-05,9.5858362e-09
0.26345107,1.6537044e-05,0.00025935495,0.13760272,3.2178261e-05,8.5290771e-09
0.26354276,1.7841673e-05,0.00026720431,0.11443753,3.4997734e-05,7.5534461e-09
0.26363298,1.4491938e-05,0.00020382391,0.032079898,2.8216743e-05,1.0191478e-08
0.26372648,1.8046725e-05,0.00025452789,0.01143357,3.5941732e-05,9.5423919e-09
0.26381531,1.5570955e-05,0.00021537762,0.0098533767,3.1043084e-05,9.3862654e-09
0.26389239,1.3799642e-05,0.00018715735,0.009546639,2.727511e-05,8.2902949e-09
0.26396135,1.2599586e-05,0.00016851013,0.010851431,2.4586665e-05,7.9207392e-09
0.26402097,1.1917e-05,0.0001586506,0.0096379465,2.2944208e-05,9.0312555e-09
0.26408077,1.1387579e-05,0.00015220292,0.01058765,2.1591504e-05,7.816862e-09
0.26413833,1.1209614e-05,0.00015142591,0.0099250724,2.091511e-05,8.2772666e-09
0.2641944,1.1021877e-05,0.00015115361,0.010135086,2.0215123e-05,8.1801854e-09
0.26424644,1.1007925e-05,0.00015379263,0.010753672,1.9873068e-05,1.0154685e-08
0.26430114,1.0974702e-05,0.00015681459,0.0099340582,1.9445842e-05,8.9272127e-09
0.26435566,1.1045163e-05,0.00016191611,0.01122211,1.9198221e-05,8.0705057e-09
0.26440999,1.1095338e-05,0.00016720088,0.01038455,1.8909026e-05,9.7470195e-09
0.26446124,1.121242e-05,0.00017368409,0.010963869,1.8756115e-05,8.2895944e-09
0.26451574,1.1249615e-05,0.00017983656,0.010732752,1.844546e-05,9.6336765e-09
0.26457052,1.1445093e-05,0.00018883558,0.010659506,1.8388783e-05,9.8715239e-09
0.26462551,1.1474529e-05,0.0001955765,0.011264006,1.807717e-05,8.4524431e-09
0.26468084,1.1710061e-05,0.00020632475,0.010845795,1.8075576e-05,9.9230147e-09
0.26473326,1.1808064e-05,0.00021477903,0.012362335,1.7898449e-05,8.3185187e-09
0.26478923,1.1898349e-05,0.00022442489,0.011439865,1.7697554e-05,9.9576011e-09
0.26484566,1.2098203e-05,0.00023697367,0.012111834,1.7683073e-05,8.9987664e-09
0.26490241,1.2134085e-05,0.00024725363,0.013177129,1.7429762e-05,7.8299535e-09
0.26495614,1.2309993e-05,0.00026101853,0.012044894,1.7425705e-05,9.1185674e-09
0.26501368,1.2476255e-05,0.00027670812,0.013576674,1.7402506e-05,7.1658459e-09
0.26507156,1.2505112e-05,0.00029039051,0.013824535,1.7221899e-05,9.0497103e-09
0.26512986,1.2717801e-05,0.00030978556,0.012312172,1.733741e-05,7.552331e-09
0.2651852,1.2855162e-05,0.00032800311,0.015043041,1.7366785e-05,8.4557987e-09
0.26524443,1.2890138e-05,0.0003461391,0.013542078,1.7280661e-05,9.6852568e-09
0.26530417,1.311207e-05,0.00037087067,0.012730464,1.7478836e-05,7.9583228e-09
0.26536454,1.3253994e-05,0.00039595335,0.015706359,1.7575898e-05,9.8720878e-09
0.26542543,1.3311843e-05,0.0004205244,0.013584995,1.7592451e-05,8.6396195e-09
0.26548331,1.3533039e-05,0.00045058405,0.016069469,1.7833123e-05,9.780683e-09
0.26554548,1.368679e-05,0.0004807121,0.035088837,1.7968109e-05,8.2611872e-09
0.26560841,1.389655e-05,0.00051144159,0.18820431,1.8137556e-05,7.4679608e-09
0.26567147,1.411434e-05,0.00054087299,0.19993189,1.8301092e-05,9.1078851e-09
0.26573189,1.4183985e-05,0.00055398898,0.2013568,1.8308288e-05,8.9855233e-09
0.26579007,1.3617409e-05,0.00052786623,0.25351304,1.7560378e-05,9.5147747e-09
0.2658518,1.3666593e-05,0.0005394168,0.15113988,1.7762552e-05,8.9088019e-09
0.26591638,1.4833939e-05,0.00058987019,0.015250011,1.9545013e-05,7.9752067e-09
0.26598109,1.5022214e-05,0.00058983516,0.013979804,1.9842194e-05,9.2473244e-09
0.26604674,1.4245376e-05,0.00055068624,0.015655195,1.891147e-05,8.1323783e-09
0.26611311,1.5191973e-05,0.00057227478,0.016680178,2.0336081e-05,7.6697976e-09
0.26618375,1.5480106e-05,0.00056945868,0.016096832,2.0775767e-05,8.6365151e-09
0.2662476,1.4706267e-05,0.00052782537,0.018230422,1.9811399e-05,7.7092382e-09
0.26631613,1.5578611e-05,0.00053953321,0.029243951,2.1139582e-05,9.9428024e-09
0.2663891,1.610948e-05,0.00054969465,0.25956295,2.1699551e-05,1.0797827e-08
0.26644613,1.0076479e-05,0.00034937629,0.46987149,1.3257165e-05,7.4661173e-09
0.26650525,1.4048523e-05,0.00047574185,0.29870367,1.8765617e-05,8.8561348e-09
0.26656991,1.5938628e-05,0.00050614751,0.021230358,2.1960866e-05,9.5290001e-09
0.26664673,1.6396336e-05,0.00051170251,0.017440623,2.2700427e-05,9.4790399e-09
0.26671661,1.471339e-05,0.00044724538,0.017443822,2.0441889e-05,8.0116777e-09
0.26678782,1.6324184e-05,0.00047334576,0.018255026,2.2978787e-05,9.374218e-09
0.26686083,1.6126328e-05,0.00046245793,0.016698186,2.2774469e-05,9.1350376e-09
0.2669314,1.4973254e-05,0.00041351369,0.016946776,2.1184457e-05,9.1758623e-09
0.26700602,1.7130351e-05,0.00045376343,0.019593345,2.4508899e-05,8.9724286e-09
0.26708514,1.5703527e-05,0.00041378302,0.018651698,2.2470937e-05,1.0402428e-08
0.26715219,1.532507e-05,0.0003874666,0.042441594,2.2024194e-05,8.2435104e-09
0.26723095,1.8051938e-05,0.00044755052,0.29612224,2.5954669e-05,1.2256617e-08
0.26728268,1.0170074e-05,0.00025746534,0.52274286,1.421958e-05,9.4825541e-09
0.26733607,1.4966278e-05,0.00037472085,0.36575183,2.120825e-05,1.0664964e-08
0.26738967,1.4458935e-05,0.00034842153,0.10006774,2.088405e-05,7.7511094e-09
0.26746611,1.615185e-05,0.0003622896,0.022400607,2.3855786e-05,9.9485081e-09
0.26754365,1.5826509e-05,0.00036042866,0.01868295,2.3483196e-05,7.2434108e-09
0.26761631,1.5110574e-05,0.00033033393,0.016748125,2.2685858e-05,9.06384e-09
0.26769862,1.7478308e-05,0.000367082,0.024156573,2.6714042e-05,8.2947434e-09
0.26777838,1.5997007e-05,0.00033431745,0.019902603,2.4627515e-05,8.3110899e-09
0.26785573,1.608634e-05,0.00032107809,0.023696383,2.5072146e-05,1.0690143e-08
0.26794065,1.4030949e-05,0.00027026207,0.27202673,2.1764192e-05,8.3292486e-09
0.26799546,1.1384447e-05,0.00022234376,0.42479681,1.7601916e-05,8.4512002e-09
0.2680505,1.1890472e-05,0.00023358808,0.558899,1.8154234e-05,1.1474016e-08
0.26811051,1.2348502e-05,0.00023462927,0.33527864,1.937236e-05,8.2214345e-09
0.26818836,1.3979404e-05,0.00025733132,0.29408391,2.2402358e-05,8.7541768e-09
0.26825558,1.3208843e-05,0.00024415476,0.30710319,2.1380447e-05,9.5582933e-09
0.26831672,1.2196183e-05,0.00022338003,0.35150998,1.9753298e-05,8.1170292e-09
0.26838775,1.5544626e-05,0.00027374599,0.20187188,2.5561813e-05,7.6451281e-09
0.26847706,1.8323662e-05,0.00030118063,0.021079729,3.1021484e-05,7.1613649e-09
0.26857539,1.726073e-05,0.00028188892,0.016571266,2.9501563e-05,6.9652464e-09
0.26866556,1.7059263e-05,0.00026884194,0.01474615,2.9551806e-05,8.9986009e-09
0.26875947,1.8984281e-05,0.00029236836,0.014252463,3.3394358e-05,8.5363203e-09
0.26885871,1.7101911e-05,0.00026002658,0.014646327,3.0432715e-05,8.4642905e-09
0.2689571,1.8612595e-05,0.00027441705,0.013857689,3.3555673e-05,7.6230538e-09
0.26906424,1.8378018e-05,0.00026775277,0.014464837,3.3409624e-05,7.3832309e-09
0.2691592,1.8014332e-05,0.00025716346,0.013653028,3.3008026e-05,9.4807889e-09
0.26926839,1.9939968e-05,0.00027898277,0.013446464,3.6743293e-05,9.3897752e-09
0.2693769,1.8484936e-05,0.00025624636,0.014346605,3.4234267e-05,8.2730857e-09
0.26948708,2.0348495e-05,0.00027650249,0.013820941,3.7898345e-05,7.298087e-09
0.26959654,1.9880313e-05,0.00026788986,0.014419261,3.7079843e-05,9.9943854e-09
0.26970967,2.0671592e-05,0.00027412524,0.014947492,3.860924e-05,8.600204e-09
0.26983129,2.169837e-05,0.00028530375,0.014238135,4.0393117e-05,8.6212389e-09
0.26995027,2.1695895e-05,0.0002832191,0.012662667,4.0288325e-05,7.9494308e-09
0.27006864,2.3428376e-05,0.00030433921,0.013189731,4.3292236e-05,7.8018064e-09
0.27019454,2.3018503e-05,0.000299578,0.015088609,4.2205076e-05,8.9618227e-09
0.27032487,2.5250548e-05,0.00032992139,0.014291019,4.5883986e-05,1.0137703e-08
0.27045854,2.4936258e-05,0.00033167296,0.015084551,4.4805692e-05,7.5156152e-09
0.27059421,2.5973825e-05,0.00035171549,0.015724632,4.6057056e-05,1.1657652e-08
0.270716,2.4175881e-05,0.00033843931,0.014939131,4.2402072e-05,8.5534116e-09
0.27083817,2.3384729e-05,0.00033908934,0.012850854,4.0656447e-05,7.8455271e-09
0.27095825,2.3530614e-05,0.00035867079,0.013479868,4.0634582e-05,1.0375928e-08
0.27108052,2.4182331e-05,0.00039451467,0.013518497,4.1506728e-05,1.1313005e-08
0.27119794,2.5512654e-05,0.00045442367,0.0150083,4.3661174e-05,1.0884257e-08
0.27132744,2.5871316e-05,0.00052200131,0.013425533,4.4341719e-05,1.0078273e-08
0.27146097,2.6569873e-05,0.00062511618,0.12480409,4.5611587e-05,1.1729857e-08
0.27156895,1.7780445e-05,0.00048773876,0.11845701,3.0603424e-05,1.0395766e-08
0.27165308,1.5597604e-05,0.0004813187,0.19472433,2.6740229e-05,9.1077486e-09
0.27173124,1.5114609e-05,0.00051915461,0.19177799,2.5951103e-05,9.1392265e-09
0.27181095,1.551613e-05,0.0005910974,0.17633798,2.672765e-05,8.0074836e-09
0.27189398,1.6179066e-05,0.00067653223,0.16471027,2.792781e-05,1.017983e-08
0.27197531,1.6501617e-05,0.00073598237,0.22357385,2.8529163e-05,1.0044649e-08
0.27206162,1.5854768e-05,0.00070815567,0.22696592,2.735922e-05,9.5249849e-09
0.27214239,1.4425712e-05,0.0005818585,0.23640975,2.4783808e-05,9.9668813e-09
0.2722165,1.3253492e-05,0.00047028378,0.24103158,2.2747296e-05,8.5897648e-09
0.27228654,1.2724866e-05,0.00039861988,0.23591236,2.1780482e-05,7.9858403e-09
0.27235049,1.2331689e-05,0.00034797358,0.2869196,2.1109836e-05,8.349349e-09
0.27241584,1.173094e-05,0.00029922991,0.29111592,2.0037498e-05,9.8971337e-09
0.27248064,1.1844885e-05,0.00027851338,0.29437337,2.0325138e-05,8.6583403e-09
0.27254407,1.1164731e-05,0.00024525853,0.30458905,1.9160991e-05,9.6037771e-09
0.27260019,1.0579368e-05,0.00022007248,0.3080631,1.8155208e-05,9.8972587e-09
0.27265809,1.0468749e-05,0.00020698756,0.31054002,1.802525e-05,8.2655735e-09
0.27271563,1.0324521e-05,0.00019544146,0.31314126,1.7844658e-05,8.5953747e-09
0.27277256,1.0208563e-05,0.00018583723,0.31330109,1.7695715e-05,8.9586021e-09
0.27282599,1.0258282e-05,0.00018058389,0.30969709,1.7818978e-05,9.6242515e-09
0.27288391,1.0601977e-05,0.00018108434,0.30336285,1.8526329e-05,8.3050263e-09
0.27294386,1.0945141e-05,0.00018220997,0.29514282,1.9221543e-05,9.6074663e-09
0.27300607,1.1385022e-05,0.00018571596,0.28724583,2.007143e-05,8.2538308e-09
0.27307019,1.1699401e-05,0.0001878734,0.27920057,2.0646816e-05,9.9925972e-09
0.27313186,1.1970343e-05,0.00018996659,0.27227421,2.1084941e-05,8.9718719e-09
0.27319841,1.2237468e-05,0.00019204017,0.26571644,2.1445012e-05,8.4495463e-09
0.27326591,1.2493738e-05,0.0001940076,0.260938,2.1692105e-05,7.2520684e-09
0.27333327,1.2216152e-05,0.00018866574,0.24345725,2.1044457e-05,9.6686321e-09
0.27339305,1.1548799e-05,0.00017785366,0.15772084,1.9901429e-05,1.0029375e-08
0.27345361,1.121109e-05,0.00017372046,0.030086495,1.9252486e-05,1.0142616e-08
0.27351213,1.1019501e-05,0.00017267986,0.010573021,1.8711446e-05,8.3652122e-09
0.27356946,1.087328e-05,0.0001739734,0.011615528,1.8212994e-05,9.5323119e-09
0.27362267,1.0902044e-05,0.00017876947,0.010065119,1.8008221e-05,1.0568386e-08
0.27367882,1.0879308e-05,0.0001839661,0.01201487,1.7695607e-05,7.8490328e-09
0.2737347,1.0987746e-05,0.00019229437,0.010825345,1.7590122e-05,1.0377668e-08
0.27379059,1.102513e-05,0.00020023824,0.012493444,1.7362399e-05,9.5078737e-09
0.2738432,1.1132506e-05,0.00021009779,0.010695891,1.7265287e-05,1.0070185e-08
0.27389937,1.127372e-05,0.00022219388,0.011892709,1.7192634e-05,9.9517358e-09
0.27395569,1.1327894e-05,0.00023402448,0.011033527,1.6986792e-05,1.0002147e-08
0.27401239,1.1533293e-05,0.0002505279,0.011153207,1.7022e-05,8.661115e-09
0.2740694,1.1569326e-05,0.00026524517,0.012048815,1.6807092e-05,8.6780395e-09
0.27412338,1.1758726e-05,0.00028459041,0.010515574,1.6832039e-05,9.9675695e-09
0.2741812,1.1906839e-05,0.00030624469,0.012874398,1.6790433e-05,9.3165839e-09
0.27423934,1.1972266e-05,0.00032821779,0.011558922,1.6643928e-05,8.4849171e-09
0.27429798,1.2189102e-05,0.00035757553,0.011674128,1.6728162e-05,8.0422171e-09
0.27435359,1.2292235e-05,0.00038506771,0.013244548,1.6686781e-05,9.3909672e-09
0.27441306,1.2397422e-05,0.00041631389,0.010834845,1.6689858e-05,7.3935275e-09
0.2744731,1.2603125e-05,0.00045293565,0.012153616,1.6833547e-05,8.5685759e-09
0.27453362,1.2680336e-05,0.00048463834,0.028938887,1.6824321e-05,7.4276596e-09
0.27459097,1.2801341e-05,0.00051386114,0.30965845,1.6766894e-05,1.0125299e-08
0.27465171,1.3129521e-05,0.00053820011,0.26384774,1.7128554e-05,7.7098693e-09
0.27471265,9.6688039e-06,0.0003945775,0.53943384,1.2319475e-05,8.4875365e-09
0.27476548,1.1797576e-05,0.00048272906,0.41583526,1.5193161e-05,9.2521494e-09
0.27482131,1.2870553e-05,0.00052046147,0.042409184,1.7055302e-05,7.8635603e-09
0.27488485,1.3884496e-05,0.0005365231,0.048261547,1.8482539e-05,8.0918714e-09
0.27495063,1.3799695e-05,0.00051747196,0.01381824,1.8475885e-05,7.5285332e-09
0.27501425,1.3478669e-05,0.00048709279,0.014236709,1.8157473e-05,9.2716363e-09
0.27507965,1.4284704e-05,0.00049204131,0.013425291,1.936729e-05,8.5131525e-09
0.27514371,1.4416661e-05,0.00047545249,0.013725698,1.9598276e-05,9.9951946e-09
0.27521056,1.4110305e-05,0.00044416143,0.015824375,1.9291143e-05,9.8577248e-09
0.27527891,1.4865648e-05,0.00044490808,0.10274461,2.0389333e-05,9.3267476e-09
0.27534931,1.4787148e-05,0.00042491983,0.21203772,2.0253611e-05,9.1304083e-09
0.27541485,1.4556533e-05,0.00039771065,0.20231726,2.0090904e-05,1.0014816e-08
0.2754859,1.5100805e-05,0.00038748804,0.1841454,2.0971052e-05,9.0119316e-09
0.27555934,1.5477511e-05,0.00038417674,0.25638242,2.1513865e-05,9.3378434e-09
0.27561667,9.7423474e-06,0.00024709196,0.55422087,1.3146947e-05,8.6253487e-09
0.27567,1.2615885e-05,0.00031290651,0.37578978,1.7449429e-05,9.5559825e-09
0.27573772,1.509852e-05,0.00034735924,0.034456668,2.1529952e-05,7.2471079e-09
0.27581528,1.6394727e-05,0.00035559662,0.023330833,2.3463173e-05,9.8355761e-09
0.27589095,1.5057418e-05,0.00031717472,0.013497184,2.1707934e-05,8.3543932e-09
0.27596475,1.5737736e-05,0.00031585962,0.015791463,2.2944072e-05,8.2401125e-09
0.27603906,1.6239341e-05,0.000317081,0.014958889,2.3804851e-05,8.4142916e-09
0.27611494,1.519107e-05,0.00028858792,0.014176836,2.240406e-05,7.9633555e-09
0.2761917,1.6400787e-05,0.00030050507,0.01414383,2.4424652e-05,1.0165217e-08
0.27627347,1.6059456e-05,0.0002893751,0.01501526,2.3995546e-05,8.1603247e-09
0.27634517,1.528468e-05,0.00026775095,0.015395939,2.2940313e-05,8.1462708e-09
0.27642542,1.7022155e-05,0.00029009367,0.020299202,2.5807323e-05,8.4546076e-09
0.27650845,1.5709625e-05,0.00026490724,0.060643814,2.3867713e-05,9.7067092e-09
0.27658597,1.5858783e-05,0.00025967064,0.087394748,2.4247852e-05,8.8675432e-09
0.27666597,1.7348259e-05,0.00027970827,0.10149791,2.6767785e-05,9.6288025e-09
0.27674923,1.550035e-05,0.0002473577,0.091451781,2.4124049e-05,9.2810681e-09
0.27683024,1.6582609e-05,0.00025746368,0.11645149,2.6158257e-05,1.0042971e-08
0.27691923,1.6975489e-05,0.00026077993,0.12126261,2.7055715e-05,9.5224216e-09
0.27699775,1.5650178e-05,0.00023665316,0.1038108,2.5188707e-05,7.8017283e-09
0.27708415,1.7313003e-05,0.00025543825,0.12607783,2.8177722e-05,9.7311129e-09
0.27717548,1.6654314e-05,0.00024334532,0.19576476,2.6984043e-05,9.4948888e-09
0.27726147,1.6629151e-05,0.00023765045,0.21175009,2.7177398e-05,7.4915349e-09
0.27734674,1.3279712e-05,0.00018977221,0.14816283,2.1906245e-05,1.0310145e-08
0.27742194,1.5123175e-05,0.00021810099,0.24648174,2.4822269e-05,1.0224882e-08
0.27749336,1.3576021e-05,0.00019593286,0.19601603,2.2493818e-05,9.8385527e-09
0.27756893,1.1061986e-05,0.00015723962,0.36214451,1.8261267e-05,6.9668526e-09
0.27764354,1.3418669e-05,0.00019127551,0.29545384,2.2373073e-05,8.8423561e-09
0.27771192,1.2646227e-05,0.00017811922,0.30062129,2.1229801e-05,6.7480655e-09
0.27777735,1.1040544e-05,0.00015429969,0.32911528,1.8521558e-05,9.9439129e-09
0.27783369,9.3205842e-06,0.00013016904,0.39501929,1.5422115e-05,9.4446975e-09
0.27788011,7.5676527e-06,0.00010627765,0.46068449,1.2186221e-05,8.1126114e-09
0.27791625,6.505617e-06,9.1927288e-05,0.51572461,1.0105033e-05,6.8783838e-09
0.27795005,5.9920773e-06,8.4661184e-05,0.56806133,8.9571883e-06,8.9005343e-09
0.27798196,6.059176e-06,8.5528313e-05,0.59576356,8.8265415e-06,6.8667086e-09
0.27801613,6.4342629e-06,9.1140767e-05,0.57832276,9.4607773e-06,9.0778823e-09
0.27804967,6.673875e-06,9.4865907e-05,0.55405616,9.9504097e-06,5.8858522e-09
0.27808941,7.6383334e-06,0.00010823836,0.49096661,1.1889175e-05,7.6928327e-09
0.2781392,1.0518167e-05,0.00014712368,0.33859893,1.7498432e-05,9.8477322e-09
0.27821512,1.4738684e-05,0.00020040947,0.22714288,2.5524526e-05,1.0288278e-08
0.27829388,1.3393489e-05,0.00018094768,0.30488351,2.3226973e-05,7.4982803e-09
0.27836379,1.2920938e-05,0.00017539408,0.25221992,2.2802751e-05,8.0574708e-09
0.27843844,1.303007e-05,0.00017480044,0.27746722,2.313002e-05,9.7948549e-09
0.27850799,1.206973e-05,0.00016204519,0.29398732,2.1580079e-05,7.3534342e-09
0.27856822,9.8565673e-06,0.00013319321,0.36262389,1.7402872e-05,7.0413325e-09
0.27861545,7.6288287e-06,0.00010380024,0.45571491,1.310256e-05,8.5263019e-09
0.27865638,6.3526264e-06,8.7192315e-05,0.53282964,1.0490072e-05,8.9540678e-09
0.27869129,6.0423544e-06,8.3640227e-05,0.55074514,9.6447909e-06,7.6032441e-09
0.27872308,5.6699718e-06,7.9027829e-05,0.5833251,8.7584197e-06,9.2201271e-09
0.27875126,5.2414457e-06,7.3413443e-05,0.60644231,7.8861784e-06,6.6828725e-09
0.27877958,5.2907947e-06,7.5173666e-05,0.54990759,8.0564431e-06,7.6414158e-09
0.27881112,6.3189144e-06,8.9940767e-05,0.50981484,9.9074235e-06,9.8677199e-09
0.27884703,6.9740985e-06,9.8942604e-05,0.46952604,1.1304726e-05,7.5888545e-09
0.27888894,8.1609738e-06,0.00011475226,0.4197711,1.3724319e-05,6.6710523e-09
0.27893581,9.7450987e-06,0.00013500418,0.37699816,1.6828051e-05,8.5110382e-09
0.27899377,1.1379642e-05,0.00015606531,0.32478142,2.0029376e-05,7.9275126e-09
0.27905777,1.1629409e-05,0.00015881951,0.35414235,2.0533246e-05,8.3601802e-09
0.27910925,8.1047794e-06,0.00011334939,0.457514,1.3883616e-05,7.5992405e-09
0.27914674,7.2003306e-06,0.00010262917,0.50887555,1.1824593e-05,8.0352989e-09
0.27918263,6.4589634e-06,9.3008038e-05,0.55428879,1.0136084e-05,6.9624085e-09
0.27921285,5.3805909e-06,7.8516461e-05,0.63567691,7.9211946e-06,7.8474758e-09
0.27923608,4.1406262e-06,6.2144682e-05,0.74413861,5.378136e-06,1.0436646e-08
0.27925275,3.6322187e-06,5.7347308e-05,0.7824312,4.1386331e-06,8.6280047e-09
0.27926899,3.5861002e-06,5.8981912e-05,0.77297846,3.8859138e-06,7.5678087e-09
0.27928525,3.5413857e-06,5.8341835e-05,0.77034489,3.773303e-06,9.8348738e-09
0.27930118,3.4643396e-06,5.7270541e-05,0.77243317,3.5596554e-06,6.8122866e-09
0.27931568,3.3356441e-06,5.5305416e-05,0.7825648,3.2978356e-06,8.0598436e-09
0.27933018,3.1679134e-06,5.3107236e-05,0.80100549,2.9228948e-06,6.9110867e-09
0.27934357,2.9853839e-06,5.0942137e-05,0.82119736,2.5323455e-06,7.5824479e-09
0.27935573,2.7793508e-06,4.9158733e-05,0.83227112,2.1628979e-06,9.9534434e-09
0.279367,2.6863348e-06,4.8935649e-05,0.85378688,1.9115024e-06,8.8751225e-09
0.27937668,2.6150024e-06,5.009093e-05,0.87239389,1.6204108e-06,1.0408791e-08
0.27938604,2.5239191e-06,5.269503e-05,0.88151605,1.4158103e-06,8.5109093e-09
0.27939464,2.4302223e-06,5.5705858e-05,0.8858235,1.19556e-06,7.838142e-09
0.27940272,2.3842285e-06,5.9368889e-05,0.88385321,1.0790451e-06,7.8896905e-09
0.27941009,2.3601592e-06,6.140938e-05,0.87776887,1.0472202e-06,8.1461754e-09
0.27941804,2.3685459e-06,6.2198683e-05,0.86937592,1.1661935e-06,1.0015858e-08
0.27942639,2.4085084e-06,6.1717425e-05,0.85726369,1.4216648e-06,8.712641e-09
0.27943545,2.4953609e-06,6.0666891e-05,0.841869,1.7246072e-06,7.9135091e-09
0.27944483,2.6118538e-06,6.040151e-05,0.82556348,2.0134788e-06,7.7292083e-09
0.27945575,2.7575663e-06,6.1561939e-05,0.8100566,2.3043305e-06,9.697307e-09
0.27946774,2.9656217e-06,6.3850956e-05,0.79477925,2.58825e-06,9.6558989e-09
0.27948069,3.0896376e-06,6.4180584e-05,0.78356472,2.8294153e-06,9.5194661e-09
0.27949394,3.2449455e-06,6.5314341e-05,0.76807292,3.172964e-06,9.2466317e-09
0.27950908,3.4041879e-06,6.6611367e-05,0.76032497,3.4713089e-06,9.4447733e-09
0.27952492,3.4875619e-06,6.7849816e-05,0.75582617,3.5895927e-06,1.0076547e-08
0.27954248,4.0575096e-06,7.5930847e-05,0.71281376,4.4873328e-06,1.1260451e-08
0.27956297,4.3562648e-06,8.008957e-05,0.71651927,4.9299794e-06,8.3336964e-09
0.27958279,4.4285008e-06,8.2522233e-05,0.72203117,4.9690989e-06,6.8434403e-09
0.27960412,4.482553e-06,8.4590916e-05,0.72691303,4.9926504e-06,8.3980555e-09
0.27962559,4.50718e-06,8.6084658e-05,0.73009473,4.9846263e-06,8.4388192e-09
0.27964691,4.4808268e-06,8.6817173e-05,0.73395935,4.8782178e-06,7.8154302e-09
0.27966657,4.3756334e-06,8.6085157e-05,0.74186365,4.6468191e-06,1.013824e-08
0.27968681,4.2409817e-06,8.5293582e-05,0.75431755,4.3459761e-06,9.3741127e-09
0.27970605,4.1563761e-06,8.710785e-05,0.76574403,4.0247302e-06,7.8543926e-09
0.27972425,3.8827406e-06,8.7173329e-05,0.78875011,3.4572616e-06,7.8295614e-09
0.27974097,3.8998578e-06,8.7608496e-05,0.78742145,3.51929e-06,9.394059e-09
0.27975886,3.9317751e-06,8.9999958e-05,0.77920487,3.4822624e-06,6.6601718e-09
0.27977682,3.9159374e-06,9.2306619e-05,0.79255058,3.3700263e-06,6.8696634e-09
0.27979383,3.8150479e-06,9.3928518e-05,0.80078327,3.0548138e-06,7.7060899e-09
0.27981018,3.6897366e-06,9.5014938e-05,0.81113709,2.7565913e-06,1.0087244e-08
0.27982489,3.6244901e-06,9.7413832e-05,0.81990572,2.5664616e-06,8.1717637e-09
0.27983987,3.5264354e-06,9.9686884e-05,0.82670429,2.3273498e-06,7.4160455e-09
0.27985432,3.4425196e-06,0.00010164811,0.8329555,2.1428479e-06,1.0105208e-08
0.27986829,3.4134452e-06,0.00010447737,0.83856478,2.0355383e-06,8.2775787e-09
0.27988105,3.3377419e-06,0.0001058115,0.84082717,1.9141588e-06,9.5424259e-09
0.27989428,3.3026025e-06,0.00010812574,0.84444309,1.7970141e-06,8.3132153e-09
0.27990728,3.2799535e-06,0.00010993645,0.84820992,1.7528722e-06,9.9306403e-09
0.27992005,3.2685934e-06,0.00011212779,0.84440709,1.6854067e-06,9.0577276e-09
0.279932,3.2374602e-06,0.00011298171,0.84805452,1.6190235e-06,7.6021943e-09
0.27994443,3.1883919e-06,0.0001135743,0.84927751,1.541431e-06,7.8124194e-09
0.27995708,3.169834e-06,0.00011061663,0.81295887,2.2001187e-06,1.0073135e-08
0.27997186,3.6092772e-06,0.00011171212,0.76274133,3.245487e-06,1.0173746e-08
0.27998973,4.4738115e-06,0.00012517248,0.68329184,4.8783759e-06,8.7127645e-09
0.2800172,6.4601832e-06,0.00016541247,0.57827674,8.05952e-06,9.1639641e-09
0.28005163,6.0173527e-06,0.00015288737,0.60319293,7.6740002e-06,8.9728166e-09
0.28008771,7.2585014e-06,0.00017501467,0.60031034,9.3836872e-06,9.6992452e-09
0.28012252,7.708169e-06,0.00019568568,0.31091026,1.0740322e-05,1.0629106e-08
0.28015645,1.0314145e-05,0.0002536579,0.43866017,1.4300014e-05,1.260653e-08
0.28019117,5.119763e-06,0.00012717572,0.71409659,6.6034644e-06,7.6688451e-09
0.28022659,5.6906852e-06,0.00015790212,0.39151469,8.0652559e-06,9.0464004e-09
0.2802644,7.9627193e-06,0.00022692214,0.24121358,1.1519706e-05,8.8940806e-09
0.2803003,9.7414524e-06,0.00028348371,0.27618148,1.4161985e-05,9.9788079e-09
0.28033926,5.9553522e-06,0.00017919069,0.64935618,8.1157635e-06,8.7959952e-09
0.28037462,7.3620309e-06,0.00024988304,0.30735696,1.0659259e-05,9.3931181e-09
0.28041115,6.2879707e-06,0.00021054779,0.66981314,8.4360686e-06,8.6866584e-09
0.28044478,5.7837545e-06,0.00021349237,0.43980149,8.4378223e-06,8.7917149e-09
0.28048448,1.0015872e-05,0.00037847461,0.30255229,1.4983392e-05,1.0064986e-08
0.28052407,5.2060353e-06,0.00019936478,0.63928069,7.396493e-06,5.6565919e-09
0.28056501,6.6173415e-06,0.00027312813,0.33765577,1.0115433e-05,8.1808862e-09
0.2806043,9.8593959e-06,0.00042021659,0.36891459,1.4938319e-05,8.8030623e-09
0.28064585,6.4282509e-06,0.00027102229,0.64965232,9.2112569e-06,7.1132138e-09
0.28068613,6.7580679e-06,0.00030748912,0.26269909,1.0513699e-05,8.5964054e-09
0.28072863,1.150157e-05,0.00051490878,0.38301461,1.7849348e-05,1.1131897e-08
0.28077017,5.2352833e-06,0.00021765455,0.6570569,7.7191774e-06,5.3441015e-09
0.2808172,1.6390008e-05,0.00070614434,0.18122819,2.6801564e-05,1.2417525e-08
0.28086379,9.5208281e-06,0.00042659357,0.10300317,1.5815214e-05,1.2068601e-08
0.28092387,6.3734893e-06,0.00024674006,0.54614723,1.0198209e-05,6.9203632e-09
0.28098343,6.692215e-06,0.00024313292,0.026206622,1.1423248e-05,1.0753264e-08
0.28109294,3.0069898e-05,0.00092117098,0.27699809,5.2523975e-05,1.6058957e-08
0.28118487,2.4718851e-05,0.00067083869,0.013853196,4.3975018e-05,9.8653129e-09
0.28130687,1.7336736e-05,0.00038710855,0.11067274,3.099287e-05,9.5478791e-09
0.28139243,2.689104e-05,0.00054950607,0.017332293,4.8739682e-05,1.3159214e-08
0.28153551,2.5548496e-05,0.00045768136,0.011594634,4.7166418e-05,6.7431861e-09
0.28163904,8.6853142e-06,0.00014558504,0.080786622,1.5634572e-05,1.1522927e-08
0.28172288,6.3863436e-06,0.00010307931,0.15987481,1.0980777e-05,1.2362337e-08
0.28180011,6.5505621e-06,0.00010508388,0.45819769,1.1175791e-05,1.1109636e-08
0.2818649,1.3777866e-05,0.00021326981,0.23889122,2.5381344e-05,1.1255107e-08
0.28191819,1.1773112e-05,0.00018206258,0.17872432,2.2039397e-05,8.9840066e-09
0.28198989,1.2448733e-05,0.00018855466,0.28062429,2.3344306e-05,6.6540864e-09
0.28204945,8.7524353e-06,0.0001323186,0.34675585,1.5882713e-05,8.7363603e-09
0.28210022,6.5902753e-06,9.5481113e-05,0.34954853,1.1599017e-05,1.0072444e-08
0.28214656,6.6357047e-06,9.3523842e-05,0.37551175,1.164762e-05,7.5916643e-09
0.28219379,1.0797968e-05,0.00015152304,0.21127697,1.9202506e-05,9.6269735e-09
0.28223726,5.2846749e-06,7.2771298e-05,0.58524363,9.0608918e-06,7.507977e-09
0.28227786,7.1290842e-06,9.7044858e-05,0.14498282,1.228491e-05,9.7160066e-09
0.2823195,7.36503e-06,9.9122788e-05,0.12275392,1.2711723e-05,9.6096062e-09
0.28236757,9.5583428e-06,0.00012970654,0.15688062,1.6674407e-05,1.0519674e-08
0.28241774,7.9424772e-06,0.00010863687,0.3934315,1.3660078e-05,6.0647106e-09
0.28246958,1.1375549e-05,0.00015823487,0.1868561,1.9588519e-05,9.4808528e-09
0.28252148,1.1259209e-05,0.00015923223,0.19927137,1.918114e-05,8.1495548e-09
0.28257881,1.111491e-05,0.00015987938,0.16470652,1.8732112e-05,8.3253768e-09
0.28263467,1.0870017e-05,0.00016065157,0.01447062,1.8227173e-05,9.0743283e-09
0.28268966,1.0949286e-05,0.00016716043,0.011123257,1.8183992e-05,9.3658117e-09
0.28274445,1.0968095e-05,0.00017278006,0.011642218,1.795314e-05,9.2919825e-09
0.28279582,1.1005025e-05,0.00017867217,0.0096244108,1.7730816e-05,9.5355579e-09
0.28285052,1.1168844e-05,0.00018771618,0.010679174,1.7670685e-05,1.007075e-08
0.28290545,1.1233122e-05,0.00019586442,0.010366249,1.7442731e-05,9.7763349e-09
0.28296093,1.1513995e-05,0.00020840854,0.011071483,1.7534537e-05,9.5950397e-09
0.28301362,1.1634876e-05,0.00021855111,0.013327011,1.740899e-05,9.4554236e-09
0.28306999,1.1796536e-05,0.00023091025,0.011294112,1.7343488e-05,7.899139e-09
0.28312696,1.2016252e-05,0.00024595152,0.01276403,1.7427831e-05,8.4180902e-09
0.28318439,1.2072968e-05,0.00025867886,0.013358047,1.7299686e-05,8.5556871e-09
0.28323886,1.2277379e-05,0.00027483031,0.011371088,1.7431334e-05,8.4772131e-09
0.28329734,1.2485349e-05,0.00029294497,0.01295621,1.7565868e-05,8.5373369e-09
0.28335631,1.254535e-05,0.0003088862,0.013721889,1.7509321e-05,7.9090155e-09
0.2834158,1.2772361e-05,0.00033061691,0.012267125,1.7719521e-05,7.7888327e-09
0.28347239,1.2953345e-05,0.00035204069,0.013789735,1.7887658e-05,7.3512609e-09
0.28353306,1.3022233e-05,0.00037352529,0.014981189,1.7916519e-05,9.3513764e-09
0.28359431,1.3225932e-05,0.00040087281,0.013133427,1.8154343e-05,7.5114782e-09
0.28365626,1.3405759e-05,0.00042927277,0.015253762,1.8356975e-05,7.6446936e-09
0.28371878,1.3470165e-05,0.00045500184,0.0138248,1.841159e-05,1.0080942e-08
0.28377821,1.3678291e-05,0.00048479688,0.011968074,1.8676346e-05,9.1395318e-09
0.28384207,1.3854678e-05,0.00051479559,0.013373898,1.8904733e-05,7.748922e-09
0.28390655,1.3918686e-05,0.00053719564,0.012986647,1.9001337e-05,9.4766573e-09
0.28397176,1.4133531e-05,0.00056005442,0.011511594,1.9306368e-05,8.8694572e-09
0.28403384,1.4266711e-05,0.00057165883,0.013091197,1.949794e-05,7.8173222e-09
0.28410048,1.435036e-05,0.00057417045,0.011435003,1.9634115e-05,9.4995663e-09
0.28416794,1.4562136e-05,0.00057731137,0.011398676,1.9945341e-05,8.6907712e-09
0.28423616,1.4638911e-05,0.00057219628,0.012721788,2.0077662e-05,1.0491352e-08
0.28430107,1.4798867e-05,0.00056899499,0.012327924,2.0336115e-05,7.8466106e-09
0.28437087,1.4953634e-05,0.00056338981,0.013770924,2.0591243e-05,1.084902e-08
0.28444135,1.5049926e-05,0.00055423171,0.012421584,2.0766473e-05,8.6344877e-09
0.28451269,1.5178995e-05,0.00054611774,0.01549135,2.1010332e-05,6.9174245e-09
0.28458465,1.5250949e-05,0.00053550846,0.016307682,2.1171302e-05,8.2629184e-09
0.28465319,1.5394929e-05,0.00052841739,0.024617356,2.1455466e-05,7.1243978e-09
0.28472672,1.5531228e-05,0.00052110003,0.088857511,2.1682558e-05,1.0234294e-08
0.28480098,1.5698448e-05,0.00051535654,0.17141348,2.1928477e-05,9.708062e-09
0.28487649,1.6005673e-05,0.0005170173,0.29040966,2.234415e-05,1.1228202e-08
0.28493343,1.2003408e-05,0.00039538571,0.33521808,1.6467217e-05,9.5366541e-09
0.28499594,1.4439228e-05,0.00047033788,0.28111247,1.9844181e-05,9.8498333e-09
0.28506599,1.5137883e-05,0.0004676858,0.025900894,2.1303647e-05,1.0075824e-08
0.28514388,1.6528353e-05,0.00048695549,0.015367057,2.3464158e-05,7.3518447e-09
0.28521486,1.4984669e-05,0.00043500763,0.013035228,2.131098e-05,9.3329875e-09
0.285288,1.5808002e-05,0.00043607071,0.014256517,2.2702617e-05,9.1893545e-09
0.28536843,1.6811924e-05,0.00045164225,0.016842959,2.4330914e-05,1.0142235e-08
0.28544525,1.5343867e-05,0.00040325232,0.016940963,2.2298849e-05,7.2492767e-09
0.28551808,1.6642424e-05,0.00041952933,0.015700913,2.4423717e-05,7.6706181e-09
0.28560183,1.6564075e-05,0.00041172056,0.015162102,2.4411137e-05,9.873425e-09
0.28567944,1.5716182e-05,0.0003781678,0.014607442,2.3278863e-05,7.6054985e-09
0.28576203,1.7610834e-05,0.00040820696,0.016420153,2.6331783e-05,8.7322378e-09
0.28584719,1.6108866e-05,0.00036872712,0.014813367,2.4196659e-05,6.931238e-09
0.28592249,1.6458423e-05,0.00036287849,0.014486787,2.4939865e-05,8.3174633e-09
0.28601075,1.7856551e-05,0.00038495116,0.016126954,2.7340611e-05,1.072495e-08
0.28609621,1.6029791e-05,0.00033928117,0.016301903,2.4718144e-05,9.3975536e-09
0.28618171,1.7468543e-05,0.00035662245,0.015290265,2.7380514e-05,8.7290876e-09
0.28626907,1.7330873e-05,0.00034985719,0.014375485,2.7421839e-05,9.9179287e-09
0.28635591,1.6539919e-05,0.00032424677,0.01381085,2.6388767e-05,1.0530611e-08
0.28644831,1.8194286e-05,0.00034643973,0.013549441,2.9387738e-05,9.3419418e-09
0.28654228,1.6734214e-05,0.00031321283,0.013933794,2.7168736e-05,7.3759648e-09
0.28662803,1.7491177e-05,0.00031668743,0.013458816,2.8650833e-05,7.1925323e-09
0.28672686,1.8077813e-05,0.00032113351,0.012924194,2.9899954e-05,9.8939381e-09
0.2868219,1.7133806e-05,0.00029732573,0.013077731,2.8628438e-05,9.2145306e-09
0.28692112,1.8588471e-05,0.0003144224,0.012533476,3.1537405e-05,7.5162015e-09
0.28701695,1.7534059e-05,0.00029281779,0.011753195,3.0136392e-05,9.3292668e-09
0.2871168,1.82216e-05,0.00029663769,0.01244759,3.1831715e-05,9.0106947e-09
0.28722362,1.8559296e-05,0.0002978486,0.011481472,3.2918249e-05,7.1862028e-09
0.28732751,1.8175435e-05,0.00028639187,0.011912137,3.2720444e-05,7.9216537e-09
0.28743706,1.9431894e-05,0.00030051293,0.010256528,3.5479844e-05,9.237072e-09
0.28754063,1.8619548e-05,0.00028549751,0.010872825,3.4394402e-05,7.1151339e-09
0.2876524,1.9926446e-05,0.00030052164,0.01183379,3.7166336e-05,6.923281e-09
0.28776876,1.9610702e-05,0.0002930494,0.011794535,3.6877123e-05,9.8332347e-09
0.28788426,2.0500214e-05,0.00030188896,0.012589995,3.879538e-05,7.0247157e-09
0.28799882,2.1056065e-05,0.00030717603,0.014388185,3.9886431e-05,1.0800889e-08
0.28811912,2.1383323e-05,0.00030833669,0.030809983,4.0501216e-05,1.0076473e-08
0.28824537,2.2725611e-05,0.00032558964,0.12801989,4.2897363e-05,7.3742472e-09
0.28837176,2.2875798e-05,0.00032481615,0.18172605,4.289424e-05,1.1946182e-08
0.28848372,1.6841719e-05,0.00023847872,0.11085211,3.1584565e-05,1.0137387e-08
0.28861243,2.4289491e-05,0.00034969809,0.015054281,4.5328756e-05,1.0429416e-08
0.28874935,2.628424e-05,0.00038554966,0.014347387,4.8582492e-05,1.1990986e-08
0.28888874,2.5007188e-05,0.0003794006,0.014398984,4.5714251e-05,9.039572e-09
0.2890162,2.33231e-05,0.00036735579,0.012620549,4.23112e-05,9.6951915e-09
0.28912993,2.2699231e-05,0.00037396412,0.012532876,4.101284e-05,1.0924357e-08
0.28924933,2.2901214e-05,0.00039901284,0.012727698,4.1261387e-05,1.0104003e-08
0.28937137,2.3669656e-05,0.00044734568,0.013057734,4.2556611e-05,1.1188074e-08
0.28949703,2.4347596e-05,0.00051332389,0.012502309,4.3735139e-05,1.15552e-08
0.28961883,2.5193037e-05,0.00060038545,0.01286268,4.5308393e-05,1.0514838e-08
0.28975268,2.5831068e-05,0.00072619747,0.026634531,4.6637136e-05,9.6022238e-09
0.28987166,1.6957114e-05,0.00056349083,0.12594106,3.0616701e-05,9.6664274e-09
0.28996339,1.7111576e-05,0.0006343414,0.15016675,3.0905479e-05,1.0001093e-08
0.29004725,1.6283911e-05,0.00065983196,0.16666881,2.9403245e-05,7.664283e-09
0.29013172,1.5332673e-05,0.00067214808,0.25216028,2.7633116e-05,9.7945164e-09
0.29021251,1.4694515e-05,0.00067374835,0.25102032,2.6483756e-05,8.9069037e-09
0.29029074,1.4276744e-05,0.0006375307,0.25169521,2.5690214e-05,8.4085859e-09
0.29036257,1.3831128e-05,0.00056039622,0.24569051,2.4866388e-05,9.0623147e-09
0.2904369,1.3358869e-05,0.00047869697,0.246705,2.4053158e-05,8.4598255e-09
0.29050911,1.2923191e-05,0.00040934517,0.24312022,2.3134698e-05,7.8402831e-09
0.29057879,1.2340451e-05,0.0003524485,0.25047771,2.2079048e-05,9.7588243e-09
0.29064555,1.1765494e-05,0.00030698219,0.29520658,2.0961667e-05,7.8211774e-09
0.29070495,1.0954747e-05,0.00026480165,0.3168331,1.941165e-05,9.3661393e-09
0.29076513,1.0760589e-05,0.00024278381,0.31034895,1.9065664e-05,7.9920355e-09
0.29082468,1.053972e-05,0.00022399405,0.31768402,1.8700626e-05,9.1699765e-09
0.29088274,1.0270237e-05,0.00020752665,0.32266831,1.8233589e-05,7.8246619e-09
0.29093651,1.008114e-05,0.00019555876,0.32353528,1.7934892e-05,7.7583642e-09
0.29099267,9.894768e-06,0.00018471695,0.32509335,1.7634459e-05,8.2540979e-09
0.29104803,9.7685165e-06,0.00017625358,0.32545166,1.7435351e-05,8.9382068e-09
0.29110285,9.6687806e-06,0.00016944201,0.32566601,1.7286218e-05,9.6789303e-09
0.29115456,9.7866893e-06,0.0001674229,0.32556624,1.7542297e-05,7.9128655e-09
0.29121035,9.9557589e-06,0.00016651879,0.31955768,1.7880338e-05,8.4117296e-09
0.29126712,1.0153622e-05,0.00016668407,0.31412521,1.8248326e-05,9.0978436e-09
0.2913249,1.034156e-05,0.00016736781,0.30889277,1.8582286e-05,9.147279e-09
0.2913806,1.0647345e-05,0.00017052665,0.30186435,1.9114915e-05,8.1799042e-09
0.29144094,1.0907348e-05,0.00017296697,0.29442456,1.9519163e-05,8.0537354e-09
0.29150259,1.1272483e-05,0.00017715776,0.28697979,2.0049878e-05,8.9923541e-09
0.29156519,1.1499236e-05,0.00017951046,0.28419262,2.0278992e-05,7.0067086e-09
0.29162874,1.1748981e-05,0.00018317915,0.27478684,2.0540946e-05,8.9557307e-09
0.29168794,1.1338951e-05,0.00017753405,0.24579471,1.972895e-05,8.9805911e-09
0.29174828,1.1064878e-05,0.00017478198,0.16304907,1.9272601e-05,9.5267262e-09
0.29180697,1.0951572e-05,0.00017562466,0.0519818,1.9005449e-05,9.4419496e-09
0.29186429,1.0792432e-05,0.00017737874,0.28089509,1.8383808e-05,9.8822679e-09
0.29191756,1.0885485e-05,0.00018385408,0.29440363,1.8280737e-05,9.3474789e-09
0.29197361,1.0813521e-05,0.00018851312,0.27853255,1.7898264e-05,9.033373e-09
0.29202943,1.0886119e-05,0.0001965363,0.25628886,1.7759722e-05,9.7109358e-09
0.29208525,1.0961296e-05,0.00020562132,0.24831548,1.7613972e-05,9.3138875e-09
0.29213779,1.1030017e-05,0.00021523172,0.24904892,1.7466284e-05,9.3383874e-09
0.29219367,1.1174554e-05,0.00022801906,0.22316152,1.7424387e-05,9.7710431e-09
0.29225023,1.1413467e-05,0.00024489468,0.23506203,1.749745e-05,7.9784285e-09
0.2923074,1.1639676e-05,0.00026460242,0.23486909,1.7520055e-05,8.0054585e-09
0.29236532,1.1783428e-05,0.00028732057,0.26952066,1.7507418e-05,8.5258819e-09
0.29241972,1.1735294e-05,0.00030430487,0.23352018,1.7225725e-05,8.7038012e-09
0.29247738,1.1906451e-05,0.00032744229,0.26222654,1.722209e-05,9.6312688e-09
0.29253623,1.2292555e-05,0.0003631676,0.27770418,1.7451297e-05,9.7951562e-09
0.292596,1.2202784e-05,0.00039012009,0.21366382,1.7267842e-05,9.4251589e-09
0.2926513,1.2156525e-05,0.00041269725,0.28937377,1.6968871e-05,9.0564797e-09
0.29271127,1.2730904e-05,0.00046412323,0.31265347,1.7493514e-05,9.2082294e-09
0.29276744,8.5421243e-06,0.00031095073,0.40790873,1.1577772e-05,8.2058559e-09
0.2928164,1.1164923e-05,0.00040933763,0.28311797,1.522394e-05,1.00028e-08
0.29286934,1.2005401e-05,0.00047248707,0.10262155,1.6539067e-05,8.2140289e-09
0.29292956,1.3036993e-05,0.00054638711,0.015672073,1.8068892e-05,9.2928482e-09
0.29299359,1.3474537e-05,0.0005566639,0.016094387,1.8684742e-05,9.8123656e-09
0.29305627,1.2982845e-05,0.00052697253,0.014144628,1.8100238e-05,9.5992729e-09
0.29311521,1.3412437e-05,0.00052923387,0.015864147,1.8773943e-05,8.8758521e-09
0.29318051,1.3851068e-05,0.0005258177,0.013439335,1.9394684e-05,8.9706798e-09
0.29324621,1.3672416e-05,0.00049751148,0.014143305,1.9167321e-05,8.785178e-09
0.29331198,1.3967142e-05,0.0004842695,0.032726961,1.9640343e-05,7.5178927e-09
0.29337989,1.4269792e-05,0.00047310248,0.22437976,1.9995369e-05,8.5386542e-09
0.29344458,1.4224743e-05,0.00045195864,0.16625814,2.0065091e-05,8.3831557e-09
0.29351291,1.461608e-05,0.00044234234,0.27159179,2.0631382e-05,1.0253057e-08
0.29358343,1.5029011e-05,0.00043269312,0.24383067,2.1253383e-05,9.6486154e-09
0.29365442,1.4591542e-05,0.00039952335,0.23198599,2.0789314e-05,1.0430147e-08
0.29372101,1.4671881e-05,0.00037997001,0.23173006,2.1080307e-05,6.9114856e-09
0.29379422,1.5010452e-05,0.00036838576,0.22102421,2.1698421e-05,8.5942241e-09
0.29386757,1.4979413e-05,0.00035490389,0.20201696,2.1762622e-05,9.4603572e-09
0.29392901,1.4509789e-05,0.00034123337,0.17308711,2.1149561e-05,9.6852078e-09
0.29399796,1.520252e-05,0.00034523089,0.29461074,2.2300766e-05,9.9210615e-09
0.29406529,1.394185e-05,0.00031267425,0.27611284,2.0543739e-05,7.8667215e-09
0.29413849,1.4852728e-05,0.00031493855,0.019405219,2.2334273e-05,8.290922e-09
0.29421601,1.6002216e-05,0.00031958823,0.013885256,2.4317207e-05,9.5595938e-09
0.29429151,1.5629159e-05,0.00030280023,0.012246466,2.384751e-05,9.9643387e-09
0.29436865,1.532417e-05,0.00028551368,0.013267605,2.3526608e-05,1.0097077e-08
0.29444875,1.6353601e-05,0.00029407155,0.013473197,2.5276908e-05,9.0025729e-09
0.29453048,1.5578036e-05,0.0002740905,0.012863552,2.4211971e-05,9.0983402e-09
0.29460941,1.5801564e-05,0.00026899195,0.03801989,2.4743093e-05,8.2734792e-09
0.29468834,1.6694761e-05,0.00027830501,0.10308059,2.6252548e-05,1.0355924e-08
0.29477045,1.5488532e-05,0.00025337536,0.10673092,2.4472633e-05,8.5968686e-09
0.29485177,1.6380631e-05,0.00026054465,0.10473269,2.6230932e-05,8.8553228e-09
0.29493848,1.6411258e-05,0.00025733168,0.11854596,2.6454021e-05,8.043383e-09
0.29501572,1.5577853e-05,0.00023897607,0.11757453,2.5326782e-05,8.8446398e-09
0.29510134,1.6978009e-05,0.00025392645,0.13894792,2.7845951e-05,7.8481753e-09
0.2951896,1.5998385e-05,0.00023509014,0.12758903,2.6425558e-05,9.9848609e-09
0.29527405,1.6451329e-05,0.0002358205,0.15898457,2.7226255e-05,9.7523688e-09
0.29535989,1.7550685e-05,0.00024834448,0.23842035,2.9091767e-05,9.9599914e-09
0.29544302,1.5634824e-05,0.00022363399,0.16243459,2.6248024e-05,1.1246872e-08
0.29552035,1.2587386e-05,0.00017782253,0.37560931,2.0821291e-05,9.3078471e-09
0.29559017,1.1636425e-05,0.00016581637,0.19518333,1.9583334e-05,7.8859694e-09
0.29566631,1.5619168e-05,0.00022236474,0.21817955,2.6509361e-05,1.0162413e-08
0.29573454,1.440756e-05,0.00020264903,0.25421685,2.4534087e-05,9.5079551e-09
0.29580604,1.1657634e-05,0.00016228601,0.32065035,1.9897983e-05,8.3348035e-09
0.29587684,1.308784e-05,0.00018192376,0.27202899,2.2568088e-05,8.7126163e-09
0.2959449,1.1723458e-05,0.00016047987,0.33508944,2.0183034e-05,7.9527846e-09
0.29599974,9.7295479e-06,0.00013241807,0.38437226,1.6629337e-05,7.1613385e-09
0.29604925,7.98746e-06,0.00010880007,0.44460929,1.3331542e-05,8.0913907e-09
0.29608981,6.9414197e-06,9.5286095e-05,0.48628631,1.1187404e-05,9.9402839e-09
0.29612402,5.8934768e-06,8.1039693e-05,0.57161961,9.0848363e-06,7.3039623e-09
0.29615337,5.6857952e-06,7.8159587e-05,0.61115704,8.4279154e-06,9.1988304e-09
0.29618549,6.0534169e-06,8.3678972e-05,0.62069855,8.8706011e-06,8.4315174e-09
0.29621702,5.7995827e-06,8.0783399e-05,0.63086816,8.2878724e-06,9.5978566e-09
0.29624838,5.8579692e-06,8.2072875e-05,0.61119337,8.387138e-06,7.2996657e-09
0.29627999,6.312386e-06,8.8192613e-05,0.57426134,9.32737e-06,9.4959566e-09
0.29631799,7.3342509e-06,0.00010202899,0.50454289,1.1426154e-05,6.7855342e-09
0.29636741,1.050322e-05,0.00014284211,0.32795976,1.765143e-05,7.1887133e-09
0.29644327,1.3430149e-05,0.00017827563,0.27684498,2.3346468e-05,1.0624016e-08
0.29651967,1.1644399e-05,0.00015481474,0.34117373,2.0273918e-05,9.415828e-09
0.29658755,1.3501724e-05,0.00017861611,0.25732328,2.3845504e-05,9.440071e-09
0.296665,1.3384695e-05,0.00017560657,0.25912721,2.3995525e-05,9.9746328e-09
0.29674287,1.3408586e-05,0.00017453059,0.25592319,2.4279585e-05,9.3384219e-09
0.29681376,1.1645334e-05,0.00015203558,0.30959709,2.1006488e-05,7.4991939e-09
0.29686907,9.7603812e-06,0.00012857848,0.37851903,1.7289513e-05,7.1360152e-09
0.29691928,8.3875373e-06,0.00011143737,0.41193777,1.4577596e-05,8.454482e-09
0.29696178,6.9473883e-06,9.2963695e-05,0.48956656,1.1678408e-05,8.9658524e-09
0.29699879,6.5810574e-06,8.8837308e-05,0.50493411,1.0716547e-05,9.3343196e-09
0.29703135,6.2143715e-06,8.4383148e-05,0.54999774,9.9192567e-06,6.9456605e-09
0.2970652,5.984584e-06,8.2060452e-05,0.51958252,9.5604893e-06,8.9289688e-09
0.29709892,6.4104592e-06,8.9112467e-05,0.51512684,1.0196018e-05,9.1230455e-09
0.29713466,6.4933954e-06,9.1107186e-05,0.55770855,1.0149901e-05,8.7339852e-09
0.29716601,6.0496746e-06,8.5874654e-05,0.57769265,9.2113949e-06,8.1552901e-09
0.29719655,5.8289826e-06,8.4475918e-05,0.60189821,8.5322275e-06,8.8627492e-09
0.29722516,5.094292e-06,7.4557541e-05,0.63638894,7.1798561e-06,9.4198472e-09
0.29725288,5.2337711e-06,7.760309e-05,0.61549741,7.3700927e-06,7.4270205e-09
0.29728149,5.7083379e-06,8.468713e-05,0.5951498,8.1203071e-06,8.9100826e-09
0.29730925,5.6337018e-06,8.3657686e-05,0.61578324,7.9979526e-06,9.3609723e-09
0.29733888,5.7106968e-06,8.6115566e-05,0.61110125,7.9832007e-06,9.3083694e-09
0.2973669,5.2735646e-06,8.0979079e-05,0.63978369,7.0843685e-06,8.6889843e-09
0.2973939,5.3254578e-06,8.3096194e-05,0.63511451,7.0827277e-06,7.8880609e-09
0.29742016,5.5504663e-06,8.6486793e-05,0.63452096,7.4882921e-06,9.6099023e-09
0.29744995,5.8911388e-06,9.1335898e-05,0.64197952,8.0999494e-06,7.434238e-09
0.29747929,5.5755911e-06,8.7222555e-05,0.65716857,7.5043861e-06,1.01895e-08
0.29750681,5.3381867e-06,8.5901176e-05,0.67695356,6.8901981e-06,7.5010025e-09
0.29753112,5.0615558e-06,8.3315103e-05,0.70786022,6.2786326e-06,9.2025169e-09
0.29755474,4.7053933e-06,7.9734269e-05,0.73059239,5.4991123e-06,9.3821433e-09
0.29757694,4.5741481e-06,7.9363007e-05,0.72563496,5.2190355e-06,7.9531495e-09
0.29759966,4.8340952e-06,8.4471701e-05,0.70242198,5.7383884e-06,6.4433642e-09
0.29762482,5.3743082e-06,9.3393385e-05,0.67790661,6.7479013e-06,8.1812613e-09
0.29764945,5.2008229e-06,8.978258e-05,0.69477401,6.5652655e-06,8.5161965e-09
0.29767287,4.4517523e-06,7.7193217e-05,0.76206725,5.300195e-06,1.1039747e-08
0.29769068,3.5310372e-06,6.3962943e-05,0.81351262,3.62957e-06,1.006907e-08
0.29770417,3.0552384e-06,5.930699e-05,0.81508657,2.8102385e-06,1.0040302e-08
0.29771707,3.5038195e-06,7.1553078e-05,0.75400847,3.7192365e-06,1.0782314e-08
0.29773459,4.3801789e-06,8.1932195e-05,0.68211484,5.1799267e-06,1.1348448e-08
0.29775713,5.0052567e-06,8.8164676e-05,0.65437595,6.505541e-06,8.3797166e-09
0.297783,5.4604308e-06,9.4168207e-05,0.63215864,7.4250917e-06,7.156965e-09
0.29781046,6.2055643e-06,0.00010521533,0.59897051,8.7303447e-06,6.8597033e-09
0.29784186,6.5374856e-06,0.00011048896,0.58229159,9.3459531e-06,7.7297659e-09
0.29787439,6.6217192e-06,0.0001128396,0.57957699,9.4969429e-06,7.4688488e-09
0.2979071,6.5657544e-06,0.00011375317,0.58558597,9.3585427e-06,8.594923e-09
0.29793729,6.4137236e-06,0.00011329229,0.59851142,9.0159204e-06,8.451613e-09
0.29796815,6.1534464e-06,0.00011155596,0.61798715,8.4503687e-06,7.8542394e-09
0.29799744,5.8493074e-06,0.00010927931,0.63954702,7.7985352e-06,7.269516e-09
0.29802491,5.4825877e-06,0.00010618505,0.66686323,7.0101121e-06,7.6823672e-09
0.2980505,5.165475e-06,0.00010414925,0.69100695,6.2826468e-06,8.5836208e-09
0.2980729,4.8767608e-06,0.00010271285,0.72094789,5.5732009e-06,7.4549655e-09
0.29809508,4.6838122e-06,0.00010441549,0.7398296,5.0168506e-06,9.7474269e-09
0.29811607,4.4970312e-06,0.00010710511,0.75217708,4.5471323e-06,8.7231622e-09
0.2981362,4.3222681e-06,0.00010771876,0.76388031,4.1419598e-06,1.0000663e-08
0.29815432,4.2091223e-06,0.00011039153,0.77463839,3.8679748e-06,8.5515735e-09
0.29817278,4.0882776e-06,0.00011377596,0.78529184,3.5111197e-06,7.3438397e-09
0.29819047,3.9531031e-06,0.00011651861,0.7988047,3.190406e-06,7.4714067e-09
0.29820735,3.8455519e-06,0.0001191405,0.80802677,2.9560804e-06,9.8495561e-09
0.29822256,3.7476662e-06,0.00012139981,0.81469507,2.7127552e-06,8.705155e-09
0.29823812,3.6656815e-06,0.00012361967,0.82217676,2.4954731e-06,8.4236667e-09
0.29825312,3.5738017e-06,0.00012434495,0.82176626,2.3752338e-06,8.5263895e-09
0.29826861,3.6886166e-06,0.00012342583,0.77460484,3.381958e-06,9.8786106e-09
0.29828579,4.2698928e-06,0.00013433663,0.73379518,4.6791528e-06,9.472024e-09
0.29830762,4.8775968e-06,0.00015017101,0.74043386,5.8299171e-06,1.0891386e-08
0.29832743,4.4568053e-06,0.00014770081,0.7233563,5.089698e-06,1.2625022e-08
0.29835006,5.1765566e-06,0.00015912223,0.6403719,6.5831858e-06,9.9886541e-09
0.2983766,5.6165905e-06,0.0001645467,0.60489672,7.5142166e-06,7.7826815e-09
0.2984028,5.6025583e-06,0.00016769422,0.60519392,7.4930774e-06,8.8920008e-09
0.29843146,5.7476401e-06,0.00017943117,0.59881123,7.8660213e-06,7.8226088e-09
0.29846044,5.8417548e-06,0.0001859785,0.58245682,8.3267476e-06,8.7847872e-09
0.29849209,6.5340212e-06,0.00020794559,0.52150031,9.8346885e-06,1.0269977e-08
0.2985257,7.3578225e-06,0.00023472516,0.47578965,1.1421832e-05,1.0186541e-08
0.29856408,7.6528155e-06,0.00025206121,0.45512467,1.2170711e-05,9.6145947e-09
0.29860454,8.016934e-06,0.00027348488,0.43987836,1.2935876e-05,1.0306159e-08
0.2986457,8.5134791e-06,0.0003013973,0.41974448,1.3876675e-05,1.0179181e-08
0.29868561,8.7450731e-06,0.00032109475,0.40736249,1.4424696e-05,1.0779793e-08
0.2987291,8.1484063e-06,0.00031202454,0.44072943,1.3561803e-05,8.8397362e-09
0.29877119,7.9776622e-06,0.00032235946,0.45668211,1.329757e-05,1.0350117e-08
0.298812,7.4104191e-06,0.00031589254,0.48940119,1.2289045e-05,9.0854445e-09
0.29884855,6.7089985e-06,0.00029750165,0.52918177,1.0873439e-05,8.4659198e-09
0.29888111,6.5360033e-06,0.00029558394,0.53332644,1.0468214e-05,9.8309772e-09
0.29891666,6.5719823e-06,0.00029921212,0.51346221,1.0608198e-05,6.6256996e-09
0.29895237,6.4728109e-06,0.00028584439,0.52251965,1.0330077e-05,7.4339091e-09
0.29898688,6.3294857e-06,0.00026391447,0.52475834,9.997575e-06,7.3920934e-09
0.29902086,7.0804224e-06,0.00028290785,0.48892213,1.1371051e-05,8.3095632e-09
0.29905832,6.9494964e-06,0.00026043051,0.49495669,1.1249579e-05,7.0570216e-09
0.29909791,7.5498971e-06,0.0002677864,0.4753303,1.2424107e-05,7.8564043e-09
0.2991394,7.3963691e-06,0.00024776901,0.48067041,1.235289e-05,8.8124988e-09
0.29918177,8.3967778e-06,0.00026835209,0.42897084,1.4324825e-05,7.0293861e-09
0.29923029,9.3695081e-06,0.00028206562,0.3788776,1.6290409e-05,7.9367173e-09
0.29928451,1.0360089e-05,0.00029122021,0.33679332,1.8316481e-05,8.6401929e-09
0.29934336,1.0932666e-05,0.00028309871,0.31599774,1.9518502e-05,7.7119251e-09
0.29940002,1.0942212e-05,0.00026093341,0.31502183,1.9684007e-05,8.4821946e-09
0.29945976,1.0736788e-05,0.00023573938,0.32027554,1.9388677e-05,7.9187405e-09
0.29951898,1.0801665e-05,0.00022120579,0.31345483,1.9575803e-05,1.0429157e-08
0.29957918,1.0996441e-05,0.00021235925,0.30549042,2.0047198e-05,8.7973549e-09
0.29964248,1.1952265e-05,0.00021903157,0.28267704,2.1977755e-05,7.7770532e-09
0.29970502,1.1691272e-05,0.00020314061,0.2998496,2.1615914e-05,8.0552912e-09
0.29976738,1.1002101e-05,0.00018100513,0.31780573,2.0339449e-05,7.586858e-09
0.29982814,1.0869263e-05,0.00017115038,0.32378997,2.0113626e-05,8.1968807e-09
0.29988856,1.0774325e-05,0.0001635331,0.32959288,1.9974214e-05,8.1293212e-09
0.29994495,1.0739155e-05,0.00015837514,0.33133143,1.994353e-05,8.0914823e-09
0.3000051,1.0807971e-05,0.0001552613,0.33078042,2.0114905e-05,7.5208622e-09
0.30006598,1.0949926e-05,0.00015380134,0.32717003,2.0417265e-05,7.6012507e-09
0.3001273,1.1014543e-05,0.00015170816,0.32598046,2.0515587e-05,8.3031722e-09
0.30018468,1.0856394e-05,0.00014741187,0.4220101,2.0015297e-05,1.0089376e-08
0.30024257,1.0468411e-05,0.00014074232,0.43095777,1.8980801e-05,1.0019991e-08
0.30030019,7.2354567e-06,9.8967749e-05,0.6756046,1.2504657e-05,1.8790132e-08
0.30034508,1.2313473e-05,0.00017414515,0.43990989,2.2068031e-05,2.3586888e-08
0.30038624,1.0943913e-05,0.00015530106,0.058746789,1.9843937e-05,1.2021934e-08
0.30043799,9.2922905e-06,0.00012923699,0.073292366,1.6741139e-05,1.0006835e-08
0.3004914,1.0417267e-05,0.00014574183,0.13824687,1.8704187e-05,9.5932955e-09
0.30054588,8.4346617e-06,0.00011968152,0.3397849,1.4876767e-05,6.4282824e-09
0.30060097,9.1539473e-06,0.00013125503,0.30860281,1.5996653e-05,6.5107298e-09
0.3006531,1.041284e-05,0.00015237375,0.24525569,1.8017852e-05,1.0111088e-08
0.3007093,1.0813448e-05,0.00016140379,0.2123237,1.8549256e-05,8.4611869e-09
0.30076622,1.1331031e-05,0.00017206391,0.20406101,1.9222884e-05,1.020965e-08
0.3008243,1.1298725e-05,0.00017589454,0.08665294,1.9030274e-05,1.0504878e-08
0.30087756,1.1156632e-05,0.00017755253,0.014795665,1.870476e-05,8.4005458e-09
0.30093338,1.109821e-05,0.00018185904,0.010041455,1.8395892e-05,8.7072376e-09
0.30098898,1.1201664e-05,0.00018902797,0.010632447,1.8291496e-05,8.4721165e-09
0.30104433,1.1148604e-05,0.00019398249,0.011199467,1.7903056e-05,9.1615631e-09
0.30109651,1.1341025e-05,0.00020372801,0.010631949,1.7916753e-05,9.82683e-09
0.30115237,1.1486865e-05,0.00021382599,0.013628066,1.7813387e-05,9.0157189e-09
0.30120858,1.1601458e-05,0.00022413433,0.012166435,1.7680975e-05,9.7670098e-09
0.30126529,1.1842612e-05,0.00023807489,0.013821509,1.7780449e-05,1.0049779e-08
0.3013224,1.1919458e-05,0.00024998819,0.015239973,1.7683233e-05,8.9757933e-09
0.30137649,1.2042907e-05,0.00026322433,0.01263699,1.7721924e-05,9.906985e-09
0.30143445,1.2251004e-05,0.00027989103,0.01336128,1.7894517e-05,9.8239974e-09
0.30149286,1.2335217e-05,0.00029512396,0.014746156,1.7889514e-05,7.6288036e-09
0.30155172,1.2480273e-05,0.00031331005,0.012652902,1.7987894e-05,7.9670442e-09
0.3016077,1.2676582e-05,0.00033381419,0.013894447,1.8181729e-05,9.5473832e-09
0.30166772,1.2787083e-05,0.00035525482,0.015148689,1.8268395e-05,8.9877092e-09
0.30172829,1.2911051e-05,0.00037945777,0.01259217,1.8392182e-05,8.229546e-09
0.30178957,1.3146537e-05,0.00040955234,0.013376862,1.868257e-05,8.3894831e-09
0.3018478,1.3282727e-05,0.00043656305,0.014781316,1.8830369e-05,7.8859105e-09
0.30191026,1.3373021e-05,0.00046447891,0.012977693,1.8949722e-05,7.331711e-09
0.30197344,1.3615156e-05,0.00049647571,0.01280297,1.9279374e-05,9.7799067e-09
0.30203729,1.3717319e-05,0.00052158539,0.014333964,1.9417534e-05,8.7518444e-09
0.30209796,1.3804619e-05,0.00054119535,0.012485377,1.9557935e-05,8.6419486e-09
0.30216319,1.4022567e-05,0.00056170701,0.011877574,1.9885031e-05,8.041516e-09
0.30222914,1.4113001e-05,0.00057000998,0.013112397,2.0032697e-05,7.8153578e-09
0.30229578,1.4258386e-05,0.00057462861,0.011526987,2.0267136e-05,8.7840538e-09
0.30236328,1.4435258e-05,0.00057689247,0.012889226,2.0541359e-05,1.0001294e-08
0.30242741,1.4483027e-05,0.00057204001,0.013035197,2.0640957e-05,9.8814771e-09
0.30249631,1.4690334e-05,0.00057070021,0.011937264,2.0970827e-05,9.597751e-09
0.30256603,1.4792083e-05,0.00056352917,0.013932699,2.1148629e-05,9.8822226e-09
0.30263636,1.4929086e-05,0.00055715888,0.013037589,2.1407291e-05,8.2582978e-09
0.30270338,1.5068695e-05,0.00055095812,0.014986388,2.1672738e-05,8.5198116e-09
0.30277524,1.5123587e-05,0.00054084295,0.014286262,2.1855038e-05,8.542526e-09
0.30284788,1.5216694e-05,0.00053207209,0.017413125,2.2087391e-05,1.0003411e-08
0.30292139,1.5384398e-05,0.00052566444,0.026371102,2.240909e-05,8.8305912e-09
0.30299132,1.5429073e-05,0.00051592265,0.061726495,2.2535421e-05,9.5197185e-09
0.30306639,1.5678642e-05,0.00051097814,0.094109878,2.291574e-05,1.0084362e-08
0.3031425,1.5732661e-05,0.0005023327,0.10233183,2.306061e-05,1.0095212e-08
0.3032091,1.556854e-05,0.00050636434,0.32926307,2.2481627e-05,1.0853082e-08
0.30326857,1.4673005e-05,0.00047054156,0.14938475,2.1376226e-05,9.1842803e-09
0.30334306,1.6064192e-05,0.0004782488,0.015954336,2.3809615e-05,6.9513464e-09
0.30342329,1.5962377e-05,0.00046901577,0.01364893,2.3713936e-05,1.0096807e-08
0.30349706,1.5021672e-05,0.0004277329,0.014303672,2.2329286e-05,8.5107438e-09
0.30357444,1.682393e-05,0.00045988794,0.0164687,2.5287516e-05,9.7100122e-09
0.30365123,1.5841579e-05,0.00042940691,0.014731138,2.3914804e-05,9.8413575e-09
0.30372644,1.5465879e-05,0.00040301375,0.01401904,2.3457386e-05,8.4396994e-09
0.30380867,1.7485396e-05,0.00044169728,0.016923527,2.6753504e-05,7.8648045e-09
0.30389029,1.5403274e-05,0.00038457077,0.017720844,2.3612551e-05,9.6872583e-09
0.30396322,1.6265064e-05,0.00038914546,0.014595253,2.5174575e-05,9.4769281e-09
0.30405039,1.750147e-05,0.00041171855,0.01641318,2.7280156e-05,1.0154807e-08
0.30413182,1.5498542e-05,0.00035709298,0.017425653,2.4223505e-05,8.1182617e-09
0.30421475,1.7429511e-05,0.00038597586,0.016679797,2.7590374e-05,1.0008488e-08
0.30430016,1.6923743e-05,0.00037290897,0.015282279,2.6949819e-05,8.0155737e-09
0.30438266,1.6090039e-05,0.00034350929,0.014903666,2.5843929e-05,9.4949237e-09
0.30447237,1.8160995e-05,0.00037725419,0.015784229,2.9593799e-05,1.0100094e-08
0.30456338,1.6188787e-05,0.00033320724,0.015257373,2.6584817e-05,8.4397131e-09
0.30465031,1.713653e-05,0.00033967336,0.014668662,2.850227e-05,1.024933e-08
0.3047412,1.7972352e-05,0.00035094467,0.015129776,3.0125761e-05,7.5678179e-09
0.30483214,1.6432049e-05,0.00031300882,0.015999197,2.7648053e-05,9.4689349e-09
0.30492662,1.8326088e-05,0.00033780524,0.015980731,3.1179164e-05,1.0221297e-08
0.305026,1.7098954e-05,0.00031138677,0.014323919,2.9241875e-05,7.8009836e-09
0.30511452,1.7427253e-05,0.00030773672,0.01381412,3.0046292e-05,8.8312351e-09
0.30521775,1.8620176e-05,0.00032291941,0.012028252,3.2425765e-05,9.9339905e-09
0.30531753,1.7238575e-05,0.00029359394,0.013589713,3.0265234e-05,1.042191e-08
0.30542072,1.8978806e-05,0.00031495056,0.013216201,3.3723605e-05,7.8580252e-09
0.3055221,1.7942306e-05,0.00029537462,0.012981493,3.220374e-05,8.0253862e-09
0.3056266,1.8663292e-05,0.0002989628,0.012846533,3.3757524e-05,9.6988815e-09
0.30573945,1.9209376e-05,0.00030396789,0.011279785,3.5082379e-05,7.3925251e-09
0.30584914,1.8845663e-05,0.00029385627,0.012519768,3.4754402e-05,9.6577434e-09
0.3059583,2.0218417e-05,0.00031139968,0.01132666,3.7587478e-05,1.0725409e-08
0.30607502,1.9452795e-05,0.00029686497,0.012503063,3.6362478e-05,8.0946241e-09
0.30619394,2.0907956e-05,0.00031371706,0.012394783,3.9262308e-05,9.3337184e-09
0.30631698,2.0701686e-05,0.00030776409,0.013188658,3.8889743e-05,8.1706889e-09
0.30644046,2.1972766e-05,0.00032273056,0.012123679,4.1265575e-05,7.8889772e-09
0.30656214,2.2318567e-05,0.00032643107,0.012472793,4.1744139e-05,1.0021367e-08
0.30669122,2.3309925e-05,0.00033955977,0.011913186,4.3370271e-05,9.2973778e-09
0.30682701,2.4187887e-05,0.0003545375,0.014288979,4.4703015e-05,9.1359692e-09
0.3069632,2.5124635e-05,0.0003730484,0.013400872,4.6076864e-05,1.056763e-08
0.307096,2.484359e-05,0.00037770698,0.015302507,4.5150976e-05,9.0937697e-09
0.30722631,2.3123937e-05,0.0003628086,0.012495618,4.1705823e-05,1.0782638e-08
0.30734898,2.2301044e-05,0.00036416727,0.011668397,4.0008388e-05,9.5508112e-09
0.30746909,2.2434571e-05,0.00038500869,0.012004853,3.9989829e-05,9.0093005e-09
0.30758376,2.3134986e-05,0.00042245723,0.012219493,4.105451e-05,1.1056674e-08
0.30770876,2.3741167e-05,0.00047751682,0.012585283,4.2035183e-05,1.095987e-08
0.30783676,2.4558674e-05,0.000554332,0.011855242,4.3495866e-05,8.5756355e-09
0.30796982,2.5523571e-05,0.00066956499,0.025680547,4.5375184e-05,7.8651646e-09
0.30809032,1.5676745e-05,0.00048673801,0.15288534,2.7812544e-05,6.9098656e-09
0.30818192,1.5965147e-05,0.00055612606,0.14141139,2.8493688e-05,8.465048e-09
0.308264,1.5909609e-05,0.00060758741,0.12202601,2.8483113e-05,9.6402934e-09
0.3083528,1.6663248e-05,0.00069738014,0.11615634,2.9948512e-05,9.5027335e-09
0.30844854,1.9494823e-05,0.00087768557,0.22903222,3.4980369e-05,7.8718323e-09
0.30853594,1.5332668e-05,0.00069583945,0.24438202,2.7339992e-05,1.007764e-08
0.30861367,1.3384133e-05,0.00056167549,0.24207383,2.3663358e-05,8.7234901e-09
0.30868343,1.2065961e-05,0.00045535307,0.25561005,2.1180704e-05,9.9552198e-09
0.30874721,1.1048189e-05,0.00037715994,0.27535614,1.9301371e-05,9.8767771e-09
0.30880305,1.0299974e-05,0.00032178845,0.29928216,1.7885575e-05,8.3471557e-09
0.30885841,9.6824332e-06,0.0002772676,0.31108902,1.6763111e-05,7.0768315e-09
0.30891233,9.6622183e-06,0.00025427607,0.30946233,1.6777247e-05,8.3230706e-09
0.30896719,9.877232e-06,0.0002402461,0.31397468,1.7219453e-05,9.6209848e-09
0.30902034,1.0075811e-05,0.00022943334,0.32292304,1.7598914e-05,7.7042994e-09
0.3090769,9.8060517e-06,0.00021036549,0.3399214,1.7124775e-05,8.557458e-09
0.30913149,9.5804329e-06,0.00019517555,0.33816405,1.6713777e-05,9.8753918e-09
0.3091864,9.7196693e-06,0.00018956555,0.3410766,1.7003436e-05,8.053286e-09
0.30924172,9.6088817e-06,0.0001802281,0.35414815,1.6832847e-05,8.8870066e-09
0.30929184,9.0828525e-06,0.00016515787,0.37138713,1.586159e-05,9.5871412e-09
0.30934184,8.5817782e-06,0.00015187538,0.38376866,1.4905079e-05,7.1493778e-09
0.30938907,8.0734627e-06,0.00013987948,0.39149611,1.3936735e-05,7.9609623e-09
0.3094343,7.9514864e-06,0.0001351823,0.38845313,1.3680285e-05,9.5123849e-09
0.30947717,8.1685377e-06,0.00013641173,0.38507757,1.4118323e-05,7.3762257e-09
0.30952468,8.5638366e-06,0.00014046851,0.36886353,1.4915359e-05,8.1009144e-09
0.30957473,9.051212e-06,0.00014621706,0.35456512,1.5882197e-05,1.0018326e-08
0.30962802,9.6765941e-06,0.00015454939,0.34461872,1.7082741e-05,7.7973438e-09
0.30968045,9.9290473e-06,0.00015747883,0.33784281,1.7538383e-05,9.2707029e-09
0.30973646,1.0032294e-05,0.00015788081,0.32752707,1.7679995e-05,7.6141378e-09
0.30979327,1.0248301e-05,0.00016006944,0.31774572,1.7990227e-05,9.30376e-09
0.30985085,1.0441968e-05,0.00016221245,0.30875963,1.8226073e-05,8.0065144e-09
0.30990576,1.0704022e-05,0.0001661515,0.30014596,1.8585396e-05,9.4956474e-09
0.30996529,1.1002118e-05,0.00017181624,0.29830825,1.8964011e-05,8.7513763e-09
0.31002519,1.097556e-05,0.00017398398,0.29515535,1.8739863e-05,7.9825298e-09
0.31008374,1.0824742e-05,0.00017482656,0.2582644,1.8407711e-05,8.0729009e-09
0.31014122,1.0690038e-05,0.00017619289,0.16456052,1.8193936e-05,8.5147141e-09
0.3101948,1.073884e-05,0.00018114722,0.023102184,1.8215155e-05,7.1524481e-09
0.31025135,1.0716074e-05,0.00018603409,0.010999517,1.7970707e-05,8.338472e-09
0.31030783,1.0855438e-05,0.00019531328,0.011878734,1.7944932e-05,8.599705e-09
0.31036425,1.0887639e-05,0.0002041593,0.010982581,1.7718618e-05,9.7194018e-09
0.31041752,1.1078284e-05,0.0002170014,0.011267936,1.7766214e-05,7.9238979e-09
0.31047428,1.1116269e-05,0.00022924594,0.012068931,1.754908e-05,7.7628512e-09
0.31053129,1.1317912e-05,0.00024706659,0.011221774,1.7605305e-05,8.1105388e-09
0.31058868,1.1413534e-05,0.00026480051,0.012670968,1.7496579e-05,8.0856812e-09
0.31064295,1.1530137e-05,0.00028434667,0.010796547,1.7441032e-05,7.9827446e-09
0.31070107,1.1711732e-05,0.00030979329,0.011367991,1.7490939e-05,7.075829e-09
0.31075959,1.1756159e-05,0.00033481645,0.012202209,1.7341013e-05,9.8516851e-09
0.31081857,1.1976612e-05,0.00036883437,0.011385169,1.7466622e-05,9.0072365e-09
0.31087457,1.2086173e-05,0.00040125617,0.013307368,1.7465538e-05,9.7135613e-09
0.31093448,1.2151452e-05,0.00043674548,0.011344955,1.741697e-05,9.8673331e-09
0.31099495,1.2387892e-05,0.000478267,0.012212287,1.760723e-05,9.4674525e-09
0.31105595,1.2469327e-05,0.00050876849,0.016427314,1.7599602e-05,8.2443618e-09
0.31111749,1.2696632e-05,0.00053380442,0.23385938,1.7726337e-05,9.0369304e-09
0.31117508,1.2791584e-05,0.00053708248,0.27275831,1.7729273e-05,9.301808e-09
0.31123814,1.3390322e-05,0.00055259485,0.44193798,1.829583e-05,1.0845211e-08
0.3112884,1.1950689e-05,0.00049243606,0.34612046,1.6425104e-05,9.7229787e-09
0.31134742,1.2649125e-05,0.00050347562,0.048851099,1.7716932e-05,9.9856334e-09
0.31140718,1.354639e-05,0.00050592286,0.1077005,1.9027724e-05,7.9709985e-09
0.31147348,1.3846521e-05,0.00049468604,0.13066801,1.9449175e-05,8.74728e-09
0.31153801,1.3251995e-05,0.00045169948,0.16206578,1.8730268e-05,9.4477756e-09
0.31160351,1.38487e-05,0.00044333699,0.17751485,1.9709651e-05,8.395673e-09
0.31166787,1.4503396e-05,0.00044250124,0.24513679,2.0648021e-05,8.5714266e-09
0.3117357,1.4075134e-05,0.00040775354,0.21956325,2.0150734e-05,8.3518589e-09
0.31180384,1.4445572e-05,0.00039170879,0.19835866,2.0813013e-05,9.2661751e-09
0.31187488,1.4604458e-05,0.00037447685,0.21607361,2.1122831e-05,9.5684222e-09
0.31194543,1.4213607e-05,0.00034604193,0.20038724,2.0697279e-05,8.8692079e-09
0.31201221,1.4718512e-05,0.00033936809,0.18309275,2.1570059e-05,8.4969978e-09
0.31208567,1.5245951e-05,0.00033713129,0.21638551,2.2446619e-05,9.9371434e-09
0.31215853,1.4831828e-05,0.00031718411,0.25066426,2.1991167e-05,9.9425731e-09
0.31223206,1.53115e-05,0.00031387569,0.24047571,2.2872457e-05,1.056038e-08
0.3123035,1.5487979e-05,0.00030660181,0.24965905,2.3176773e-05,8.7031237e-09
0.31236802,1.1616157e-05,0.00023194171,0.48852642,1.7123834e-05,9.5395357e-09
0.31242598,1.2536237e-05,0.0002466338,0.44892821,1.8470029e-05,8.1791833e-09
0.31249253,1.4491522e-05,0.00027618211,0.22458879,2.1775339e-05,8.6602083e-09
0.31256428,1.5793581e-05,0.00028248733,0.036980158,2.4144766e-05,7.727849e-09
0.31264518,1.5658138e-05,0.00027226615,0.17235357,2.4023586e-05,1.0141365e-08
0.31272188,1.5234178e-05,0.00025775524,0.13734477,2.3592122e-05,9.7858137e-09
0.31280179,1.6174834e-05,0.00026522844,0.17952367,2.5256744e-05,8.123343e-09
0.31287847,1.5643379e-05,0.00025380704,0.16688433,2.4715749e-05,9.0300757e-09
0.31295862,1.5607972e-05,0.00024749094,0.22992064,2.4773998e-05,9.5950244e-09
0.31304348,1.6541211e-05,0.00025844702,0.32859287,2.640856e-05,8.2859065e-09
