# first initial residual per time step; decimated
t_s,Ux_initial,Uy_initial,p_initial,k_initial,omega_initial
1.199993e-06,1,1,1,0.99999737,3.1709017e-06
8.9298143e-06,3.5690027e-05,0.0032652413,0.26998515,0.0002994312,6.3688184e-06
2.4958435e-05,2.4301687e-05,0.0023073293,0.094246575,0.00021179904,1.372459e-05
4.615248e-05,2.9702851e-05,0.0029444426,0.074367903,0.00017571413,2.1307569e-05
8.6382662e-05,3.7321748e-05,0.0039645885,0.064881427,0.00012267551,2.4577683e-05
0.00013283124,4.0794151e-05,0.00441563,0.054413728,9.0678538e-05,2.3117394e-05
0.00018492262,4.1409113e-05,0.0043982092,0.052801923,7.3807066e-05,2.1525016e-05
0.00024243818,4.1518239e-05,0.0045223056,0.047266434,6.4209051e-05,2.0050334e-05
0.00030465969,4.1814893e-05,0.0049123823,0.039451056,5.8358378e-05,1.9226012e-05
0.00035448672,4.198693e-05,0.0049610945,0.03558459,5.6211214e-05,1.8997657e-05
0.0004253364,4.1980561e-05,0.0049280916,0.038056378,5.399955e-05,1.8612734e-05
0.00049875211,4.0498953e-05,0.0049959173,0.035654046,5.0215478e-05,1.7694764e-05
0.0005734181,3.9074623e-05,0.0048417316,0.030661413,4.677268e-05,1.6703818e-05
0.00064913989,3.7470658e-05,0.0043188298,0.027494493,4.233313e-05,1.5572999e-05
0.00072606149,3.6281317e-05,0.0038690513,0.028624304,3.8594905e-05,1.472249e-05
0.00078462246,3.5650228e-05,0.0036036067,0.024614478,3.610273e-05,1.4163209e-05
0.00086405887,3.4873562e-05,0.0033238849,0.024094813,3.3599479e-05,1.3523371e-05
0.00094527337,3.4238316e-05,0.003171241,0.022902627,3.1978797e-05,1.3076189e-05
0.001028644,3.3733331e-05,0.0031913532,0.022055998,3.1035345e-05,1.2795922e-05
0.0011141628,3.363442e-05,0.0034688786,0.021284797,3.0371717e-05,1.2692751e-05
0.0011798121,3.3708963e-05,0.0038817216,0.021020505,3.0147377e-05,1.2628873e-05
0.0012694712,3.365422e-05,0.0046119326,0.019775408,3.0143793e-05,1.254567e-05
0.0013614964,3.37662e-05,0.0037880883,0.020870587,3.0014318e-05,1.2595386e-05
0.0014559178,3.4170919e-05,0.0026899189,0.020771909,2.9842489e-05,1.2598641e-05
0.001552925,3.4780963e-05,0.0020004376,0.02228254,3.0200482e-05,1.2593227e-05
0.0016526846,3.5326469e-05,0.001579983,0.020777432,3.0867733e-05,1.2324638e-05
0.0017293486,3.5632393e-05,0.0013602808,0.021230312,3.051916e-05,1.2204573e-05
0.0018340264,3.5580136e-05,0.0011446269,0.020862497,2.9476449e-05,1.2169895e-05
0.001941332,3.5194088e-05,0.00099013615,0.021014933,2.8557575e-05,1.2113062e-05
0.0020508123,3.4525224e-05,0.0008752712,0.02036691,2.7857151e-05,1.1964532e-05
0.0021613795,3.372378e-05,0.00078945931,0.021024593,2.7259471e-05,1.1748991e-05
0.0022448874,3.3127589e-05,0.00074058258,0.020005816,2.6998811e-05,1.1603672e-05
0.0023569644,3.2276718e-05,0.00069078534,0.019269578,2.6818985e-05,1.1445175e-05
0.0024697474,3.1557048e-05,0.00066156432,0.019491901,2.6718645e-05,1.1291538e-05
0.0025830528,3.0974285e-05,0.00064612375,0.018879962,2.6337929e-05,1.1120523e-05
0.0026967884,3.0221313e-05,0.00063671311,0.017830616,2.6020168e-05,1.095848e-05
0.0028108201,2.9628354e-05,0.00063730237,0.017535636,2.5583705e-05,1.0749413e-05
0.0028964432,2.9233405e-05,0.00064380086,0.017170255,2.5170711e-05,1.0577058e-05
0.0030107137,2.8615035e-05,0.00065691746,0.016738559,2.4666577e-05,1.0325997e-05
0.0031249842,2.8073889e-05,0.00067859189,0.015395591,2.4275281e-05,1.0096027e-05
0.0032392345,2.7520547e-05,0.00070819764,0.015324047,2.4076934e-05,9.8823454e-06
0.0033533843,2.6993125e-05,0.00074611425,0.014789834,2.3914486e-05,9.6838944e-06
0.0034673328,2.6440373e-05,0.00079006083,0.014958166,2.3594687e-05,9.4461687e-06
0.0035526534,2.5927334e-05,0.0008238868,0.014167895,2.3292728e-05,9.2599361e-06
0.0036634809,2.3867138e-05,0.00082142698,0.013849569,2.1443332e-05,8.5056555e-06
0.0037645261,2.1375188e-05,0.00079333148,0.011600285,1.9099286e-05,7.6117676e-06
0.0038575501,1.9462279e-05,0.00077407644,0.011304469,1.7340289e-05,6.92952e-06
0.0039442722,1.8000685e-05,0.00076415092,0.01017663,1.5992381e-05,6.3886361e-06
0.0040058751,1.704895e-05,0.00075626432,0.0096374269,1.5184704e-05,6.0375034e-06
0.0040841047,1.605861e-05,0.00074833759,0.0091309579,1.4268272e-05,5.6340164e-06
0.0041584982,1.5149779e-05,0.00073675615,0.0085084338,1.3499231e-05,5.2976267e-06
0.0042297273,1.4403551e-05,0.00072515875,0.0082570421,1.285865e-05,5.0191026e-06
0.0042981504,1.3775631e-05,0.00071328259,0.0077575774,1.2289868e-05,4.7738541e-06
0.0043640639,1.3243032e-05,0.00070108482,0.0082751826,1.1812898e-05,4.5640564e-06
0.004412082,1.2873566e-05,0.00069102574,0.0069697381,1.1502832e-05,4.4216413e-06
0.0044744129,1.2437153e-05,0.0006770741,0.0064986193,1.1108557e-05,4.246081e-06
0.0045350174,1.2067548e-05,0.00066443894,0.0069162347,1.0768748e-05,4.0902034e-06
0.0045941756,1.1766861e-05,0.00065320773,0.0066012155,1.0457651e-05,3.9565768e-06
0.0046520759,1.1500638e-05,0.00064303663,0.0056255261,1.017719e-05,3.8326101e-06
0.0046947423,1.1321655e-05,0.00063503089,0.005647648,9.9601973e-06,3.7450316e-06
0.0047506193,1.1104537e-05,0.00062503888,0.0060843014,9.645061e-06,3.6280575e-06
0.0048054499,1.0934748e-05,0.00061679495,0.0051040388,9.3686608e-06,3.5264628e-06
0.0048593694,1.0734809e-05,0.00060768649,0.0057230353,9.1175806e-06,3.4335532e-06
0.0049124471,1.0561613e-05,0.00059845485,0.0047821697,8.8866349e-06,3.3509117e-06
0.0049647869,1.0435117e-05,0.00059213144,0.00523274,8.6792827e-06,3.2771377e-06
0.0050036093,1.0343782e-05,0.00058768228,0.0046739295,8.5410468e-06,3.2278598e-06
0.0050548844,1.0248685e-05,0.00058341611,0.0052935705,8.3791035e-06,3.1723701e-06
0.0051056507,1.018375e-05,0.00057926021,0.0049837622,8.223569e-06,3.1205793e-06
0.0051559258,1.0100505e-05,0.00057366313,0.0044796016,8.0811667e-06,3.0737368e-06
0.0052057827,1.0026539e-05,0.00056891958,0.0052423104,7.9564292e-06,3.0332402e-06
0.0052552278,9.9703312e-06,0.0005649296,0.0040979864,7.8438268e-06,2.9932937e-06
0.0052920671,9.9252698e-06,0.00056158499,0.0042815361,7.7687649e-06,2.9656202e-06
0.0053408694,9.847038e-06,0.00055616243,0.0045956972,7.6710582e-06,2.9284477e-06
0.0053893291,9.8080487e-06,0.00055246304,0.0037707229,7.5949789e-06,2.8955075e-06
0.005437496,9.7629297e-06,0.00054922698,0.0039093645,7.5330212e-06,2.8653331e-06
0.0054854405,9.7411113e-06,0.00054772085,0.0042249326,7.4781461e-06,2.8397473e-06
0.0055212931,9.7443555e-06,0.00054799814,0.0041192299,7.4407156e-06,2.8219081e-06
0.0055689798,9.7397587e-06,0.00054762922,0.0039742521,7.3917246e-06,2.7981237e-06
0.0056165329,9.7110112e-06,0.00054628633,0.0037656083,7.3321815e-06,2.7726183e-06
0.0056639161,9.6713379e-06,0.00054456387,0.0039828725,7.2587916e-06,2.7453421e-06
0.0057111267,9.6414536e-06,0.00054354021,0.0045065621,7.1940176e-06,2.72263e-06
0.0057582825,9.6445447e-06,0.00054468128,0.0039338346,7.1405828e-06,2.704867e-06
0.0057936658,9.6664213e-06,0.00054705472,0.0037758606,7.1090726e-06,2.6960615e-06
0.0058409207,9.6917359e-06,0.00055034341,0.0039013373,7.0699389e-06,2.6844689e-06
0.0058883084,9.7245608e-06,0.00055471935,0.0038452524,7.0459535e-06,2.6726469e-06
0.0059358487,9.7499861e-06,0.0005592346,0.0040314913,7.0240138e-06,2.6616118e-06
0.0059835728,9.8054392e-06,0.00056630153,0.0036809744,7.0080595e-06,2.652246e-06
0.0060194935,9.8403029e-06,0.00057124581,0.0034952408,6.9962498e-06,2.6448108e-06
0.0060675211,9.8662057e-06,0.00057715909,0.0042467899,6.969497e-06,2.6334446e-06
0.0061156907,9.9003648e-06,0.00058411847,0.0038388541,6.9282504e-06,2.6206471e-06
0.006163984,9.9340262e-06,0.00059223299,0.0040134822,6.888681e-06,2.6092141e-06
0.0062124602,9.9829213e-06,0.00060152188,0.0040857711,6.8643963e-06,2.6039327e-06
0.006261224,1.0058758e-05,0.00061408205,0.0038763466,6.8559144e-06,2.6027484e-06
0.0062980321,1.011855e-05,0.000623873,0.0040711181,6.8541309e-06,2.6033507e-06
0.0063474675,1.0210131e-05,0.00063835147,0.003995922,6.8706134e-06,2.6087801e-06
0.006397373,1.0321193e-05,0.00065579708,0.0046696167,6.8927784e-06,2.6172976e-06
0.0064478264,1.0440714e-05,0.00067495956,0.0037968479,6.9219404e-06,2.6280684e-06
0.0064989413,1.0595463e-05,0.00069804726,0.0041912371,6.9669916e-06,2.6445187e-06
0.0065508623,1.0756484e-05,0.00072288356,0.0039913383,7.0311019e-06,2.6689561e-06
0.0065903784,1.091182e-05,0.00074516254,0.0041035006,7.0878238e-06,2.6899071e-06
0.0066439216,1.1135782e-05,0.00077715783,0.0043197416,7.1819338e-06,2.7245062e-06
0.0066986149,1.1390152e-05,0.00081369617,0.0048038947,7.3080835e-06,2.7723779e-06
0.006754792,1.1734325e-05,0.00085931674,0.0048593304,7.4966261e-06,2.8398918e-06
0.0068127872,1.2138975e-05,0.00091275432,0.0050348595,7.7332151e-06,2.9256001e-06
0.006857785,1.2516319e-05,0.00096095598,0.0054951418,7.9588077e-06,3.0088837e-06
0.0069201975,1.3112484e-05,0.0010353431,0.0050573737,8.3288942e-06,3.1467282e-06
0.0069860177,1.3910511e-05,0.0011313665,0.0065261083,8.8211251e-06,3.3336037e-06
0.007056356,1.4924417e-05,0.0012519758,0.0067961483,9.5009284e-06,3.5861586e-06
0.0071324774,1.6220409e-05,0.0014038346,0.0072330544,1.0383111e-05,3.9155206e-06
0.0072162571,1.7964755e-05,0.001603863,0.0077628888,1.1553462e-05,4.362598e-06
0.0072854432,1.957974e-05,0.0017870935,0.0081508795,1.2647111e-05,4.7801026e-06
0.0073877532,2.2014628e-05,0.0020654613,0.0096364896,1.4368397e-05,5.4330986e-06
0.0074953693,2.2286243e-05,0.0021320326,0.0086069397,1.4691935e-05,5.5321182e-06
0.0076039932,2.2531581e-05,0.0021800377,0.0094949252,1.5062404e-05,5.6383711e-06
0.0077137094,2.2766876e-05,0.0022084435,0.010007685,1.5448256e-05,5.7466442e-06
0.0078245861,2.3041862e-05,0.0022147835,0.010048111,1.5918198e-05,5.8710912e-06
0.0079085639,2.3234849e-05,0.0022063165,0.0094132127,1.6316969e-05,5.9748537e-06
0.0080217138,2.3559398e-05,0.0021938357,0.010531643,1.6859934e-05,6.1305014e-06
0.0081361538,2.3753452e-05,0.0021600751,0.010911983,1.7356714e-05,6.2612409e-06
0.0082479498,2.2703511e-05,0.0020088781,0.010619704,1.6878909e-05,6.0478624e-06
0.0083526053,2.1304369e-05,0.0018345822,0.010102151,1.609658e-05,5.7247502e-06
0.0084270435,2.0478772e-05,0.0017274072,0.0090302328,1.5645682e-05,5.5346723e-06
0.0085222116,1.968125e-05,0.0016175627,0.0096805903,1.5241764e-05,5.3568227e-06
0.0086141893,1.9186611e-05,0.0015422538,0.0094644033,1.5049794e-05,5.2569457e-06
0.0087045373,1.9070163e-05,0.0015033201,0.0088278234,1.5089192e-05,5.2415e-06
0.0087946531,1.9228073e-05,0.0014893903,0.0080661564,1.5358576e-05,5.313204e-06
0.0088859643,1.9711781e-05,0.0015060768,0.0086882407,1.5849457e-05,5.4965076e-06
0.0089561768,2.0333071e-05,0.0015416877,0.0092647749,1.6374842e-05,5.7107856e-06
0.0090534677,2.1474736e-05,0.0016184548,0.0090333307,1.7298993e-05,6.1034462e-06
0.0091564918,2.3018125e-05,0.0017288569,0.010068349,1.8482289e-05,6.5978432e-06
0.0092664112,2.4844531e-05,0.001860485,0.011010348,1.973027e-05,7.1343342e-06
0.0093831521,2.6526694e-05,0.00197256,0.011932609,2.0812998e-05,7.6105339e-06
0.0094679388,2.4974979e-05,0.0018393602,0.012179326,1.9333107e-05,7.0926884e-06
0.0095735696,2.3674585e-05,0.0017155719,0.010506473,1.8076712e-05,6.6117285e-06
0.009673909,2.301728e-05,0.0016408768,0.0095541256,1.7404499e-05,6.3330419e-06
0.0097711975,2.2759931e-05,0.0016038298,0.0095036998,1.7157039e-05,6.1572184e-06
0.0098667735,2.2716091e-05,0.0015871964,0.009076915,1.7252043e-05,6.0554746e-06
0.0099611511,2.2727462e-05,0.0015837263,0.0091682455,1.7533143e-05,6.007064e-06
0.010031233,2.2735202e-05,0.0015848727,0.0087192586,1.7808064e-05,5.9831756e-06
0.010123467,2.2672955e-05,0.0015853218,0.0092570609,1.8073447e-05,5.9434587e-06
0.010214055,2.2540589e-05,0.0015801863,0.0087993775,1.8280532e-05,5.9047168e-06
0.010303036,2.2462341e-05,0.0015774882,0.0088488055,1.8532087e-05,5.8751246e-06
0.010390618,2.2421693e-05,0.0015734746,0.0090887045,1.8742558e-05,5.8517035e-06
0.010477093,2.2461377e-05,0.0015718862,0.0088538016,1.8954011e-05,5.8423759e-06
0.010541475,2.2535517e-05,0.0015731106,0.0084519002,1.9151287e-05,5.8538146e-06
0.010627018,2.2742822e-05,0.0015774084,0.0088453643,1.9390579e-05,5.8979052e-06
0.010712506,2.2988921e-05,0.0015836051,0.0092134959,1.9674769e-05,5.980592e-06
0.010798118,2.3282667e-05,0.0015893642,0.0097372216,1.9991921e-05,6.0831981e-06
0.010883953,2.3569154e-05,0.0015889823,0.0099743885,2.0318012e-05,6.1943011e-06
0.01094852,2.3819927e-05,0.0015884415,0.01040674,2.0645283e-05,6.2908708e-06
0.011034906,2.4168633e-05,0.0015853048,0.010100058,2.1024637e-05,6.4203852e-06
0.011121896,2.460947e-05,0.0015856651,0.010683273,2.1516237e-05,6.571618e-06
0.011209883,2.5169264e-05,0.0015917626,0.011496288,2.2063408e-05,6.7559143e-06
0.011299338,2.5776209e-05,0.001598202,0.01146072,2.2664378e-05,6.9579528e-06
0.01139009,2.6330554e-05,0.0016030155,0.011252489,2.3150406e-05,7.1388255e-06
0.011459134,2.6787301e-05,0.0016095254,0.011257629,2.3478034e-05,7.2852875e-06
0.011552644,2.7397463e-05,0.0016260437,0.01165155,2.3949377e-05,7.5031788e-06
0.011648078,2.8079957e-05,0.0016578058,0.011569128,2.4436294e-05,7.725462e-06
0.011745502,2.8693614e-05,0.0017047687,0.012625636,2.483237e-05,7.9111288e-06
0.0118447,2.9276858e-05,0.0017745102,0.0125595,2.5221817e-05,8.0825872e-06
0.011920282,2.9717724e-05,0.001846351,0.012903965,2.5494623e-05,8.2049962e-06
0.012022646,3.0343794e-05,0.0019690692,0.012936079,2.5945881e-05,8.3573265e-06
0.012127207,3.1167393e-05,0.0021323137,0.012544462,2.6498499e-05,8.5662434e-06
0.012234795,3.2257767e-05,0.0023405745,0.013023789,2.7255013e-05,8.8669981e-06
0.012346665,3.3857858e-05,0.0025820351,0.014537562,2.8285752e-05,9.3384617e-06
0.012464379,3.557981e-05,0.0027215031,0.015120221,2.9322867e-05,9.851549e-06
0.012553847,3.5719116e-05,0.0026206314,0.015405745,2.9084167e-05,9.9429351e-06
0.012673137,3.5872365e-05,0.0024254815,0.016108807,2.8637996e-05,1.0062462e-05
0.012792541,3.6085281e-05,0.0022215708,0.01501508,2.8262599e-05,1.0179594e-05
0.012911888,3.6288787e-05,0.0020210945,0.015297527,2.7861e-05,1.0268966e-05
0.013031119,3.6481888e-05,0.0018286991,0.015079734,2.7576619e-05,1.0343039e-05
0.013149919,3.6468326e-05,0.0016450758,0.014163926,2.7226106e-05,1.0343248e-05
0.013238014,3.6240782e-05,0.0015224356,0.013866524,2.6948351e-05,1.0306462e-05
0.013354409,3.5986657e-05,0.0013925544,0.014598463,2.6687513e-05,1.0267875e-05
0.013470057,3.5869262e-05,0.0012989586,0.015175042,2.6609181e-05,1.0252685e-05
0.013585595,3.5927864e-05,0.0012367905,0.013873899,2.671447e-05,1.0306145e-05
0.013701943,3.6255973e-05,0.0012013932,0.014266245,2.6903965e-05,1.0464975e-05
0.013789399,3.6061666e-05,0.0011697105,0.013822193,2.6766972e-05,1.0416178e-05
0.013905518,3.5797497e-05,0.0011359924,0.014081562,2.6513988e-05,1.0368771e-05
0.014021047,3.5481796e-05,0.0011095447,0.013094413,2.6244336e-05,1.0327862e-05
0.014135962,3.5108747e-05,0.0010870447,0.01369556,2.5960133e-05,1.029028e-05
0.014250267,3.473269e-05,0.0010697344,0.013448331,2.5691827e-05,1.029256e-05
0.014363912,3.4329969e-05,0.0010556715,0.01268856,2.5416799e-05,1.0299649e-05
0.014448701,3.407046e-05,0.0010487931,0.013168755,2.5263148e-05,1.0326142e-05
0.014561121,3.3684233e-05,0.0010408083,0.012931391,2.5028129e-05,1.0330643e-05
0.014672788,3.33295e-05,0.0010366756,0.013590886,2.4837571e-05,1.0334142e-05
0.014783657,3.294666e-05,0.0010334692,0.013688024,2.4620146e-05,1.0334645e-05
0.014893684,3.2582376e-05,0.0010309672,0.013537659,2.4417297e-05,1.0309001e-05
0.014975605,3.2302542e-05,0.001028413,0.013787243,2.4278339e-05,1.0252713e-05
0.015084078,3.1990781e-05,0.0010256989,0.013408371,2.4123815e-05,1.0187604e-05
0.015191636,3.1680323e-05,0.0010225151,0.013419311,2.3948692e-05,1.0079833e-05
0.015298289,3.137363e-05,0.001019009,0.012676221,2.3761858e-05,9.9441216e-06
0.015404051,3.1081936e-05,0.0010148245,0.013497267,2.3572299e-05,9.812186e-06
0.01550898,3.0796205e-05,0.0010084911,0.012756852,2.3363981e-05,9.6739977e-06
0.015587133,3.0614676e-05,0.0010035854,0.012373757,2.3237302e-05,9.5681598e-06
0.015690666,3.0353858e-05,0.00099488013,0.012241914,2.3001217e-05,9.4373291e-06
0.015789923,2.8515144e-05,0.00093199152,0.011754196,2.1551357e-05,8.7990719e-06
0.015883509,2.6907174e-05,0.00087678878,0.010793472,2.0273354e-05,8.2405463e-06
0.015971987,2.54536e-05,0.00082578235,0.010293841,1.9122614e-05,7.7409664e-06
0.016056136,2.4306833e-05,0.00078561396,0.0092911439,1.8195581e-05,7.3382873e-06
0.016116957,2.3568134e-05,0.00075984493,0.0093857257,1.7591322e-05,7.077838e-06
0.01619553,2.2779102e-05,0.00073231588,0.0086727206,1.6949007e-05,6.8058818e-06
0.016271374,2.1936376e-05,0.00070346754,0.008559652,1.6271304e-05,6.5167716e-06
0.016344301,2.1093897e-05,0.00067502919,0.0080432451,1.5588618e-05,6.2193161e-06
0.016414774,2.0453765e-05,0.00065410497,0.0072650577,1.5063837e-05,5.9972208e-06
0.016466337,2.0018631e-05,0.00063992204,0.0070965416,1.4706033e-05,5.8470465e-06
0.016533393,1.9431085e-05,0.00062166822,0.0069005904,1.4236218e-05,5.6460164e-06
0.016598504,1.8877564e-05,0.00060480625,0.0065064252,1.3787218e-05,5.4535813e-06
0.016661912,1.8405272e-05,0.00059117066,0.0060388222,1.3402214e-05,5.2949328e-06
0.016724028,1.8056219e-05,0.00058227471,0.0062639656,1.3118734e-05,5.1794081e-06
0.016785118,1.7753857e-05,0.00057450206,0.0055197522,1.2843188e-05,5.0698423e-06
0.016830166,1.7503438e-05,0.00056856383,0.0056285458,1.2635268e-05,4.9795547e-06
0.016889506,1.7268074e-05,0.00056472463,0.0052350231,1.2440664e-05,4.8954035e-06
0.016948253,1.7098556e-05,0.00056300081,0.0050795842,1.2276042e-05,4.8275668e-06
0.017006498,1.694397e-05,0.00056218309,0.005131086,1.2132128e-05,4.7628945e-06
0.017063977,1.6666003e-05,0.00055759098,0.0048977581,1.189857e-05,4.6613756e-06
0.017120602,1.6429197e-05,0.00055492967,0.0047808471,1.1698301e-05,4.57585e-06
0.017162668,1.6309133e-05,0.00055499175,0.0044862264,1.159468e-05,4.5288952e-06
0.017218403,1.6201727e-05,0.00055707575,0.0045594328,1.1495802e-05,4.4801302e-06
0.017273962,1.6166914e-05,0.00056195358,0.0046035989,1.1442013e-05,4.4534817e-06
0.017329757,1.6279061e-05,0.00057260385,0.0044511186,1.1503821e-05,4.4685729e-06
0.017386222,1.6486424e-05,0.0005870333,0.0044945498,1.1627913e-05,4.507518e-06
0.01742915,1.668984e-05,0.0006000171,0.0047779049,1.1755497e-05,4.5505819e-06
0.01748747,1.7089131e-05,0.00062257207,0.0048771293,1.2020522e-05,4.6386666e-06
0.017547656,1.766795e-05,0.00065294999,0.004684052,1.2419558e-05,4.7829957e-06
0.017610262,1.8399249e-05,0.00068989555,0.0053748632,1.2915954e-05,4.9681079e-06
0.017675628,1.9206699e-05,0.00073129482,0.0051959993,1.3475561e-05,5.1697752e-06
0.017744234,2.0198093e-05,0.00078101395,0.0055839961,1.4153684e-05,5.4255988e-06
0.01779828,2.1085722e-05,0.00082504616,0.0060881785,1.4767639e-05,5.6519405e-06
0.017874505,2.249268e-05,0.00089395287,0.0066030014,1.5730617e-05,6.0094198e-06
0.017955817,2.3938028e-05,0.00096723283,0.007483383,1.6740089e-05,6.3857735e-06
0.01804269,2.5545055e-05,0.0010474585,0.0077169072,1.784e-05,6.8023738e-06
0.018134576,2.6831501e-05,0.0011153614,0.0078817013,1.8707152e-05,7.1291325e-06
0.018205904,2.7507888e-05,0.0011531774,0.0085466306,1.9158142e-05,7.2990316e-06
0.018302611,2.7826692e-05,0.0011775128,0.0089063731,1.9380438e-05,7.3941485e-06
0.018399708,2.7760811e-05,0.001180635,0.0090382116,1.9315861e-05,7.3825176e-06
0.018495342,2.7231638e-05,0.0011595894,0.0088228681,1.891957e-05,7.2390937e-06
0.018588532,2.6468571e-05,0.0011241192,0.0093602955,1.836421e-05,7.0352134e-06
0.01867806,2.5313841e-05,0.0010681558,0.0089295724,1.755605e-05,6.7254531e-06
0.018742659,2.4587715e-05,0.0010303736,0.0085315472,1.7030977e-05,6.5279872e-06
0.018826398,2.3930205e-05,0.00099081709,0.0072625433,1.6572273e-05,6.3447844e-06
0.018908244,2.3477634e-05,0.00095836995,0.0070732971,1.6257399e-05,6.2152284e-06
0.018988536,2.3093153e-05,0.00092673788,0.0075331091,1.5991003e-05,6.1018161e-06
0.019067421,2.2746369e-05,0.00089555502,0.0070106969,1.5760695e-05,6.0051471e-06
0.019145171,2.2502112e-05,0.00086732216,0.0068956466,1.5594551e-05,5.9262337e-06
0.01920285,2.2350545e-05,0.00084710339,0.0070140595,1.5502777e-05,5.8765738e-06
0.019279018,2.215312e-05,0.00081966445,0.0071079982,1.5389668e-05,5.8119508e-06
0.019354468,2.2037649e-05,0.00079486597,0.0069657635,1.5314185e-05,5.763724e-06
0.019429324,2.1930324e-05,0.00077051123,0.0070924299,1.5245028e-05,5.7207184e-06
0.019503722,2.1885352e-05,0.00074825107,0.0070542981,1.523052e-05,5.6952151e-06
0.019559271,2.1863846e-05,0.00073215214,0.0065318687,1.5214248e-05,5.6769305e-06
0.01963306,2.1873986e-05,0.000711817,0.006659629,1.5219851e-05,5.662027e-06
0.019706568,2.1880517e-05,0.00069165039,0.0070708804,1.5218961e-05,5.6508927e-06
0.019779879,2.1918721e-05,0.00067296575,0.0071378093,1.5254396e-05,5.6503479e-06
0.019853079,2.2012391e-05,0.00065580489,0.00704996,1.5312525e-05,5.658271e-06
0.019926264,2.2142179e-05,0.00064006549,0.0067530804,1.5397429e-05,5.6742618e-06
0.01998121,2.2264683e-05,0.00062929943,0.0072433454,1.5482327e-05,5.6965701e-06
0.020054735,2.2515186e-05,0.00061747314,0.0075523698,1.5645041e-05,5.751163e-06
0.020128807,2.2838318e-05,0.00060745358,0.0076034235,1.5864155e-05,5.8221595e-06
0.020203776,2.3315638e-05,0.00060130043,0.0082784409,1.6182623e-05,5.9324953e-06
0.020279958,2.3863713e-05,0.00059671591,0.0080872008,1.6557884e-05,6.0621647e-06
0.020338097,2.4373658e-05,0.00059541136,0.0084052238,1.6912192e-05,6.1842556e-06
0.020417325,2.5167113e-05,0.00059587452,0.0088582313,1.7473531e-05,6.383421e-06
0.020499126,2.6276148e-05,0.00060222848,0.0090669881,1.8226963e-05,6.6613407e-06
0.020584362,2.7663041e-05,0.00061331731,0.009165047,1.9186592e-05,7.025266e-06
0.020674171,2.9499834e-05,0.00063182046,0.0098657058,2.0458535e-05,7.5082758e-06
0.020770442,3.2119739e-05,0.00066386711,0.010855751,2.2289662e-05,8.2065862e-06
0.020848395,3.4655901e-05,0.00069670131,0.01123969,2.4079125e-05,8.8961851e-06
0.020963046,3.9496753e-05,0.00076279128,0.012873982,2.7491543e-05,1.0190094e-05
0.021083682,3.8971861e-05,0.00072168306,0.014234467,2.7182953e-05,1.0072165e-05
0.021196366,3.6911215e-05,0.00065906944,0.012426814,2.5796255e-05,9.5292776e-06
0.021302728,3.5422164e-05,0.00061383186,0.012162537,2.4833847e-05,9.1291398e-06
0.021404789,3.4590922e-05,0.00058496036,0.011846218,2.4347096e-05,8.8766825e-06
0.021479214,3.4130446e-05,0.000568422,0.011419475,2.4096546e-05,8.7224936e-06
0.021576354,3.3812179e-05,0.00055323578,0.012200018,2.3936854e-05,8.5871656e-06
0.021671615,3.3621783e-05,0.00054208614,0.011838469,2.3860605e-05,8.5059823e-06
0.02176526,3.3426999e-05,0.00053245252,0.012587906,2.3803157e-05,8.4301919e-06
0.021857457,3.3176958e-05,0.00052396778,0.010615748,2.3700872e-05,8.3538153e-06
0.021925092,3.2789502e-05,0.0005154234,0.01080236,2.3460441e-05,8.2487617e-06
0.022013603,3.2481319e-05,0.00050852194,0.011064408,2.3286902e-05,8.1577482e-06
0.022100694,3.2322218e-05,0.00050543572,0.010875751,2.322183e-05,8.1120066e-06
0.022186874,3.2334365e-05,0.00050618322,0.010634524,2.3307547e-05,8.1072325e-06
0.022272583,3.2464846e-05,0.00050966016,0.010818109,2.347402e-05,8.1272169e-06
0.02235825,3.2751938e-05,0.00051624989,0.010772327,2.3725983e-05,8.1872787e-06
0.022422678,3.3018286e-05,0.00052251315,0.010279086,2.3987191e-05,8.2504034e-06
0.02250917,3.3586758e-05,0.0005339748,0.010413406,2.4445896e-05,8.3855959e-06
0.02259687,3.4333691e-05,0.00054896571,0.010425199,2.509741e-05,8.596937e-06
0.022686405,3.5336307e-05,0.00056750782,0.010435412,2.5899667e-05,8.8881672e-06
0.022778358,3.6377162e-05,0.00058641729,0.011349195,2.6764699e-05,9.2178363e-06
0.02284818,3.6811137e-05,0.00059397052,0.011751004,2.7128891e-05,9.3892056e-06
0.022942194,3.7483763e-05,0.00060454937,0.012487288,2.7735174e-05,9.6501193e-06
0.0230375,3.8236737e-05,0.00061505478,0.012396202,2.8371467e-05,9.9451253e-06
0.023134139,3.8880323e-05,0.00062252186,0.012593562,2.895778e-05,1.0213923e-05
0.02323178,3.9502103e-05,0.00062819277,0.013329938,2.9518145e-05,1.047283e-05
0.023330418,4.0153581e-05,0.00063310693,0.01449025,3.0105279e-05,1.0743367e-05
0.023405117,4.0678347e-05,0.00063710457,0.014610334,3.0608406e-05,1.0994721e-05
0.023505766,4.154896e-05,0.0006445189,0.015265081,3.1384481e-05,1.1350451e-05
0.023608101,4.2521874e-05,0.00065417813,0.016078274,3.2233675e-05,1.1709318e-05
0.023710076,4.2173704e-05,0.00064656279,0.017614402,3.2058394e-05,1.1653175e-05
0.023810644,4.1736997e-05,0.00064298718,0.017330564,3.1785134e-05,1.1536522e-05
0.023909959,4.1265192e-05,0.00064551319,0.018368321,3.1482592e-05,1.1417924e-05
0.023983677,4.0915575e-05,0.00065230403,0.016802582,3.1245373e-05,1.1347943e-05
0.024081039,4.0434395e-05,0.00066613707,0.015612007,3.098741e-05,1.128255e-05
0.024177446,3.9927293e-05,0.00068342258,0.015946656,3.0699417e-05,1.1230175e-05
0.024272913,3.9384333e-05,0.00070217712,0.01501909,3.0328958e-05,1.1128875e-05
0.024367453,3.8905531e-05,0.00072294265,0.014592605,2.9911008e-05,1.1018289e-05
0.02443773,3.8522879e-05,0.00073869513,0.014389165,2.9509805e-05,1.0895755e-05
0.024530568,3.8123341e-05,0.00076181127,0.014096739,2.9052425e-05,1.0745233e-05
0.024622436,3.7718999e-05,0.00078481673,0.014436476,2.8600662e-05,1.0603929e-05
0.024713268,3.7365252e-05,0.00080769595,0.013743999,2.8150962e-05,1.0465832e-05
0.024803055,3.6989427e-05,0.00083019298,0.01384974,2.7726368e-05,1.0344372e-05
0.024891817,3.6743352e-05,0.00085590546,0.013478971,2.735986e-05,1.0234468e-05
0.024957748,3.6574508e-05,0.00087648182,0.013071816,2.7111407e-05,1.0153323e-05
0.025044816,3.6280709e-05,0.00090546318,0.01330531,2.6760094e-05,1.0035006e-05
0.025130908,3.6050125e-05,0.00093987072,0.01297178,2.6472022e-05,9.9097473e-06
0.02521604,3.5822238e-05,0.00098105881,0.013014398,2.6235242e-05,9.7937065e-06
0.025300229,3.5546277e-05,0.001029093,0.013285507,2.595123e-05,9.6697197e-06
0.025362764,3.5359932e-05,0.0010724466,0.012622637,2.5782555e-05,9.5892097e-06
0.025445372,3.5050634e-05,0.0011399433,0.012896944,2.5529552e-05,9.4679645e-06
0.025527127,3.4809539e-05,0.0012253967,0.011925846,2.5268313e-05,9.3433064e-06
0.025608042,3.454593e-05,0.0013283704,0.01162825,2.5002384e-05,9.2088338e-06
0.025688153,3.4267968e-05,0.0014525132,0.011650585,2.4744821e-05,9.0760167e-06
0.025767472,3.4019392e-05,0.0015985627,0.010930638,2.4458363e-05,8.9378252e-06
0.025826489,3.3838213e-05,0.0017214927,0.011313469,2.4270652e-05,8.8458234e-06
0.025904579,3.3595631e-05,0.0019040104,0.01098769,2.4019757e-05,8.7274956e-06
0.025981992,3.3348927e-05,0.0020861727,0.010451738,2.3769056e-05,8.6039331e-06
0.026058735,3.3091124e-05,0.0021800664,0.010380798,2.3523364e-05,8.4806379e-06
0.026134819,3.2842555e-05,0.0020405097,0.010134391,2.3274716e-05,8.363872e-06
0.026210332,3.2629322e-05,0.0018208177,0.0096676152,2.3034921e-05,8.2569454e-06
0.026266603,3.244933e-05,0.0016642345,0.010301165,2.2858114e-05,8.1765496e-06
0.026341171,3.2269823e-05,0.0014803724,0.0099660462,2.2639288e-05,8.0793454e-06
0.026415243,3.2050112e-05,0.001321503,0.0095175455,2.2417433e-05,7.986192e-06
0.026488863,3.1844426e-05,0.0011885536,0.0091622689,2.2192373e-05,7.8880342e-06
0.026562073,3.1662749e-05,0.0010780783,0.0090528873,2.1986386e-05,7.7945902e-06
0.026616747,3.1557427e-05,0.0010076597,0.0089654323,2.185106e-05,7.7334729e-06
0.0266893,3.1360985e-05,0.00092422077,0.0088722373,2.1630974e-05,7.6419721e-06
0.026759665,2.9741034e-05,0.0008141014,0.0087134301,2.0429657e-05,7.1983766e-06
0.026825785,2.7959014e-05,0.00071664426,0.0094303124,1.9120031e-05,6.7220585e-06
0.026887706,2.6101168e-05,0.00063132663,0.0084072273,1.7799393e-05,6.2460189e-06
0.026945933,2.4653696e-05,0.00056592897,0.0076368404,1.6756535e-05,5.8727027e-06
0.026987722,2.376994e-05,0.00052638775,0.0079158033,1.6121714e-05,5.6471643e-06
0.027041139,2.2672771e-05,0.00048011491,0.0073677873,1.5321734e-05,5.3641581e-06
0.027092246,2.1743117e-05,0.00044189754,0.0067020334,1.4649001e-05,5.1295218e-06
0.0271415,2.0976876e-05,0.00041041382,0.0071177231,1.4101092e-05,4.9414934e-06
0.02718918,2.0320917e-05,0.00038364328,0.0067242898,1.3634135e-05,4.7813172e-06
0.02723559,1.9807393e-05,0.00036161816,0.0062906757,1.3268652e-05,4.6601896e-06
0.027269723,1.9478174e-05,0.00034716518,0.0057358598,1.3032064e-05,4.5849878e-06
0.027314381,1.9027739e-05,0.00032890448,0.0059033604,1.2709044e-05,4.4784781e-06
0.027357988,1.8562406e-05,0.00031162992,0.0061086642,1.2377745e-05,4.3678563e-06
0.027400651,1.8171627e-05,0.00029673498,0.0057558283,1.2099986e-05,4.2773901e-06
0.027442615,1.7900577e-05,0.00028465617,0.0053103439,1.1901774e-05,4.2142981e-06
0.027473733,1.7717832e-05,0.00027646031,0.0050552275,1.1768373e-05,4.1724967e-06
0.027514895,1.7582501e-05,0.00026773296,0.0047811989,1.1669228e-05,4.1430723e-06
0.02755607,1.7638171e-05,0.00026214536,0.0047820659,1.1687032e-05,4.1564802e-06
0.027597555,1.7785198e-05,0.00025819882,0.0053757375,1.1775983e-05,4.1960733e-06
0.02763954,1.8008428e-05,0.00025553479,0.0059758204,1.1911642e-05,4.2534646e-06
0.02768237,1.8410909e-05,0.00025539431,0.006151107,1.2162256e-05,4.3535152e-06
0.027715248,1.8794295e-05,0.00025642205,0.0059938204,1.241107e-05,4.4506735e-06
0.027760457,1.9496465e-05,0.0002600472,0.0064431705,1.2860348e-05,4.6245759e-06
0.027807672,2.0407625e-05,0.00026607843,0.0069031509,1.3447115e-05,4.8530137e-06
0.027857481,2.1562983e-05,0.00027485604,0.0069284351,1.419432e-05,5.1411592e-06
0.027910211,2.276636e-05,0.00028354502,0.0066994543,1.4969497e-05,5.4426264e-06
0.027951604,2.3594074e-05,0.00028871111,0.007031728,1.5504207e-05,5.6522511e-06
0.028009175,2.4695335e-05,0.00029498064,0.0071857684,1.6201354e-05,5.9324538e-06
0.028069387,2.5743891e-05,0.00030026138,0.008287043,1.6866327e-05,6.1960514e-06
0.028131953,2.659242e-05,0.00030296447,0.0086484269,1.7405332e-05,6.4069544e-06
0.028196503,2.7246223e-05,0.00030331315,0.0085895565,1.7814941e-05,6.5694339e-06
0.028262019,2.7439269e-05,0.00029869683,0.0084263703,1.7921078e-05,6.6218764e-06
0.028311285,2.7389258e-05,0.00029335722,0.0088574492,1.7873442e-05,6.6125882e-06
0.028376748,2.7178472e-05,0.00028507406,0.0086997787,1.7723037e-05,6.5658348e-06
0.028441743,2.6881961e-05,0.00027650817,0.0092714007,1.750676e-05,6.5033646e-06
0.028506106,2.6524769e-05,0.00026796707,0.0082264591,1.7266362e-05,6.4236312e-06
0.028569814,2.6183851e-05,0.00026002728,0.0078641094,1.702691e-05,6.346495e-06
0.0286326,2.568817e-05,0.00025108092,0.0081588898,1.6690862e-05,6.2415207e-06
0.028679062,2.5388685e-05,0.00024531679,0.0078630488,1.6479636e-05,6.1799855e-06
0.028740459,2.5088339e-05,0.00023906804,0.0082764374,1.6288329e-05,6.1278873e-06
0.028801419,2.486642e-05,0.00023389028,0.007884842,1.6147673e-05,6.0959168e-06
0.028862086,2.4695018e-05,0.00022955332,0.007485872,1.6036695e-05,6.0647924e-06
0.028922506,2.4534791e-05,0.00022558132,0.0075655112,1.5936772e-05,6.0221942e-06
0.028967706,2.443708e-05,0.00022299817,0.0071563012,1.5876274e-05,5.9923777e-06
0.029027758,2.4281293e-05,0.00021948495,0.0071292199,1.5775846e-05,5.9406805e-06
0.029087613,2.4147186e-05,0.00021647808,0.0070477802,1.5697045e-05,5.8940668e-06
0.029147178,2.3969002e-05,0.00021332298,0.0072133416,1.5592036e-05,5.8354317e-06
0.029206501,2.3830253e-05,0.00021069073,0.0073957583,1.5506789e-05,5.7866165e-06
0.029265628,2.3724481e-05,0.00020849528,0.0074912491,1.5437872e-05,5.7474911e-06
0.029309827,2.3629789e-05,0.00020685434,0.0078238115,1.537327e-05,5.7156488e-06
0.029368639,2.3557371e-05,0.00020538013,0.0075970819,1.5324005e-05,5.6850965e-06
0.029427331,2.351587e-05,0.00020429093,0.0076187132,1.5291118e-05,5.6631523e-06
0.029486174,2.3603265e-05,0.00020450385,0.008527083,1.5341455e-05,5.6661276e-06
0.029545384,2.3793011e-05,0.00020580548,0.0087243996,1.5456977e-05,5.6890625e-06
0.029590251,2.4049556e-05,0.0002078424,0.0083220098,1.5617735e-05,5.730264e-06
0.029650919,2.4472676e-05,0.00021138184,0.008687841,1.5880278e-05,5.8050096e-06
0.029712975,2.5109365e-05,0.00021701002,0.010036522,1.6278677e-05,5.9205129e-06
0.029776759,2.5861039e-05,0.00022398885,0.010525033,1.6755858e-05,6.0594875e-06
0.029842748,2.6842851e-05,0.00023311502,0.011891283,1.7354233e-05,6.2475364e-06
0.029911343,2.7939222e-05,0.00024357398,0.013312515,1.8023265e-05,6.4604626e-06
0.029964543,2.8740886e-05,0.00025156963,0.013138708,1.8521705e-05,6.6088766e-06
0.030037722,2.9721175e-05,0.00026177067,0.012982648,1.9130351e-05,6.7768819e-06
0.030112956,3.0529644e-05,0.0002708536,0.013449679,1.9617558e-05,6.8956052e-06
0.030190078,3.1327426e-05,0.00028046333,0.012577969,2.0110434e-05,7.0272361e-06
0.030269608,3.2410541e-05,0.0002933246,0.013111366,2.0806758e-05,7.2306286e-06
0.030352247,3.3695231e-05,0.00030896982,0.016084349,2.1638255e-05,7.4505907e-06
0.03041577,3.4241158e-05,0.00031766758,0.01358222,2.2012015e-05,7.5137135e-06
0.030501546,3.4768333e-05,0.00032814306,0.011960283,2.2373983e-05,7.5709794e-06
0.030588916,3.5537819e-05,0.000341932,0.011801332,2.291358e-05,7.699842e-06
0.030678208,3.6043546e-05,0.00035427076,0.012414392,2.3301124e-05,7.8093449e-06
0.030766556,3.5429974e-05,0.00035612326,0.011909174,2.2945924e-05,7.6901553e-06
0.030831718,3.4997876e-05,0.00035791487,0.01168194,2.2701513e-05,7.6149745e-06
0.030917364,3.4480227e-05,0.00036114268,0.011335793,2.2422215e-05,7.5231587e-06
0.031001742,3.4039203e-05,0.00036536326,0.010742863,2.2186514e-05,7.4495589e-06
0.031084916,3.3678198e-05,0.00037080514,0.010730733,2.199734e-05,7.3982368e-06
0.031167111,3.3378976e-05,0.00037730197,0.0108323,2.182973e-05,7.3583125e-06
0.031248509,3.3207261e-05,0.00038562102,0.0099600432,2.1725735e-05,7.3399962e-06
0.031309089,3.3058615e-05,0.00039210982,0.010300017,2.1642056e-05,7.3223768e-06
0.031389438,3.2994506e-05,0.00040307513,0.010293918,2.1607262e-05,7.3255432e-06
0.031469494,3.3005255e-05,0.0004157005,0.010526003,2.1614366e-05,7.3388327e-06
0.03154942,3.3083559e-05,0.00043050725,0.010323532,2.1707043e-05,7.3746283e-06
0.031629511,3.3294815e-05,0.00044843198,0.010463663,2.1889787e-05,7.4313066e-06
0.031689903,3.3513492e-05,0.00046396192,0.010404586,2.2088128e-05,7.4915544e-06
0.031771105,3.3933942e-05,0.00048819041,0.010053908,2.2443118e-05,7.6002084e-06
0.031853282,3.4492007e-05,0.00051695249,0.010075252,2.2892986e-05,7.7334198e-06
0.031936722,3.5102187e-05,0.00054959571,0.010186899,2.3409385e-05,7.8794262e-06
0.0320217,3.5851017e-05,0.00058859168,0.010867737,2.4031445e-05,8.0546604e-06
0.032108488,3.6735531e-05,0.00063409861,0.011487358,2.4755615e-05,8.2583082e-06
0.032174919,3.7471406e-05,0.00067359171,0.011954476,2.5356612e-05,8.4306593e-06
0.03226543,3.8388483e-05,0.00073141678,0.012240177,2.6118477e-05,8.6638379e-06
0.032358368,3.9484984e-05,0.00080141129,0.013367095,2.7029986e-05,8.9394967e-06
0.03245389,4.0552918e-05,0.00088175399,0.014482016,2.7939395e-05,9.2209982e-06
0.032551837,4.119861e-05,0.00096653052,0.015706144,2.8551015e-05,9.4111646e-06
0.032649782,4.094094e-05,0.0010416943,0.016245618,2.8553839e-05,9.3929866e-06
0.032723065,4.0758426e-05,0.0011058886,0.016857346,2.8572177e-05,9.3872583e-06
0.032820632,4.0670013e-05,0.0012077609,0.017420198,2.8673088e-05,9.4099421e-06
0.032918199,4.054518e-05,0.001327146,0.017472871,2.876444e-05,9.4390803e-06
0.033015877,4.0509192e-05,0.0014731941,0.017786825,2.8911697e-05,9.4950163e-06
0.033113777,4.0417178e-05,0.0016478617,0.017522492,2.9038013e-05,9.5582306e-06
0.033187514,4.051176e-05,0.0018096281,0.017177704,2.9220373e-05,9.6391094e-06
0.033286212,4.0522139e-05,0.0020565771,0.017204645,2.9409214e-05,9.7330465e-06
0.033385438,4.0547556e-05,0.0023391295,0.016383144,2.9567873e-05,9.8368266e-06
0.033485381,4.0671031e-05,0.0025829982,0.016251595,2.9811531e-05,9.9584353e-06
0.033586122,4.0905574e-05,0.0025154707,0.01555697,3.011852e-05,1.011704e-05
0.033687872,4.1153363e-05,0.0022638343,0.015160371,3.041687e-05,1.0277138e-05
0.033764865,4.1330889e-05,0.0020619304,0.015406226,3.064525e-05,1.0402667e-05
0.033868455,4.1593254e-05,0.0018181388,0.015624343,3.093587e-05,1.0576978e-05
0.033973143,4.1881073e-05,0.0016085514,0.016376994,3.1222741e-05,1.0735925e-05
0.034078464,4.1860089e-05,0.0014246161,0.015955994,3.1272679e-05,1.081933e-05
0.034184217,4.1940033e-05,0.0012793071,0.016357908,3.1387307e-05,1.0902645e-05
0.034290336,4.1932334e-05,0.0011574819,0.015717252,3.1397288e-05,1.0966248e-05
0.034370187,4.1960227e-05,0.0010810351,0.016780406,3.1442583e-05,1.1001674e-05
0.034476983,4.1973624e-05,0.00099260724,0.016093566,3.1437454e-05,1.1037078e-05
0.03458432,4.210153e-05,0.00091968199,0.015604566,3.154102e-05,1.1092545e-05
0.03469221,4.2213009e-05,0.00085638983,0.015965346,3.1655288e-05,1.114877e-05
0.034800666,4.2333047e-05,0.00080116091,0.015964857,3.181621e-05,1.1187516e-05
0.034882421,4.2370877e-05,0.00076316529,0.015720676,3.1882648e-05,1.1184023e-05
0.034992045,4.2467818e-05,0.00071897062,0.015580553,3.206007e-05,1.1194623e-05
0.035102272,4.2550253e-05,0.00068003752,0.014905262,3.2278287e-05,1.1214414e-05
0.035213119,4.2626109e-05,0.00064604933,0.014969781,3.2508173e-05,1.1232289e-05
0.03532469,4.2678743e-05,0.00061628724,0.015856975,3.2783427e-05,1.1230032e-05
0.035436818,4.259788e-05,0.00058857072,0.014839423,3.2937229e-05,1.117802e-05
0.035521245,4.2546203e-05,0.00057040548,0.014725925,3.3053816e-05,1.1159675e-05
0.03563433,4.2446139e-05,0.00054776568,0.01403374,3.3190242e-05,1.1182911e-05
0.03574781,4.2321322e-05,0.00052684156,0.014251138,3.3326564e-05,1.1229701e-05
0.035861693,4.2200847e-05,0.0005080943,0.014316926,3.3432885e-05,1.1236024e-05
0.035975577,4.1933526e-05,0.00048976133,0.013702289,3.3398157e-05,1.1175059e-05
0.036061304,4.1879097e-05,0.00047941055,0.013031145,3.3492036e-05,1.1136826e-05
0.036175606,4.1611434e-05,0.0004650259,0.012873757,3.3427126e-05,1.1010383e-05
0.036289909,4.1375477e-05,0.00045247678,0.01247954,3.3412325e-05,1.089118e-05
0.036403883,4.0979211e-05,0.00043973096,0.012190291,3.3270979e-05,1.0765055e-05
0.036517971,4.0921088e-05,0.00043177517,0.011806128,3.3418952e-05,1.0720262e-05
0.036632282,4.0734932e-05,0.00042303574,0.011515726,3.3436323e-05,1.0658694e-05
0.036718015,4.0611954e-05,0.0004170505,0.012464196,3.3455136e-05,1.0621185e-05
0.036832326,4.0476218e-05,0.0004099711,0.012318391,3.3481328e-05,1.059836e-05
0.036947112,4.0520079e-05,0.0004051937,0.012434814,3.3662228e-05,1.0636069e-05
0.037062142,4.0563726e-05,0.00040093356,0.012218332,3.3846332e-05,1.0663065e-05
0.03717767,4.06367e-05,0.00039721983,0.011827368,3.4042294e-05,1.0693337e-05
0.037293708,4.07283e-05,0.00039396555,0.011599546,3.4230328e-05,1.0725074e-05
0.037381063,4.0854597e-05,0.00039224496,0.011592163,3.4426719e-05,1.076518e-05
0.037498161,4.0977852e-05,0.00038980169,0.011467209,3.4605204e-05,1.0800922e-05
0.037615811,4.1124953e-05,0.00038776156,0.011770423,3.4805797e-05,1.0848875e-05
0.03773417,4.1290125e-05,0.0003860593,0.011501637,3.4978746e-05,1.0902201e-05
0.037853409,4.1683895e-05,0.00038674922,0.011517981,3.5346527e-05,1.102391e-05
0.037943331,4.1891687e-05,0.00038658158,0.011513174,3.5529276e-05,1.1088096e-05
0.038063955,4.2114975e-05,0.00038613472,0.011514662,3.570761e-05,1.117887e-05
0.038185383,4.2376539e-05,0.00038624427,0.012098974,3.5891595e-05,1.1271951e-05
0.038307813,4.2897954e-05,0.00038895273,0.012507255,3.6263716e-05,1.1439682e-05
0.038431112,4.3207303e-05,0.00039017574,0.012872033,3.6420434e-05,1.1567391e-05
0.038555309,4.3566284e-05,0.0003920524,0.013465916,3.6572645e-05,1.1702484e-05
0.038649347,4.41765e-05,0.00039697352,0.013760491,3.6966685e-05,1.1894293e-05
0.03877564,4.4621595e-05,0.00040020635,0.015336725,3.7108579e-05,1.2043461e-05
0.038903349,4.5407851e-05,0.00040682313,0.014946997,3.7519436e-05,1.2242847e-05
0.03903043,4.41659e-05,0.00039566975,0.015428238,3.6233353e-05,1.1866668e-05
0.039149866,4.1894075e-05,0.00037593159,0.01369852,3.4151478e-05,1.1176937e-05
0.039235548,4.0498851e-05,0.00036433017,0.012919187,3.2866458e-05,1.0730647e-05
0.039346622,3.9699109e-05,0.00035901363,0.01312122,3.2028374e-05,1.0434062e-05
0.039454962,3.8926679e-05,0.00035442701,0.013165413,3.1236475e-05,1.0117342e-05
0.039561789,3.8868057e-05,0.00035705964,0.01257436,3.1020678e-05,1.0031943e-05
0.039668448,3.9069138e-05,0.00036275051,0.012303527,3.1025288e-05,1.0015436e-05
0.039776168,3.9787101e-05,0.00037449134,0.012807698,3.1435071e-05,1.0143163e-05
0.039857975,4.0478214e-05,0.00038560359,0.012589642,3.1878369e-05,1.0259077e-05
0.039968938,4.1559418e-05,0.00040333734,0.012904093,3.2600577e-05,1.0450825e-05
0.040082401,4.2709345e-05,0.00042372784,0.012781462,3.3383172e-05,1.067373e-05
0.040198103,4.3598428e-05,0.00044419028,0.013353249,3.3955182e-05,1.083882e-05
0.040316705,4.4938252e-05,0.00047239293,0.013342343,3.4862696e-05,1.1128218e-05
0.040435281,4.4797533e-05,0.00048823686,0.013084102,3.4603351e-05,1.1047753e-05
0.040523752,4.4581828e-05,0.00050051764,0.013428894,3.4315649e-05,1.0968751e-05
0.040641003,4.4839322e-05,0.00052538111,0.013852628,3.4346423e-05,1.0995414e-05
0.040757424,4.4681583e-05,0.00054827318,0.013306749,3.4019438e-05,1.0924222e-05
0.040873281,4.4506383e-05,0.00057373543,0.012991949,3.3659344e-05,1.084351e-05
0.040988276,4.4791486e-05,0.00060830672,0.012751367,3.3638816e-05,1.0907445e-05
0.041073633,4.452097e-05,0.00063052033,0.012895436,3.3316113e-05,1.0849476e-05
0.041187132,4.4293304e-05,0.00066636311,0.011946282,3.3030125e-05,1.0826552e-05
0.041299704,4.4528462e-05,0.00071636275,0.011784421,3.3110561e-05,1.0920381e-05
0.041411622,4.4208388e-05,0.00076753079,0.011352137,3.2810553e-05,1.0866072e-05
0.041522885,4.4367371e-05,0.0008407974,0.011294852,3.2883231e-05,1.0905958e-05
0.041633444,4.3935399e-05,0.00092097572,0.011333605,3.2492595e-05,1.0772471e-05
0.041715835,4.4008356e-05,0.0010045511,0.011845638,3.2511034e-05,1.0777286e-05
0.04182569,4.409174e-05,0.0011436818,0.011633084,3.2546499e-05,1.079348e-05
0.041935544,4.4172929e-05,0.0013241438,0.011851881,3.2600025e-05,1.083308e-05
0.042044554,4.3560904e-05,0.0015312859,0.01206505,3.2138776e-05,1.0684465e-05
0.042152718,4.3607106e-05,0.0018038296,0.012467925,3.2135961e-05,1.0695823e-05
0.042233842,4.3619041e-05,0.0020311722,0.012651296,3.2114738e-05,1.0683816e-05
0.042342006,4.3657259e-05,0.0022604142,0.012874053,3.2049217e-05,1.0665358e-05
0.042450171,4.3623219e-05,0.0021300466,0.012798067,3.1930137e-05,1.0656288e-05
0.042558336,4.3621254e-05,0.0018476167,0.013024313,3.1793111e-05,1.0671709e-05
0.0426665,4.3579403e-05,0.0015982988,0.012610739,3.164308e-05,1.0708556e-05
0.042774665,4.3554645e-05,0.0013932957,0.012305891,3.1517518e-05,1.0771434e-05
0.042855788,4.3522234e-05,0.0012669643,0.012936037,3.1418935e-05,1.0830702e-05
0.042963953,4.3452612e-05,0.0011290109,0.012980632,3.1313284e-05,1.0908556e-05
0.043072117,4.3378133e-05,0.0010189095,0.012483996,3.1254506e-05,1.0989223e-05
0.043180282,4.3297129e-05,0.00092974081,0.012585292,3.121189e-05,1.1075712e-05
0.043288446,4.3199064e-05,0.00085668557,0.013169536,3.1195688e-05,1.1163655e-05
0.043396611,4.3093124e-05,0.00079687747,0.012926042,3.121338e-05,1.1229576e-05
0.043477734,4.301e-05,0.00075839443,0.012677626,3.1252455e-05,1.1276902e-05
0.043585899,4.2879849e-05,0.00071502131,0.013308009,3.1337178e-05,1.1331361e-05
0.043694064,4.2750899e-05,0.00067857477,0.013039291,3.1419306e-05,1.1365102e-05
0.043802968,4.32314e-05,0.00065694351,0.013162672,3.1966898e-05,1.155042e-05
0.043913027,4.3320893e-05,0.00063308418,0.013948395,3.2220387e-05,1.161086e-05
0.043995868,4.3336763e-05,0.00061661433,0.013508116,3.2354373e-05,1.1626739e-05
0.044106662,4.3343877e-05,0.00059729194,0.013841954,3.2527051e-05,1.1632966e-05
0.044217793,4.3348887e-05,0.00058049851,0.013098791,3.2686513e-05,1.162409e-05
0.044329282,4.3373076e-05,0.00056596489,0.013890732,3.2818587e-05,1.1609531e-05
0.044441186,4.3401266e-05,0.00055339828,0.014278278,3.2975182e-05,1.1599805e-05
0.044553584,4.3472581e-05,0.00054288183,0.013577408,3.3131548e-05,1.159094e-05
0.044636891,4.2072427e-05,0.0005179024,0.013866059,3.2134092e-05,1.118359e-05
0.044740991,3.8974344e-05,0.00047202053,0.012919048,2.9857188e-05,1.0296546e-05
0.044838409,3.6580889e-05,0.00043724812,0.012115548,2.810125e-05,9.6121897e-06
0.044930609,3.4693144e-05,0.00041029716,0.011124238,2.6736087e-05,9.0748073e-06
0.045018713,3.3205757e-05,0.00038946054,0.010427831,2.5668452e-05,8.6546673e-06
0.045103758,3.213089e-05,0.00037461284,0.010512364,2.492852e-05,8.3491554e-06
0.045165919,3.1379037e-05,0.00036483884,0.010394836,2.4422847e-05,8.143142e-06
0.045246841,3.053155e-05,0.00035416643,0.0099104051,2.3858565e-05,7.9064014e-06
0.045326072,2.9943811e-05,0.00034727865,0.0095130002,2.3485614e-05,7.7385617e-06
0.045404211,2.9550147e-05,0.00034320926,0.0091746873,2.3255674e-05,7.6250559e-06
0.045481631,2.9304488e-05,0.00034151345,0.0090732676,2.313631e-05,7.5471579e-06
0.045539423,2.9187709e-05,0.00034143373,0.0091507069,2.3094617e-05,7.5091643e-06
0.04561632,2.9127213e-05,0.00034294768,0.0092000969,2.3109619e-05,7.4800145e-06
0.045693296,2.9185059e-05,0.00034638451,0.008615758,2.3205864e-05,7.4836881e-06
0.045770674,2.9381955e-05,0.00035238601,0.0089288833,2.3419936e-05,7.5261377e-06
0.045848877,2.9730098e-05,0.00036079109,0.0091063541,2.3745818e-05,7.5997155e-06
0.04592816,3.0148894e-05,0.0003709969,0.0089948468,2.4122309e-05,7.6820267e-06
0.045988424,3.0508914e-05,0.00037976208,0.0091534846,2.444062e-05,7.7543558e-06
0.046070065,3.1107356e-05,0.00039394973,0.0095135262,2.4955404e-05,7.885392e-06
0.046153485,3.1820027e-05,0.00041070853,0.009281125,2.5537392e-05,8.0441572e-06
0.046239064,3.2700085e-05,0.00043128311,0.0098982447,2.6255951e-05,8.2496869e-06
0.046327312,3.3777088e-05,0.00045638882,0.010133214,2.7120817e-05,8.5010853e-06
0.046395527,3.4690656e-05,0.00047820381,0.010126483,2.7844386e-05,8.7161924e-06
0.046489714,3.6175969e-05,0.00051318358,0.011075518,2.9000174e-05,9.0553267e-06
0.046588323,3.7984592e-05,0.00055649949,0.011496813,3.0408403e-05,9.4763836e-06
0.046690434,3.8638366e-05,0.00058651444,0.012278325,3.0860349e-05,9.5964599e-06
0.046792273,3.8507504e-05,0.00060670386,0.012520431,3.0662015e-05,9.5253291e-06
0.046893669,3.838555e-05,0.00062875698,0.012484816,3.0460855e-05,9.4588646e-06
0.046969436,3.8309892e-05,0.00064680227,0.012291416,3.0324463e-05,9.4251885e-06
0.047070092,3.8221126e-05,0.00067245739,0.012860939,3.0154353e-05,9.3877664e-06
0.047170374,3.8162456e-05,0.00070043864,0.01310146,3.0009921e-05,9.3755454e-06
0.047270299,3.8136782e-05,0.00073094965,0.01320556,2.9893127e-05,9.3888366e-06
0.047369899,3.8110173e-05,0.00076302188,0.013636924,2.9783056e-05,9.4144062e-06
0.047469253,3.8123212e-05,0.00079717957,0.013939256,2.9694628e-05,9.448457e-06
0.047543606,3.813187e-05,0.00082342116,0.014016454,2.9624389e-05,9.4658023e-06
0.047642576,3.8175938e-05,0.00086072973,0.014300444,2.9543904e-05,9.4909069e-06
0.047741407,3.8250111e-05,0.00090028222,0.013827502,2.94807e-05,9.5175811e-06
0.047840146,3.8372449e-05,0.00094435953,0.013573322,2.9425875e-05,9.5621829e-06
0.047938855,3.8535656e-05,0.00099443365,0.013769155,2.9403851e-05,9.6162916e-06
0.048012886,3.8674121e-05,0.0010371105,0.01402038,2.9390557e-05,9.6603523e-06
0.048111625,3.8902911e-05,0.0011044925,0.015041342,2.9397671e-05,9.7298836e-06
0.048210458,3.9131475e-05,0.0011881381,0.01505344,2.9435905e-05,9.7978213e-06
0.048309415,3.9371377e-05,0.0012941495,0.01584135,2.9472576e-05,9.8553349e-06
0.048408544,3.9629616e-05,0.001429197,0.016867923,2.9552515e-05,9.942901e-06
0.048507846,3.9874567e-05,0.0015973208,0.017522139,2.9628447e-05,1.005568e-05
0.048582441,4.0042203e-05,0.0017472004,0.018753721,2.9690697e-05,1.0129861e-05
0.048682124,4.0290093e-05,0.0019587664,0.017242524,2.9806491e-05,1.022832e-05
0.048782081,4.0536349e-05,0.0020381902,0.016611436,2.9963941e-05,1.032728e-05
0.048882377,4.07649e-05,0.0018801058,0.016573223,3.0138379e-05,1.0398715e-05
0.048983082,4.1014987e-05,0.0016606651,0.01519824,3.0350474e-05,1.0488892e-05
0.049058895,4.1180819e-05,0.001506593,0.015162388,3.0521168e-05,1.0560776e-05
0.049160397,4.1407563e-05,0.0013280181,0.014500017,3.0754514e-05,1.0663929e-05
0.049262338,4.1606373e-05,0.001180475,0.013876403,3.0963997e-05,1.0776301e-05
0.049364739,4.1822141e-05,0.0010629849,0.014544781,3.116655e-05,1.0881584e-05
0.049467572,4.2030126e-05,0.00096840124,0.014872151,3.1355419e-05,1.0954981e-05
0.049570876,4.2270259e-05,0.00089312887,0.015814225,3.1545743e-05,1.0999396e-05
0.049648699,4.2487344e-05,0.00084706737,0.016088026,3.1688729e-05,1.1044154e-05
0.049752463,4.219388e-05,0.00078448466,0.015575086,3.1469536e-05,1.0961802e-05
0.049855254,4.2108006e-05,0.00073603631,0.01699864,3.1401299e-05,1.0923106e-05
0.049959042,4.2828367e-05,0.00070848719,0.01706922,3.1953915e-05,1.112154e-05
0.050064707,4.3338883e-05,0.00068113779,0.016589361,3.2332712e-05,1.1264959e-05
0.050170897,4.3492886e-05,0.00065187316,0.017547354,3.2466934e-05,1.1389806e-05
0.050250842,4.3623911e-05,0.00063246299,0.017105421,3.2569524e-05,1.1498811e-05
0.050357792,4.3741045e-05,0.00060817925,0.017358676,3.2684245e-05,1.1627407e-05
0.050465187,4.38656e-05,0.00058646443,0.01738362,3.2799749e-05,1.176166e-05
0.050572993,4.3960037e-05,0.00056665531,0.01830234,3.2859825e-05,1.1888243e-05
0.050681194,4.4053168e-05,0.00054863842,0.018967482,3.2931317e-05,1.2031989e-05
0.050762603,4.4147377e-05,0.00053652669,0.017538335,3.2993066e-05,1.2141878e-05
0.050871484,4.4235474e-05,0.00052121201,0.019803096,3.3068289e-05,1.2304665e-05
0.05098069,4.4332601e-05,0.00050692104,0.018993308,3.3141952e-05,1.2419047e-05
0.051090141,4.4388217e-05,0.00049298997,0.019686175,3.3217526e-05,1.2487008e-05
0.051199757,4.4446616e-05,0.00047980205,0.020575887,3.3303658e-05,1.2563802e-05
0.051309476,4.4481368e-05,0.00046719036,0.020503331,3.338368e-05,1.2626682e-05
0.051391823,4.4517013e-05,0.00045810311,0.020982255,3.3451536e-05,1.2640199e-05
0.051501751,4.4533467e-05,0.00044711312,0.021499279,3.3549637e-05,1.2643914e-05
0.051611826,4.449678e-05,0.00043692567,0.023068664,3.3656107e-05,1.2580513e-05
0.051720022,4.3045072e-05,0.00041432486,0.019917905,3.2743835e-05,1.2118424e-05
0.051826183,4.2459177e-05,0.00040192575,0.018956148,3.2524378e-05,1.1936929e-05
0.051905686,4.2390001e-05,0.00039722084,0.018481232,3.269619e-05,1.1945871e-05
0.052012185,4.2452792e-05,0.00039401091,0.017679308,3.3104357e-05,1.2041623e-05
0.052119593,4.2622835e-05,0.00039305291,0.017835543,3.3666835e-05,1.2199986e-05
0.052228468,4.3025211e-05,0.00039563598,0.018240035,3.4450312e-05,1.2454694e-05
0.052339268,4.3488049e-05,0.00040007077,0.017830501,3.5299536e-05,1.27327e-05
0.052449977,4.2768427e-05,0.0003944344,0.017354742,3.5147218e-05,1.2633855e-05
0.052532203,4.2208276e-05,0.00039050502,0.01662473,3.4990759e-05,1.2551598e-05
0.052640766,4.1450811e-05,0.0003857678,0.016425039,3.4750022e-05,1.2437062e-05
0.052748097,4.0765298e-05,0.0003822134,0.016031335,3.4533595e-05,1.2339941e-05
0.05285428,4.0111466e-05,0.0003792362,0.01636765,3.437283e-05,1.2259537e-05
0.052959296,3.9445704e-05,0.00037668538,0.014873674,3.4189284e-05,1.216158e-05
0.053063128,3.8798101e-05,0.00037480214,0.014644448,3.4051433e-05,1.2077078e-05
0.053140217,3.8303799e-05,0.00037366182,0.014686934,3.392274e-05,1.1995638e-05
0.053241976,3.7695852e-05,0.00037303049,0.01369965,3.3763488e-05,1.1887625e-05
0.053342576,3.7053829e-05,0.00037272354,0.013932055,3.3595449e-05,1.1763863e-05
0.053442078,3.6465642e-05,0.00037347488,0.013768444,3.3430921e-05,1.1637447e-05
0.053540465,3.5897237e-05,0.00037503899,0.013820241,3.326377e-05,1.1502501e-05
0.053613541,3.5453603e-05,0.00037637628,0.013472029,3.3091873e-05,1.1388497e-05
0.053710074,3.489916e-05,0.0003789609,0.013555213,3.288134e-05,1.1241302e-05
0.053805583,3.4372789e-05,0.00038237707,0.013315133,3.2663137e-05,1.1100558e-05
0.053900071,3.3871777e-05,0.0003863519,0.013159729,3.2437335e-05,1.0960024e-05
0.053993556,3.3388174e-05,0.00039093957,0.013353827,3.2193932e-05,1.0822559e-05
0.054086074,3.2937887e-05,0.00039616548,0.012887184,3.1964892e-05,1.067941e-05
0.054154835,3.2623382e-05,0.0004005314,0.012406767,3.1785259e-05,1.0583618e-05
0.054245715,3.2203819e-05,0.00040681975,0.012489793,3.1554126e-05,1.0458202e-05
0.054335673,3.1796674e-05,0.00041378848,0.011835659,3.1331435e-05,1.0348972e-05
0.054424784,3.1438029e-05,0.00042179403,0.011708025,3.1116609e-05,1.0241122e-05
0.054513064,3.1093891e-05,0.00043059219,0.011715503,3.0895701e-05,1.014218e-05
0.054600524,3.0756154e-05,0.00044012228,0.011307614,3.0691116e-05,1.003535e-05
0.054665621,3.0542295e-05,0.00044825947,0.010915601,3.0559372e-05,9.9674896e-06
0.054751805,3.0249011e-05,0.00045981201,0.010694766,3.0362756e-05,9.8631949e-06
0.0548373,3.0014444e-05,0.00047277166,0.01041594,3.0211398e-05,9.7691518e-06
0.054922156,2.976669e-05,0.00048664248,0.010280595,3.0033333e-05,9.6633454e-06
0.055006381,2.9542091e-05,0.00050192142,0.010795389,2.9869956e-05,9.5543733e-06
0.055069184,2.9415531e-05,0.00051473842,0.010482208,2.9773613e-05,9.4797455e-06
0.055152571,2.9304269e-05,0.00053383909,0.011400105,2.9684212e-05,9.3920656e-06
0.055233026,2.7680999e-05,0.00052568345,0.01055845,2.8056039e-05,8.8269388e-06
0.055309065,2.6297958e-05,0.00052013498,0.010844506,2.6652092e-05,8.3429086e-06
0.05538124,2.4944122e-05,0.00051363604,0.0097606349,2.5271623e-05,7.8727059e-06
0.055449378,2.3588537e-05,0.00050527708,0.0097678814,2.3878936e-05,7.3992376e-06
0.055498192,2.2780663e-05,0.0005026332,0.009489707,2.3054264e-05,7.1225301e-06
0.055560895,2.1877481e-05,0.00050225658,0.0083873709,2.2134836e-05,6.8100526e-06
0.055620988,2.0985173e-05,0.00050140016,0.0085213497,2.1213692e-05,6.5032679e-06
0.055678706,2.0226575e-05,0.00050313279,0.0077912864,2.0426069e-05,6.2441082e-06
0.055734524,1.9639711e-05,0.00050880436,0.0079950882,1.9814323e-05,6.0434247e-06
0.055775286,1.9212136e-05,0.00051360869,0.008467223,1.9370593e-05,5.8976322e-06
0.055828317,1.8726552e-05,0.00052231054,0.0081719733,1.8853154e-05,5.7284645e-06
0.055880138,1.8365804e-05,0.00053497504,0.0074343549,1.8464243e-05,5.5997024e-06
0.055930928,1.8027607e-05,0.00054919874,0.0070176341,1.8098662e-05,5.4793927e-06
0.055980669,1.7662068e-05,0.00056346445,0.0073545952,1.7700406e-05,5.3511182e-06
0.056029245,1.7283758e-05,0.00057799008,0.007433573,1.7288745e-05,5.2193353e-06
0.056065021,1.7051294e-05,0.00059139266,0.0070483553,1.7040639e-05,5.1372775e-06
0.056112022,1.6807883e-05,0.0006125705,0.0068593542,1.6770569e-05,5.0491004e-06
0.056158393,1.6627829e-05,0.00063759826,0.0064983437,1.6562297e-05,4.9808498e-06
0.056204402,1.6577155e-05,0.00066925528,0.006749877,1.648745e-05,4.954675e-06
0.056250453,1.665953e-05,0.00070874304,0.0067921999,1.654497e-05,4.9679583e-06
0.05629683,1.682251e-05,0.0007551978,0.0068750633,1.6683545e-05,5.0027042e-06
0.056331929,1.6994895e-05,0.00079458943,0.0069080533,1.683236e-05,5.0416005e-06
0.056379442,1.7345711e-05,0.00085683214,0.006791214,1.7159867e-05,5.1324301e-06
0.056428022,1.7798247e-05,0.00092727002,0.0070981299,1.7584862e-05,5.253318e-06
0.056478041,1.8383238e-05,0.0010024073,0.0073593954,1.8139209e-05,5.4134665e-06
0.056529831,1.910072e-05,0.0010751086,0.0076953236,1.8829279e-05,5.6106783e-06
0.056570121,1.9761286e-05,0.0011161633,0.008219673,1.9462592e-05,5.7922275e-06
0.056626113,2.0759289e-05,0.0011386236,0.008273509,2.0421047e-05,6.0683462e-06
0.056684826,2.1765921e-05,0.0011279102,0.0085223651,2.1388283e-05,6.3470118e-06
0.056746152,2.2740836e-05,0.0010938487,0.0088737838,2.2312054e-05,6.6089929e-06
0.056810115,2.3722991e-05,0.0010517914,0.0094140689,2.3240927e-05,6.8666792e-06
0.056876652,2.4662191e-05,0.0010038779,0.009473658,2.4126057e-05,7.1110036e-06
0.056928048,2.5263324e-05,0.00096338576,0.0098700453,2.4686103e-05,7.2635235e-06
0.056998294,2.5964279e-05,0.00090653227,0.0099253675,2.5330647e-05,7.4253338e-06
0.057069771,2.6291322e-05,0.00084226391,0.010338724,2.5615714e-05,7.4810389e-06
0.057141574,2.6362686e-05,0.00077791536,0.011090528,2.5647628e-05,7.4667175e-06
0.057213388,2.6348792e-05,0.00072000432,0.010966815,2.5596141e-05,7.4443722e-06
0.05726707,2.6245301e-05,0.00067930633,0.010109304,2.5472058e-05,7.410111e-06
0.057338229,2.6063121e-05,0.00062996156,0.010202351,2.5264274e-05,7.3461599e-06
0.057408621,2.5747103e-05,0.00058425966,0.010355716,2.4937125e-05,7.2481494e-06
0.057478128,2.5442102e-05,0.00054434826,0.0099722699,2.4610859e-05,7.157192e-06
0.057546839,2.5156418e-05,0.0005096026,0.010188325,2.4306019e-05,7.0712819e-06
0.057614724,2.4851363e-05,0.00047835428,0.0098680483,2.3983399e-05,6.9726257e-06
0.057665095,2.4622837e-05,0.00045734794,0.010114176,2.375167e-05,6.9000465e-06
0.057731553,2.4334231e-05,0.00043200639,0.010210137,2.3451674e-05,6.8121804e-06
0.057797296,2.4074553e-05,0.00040960214,0.010343825,2.3176087e-05,6.7385474e-06
0.057862408,2.3852033e-05,0.0003899336,0.0096214563,2.2932127e-05,6.6756232e-06
0.057926935,2.364273e-05,0.00037215334,0.0088235708,2.2709113e-05,6.617934e-06
0.057990929,2.3466917e-05,0.00035640621,0.0090960857,2.250992e-05,6.5739839e-06
0.058038647,2.3349487e-05,0.00034565788,0.0087788987,2.238374e-05,6.5498586e-06
0.058101962,2.322239e-05,0.00033264817,0.0089328791,2.2238683e-05,6.525964e-06
0.058165006,2.3148326e-05,0.00032142277,0.0090102192,2.2144495e-05,6.5161509e-06
0.058227898,2.310176e-05,0.00031136289,0.0086067246,2.2073158e-05,6.5155443e-06
0.058290706,2.3098204e-05,0.00030244185,0.0090285957,2.2038577e-05,6.5231662e-06
0.058337829,2.3124817e-05,0.00029653914,0.0085751995,2.2037942e-05,6.5334851e-06
0.058400772,2.3204209e-05,0.00028957723,0.0086057964,2.2079505e-05,6.5590541e-06
0.058464007,2.3361399e-05,0.0002840494,0.0083130588,2.2193195e-05,6.6057268e-06
0.058527771,2.3619353e-05,0.0002800334,0.0084754356,2.2402112e-05,6.6750507e-06
0.05859238,2.4015223e-05,0.00027770212,0.0091078134,2.2734645e-05,6.783667e-06
0.058658148,2.4537445e-05,0.00027692605,0.0088921108,2.3184405e-05,6.9269307e-06
0.058708537,2.508351e-05,0.00027804395,0.0092472613,2.3653717e-05,7.0674359e-06
0.05877758,2.5998831e-05,0.00028140758,0.0093210002,2.444977e-05,7.3054929e-06
0.058849309,2.7148896e-05,0.00028707083,0.0096144039,2.5473425e-05,7.609072e-06
0.058924403,2.8591437e-05,0.00029524987,0.010539889,2.6729452e-05,8.0027846e-06
0.059003613,3.0357295e-05,0.00030634564,0.01110679,2.8281354e-05,8.4726041e-06
0.059066292,3.1943055e-05,0.0003167784,0.011288359,2.9666011e-05,8.9073165e-06
0.05915486,3.428629e-05,0.00033248305,0.0118989,3.1728355e-05,9.5594307e-06
0.059249221,3.6497421e-05,0.0003460189,0.012878262,3.3656313e-05,1.0165451e-05
0.05934767,3.7770323e-05,0.00035028743,0.01383439,3.4672598e-05,1.0485896e-05
0.059447026,3.7792542e-05,0.00034334943,0.014094945,3.4611362e-05,1.044256e-05
0.059544867,3.7188005e-05,0.00033168249,0.013318982,3.3987416e-05,1.020907e-05
0.059617072,3.680067e-05,0.00032433435,0.014126541,3.3628402e-05,1.0049229e-05
0.059712919,3.6908304e-05,0.00032079365,0.014206369,3.3734812e-05,1.0011437e-05
0.059808849,3.6690972e-05,0.00031517285,0.013816743,3.3565993e-05,9.8759693e-06
0.059902668,3.5853149e-05,0.00030485355,0.014003142,3.2809057e-05,9.578011e-06
0.059993986,3.4947991e-05,0.00029467176,0.014153154,3.1991364e-05,9.2561681e-06
0.060082618,3.3992597e-05,0.00028494738,0.013046482,3.1133975e-05,8.9548462e-06
0.060147377,3.3319232e-05,0.00027821884,0.01345172,3.0519908e-05,8.7459566e-06
0.060231563,3.2477812e-05,0.00027021166,0.012642379,2.9743141e-05,8.4983145e-06
0.060313489,3.1722418e-05,0.00026325691,0.012078844,2.9052915e-05,8.2827235e-06
0.060393499,3.1129751e-05,0.00025793469,0.011476526,2.8488613e-05,8.1052348e-06
0.060471988,3.0700927e-05,0.00025413281,0.011938252,2.8073302e-05,7.9804289e-06
0.060530078,3.0480384e-05,0.00025216939,0.010806472,2.7855452e-05,7.9164652e-06
0.060606755,3.0284148e-05,0.00025051368,0.010717266,2.7635626e-05,7.8578487e-06
0.060682888,3.0259542e-05,0.00025038137,0.010214144,2.7570514e-05,7.8421041e-06
0.060758807,3.0355812e-05,0.00025132199,0.010508745,2.7623138e-05,7.8655197e-06
0.060834833,3.0599993e-05,0.00025364538,0.010321881,2.7808732e-05,7.9367135e-06
0.060911365,3.0985864e-05,0.00025727531,0.010229265,2.8144434e-05,8.0645505e-06
0.060969313,3.1385516e-05,0.00026096498,0.01024848,2.8499203e-05,8.1985771e-06
0.061047609,3.2037477e-05,0.00026703785,0.010223401,2.9090464e-05,8.4207095e-06
0.061127246,3.2732787e-05,0.00027359802,0.010645812,2.9724781e-05,8.6500059e-06
0.061208291,3.3440509e-05,0.00028053028,0.010626775,3.0365287e-05,8.8699339e-06
0.061290652,3.4068488e-05,0.00028680879,0.010548838,3.0922768e-05,9.0529277e-06
0.061374194,3.4658873e-05,0.00029309223,0.011239408,3.1431491e-05,9.2079783e-06
0.061437598,3.5068412e-05,0.00029758622,0.010651182,3.1772808e-05,9.3112313e-06
0.061523055,3.5578687e-05,0.00030352873,0.010980335,3.2195481e-05,9.4431691e-06
0.061609635,3.6120217e-05,0.00030999078,0.010831942,3.2655274e-05,9.5892246e-06
0.061697463,3.6732516e-05,0.00031731108,0.010827583,3.3225367e-05,9.7511866e-06
0.061786696,3.7383863e-05,0.0003254829,0.011185996,3.3835669e-05,9.9352087e-06
0.061854652,3.7907906e-05,0.00033231952,0.011334367,3.4331548e-05,1.0077681e-05
0.061946831,3.8731987e-05,0.00034315523,0.011552689,3.5103032e-05,1.0299074e-05
0.062041159,3.9726556e-05,0.00035632638,0.012410433,3.6042279e-05,1.0571045e-05
0.062138256,4.0985226e-05,0.00037319945,0.013484696,3.7195311e-05,1.0936195e-05
0.062237751,4.170699e-05,0.00038624733,0.012991509,3.7852822e-05,1.114622e-05
0.062338865,4.2433548e-05,0.00040083602,0.013717624,3.8509858e-05,1.1363918e-05
0.062416037,4.3046096e-05,0.00041343951,0.013677634,3.9062379e-05,1.1546005e-05
0.062521148,4.4097915e-05,0.00043405952,0.014267614,4.0037649e-05,1.1880924e-05
0.062628627,4.4519455e-05,0.00045038906,0.014405522,4.0414079e-05,1.2063539e-05
0.062735412,4.3966285e-05,0.00045807489,0.014162192,3.9962178e-05,1.2017022e-05
0.062841228,4.345401e-05,0.00046703741,0.01429721,3.9520269e-05,1.1997161e-05
0.062919998,4.3075216e-05,0.00047418713,0.014166361,3.9216261e-05,1.1984835e-05
0.063024356,4.2600042e-05,0.00048501882,0.01463221,3.8853607e-05,1.1981042e-05
0.063127996,4.2189902e-05,0.00049729242,0.014197996,3.8549677e-05,1.1990513e-05
0.063231006,4.1837073e-05,0.0005112551,0.01459493,3.829932e-05,1.2006305e-05
0.063333445,4.1486416e-05,0.00052687171,0.014604076,3.8066353e-05,1.203674e-05
0.063435451,4.1214023e-05,0.00054485529,0.014752864,3.7864641e-05,1.2085095e-05
0.063511674,4.0994912e-05,0.00055975973,0.01528724,3.7729954e-05,1.2116635e-05
0.063612955,4.0759581e-05,0.00058281676,0.015270932,3.7578692e-05,1.2189468e-05
0.063713941,4.0574109e-05,0.00060965671,0.016091087,3.742847e-05,1.2223661e-05
0.06381474,4.0469231e-05,0.00064204629,0.015783629,3.7359945e-05,1.225771e-05
0.063915379,4.0343622e-05,0.00067936047,0.016508869,3.7266718e-05,1.2301172e-05
0.064015937,4.0312301e-05,0.00072493972,0.01706117,3.7233222e-05,1.2353052e-05
0.064091356,4.0260546e-05,0.00076434392,0.017050617,3.7210907e-05,1.2370613e-05
0.064191914,4.0203307e-05,0.00082523886,0.018390966,3.7181674e-05,1.2385286e-05
0.064292527,4.0187435e-05,0.00089905753,0.018932515,3.7182718e-05,1.2458284e-05
0.064393249,4.0155422e-05,0.00098704648,0.018200672,3.7188521e-05,1.2521604e-05
0.064494163,4.0160577e-05,0.0010942966,0.018490294,3.7216755e-05,1.2586732e-05
0.064569967,4.01455e-05,0.0011876021,0.018192424,3.7214579e-05,1.2628869e-05
0.064671243,4.0140017e-05,0.0013346931,0.017691377,3.7240248e-05,1.2715235e-05
0.0647728,4.0193e-05,0.0015093102,0.016486317,3.7299658e-05,1.279846e-05
0.0648747,4.0235503e-05,0.0017052472,0.017226987,3.7368175e-05,1.2882844e-05
0.064977003,4.0324574e-05,0.0019163404,0.01670546,3.7497873e-05,1.2984164e-05
0.065079772,4.0426668e-05,0.0020922009,0.016214946,3.7627725e-05,1.3064805e-05
0.06515716,4.048976e-05,0.0021307729,0.015849495,3.7714686e-05,1.3131995e-05
0.065260762,4.0588038e-05,0.0020320415,0.016384726,3.7836179e-05,1.3213677e-05
0.065363206,3.9555012e-05,0.0018214297,0.016969766,3.6928159e-05,1.2912268e-05
0.065464648,3.9633714e-05,0.0016710071,0.016404613,3.7062352e-05,1.2977921e-05
0.065567878,4.0395325e-05,0.0015616674,0.017519768,3.7878606e-05,1.3281019e-05
0.065646884,4.0838609e-05,0.0014827044,0.01715811,3.8362199e-05,1.346279e-05
0.065752757,4.0929659e-05,0.001370668,0.017078938,3.8552162e-05,1.3555439e-05
0.065859082,4.0999719e-05,0.0012721835,0.016804969,3.8726177e-05,1.3635171e-05
0.065965867,4.1125271e-05,0.0011906622,0.016620504,3.8968494e-05,1.3754939e-05
0.06607246,4.0306809e-05,0.0010947656,0.016652657,3.8299984e-05,1.3523744e-05
0.066172205,3.7163184e-05,0.00095446759,0.016360377,3.541388e-05,1.2473213e-05
0.066242488,3.5331376e-05,0.000875211,0.015671022,3.3735282e-05,1.1861727e-05
0.066331572,3.347716e-05,0.00079417949,0.015023642,3.2010422e-05,1.1241705e-05
0.066416454,3.1982655e-05,0.00073024287,0.014914141,3.0641883e-05,1.074623e-05
0.066497949,3.0801089e-05,0.00067931637,0.012604022,2.9546991e-05,1.0330247e-05
0.066576599,2.9775818e-05,0.00063656297,0.013150499,2.8603823e-05,9.9636341e-06
0.066652952,2.8961471e-05,0.00060164378,0.012705683,2.7861021e-05,9.6636651e-06
0.066709,2.8472629e-05,0.00057942454,0.013259347,2.7418818e-05,9.4712488e-06
0.06678239,2.7935945e-05,0.00055384658,0.012502374,2.6921026e-05,9.2502534e-06
0.066854424,2.7425917e-05,0.00053071835,0.012467801,2.6464466e-05,9.0493555e-06
0.066925222,2.6978878e-05,0.00051017247,0.012252032,2.6063609e-05,8.8663316e-06
0.066994925,2.6569578e-05,0.0004914347,0.011885032,2.5700659e-05,8.7022088e-06
0.067046581,2.6321564e-05,0.00047947847,0.011875844,2.5475476e-05,8.6016345e-06
0.067114761,2.6004435e-05,0.00046498796,0.011591547,2.5204675e-05,8.4813733e-06
0.067182222,2.5727709e-05,0.00045235484,0.010754249,2.4982118e-05,8.3733335e-06
0.067249017,2.5451318e-05,0.00044043181,0.01027589,2.4787819e-05,8.2571029e-06
0.067315171,2.519904e-05,0.00042976,0.010109446,2.4609592e-05,8.13777e-06
0.067380761,2.4958038e-05,0.00042028673,0.0093477977,2.4462698e-05,8.0308208e-06
0.067429624,2.4800929e-05,0.00041387659,0.0088830514,2.4356736e-05,7.9521408e-06
0.067494408,2.4608285e-05,0.00040638054,0.0085218051,2.4251152e-05,7.8611433e-06
0.067558774,2.4420771e-05,0.00039949988,0.0084203073,2.414483e-05,7.7791203e-06
0.067622728,2.4225154e-05,0.0003932794,0.0086837896,2.4045192e-05,7.7011115e-06
0.067686285,2.4053974e-05,0.00038801584,0.0084962372,2.3959104e-05,7.6299333e-06
0.067733715,2.39112e-05,0.00038428773,0.0079111821,2.3874572e-05,7.5750923e-06
0.067796653,2.3750395e-05,0.0003800777,0.0083750782,2.3795762e-05,7.516879e-06
0.067859254,2.3604821e-05,0.00037661013,0.0076500995,2.3725055e-05,7.4683436e-06
0.067921581,2.3474185e-05,0.00037385218,0.0073705162,2.3681445e-05,7.4255971e-06
0.067983686,2.33444e-05,0.00037159603,0.0075865003,2.3637342e-05,7.3880092e-06
0.068045557,2.3233784e-05,0.00036994228,0.0075084795,2.3607598e-05,7.3585646e-06
0.068091881,2.3196515e-05,0.00036959833,0.0069554762,2.3614601e-05,7.3491048e-06
0.068153531,2.3104768e-05,0.000368882,0.0069764762,2.3593898e-05,7.3209073e-06
0.068215034,2.2994678e-05,0.00036816954,0.00702831,2.3560586e-05,7.2889169e-06
0.068276281,2.2870869e-05,0.00036761781,0.0068561087,2.3499745e-05,7.2499735e-06
0.068337224,2.2700813e-05,0.00036662786,0.00657634,2.340547e-05,7.1974337e-06
0.068397854,2.2559928e-05,0.00036632602,0.0068270278,2.333129e-05,7.1555297e-06
0.068443231,2.2514038e-05,0.00036726272,0.0067311818,2.3337666e-05,7.1426222e-06
0.068503573,2.2390115e-05,0.0003676661,0.00629782,2.3274072e-05,7.1048731e-06
0.068563712,2.2277162e-05,0.00036864691,0.0062112783,2.3239917e-05,7.0699337e-06
0.068623602,2.2133114e-05,0.0003693637,0.0063105451,2.3174162e-05,7.0249165e-06
0.068683102,2.192981e-05,0.00036912149,0.0059066781,2.3038946e-05,6.9645736e-06
0.068727368,2.1752724e-05,0.00036866789,0.0063893096,2.2905758e-05,6.9086128e-06
0.068785975,2.1546694e-05,0.00036891497,0.0064746953,2.2773614e-05,6.8484926e-06
0.068844184,2.1395415e-05,0.00037018828,0.0062564013,2.2705909e-05,6.8067853e-06
0.068902076,2.1245731e-05,0.00037172601,0.0062926292,2.2635389e-05,6.7626639e-06
0.068959665,2.1099912e-05,0.00037345485,0.0059828967,2.2569549e-05,6.7202595e-06
0.069016888,2.0925612e-05,0.0003748482,0.0058425996,2.2470999e-05,6.6683956e-06
0.069059544,2.0789933e-05,0.00037597904,0.0058472943,2.2397274e-05,6.6309403e-06
0.069116066,2.0636447e-05,0.00037808806,0.0057184064,2.2322014e-05,6.587497e-06
0.069172501,2.0625033e-05,0.00038302928,0.0058575292,2.2390834e-05,6.5869757e-06
0.069229078,2.0682066e-05,0.00038949062,0.0060057167,2.2539194e-05,6.610764e-06
0.069285997,2.0803049e-05,0.00039757824,0.0061223763,2.2754358e-05,6.6549849e-06
0.069329059,2.0966042e-05,0.00040528822,0.0061841244,2.2995274e-05,6.7124512e-06
0.069387056,2.1194814e-05,0.00041634817,0.0059047788,2.3335713e-05,6.7979175e-06
0.069445914,2.1539078e-05,0.0004302152,0.006632809,2.38007e-05,6.9185881e-06
0.069506073,2.2037992e-05,0.00044820287,0.0067136968,2.4442748e-05,7.0926493e-06
0.069567994,2.2729794e-05,0.00047108241,0.0067691926,2.5296587e-05,7.3312332e-06
0.069632133,2.3597118e-05,0.00049919951,0.0072461039,2.6360619e-05,7.6322328e-06
0.069682116,2.4396522e-05,0.00052471732,0.007041566,2.7339059e-05,7.912576e-06
0.069751616,2.5587518e-05,0.00056347344,0.0075327957,2.8777276e-05,8.325854e-06
0.069824465,2.6768453e-05,0.00060475316,0.0083583453,3.0221385e-05,8.7434968e-06
0.069900672,2.7984654e-05,0.00064997781,0.0087983691,3.170913e-05,9.1713347e-06
0.069980464,2.9286621e-05,0.00070128098,0.0090309357,3.3301547e-05,9.6392624e-06
0.070063937,3.0588315e-05,0.00075677207,0.0099455886,3.4889602e-05,1.0105228e-05
0.070128771,3.1388378e-05,0.00079720595,0.01011464,3.5888051e-05,1.0397858e-05
0.070216849,3.1856807e-05,0.00083979551,0.010292196,3.6534453e-05,1.0589865e-05
0.070305235,3.1860422e-05,0.00087321858,0.0098608323,3.6610954e-05,1.0619197e-05
0.070393141,3.158493e-05,0.00090098209,0.0098952058,3.6357252e-05,1.0554698e-05
0.07047996,3.1124547e-05,0.0009246131,0.0094665378,3.5863591e-05,1.0422499e-05
0.070544146,3.0753703e-05,0.00094212616,0.0093053183,3.5453558e-05,1.0310322e-05
0.070628434,3.0206789e-05,0.00096464019,0.0089100461,3.4845657e-05,1.0143296e-05
0.070710944,2.9615597e-05,0.00098552432,0.0085739129,3.4163133e-05,9.9570744e-06
0.070791911,2.9158674e-05,0.0010107121,0.0086213424,3.3625935e-05,9.8078409e-06
0.070871789,2.886136e-05,0.0010416465,0.0086332345,3.3259762e-05,9.7038973e-06
0.070950765,2.8615415e-05,0.0010740812,0.0085978231,3.293056e-05,9.60795e-06
0.071009553,2.8485029e-05,0.0011009526,0.0088413438,3.2754542e-05,9.5526696e-06
0.07108755,2.8410301e-05,0.0011408709,0.0086855082,3.2615956e-05,9.515972e-06
0.071165317,2.840605e-05,0.001184323,0.0094572765,3.2565781e-05,9.4985852e-06
0.071242921,2.8448426e-05,0.0012299975,0.0091964688,3.2549188e-05,9.4816563e-06
0.071320411,2.8487754e-05,0.001276051,0.00939551,3.2536137e-05,9.4603449e-06
0.071397923,2.8599308e-05,0.0013255004,0.0093948509,3.2593116e-05,9.4675144e-06
0.07145611,2.8666299e-05,0.0013611069,0.0093519296,3.2612129e-05,9.4733696e-06
0.071533787,2.8801244e-05,0.0014079055,0.01012163,3.2682126e-05,9.4862473e-06
0.071611605,2.896502e-05,0.0014518522,0.010017913,3.2782471e-05,9.5057316e-06
0.071689519,2.9089616e-05,0.001487935,0.010291556,3.2850864e-05,9.5203154e-06
0.071767553,2.9222981e-05,0.0015142642,0.010798894,3.2899081e-05,9.542047e-06
0.07182617,2.9338084e-05,0.0015233253,0.01034326,3.2948845e-05,9.5580051e-06
0.071904374,2.9479043e-05,0.0015201003,0.010195541,3.2994425e-05,9.5748554e-06
0.071982627,2.9579491e-05,0.0014955305,0.010761345,3.2996697e-05,9.5792101e-06
0.072060806,2.9642968e-05,0.0014557556,0.010886441,3.2943869e-05,9.569851e-06
0.072139059,2.9788669e-05,0.0014107146,0.010758948,3.2973121e-05,9.5821316e-06
0.072217463,2.9966131e-05,0.0013603675,0.010854309,3.3035288e-05,9.612213e-06
0.072276455,3.0158448e-05,0.0013232355,0.0110618,3.315292e-05,9.6547246e-06
0.072355726,3.0582467e-05,0.0012795514,0.01160786,3.3475336e-05,9.7579711e-06
0.07243613,3.1233123e-05,0.0012429634,0.011963482,3.4022748e-05,9.9324503e-06
0.072518406,3.2224307e-05,0.0012179105,0.012385677,3.4933851e-05,1.0207151e-05
0.072603613,3.3680845e-05,0.0012067168,0.01347844,3.6292352e-05,1.0609544e-05
0.072670543,3.5398089e-05,0.0012166233,0.013019693,3.7959795e-05,1.1108118e-05
0.072765553,3.8290997e-05,0.0012413162,0.014300144,4.0751395e-05,1.1960533e-05
0.072863596,3.8873043e-05,0.0011859696,0.014857506,4.0964946e-05,1.2075291e-05
0.072962384,3.9410965e-05,0.0011333934,0.014656234,4.1122506e-05,1.2190814e-05
0.073061761,3.9920668e-05,0.0010823596,0.014792548,4.1169781e-05,1.226468e-05
0.073161482,4.0232605e-05,0.0010283261,0.01469256,4.0994403e-05,1.2278683e-05
0.073234538,3.9227407e-05,0.00095893963,0.014545261,3.9610291e-05,1.1913308e-05
0.073329856,3.8758461e-05,0.00089374263,0.014643594,3.8685245e-05,1.1714326e-05
0.073423334,3.773354e-05,0.00082113276,0.01398159,3.7220411e-05,1.1349911e-05
0.073511412,3.5669994e-05,0.00073479576,0.014591537,3.4828456e-05,1.0674364e-05
0.07359563,3.4596314e-05,0.00067746804,0.013214836,3.3486831e-05,1.031398e-05
0.073678035,3.4206576e-05,0.00063885576,0.0133376,3.2889403e-05,1.0143229e-05
0.07373945,3.4237939e-05,0.00061837267,0.012588893,3.2795833e-05,1.0093961e-05
0.07382155,3.4487548e-05,0.00059711657,0.012032221,3.2885464e-05,1.0077551e-05
0.073904209,3.4849326e-05,0.00057994881,0.012611973,3.3109027e-05,1.0111468e-05
0.07398747,3.5235818e-05,0.00056472138,0.012936068,3.3362803e-05,1.0147529e-05
0.074071181,3.5480422e-05,0.00054881297,0.012986574,3.3494693e-05,1.0164737e-05
0.074134078,3.5580543e-05,0.0005366123,0.012979288,3.3537952e-05,1.0174908e-05
0.074217722,3.5622066e-05,0.00051996713,0.013084943,3.349963e-05,1.0172776e-05
0.074300746,3.5428913e-05,0.00050157598,0.012697255,3.3252988e-05,1.0099834e-05
0.074383185,3.5391611e-05,0.00048640644,0.012571516,3.3148406e-05,1.0079926e-05
0.074465561,3.5566861e-05,0.00047511028,0.013225557,3.3280625e-05,1.0128362e-05
0.074548462,3.600289e-05,0.00046787336,0.013597854,3.3634851e-05,1.0267648e-05
0.074611419,3.6522459e-05,0.00046548965,0.012667656,3.4117074e-05,1.0442004e-05
0.074697003,3.7435356e-05,0.00046577069,0.013586152,3.494351e-05,1.0755465e-05
0.074785018,3.864402e-05,0.00047028124,0.013662023,3.6085396e-05,1.1178761e-05
0.074875864,3.994784e-05,0.00047653387,0.014503127,3.7306635e-05,1.1598803e-05
0.074969135,4.0573331e-05,0.00047575385,0.014527257,3.7830772e-05,1.1772154e-05
0.075038989,4.0522164e-05,0.00046992759,0.014600524,3.7748072e-05,1.1714435e-05
0.075131867,4.0384533e-05,0.00046235873,0.014638965,3.7524279e-05,1.1610307e-05
0.075224484,4.0292693e-05,0.00045634268,0.014432388,3.7352155e-05,1.1552386e-05
0.075317102,4.0254915e-05,0.00045166638,0.014202065,3.7239603e-05,1.149172e-05
0.075409896,4.0265355e-05,0.00044833348,0.014835108,3.7184558e-05,1.1481628e-05
0.075502913,4.0341099e-05,0.00044680149,0.014516893,3.7200165e-05,1.150414e-05
0.075572914,4.0436538e-05,0.0004468831,0.014398005,3.7244395e-05,1.1544046e-05
0.075666753,4.0586227e-05,0.00044875808,0.013527942,3.7319482e-05,1.1613877e-05
0.07576106,4.0667993e-05,0.00045120149,0.014325555,3.7321114e-05,1.1653628e-05
0.075855891,4.0827814e-05,0.00045613581,0.013918045,3.7436401e-05,1.1705489e-05
0.075951404,4.1040716e-05,0.00046322761,0.014212275,3.7652361e-05,1.179901e-05
0.076047562,4.1163668e-05,0.00047046545,0.013971086,3.7823253e-05,1.1899488e-05
0.076120074,4.1228077e-05,0.00047626782,0.014672645,3.7931749e-05,1.1960293e-05
0.076217307,4.1321396e-05,0.00048514371,0.013940484,3.8102165e-05,1.2046127e-05
0.076315281,4.1528618e-05,0.00049615206,0.013713892,3.8374143e-05,1.2148169e-05
0.07641412,4.1715067e-05,0.00050829059,0.013653432,3.8669976e-05,1.2248956e-05
0.076513569,4.1756475e-05,0.00051948838,0.013585262,3.8833472e-05,1.2340554e-05
0.076588622,4.1923582e-05,0.00053047368,0.013878014,3.9130713e-05,1.2444019e-05
0.076689505,4.2181248e-05,0.00054644775,0.014382974,3.9543716e-05,1.258613e-05
0.076791097,4.2245497e-05,0.00056112438,0.013741712,3.980211e-05,1.2689625e-05
0.076893295,4.2427216e-05,0.0005782667,0.013830109,4.0127974e-05,1.2796673e-05
0.076996364,4.2715648e-05,0.00059782883,0.014323188,4.0569783e-05,1.2906677e-05
0.077100198,4.2921717e-05,0.00061710798,0.013736472,4.0886834e-05,1.2984604e-05
0.077178627,4.3054732e-05,0.00063197081,0.013883671,4.1113643e-05,1.3033407e-05
0.07728371,4.3173953e-05,0.00065156894,0.013660538,4.1380986e-05,1.3082887e-05
0.077389679,4.3539003e-05,0.00067600622,0.014189873,4.1870704e-05,1.3206134e-05
0.077496559,4.3808295e-05,0.00070057146,0.013612109,4.2316371e-05,1.3283724e-05
0.077604302,4.4081825e-05,0.00072743023,0.013876742,4.2734764e-05,1.3381422e-05
0.077685607,4.427488e-05,0.00074867996,0.013723635,4.3015327e-05,1.3441599e-05
0.077794312,4.4069508e-05,0.00077177811,0.01420475,4.2937773e-05,1.338425e-05
0.077902037,4.3623955e-05,0.00079264851,0.01382244,4.2593897e-05,1.324057e-05
0.078008787,4.3051672e-05,0.00081309746,0.013896778,4.2113853e-05,1.3059761e-05
0.07811457,4.2593778e-05,0.00083774642,0.013379851,4.1747136e-05,1.2911175e-05
0.078218465,4.0884621e-05,0.00083869236,0.012848551,4.0127577e-05,1.2409984e-05
0.078291469,3.8384698e-05,0.00081241407,0.011979133,3.7723798e-05,1.1662198e-05
0.078382966,3.5869512e-05,0.00078990009,0.010592583,3.5305904e-05,1.0898295e-05
0.078469513,3.4016266e-05,0.00077840948,0.010233875,3.3534577e-05,1.0346701e-05
0.078552097,3.2477435e-05,0.00077128062,0.009812347,3.2078182e-05,9.8837557e-06
0.078631474,3.1195077e-05,0.00076808132,0.0095653977,3.0860145e-05,9.4953311e-06
0.07870827,3.0196473e-05,0.00077026537,0.0097345625,2.9901066e-05,9.1873224e-06
0.078764484,2.9588854e-05,0.00077456145,0.0092275777,2.9324525e-05,8.9983861e-06
0.078837938,2.894256e-05,0.00078414826,0.0088831236,2.870526e-05,8.7962529e-06
0.078909978,2.8387831e-05,0.00079605858,0.008171513,2.8164577e-05,8.6175965e-06
0.078980866,2.7977015e-05,0.00081222943,0.0080873584,2.7756161e-05,8.4843014e-06
0.079050916,2.7695854e-05,0.00083301246,0.0083351223,2.7465037e-05,8.38844e-06
0.079103048,2.7537028e-05,0.00085087717,0.0079703447,2.7297775e-05,8.3377236e-06
0.079172092,2.7387773e-05,0.00087856477,0.0087907105,2.7132911e-05,8.286774e-06
0.079240816,2.7302928e-05,0.00091043699,0.0085879469,2.701743e-05,8.2445897e-06
0.079309326,2.7277185e-05,0.00094673156,0.0093633546,2.6950711e-05,8.2170412e-06
0.079377908,2.7367702e-05,0.00099039945,0.0087703084,2.6998326e-05,8.2278588e-06
0.079446745,2.7536286e-05,0.0010403838,0.0087766813,2.7116674e-05,8.2592935e-06
0.079498678,2.7754467e-05,0.0010842985,0.0095600118,2.7291557e-05,8.3136945e-06
0.079568452,2.8054334e-05,0.0011475917,0.0097541913,2.7525808e-05,8.3894928e-06
0.07963908,2.8489966e-05,0.001221039,0.0099502939,2.7891325e-05,8.5077652e-06
0.079710839,2.9074381e-05,0.0013046296,0.0099990499,2.8402008e-05,8.6766755e-06
0.07978399,2.9763373e-05,0.0013887741,0.011640572,2.9005191e-05,8.8741912e-06
0.079858966,3.0631259e-05,0.0014683329,0.012397005,2.977518e-05,9.1386429e-06
0.079916683,3.1380543e-05,0.0015113075,0.012623368,3.0442945e-05,9.3647149e-06
0.07999596,3.2604432e-05,0.0015435275,0.01375701,3.1565238e-05,9.7466382e-06
0.080078687,3.4256707e-05,0.0015544116,0.013302974,3.3067125e-05,1.0251223e-05
0.080165858,3.6296295e-05,0.0015519867,0.013645646,3.4947918e-05,1.0885811e-05
0.080259297,3.9253144e-05,0.0015611455,0.015524246,3.7691262e-05,1.1803209e-05
0.080334799,4.1983202e-05,0.0015732618,0.016411361,4.023327e-05,1.265195e-05
0.080437842,4.2240065e-05,0.0014571945,0.015830048,4.0345564e-05,1.2750813e-05
0.080541262,4.2503243e-05,0.0013521792,0.015990569,4.0465173e-05,1.2845217e-05
0.080645069,4.2763407e-05,0.0012581283,0.016146902,4.0607814e-05,1.2940333e-05
0.08074927,4.3038649e-05,0.0011764109,0.016745359,4.0755599e-05,1.3023075e-05
0.080853978,4.3500392e-05,0.0011098093,0.01581787,4.1078133e-05,1.3166575e-05
0.08093274,4.3566985e-05,0.0010588951,0.017281252,4.1076331e-05,1.317436e-05
0.081037026,4.3300957e-05,0.00099030662,0.016191992,4.0738961e-05,1.3091912e-05
0.081142384,4.4074916e-05,0.00095162795,0.017326292,4.1407741e-05,1.3324431e-05
0.081248616,4.4322625e-05,0.00090480094,0.016442588,4.1563274e-05,1.3408067e-05
0.081355189,4.4565809e-05,0.00086175079,0.017062012,4.1726501e-05,1.3488305e-05
0.08143529,4.4629971e-05,0.00082880029,0.017064743,4.1718167e-05,1.3512676e-05
0.081542565,4.4883092e-05,0.0007909924,0.016329037,4.1883765e-05,1.3601456e-05
0.081650084,4.518358e-05,0.00075647263,0.016558114,4.2045236e-05,1.3684964e-05
0.081757848,4.5265196e-05,0.00072122393,0.017222671,4.2029789e-05,1.3709934e-05
0.081865612,4.5356661e-05,0.00068939423,0.015459994,4.200764e-05,1.3733463e-05
0.081973895,4.5702235e-05,0.00066385778,0.015729389,4.2200266e-05,1.3843326e-05
0.082055106,4.5818731e-05,0.00064425822,0.016851574,4.2196729e-05,1.3880055e-05
0.082163389,4.5977208e-05,0.00062045595,0.016810265,4.2179395e-05,1.3917376e-05
0.082271671,4.6131505e-05,0.0005989157,0.01679994,4.2177202e-05,1.3924022e-05
0.082379953,4.6259946e-05,0.000579063,0.018028505,4.2164603e-05,1.3922343e-05
0.082488235,4.6392407e-05,0.00056113231,0.017193658,4.2142954e-05,1.393999e-05
0.082596518,4.6525375e-05,0.00054466105,0.018126011,4.2134331e-05,1.3957813e-05
0.082677729,4.6645038e-05,0.00053337136,0.018165518,4.2133843e-05,1.3970057e-05
0.082786012,4.6755876e-05,0.00051958388,0.01744192,4.2149626e-05,1.4001978e-05
0.082894294,4.6833373e-05,0.00050726246,0.017418721,4.2208405e-05,1.4024696e-05
0.083003217,4.7181336e-05,0.00049909807,0.017777535,4.2547627e-05,1.4106733e-05
0.083111973,4.6948762e-05,0.00048640192,0.016490852,4.2407239e-05,1.3986023e-05
0.08319283,4.6698856e-05,0.00047710292,0.015613557,4.2269911e-05,1.3875995e-05
0.083299578,4.6162119e-05,0.00046397183,0.015563337,4.1900397e-05,1.3681807e-05
0.083404822,4.5611036e-05,0.00045233791,0.014903033,4.1545014e-05,1.3515064e-05
0.083508399,4.4761087e-05,0.00043920972,0.014514745,4.0907636e-05,1.326979e-05
0.083610159,4.3913665e-05,0.00042727186,0.014332037,4.0270624e-05,1.3053719e-05
0.083709959,4.3058073e-05,0.00041641026,0.014046115,3.9628715e-05,1.2854705e-05
0.083783717,4.2479776e-05,0.00040952387,0.013683224,3.9189856e-05,1.2729877e-05
0.083880615,4.1899382e-05,0.00040281743,0.013822122,3.8779459e-05,1.2613681e-05
0.08397576,4.1044976e-05,0.00039413252,0.013904132,3.8080461e-05,1.2408557e-05
0.084069169,4.0186662e-05,0.00038589629,0.012661018,3.7375083e-05,1.2176657e-05
0.084161014,3.9603872e-05,0.00038076874,0.012458673,3.6920151e-05,1.2011996e-05
0.084228772,3.9024327e-05,0.00037585186,0.01239144,3.6455453e-05,1.1859945e-05
0.084317985,3.8450456e-05,0.00037136006,0.012448735,3.6002933e-05,1.1702474e-05
0.084405962,3.7866572e-05,0.00036710702,0.012507391,3.5553993e-05,1.1567726e-05
0.084493014,3.7550099e-05,0.00036564601,0.011829364,3.5357112e-05,1.1499325e-05
0.084579439,3.7213227e-05,0.00036442758,0.012113365,3.5161131e-05,1.1425974e-05
0.084665864,3.7147303e-05,0.00036614626,0.01230615,3.5217294e-05,1.1440167e-05
0.084730683,3.7101649e-05,0.00036769008,0.012176336,3.5255688e-05,1.1449326e-05
0.084817108,3.7023235e-05,0.00037001329,0.012864579,3.5312134e-05,1.1466449e-05
0.084904065,3.7248024e-05,0.00037588272,0.012576166,3.565086e-05,1.1585148e-05
0.084991757,3.7489874e-05,0.00038259057,0.012579133,3.6024253e-05,1.1696269e-05
0.085080816,3.8087942e-05,0.00039380179,0.01189747,3.6730562e-05,1.1910087e-05
0.085171549,3.871849e-05,0.00040653333,0.013316857,3.7501304e-05,1.2150368e-05
0.085241305,3.982619e-05,0.00042382556,0.013239616,3.8714395e-05,1.253724e-05
0.085336795,4.1031627e-05,0.00044565292,0.013394809,4.0073343e-05,1.2975833e-05
0.085436708,4.2869553e-05,0.00047716332,0.014684663,4.2096724e-05,1.3646654e-05
0.085542434,4.5599645e-05,0.00052256703,0.015356038,4.5034977e-05,1.461278e-05
0.085650982,4.5439269e-05,0.00053881,0.015282935,4.5114131e-05,1.4678881e-05
0.085732393,4.5310741e-05,0.00055265455,0.016244007,4.5190459e-05,1.4708126e-05
0.085839688,4.4437757e-05,0.0005642712,0.015190857,4.4561809e-05,1.4505848e-05
0.085946566,4.429307e-05,0.00058649863,0.015289162,4.4589329e-05,1.4518884e-05
0.086053443,4.4156324e-05,0.00061064,0.015202417,4.4634759e-05,1.4528282e-05
0.086160321,4.4047709e-05,0.00063617628,0.014962931,4.4690306e-05,1.4567648e-05
0.086267199,4.396982e-05,0.00066243303,0.01496926,4.4753658e-05,1.4619655e-05
0.086347357,4.3919874e-05,0.00068212185,0.015443902,4.4821147e-05,1.465059e-05
0.086452962,4.2843109e-05,0.000691187,0.014421757,4.3808603e-05,1.4305366e-05
0.086557295,4.28289e-05,0.00071523779,0.014208962,4.3843809e-05,1.4295396e-05
0.086661628,4.2853803e-05,0.00073857273,0.013609484,4.3867679e-05,1.4259222e-05
0.086765961,4.2914296e-05,0.00076176183,0.014205373,4.3822299e-05,1.4214201e-05
0.086844211,4.2980946e-05,0.00077954302,0.014122216,4.3815956e-05,1.4196443e-05
0.086944531,4.1447616e-05,0.00077331032,0.013293658,4.2110314e-05,1.3637981e-05
0.087044851,4.1539731e-05,0.00080004577,0.013788534,4.2126085e-05,1.3641956e-05
0.087145171,4.163576e-05,0.00083179837,0.013199242,4.2204535e-05,1.3662949e-05
0.087245491,4.1677419e-05,0.00087010714,0.013100899,4.2292112e-05,1.3684567e-05
0.087345812,4.1735738e-05,0.00091696584,0.012783391,4.235562e-05,1.3695632e-05
0.087421052,4.1749509e-05,0.00095824116,0.012558813,4.2355648e-05,1.3683122e-05
0.087520316,3.9984066e-05,0.00097964831,0.01229268,4.0568262e-05,1.307325e-05
0.087615993,3.972038e-05,0.0010418158,0.012198616,4.0246e-05,1.2929207e-05
0.087711083,3.9436573e-05,0.0011135754,0.011839569,3.994837e-05,1.2784362e-05
0.087805592,3.9140193e-05,0.0011930446,0.012328228,3.9608256e-05,1.2603518e-05
0.087899514,3.8846488e-05,0.0012798103,0.012142521,3.9271277e-05,1.242557e-05
0.087969702,3.8736096e-05,0.0013521102,0.012154815,3.9123708e-05,1.2313733e-05
0.088063042,3.8542449e-05,0.0014520007,0.012324532,3.8897498e-05,1.2155692e-05
0.08815598,3.8299566e-05,0.001546488,0.0126892,3.8601431e-05,1.1973812e-05
0.088248395,3.801592e-05,0.0016154037,0.012405306,3.8254671e-05,1.1795217e-05
0.088340451,3.7861003e-05,0.001635841,0.013018919,3.8020786e-05,1.1667213e-05
0.088409355,3.7760109e-05,0.0016062959,0.012571945,3.7853679e-05,1.1577644e-05
0.088500981,3.7565655e-05,0.0015192482,0.012298313,3.7559625e-05,1.1448587e-05
0.088592142,3.7311225e-05,0.0014067692,0.012666775,3.7214051e-05,1.1313708e-05
0.088682928,3.7146371e-05,0.001295835,0.012845762,3.6942252e-05,1.1225912e-05
0.088773581,3.705392e-05,0.0011930435,0.012794476,3.6760127e-05,1.116036e-05
0.088864053,3.6918734e-05,0.0010969582,0.012358802,3.6515959e-05,1.1076628e-05
0.088931693,3.6799299e-05,0.0010299151,0.012161679,3.6297098e-05,1.1011869e-05
0.08902166,3.6697899e-05,0.0009506123,0.011644897,3.6058477e-05,1.0939521e-05
0.089110749,3.5648108e-05,0.00085841856,0.012268023,3.487615e-05,1.0579031e-05
0.089194662,3.3430559e-05,0.00075403049,0.011165845,3.2565455e-05,9.8684337e-06
0.08927385,3.1650278e-05,0.00067405555,0.010837141,3.0670644e-05,9.2918085e-06
0.089349088,3.0126089e-05,0.00060965614,0.010560538,2.9042909e-05,8.8086512e-06
0.089403174,2.9049959e-05,0.00056791035,0.010181817,2.791942e-05,8.4754239e-06
0.089472628,2.7930784e-05,0.00052361755,0.0094710921,2.6717113e-05,8.1172279e-06
0.089539556,2.6937391e-05,0.00048612605,0.0093188751,2.5647384e-05,7.8049559e-06
0.089604294,2.6110849e-05,0.00045513918,0.008785958,2.4746888e-05,7.5369722e-06
0.089667056,2.532178e-05,0.00042773788,0.008522579,2.3905196e-05,7.2828054e-06
0.089712949,2.479915e-05,0.00040975461,0.0084220363,2.3332899e-05,7.1046522e-06
0.089772688,2.4154068e-05,0.00038839545,0.0075566215,2.2626816e-05,6.8852059e-06
0.089830937,2.3565688e-05,0.00036971331,0.0076992058,2.1991186e-05,6.6861568e-06
0.089887796,2.301963e-05,0.00035288633,0.0074841875,2.1395655e-05,6.4934146e-06
0.089943464,2.2566683e-05,0.00033863108,0.0069708244,2.0895503e-05,6.3305035e-06
0.089997944,2.2064864e-05,0.00032467056,0.0071641599,2.0355945e-05,6.1586675e-06
0.090038003,2.1692814e-05,0.00031477138,0.0073603884,1.9961336e-05,6.0304992e-06
0.09009043,2.125685e-05,0.00030301982,0.0066632529,1.9485235e-05,5.8718974e-06
0.090141853,2.0883622e-05,0.00029288238,0.0067265723,1.9074548e-05,5.734606e-06
0.09019259,2.0641412e-05,0.00028517066,0.0064223929,1.8794016e-05,5.6376211e-06
0.090242688,2.0355224e-05,0.00027720349,0.0063744853,1.8470424e-05,5.5280642e-06
0.090279801,2.0145503e-05,0.00027159035,0.005971955,1.8235463e-05,5.4507455e-06
0.090328646,1.9848699e-05,0.00026423101,0.0064078474,1.7905612e-05,5.3415488e-06
0.090376885,1.9642723e-05,0.00025842596,0.0061695854,1.7664776e-05,5.2574325e-06
0.090424799,1.9520232e-05,0.00025400038,0.0060738705,1.7502137e-05,5.195934e-06
0.090472316,1.9339777e-05,0.00024906605,0.0057367205,1.7290625e-05,5.1192678e-06
0.090519336,1.9111094e-05,0.00024377531,0.005978874,1.703938e-05,5.0288954e-06
0.09055426,1.8961403e-05,0.00024026304,0.0057649987,1.6870932e-05,4.968214e-06
0.090600479,1.8822659e-05,0.00023652063,0.0062594126,1.6698898e-05,4.9052112e-06
0.090646424,1.8714782e-05,0.00023339194,0.0057526764,1.6564922e-05,4.8548185e-06
0.090692204,1.8665196e-05,0.00023112576,0.0055172122,1.6479911e-05,4.8212984e-06
0.090737913,1.8638204e-05,0.000229295,0.005690038,1.641615e-05,4.7984773e-06
0.090783531,1.8596132e-05,0.00022744398,0.0061540484,1.6344917e-05,4.778296e-06
0.090817692,1.8572657e-05,0.00022625193,0.0058213651,1.6299479e-05,4.7675015e-06
0.090863259,1.8591425e-05,0.00022541672,0.0056997375,1.6287766e-05,4.7670785e-06
0.090908939,1.8642346e-05,0.00022513555,0.0056510876,1.6307458e-05,4.7735292e-06
0.090954843,1.8737524e-05,0.00022552558,0.00569694,1.6376522e-05,4.7921073e-06
0.091001057,1.887721e-05,0.00022652603,0.0055788462,1.6473684e-05,4.8186146e-06
0.091035981,1.9006664e-05,0.00022764487,0.0059356081,1.656869e-05,4.8442221e-06
0.091082964,1.9207929e-05,0.00022964474,0.0058759952,1.6722814e-05,4.885452e-06
0.091130497,1.9435128e-05,0.0002320802,0.005885396,1.6904127e-05,4.9331927e-06
0.091178697,1.9725918e-05,0.00023538091,0.0058863223,1.7138915e-05,4.9967899e-06
0.091227671,2.0051776e-05,0.00023922537,0.0068238903,1.7398645e-05,5.066805e-06
0.091277495,2.0421561e-05,0.00024371454,0.0062902663,1.7699586e-05,5.1482312e-06
0.091315511,2.0740765e-05,0.00024764357,0.0068996875,1.795325e-05,5.2170075e-06
0.091367176,2.122072e-05,0.00025375566,0.0068996187,1.8350142e-05,5.3253999e-06
0.091420053,2.1707998e-05,0.00026008695,0.0067325624,1.8749626e-05,5.4359492e-06
0.091474036,2.2159936e-05,0.00026610286,0.0072200613,1.9109932e-05,5.5390109e-06
0.091529102,2.2614047e-05,0.00027232392,0.0068719338,1.9472796e-05,5.6490043e-06
0.091571125,2.2970431e-05,0.0002773393,0.0070244277,1.9760381e-05,5.7412756e-06
0.091628211,2.3492175e-05,0.00028473106,0.0075543143,2.0182094e-05,5.8811837e-06
0.091686553,2.4013856e-05,0.00029230247,0.0075716347,2.0603228e-05,6.0228463e-06
0.091746001,2.4449897e-05,0.00029900363,0.0079116698,2.0945416e-05,6.144208e-06
0.091806456,2.4881139e-05,0.00030588516,0.008652654,2.1277916e-05,6.2603262e-06
0.091867941,2.533421e-05,0.00031307341,0.0088955789,2.1605909e-05,6.3702744e-06
0.091914664,2.5614333e-05,0.00031791843,0.0092504997,2.1803615e-05,6.4303847e-06
0.091977712,2.5974683e-05,0.00032429417,0.0096968481,2.2044686e-05,6.5044119e-06
0.092041283,2.6181303e-05,0.00032885926,0.010990304,2.2148164e-05,6.5402238e-06
0.09210521,2.6339235e-05,0.00033306777,0.0098002614,2.221575e-05,6.570165e-06
0.092169353,2.6458641e-05,0.00033685378,0.0097264461,2.2246464e-05,6.5875137e-06
0.092233595,2.6513816e-05,0.00033998968,0.010250968,2.2240046e-05,6.5958092e-06
0.092281723,2.6502185e-05,0.00034182621,0.010165495,2.2191184e-05,6.5888012e-06
0.092345853,2.6564416e-05,0.00034539091,0.01022482,2.2192513e-05,6.593337e-06
0.092410128,2.6685759e-05,0.00035012445,0.0093930468,2.2247445e-05,6.614029e-06
0.092474658,2.6860884e-05,0.00035594728,0.0092993143,2.235186e-05,6.6475804e-06
0.09253951,2.7010605e-05,0.00036183801,0.0097311614,2.2436195e-05,6.6734042e-06
0.092588319,2.7133818e-05,0.00036658435,0.009498533,2.25058e-05,6.6962211e-06
0.092653665,2.7312183e-05,0.00037360894,0.0096078228,2.2605799e-05,6.7302343e-06
0.092719436,2.7539786e-05,0.00038183886,0.0088031055,2.2742459e-05,6.7785032e-06
0.092785701,2.7792486e-05,0.00039100753,0.0092521537,2.2900455e-05,6.8333945e-06
0.092852427,2.802311e-05,0.00040042462,0.0086034333,2.3031734e-05,6.8820645e-06
0.092919679,2.829393e-05,0.00041108714,0.008855747,2.3193178e-05,6.9495312e-06
0.092970462,2.8456884e-05,0.00041902217,0.0085336667,2.3284067e-05,6.9889138e-06
0.093038445,2.8603729e-05,0.00042919937,0.0086276723,2.3342937e-05,7.0232074e-06
0.093106617,2.8709477e-05,0.00043942588,0.009134107,2.3376859e-05,7.0472631e-06
0.093175025,2.883476e-05,0.00045062808,0.0092481072,2.3428387e-05,7.0875231e-06
0.093243758,2.9010959e-05,0.00046329789,0.0095328491,2.3515138e-05,7.1319311e-06
0.093295546,2.9130768e-05,0.00047291837,0.0099984487,2.3573965e-05,7.1604102e-06
0.09336482,2.9232685e-05,0.00048549351,0.0098191548,2.3622634e-05,7.1824671e-06
0.09343426,2.9298737e-05,0.0004978133,0.0097219919,2.3632024e-05,7.1875973e-06
0.0935037,2.9283857e-05,0.00050917163,0.009824335,2.3571683e-05,7.1751972e-06
0.093573045,2.9272014e-05,0.0005210702,0.0097592317,2.3510907e-05,7.158647e-06
0.093642574,2.9434596e-05,0.00053694152,0.010316784,2.3594333e-05,7.186235e-06
0.093695033,2.9614491e-05,0.00055040368,0.010205088,2.3686576e-05,7.2117942e-06
0.093765483,2.9941461e-05,0.00057131802,0.009011801,2.3888755e-05,7.2737958e-06
0.093836925,3.0450624e-05,0.00059756804,0.0089220459,2.4225709e-05,7.3822403e-06
0.093909404,3.0924629e-05,0.00062494675,0.0090511912,2.4510714e-05,7.478531e-06
0.093982908,3.1446267e-05,0.00065554524,0.0096128292,2.4822881e-05,7.5827884e-06
0.09405733,3.1876877e-05,0.00068703298,0.0096880251,2.5048706e-05,7.6609963e-06
0.094113579,3.2118538e-05,0.00071093829,0.010499647,2.515324e-05,7.7041519e-06
0.094189117,3.2510512e-05,0.00074744401,0.012187739,2.5335093e-05,7.7817441e-06
0.094265501,3.3038638e-05,0.00079127861,0.012611485,2.5604281e-05,7.8970972e-06
0.09434317,3.3769158e-05,0.00084579055,0.012345686,2.6025627e-05,8.070227e-06
0.094422521,3.4678272e-05,0.00091225956,0.013693751,2.658363e-05,8.301646e-06
0.094483319,3.5460252e-05,0.00097071122,0.013289195,2.7065283e-05,8.500706e-06
0.094566544,3.6783048e-05,0.0010660151,0.015110633,2.7918902e-05,8.8450408e-06
0.09465301,3.8476009e-05,0.0011870841,0.015994837,2.9034608e-05,9.2865103e-06
0.094741063,3.8627366e-05,0.0012744136,0.015430105,2.8982973e-05,9.379237e-06
0.094828549,3.8597735e-05,0.0013608371,0.016091165,2.877989e-05,9.4201059e-06
0.09491576,3.8690127e-05,0.0014468602,0.015245029,2.8685926e-05,9.4869983e-06
0.094981204,3.886855e-05,0.0015003812,0.015323183,2.8702803e-05,9.5668494e-06
0.095068743,3.918442e-05,0.0015316272,0.015481602,2.8780955e-05,9.7000371e-06
0.095156816,3.9591449e-05,0.0015102978,0.0152972,2.8957574e-05,9.8485001e-06
0.095245703,4.0119082e-05,0.0014530841,0.014896183,2.9223979e-05,1.0019756e-05
0.095335533,4.0716873e-05,0.0013794691,0.014847487,2.9540765e-05,1.0195253e-05
0.095426429,4.1319813e-05,0.001305749,0.014471766,2.9889713e-05,1.0354182e-05
0.095495325,4.1788937e-05,0.0012538882,0.01547038,3.0159594e-05,1.0459235e-05
0.095588242,4.2492823e-05,0.0011933163,0.016454976,3.0562065e-05,1.0615321e-05
0.095681814,4.231982e-05,0.0011168041,0.015863398,3.0354238e-05,1.0541709e-05
0.095773945,4.2090437e-05,0.0010500405,0.015246884,3.0123379e-05,1.0446027e-05
0.095867248,4.3017261e-05,0.0010194672,0.015270791,3.0761085e-05,1.0659744e-05
0.095938914,4.3981653e-05,0.0010058079,0.015733255,3.1460002e-05,1.0902626e-05
0.096037332,4.5174499e-05,0.00098757155,0.015615789,3.2331338e-05,1.1242404e-05
0.096137194,4.5711126e-05,0.00095798133,0.015563471,3.2721063e-05,1.1407635e-05
0.09623826,4.6195891e-05,0.00093085119,0.015555587,3.3095745e-05,1.1580608e-05
0.096340339,4.6586943e-05,0.00090504254,0.015778877,3.3419011e-05,1.1732063e-05
0.096443282,4.6900731e-05,0.00088147408,0.016643265,3.3668238e-05,1.1866101e-05
0.09652106,4.7160964e-05,0.00086562303,0.016488612,3.386841e-05,1.1962363e-05
0.096625433,4.7468103e-05,0.0008463777,0.01725976,3.4107707e-05,1.20758e-05
0.096730579,4.7791646e-05,0.00082953489,0.017473542,3.4359708e-05,1.2198191e-05
0.096836716,4.8241711e-05,0.00081700569,0.017733856,3.4727694e-05,1.2363751e-05
0.096944264,4.8854339e-05,0.00080803705,0.01778154,3.5161729e-05,1.2571208e-05
0.097025416,4.8923195e-05,0.00079566195,0.019072503,3.5235019e-05,1.2607852e-05
0.097133919,4.9042241e-05,0.00078032296,0.019481728,3.5341142e-05,1.2647616e-05
0.097242746,4.9085872e-05,0.0007645267,0.018534239,3.5392978e-05,1.2723038e-05
0.097351813,4.9117058e-05,0.00074955357,0.020882126,3.5444634e-05,1.2776898e-05
0.097461012,4.9040421e-05,0.00073430174,0.020827309,3.5430237e-05,1.2824114e-05
0.097570322,4.893521e-05,0.00071993129,0.019896,3.5433477e-05,1.2842588e-05
0.097652166,4.8456777e-05,0.00070434359,0.018635698,3.5232078e-05,1.2713132e-05
0.097758182,4.6663291e-05,0.00066809197,0.017725671,3.4138584e-05,1.2202513e-05
0.097862399,4.5897009e-05,0.00064853161,0.016500685,3.3818002e-05,1.2033652e-05
0.097965789,4.5382855e-05,0.00063403232,0.01676596,3.3718951e-05,1.1960187e-05
0.098068859,4.5108244e-05,0.00062405795,0.015922948,3.3790573e-05,1.1989126e-05
0.098172311,4.5153678e-05,0.00061939667,0.015721216,3.4096189e-05,1.2138478e-05
0.098250456,4.530324e-05,0.00061774222,0.015702536,3.440241e-05,1.2293689e-05
0.098355849,4.5706499e-05,0.00061900263,0.016307077,3.496978e-05,1.2568542e-05
0.098463092,4.6367438e-05,0.00062404873,0.015745408,3.5704229e-05,1.2906103e-05
0.098572804,4.7254733e-05,0.00063195564,0.015184203,3.6613425e-05,1.3305266e-05
0.098684051,4.7280454e-05,0.0006285893,0.015747345,3.6822077e-05,1.3458046e-05
0.098767754,4.7217298e-05,0.00062493861,0.015593027,3.6920369e-05,1.3536514e-05
0.098879815,4.7201598e-05,0.00062139906,0.015689037,3.712367e-05,1.3668431e-05
0.098992413,4.7160572e-05,0.00061785032,0.015294726,3.7313498e-05,1.3796238e-05
0.099105578,4.7148791e-05,0.00061522684,0.015553614,3.7571464e-05,1.3937133e-05
0.099219345,4.715548e-05,0.00061358997,0.014921631,3.787693e-05,1.4085713e-05
0.099333772,4.7214113e-05,0.00061341762,0.015772479,3.8234644e-05,1.4224047e-05
0.099420043,4.7222952e-05,0.00061392739,0.015282524,3.8511934e-05,1.4338322e-05
0.099535742,4.7269918e-05,0.00061601236,0.015070284,3.886527e-05,1.4466059e-05
0.099652213,4.7374716e-05,0.00062045591,0.014417096,3.928044e-05,1.4580381e-05
0.099769005,4.6948215e-05,0.00061939963,0.014083165,3.924281e-05,1.4527751e-05
0.099884406,4.6129973e-05,0.00061406702,0.014332097,3.883779e-05,1.4321975e-05
0.099969959,4.5493875e-05,0.00061043766,0.01294266,3.8525871e-05,1.4172798e-05
0.10008274,4.467051e-05,0.00060667687,0.012921419,3.8081624e-05,1.3969372e-05
0.10019393,4.3851151e-05,0.00060340362,0.012415075,3.7606809e-05,1.3749463e-05
0.10030355,4.3041289e-05,0.0006009627,0.013632695,3.7150845e-05,1.3543631e-05
0.1004116,4.2248497e-05,0.00059914258,0.012613232,3.6671046e-05,1.3333204e-05
0.10051806,4.1470538e-05,0.00059825573,0.013283165,3.6193397e-05,1.3131225e-05
0.10059687,4.0889521e-05,0.00059792455,0.012947115,3.583264e-05,1.2976032e-05
0.1007006,4.0178353e-05,0.00059851703,0.014168795,3.5351781e-05,1.2772829e-05
0.10080286,3.9472202e-05,0.00060011062,0.013264305,3.4885102e-05,1.2585126e-05
0.10090366,3.8840311e-05,0.00060284814,0.013040569,3.4434649e-05,1.2393674e-05
0.10100302,3.8211756e-05,0.00060612799,0.012830766,3.3959125e-05,1.2177203e-05
0.10110099,3.7671104e-05,0.00061085815,0.012607418,3.3529438e-05,1.196305e-05
0.10117355,3.7244747e-05,0.00061436165,0.012687524,3.3171054e-05,1.1793397e-05
0.10126912,3.675852e-05,0.00062088999,0.012910419,3.2756528e-05,1.1574424e-05
0.10136342,3.6307075e-05,0.00062872937,0.012019896,3.2341295e-05,1.1353962e-05
0.10145648,3.5866241e-05,0.00063781804,0.012104047,3.1950673e-05,1.1124562e-05
0.10154834,3.5483111e-05,0.00064894424,0.012592509,3.1605172e-05,1.091629e-05
0.10161651,3.5210128e-05,0.0006582836,0.012182891,3.1342132e-05,1.0759185e-05
0.10170642,3.4852717e-05,0.00067216264,0.012147907,3.099809e-05,1.0555848e-05
0.10179529,3.4542211e-05,0.00068825826,0.012067582,3.0684286e-05,1.037025e-05
0.10188317,3.4248122e-05,0.00070637636,0.011294835,3.0369463e-05,1.017724e-05
0.10197018,3.4000461e-05,0.00072786945,0.010938445,3.0101095e-05,1.0014501e-05
0.10205638,3.3802431e-05,0.00075252352,0.011104116,2.9845366e-05,9.8521976e-06
0.10212053,3.3647686e-05,0.00077284449,0.01085427,2.9670328e-05,9.7342036e-06
0.10220542,3.3487773e-05,0.00080339945,0.010850798,2.9445511e-05,9.5939935e-06
0.10228972,3.3377861e-05,0.00083889828,0.011534559,2.9265571e-05,9.4674169e-06
0.10237358,3.3311531e-05,0.00087977796,0.011507215,2.912093e-05,9.3621762e-06
0.10245695,3.3201479e-05,0.00092382567,0.010881457,2.8941246e-05,9.2511679e-06
0.10251911,3.3115808e-05,0.00095971988,0.01136984,2.8802729e-05,9.1679705e-06
0.10260165,3.3147835e-05,0.0010146849,0.01077133,2.8716755e-05,9.1071286e-06
0.10268406,3.3214867e-05,0.0010752496,0.011428485,2.868011e-05,9.07165e-06
0.10276628,3.3222111e-05,0.0011381417,0.010748808,2.8594949e-05,9.0296316e-06
0.10284823,3.3200372e-05,0.0012020527,0.010490097,2.8492834e-05,8.981973e-06
0.10293001,3.328772e-05,0.0012678415,0.010594443,2.8455725e-05,8.9626207e-06
0.10299141,3.3400569e-05,0.0013122746,0.011761365,2.8492445e-05,8.9638791e-06
0.10307266,3.2693022e-05,0.0013190695,0.010214936,2.7798412e-05,8.7284502e-06
0.10314923,3.0548514e-05,0.0012355944,0.010150531,2.5891786e-05,8.1202953e-06
0.10322032,2.8453932e-05,0.0011295383,0.0087678054,2.4043567e-05,7.530141e-06
0.10328682,2.6778333e-05,0.0010280613,0.0090294769,2.2567176e-05,7.0601139e-06
0.1033494,2.5279795e-05,0.00093184936,0.0089642776,2.1248782e-05,6.6418153e-06
0.10339402,2.4272227e-05,0.00086532063,0.0084989797,2.0368268e-05,6.3631726e-06
0.10345097,2.3159028e-05,0.00079000066,0.007812708,1.9395328e-05,6.0573206e-06
0.1035054,2.221946e-05,0.00072590832,0.0076948982,1.8575158e-05,5.7970671e-06
0.10355778,2.1479045e-05,0.00067296975,0.0076483823,1.7924741e-05,5.5905573e-06
0.10360858,2.0887312e-05,0.00062856364,0.0070292491,1.7401252e-05,5.4241722e-06
0.10364566,2.0393117e-05,0.00059600531,0.0069385541,1.6969387e-05,5.2864847e-06
0.10369367,1.9753079e-05,0.00055583816,0.006565825,1.6404218e-05,5.1066193e-06
0.10374027,1.9250304e-05,0.00052247505,0.0065279234,1.596012e-05,4.9664846e-06
0.10378586,1.8892243e-05,0.00049534331,0.0067288177,1.5645098e-05,4.8676479e-06
0.10383065,1.8599314e-05,0.00047155385,0.0064182246,1.5384182e-05,4.7855737e-06
0.10387494,1.846086e-05,0.00045323793,0.005879809,1.525083e-05,4.7436627e-06
0.10390799,1.8394357e-05,0.00044114226,0.0060565716,1.5181627e-05,4.7223726e-06
0.10395194,1.8390696e-05,0.00042787604,0.0064161068,1.5159832e-05,4.7166675e-06
0.10399602,1.8481936e-05,0.00041744542,0.0064137855,1.5218594e-05,4.7365297e-06
0.10404038,1.862761e-05,0.0004087543,0.0060353508,1.5320395e-05,4.7707425e-06
0.1040851,1.879344e-05,0.00040095326,0.0065381643,1.5442291e-05,4.8116171e-06
0.10413027,1.9013273e-05,0.00039456986,0.0061721427,1.5603969e-05,4.8664726e-06
0.10416458,1.9249541e-05,0.00039144022,0.0064502154,1.5785537e-05,4.9263746e-06
0.10421101,1.9593002e-05,0.0003879657,0.0065098451,1.6049032e-05,5.014068e-06
0.10425831,1.9967929e-05,0.00038519173,0.0067676224,1.6334777e-05,5.1070234e-06
0.1043065,2.0344483e-05,0.00038254078,0.0070256369,1.6624873e-05,5.200211e-06
0.10435561,2.0738132e-05,0.00038016789,0.0068962923,1.692568e-05,5.2972113e-06
0.10439306,2.1031872e-05,0.00037834772,0.0070302957,1.7145469e-05,5.3695712e-06
0.10444375,2.1369576e-05,0.00037510871,0.0069134699,1.7397901e-05,5.4554241e-06
0.10449518,2.1674886e-05,0.00037139854,0.0072590203,1.7624282e-05,5.5330577e-06
0.10454736,2.1979935e-05,0.00036790685,0.007069874,1.7847415e-05,5.6087514e-06
0.10460024,2.2271329e-05,0.00036439092,0.0075974014,1.8060628e-05,5.6802259e-06
0.10465381,2.253086e-05,0.00036056296,0.0082579008,1.8249191e-05,5.7419829e-06
0.10469437,2.2691691e-05,0.00035733383,0.0086447795,1.8365075e-05,5.7797433e-06
0.10474894,2.2928493e-05,0.00035352215,0.0082881329,1.8533775e-05,5.8321147e-06
0.10480408,2.3139786e-05,0.00034945254,0.0087620841,1.8679052e-05,5.8772001e-06
0.10485968,2.3324225e-05,0.00034524019,0.0084243345,1.8806448e-05,5.9171369e-06
0.10491573,2.3483094e-05,0.00034095607,0.0092060499,1.8916722e-05,5.9503605e-06
0.10495806,2.362202e-05,0.00033819406,0.0091972899,1.9014023e-05,5.9797688e-06
0.10501494,2.3828473e-05,0.00033491588,0.0089569541,1.9159785e-05,6.0232308e-06
0.10507239,2.4047165e-05,0.00033195675,0.0083865002,1.9321021e-05,6.0751773e-06
0.1051304,2.4270874e-05,0.00032927159,0.0086962616,1.9484181e-05,6.1297724e-06
0.10518887,2.4413146e-05,0.00032570566,0.0089264504,1.9582237e-05,6.1622757e-06
0.10524774,2.4559271e-05,0.00032238134,0.0085118683,1.9682464e-05,6.1920482e-06
0.10529215,2.4676065e-05,0.00032000071,0.0085581247,1.9762875e-05,6.2164678e-06
0.10535169,2.4799982e-05,0.00031667546,0.0088222167,1.9852454e-05,6.2482083e-06
0.10541154,2.4913484e-05,0.00031334852,0.0087791275,1.9928255e-05,6.2731737e-06
0.10547174,2.5045283e-05,0.00031041924,0.009065903,2.0018601e-05,6.297639e-06
0.10553226,2.5162638e-05,0.00030751253,0.0083073999,2.0101331e-05,6.317985e-06
0.10559312,2.5298868e-05,0.00030499534,0.0084437142,2.0194598e-05,6.348333e-06
0.105639,2.5396321e-05,0.00030314378,0.0082755832,2.0257865e-05,6.3687806e-06
0.10570044,2.5509738e-05,0.00030061878,0.008636528,2.0328494e-05,6.3862015e-06
0.10576219,2.5635354e-05,0.00029843814,0.0081799496,2.0408074e-05,6.4054243e-06
0.10582426,2.5746205e-05,0.00029622335,0.0081031418,2.0471691e-05,6.4246244e-06
0.10588662,2.5848968e-05,0.00029405354,0.0081927001,2.0527793e-05,6.4383086e-06
0.10593358,2.5935942e-05,0.00029270964,0.0081662268,2.0578586e-05,6.4480954e-06
0.10599642,2.6022042e-05,0.00029065446,0.0084687484,2.0618875e-05,6.4523705e-06
0.10605944,2.607393e-05,0.00028841947,0.0082752695,2.0633093e-05,6.4511496e-06
0.10612261,2.6107705e-05,0.00028619276,0.0074477056,2.0640201e-05,6.4441472e-06
0.10618586,2.6124962e-05,0.00028395922,0.0080089313,2.0631014e-05,6.4349471e-06
0.10624916,2.613131e-05,0.00028180385,0.0083412728,2.0605012e-05,6.4208166e-06
0.10629667,2.6134089e-05,0.00028031657,0.0081049629,2.0590002e-05,6.4136012e-06
0.10636003,2.6121768e-05,0.00027832228,0.0077824449,2.0553502e-05,6.4008795e-06
0.10642339,2.6108855e-05,0.00027652188,0.0078869271,2.0515599e-05,6.3842396e-06
0.10648679,2.6110115e-05,0.00027504557,0.0081188296,2.0496855e-05,6.3750451e-06
0.10655019,2.6096909e-05,0.00027361427,0.0077783475,2.0464648e-05,6.3652704e-06
0.10659774,2.6091703e-05,0.00027266098,0.0076887891,2.0440932e-05,6.3565874e-06
0.10666117,2.6097011e-05,0.0002716967,0.0079367341,2.0426006e-05,6.3550096e-06
0.10672469,2.6145133e-05,0.00027133929,0.0074537524,2.0441349e-05,6.3644947e-06
0.10678838,2.6229364e-05,0.0002714673,0.0078885521,2.04883e-05,6.3850957e-06
0.10685227,2.6319746e-05,0.00027179152,0.0081496669,2.0538674e-05,6.4045781e-06
0.10691643,2.6445222e-05,0.00027265948,0.007849569,2.06225e-05,6.4361337e-06
0.10696481,2.6593522e-05,0.00027395383,0.0079891657,2.0731795e-05,6.473408e-06
0.10702976,2.6840553e-05,0.00027635286,0.0079262742,2.0914297e-05,6.5365318e-06
0.10709535,2.7136434e-05,0.00027940656,0.0082683314,2.113291e-05,6.6130712e-06
0.10716165,2.745783e-05,0.00028296342,0.0082778466,2.1376198e-05,6.693527e-06
0.10722882,2.7887922e-05,0.00028784022,0.0083787878,2.1700651e-05,6.8047146e-06
0.10729704,2.8379535e-05,0.00029359046,0.0087222443,2.2067211e-05,6.9358743e-06
0.10734899,2.8782489e-05,0.00029839067,0.0092213722,2.2364039e-05,7.041811e-06
0.10741937,2.936133e-05,0.00030546407,0.0097338513,2.2787518e-05,7.1911486e-06
0.10749101,2.9919456e-05,0.00031261773,0.01077776,2.3192979e-05,7.3363786e-06
0.10756362,3.0317444e-05,0.00031825826,0.010474801,2.3464194e-05,7.4381801e-06
0.10763695,3.0633988e-05,0.00032336912,0.010133966,2.366697e-05,7.528242e-06
0.10769227,3.0792226e-05,0.00032652476,0.010446709,2.3756456e-05,7.5843007e-06
0.10776607,3.0824356e-05,0.00032906466,0.0092665638,2.372418e-05,7.610211e-06
0.1078398,3.0878512e-05,0.00033212454,0.010328089,2.3704311e-05,7.6394189e-06
0.10791371,3.1059819e-05,0.00033692392,0.010089442,2.3761203e-05,7.6756442e-06
0.10798835,3.1535246e-05,0.00034543234,0.0099177328,2.4041661e-05,7.770431e-06
0.1080642,3.2128762e-05,0.00035558345,0.010411947,2.4373295e-05,7.8859615e-06
0.10812194,3.2616418e-05,0.00036406915,0.010398323,2.4653443e-05,7.9721164e-06
0.10819993,3.3136941e-05,0.00037452243,0.010370469,2.4925686e-05,8.0548515e-06
0.10827876,3.3511906e-05,0.00038378665,0.011439447,2.5110811e-05,8.1143677e-06
0.10835806,3.3788361e-05,0.000392386,0.011614871,2.5268352e-05,8.1591563e-06
0.10843794,3.423167e-05,0.00040332977,0.012075844,2.5561618e-05,8.2657972e-06
0.10849855,3.4690614e-05,0.00041343741,0.012195413,2.5876775e-05,8.386961e-06
0.10858042,3.5391156e-05,0.00042863407,0.011254041,2.6373589e-05,8.5852943e-06
0.10866398,3.6313938e-05,0.00044764326,0.011946163,2.7037223e-05,8.8397711e-06
0.1087496,3.7435955e-05,0.00047047004,0.011207354,2.7848965e-05,9.1426692e-06
0.10883645,3.7582753e-05,0.00048236895,0.01172014,2.7935282e-05,9.1988547e-06
0.10892217,3.7182158e-05,0.00048798078,0.011573447,2.7609689e-05,9.1128252e-06
0.10898566,3.6898956e-05,0.00049277009,0.010815384,2.737228e-05,9.0402635e-06
0.10906946,3.6635808e-05,0.00050138241,0.010539523,2.7152454e-05,8.9724815e-06
0.10915259,3.6470915e-05,0.00051202321,0.010316711,2.7004535e-05,8.9287659e-06
0.10923523,3.6394802e-05,0.00052468675,0.009954168,2.6922377e-05,8.9051469e-06
0.10931761,3.6416469e-05,0.00053966541,0.010113743,2.6922962e-05,8.9018366e-06
0.10939998,3.6535757e-05,0.00055700135,0.0095404294,2.6978732e-05,8.9147275e-06
0.10946196,3.6730359e-05,0.00057218732,0.0095889633,2.7106888e-05,8.9459454e-06
0.1095451,3.7084356e-05,0.00059507153,0.0096070756,2.7347573e-05,9.0046597e-06
0.10962896,3.7518572e-05,0.00062034243,0.0098770133,2.7647029e-05,9.0805206e-06
0.10971377,3.8022265e-05,0.00064835299,0.010009047,2.8006961e-05,9.1753292e-06
0.10979968,3.861779e-05,0.00067949276,0.010345184,2.8438598e-05,9.293364e-06
0.10986489,3.9062449e-05,0.00070398736,0.0099608158,2.8757006e-05,9.3657935e-06
0.10995283,3.9609725e-05,0.00073755365,0.010943713,2.9163705e-05,9.4588438e-06
0.11004173,4.0088348e-05,0.00077193386,0.010396963,2.951096e-05,9.5481798e-06
0.11013148,4.0502421e-05,0.00080722762,0.010349477,2.9814055e-05,9.6256582e-06
0.11022192,4.0864617e-05,0.00084436479,0.010687924,3.0085727e-05,9.6969198e-06
0.11031298,4.1191638e-05,0.00088375581,0.011134199,3.0327605e-05,9.7665594e-06
0.11038171,4.1472261e-05,0.00091641181,0.011418391,3.0521446e-05,9.8283783e-06
0.11047389,4.1805545e-05,0.00096356406,0.011942588,3.076712e-05,9.9117927e-06
0.11056683,4.2255417e-05,0.0010187628,0.012388441,3.1085263e-05,1.0016955e-05
0.11066071,4.2803287e-05,0.0010835707,0.013563798,3.1473508e-05,1.0164857e-05
0.11075584,4.3465651e-05,0.0011599905,0.014896575,3.1935804e-05,1.0357188e-05
0.1108526,4.4352443e-05,0.0012525244,0.015742661,3.2557162e-05,1.0618651e-05
0.11092652,4.5147061e-05,0.0013334432,0.016397523,3.3120604e-05,1.0859924e-05
0.1110273,4.6451989e-05,0.0014609509,0.017103321,3.4056796e-05,1.1254516e-05
0.11112979,4.6762077e-05,0.0015698869,0.016915532,3.427342e-05,1.1429571e-05
0.11123245,4.6930902e-05,0.0016767171,0.016473484,3.4362878e-05,1.157435e-05
0.11133528,4.7008223e-05,0.0017649783,0.015801349,3.4400293e-05,1.1714502e-05
0.11141258,4.7132873e-05,0.0018119635,0.016044286,3.4490222e-05,1.184414e-05
0.1115159,4.7262191e-05,0.0018255651,0.016434874,3.4598327e-05,1.2012507e-05
0.11161957,4.7457562e-05,0.0017902624,0.016048718,3.4782482e-05,1.2194452e-05
0.11172354,4.7591474e-05,0.0017148562,0.016285441,3.494202e-05,1.2366886e-05
0.11182786,4.7722387e-05,0.001621404,0.016236805,3.5124999e-05,1.2535577e-05
0.11193253,4.7940386e-05,0.0015297935,0.016774664,3.5381566e-05,1.2736748e-05
0.11201128,4.8075344e-05,0.0014638088,0.016412311,3.5586343e-05,1.288062e-05
0.11211667,4.825094e-05,0.0013807319,0.017266227,3.5887344e-05,1.3059407e-05
0.1122225,4.842546e-05,0.0013035331,0.017067318,3.6223757e-05,1.3277564e-05
0.11232873,4.8599178e-05,0.0012329459,0.017169177,3.65846e-05,1.3473039e-05
0.11243533,4.8676708e-05,0.0011672043,0.017518946,3.6929232e-05,1.3680821e-05
0.11251556,4.877501e-05,0.0011229779,0.017866037,3.7214801e-05,1.3863269e-05
0.11262289,4.8898323e-05,0.0010696672,0.018659809,3.7640109e-05,1.4090961e-05
0.11273057,4.8985452e-05,0.0010206555,0.018213781,3.8004337e-05,1.4291338e-05
0.11283864,4.9122884e-05,0.00097763869,0.018002603,3.8462893e-05,1.4468257e-05
0.11294707,4.9222413e-05,0.00093663249,0.018570049,3.8825886e-05,1.4605598e-05
0.11305582,4.9294746e-05,0.00089818289,0.019570796,3.9195206e-05,1.4698721e-05
0.11313759,4.926833e-05,0.0008699228,0.019315024,3.94225e-05,1.4755088e-05
0.11324675,4.9235112e-05,0.0008341957,0.017724832,3.9683581e-05,1.4789006e-05
0.11335599,4.9097256e-05,0.00079981694,0.01945691,3.9883079e-05,1.4790387e-05
0.11346536,4.9024589e-05,0.00076970428,0.018438138,4.0127674e-05,1.4796016e-05
0.11357477,4.879551e-05,0.00074070238,0.017973367,4.0324134e-05,1.4799042e-05
0.11368422,4.8619351e-05,0.00071530985,0.017108527,4.0647007e-05,1.488692e-05
0.11376641,4.8427591e-05,0.00069689634,0.016932896,4.0843245e-05,1.4888971e-05
0.11387599,4.8174251e-05,0.000674565,0.016733308,4.1086718e-05,1.48103e-05
0.11398574,4.7957007e-05,0.00065567755,0.016021853,4.136673e-05,1.4796277e-05
0.11409567,4.7749148e-05,0.00063924638,0.015473426,4.1626417e-05,1.4767477e-05
0.11420582,4.7603105e-05,0.00062589436,0.015414859,4.1890821e-05,1.4784026e-05
0.11428862,4.7460341e-05,0.00061668986,0.01439565,4.2051937e-05,1.4786119e-05
0.11439935,4.7322399e-05,0.0006068172,0.013755555,4.2240752e-05,1.4833577e-05
0.11451049,4.7278733e-05,0.00059963225,0.014014592,4.2529991e-05,1.4898034e-05
0.11462215,4.7210226e-05,0.00059392144,0.013341208,4.278503e-05,1.4980883e-05
0.11473432,4.7090309e-05,0.0005888453,0.013359107,4.298512e-05,1.5014871e-05
0.11484707,4.7059907e-05,0.00058632101,0.013324224,4.3236268e-05,1.508585e-05
0.11493203,4.710601e-05,0.00058605201,0.014170056,4.3472481e-05,1.5146033e-05
0.11504585,4.7106651e-05,0.00058603264,0.013582789,4.3733952e-05,1.518474e-05
0.11516038,4.7113224e-05,0.00058729574,0.013631328,4.3988113e-05,1.5215914e-05
0.11527415,4.6222915e-05,0.00057851562,0.013406196,4.3398792e-05,1.4922837e-05
0.11538612,4.5303913e-05,0.00057010227,0.013249033,4.2735727e-05,1.4606265e-05
0.11546891,4.4635819e-05,0.00056443117,0.012947799,4.2225703e-05,1.4373969e-05
0.11557776,4.3802374e-05,0.00055822643,0.013068098,4.1586384e-05,1.4050635e-05
0.11568483,4.2950701e-05,0.00055220538,0.012931009,4.0899509e-05,1.3723514e-05
0.11579023,4.2206392e-05,0.00054828957,0.012457817,4.0310327e-05,1.3423182e-05
0.115894,4.150453e-05,0.00054529593,0.012477994,3.9719994e-05,1.3129797e-05
0.1159962,4.0835203e-05,0.00054319722,0.012177734,3.9146164e-05,1.2838003e-05
0.1160719,4.0338764e-05,0.00054192666,0.011553776,3.8703304e-05,1.2625908e-05
0.11617155,3.9777208e-05,0.00054197664,0.012027304,3.821786e-05,1.2372686e-05
0.11626991,3.924127e-05,0.00054266066,0.011705096,3.7728683e-05,1.213936e-05
0.11636703,3.8780059e-05,0.00054481745,0.011260339,3.7318845e-05,1.1927392e-05
0.11646301,3.8271602e-05,0.00054684312,0.010791703,3.6848553e-05,1.1695628e-05
0.11655795,3.7894179e-05,0.00055125531,0.010969736,3.6504646e-05,1.1508457e-05
0.11662852,3.7589677e-05,0.00055458188,0.011064197,3.6208483e-05,1.1360482e-05
0.1167218,3.723748e-05,0.00056036296,0.010852673,3.5861367e-05,1.1190901e-05
0.11681423,3.6893237e-05,0.0005670119,0.010602992,3.5517057e-05,1.1020419e-05
0.11690585,3.6609463e-05,0.00057548936,0.010295605,3.5225725e-05,1.0871714e-05
0.11699675,3.6337378e-05,0.00058510891,0.0097569094,3.4934921e-05,1.0725477e-05
0.11706448,3.6182351e-05,0.00059379327,0.010358237,3.4765377e-05,1.0626982e-05
0.1171543,3.5967712e-05,0.0006064884,0.0098728628,3.4538492e-05,1.0514531e-05
0.11724355,3.576751e-05,0.00062050926,0.0098865324,3.4310175e-05,1.0410911e-05
0.1173323,3.5626919e-05,0.00063688313,0.0096230149,3.413834e-05,1.0327594e-05
0.11742063,3.5494137e-05,0.00065494858,0.0092825421,3.3967487e-05,1.0249456e-05
0.11750861,3.5424477e-05,0.0006757928,0.0095012399,3.3846752e-05,1.0197623e-05
0.11757441,3.5342056e-05,0.00069199404,0.0093165569,3.3737015e-05,1.0154769e-05
0.11766193,3.5348159e-05,0.00071731088,0.0095897478,3.3673262e-05,1.0129411e-05
0.11774924,3.5304119e-05,0.00074347654,0.0096888676,3.3560914e-05,1.0093548e-05
0.11783589,3.4592492e-05,0.00075700176,0.010152201,3.2804831e-05,9.8674357e-06
0.11791694,3.202803e-05,0.00072749487,0.010152937,3.0299247e-05,9.1060702e-06
0.11797378,3.0291229e-05,0.00070679596,0.0095946589,2.8608117e-05,8.593416e-06
0.11804481,2.8250014e-05,0.00068234513,0.00905382,2.6634565e-05,7.9947128e-06
0.11811145,2.666872e-05,0.00066565421,0.0083388095,2.5086187e-05,7.5280021e-06
0.11817441,2.5309096e-05,0.00065205198,0.0078192413,2.3763231e-05,7.127818e-06
0.11823454,2.432443e-05,0.00064625469,0.007632526,2.2797268e-05,6.8333747e-06
0.11829213,2.3342231e-05,0.00063884789,0.0073039865,2.1824098e-05,6.5388019e-06
0.11833387,2.2753076e-05,0.00063647192,0.0069893543,2.1245251e-05,6.3612526e-06
0.11838798,2.2111623e-05,0.00063631975,0.0067460422,2.0607934e-05,6.1688586e-06
0.11844063,2.1616168e-05,0.00063951803,0.0068020489,2.0106148e-05,6.015945e-06
0.11849231,2.1353506e-05,0.00064890259,0.0068606339,1.9825612e-05,5.9304078e-06
0.11854363,2.1306501e-05,0.0006647216,0.0067965409,1.9747305e-05,5.9035831e-06
0.11859497,2.1409425e-05,0.00068571422,0.0066038027,1.9808e-05,5.9203145e-06
0.11863369,2.1588378e-05,0.00070521341,0.0066307176,1.995153e-05,5.9612633e-06
0.11868612,2.2078522e-05,0.0007404907,0.0068164277,2.0370223e-05,6.0814566e-06
0.11874004,2.2836475e-05,0.00078665006,0.007051893,2.1037541e-05,6.2741645e-06
0.11879593,2.3759792e-05,0.00084071392,0.0069703889,2.1852482e-05,6.5093128e-06
0.11885401,2.4727676e-05,0.00089896737,0.007361448,2.2703584e-05,6.7563513e-06
0.11889908,2.5481282e-05,0.00094528317,0.0077521712,2.3366326e-05,6.9470104e-06
0.11896089,2.6269674e-05,0.0009988944,0.0080727197,2.404553e-05,7.1326724e-06
0.11902432,2.6963234e-05,0.0010473479,0.0083693121,2.4636322e-05,7.2864939e-06
0.11908908,2.751087e-05,0.0010866981,0.0083994911,2.5087518e-05,7.3943546e-06
0.11915486,2.7923823e-05,0.0011146106,0.0086104343,2.5416029e-05,7.4643305e-06
0.11922115,2.8115261e-05,0.0011250179,0.0087097187,2.5541775e-05,7.4723853e-06
0.11927097,2.814627e-05,0.0011231774,0.0085275397,2.5527966e-05,7.4429686e-06
0.11933744,2.821389e-05,0.0011142296,0.0091620593,2.5547016e-05,7.4108218e-06
0.11940405,2.8317511e-05,0.0010982641,0.0094207399,2.5598063e-05,7.3878129e-06
0.1194709,2.843281e-05,0.001075763,0.009364154,2.5646908e-05,7.3651095e-06
0.11953794,2.8537449e-05,0.0010487636,0.0088502693,2.5693902e-05,7.3430423e-06
0.11958837,2.8634979e-05,0.0010264599,0.0087488127,2.5745399e-05,7.333451e-06
0.11965577,2.8737383e-05,0.00099455071,0.0089881312,2.5791665e-05,7.3149343e-06
0.11972332,2.8796173e-05,0.00096093568,0.0084446142,2.5794678e-05,7.2886303e-06
0.11979099,2.8896168e-05,0.00092876529,0.0086765993,2.5833997e-05,7.2753091e-06
0.11985882,2.8948932e-05,0.00089610885,0.0087443367,2.5830837e-05,7.2548576e-06
0.11992676,2.8996579e-05,0.00086435086,0.0087260449,2.5826065e-05,7.239962e-06
0.11997782,2.9046317e-05,0.00084145887,0.0088348894,2.5825825e-05,7.2331909e-06
0.12004603,2.9130888e-05,0.00081258909,0.0093131746,2.5854692e-05,7.2331315e-06
0.12011444,2.9223318e-05,0.00078469997,0.0089650141,2.5877597e-05,7.2320943e-06
0.12018314,2.9362138e-05,0.00075904676,0.0087582405,2.5941993e-05,7.2471017e-06
0.12025209,2.9450945e-05,0.00073357128,0.0092409291,2.5958249e-05,7.259015e-06
0.12032136,2.9586877e-05,0.0007106349,0.0094801289,2.6023476e-05,7.2862238e-06
0.12037349,2.9672712e-05,0.00069397969,0.0094626511,2.6057457e-05,7.3058562e-06
0.12044317,2.9751837e-05,0.0006720789,0.0092660123,2.6079658e-05,7.3284243e-06
0.12051303,2.9783933e-05,0.00065044051,0.0096450501,2.6054876e-05,7.3422557e-06
0.12058308,2.9865818e-05,0.00063131953,0.0093540819,2.6076318e-05,7.3651138e-06
0.12065328,2.9895255e-05,0.00061240869,0.0093326704,2.6051479e-05,7.377195e-06
0.12070603,2.9931129e-05,0.00059930502,0.0093494306,2.6044093e-05,7.3909862e-06
0.12077652,3.0018377e-05,0.0005834756,0.0093833485,2.6068649e-05,7.4239553e-06
0.12084719,3.0052967e-05,0.00056775892,0.0095212078,2.6041318e-05,7.4466954e-06
0.1209181,3.0135166e-05,0.00055412466,0.0092636859,2.6063333e-05,7.4784493e-06
0.12098916,3.0172559e-05,0.00054056397,0.0087974411,2.6046957e-05,7.4963485e-06
0.12106032,3.021265e-05,0.00052806437,0.0087402844,2.6025822e-05,7.5188154e-06
0.12111373,3.0204133e-05,0.00051867399,0.0088558749,2.5983456e-05,7.5220604e-06
0.12118505,3.0246789e-05,0.00050783356,0.008279512,2.5972042e-05,7.5381697e-06
0.12125639,3.0243127e-05,0.00049707458,0.0088321266,2.5915966e-05,7.5382631e-06
0.12132783,3.0282886e-05,0.00048803407,0.0086073081,2.5913394e-05,7.5568625e-06
0.12139936,3.034044e-05,0.00047986831,0.008594215,2.5907836e-05,7.568889e-06
0.12147103,3.0393709e-05,0.00047231626,0.0086609809,2.5899862e-05,7.5813073e-06
0.12152483,3.0393075e-05,0.00046648895,0.0085394447,2.5866368e-05,7.5807769e-06
0.12159673,3.0506338e-05,0.00046097458,0.0086855858,2.5911817e-05,7.6041145e-06
0.12166876,3.0557616e-05,0.00045516585,0.0091010722,2.5905905e-05,7.6097352e-06
0.12174096,3.0618565e-05,0.00044993955,0.0089753642,2.5900368e-05,7.6159211e-06
0.12181347,3.0796942e-05,0.00044684691,0.009190268,2.5998285e-05,7.653884e-06
0.12186809,3.0915699e-05,0.00044458927,0.0090991376,2.6064224e-05,7.681071e-06
0.12194131,3.110481e-05,0.00044230413,0.008794077,2.6163413e-05,7.726875e-06
0.12201496,3.1297892e-05,0.00044035909,0.0093248608,2.6270875e-05,7.7776284e-06
0.12208917,3.1565613e-05,0.00043974092,0.0094649821,2.6428649e-05,7.843527e-06
0.12216414,3.1972737e-05,0.00044132135,0.010034157,2.6700357e-05,7.9472803e-06
0.12224013,3.2474704e-05,0.0004443673,0.010076148,2.7036437e-05,8.0694535e-06
0.12229797,3.2909912e-05,0.00044770507,0.010151031,2.7350331e-05,8.181227e-06
0.12237658,3.3748346e-05,0.0004558456,0.01044703,2.797118e-05,8.4009092e-06
0.12245712,3.4640292e-05,0.00046498323,0.010692454,2.8625231e-05,8.6377471e-06
0.12253993,3.5690321e-05,0.00047638206,0.010754309,2.9392491e-05,8.9089988e-06
0.12262549,3.7079458e-05,0.0004929101,0.010983649,3.0459936e-05,9.2766165e-06
0.12269208,3.8401517e-05,0.00050916573,0.011274278,3.1454196e-05,9.6181351e-06
0.12278495,4.0634969e-05,0.00053757432,0.011902446,3.3173524e-05,1.0191034e-05
0.12288292,4.3056738e-05,0.00056919642,0.012646017,3.5023076e-05,1.0803707e-05
0.12298643,4.552048e-05,0.00060248462,0.013565077,3.6896969e-05,1.1441807e-05
0.1230952,4.7818477e-05,0.00063494157,0.014547879,3.8604219e-05,1.2020497e-05
0.12320627,4.7488821e-05,0.00063370765,0.015127698,3.8182873e-05,1.1903958e-05
0.12328534,4.5136816e-05,0.00060511431,0.014611509,3.6186611e-05,1.1278123e-05
0.1233857,4.3143587e-05,0.00058256321,0.013560087,3.4468847e-05,1.074543e-05
0.12348279,4.2191316e-05,0.00057453713,0.013544141,3.3598854e-05,1.0453051e-05
0.12357803,4.1512493e-05,0.00057104686,0.013295246,3.2947388e-05,1.0220801e-05
0.1236718,4.0991265e-05,0.00057011285,0.01297458,3.2420594e-05,1.0013983e-05
0.12376408,4.0476467e-05,0.00056975978,0.012729439,3.192271e-05,9.7798418e-06
0.12383222,3.9957378e-05,0.00056769354,0.012872111,3.1452298e-05,9.566322e-06
0.12392179,3.9474242e-05,0.00056819218,0.012455965,3.1022757e-05,9.3500136e-06
0.12400995,3.8991836e-05,0.00056894141,0.012342276,3.062102e-05,9.1650155e-06
0.12409672,3.8510889e-05,0.00057006564,0.011716944,3.0253712e-05,9.0097974e-06
0.12418245,3.8154631e-05,0.00057304588,0.011740323,2.9998527e-05,8.9103521e-06
0.12424626,3.7989892e-05,0.00057714861,0.010972235,2.9898535e-05,8.8735236e-06
0.1243309,3.7956096e-05,0.00058580705,0.010824988,2.9909357e-05,8.8694196e-06
0.12441521,3.7923995e-05,0.00059491596,0.010545287,2.9936084e-05,8.868524e-06
0.12449926,3.7881776e-05,0.00060445811,0.010254492,2.9944785e-05,8.8710543e-06
0.12458331,3.7945538e-05,0.00061636243,0.010157129,3.0032707e-05,8.9056028e-06
0.12466756,3.8133938e-05,0.0006307422,0.0099669759,3.0204291e-05,8.9701251e-06
0.12473087,3.8304528e-05,0.00064257017,0.0099381124,3.0357426e-05,9.03095e-06
0.12481574,3.8604631e-05,0.00066037501,0.010313866,3.0611801e-05,9.1395984e-06
0.12490125,3.89076e-05,0.0006791621,0.010087377,3.0862271e-05,9.2461306e-06
0.1249877,3.9491947e-05,0.00070390058,0.01030546,3.1339861e-05,9.421257e-06
0.12507544,4.0225461e-05,0.00073304208,0.010652361,3.1933235e-05,9.6404991e-06
0.12514226,4.0681149e-05,0.00075440993,0.010805065,3.2315202e-05,9.7774136e-06
0.125233,4.1626644e-05,0.00079104665,0.011238956,3.3070223e-05,1.0038422e-05
0.12532594,4.278332e-05,0.00083497611,0.011652084,3.4010988e-05,1.0368186e-05
0.12542151,4.4040273e-05,0.00088428272,0.012751833,3.5027447e-05,1.0730587e-05
0.12552022,4.5594015e-05,0.00094496599,0.013102129,3.6264465e-05,1.1166731e-05
0.12562199,4.6630747e-05,0.0010017568,0.013398469,3.7108517e-05,1.1495424e-05
0.12569832,4.6439417e-05,0.0010274212,0.013828223,3.6964033e-05,1.1500211e-05
0.12579996,4.6230464e-05,0.0010680149,0.01433125,3.683509e-05,1.1536605e-05
0.12590126,4.625508e-05,0.001120066,0.014311379,3.6880523e-05,1.1616486e-05
0.12600255,4.6261462e-05,0.0011807633,0.01521684,3.6921231e-05,1.1697137e-05
0.12610384,4.6246665e-05,0.0012499701,0.015666034,3.695714e-05,1.1785119e-05
0.12620464,4.6010172e-05,0.0013210578,0.017684021,3.6803582e-05,1.1821434e-05
0.12628023,4.6013452e-05,0.0013847173,0.017636774,3.6835944e-05,1.1897922e-05
0.12638103,4.598796e-05,0.0014761272,0.017791888,3.6863435e-05,1.1997635e-05
0.12648222,4.6221152e-05,0.0015815288,0.01834954,3.7082634e-05,1.2175635e-05
0.12658355,4.6184205e-05,0.0016769463,0.01786653,3.7095658e-05,1.2284406e-05
0.12668487,4.6169672e-05,0.0017525576,0.017586382,3.7108648e-05,1.2402028e-05
0.12676101,4.6412072e-05,0.0017960147,0.017729291,3.7331453e-05,1.2567319e-05
0.1268629,4.6388674e-05,0.0018002402,0.017047055,3.7349229e-05,1.2683668e-05
0.1269651,4.6636388e-05,0.0017708676,0.016303505,3.7583397e-05,1.287044e-05
0.1270676,4.6616212e-05,0.0016985264,0.01655641,3.7610732e-05,1.2998444e-05
0.12717073,4.6864117e-05,0.0016198355,0.016410568,3.7888695e-05,1.3181611e-05
0.1272737,4.6507921e-05,0.0015184859,0.017033197,3.7719403e-05,1.3198001e-05
0.12735055,4.6477582e-05,0.0014538087,0.017082508,3.7781458e-05,1.3273179e-05
0.12745423,4.7364237e-05,0.0014001187,0.016744669,3.8680731e-05,1.3675771e-05
0.12755878,4.7302057e-05,0.0013215803,0.017917254,3.883161e-05,1.3823528e-05
0.1276639,4.7585312e-05,0.0012578996,0.017510366,3.9300156e-05,1.4072547e-05
0.12776921,4.7507696e-05,0.0011908791,0.016985776,3.9516823e-05,1.4240576e-05
0.1278488,4.7812107e-05,0.0011534582,0.017452379,3.9994118e-05,1.4460923e-05
0.12795491,4.7734538e-05,0.0010971172,0.017062303,4.0221914e-05,1.459849e-05
0.12806189,4.800921e-05,0.0010542468,0.017706796,4.0792781e-05,1.4801324e-05
0.12816887,4.7946625e-05,0.0010079768,0.018010901,4.1040382e-05,1.4865399e-05
0.12827655,4.8257109e-05,0.00097360824,0.018389316,4.1636898e-05,1.5033012e-05
0.12838448,4.816365e-05,0.00093381381,0.018706732,4.1862165e-05,1.5041563e-05
0.12846542,4.8074919e-05,0.00090542798,0.019599099,4.1990076e-05,1.5029366e-05
0.12857414,4.8391887e-05,0.00087843668,0.018155903,4.259726e-05,1.5170525e-05
0.12868313,4.824251e-05,0.00084548663,0.01797072,4.2763442e-05,1.5193177e-05
0.12879213,4.8119963e-05,0.00081613734,0.018741036,4.2974586e-05,1.5225859e-05
0.12890112,4.7929117e-05,0.00078955888,0.017509889,4.3173064e-05,1.5253919e-05
0.12901011,4.7707047e-05,0.00076534455,0.01681151,4.3360123e-05,1.5282823e-05
0.12909185,4.7530234e-05,0.00074838753,0.016813519,4.3496272e-05,1.5333027e-05
0.12920084,4.7301428e-05,0.00072786579,0.015841407,4.3660679e-05,1.5226252e-05
0.12930984,4.7074252e-05,0.00070986819,0.015981512,4.3798922e-05,1.5067829e-05
0.12941883,4.6833895e-05,0.00069440831,0.015021775,4.3925533e-05,1.4978852e-05
0.12952782,4.659002e-05,0.00068111465,0.015144866,4.4022692e-05,1.4865977e-05
0.12961002,4.71839e-05,0.00068368812,0.015220337,4.4806856e-05,1.5063481e-05
0.12972083,4.6916369e-05,0.00067351452,0.014549161,4.4863699e-05,1.5003343e-05
0.12983163,4.6715606e-05,0.00066514128,0.013785451,4.493334e-05,1.4957755e-05
0.12994244,4.6507783e-05,0.00065849364,0.01455877,4.4985796e-05,1.4942328e-05
0.13005325,4.628794e-05,0.00065345959,0.013911364,4.5058163e-05,1.4895812e-05
0.13016406,4.6084294e-05,0.00065000226,0.013572649,4.5108359e-05,1.4868354e-05
0.13024793,4.7234053e-05,0.00066646483,0.01391938,4.6383455e-05,1.5237274e-05
0.13036182,4.7036008e-05,0.00066566264,0.013965216,4.642647e-05,1.5197896e-05
0.13047571,4.6865514e-05,0.00066646151,0.013544735,4.645583e-05,1.5144321e-05
0.13058552,4.5047046e-05,0.00064486922,0.013180612,4.4858182e-05,1.454161e-05
0.13069534,4.4919264e-05,0.00064842523,0.012675219,4.4925061e-05,1.4482877e-05
0.13080516,4.4800939e-05,0.00065304644,0.013302191,4.4984784e-05,1.4429695e-05
0.1308857,4.1755336e-05,0.00061350249,0.012864798,4.2032143e-05,1.3417775e-05
0.13098819,4.1688133e-05,0.0006192975,0.011688543,4.2104615e-05,1.3356764e-05
0.13109069,4.1631461e-05,0.00062591321,0.011965712,4.2192129e-05,1.3298724e-05
0.13119319,4.1588171e-05,0.0006334219,0.011594458,4.2261192e-05,1.3226321e-05
0.13129485,4.0825252e-05,0.00063051446,0.011490611,4.1600647e-05,1.2923608e-05
0.13136994,4.0458036e-05,0.00063180371,0.01135092,4.129318e-05,1.2752447e-05
0.13146906,4.0001553e-05,0.00063448375,0.011166558,4.0926921e-05,1.2538091e-05
0.13156715,3.9563751e-05,0.00063788158,0.010987433,4.0560384e-05,1.2334399e-05
0.13166427,3.9184786e-05,0.00064284525,0.010816863,4.0256472e-05,1.2149495e-05
0.1317605,3.8836035e-05,0.00064904543,0.010370736,3.9963635e-05,1.1974709e-05
0.13185592,3.8514146e-05,0.0006565081,0.010670469,3.9695218e-05,1.1814895e-05
0.13192697,3.8287672e-05,0.0006627309,0.010145121,3.9506984e-05,1.1701228e-05
0.13202109,3.801924e-05,0.00067270556,0.010692614,3.9281287e-05,1.1574358e-05
0.13211455,3.7757212e-05,0.00068372726,0.0099426026,3.9064073e-05,1.1457162e-05
0.13220741,3.7543909e-05,0.00069665757,0.010037748,3.8884692e-05,1.1362434e-05
0.13229972,3.7334542e-05,0.00071094081,0.010249615,3.8712226e-05,1.1287687e-05
0.13236861,3.7210315e-05,0.00072300758,0.010753224,3.8610256e-05,1.1252189e-05
0.13246009,3.7058549e-05,0.00074030822,0.01029336,3.8475635e-05,1.1202573e-05
0.13255104,3.6683541e-05,0.00075434097,0.0097960641,3.8100153e-05,1.1083555e-05
0.1326391,3.5252459e-05,0.00074671601,0.009011284,3.6626622e-05,1.0634826e-05
0.13272341,3.3720426e-05,0.0007355446,0.0088647072,3.5047341e-05,1.0164004e-05
0.13280375,3.2143457e-05,0.0007215964,0.0090050394,3.3392279e-05,9.6864787e-06
0.13286152,3.1061567e-05,0.00071218241,0.0083826848,3.2265549e-05,9.3512472e-06
0.1329356,2.9778445e-05,0.00070171292,0.0080236254,3.0919334e-05,8.9504478e-06
0.13300648,2.8545688e-05,0.00069097074,0.0077969269,2.9626054e-05,8.5709389e-06
0.13307457,2.7559953e-05,0.00068459469,0.0075767581,2.8578128e-05,8.2651841e-06
0.13314031,2.6620154e-05,0.00067844024,0.0072976686,2.7595608e-05,7.9751548e-06
0.13320368,2.5746949e-05,0.00067275783,0.0077715409,2.6671326e-05,7.7022309e-06
0.13324994,2.5245505e-05,0.00067182627,0.006968859,2.612886e-05,7.5439145e-06
0.13331025,2.4667478e-05,0.00067229879,0.0068502734,2.5511734e-05,7.3617768e-06
0.13336937,2.4334476e-05,0.00067898171,0.0068118984,2.5146334e-05,7.2477673e-06
0.13342809,2.433918e-05,0.00069520691,0.0067768277,2.5130614e-05,7.2356786e-06
0.13348709,2.4579611e-05,0.00071884603,0.0068922396,2.5368035e-05,7.2977129e-06
0.13353184,2.4949641e-05,0.00074260423,0.0075770507,2.5734033e-05,7.4000781e-06
0.13359316,2.5954263e-05,0.00079095153,0.0079860523,2.6747152e-05,7.6888811e-06
0.13365752,2.747335e-05,0.00085770362,0.0082087454,2.8288468e-05,8.1290632e-06
0.1337261,2.9457535e-05,0.00094331699,0.0086787239,3.0312705e-05,8.7080244e-06
0.13379964,3.1692363e-05,0.0010423906,0.0086992929,3.2571527e-05,9.3486778e-06
0.13387846,3.4033254e-05,0.0011512409,0.0099052107,3.4930847e-05,1.0015287e-05
0.13394102,3.5747068e-05,0.0012357527,0.010492907,3.6650934e-05,1.0502654e-05
0.13402856,3.7717484e-05,0.0013425413,0.010979435,3.8602725e-05,1.1035973e-05
0.13411847,3.8269483e-05,0.001400703,0.012020568,3.9091833e-05,1.1124582e-05
0.13420817,3.7983964e-05,0.0014235145,0.011521784,3.871999e-05,1.096979e-05
0.13429558,3.6981141e-05,0.0014114147,0.011179611,3.7619679e-05,1.0609486e-05
0.13435928,3.6129693e-05,0.0013923252,0.010283684,3.6702851e-05,1.0311243e-05
0.13444184,3.5110227e-05,0.0013619556,0.01027495,3.5599436e-05,9.9429281e-06
0.13452212,3.4321561e-05,0.0013315104,0.0095909173,3.4736306e-05,9.6568975e-06
0.1346006,3.369053e-05,0.001300243,0.009248108,3.4039067e-05,9.4168818e-06
0.13467746,3.3043779e-05,0.001260749,0.0086643466,3.3337278e-05,9.1729672e-06
0.13475294,3.2603102e-05,0.0012228514,0.0085458378,3.2834882e-05,8.9836498e-06
0.13480891,3.2361945e-05,0.0011945046,0.0089148107,3.2553895e-05,8.8714964e-06
0.13488278,3.2040704e-05,0.0011543607,0.0092152092,3.2181638e-05,8.7276617e-06
0.13495589,3.1770421e-05,0.0011128545,0.0094971508,3.1854374e-05,8.5956517e-06
0.1350283,3.1530064e-05,0.0010710587,0.0092161538,3.1562351e-05,8.4808617e-06
0.13510013,3.1323816e-05,0.0010308032,0.0091238871,3.1314905e-05,8.3865991e-06
0.13517142,3.112459e-05,0.00099149878,0.0087129208,3.1062477e-05,8.2947878e-06
0.13522457,3.1010405e-05,0.00096384865,0.0081971249,3.0904079e-05,8.2389978e-06
0.13529517,3.0928882e-05,0.0009299958,0.0084417221,3.0771266e-05,8.1918029e-06
0.13536558,3.0888843e-05,0.00089835624,0.0082168882,3.0681461e-05,8.1662358e-06
0.13543587,3.0870854e-05,0.0008680566,0.008151036,3.0607606e-05,8.1488651e-06
0.13550613,3.0892652e-05,0.00083994364,0.0087882011,3.0568884e-05,8.1469718e-06
0.13555886,3.0931701e-05,0.00081992028,0.0088554575,3.0565388e-05,8.1582328e-06
0.13562926,3.10056e-05,0.00079456075,0.0088093756,3.0580311e-05,8.1801502e-06
0.13569982,3.1102418e-05,0.00077076527,0.0091796289,3.0621152e-05,8.2176609e-06
0.13577063,3.1242618e-05,0.00074901561,0.0086786571,3.069486e-05,8.2674407e-06
0.13584176,3.140815e-05,0.00072887103,0.008704436,3.0792085e-05,8.3309736e-06
0.13591337,3.1646916e-05,0.00071115895,0.009186334,3.0960112e-05,8.417094e-06
0.13596746,3.1857245e-05,0.00069920165,0.0089652314,3.1119448e-05,8.4847535e-06
0.13604021,3.2209655e-05,0.00068521157,0.0093731037,3.1396203e-05,8.5994215e-06
0.13611384,3.2650964e-05,0.00067365359,0.0099188026,3.1751032e-05,8.7320863e-06
0.13618861,3.32194e-05,0.00066497917,0.010138081,3.2225565e-05,8.8945553e-06
0.13626486,3.3939678e-05,0.00065958541,0.0099265464,3.2856303e-05,9.1042317e-06
0.13632328,3.4644278e-05,0.00065858043,0.010925567,3.3472115e-05,9.3091103e-06
0.13640328,3.5808744e-05,0.00066120526,0.011034627,3.4497247e-05,9.6320574e-06
0.13648625,3.7328591e-05,0.00066953476,0.011604342,3.5854322e-05,1.0056365e-05
0.13657316,3.9302523e-05,0.00068504105,0.011740802,3.7631121e-05,1.0616291e-05
0.13666537,4.2060475e-05,0.00071224499,0.012163221,4.0114652e-05,1.1384034e-05
0.13676495,4.5892907e-05,0.00075477202,0.013339815,4.3566263e-05,1.2449154e-05
0.13684647,4.9989823e-05,0.00080397989,0.014771419,4.7273403e-05,1.358971e-05
0.1369677,5.6838961e-05,0.00088639063,0.017000568,5.3379468e-05,1.5460671e-05
0.13709579,5.812838e-05,0.00087933394,0.017068578,5.418359e-05,1.5770688e-05
0.13722418,5.7162326e-05,0.00084086791,0.016503416,5.2868639e-05,1.5420274e-05
0.13734609,5.353621e-05,0.00076808093,0.01625266,4.9148278e-05,1.4335046e-05
0.13745619,4.842858e-05,0.00068073304,0.014062011,4.4154828e-05,1.2890179e-05
0.13753302,4.6060832e-05,0.00063947653,0.013726966,4.1833724e-05,1.2208741e-05
0.13763106,4.4337508e-05,0.00060649249,0.013021462,4.0041777e-05,1.1623887e-05
0.13772672,4.3674045e-05,0.00059096258,0.013019999,3.9299176e-05,1.132908e-05
0.13782154,4.3494425e-05,0.00058361281,0.012785126,3.9030975e-05,1.116561e-05
0.13791573,4.3182913e-05,0.0005759665,0.012693403,3.8693055e-05,1.0994148e-05
0.13798555,4.2731879e-05,0.00056763714,0.012468681,3.8239826e-05,1.0794669e-05
0.1380767,4.1732981e-05,0.00055229998,0.012254526,3.7309407e-05,1.044867e-05
0.13816523,4.066437e-05,0.00053661585,0.011649856,3.6312184e-05,1.0106718e-05
0.13825138,3.9800347e-05,0.0005243513,0.011389286,3.550103e-05,9.8139319e-06
0.13833588,3.9330893e-05,0.00051800218,0.011469596,3.5032125e-05,9.6323477e-06
0.13841958,3.9205245e-05,0.00051686374,0.011488812,3.4902577e-05,9.5599925e-06
0.13848219,3.9255615e-05,0.00051831983,0.011218835,3.4927404e-05,9.545568e-06
0.13856564,3.9366862e-05,0.00052148553,0.011067953,3.5008808e-05,9.5372002e-06
0.13864903,3.9418836e-05,0.00052438003,0.010854204,3.5040887e-05,9.5220159e-06
0.13873228,3.9428963e-05,0.0005271088,0.011506407,3.5066079e-05,9.4963287e-06
0.13881548,3.9513551e-05,0.00053112603,0.010944005,3.5166939e-05,9.4990542e-06
0.1388991,3.9864405e-05,0.00053927647,0.011424277,3.5513958e-05,9.5673586e-06
0.1389625,4.0342402e-05,0.00054829267,0.010949368,3.5944046e-05,9.6757201e-06
0.13904848,4.1237193e-05,0.00056447269,0.010927348,3.6750786e-05,9.8826977e-06
0.13913656,4.2294249e-05,0.00058370792,0.011411274,3.7699227e-05,1.0122104e-05
0.13922697,4.3431874e-05,0.00060477176,0.011244164,3.8712949e-05,1.0383112e-05
0.13931981,4.461685e-05,0.00062729769,0.01238367,3.9753795e-05,1.0677432e-05
0.13939107,4.5523619e-05,0.00064511941,0.012452243,4.0557401e-05,1.0912562e-05
0.13948828,4.6774533e-05,0.00067026509,0.01258498,4.1676611e-05,1.1242945e-05
0.13958824,4.8157438e-05,0.00069890848,0.013064082,4.2926555e-05,1.1612992e-05
0.13969138,4.9774464e-05,0.00073302268,0.013201823,4.4375605e-05,1.2049157e-05
0.139798,5.1286115e-05,0.00076839141,0.01382078,4.5738314e-05,1.24602e-05
0.13990694,5.2321459e-05,0.0007995386,0.014534346,4.665853e-05,1.2764013e-05
0.13998886,5.1859756e-05,0.00080577452,0.01485419,4.6239034e-05,1.2705039e-05
0.140097,5.1292678e-05,0.00081628266,0.014345149,4.570359e-05,1.2644413e-05
0.14020398,5.0717648e-05,0.00082842565,0.014322585,4.5176401e-05,1.2594076e-05
0.14030992,5.0214146e-05,0.00084382654,0.014363052,4.4726686e-05,1.2555435e-05
0.14041494,4.9742466e-05,0.00086193349,0.013883742,4.4319212e-05,1.2537707e-05
0.14049315,4.9433909e-05,0.00087694381,0.013879663,4.4025943e-05,1.2508294e-05
0.14059679,4.9044477e-05,0.00090052546,0.013894283,4.3681302e-05,1.2471807e-05
0.14069977,4.8706913e-05,0.00092779415,0.013826414,4.3397767e-05,1.2470019e-05
0.14080218,4.8430776e-05,0.0009598383,0.013906938,4.3155433e-05,1.248461e-05
0.14090409,4.8192892e-05,0.000997088,0.014052655,4.2942333e-05,1.2519917e-05
0.14100558,4.8013158e-05,0.0010411381,0.014661333,4.2774105e-05,1.2558655e-05
0.14108144,4.7856629e-05,0.0010784529,0.014531802,4.2651724e-05,1.2588714e-05
0.14118233,4.771368e-05,0.0011363912,0.014975809,4.2513449e-05,1.2638832e-05
0.14128301,4.7655237e-05,0.0012056386,0.015459277,4.2448828e-05,1.2700581e-05
0.14138351,4.7590293e-05,0.0012843441,0.016177421,4.2382547e-05,1.2774859e-05
0.14148391,4.7551637e-05,0.0013725113,0.016140972,4.2349252e-05,1.2839995e-05
0.14158423,4.7541045e-05,0.0014692654,0.017919896,4.2295855e-05,1.2907914e-05
0.14165948,4.752467e-05,0.0015443208,0.018057854,4.2290161e-05,1.2971982e-05
0.14175988,4.7539734e-05,0.0016359924,0.019371031,4.2296033e-05,1.3068682e-05
0.14186033,4.7565677e-05,0.0016950463,0.018863235,4.2293336e-05,1.3148706e-05
0.14196093,4.7616968e-05,0.0017059396,0.01924421,4.2321789e-05,1.3246239e-05
0.14206169,4.7711811e-05,0.0016683452,0.017992242,4.2358816e-05,1.3356954e-05
0.14213745,4.78006e-05,0.0016141901,0.017736769,4.2400521e-05,1.3452581e-05
0.14223874,4.7912488e-05,0.0015214033,0.017105798,4.2451756e-05,1.3569258e-05
0.1423404,4.8062248e-05,0.0014258867,0.017040439,4.2549157e-05,1.369994e-05
0.14244248,4.8203545e-05,0.0013353553,0.016060542,4.2654275e-05,1.3830731e-05
0.14254498,4.8372746e-05,0.0012521305,0.016011532,4.2811953e-05,1.3965913e-05
0.14264791,4.8502754e-05,0.0011766349,0.016417496,4.2956875e-05,1.407472e-05
0.14272541,4.8594645e-05,0.0011264284,0.01618136,4.309004e-05,1.4165041e-05
0.14282916,4.8756058e-05,0.0010677906,0.016065355,4.3329261e-05,1.4302636e-05
0.1429334,4.8898189e-05,0.0010167352,0.017573401,4.3598801e-05,1.4469229e-05
0.14303812,4.9045475e-05,0.00097219954,0.01692111,4.3903332e-05,1.462405e-05
0.14314337,4.9188027e-05,0.00093258169,0.017251664,4.4219565e-05,1.4787613e-05
0.14322262,4.9263362e-05,0.00090533069,0.016324059,4.4467043e-05,1.4909127e-05
0.14332867,4.9346865e-05,0.00087182413,0.016499547,4.4779575e-05,1.5059827e-05
0.14343515,4.9379191e-05,0.00084096479,0.017110265,4.5047267e-05,1.5150666e-05
0.14354206,4.9492052e-05,0.00081381977,0.018090912,4.5370941e-05,1.5236445e-05
0.14364935,4.9551871e-05,0.00078827107,0.017988516,4.5637033e-05,1.5272026e-05
0.14375701,4.9607874e-05,0.00076433699,0.018451358,4.5871215e-05,1.5282668e-05
0.14383801,4.9643106e-05,0.00074724266,0.017404398,4.6020475e-05,1.5279366e-05
0.14394632,4.9681953e-05,0.00072575827,0.017306623,4.6208264e-05,1.5269514e-05
0.14405497,4.9707646e-05,0.0007049964,0.017047826,4.6351375e-05,1.52894e-05
0.14416357,4.9246426e-05,0.00067949155,0.018030767,4.6041806e-05,1.5173963e-05
0.14426706,4.5993344e-05,0.00061905544,0.016046536,4.3097782e-05,1.4156573e-05
0.14436462,4.3417921e-05,0.00057195722,0.014566246,4.0763067e-05,1.3361547e-05
0.14443465,4.1830344e-05,0.00054314961,0.014417239,3.9325033e-05,1.2870137e-05
0.14452462,4.0060748e-05,0.00051112764,0.013192268,3.7746284e-05,1.2337365e-05
0.14461131,3.8594717e-05,0.00048453152,0.012643406,3.6412687e-05,1.1812696e-05
0.14469521,3.7309205e-05,0.00046187022,0.012137041,3.527566e-05,1.1328593e-05
0.14477678,3.6246986e-05,0.00044315245,0.011503863,3.4341805e-05,1.0942922e-05
0.14483664,3.5536898e-05,0.00043088941,0.010881428,3.3721831e-05,1.0682446e-05
0.14491502,3.4764936e-05,0.00041737274,0.010320781,3.3054125e-05,1.0408224e-05
0.14499195,3.4046555e-05,0.00040518771,0.0097757886,3.2434602e-05,1.0149158e-05
0.14506756,3.3422208e-05,0.00039468943,0.0090406133,3.1892702e-05,9.9206701e-06
0.145142,3.2849922e-05,0.00038534045,0.0094332387,3.1398683e-05,9.7236395e-06
0.14521542,3.2359823e-05,0.00037732222,0.0088699634,3.0977673e-05,9.567244e-06
0.14526989,3.2020598e-05,0.00037184966,0.0088946359,3.0683912e-05,9.4580023e-06
0.14534178,3.1618293e-05,0.00036543983,0.0083139148,3.0340404e-05,9.3172062e-06
0.14541297,3.1262761e-05,0.00035991405,0.0081953178,3.0037958e-05,9.1989263e-06
0.14548355,3.0952603e-05,0.00035517379,0.0078249918,2.9769778e-05,9.0981476e-06
0.14555357,3.0670158e-05,0.00035098537,0.0076947339,2.9523908e-05,9.0004423e-06
0.14560573,3.0473319e-05,0.00034821947,0.007698645,2.9350952e-05,8.9262486e-06
0.1456749,3.0252726e-05,0.00034520467,0.007942469,2.9157065e-05,8.8497443e-06
0.14574368,3.0049821e-05,0.00034267777,0.0069176115,2.8990804e-05,8.7791137e-06
0.14581211,2.9854298e-05,0.00034035396,0.006836961,2.8819039e-05,8.704893e-06
0.14588021,2.9675522e-05,0.00033845446,0.0068172762,2.8675095e-05,8.6391692e-06
0.145948,2.9524001e-05,0.00033700228,0.0066764123,2.8550333e-05,8.5802748e-06
0.14599866,2.9392201e-05,0.00033590127,0.006979679,2.8446392e-05,8.5310225e-06
0.14606597,2.9250594e-05,0.00033481552,0.0068048961,2.8322728e-05,8.4709452e-06
0.14613301,2.909668e-05,0.00033394968,0.006333499,2.8214247e-05,8.4111276e-06
0.1461998,2.8979586e-05,0.00033372769,0.0062705503,2.8136362e-05,8.3631763e-06
0.14626643,2.8879771e-05,0.00033385897,0.0064047634,2.8081959e-05,8.3162768e-06
0.14633292,2.8797796e-05,0.00033437883,0.006678511,2.8040953e-05,8.2743413e-06
0.14638273,2.8758467e-05,0.00033514908,0.0062025563,2.8038273e-05,8.2513784e-06
0.14644911,2.871119e-05,0.00033638091,0.0065046916,2.8043703e-05,8.2206971e-06
0.14651541,2.8613462e-05,0.0003372577,0.0064412586,2.8000903e-05,8.1731332e-06
0.14658153,2.8503927e-05,0.00033808448,0.0064944932,2.7944066e-05,8.1233887e-06
0.1466474,2.836738e-05,0.00033872271,0.0063152797,2.7857325e-05,8.0668484e-06
0.14669664,2.8262111e-05,0.00033935128,0.0066098902,2.7795094e-05,8.0267668e-06
0.14676204,2.8131121e-05,0.0003402911,0.0062654626,2.771062e-05,7.9757136e-06
0.14682724,2.8032585e-05,0.00034173746,0.0065186345,2.7667919e-05,7.9355565e-06
0.14689221,2.7915976e-05,0.00034318123,0.0064167548,2.7608582e-05,7.892468e-06
0.14695686,2.7711863e-05,0.00034378068,0.0060272363,2.7465396e-05,7.834451e-06
0.14702096,2.7428982e-05,0.00034338549,0.0059025097,2.7239339e-05,7.7519573e-06
0.1470686,2.7203988e-05,0.00034293178,0.0062920307,2.7053438e-05,7.6852345e-06
0.14713156,2.692624e-05,0.00034281033,0.0063607658,2.6827528e-05,7.6126226e-06
0.14719405,2.6731735e-05,0.00034374201,0.0067459841,2.6680675e-05,7.5626937e-06
0.14725609,2.6520896e-05,0.00034447056,0.0063697978,2.6512014e-05,7.5041987e-06
0.14731764,2.6315268e-05,0.00034545177,0.0059033946,2.6360195e-05,7.455836e-06
0.14737878,2.613235e-05,0.00034676735,0.0059850609,2.6223597e-05,7.4117708e-06
0.14742439,2.6024893e-05,0.00034817139,0.0059029812,2.6152321e-05,7.3872345e-06
0.14748514,2.6029636e-05,0.00035215547,0.0059166497,2.6202929e-05,7.3986619e-06
0.14754615,2.61855e-05,0.00035830773,0.005590948,2.6405759e-05,7.4533243e-06
0.14760777,2.650433e-05,0.0003670212,0.0063901814,2.6777108e-05,7.5558588e-06
0.14767025,2.6879839e-05,0.00037681307,0.0062588082,2.7205748e-05,7.6766459e-06
0.14771776,2.7241956e-05,0.00038548141,0.0062323518,2.7604175e-05,7.7917816e-06
0.14778254,2.8039729e-05,0.00040195707,0.0064874651,2.8463944e-05,8.0420753e-06
0.14784959,2.9134105e-05,0.00042331921,0.006597325,2.9620069e-05,8.3754976e-06
0.14791984,3.0704204e-05,0.00045254306,0.0070744457,3.126829e-05,8.8522441e-06
0.14799462,3.2847768e-05,0.00049174405,0.0078012804,3.350485e-05,9.4995555e-06
0.14807447,3.5052219e-05,0.00053363377,0.0080754817,3.5810622e-05,1.0167916e-05
0.1481379,3.6868602e-05,0.00056875565,0.0085521237,3.7703338e-05,1.0719194e-05
0.14822772,3.9579647e-05,0.00062216149,0.0094023316,4.0526204e-05,1.1536422e-05
0.1483228,4.1074173e-05,0.00065910344,0.0098017426,4.2106871e-05,1.1988367e-05
0.14841833,4.1102124e-05,0.00067343527,0.010111473,4.2162558e-05,1.1993899e-05
0.14851371,4.1110627e-05,0.00068771341,0.010394597,4.2188972e-05,1.1992905e-05
0.14858518,4.1140277e-05,0.00069905995,0.010638092,4.2224933e-05,1.1991243e-05
0.14868043,4.122459e-05,0.00071543262,0.011127497,4.2326283e-05,1.1987085e-05
0.14877559,4.1307348e-05,0.00073196848,0.011447815,4.2380792e-05,1.197661e-05
0.1488708,4.145949e-05,0.00075027224,0.011300471,4.2520159e-05,1.1984214e-05
0.14896594,4.1349422e-05,0.00076444848,0.011830805,4.2398399e-05,1.1905521e-05
0.14905908,4.045131e-05,0.00076377462,0.01148404,4.1459802e-05,1.1600829e-05
0.14912775,4.0009572e-05,0.00076725776,0.011426085,4.0990041e-05,1.144245e-05
0.14921811,3.9590112e-05,0.00077512857,0.011589063,4.0507889e-05,1.1263265e-05
0.14930725,3.9212422e-05,0.00078409944,0.011392763,4.0086349e-05,1.1099401e-05
0.14939529,3.8862939e-05,0.00079422572,0.011485152,3.9682622e-05,1.0943924e-05
0.1494823,3.8531565e-05,0.00080503428,0.01083065,3.9302738e-05,1.0798671e-05
0.14956827,3.8160886e-05,0.00081588727,0.011776522,3.8865959e-05,1.0644069e-05
0.14963199,3.7863934e-05,0.00082422375,0.010986666,3.8528236e-05,1.0519201e-05
0.14971597,3.74681e-05,0.0008360298,0.010431763,3.808272e-05,1.0358575e-05
0.14979881,3.7034637e-05,0.00084810892,0.010221014,3.7605407e-05,1.0189431e-05
0.14988047,3.6575303e-05,0.00086048954,0.010210376,3.7103457e-05,1.0023248e-05
0.14996096,3.6165758e-05,0.00087446309,0.010282948,3.6632533e-05,9.8658103e-06
0.15002072,3.5940356e-05,0.00088765699,0.0096263779,3.6371811e-05,9.7751939e-06
0.15009973,3.5700162e-05,0.00090780618,0.01032159,3.6082846e-05,9.674585e-06
0.15017835,3.5664128e-05,0.00093403359,0.01034465,3.5990739e-05,9.6259986e-06
0.15025687,3.576986e-05,0.00096521181,0.010315274,3.6044009e-05,9.6278103e-06
0.15033582,3.613112e-05,0.0010044586,0.010634033,3.6349616e-05,9.6966808e-06
0.15041575,3.676724e-05,0.0010532124,0.010605713,3.692786e-05,9.8442303e-06
0.15047674,3.7439761e-05,0.0010970549,0.010762402,3.7547988e-05,9.9997649e-06
0.15056024,3.8858286e-05,0.0011735907,0.01092159,3.8880799e-05,1.034775e-05
0.15064772,4.1148747e-05,0.0012804224,0.011404806,4.1054451e-05,1.0934637e-05
0.15074148,4.4693661e-05,0.0014315817,0.01340905,4.4422959e-05,1.1885153e-05
0.15084553,5.057645e-05,0.0016612691,0.014293055,5.0045497e-05,1.3491274e-05
0.15092832,5.1434026e-05,0.0017145551,0.015122142,5.0688584e-05,1.3736635e-05
0.15103979,5.2266261e-05,0.0017601576,0.015035752,5.1184221e-05,1.3984232e-05
0.1511506,5.098807e-05,0.001713695,0.014954752,4.9600447e-05,1.365433e-05
0.1512569,4.9530437e-05,0.0016431266,0.014241273,4.7870953e-05,1.3259221e-05
0.15136106,4.8912038e-05,0.0015817409,0.014000981,4.6999476e-05,1.3096425e-05
0.15145961,4.540948e-05,0.001418019,0.013308524,4.3375893e-05,1.2142541e-05
0.15152975,4.3821045e-05,0.001328391,0.013049993,4.1708921e-05,1.1693614e-05
0.15162047,4.2716815e-05,0.0012431541,0.012007586,4.0486974e-05,1.1349871e-05
0.15170998,4.2490618e-05,0.0011875309,0.012171766,4.0163183e-05,1.1228974e-05
0.15179942,4.2623967e-05,0.0011449277,0.012166977,4.0194561e-05,1.1192752e-05
0.15188918,4.2849095e-05,0.0011081932,0.012153353,4.0313398e-05,1.119867e-05
0.15197917,4.2958536e-05,0.0010710815,0.011768526,4.0333729e-05,1.1196765e-05
0.15204655,4.2886814e-05,0.0010418392,0.012059224,4.0231071e-05,1.1168699e-05
0.15213559,4.2436018e-05,0.00099715404,0.011973974,3.9761749e-05,1.1050009e-05
0.15222325,4.1808105e-05,0.00095197613,0.011862432,3.9101402e-05,1.0874713e-05
0.15230938,4.1193077e-05,0.00091092993,0.011651549,3.845303e-05,1.0693072e-05
0.15239431,4.0819209e-05,0.00087768895,0.011785483,3.8048972e-05,1.057478e-05
0.15245763,4.0774713e-05,0.0008592312,0.012008326,3.7957918e-05,1.0555844e-05
0.15254225,4.1082369e-05,0.00084339763,0.012197597,3.8158687e-05,1.0598569e-05
0.15262774,4.1670183e-05,0.00083430641,0.011948299,3.8605271e-05,1.0722891e-05
0.15271468,4.2559533e-05,0.00083190704,0.01205096,3.9318812e-05,1.0967205e-05
0.15280344,4.3528332e-05,0.00083191887,0.0126605,4.0143172e-05,1.1242183e-05
0.15289415,4.4583662e-05,0.00083404329,0.012582207,4.0962825e-05,1.1504208e-05
0.1529634,4.5309466e-05,0.0008354052,0.013102531,4.1550843e-05,1.1665433e-05
0.15305732,4.631544e-05,0.00083923805,0.013375905,4.2335941e-05,1.1868421e-05
0.15315346,4.7550481e-05,0.00084813692,0.013635636,4.33544e-05,1.2093173e-05
0.15325254,4.9194409e-05,0.00086502052,0.013954309,4.4775713e-05,1.2430805e-05
0.15335519,5.0748027e-05,0.00088081313,0.014036526,4.6160947e-05,1.2784893e-05
0.15343287,5.067441e-05,0.00087183924,0.014013327,4.6060594e-05,1.2736134e-05
0.1535364,5.0612619e-05,0.00086380192,0.014424684,4.6011938e-05,1.2704339e-05
0.15363999,5.0626834e-05,0.00086035718,0.013558895,4.6042621e-05,1.2696904e-05
0.1537438,5.0669894e-05,0.00086209088,0.014298924,4.6138041e-05,1.2694015e-05
0.15384796,5.0840557e-05,0.00086908879,0.014021329,4.625969e-05,1.2705375e-05
0.15395257,5.1011744e-05,0.0008803763,0.014385669,4.6452814e-05,1.2753541e-05
0.15403141,5.1186408e-05,0.00089173511,0.014190362,4.6656962e-05,1.2819306e-05
0.15413717,5.1384917e-05,0.00090833372,0.014444556,4.6919209e-05,1.2902728e-05
0.15424378,5.1695276e-05,0.00092934351,0.013898666,4.7258341e-05,1.3029883e-05
0.15435129,5.1993728e-05,0.00095275588,0.014033176,4.759247e-05,1.317453e-05
0.15445979,5.2288371e-05,0.00097914305,0.015412391,4.7911759e-05,1.3316552e-05
0.15456933,5.2611609e-05,0.0010093338,0.014032022,4.8256262e-05,1.3461972e-05
0.15465217,5.2861849e-05,0.0010343843,0.014292088,4.8505641e-05,1.3571814e-05
0.15476355,5.3229544e-05,0.0010725351,0.014958379,4.8900612e-05,1.3771676e-05
0.15487589,5.3531618e-05,0.0011145117,0.014519773,4.9316202e-05,1.3971908e-05
0.15498915,5.362724e-05,0.0011568044,0.014928099,4.9579541e-05,1.412902e-05
0.15510141,5.2797465e-05,0.0011829597,0.014692987,4.9029625e-05,1.4013763e-05
0.15518475,5.2246216e-05,0.0012053032,0.014493707,4.8672133e-05,1.3930288e-05
0.15529464,5.1442692e-05,0.0012355036,0.014299558,4.8130566e-05,1.3774674e-05
0.15540332,5.0725119e-05,0.0012688867,0.014314276,4.7638361e-05,1.362803e-05
0.15551088,5.0077337e-05,0.0013048162,0.014017232,4.7210468e-05,1.3504142e-05
0.15561741,4.943437e-05,0.0013415207,0.01359456,4.6781726e-05,1.3416941e-05
0.155723,4.8867778e-05,0.0013803357,0.01325894,4.6412065e-05,1.3354306e-05
0.15580165,4.8479017e-05,0.001410122,0.013016398,4.6178275e-05,1.3310006e-05
0.15590584,4.7936373e-05,0.0014477171,0.013182356,4.5795598e-05,1.3233181e-05
0.15600936,4.7555056e-05,0.0014873995,0.012998426,4.5543936e-05,1.3166964e-05
0.15611232,4.7196907e-05,0.0015246574,0.012816222,4.5269778e-05,1.3093561e-05
0.15621476,4.6911369e-05,0.0015573731,0.013374631,4.507394e-05,1.3030787e-05
0.15631678,4.6658048e-05,0.0015829715,0.013045171,4.4868463e-05,1.297507e-05
0.15639304,4.6509689e-05,0.0015968091,0.012829395,4.4735286e-05,1.2935942e-05
0.15649447,4.6312916e-05,0.0016071239,0.01333636,4.4592358e-05,1.2911444e-05
0.15659562,4.6174897e-05,0.0016069273,0.01368336,4.4452783e-05,1.2892945e-05
0.1566966,4.6123676e-05,0.001596323,0.013872087,4.4363018e-05,1.2900512e-05
0.15679744,4.6084392e-05,0.0015691013,0.013809349,4.4247065e-05,1.2908338e-05
0.15687304,4.6098319e-05,0.001539742,0.014538302,4.4218296e-05,1.2920371e-05
0.15697384,4.6117843e-05,0.0014869702,0.015128503,4.4152691e-05,1.29459e-05
0.15707465,4.6143345e-05,0.0014231605,0.016681944,4.4073605e-05,1.2985977e-05
0.15717552,4.6222031e-05,0.0013569223,0.016978621,4.4044817e-05,1.3033057e-05
0.15727518,4.4714488e-05,0.00124548,0.017687047,4.248982e-05,1.262594e-05
0.15736922,4.2202374e-05,0.0011156646,0.016651676,4.0005877e-05,1.1936959e-05
0.1574366,4.0654492e-05,0.0010343595,0.015237619,3.8461569e-05,1.151924e-05
0.15752304,3.8972132e-05,0.00094457322,0.014070811,3.6767115e-05,1.1063431e-05
0.15760616,3.7544151e-05,0.00086940046,0.013106671,3.5323975e-05,1.0683006e-05
0.1576865,3.6333254e-05,0.00080628233,0.012850356,3.408514e-05,1.0362865e-05
0.1577645,3.5346789e-05,0.00075395403,0.011676961,3.3070692e-05,1.0101985e-05
0.15782169,3.4675855e-05,0.0007192294,0.01116276,3.2377949e-05,9.919713e-06
0.15789651,3.3951643e-05,0.00068002639,0.011284922,3.1620086e-05,9.7198306e-06
0.15796993,3.3325893e-05,0.00064614172,0.011220476,3.0961576e-05,9.5492957e-06
0.15804212,3.2782878e-05,0.00061684044,0.010469069,3.0396064e-05,9.3974748e-06
0.15811324,3.2328261e-05,0.00059139872,0.010578364,2.9904872e-05,9.2623129e-06
0.15818347,3.1888227e-05,0.00056850362,0.010082357,2.9468934e-05,9.1411982e-06
0.15823561,3.1611016e-05,0.00055321622,0.010580522,2.9179325e-05,9.0576997e-06
0.15830452,3.1287036e-05,0.00053508795,0.010676342,2.8851244e-05,8.9642036e-06
0.15837279,3.0977401e-05,0.00051838092,0.010320099,2.8542084e-05,8.8774646e-06
0.15844049,3.0708626e-05,0.00050340834,0.010554568,2.8271477e-05,8.8092202e-06
0.15850769,3.0461158e-05,0.00048972736,0.010588879,2.8037804e-05,8.7464025e-06
0.1585745,3.027887e-05,0.00047789023,0.010359428,2.7866656e-05,8.7049438e-06
0.15862435,3.0136647e-05,0.00046942239,0.0099302823,2.7732846e-05,8.6706811e-06
0.15869058,2.9982415e-05,0.00045894769,0.010004829,2.7593667e-05,8.6419541e-06
0.15875648,2.980292e-05,0.0004487126,0.010158824,2.7434353e-05,8.6055193e-06
0.15882218,2.9718312e-05,0.00044030853,0.0095699228,2.7359605e-05,8.5968909e-06
0.15888775,2.9621352e-05,0.00043225155,0.0097271127,2.7276901e-05,8.578367e-06
0.15893685,2.9568274e-05,0.00042668793,0.0098358709,2.7241086e-05,8.5623161e-06
0.15900223,2.9484814e-05,0.00041935416,0.009902187,2.7168611e-05,8.5394025e-06
0.15906757,2.9456868e-05,0.00041314651,0.0097520385,2.7152716e-05,8.5306182e-06
0.15913288,2.9397416e-05,0.00040668701,0.010773598,2.7101869e-05,8.5052595e-06
0.15919817,2.9404715e-05,0.00040141295,0.010069914,2.7116855e-05,8.4959682e-06
0.15926352,2.9411712e-05,0.00039625226,0.010877361,2.7111623e-05,8.4824367e-06
0.15931258,2.9422953e-05,0.00039260667,0.010732289,2.7121345e-05,8.4700149e-06
0.15937809,2.9421865e-05,0.00038763082,0.010981733,2.7115861e-05,8.44711e-06
0.15944371,2.9464166e-05,0.00038325076,0.01105514,2.7127501e-05,8.4297654e-06
0.15950946,2.9503833e-05,0.00037907817,0.010032185,2.7144245e-05,8.4093255e-06
0.15957536,2.9530631e-05,0.00037475873,0.010437312,2.7155035e-05,8.3946449e-06
0.15962492,2.9555673e-05,0.00037175009,0.01071663,2.7175563e-05,8.3885062e-06
0.15969116,2.9611211e-05,0.00036810774,0.010513657,2.7216499e-05,8.3928143e-06
0.15975761,2.9709292e-05,0.00036473533,0.010637525,2.7253636e-05,8.3990614e-06
0.15982432,2.9808887e-05,0.00036186504,0.010278481,2.7330398e-05,8.4144144e-06
0.15989126,2.9870291e-05,0.0003587636,0.0096853756,2.737498e-05,8.4312982e-06
0.15995849,2.9971541e-05,0.00035619431,0.010270371,2.7458759e-05,8.4576122e-06
0.16000914,3.0068337e-05,0.0003546982,0.010282907,2.7549285e-05,8.4806939e-06
0.16007698,3.0153537e-05,0.00035228085,0.010207125,2.7637301e-05,8.4881673e-06
0.16014521,3.0278264e-05,0.00035050532,0.0092819928,2.7760683e-05,8.4830396e-06
0.1602138,3.0392729e-05,0.00034887889,0.0087688659,2.7889192e-05,8.4632385e-06
0.16028284,3.0556352e-05,0.00034790523,0.0088628979,2.8061844e-05,8.4604933e-06
0.16035235,3.071604e-05,0.00034714806,0.0089195009,2.8232314e-05,8.4693337e-06
0.16040481,3.0830358e-05,0.00034655756,0.0095646467,2.834926e-05,8.476099e-06
0.16047522,3.1010441e-05,0.00034655331,0.0090013329,2.8562975e-05,8.5065558e-06
0.16054621,3.1218301e-05,0.00034691928,0.0085614873,2.8793326e-05,8.544982e-06
0.1606179,3.1472731e-05,0.00034800578,0.008015826,2.9053326e-05,8.5991533e-06
0.16069032,3.1731733e-05,0.00034935249,0.0084100903,2.9328211e-05,8.666908e-06
0.16074512,3.1933905e-05,0.00035051632,0.0083290386,2.9538527e-05,8.7324535e-06
0.16081892,3.2244495e-05,0.00035276061,0.0085156414,2.9866147e-05,8.8323393e-06
0.16089366,3.2606941e-05,0.00035583038,0.0081627653,3.0240384e-05,8.9406597e-06
0.16096942,3.2994265e-05,0.00035931199,0.0086542991,3.0637657e-05,9.0586667e-06
0.16104626,3.3438289e-05,0.0003636463,0.0084640326,3.1085144e-05,9.1918316e-06
0.16112434,3.3944556e-05,0.00036891912,0.0083365902,3.1577637e-05,9.3407998e-06
0.16118372,3.4287018e-05,0.00037267568,0.00821774,3.1926036e-05,9.4397801e-06
0.16126415,3.4878212e-05,0.00037937273,0.0079844263,3.2505507e-05,9.6170615e-06
0.16134612,3.5503434e-05,0.00038662028,0.0087202681,3.3120709e-05,9.7964511e-06
0.16142978,3.6214548e-05,0.00039515705,0.0090000329,3.3826862e-05,9.9995377e-06
0.16151528,3.6960755e-05,0.00040438748,0.0094556505,3.4577109e-05,1.0221844e-05
0.16158082,3.7649778e-05,0.00041288413,0.0096411146,3.5250449e-05,1.0421964e-05
0.16167009,3.8534796e-05,0.00042425026,0.0098400017,3.6158669e-05,1.068515e-05
0.16176182,3.9541782e-05,0.00043746131,0.0096771792,3.7187333e-05,1.098536e-05
0.16185625,4.0704233e-05,0.00045275945,0.010007948,3.837058e-05,1.1321234e-05
0.16195375,4.2025235e-05,0.00047043529,0.010932653,3.9734558e-05,1.170266e-05
0.16205479,4.3561266e-05,0.00049131684,0.011292007,4.128536e-05,1.2138006e-05
0.16213321,4.4856562e-05,0.00050917017,0.010995555,4.2614198e-05,1.2507853e-05
0.16224175,4.6835956e-05,0.00053664126,0.011683375,4.4632852e-05,1.3062042e-05
0.16235543,4.902433e-05,0.00056794354,0.012298833,4.6884201e-05,1.3679772e-05
0.1624749,5.1471452e-05,0.00060359482,0.013947065,4.9377409e-05,1.4364817e-05
0.16259717,5.194764e-05,0.00061756245,0.013684676,5.0009438e-05,1.4504699e-05
0.16272066,5.2459348e-05,0.00063286471,0.013403552,5.0647593e-05,1.4658115e-05
0.16281427,5.2982949e-05,0.0006468874,0.013301897,5.1268646e-05,1.4818878e-05
0.16294031,5.3537762e-05,0.00066482717,0.013354457,5.1925778e-05,1.4992571e-05
0.16306768,5.409395e-05,0.00068431885,0.013933659,5.263364e-05,1.5178939e-05
0.16319677,5.4889931e-05,0.00070772429,0.013361233,5.3492081e-05,1.5416163e-05
0.1633273,5.5367761e-05,0.00072901706,0.012586465,5.4084393e-05,1.5572088e-05
0.16342496,5.5103894e-05,0.00073724516,0.012495729,5.3885972e-05,1.5500735e-05
0.1635543,5.4691151e-05,0.00074829305,0.012603409,5.3551962e-05,1.5393229e-05
0.16368255,5.4294459e-05,0.0007601265,0.012355994,5.3222697e-05,1.5278598e-05
0.1638098,5.3921668e-05,0.00077287977,0.012468423,5.2891409e-05,1.5162083e-05
0.16393607,5.3761927e-05,0.00078836013,0.012049519,5.270468e-05,1.5065603e-05
0.16406136,5.3426592e-05,0.00080284877,0.011831084,5.2373831e-05,1.4911819e-05
0.16415461,5.3239866e-05,0.00081516972,0.011979731,5.2165561e-05,1.4811749e-05
0.16427812,5.2940524e-05,0.00083183011,0.012351539,5.1810121e-05,1.4642093e-05
0.16440065,5.2536953e-05,0.0008472321,0.01222014,5.1321121e-05,1.4429487e-05
0.16452076,5.1695132e-05,0.00085658434,0.012252881,5.0399714e-05,1.4102481e-05
0.1646385,5.087296e-05,0.00086699649,0.012379586,4.9500628e-05,1.3785087e-05
0.16472535,5.0329311e-05,0.00087645112,0.012241527,4.8876692e-05,1.3577788e-05
0.16483943,4.9747963e-05,0.00089226184,0.012289039,4.8129828e-05,1.3324613e-05
0.16495101,4.8333536e-05,0.0008957344,0.012173273,4.6623467e-05,1.2880847e-05
0.16505791,4.6597591e-05,0.00089415034,0.01179303,4.4830163e-05,1.2372681e-05
0.16516147,4.5559002e-05,0.00090689523,0.010579989,4.3709223e-05,1.2052342e-05
0.16526321,4.5111331e-05,0.00093465531,0.010746007,4.3173095e-05,1.1913525e-05
0.16533902,4.5094317e-05,0.00096484142,0.010669474,4.3070028e-05,1.1894293e-05
0.16544031,4.545586e-05,0.0010180695,0.010177576,4.3302018e-05,1.1950403e-05
0.16554261,4.6076674e-05,0.0010837459,0.010624733,4.3771923e-05,1.2049073e-05
0.16564653,4.7103074e-05,0.001167033,0.011309834,4.4619045e-05,1.2296758e-05
0.16575237,4.7906387e-05,0.0012531417,0.011381271,4.524829e-05,1.2493992e-05
0.16585873,4.8156936e-05,0.0013288009,0.011404842,4.5369802e-05,1.2546617e-05
0.1659387,4.8390464e-05,0.0013879402,0.011724931,4.5484597e-05,1.2586493e-05
0.16604569,4.865784e-05,0.0014650024,0.011286326,4.5587187e-05,1.2644832e-05
0.16615332,4.9077122e-05,0.0015365108,0.012047656,4.5806833e-05,1.2732575e-05
0.1662617,4.9648046e-05,0.0015918281,0.011592161,4.6175687e-05,1.2876785e-05
0.16637101,5.0234068e-05,0.0016191594,0.011810904,4.65333e-05,1.3031374e-05
0.16645391,5.0788209e-05,0.001625155,0.012408689,4.6902565e-05,1.3180137e-05
0.16656571,5.1558547e-05,0.0016048478,0.012512984,4.7416869e-05,1.3412339e-05
0.16667921,5.2519199e-05,0.0015623686,0.012551516,4.8099193e-05,1.37028e-05
0.16679448,5.3330661e-05,0.0014964203,0.012797004,4.8644603e-05,1.3960112e-05
0.16691171,5.4360162e-05,0.0014326349,0.012810707,4.9359996e-05,1.4271589e-05
0.16703077,5.5246704e-05,0.0013658597,0.013122368,4.9958394e-05,1.4535885e-05
0.16712159,5.6143909e-05,0.0013241328,0.013492513,5.0582735e-05,1.4799287e-05
0.16724435,5.7102601e-05,0.0012674714,0.013903553,5.1178216e-05,1.5067405e-05
0.16736907,5.8087654e-05,0.0012200772,0.014107634,5.1797636e-05,1.5344873e-05
0.16749601,5.9144608e-05,0.0011816645,0.01432376,5.2407112e-05,1.5579093e-05
0.16762499,6.0235957e-05,0.0011516665,0.014363484,5.304812e-05,1.5793929e-05
0.16775627,6.1379313e-05,0.0011289122,0.014570807,5.372824e-05,1.5987038e-05
0.16785601,6.1971911e-05,0.0011107091,0.015062919,5.4015101e-05,1.6048663e-05
0.16799067,6.2922702e-05,0.0010925446,0.014383687,5.4489055e-05,1.6140114e-05
0.1681263,6.295095e-05,0.0010625247,0.014706277,5.4210835e-05,1.601367e-05
0.1682606,6.2360812e-05,0.0010264068,0.014675842,5.3418472e-05,1.573224e-05
0.16839324,6.146194e-05,0.00098921879,0.014130012,5.2380115e-05,1.5351277e-05
0.16849207,6.1177495e-05,0.00096965809,0.014108133,5.1950704e-05,1.5172068e-05
0.16862273,6.05963e-05,0.00094300579,0.01422781,5.1268183e-05,1.4933802e-05
0.16875239,6.0342044e-05,0.00092481322,0.013779654,5.092857e-05,1.4825307e-05
0.16888122,6.0098005e-05,0.00091053457,0.014064502,5.0667432e-05,1.4735116e-05
0.16900904,5.9560335e-05,0.00089524205,0.013829055,5.0181384e-05,1.4557678e-05
0.16913601,5.9332566e-05,0.00088847064,0.014064895,4.9959743e-05,1.4440475e-05
0.16923064,5.9110774e-05,0.00088482865,0.013838659,4.9733599e-05,1.4322767e-05
0.16935606,5.8809915e-05,0.00088394233,0.013410449,4.9523884e-05,1.4184123e-05
0.16948045,5.8275495e-05,0.00088100837,0.013699589,4.9045418e-05,1.4018241e-05
0.16960397,5.8009409e-05,0.00088478883,0.013545117,4.8817497e-05,1.394093e-05
0.16972609,5.7365434e-05,0.00088505801,0.014139725,4.8260324e-05,1.3755746e-05
0.16981672,5.6722956e-05,0.00088325774,0.013105694,4.7664614e-05,1.3549681e-05
0.16993639,5.6094395e-05,0.00088482711,0.012730325,4.7023196e-05,1.3309334e-05
0.17005466,5.5461245e-05,0.00088682268,0.013338886,4.6369348e-05,1.3095121e-05
0.17017135,5.4840171e-05,0.00088956702,0.012567744,4.5777901e-05,1.291302e-05
0.17028648,5.4216561e-05,0.00089334754,0.012877606,4.5224834e-05,1.2740188e-05
0.17040005,5.3223037e-05,0.00089249763,0.012572954,4.4391018e-05,1.2479716e-05
0.17048423,5.2910773e-05,0.00089958897,0.012440105,4.4091643e-05,1.2394064e-05
0.1705952,5.2259856e-05,0.00090652357,0.012048365,4.3498028e-05,1.2219047e-05
0.17070479,5.1568331e-05,0.00091480372,0.011975866,4.286648e-05,1.2037601e-05
0.170813,5.0875449e-05,0.00092437493,0.011967102,4.2230152e-05,1.1852458e-05
0.17092016,5.0115954e-05,0.00093496599,0.011689129,4.1576093e-05,1.1676323e-05
0.17102628,4.9756063e-05,0.00095357823,0.011101547,4.1188452e-05,1.1586417e-05
0.17110525,4.92375e-05,0.00096547917,0.010952965,4.0852302e-05,1.1513239e-05
0.17120978,4.8857966e-05,0.00098572086,0.010912764,4.0471302e-05,1.1441376e-05
0.1713136,4.8440829e-05,0.0010067675,0.011150923,4.01249e-05,1.1356873e-05
0.17141668,4.802545e-05,0.0010284007,0.011273636,3.9770798e-05,1.1279738e-05
0.17151921,4.7614656e-05,0.0010504892,0.01181858,3.9433784e-05,1.1188034e-05
0.17159583,4.7572799e-05,0.0010732206,0.011698004,3.9392226e-05,1.1183101e-05
0.17169741,4.7151019e-05,0.0010964886,0.011180378,3.9066894e-05,1.1088208e-05
0.1717988,4.7131993e-05,0.0011284375,0.011279269,3.9046114e-05,1.1092967e-05
0.17189959,4.6743943e-05,0.0011525947,0.011503003,3.8704606e-05,1.1020817e-05
0.17200018,4.6731893e-05,0.0011873058,0.011774586,3.8679462e-05,1.1059454e-05
0.17210076,4.6756496e-05,0.0012245254,0.012875873,3.8647857e-05,1.1090195e-05
0.1721762,4.6758253e-05,0.0012541046,0.013532035,3.8632114e-05,1.1106683e-05
0.17227678,4.6802468e-05,0.0012964469,0.013823783,3.8586799e-05,1.1136972e-05
0.17237737,4.6865227e-05,0.0013404003,0.015075934,3.8557145e-05,1.116345e-05
0.17247795,4.6879926e-05,0.001385042,0.015379977,3.8506653e-05,1.1189385e-05
0.17257854,4.6906995e-05,0.0014264326,0.016308123,3.8450445e-05,1.1213007e-05
0.17265398,4.6906811e-05,0.0014523419,0.016568483,3.8400639e-05,1.1238918e-05
0.17275456,4.6902408e-05,0.0014786953,0.016477302,3.8328533e-05,1.1285745e-05
0.17285515,4.6953598e-05,0.0014934972,0.016735917,3.824409e-05,1.133925e-05
0.17295604,4.7524112e-05,0.0015127431,0.015922425,3.8634873e-05,1.1535185e-05
0.17305787,4.7501281e-05,0.0014980911,0.014925025,3.8543878e-05,1.1584612e-05
0.1731597,4.7500951e-05,0.0014692751,0.014305157,3.8460548e-05,1.1640652e-05
0.17323607,4.7472561e-05,0.0014392622,0.015093871,3.8409821e-05,1.1683697e-05
0.17333904,4.8172693e-05,0.0014122259,0.014677334,3.8910652e-05,1.1917199e-05
0.17344238,4.8157093e-05,0.0013595571,0.014079708,3.8845727e-05,1.1971274e-05
0.17354573,4.814784e-05,0.0013080537,0.014528805,3.8792573e-05,1.2023314e-05
0.17364908,4.8131669e-05,0.0012585789,0.01555012,3.8735785e-05,1.2079219e-05
0.17375445,4.9080603e-05,0.0012353448,0.01553128,3.9432244e-05,1.2369351e-05
0.17383291,4.7983537e-05,0.0011747608,0.015656076,3.8520585e-05,1.2132072e-05
0.17393779,4.9060844e-05,0.0011590928,0.015162866,3.9339821e-05,1.2462475e-05
0.17404327,4.8987112e-05,0.0011183118,0.015860543,3.9267497e-05,1.2517249e-05
0.17414875,4.8919452e-05,0.0010804698,0.015756973,3.9198037e-05,1.2574048e-05
0.17425423,4.8841545e-05,0.0010450684,0.015121125,3.9153751e-05,1.2666103e-05
0.17433334,4.8785317e-05,0.001019943,0.015197511,3.9107839e-05,1.2739175e-05
0.17443882,4.8723071e-05,0.00098796519,0.016235971,3.9053271e-05,1.2837241e-05
0.17454429,4.8657667e-05,0.00095831766,0.01599538,3.9009502e-05,1.2916954e-05
0.17464977,4.8637717e-05,0.00093134483,0.01560257,3.8974363e-05,1.2997615e-05
0.17475525,4.8617649e-05,0.00090695776,0.015389109,3.8961362e-05,1.3064575e-05
0.17486073,4.8601454e-05,0.0008843265,0.015419847,3.8949798e-05,1.3098936e-05
0.17493984,4.8594874e-05,0.00086838906,0.01597042,3.8962981e-05,1.311663e-05
0.17504679,4.9946378e-05,0.00087184273,0.017657093,4.007101e-05,1.3472308e-05
0.17515527,4.9974078e-05,0.00085235428,0.017684221,4.0105791e-05,1.3462449e-05
0.17526376,4.9999534e-05,0.00083360379,0.019705897,4.009995e-05,1.3446794e-05
0.1753723,4.9952809e-05,0.00081566541,0.017793665,4.0113168e-05,1.3422317e-05
0.17545375,4.9950223e-05,0.00080387837,0.016592606,4.0139278e-05,1.33952e-05
0.17556244,4.9928035e-05,0.00078936795,0.018040475,4.0188079e-05,1.3307795e-05
0.17567132,4.9938698e-05,0.00077657052,0.017352433,4.0304027e-05,1.3245624e-05
0.17578046,4.9954974e-05,0.0007657885,0.014547401,4.0499106e-05,1.3198896e-05
0.1758899,4.9974424e-05,0.00075690125,0.0145511,4.0750544e-05,1.3203744e-05
0.1759997,5.008886e-05,0.00074985254,0.014425308,4.1011473e-05,1.3241616e-05
0.17608234,5.0159134e-05,0.00074628058,0.013391025,4.1260032e-05,1.3292896e-05
0.17619294,5.0268687e-05,0.00074321452,0.01315737,4.1592477e-05,1.3382582e-05
0.17630405,5.0391166e-05,0.00074179383,0.013112424,4.1902339e-05,1.3486219e-05
0.17641573,5.0506236e-05,0.00074224123,0.01250583,4.2210135e-05,1.3594456e-05
0.17652799,5.0657629e-05,0.00074426687,0.012473999,4.2492306e-05,1.3691609e-05
0.17664084,5.0801786e-05,0.0007477775,0.012044284,4.2750384e-05,1.3767957e-05
0.1767259,5.0919101e-05,0.00075136111,0.012086791,4.2933138e-05,1.3826614e-05
0.17683991,5.1094027e-05,0.00075774874,0.011331568,4.322845e-05,1.3905071e-05
0.17695465,5.1316555e-05,0.00076626151,0.011540705,4.3547319e-05,1.3994415e-05
0.17707018,5.1557509e-05,0.00077614391,0.011327234,4.3913465e-05,1.4089099e-05
0.17718658,5.1827341e-05,0.00078844402,0.011737347,4.430874e-05,1.4192383e-05
0.17727439,5.191254e-05,0.00079701035,0.011851026,4.4511646e-05,1.423207e-05
0.17739101,5.1412616e-05,0.0008003369,0.01118894,4.4255943e-05,1.4100248e-05
0.17750676,5.0894591e-05,0.00080462347,0.011520417,4.3972017e-05,1.3966885e-05
0.17762168,5.0415075e-05,0.00081115774,0.011665676,4.3686071e-05,1.3840949e-05
0.17773572,4.9922696e-05,0.00081875424,0.011849062,4.3362356e-05,1.3706372e-05
0.17784891,4.9427148e-05,0.00082776444,0.012081038,4.3045666e-05,1.3580164e-05
0.17793325,4.9075823e-05,0.00083566694,0.01190507,4.279389e-05,1.3490333e-05
0.17804497,4.862237e-05,0.00084753456,0.011471838,4.2462045e-05,1.3382127e-05
0.17815588,4.8224495e-05,0.00086134193,0.01218058,4.2107323e-05,1.3271192e-05
0.17826599,4.7778966e-05,0.00087691769,0.011030732,4.1785587e-05,1.3174016e-05
0.17837527,4.7373606e-05,0.00089358483,0.011138262,4.1400566e-05,1.306388e-05
0.17848378,4.7014235e-05,0.00091306793,0.010946936,4.1081812e-05,1.2978967e-05
0.17856468,4.6780967e-05,0.00092937384,0.011041177,4.0848985e-05,1.2915162e-05
0.17867192,4.6470224e-05,0.00095237169,0.011009637,4.0513752e-05,1.2832353e-05
0.17877847,4.6195127e-05,0.00097734155,0.010493684,4.0194512e-05,1.2748382e-05
0.17888438,4.5867326e-05,0.0010043845,0.0099240247,3.9889456e-05,1.2676285e-05
0.17898968,4.5652842e-05,0.0010340271,0.0098540104,3.962823e-05,1.2617941e-05
0.17906829,4.5501931e-05,0.0010577487,0.010041785,3.9436552e-05,1.2567607e-05
0.17917262,4.5325533e-05,0.0010908955,0.01009002,3.9173291e-05,1.2498058e-05
0.17927641,4.5155996e-05,0.0011258022,0.010013438,3.893032e-05,1.2421114e-05
0.17937965,4.5005739e-05,0.0011623464,0.010454407,3.8688867e-05,1.2333893e-05
0.17948244,4.4922498e-05,0.0012006639,0.0099299719,3.8494893e-05,1.2259181e-05
0.17958479,4.4838363e-05,0.001238402,0.010249627,3.8278591e-05,1.2186891e-05
0.17966128,4.4767168e-05,0.0012675778,0.010185838,3.8150796e-05,1.2135134e-05
0.17976292,4.4705539e-05,0.0013057753,0.010010439,3.7959308e-05,1.2069948e-05
0.17986421,4.466496e-05,0.0013430294,0.0097021871,3.7796304e-05,1.2018738e-05
0.17996522,4.468366e-05,0.0013774966,0.010159864,3.7634708e-05,1.1982416e-05
0.18006597,4.4655324e-05,0.0014048178,0.0098120973,3.748252e-05,1.1943936e-05
0.18014138,4.4671886e-05,0.0014206751,0.0099329918,3.7389937e-05,1.1924893e-05
0.1802418,4.4727512e-05,0.0014346891,0.0098086608,3.727455e-05,1.190157e-05
0.18034212,4.4805797e-05,0.0014377627,0.010410834,3.7189844e-05,1.1880659e-05
0.18044241,4.4892198e-05,0.001432026,0.0098025635,3.7114601e-05,1.1869352e-05
0.18054273,4.498916e-05,0.0014136136,0.0099412795,3.7051441e-05,1.1852784e-05
0.18064309,4.5078732e-05,0.0013838341,0.010149412,3.698995e-05,1.1841555e-05
0.18071841,4.5188709e-05,0.0013541709,0.010065789,3.6962871e-05,1.1826455e-05
0.18081895,4.5326168e-05,0.0013066049,0.01045541,3.6937478e-05,1.180644e-05
0.18091971,4.5521838e-05,0.0012561307,0.010646309,3.6949557e-05,1.1811847e-05
0.18102073,4.5721869e-05,0.0012033426,0.010697572,3.697359e-05,1.1813919e-05
0.18112203,4.5911045e-05,0.0011503075,0.010139723,3.6989669e-05,1.1829219e-05
0.18122363,4.6126348e-05,0.0010985809,0.010283883,3.7030514e-05,1.1855809e-05
0.18130008,4.6300012e-05,0.0010604776,0.010853275,3.7057302e-05,1.1885846e-05
0.18140239,4.6581922e-05,0.0010129543,0.010795715,3.7146709e-05,1.1956293e-05
0.18150529,4.6933112e-05,0.00096954312,0.011113515,3.7279443e-05,1.2045421e-05
0.18160883,4.728113e-05,0.00092883492,0.012415764,3.7399271e-05,1.2168608e-05
0.18171304,4.7636119e-05,0.00089140539,0.012828046,3.7521425e-05,1.2307645e-05
0.18179164,4.7848964e-05,0.00086508679,0.012513552,3.7625448e-05,1.2428495e-05
0.18189706,4.8223387e-05,0.00083326105,0.012704835,3.7766639e-05,1.2594468e-05
0.18200327,4.8646178e-05,0.00080440673,0.013268018,3.7942973e-05,1.2762389e-05
0.18211042,4.9128945e-05,0.00077918252,0.013263802,3.815189e-05,1.2936895e-05
0.18221851,4.9569204e-05,0.00075620448,0.013321571,3.8373747e-05,1.3111232e-05
0.18232768,5.0141198e-05,0.00073700423,0.013203391,3.8654025e-05,1.3306836e-05
0.18241029,5.0563038e-05,0.00072368385,0.013200752,3.8863881e-05,1.3442327e-05
0.1825215,5.1206042e-05,0.00070876966,0.013480928,3.9196996e-05,1.3658616e-05
0.18263401,5.1872118e-05,0.000695877,0.013819924,3.9534947e-05,1.3885483e-05
0.18274791,5.2590515e-05,0.00068556122,0.013881571,3.9921598e-05,1.4119089e-05
0.18286327,5.3355467e-05,0.00067737897,0.014403421,4.0315121e-05,1.4339579e-05
0.18295078,5.3951438e-05,0.00067266957,0.014173197,4.0613799e-05,1.4478421e-05
0.1830689,5.4812254e-05,0.00066857717,0.014368135,4.1063766e-05,1.4663419e-05
0.18318871,5.5718475e-05,0.00066636275,0.014186172,4.1519256e-05,1.4823346e-05
0.18331028,5.671569e-05,0.00066683845,0.014882227,4.2033908e-05,1.4967401e-05
0.18343369,5.7628692e-05,0.00066842876,0.014506389,4.2502007e-05,1.5090024e-05
0.18355895,5.8580428e-05,0.00067220815,0.015188392,4.299007e-05,1.5223983e-05
0.18365412,5.9454327e-05,0.00067641293,0.014880379,4.3334264e-05,1.5307345e-05
0.18378264,6.0507082e-05,0.00068346743,0.015082224,4.3811298e-05,1.5413791e-05
0.183913,6.1542795e-05,0.00069200038,0.015605403,4.4287639e-05,1.5535991e-05
0.18404508,6.2504251e-05,0.00070150048,0.015714123,4.4759964e-05,1.5672497e-05
0.18417882,6.3513863e-05,0.00071283342,0.015742707,4.525941e-05,1.5788056e-05
0.18431326,6.3778309e-05,0.00071810347,0.016084564,4.52926e-05,1.5707836e-05
0.1844137,6.3721945e-05,0.00072048014,0.015534791,4.5139091e-05,1.559784e-05
0.18454701,6.3668417e-05,0.00072537592,0.015530338,4.4945777e-05,1.5449819e-05
0.18467961,6.3545859e-05,0.00073079454,0.015112165,4.4752419e-05,1.5269224e-05
0.18481134,6.3354641e-05,0.0007364399,0.015562416,4.4508462e-05,1.5128143e-05
0.18494203,6.3006788e-05,0.00074094887,0.015224521,4.4198899e-05,1.505057e-05
0.18503921,6.2652605e-05,0.00074385087,0.015164264,4.3907203e-05,1.4957046e-05
0.18516754,6.2088475e-05,0.00074695589,0.015087883,4.3425808e-05,1.475361e-05
0.18529423,6.1399919e-05,0.00074892053,0.01456374,4.2853341e-05,1.4489042e-05
0.18541915,6.0615854e-05,0.00075004295,0.014084858,4.2242962e-05,1.4225803e-05
0.18554219,5.9777194e-05,0.00075154272,0.014212237,4.1702312e-05,1.3967791e-05
0.18566336,5.8927925e-05,0.00075494168,0.013125856,4.1269006e-05,1.3726049e-05
0.185753,5.8288238e-05,0.00075812791,0.01242811,4.0924727e-05,1.3525291e-05
0.18587102,5.7478933e-05,0.00076528928,0.012338689,4.0516585e-05,1.3295363e-05
0.18598727,5.6703329e-05,0.00077406787,0.012176121,4.0080748e-05,1.3066198e-05
0.1861019,5.5880362e-05,0.00078546597,0.012133466,3.9654992e-05,1.2856996e-05
0.18621503,5.5122838e-05,0.0008000745,0.0116849,3.9249606e-05,1.2666723e-05
0.18629896,5.4631625e-05,0.00081346369,0.011641949,3.9000895e-05,1.2543554e-05
0.18640975,5.3988076e-05,0.00083341833,0.011507064,3.8681812e-05,1.2370681e-05
0.18651932,5.3331197e-05,0.00085531469,0.011670702,3.8374206e-05,1.2234986e-05
0.18662786,5.277193e-05,0.00088028841,0.011299358,3.8142887e-05,1.2134177e-05
0.18673539,5.2275513e-05,0.00090768208,0.011874808,3.7971925e-05,1.2051424e-05
0.18684206,5.1732565e-05,0.00093605375,0.011804781,3.7792167e-05,1.1970506e-05
0.18692154,5.1438707e-05,0.00095896699,0.012336276,3.7709461e-05,1.1925214e-05
0.1870269,5.0976844e-05,0.00099130359,0.011910644,3.7604916e-05,1.1850696e-05
0.18713159,5.0629289e-05,0.00102536,0.011866252,3.7531879e-05,1.1790195e-05
0.18723569,5.0267435e-05,0.0010604667,0.011737842,3.7446384e-05,1.1740382e-05
0.18733931,5.0005874e-05,0.0010990844,0.011495475,3.7422431e-05,1.1738239e-05
0.18744247,4.9769625e-05,0.0011397853,0.012193853,3.7381904e-05,1.1742748e-05
0.18751963,4.9644211e-05,0.0011724006,0.012607949,3.7369558e-05,1.1754036e-05
0.1876222,4.9464249e-05,0.0012177606,0.013465206,3.7336461e-05,1.1760636e-05
0.18772452,4.934908e-05,0.001267774,0.014026539,3.7361912e-05,1.1791745e-05
0.18782668,4.9269703e-05,0.001320973,0.013789334,3.7372359e-05,1.1829516e-05
0.18792872,4.9252206e-05,0.0013760215,0.015560694,3.7423428e-05,1.1880497e-05
0.18800522,4.9201579e-05,0.001416336,0.016086437,3.7454138e-05,1.1916131e-05
0.18810716,4.9177435e-05,0.0014620671,0.015955363,3.7516307e-05,1.1994926e-05
0.18820917,4.92181e-05,0.0014965522,0.016422642,3.7599046e-05,1.2095689e-05
0.18831122,4.9219895e-05,0.0015130647,0.01682196,3.7663074e-05,1.2202596e-05
0.18841342,4.9261821e-05,0.0015113299,0.016575301,3.776881e-05,1.2315667e-05
0.18851581,4.9269934e-05,0.0014877312,0.015670173,3.7878935e-05,1.2421513e-05
0.18859278,4.9360155e-05,0.001459463,0.015609012,3.8008341e-05,1.2503327e-05
0.18869572,4.9466022e-05,0.0014071392,0.015323628,3.8180961e-05,1.2615319e-05
0.18879901,4.9583885e-05,0.001348143,0.015242948,3.8356702e-05,1.2722229e-05
0.18890266,4.9694738e-05,0.0012883942,0.015004668,3.8521489e-05,1.2820903e-05
0.18900667,4.9814696e-05,0.0012302701,0.016171049,3.8701305e-05,1.2913538e-05
0.18911105,4.9940437e-05,0.0011757418,0.015243417,3.8873113e-05,1.2993137e-05
0.18918957,5.0040795e-05,0.0011380065,0.015831517,3.8994942e-05,1.3062769e-05
0.18929211,4.8177432e-05,0.0010495729,0.015634738,3.7591547e-05,1.2600142e-05
0.18939292,4.8073406e-05,0.0010078798,0.016263585,3.7585364e-05,1.2611369e-05
0.1894954,4.9188934e-05,0.0009940303,0.015807872,3.8545096e-05,1.2954368e-05
0.18960121,5.044432e-05,0.00098350982,0.015533808,3.9631858e-05,1.3355413e-05
0.18968126,5.0472518e-05,0.00095847413,0.01541589,3.9741269e-05,1.3431321e-05
0.18978834,5.0518109e-05,0.00092719995,0.015535906,3.9892449e-05,1.3551094e-05
0.18989582,5.0563267e-05,0.00089847802,0.016632835,4.0041176e-05,1.3659524e-05
0.1900037,5.0646923e-05,0.00087200969,0.016148287,4.0179029e-05,1.3777275e-05
0.19011194,5.0684764e-05,0.00084682144,0.016314107,4.0297453e-05,1.386142e-05
0.19022049,5.0766691e-05,0.00082418047,0.016564089,4.0413972e-05,1.3962899e-05
0.19030208,5.0789507e-05,0.00080831559,0.015781218,4.0490632e-05,1.4025246e-05
0.19041099,5.076684e-05,0.00078780573,0.016448081,4.0513146e-05,1.4072723e-05
0.19051997,5.0797397e-05,0.00076936862,0.015990104,4.0542363e-05,1.4098908e-05
0.19062904,5.0779526e-05,0.00075169743,0.017882746,4.0543817e-05,1.406948e-05
0.19073813,5.0789043e-05,0.00073577309,0.01742946,4.056058e-05,1.4048051e-05
0.19082001,5.0727548e-05,0.00072387462,0.019415171,4.0535105e-05,1.4024343e-05
0.19092918,5.0776251e-05,0.00070956255,0.017421823,4.0502294e-05,1.3966437e-05
0.19103846,5.0766165e-05,0.00069669321,0.016302148,4.050662e-05,1.3907361e-05
0.19114782,5.0732769e-05,0.00068487882,0.018002337,4.0514828e-05,1.3773734e-05
0.19125737,5.0721932e-05,0.00067477527,0.018138461,4.0602429e-05,1.3662664e-05
0.19136708,5.0718535e-05,0.0006658495,0.015245177,4.0743298e-05,1.3567458e-05
0.19144956,5.0734726e-05,0.00066044973,0.014372876,4.0894344e-05,1.354745e-05
0.19155983,5.0755116e-05,0.00065458346,0.013779531,4.1132091e-05,1.3559148e-05
0.19167049,5.0836141e-05,0.00065078265,0.014250347,4.1428319e-05,1.3610896e-05
0.19178161,5.0914459e-05,0.00064802069,0.013236449,4.1712311e-05,1.3693329e-05
0.19189318,5.100945e-05,0.00064657143,0.01374725,4.1983844e-05,1.3788222e-05
0.19200528,5.1160383e-05,0.00064689687,0.013600101,4.2266899e-05,1.3895088e-05
0.19208971,5.1238346e-05,0.00064737228,0.013601899,4.2429563e-05,1.3954839e-05
0.19220282,5.1394163e-05,0.00064946542,0.013134,4.2649169e-05,1.4031271e-05
0.1923165,5.1552771e-05,0.00065258188,0.012930487,4.2863973e-05,1.4100083e-05
0.19243083,5.1777406e-05,0.00065747383,0.012891278,4.3147203e-05,1.4166208e-05
0.19254588,5.1960447e-05,0.00066260867,0.01258583,4.3373766e-05,1.4222744e-05
0.19263265,5.2164164e-05,0.00066808327,0.012165914,4.3650803e-05,1.4290391e-05
0.19274904,5.2399475e-05,0.00067559392,0.012374116,4.3996243e-05,1.4368581e-05
0.19286632,5.2711102e-05,0.00068512521,0.012851936,4.4402908e-05,1.445714e-05
0.19298433,5.2717896e-05,0.00069191826,0.013246653,4.456512e-05,1.4462617e-05
0.19310187,5.2354171e-05,0.00069535301,0.013303637,4.4428884e-05,1.4370125e-05
0.19321881,5.193276e-05,0.00069915434,0.01376451,4.4235886e-05,1.4259604e-05
0.19330612,5.1670599e-05,0.00070345905,0.014291077,4.4117753e-05,1.4184794e-05
0.19342189,5.119317e-05,0.00070840065,0.013653785,4.3875862e-05,1.4061924e-05
0.19353698,5.0786294e-05,0.00071518053,0.013711282,4.3667772e-05,1.3966341e-05
0.19365138,5.0395066e-05,0.00072305525,0.013053354,4.3468452e-05,1.3874562e-05
0.19376503,4.9963278e-05,0.00073113831,0.012305471,4.3214838e-05,1.3772996e-05
0.19384979,4.9680144e-05,0.00073830399,0.012299643,4.3045712e-05,1.3709695e-05
0.19396217,4.9267214e-05,0.00074827648,0.011867741,4.2793718e-05,1.3623079e-05
0.19407372,4.8818326e-05,0.00075849292,0.012088234,4.2508401e-05,1.3525347e-05
0.19418452,4.8434858e-05,0.00077077311,0.011888569,4.2269924e-05,1.3442079e-05
0.19429458,4.8075889e-05,0.00078436524,0.011728745,4.2020097e-05,1.3358447e-05
0.19440395,4.7780925e-05,0.00080017671,0.011448379,4.1838323e-05,1.3295288e-05
0.1944855,4.7516418e-05,0.00081201575,0.011532744,4.1624929e-05,1.3226096e-05
0.19459366,4.7255698e-05,0.00083068393,0.010874468,4.1437941e-05,1.3151806e-05
0.19470113,4.6968296e-05,0.00084988595,0.0104539,4.121082e-05,1.3056616e-05
0.19480797,4.6750085e-05,0.00087162604,0.010510767,4.1022827e-05,1.2974499e-05
0.19491419,4.6549161e-05,0.00089508756,0.010742183,4.0849694e-05,1.288325e-05
0.1950198,4.635105e-05,0.00092025588,0.010286874,4.0671409e-05,1.2784354e-05
0.1950986,4.6188249e-05,0.00094024999,0.010598172,4.0526621e-05,1.2712393e-05
0.19520321,4.6035956e-05,0.00096866884,0.010431416,4.0346067e-05,1.2614281e-05
0.1953073,4.5922736e-05,0.0010004045,0.010226867,4.0221119e-05,1.2543117e-05
0.19541093,4.582047e-05,0.0010349233,0.010037889,4.0079428e-05,1.2471652e-05
0.19551411,4.573502e-05,0.0010716995,0.010192313,3.9940046e-05,1.240111e-05
0.19559119,4.5672561e-05,0.0011012283,0.010181877,3.9819124e-05,1.2351784e-05
0.19569362,4.5571873e-05,0.0011437423,0.01049055,3.9690663e-05,1.2297347e-05
0.19579577,4.5613307e-05,0.0011907997,0.01028922,3.9605259e-05,1.2256778e-05
0.19589766,4.5638837e-05,0.0012397232,0.010052332,3.9506618e-05,1.221499e-05
0.19599938,4.5645721e-05,0.0012892308,0.010268756,3.9423262e-05,1.2172117e-05
0.19610102,4.5755022e-05,0.0013417419,0.01018185,3.9401824e-05,1.2160033e-05
0.19617725,4.5832814e-05,0.0013802532,0.010159409,3.9398446e-05,1.2148993e-05
0.1962788,4.5921504e-05,0.0014247248,0.010278576,3.9376146e-05,1.213016e-05
0.19638044,4.6005216e-05,0.0014571927,0.010351214,3.9350971e-05,1.21087e-05
0.19648213,4.6131731e-05,0.0014789389,0.01048382,3.9365206e-05,1.2097784e-05
0.19658365,4.5788407e-05,0.0014685679,0.010578201,3.8969027e-05,1.1963099e-05
0.19665826,4.4919117e-05,0.0014313128,0.010504217,3.815854e-05,1.169949e-05
0.19675562,4.3958185e-05,0.001376383,0.010516702,3.723479e-05,1.140991e-05
0.1968509,4.3121427e-05,0.0013157402,0.010047636,3.6438811e-05,1.1166148e-05
0.19694437,4.2391705e-05,0.0012504826,0.010377244,3.5729468e-05,1.0963811e-05
0.19703632,4.1816295e-05,0.0011853004,0.010478352,3.5156032e-05,1.0818564e-05
0.19712713,4.1376348e-05,0.0011239777,0.010760399,3.4699134e-05,1.071831e-05
0.19719472,4.1168427e-05,0.0010830703,0.011014024,3.4473867e-05,1.0693641e-05
0.19728452,4.1143251e-05,0.001034779,0.010569798,3.4343065e-05,1.0724675e-05
0.19737432,4.1256209e-05,0.00099196745,0.011187101,3.4358501e-05,1.0808645e-05
0.19746481,4.1713159e-05,0.00095874193,0.010766388,3.4656241e-05,1.0995547e-05
0.19755686,4.2593591e-05,0.00093643931,0.010997573,3.5307726e-05,1.129783e-05
0.19765126,4.3801775e-05,0.00092165505,0.01196989,3.6228698e-05,1.1692328e-05
0.19772418,4.5084019e-05,0.00091817739,0.01174494,3.7227252e-05,1.2096646e-05
0.19782528,4.7308888e-05,0.0009229409,0.012339367,3.8975538e-05,1.2772794e-05
0.19793206,5.0175751e-05,0.00093765924,0.01338648,4.1235081e-05,1.361979e-05
0.19804363,5.1483093e-05,0.00092205531,0.013507756,4.2219365e-05,1.4041592e-05
0.19815658,5.2146204e-05,0.00089719306,0.013549775,4.265528e-05,1.4277923e-05
0.19824223,5.2678045e-05,0.00088109257,0.013730129,4.3012081e-05,1.446706e-05
0.1983578,5.347145e-05,0.00086313936,0.014369626,4.3553725e-05,1.4731848e-05
0.19847503,5.4299512e-05,0.0008482922,0.014690083,4.4126585e-05,1.4994553e-05
0.19859402,5.5255953e-05,0.00083778794,0.014154399,4.4783861e-05,1.5256849e-05
0.19871485,5.6179701e-05,0.00082937308,0.015121267,4.5400793e-05,1.5480999e-05
0.19883766,5.7245365e-05,0.0008249252,0.015288705,4.6117945e-05,1.569903e-05
0.19893111,5.8062641e-05,0.00082274817,0.015091184,4.6656453e-05,1.5839484e-05
0.19905764,5.9224019e-05,0.0008227731,0.015475902,4.7414053e-05,1.6022248e-05
0.19918635,6.0349555e-05,0.00082417703,0.015402988,4.8124052e-05,1.6184584e-05
0.19931732,6.1634234e-05,0.00082964313,0.016025597,4.8942077e-05,1.6382683e-05
0.19945059,6.2902231e-05,0.0008365969,0.016524555,4.9725381e-05,1.6540516e-05
0.19958437,6.2692742e-05,0.00082618561,0.016208928,4.9324996e-05,1.6321551e-05
0.19968397,6.2558508e-05,0.00082031658,0.015693328,4.9039429e-05,1.6179468e-05
0.19981597,6.2397555e-05,0.00081466582,0.015840748,4.8712801e-05,1.5994615e-05
0.19994705,6.2306335e-05,0.00081168167,0.016025916,4.8431418e-05,1.58096e-05
0.20007722,6.2073311e-05,0.00081070085,0.015241027,4.8180357e-05,1.5638473e-05
0.20020649,6.1899708e-05,0.00081149607,0.015781167,4.7920217e-05,1.5465338e-05
0.20030297,6.1876427e-05,0.00081431687,0.015321391,4.7796469e-05,1.5358675e-05
0.20043089,6.1683181e-05,0.00081699866,0.015329357,4.755277e-05,1.5185389e-05
0.20055793,6.1457254e-05,0.0008202732,0.015267223,4.7290824e-05,1.5060741e-05
0.20068388,6.1126449e-05,0.00082270538,0.014855539,4.6921731e-05,1.4964656e-05
0.20080862,6.0672457e-05,0.00082362663,0.015340528,4.6455078e-05,1.4812901e-05
0.20093202,6.0049669e-05,0.00082340641,0.014751393,4.5864836e-05,1.4568879e-05
0.20102366,5.9620413e-05,0.00082342599,0.014440137,4.5423043e-05,1.4374836e-05
0.20114439,5.8901027e-05,0.00082174283,0.014394147,4.4711251e-05,1.4111497e-05
0.20126349,5.8189207e-05,0.00082058368,0.013305886,4.4095132e-05,1.3867252e-05
0.20138098,5.7469606e-05,0.00082060743,0.013648418,4.3545119e-05,1.363312e-05
0.20149691,5.6716417e-05,0.00082212014,0.013510077,4.3003931e-05,1.3399984e-05
0.20158284,5.6160764e-05,0.00082466513,0.012570798,4.2585972e-05,1.3241798e-05
0.20169609,5.5457741e-05,0.00082977816,0.012975678,4.2024754e-05,1.3033235e-05
0.20180786,5.4714767e-05,0.00083763483,0.012668927,4.1441888e-05,1.2829825e-05
0.20191835,5.414861e-05,0.00084895607,0.012660214,4.0928593e-05,1.2644143e-05
0.20202763,5.3611579e-05,0.00086335911,0.012167478,4.044747e-05,1.2488696e-05
0.20213581,5.3064547e-05,0.00087914148,0.012307712,3.9976934e-05,1.2329232e-05
0.20221629,5.2698635e-05,0.00089250069,0.012362327,3.9698254e-05,1.2252954e-05
0.20232281,5.2295325e-05,0.00091196376,0.012401218,3.9353993e-05,1.2162471e-05
0.20242847,5.1738103e-05,0.00093130304,0.012166713,3.9023041e-05,1.2069233e-05
0.20253346,5.1354204e-05,0.00095196302,0.011972462,3.8779555e-05,1.2010883e-05
0.20263777,5.0968493e-05,0.00097242484,0.012360153,3.855467e-05,1.1947608e-05
0.20274149,5.0648029e-05,0.00099414711,0.012492419,3.8393706e-05,1.188688e-05
0.20281895,5.0427957e-05,0.0010111277,0.012883629,3.8285061e-05,1.1854736e-05
0.20292184,5.0107277e-05,0.0010337876,0.012413421,3.8142693e-05,1.1817032e-05
0.20302431,4.9880678e-05,0.0010589941,0.012215978,3.8044739e-05,1.1793823e-05
0.20312644,4.9650642e-05,0.0010861026,0.012506668,3.7946594e-05,1.1794855e-05
0.20322837,4.9502042e-05,0.0011176153,0.012963094,3.7901998e-05,1.1836162e-05
0.20330466,4.941295e-05,0.0011433677,0.013791564,3.7854569e-05,1.1851109e-05
0.20340626,4.9301352e-05,0.0011813559,0.014754364,3.7805338e-05,1.1871689e-05
0.20350781,4.9262943e-05,0.0012244335,0.014732378,3.7829935e-05,1.1915171e-05
0.20360936,4.923621e-05,0.0012712194,0.0158585,3.7863268e-05,1.1978582e-05
0.20371092,4.9213858e-05,0.0013210453,0.016688263,3.7885525e-05,1.2043686e-05
0.20381247,4.9149195e-05,0.0013721875,0.016736209,3.791079e-05,1.2115688e-05
0.20388872,4.9188505e-05,0.0014126803,0.016426132,3.7977408e-05,1.2202382e-05
0.20399053,4.9202603e-05,0.0014599519,0.016960813,3.8031404e-05,1.231492e-05
0.20409257,4.922087e-05,0.0014977285,0.016690163,3.8088384e-05,1.2427526e-05
0.20419491,4.9299299e-05,0.0015259834,0.015773608,3.8197591e-05,1.2558701e-05
0.20429762,4.9355475e-05,0.0015398896,0.01537617,3.8331149e-05,1.267914e-05
0.2043749,4.9459314e-05,0.0015421079,0.015321828,3.8447844e-05,1.2772511e-05
0.20447835,4.9500143e-05,0.0015287834,0.014921973,3.8563262e-05,1.2875709e-05
0.20458217,4.9635554e-05,0.0015045852,0.015533852,3.869751e-05,1.299332e-05
0.20468637,4.9722999e-05,0.0014689282,0.015191009,3.8831471e-05,1.3099413e-05
0.20479101,4.9908209e-05,0.0014290344,0.015645609,3.9059687e-05,1.3221469e-05
0.2048961,4.9994891e-05,0.0013843391,0.015786634,3.9228142e-05,1.3325828e-05
0.20497526,5.0090914e-05,0.0013521436,0.016474321,3.9371692e-05,1.3416444e-05
0.2050796,4.8876111e-05,0.0012750634,0.016537682,3.8475082e-05,1.3148414e-05
0.20518324,4.9212121e-05,0.0012418379,0.015389907,3.8856781e-05,1.3303412e-05
0.20528932,5.0305904e-05,0.0012278334,0.015458608,3.984964e-05,1.3683504e-05
0.20539651,5.0337881e-05,0.0011887749,0.016099533,4.0011422e-05,1.3782277e-05
0.20550412,5.040602e-05,0.0011519132,0.015650767,4.0202378e-05,1.390964e-05
0.20558511,5.0414985e-05,0.0011248725,0.015755779,4.0296421e-05,1.3992563e-05
0.20569339,5.0483366e-05,0.0010924911,0.016736809,4.0481912e-05,1.4132416e-05
0.205802,5.0462652e-05,0.0010607086,0.016444145,4.0595679e-05,1.4222351e-05
0.2059109,5.0464765e-05,0.0010321568,0.015940679,4.0686366e-05,1.4315768e-05
0.20601998,5.0507578e-05,0.0010068738,0.016193392,4.078739e-05,1.4393019e-05
0.20610187,5.0424735e-05,0.00098815505,0.016090081,4.0790013e-05,1.440923e-05
0.20621106,5.0377732e-05,0.00096485336,0.017010133,4.077688e-05,1.4407688e-05
0.20632025,5.0320196e-05,0.00094346511,0.017678301,4.0765669e-05,1.4367374e-05
0.20642944,5.0261834e-05,0.00092337978,0.017280444,4.0746663e-05,1.432461e-05
0.20653876,5.0323547e-05,0.00090665473,0.019363503,4.0786278e-05,1.4310679e-05
0.20664819,5.0258415e-05,0.0008893257,0.017771419,4.0729213e-05,1.4244599e-05
0.20673027,5.0169821e-05,0.00087714418,0.017468198,4.0683344e-05,1.4171484e-05
0.20683989,5.0166571e-05,0.00086378875,0.018762954,4.0704268e-05,1.4032492e-05
0.20694913,4.9361219e-05,0.00083831766,0.017006933,4.0112516e-05,1.3693758e-05
0.20705454,4.7302884e-05,0.00079364347,0.014844922,3.8540985e-05,1.3029043e-05
0.20715616,4.5533881e-05,0.00075733368,0.01351807,3.7268946e-05,1.2520059e-05
0.20723016,4.4396778e-05,0.00073447806,0.012724455,3.6445503e-05,1.2197449e-05
0.20732634,4.2991233e-05,0.00070761979,0.0121926,3.5445596e-05,1.1822914e-05
0.20741999,4.1989743e-05,0.00068634308,0.010997931,3.4644876e-05,1.1535617e-05
0.20751157,4.1039172e-05,0.00066951206,0.010323655,3.4001864e-05,1.1310909e-05
0.20760131,4.0137326e-05,0.00065445223,0.010437103,3.3353061e-05,1.1096523e-05
0.20768955,3.9424523e-05,0.00064322126,0.0096788722,3.2856026e-05,1.0929586e-05
0.20775485,3.898824e-05,0.0006367327,0.009355828,3.253288e-05,1.0820291e-05
0.20784093,3.8388253e-05,0.00062851946,0.0090294032,3.2079213e-05,1.0663941e-05
0.20792592,3.7873381e-05,0.00062246383,0.0093278319,3.1693277e-05,1.0532671e-05
0.20801004,3.744288e-05,0.00061808118,0.0090402268,3.1368429e-05,1.0411769e-05
0.20809334,3.7017979e-05,0.00061438378,0.0078017404,3.1049891e-05,1.0295838e-05
0.20817596,3.6678924e-05,0.00061246204,0.0077503089,3.079736e-05,1.0200505e-05
0.2082375,3.6428676e-05,0.00061135936,0.0076985733,3.0611417e-05,1.0125344e-05
0.208319,3.61026e-05,0.00061036387,0.0079320793,3.0381803e-05,1.003644e-05
0.20839995,3.5848093e-05,0.00061094625,0.0078918513,3.0216265e-05,9.9652614e-06
0.20848034,3.5523153e-05,0.00061079392,0.007728108,3.0001594e-05,9.8704545e-06
0.20856027,3.5275805e-05,0.00061235522,0.0079191821,2.984266e-05,9.7926912e-06
0.20861988,3.5107638e-05,0.00061417208,0.0072839306,2.9731221e-05,9.7381861e-06
0.20869895,3.4859572e-05,0.00061665318,0.0073731668,2.9585197e-05,9.6668077e-06
0.20877759,3.4621963e-05,0.00061968008,0.0076573936,2.9428723e-05,9.5872726e-06
0.20885577,3.4379427e-05,0.00062320556,0.0070781621,2.927108e-05,9.5109287e-06
0.20893349,3.4137127e-05,0.00062736646,0.0075696125,2.91118e-05,9.4343172e-06
0.20901086,3.3992173e-05,0.00063322547,0.0070808306,2.9011693e-05,9.3757318e-06
0.20906863,3.3832984e-05,0.00063747961,0.0078281008,2.8912033e-05,9.3256992e-06
0.20914535,3.3665674e-05,0.00064444458,0.0075433275,2.8812994e-05,9.2681344e-06
0.20922166,3.3439984e-05,0.00065076495,0.0077154898,2.8654324e-05,9.2003958e-06
0.20929751,3.3213416e-05,0.00065769058,0.0075406607,2.8501307e-05,9.133654e-06
0.20937294,3.2987109e-05,0.00066510563,0.0073209714,2.8339417e-05,9.0666707e-06
0.20944803,3.2836756e-05,0.00067464481,0.0073264362,2.823535e-05,9.0180065e-06
0.20950416,3.2758231e-05,0.00068284139,0.007540811,2.8189827e-05,8.995543e-06
0.20957872,3.2608005e-05,0.00069351496,0.0070479715,2.8087369e-05,8.9512075e-06
0.20965298,3.2455511e-05,0.00070490714,0.0073178249,2.7985068e-05,8.9084744e-06
0.20972694,3.2311337e-05,0.00071703132,0.0070413907,2.7886634e-05,8.8695919e-06
0.2098006,3.2172985e-05,0.00072989055,0.0071380739,2.778586e-05,8.8321007e-06
0.20985571,3.2102998e-05,0.00074072041,0.0070479457,2.773741e-05,8.8131025e-06
0.20992903,3.203676e-05,0.00075638194,0.0070191447,2.7693424e-05,8.7974908e-06
0.21000212,3.1897027e-05,0.00077124874,0.0067484876,2.7592218e-05,8.761565e-06
0.21007501,3.1835825e-05,0.00078837936,0.0067153963,2.7541451e-05,8.7464505e-06
0.21014783,3.18463e-05,0.00080786479,0.0063843978,2.7555205e-05,8.7515831e-06
0.21022073,3.1919889e-05,0.00083005514,0.0064556701,2.7632826e-05,8.7741557e-06
0.2102757,3.2129432e-05,0.00085142915,0.006632959,2.7822162e-05,8.8330248e-06
0.21034955,3.2429208e-05,0.00088114089,0.0066922178,2.8079493e-05,8.9102785e-06
0.21042431,3.2889726e-05,0.00091589881,0.0066025291,2.8478596e-05,9.0303515e-06
0.21050017,3.3458661e-05,0.00095424156,0.0075373292,2.8964868e-05,9.1712262e-06
0.21057742,3.4199805e-05,0.00099905018,0.0076074812,2.9604263e-05,9.3587637e-06
0.21063648,3.481575e-05,0.0010351379,0.0076564878,3.0126374e-05,9.511169e-06
0.21071728,3.599966e-05,0.0010954561,0.0082890566,3.1145789e-05,9.8156835e-06
0.21080131,3.7595532e-05,0.0011685974,0.0083087494,3.2508994e-05,1.0227524e-05
0.21088968,3.9805389e-05,0.0012599242,0.0089061664,3.4396908e-05,1.0804599e-05
0.21098332,4.219223e-05,0.001356274,0.0094686002,3.6443031e-05,1.1425835e-05
0.2110785,4.2159772e-05,0.0013705446,0.0097422787,3.6369073e-05,1.1391083e-05
0.21114974,4.2092769e-05,0.0013754927,0.0097862701,3.6273074e-05,1.1350349e-05
0.21124463,4.2187675e-05,0.0013801552,0.0098660005,3.6314771e-05,1.1347052e-05
0.21133922,4.2158601e-05,0.0013715247,0.010147863,3.6216971e-05,1.1311981e-05
0.21143381,4.2243899e-05,0.001357964,0.010728312,3.622868e-05,1.1311838e-05
0.2115284,4.2358092e-05,0.0013373332,0.010417014,3.6247395e-05,1.1313702e-05
0.21162298,4.244675e-05,0.0013093938,0.011164291,3.6256492e-05,1.1314194e-05
0.21169392,4.251289e-05,0.0012835305,0.010686041,3.6268957e-05,1.1310907e-05
0.21178851,4.2603427e-05,0.0012431972,0.01046932,3.6269407e-05,1.1307463e-05
0.2118831,4.2693255e-05,0.0011999611,0.010726621,3.6269572e-05,1.1296887e-05
0.21197777,4.29137e-05,0.0011596953,0.010683865,3.6397191e-05,1.1321775e-05
0.21207269,4.301918e-05,0.0011153047,0.011659314,3.6385169e-05,1.130726e-05
0.21214413,4.3221508e-05,0.0010855928,0.010874653,3.6511285e-05,1.1333896e-05
0.21223956,4.3454163e-05,0.0010451221,0.011167129,3.662447e-05,1.1365398e-05
0.21233526,4.3695162e-05,0.0010062357,0.011307385,3.6764488e-05,1.1399133e-05
0.2124314,4.3937027e-05,0.00096934476,0.011737502,3.6893022e-05,1.1432132e-05
0.21252801,4.4225142e-05,0.00093403604,0.011930499,3.703271e-05,1.1486464e-05
0.21262518,4.4664856e-05,0.0009044845,0.01187434,3.7315565e-05,1.1598413e-05
0.21269837,4.491061e-05,0.00088181772,0.012341357,3.7458462e-05,1.1669395e-05
0.21279652,4.5184643e-05,0.00085208467,0.012992281,3.7607336e-05,1.1767335e-05
0.21289539,4.564002e-05,0.00082767841,0.013468272,3.7887829e-05,1.1932133e-05
0.2129951,4.6125481e-05,0.00080499306,0.012767754,3.8213539e-05,1.2106093e-05
0.21309546,4.6627961e-05,0.00078376552,0.013298653,3.8515015e-05,1.2312486e-05
0.21317141,4.7123254e-05,0.00077069196,0.013372298,3.883231e-05,1.2489311e-05
0.2132736,4.7664754e-05,0.00075218792,0.013759836,3.9157363e-05,1.2711559e-05
0.21337676,4.8227617e-05,0.00073531917,0.013499542,3.9464994e-05,1.2930355e-05
0.21348105,4.8832267e-05,0.00072013465,0.013756816,3.976432e-05,1.3164596e-05
0.21358651,4.9480366e-05,0.00070662545,0.013849212,4.0055937e-05,1.3371397e-05
0.21369306,5.0178122e-05,0.00069501289,0.014058367,4.0351651e-05,1.3571612e-05
0.21377375,5.0828485e-05,0.00068902639,0.014683798,4.0651989e-05,1.3759393e-05
0.21388203,5.1344429e-05,0.00067659544,0.014853989,4.0677034e-05,1.3875039e-05
0.21399106,5.1857976e-05,0.00066539552,0.015133475,4.0699321e-05,1.3979025e-05
0.21410073,5.2391881e-05,0.00065471305,0.015470997,4.0726082e-05,1.4070269e-05
0.21421055,5.2617217e-05,0.00064069068,0.015504614,4.0488548e-05,1.4047717e-05
0.21432054,5.3083623e-05,0.00063083186,0.015504925,4.0511043e-05,1.4092911e-05
0.21440342,5.3198612e-05,0.00062082893,0.015687205,4.0340375e-05,1.4036861e-05
0.21451393,5.3325694e-05,0.00060826762,0.015681751,4.012812e-05,1.3947564e-05
0.21462443,5.339597e-05,0.00059682481,0.015601323,3.9972711e-05,1.3809689e-05
0.21473513,5.3862016e-05,0.00059053943,0.015053925,4.0117056e-05,1.3759948e-05
0.21484639,5.403299e-05,0.00058154814,0.0153279,3.9998324e-05,1.3591581e-05
0.21492984,5.407104e-05,0.00057584403,0.015205295,3.9915593e-05,1.3443214e-05
0.21504111,5.4140341e-05,0.00056950804,0.014821158,3.9836848e-05,1.3245556e-05
0.21515238,5.424766e-05,0.00056459165,0.014958949,3.9781803e-05,1.3081892e-05
0.21526364,5.4360335e-05,0.00056089766,0.014644761,3.9735552e-05,1.2955096e-05
0.21537491,5.4455171e-05,0.00055820049,0.014787713,3.9725131e-05,1.286554e-05
0.21548526,5.4097935e-05,0.0005517567,0.014276861,3.9423005e-05,1.2665631e-05
0.21556803,5.4146898e-05,0.0005508906,0.015323746,3.9459747e-05,1.2611098e-05
0.21567839,5.4226218e-05,0.00055022746,0.015021525,3.9521163e-05,1.2576943e-05
0.21578874,5.4262869e-05,0.00055031642,0.014160071,3.9599635e-05,1.2567949e-05
0.21589909,5.428709e-05,0.00055142781,0.014621989,3.9711295e-05,1.2597114e-05
0.21600945,5.42966e-05,0.00055351151,0.014542372,3.9822135e-05,1.2616858e-05
0.21609222,5.4301893e-05,0.00055576126,0.014766298,3.9907153e-05,1.2637146e-05
0.21620257,5.429825e-05,0.00055954597,0.014927911,4.0032996e-05,1.2697244e-05
0.21631292,5.4286557e-05,0.00056417242,0.015723055,4.0145454e-05,1.2775163e-05
0.21642328,5.4227355e-05,0.00056938333,0.014975634,4.0248391e-05,1.2847326e-05
0.21653363,5.4113431e-05,0.0005749015,0.015244307,4.03285e-05,1.2873637e-05
0.21664471,5.4729558e-05,0.00058831214,0.014724256,4.0887788e-05,1.3054568e-05
0.21672855,5.4645006e-05,0.0005930152,0.014613866,4.0912233e-05,1.306575e-05
0.21684033,5.453082e-05,0.00059986659,0.014021341,4.0934782e-05,1.308429e-05
0.21695298,5.5256207e-05,0.00061703134,0.014406595,4.1619112e-05,1.3321128e-05
0.21706649,5.5186935e-05,0.00062634248,0.014088607,4.1686524e-05,1.3359687e-05
0.21718,5.5036236e-05,0.00063712993,0.014358831,4.1730917e-05,1.3371624e-05
0.21729511,5.5983042e-05,0.00066200962,0.01314013,4.2563818e-05,1.3654103e-05
0.21738015,5.4792851e-05,0.0006596566,0.013703049,4.1737652e-05,1.3406248e-05
0.21749353,5.4648809e-05,0.00067533302,0.013328509,4.1755502e-05,1.3424466e-05
0.21760439,5.3356725e-05,0.00067709507,0.013147999,4.0824174e-05,1.315773e-05
0.21771525,5.3200648e-05,0.00069531126,0.012642948,4.0809466e-05,1.3176459e-05
0.21782387,5.1600732e-05,0.00069534633,0.012138935,3.9689901e-05,1.2827065e-05
0.21790477,5.1475312e-05,0.00071010162,0.011879649,3.9663457e-05,1.2839379e-05
0.21801263,5.1271016e-05,0.00073058756,0.012097254,3.9627474e-05,1.2855467e-05
0.2181205,5.1084054e-05,0.00075188902,0.011730569,3.9581167e-05,1.2870429e-05
0.21822837,5.0867047e-05,0.00077384549,0.012336506,3.9537401e-05,1.2875272e-05
0.21833623,5.0670966e-05,0.00079672017,0.012180987,3.9486583e-05,1.2881573e-05
0.2184441,5.0500497e-05,0.00082061049,0.012072033,3.9453781e-05,1.2864789e-05
0.218525,5.0381718e-05,0.0008391515,0.01261315,3.9426109e-05,1.2851416e-05
0.21863286,5.027013e-05,0.0008652592,0.012229837,3.9388116e-05,1.2835957e-05
0.21874073,5.0173591e-05,0.00089331715,0.012286751,3.9349886e-05,1.2833006e-05
0.21884394,4.7895434e-05,0.0008812399,0.011968251,3.7556826e-05,1.2248973e-05
0.21894685,4.7765824e-05,0.00090892206,0.012571682,3.7418993e-05,1.2212073e-05
0.21902391,4.767271e-05,0.0009317506,0.013498891,3.7331356e-05,1.2181497e-05
0.21912654,4.7640992e-05,0.00096604497,0.013441071,3.7225277e-05,1.2162828e-05
0.21922909,4.763144e-05,0.0010044958,0.01406091,3.7131664e-05,1.215652e-05
0.2193316,4.7661004e-05,0.0010482174,0.01499145,3.7066161e-05,1.2151242e-05
0.21943411,4.7667856e-05,0.0010964432,0.015633286,3.6988446e-05,1.2155164e-05
0.21953667,4.770809e-05,0.0011501193,0.016157859,3.6914437e-05,1.216592e-05
0.21961363,4.7749088e-05,0.0011932741,0.01624446,3.6870023e-05,1.2183685e-05
0.21971638,4.779707e-05,0.0012534421,0.016990359,3.6834786e-05,1.2227635e-05
0.21981936,4.7909146e-05,0.0013165145,0.015941178,3.6815829e-05,1.2274171e-05
0.21992261,4.8039189e-05,0.0013795433,0.015007318,3.6827762e-05,1.2329721e-05
0.22002621,4.8267699e-05,0.0014372991,0.015029141,3.6872652e-05,1.2391079e-05
0.22013016,4.8360727e-05,0.0014803833,0.014862418,3.6903757e-05,1.2443286e-05
0.22020837,4.8505952e-05,0.0015069515,0.014508856,3.6966828e-05,1.2492547e-05
0.22031296,4.8626351e-05,0.0015264954,0.013994977,3.7032931e-05,1.2541751e-05
0.22041793,4.8779755e-05,0.001530094,0.01448619,3.7139166e-05,1.2589906e-05
0.22052327,4.894957e-05,0.0015179501,0.014683902,3.7254626e-05,1.2642925e-05
0.22062886,4.8825676e-05,0.0014873087,0.01553017,3.7152291e-05,1.2634806e-05
0.22070614,4.732372e-05,0.0014208144,0.015365449,3.608783e-05,1.2264838e-05
0.22080857,4.7735929e-05,0.0013892971,0.015536047,3.6299854e-05,1.2343827e-05
0.22091334,4.9046337e-05,0.0013842858,0.015259067,3.7352048e-05,1.2712688e-05
0.22102058,4.96337e-05,0.001353881,0.015655173,3.7866717e-05,1.2912694e-05
0.22112822,4.9744648e-05,0.0013086006,0.016122507,3.8007315e-05,1.2991115e-05
0.22123622,4.9831897e-05,0.0012626281,0.015338452,3.8161646e-05,1.3088719e-05
0.22131747,4.9935997e-05,0.0012289689,0.015857122,3.8292788e-05,1.31515e-05
0.22142606,5.0023928e-05,0.0011850923,0.016616965,3.8418757e-05,1.3225721e-05
0.22153495,5.0159185e-05,0.0011441577,0.016833501,3.8581738e-05,1.3284081e-05
0.22164408,5.0276409e-05,0.001105808,0.01609074,3.8703895e-05,1.3340115e-05
0.22175339,5.0357972e-05,0.0010700428,0.015717859,3.8794972e-05,1.338683e-05
0.22186278,5.0446879e-05,0.0010369713,0.016388199,3.8873573e-05,1.3393726e-05
0.22194485,5.0513565e-05,0.001013578,0.016384887,3.8910739e-05,1.3382622e-05
0.22205428,5.0623173e-05,0.00098430798,0.01754789,3.8929347e-05,1.3338604e-05
0.22216377,5.0617476e-05,0.00095749415,0.017476914,3.8969381e-05,1.3298513e-05
0.22227327,5.0684938e-05,0.00093143319,0.018586935,3.897526e-05,1.3254433e-05
0.22238282,5.0802277e-05,0.00090824213,0.016464497,3.8999402e-05,1.3209534e-05
0.22246502,5.0867193e-05,0.00089222505,0.016959582,3.9027171e-05,1.3183323e-05
0.22257471,5.0893315e-05,0.00087183414,0.017482031,3.9038915e-05,1.3108879e-05
0.22268459,5.1005986e-05,0.00085440768,0.016883036,3.9150303e-05,1.3020914e-05
0.22279468,5.1099884e-05,0.00083863062,0.015645213,3.929948e-05,1.2966347e-05
0.22290506,5.1232236e-05,0.00082545287,0.015043763,3.9496466e-05,1.2944913e-05
0.22301582,5.1389954e-05,0.00081490468,0.014820761,3.9735493e-05,1.2963293e-05
0.22309918,5.1552953e-05,0.00080895208,0.013932549,3.995574e-05,1.2999981e-05
0.22321072,5.1747625e-05,0.00080201979,0.013565492,4.0230356e-05,1.3080339e-05
0.22332275,5.1931333e-05,0.00079645109,0.013293557,4.0499952e-05,1.3178458e-05
0.22343531,5.2160773e-05,0.00079311472,0.013341835,4.0772283e-05,1.3305211e-05
0.22354845,5.2417367e-05,0.00079092304,0.013501046,4.1044581e-05,1.341213e-05
0.22363366,5.2552318e-05,0.00078996469,0.012970642,4.121504e-05,1.3485221e-05
0.22374786,5.2860569e-05,0.00079031059,0.012969708,4.1495187e-05,1.3590347e-05
0.22386273,5.311732e-05,0.00079182961,0.012480981,4.1773251e-05,1.3707547e-05
0.22397829,5.3384624e-05,0.00079444942,0.01231752,4.2071956e-05,1.3811335e-05
0.22409462,5.3725417e-05,0.00079874664,0.012173677,4.2438901e-05,1.392128e-05
0.22421176,5.4066994e-05,0.00080478042,0.012657962,4.2880851e-05,1.4039391e-05
0.22430021,5.4308831e-05,0.00080997687,0.012610076,4.3214058e-05,1.4109001e-05
0.22441897,5.4697932e-05,0.00081923263,0.012330112,4.3742231e-05,1.4228861e-05
0.22453874,5.5105909e-05,0.00083006789,0.01252772,4.4265887e-05,1.4343654e-05
0.22465965,5.5563079e-05,0.00084387705,0.012889872,4.4844594e-05,1.4469438e-05
0.22478173,5.6040488e-05,0.00085970882,0.013082306,4.5433361e-05,1.4588937e-05
0.224905,5.6576126e-05,0.00087800774,0.012804512,4.6032992e-05,1.4720415e-05
0.22499834,5.7020337e-05,0.00089416922,0.013381255,4.6511192e-05,1.4841541e-05
0.22512389,5.745316e-05,0.00091583005,0.013359545,4.7042873e-05,1.4961035e-05
0.22524975,5.7450803e-05,0.00093352521,0.012736888,4.721199e-05,1.4971374e-05
0.22537598,5.7689487e-05,0.00095729297,0.013352191,4.754038e-05,1.504552e-05
0.22550297,5.805963e-05,0.00098645563,0.013132626,4.8006117e-05,1.5169181e-05
0.22559896,5.8511369e-05,0.001013239,0.013336294,4.8496796e-05,1.5307219e-05
0.22572683,5.810329e-05,0.0010337039,0.013124419,4.8260752e-05,1.520397e-05
0.22585316,5.7321271e-05,0.0010515609,0.012885932,4.7824468e-05,1.5040923e-05
0.22597806,5.6713937e-05,0.0010730785,0.012698955,4.7427851e-05,1.4902575e-05
0.22610154,5.6066044e-05,0.0010955329,0.012396672,4.698815e-05,1.4763693e-05
0.2262237,5.5526838e-05,0.0011213994,0.012312477,4.6640985e-05,1.4631911e-05
0.22631444,5.5099558e-05,0.0011410435,0.012406198,4.6345281e-05,1.4517184e-05
0.22643429,5.4555836e-05,0.0011689756,0.013021114,4.5954294e-05,1.4374614e-05
0.22655294,5.420215e-05,0.0011985979,0.01248073,4.5597027e-05,1.4240656e-05
0.22667048,5.3798448e-05,0.0012307917,0.012474285,4.5277729e-05,1.4120921e-05
0.22678696,5.3415753e-05,0.0012636694,0.012481804,4.4973684e-05,1.4002954e-05
0.22687366,5.3142873e-05,0.0012892127,0.011990234,4.4741434e-05,1.3921513e-05
0.22698841,5.2823656e-05,0.0013248828,0.011971663,4.4468078e-05,1.382379e-05
0.22710219,5.2510166e-05,0.0013592972,0.011765607,4.4131985e-05,1.372367e-05
0.22721491,5.2057005e-05,0.0013899166,0.011728587,4.3689832e-05,1.3577998e-05
0.22732619,5.1524292e-05,0.0014174839,0.011332679,4.3183784e-05,1.3400474e-05
0.22743622,5.1119204e-05,0.001444291,0.010930745,4.27637e-05,1.3246288e-05
0.22751806,5.0836801e-05,0.0014606153,0.011139328,4.2476684e-05,1.314254e-05
0.22762643,5.0582978e-05,0.0014795257,0.010960612,4.2181813e-05,1.303685e-05
0.22773416,5.0394322e-05,0.0014915285,0.010817967,4.1956465e-05,1.2943221e-05
0.22784147,5.0311124e-05,0.0014940506,0.010966076,4.1808209e-05,1.2881981e-05
0.22794859,5.031649e-05,0.0014844219,0.010870271,4.1753359e-05,1.2844172e-05
0.22805567,5.0397468e-05,0.0014613479,0.01074704,4.1720386e-05,1.2818083e-05
0.228136,5.0406459e-05,0.0014359707,0.01107061,4.1652286e-05,1.2785439e-05
0.22824287,5.0277729e-05,0.0013916382,0.011110242,4.1492973e-05,1.2720775e-05
0.22834951,5.0243799e-05,0.0013389033,0.011816982,4.1333401e-05,1.2676694e-05
0.22845599,5.0170445e-05,0.0012816562,0.012164038,4.1141507e-05,1.2637865e-05
0.22856226,5.0090742e-05,0.0012226888,0.012311214,4.0899224e-05,1.2611068e-05
0.2286419,5.0091409e-05,0.0011815024,0.01252478,4.0777915e-05,1.2627588e-05
0.22874809,5.0059922e-05,0.0011267807,0.012866378,4.0603175e-05,1.2666561e-05
0.22885436,5.0066559e-05,0.0010751902,0.012779286,4.0427735e-05,1.2717786e-05
0.22896065,5.0017065e-05,0.0010263165,0.012287582,4.0221109e-05,1.2743048e-05
0.22906692,4.9969438e-05,0.00098068816,0.012533219,4.001079e-05,1.2763032e-05
0.22917331,5.0010218e-05,0.00094031513,0.012693844,3.9851716e-05,1.2805092e-05
0.22925327,5.020749e-05,0.0009133615,0.012535317,3.9808523e-05,1.2853941e-05
0.22936018,5.010328e-05,0.00088003147,0.013263017,3.9725256e-05,1.291604e-05
0.22946744,5.0236699e-05,0.00084966884,0.013746458,3.9650958e-05,1.2984786e-05
0.22957493,5.0292349e-05,0.00082130431,0.0134376,3.9486796e-05,1.3022557e-05
0.22968272,5.0426392e-05,0.00079708301,0.013611596,3.9379929e-05,1.3075227e-05
0.22976379,5.0526574e-05,0.00078070828,0.01334063,3.9299755e-05,1.3094845e-05
0.22987226,5.0714095e-05,0.00076195498,0.013043175,3.9215592e-05,1.3103421e-05
0.22998119,5.0880646e-05,0.00074562649,0.013437019,3.9106796e-05,1.3093758e-05
0.23008943,4.9411271e-05,0.00070733424,0.012995504,3.7714093e-05,1.2619562e-05
0.23019001,4.5515227e-05,0.00063871337,0.011903318,3.4501941e-05,1.1509711e-05
0.23028326,4.2371401e-05,0.00058553475,0.01080484,3.1915995e-05,1.0621671e-05
0.23034944,4.0526741e-05,0.00055435044,0.010566898,3.0383245e-05,1.0091343e-05
0.23043362,3.8501995e-05,0.00052018745,0.01011117,2.8673647e-05,9.5100951e-06
0.23051392,3.6789451e-05,0.00049195642,0.0099608507,2.7235336e-05,9.0191885e-06
0.23059101,3.5432257e-05,0.0004696259,0.0088861411,2.6075845e-05,8.6211779e-06
0.23066564,3.4396777e-05,0.00045253547,0.0085622402,2.5174675e-05,8.3169112e-06
0.23073825,3.3506399e-05,0.00043804349,0.0088627103,2.4384588e-05,8.0496344e-06
0.23079155,3.2922557e-05,0.00042876815,0.008451621,2.3870062e-05,7.8778378e-06
0.23086138,3.2325806e-05,0.00041910376,0.0082528172,2.3317402e-05,7.7003785e-06
0.23093024,3.1937138e-05,0.00041268935,0.0079802317,2.2930777e-05,7.5771341e-06
0.23099846,3.1693679e-05,0.00040847453,0.0079076109,2.2659151e-05,7.4902409e-06
0.2310664,3.1622876e-05,0.00040689002,0.0081217012,2.2518054e-05,7.443148e-06
0.2311174,3.1715869e-05,0.00040776336,0.0080933084,2.251751e-05,7.4397598e-06
0.23118589,3.2033897e-05,0.00041166774,0.0081643417,2.2657347e-05,7.4846522e-06
0.2312552,3.2474618e-05,0.00041756614,0.00802951,2.2879871e-05,7.5564634e-06
0.23132553,3.2949547e-05,0.00042466747,0.0078593502,2.3147533e-05,7.6434457e-06
0.2313971,3.3575544e-05,0.00043395828,0.0083739033,2.3505259e-05,7.7637594e-06
0.23147021,3.4358664e-05,0.00044564959,0.0083676194,2.3968833e-05,7.9136816e-06
0.23152627,3.5047726e-05,0.00045624837,0.0084680888,2.4388262e-05,8.0497553e-06
0.23160277,3.6020889e-05,0.00047153922,0.0089187066,2.4972759e-05,8.2420165e-06
0.23168146,3.7070804e-05,0.00048852217,0.0089043716,2.5617383e-05,8.4554407e-06
0.2317626,3.8240779e-05,0.00050823197,0.0099814735,2.6359175e-05,8.7200196e-06
0.23184638,3.9586134e-05,0.0005296354,0.0096052018,2.7148687e-05,9.0124973e-06
0.23193302,4.0946371e-05,0.00055308633,0.010167306,2.79894e-05,9.3394772e-06
0.23199993,4.1973897e-05,0.00057142228,0.010188922,2.8617661e-05,9.5753518e-06
0.23209182,4.3448432e-05,0.00059823122,0.011115299,2.9504424e-05,9.8905013e-06
0.23218701,4.5071728e-05,0.00062779519,0.011346991,3.0443686e-05,1.0204786e-05
0.23228593,4.6923306e-05,0.00066220524,0.011942856,3.1538851e-05,1.0589889e-05
0.23238919,4.910029e-05,0.00070304411,0.012237154,3.2873632e-05,1.1056264e-05
0.23246992,5.1019558e-05,0.00073897735,0.012345999,3.4064892e-05,1.1474847e-05
0.23258305,5.4217892e-05,0.00079952267,0.013546886,3.6111573e-05,1.218124e-05
0.23270108,5.5210708e-05,0.00083088277,0.01356858,3.6662932e-05,1.2368019e-05
0.23281778,5.4504681e-05,0.00083979565,0.013041213,3.609945e-05,1.2173767e-05
0.23293292,5.3824379e-05,0.00085058388,0.012838849,3.5550154e-05,1.1971065e-05
0.23304663,5.3206934e-05,0.00086446844,0.012990115,3.5013407e-05,1.1787985e-05
0.23313099,5.2779083e-05,0.00087692686,0.012495977,3.4642834e-05,1.1656578e-05
0.23324238,5.226232e-05,0.00089636404,0.012417563,3.4173582e-05,1.1504388e-05
0.23335261,5.1745696e-05,0.00091785119,0.012172299,3.3714645e-05,1.13425e-05
0.23346179,5.1317037e-05,0.00094172138,0.01246651,3.3288962e-05,1.1213945e-05
0.23357005,5.0971144e-05,0.00096827027,0.011711591,3.2889901e-05,1.1083997e-05
0.23365068,5.063766e-05,0.00098890984,0.011846191,3.2631e-05,1.0998836e-05
0.23375749,5.0261703e-05,0.0010175172,0.011898573,3.2276959e-05,1.0894542e-05
0.2338636,4.9950884e-05,0.0010476802,0.01238194,3.1964429e-05,1.0789771e-05
0.23396909,4.9708178e-05,0.0010796014,0.012684857,3.1685145e-05,1.0684955e-05
0.23407401,4.9531187e-05,0.0011137394,0.012104492,3.1441564e-05,1.0609718e-05
0.23417843,4.9355168e-05,0.0011491765,0.012014435,3.1197082e-05,1.05401e-05
0.23425644,4.9226068e-05,0.0011758059,0.011957845,3.1004102e-05,1.0489872e-05
0.23436012,4.9166971e-05,0.0012142634,0.012131607,3.0809069e-05,1.0451072e-05
0.23446349,4.9081926e-05,0.0012526185,0.013007622,3.0587247e-05,1.0401196e-05
0.23456659,4.9100995e-05,0.0012943866,0.014008952,3.0423821e-05,1.0354897e-05
0.23466951,4.9103332e-05,0.0013366514,0.014349072,3.0255476e-05,1.0308273e-05
0.23477228,4.9213189e-05,0.0013785951,0.015189936,3.0130805e-05,1.0283492e-05
0.23484929,4.9278923e-05,0.0014060231,0.015624806,3.0029256e-05,1.0274181e-05
0.23495195,4.9431301e-05,0.0014403032,0.016428836,2.9933927e-05,1.0272628e-05
0.2350546,4.9555423e-05,0.0014659733,0.01656253,2.9845411e-05,1.029285e-05
0.23515728,4.9739744e-05,0.0014798883,0.015684482,2.9778197e-05,1.0350429e-05
0.23526008,4.9917948e-05,0.0014756553,0.016405563,2.9729651e-05,1.0414543e-05
0.23533726,5.0075413e-05,0.0014621447,0.016330535,2.9705586e-05,1.0466575e-05
0.2354404,5.0322047e-05,0.001433813,0.015676363,2.9735166e-05,1.0550719e-05
0.23554384,5.0525959e-05,0.0013931507,0.015162681,2.9771541e-05,1.0644687e-05
0.23564762,5.0786558e-05,0.0013460787,0.015359507,2.9851041e-05,1.0747881e-05
0.23575171,5.1023309e-05,0.0012949075,0.015091676,2.9912286e-05,1.085778e-05
0.23585618,5.1229456e-05,0.0012427836,0.015154952,2.9997077e-05,1.0970368e-05
0.23593474,5.1416322e-05,0.0012054332,0.015450911,3.0084809e-05,1.1051508e-05
0.23603986,5.1653981e-05,0.0011591824,0.016294326,3.0207657e-05,1.1173666e-05
0.23614307,4.9653221e-05,0.0010696067,0.01669812,2.9023934e-05,1.0795763e-05
0.23624291,4.8831031e-05,0.0010156103,0.016265245,2.8583205e-05,1.0682253e-05
0.23634355,4.9792501e-05,0.0010002247,0.016016714,2.9177897e-05,1.0959976e-05
0.23642114,5.1100828e-05,0.0010018504,0.016516438,2.9999239e-05,1.132188e-05
0.23652787,5.233114e-05,0.00099333664,0.016386299,3.0799121e-05,1.1714768e-05
0.23663531,5.2432763e-05,0.00096461266,0.016810019,3.0938088e-05,1.1888578e-05
0.23674309,5.2485929e-05,0.00093683744,0.017233012,3.106322e-05,1.2047944e-05
0.23685127,5.2558113e-05,0.00091097044,0.01833831,3.1166419e-05,1.2190584e-05
0.23695981,5.2622693e-05,0.0008880792,0.016785289,3.1257523e-05,1.2325101e-05
0.23704146,5.2717113e-05,0.00087275478,0.017366434,3.1352246e-05,1.2440468e-05
0.23715059,5.2722077e-05,0.00085194809,0.018143195,3.1404798e-05,1.25367e-05
0.23726004,5.2784976e-05,0.00083329183,0.01748495,3.1484246e-05,1.2606886e-05
0.23736971,5.2749919e-05,0.00081421199,0.018892241,3.148326e-05,1.2615806e-05
0.23747949,5.2701057e-05,0.00079597675,0.019320621,3.1497407e-05,1.2635775e-05
0.2375893,5.2607065e-05,0.00077785877,0.020975285,3.1462392e-05,1.2628512e-05
0.23767169,5.2589521e-05,0.00076548911,0.019107377,3.144723e-05,1.2630935e-05
0.23778162,5.24167e-05,0.00074821229,0.020110754,3.1370222e-05,1.2588134e-05
0.23789161,5.230437e-05,0.00073295524,0.020974005,3.1319616e-05,1.2505438e-05
0.23800097,5.1250549e-05,0.00070570488,0.018324977,3.0751524e-05,1.217822e-05
0.23810805,5.0342078e-05,0.00068218824,0.016875281,3.0329483e-05,1.1918316e-05
0.23818793,5.0076954e-05,0.00067152573,0.01679844,3.0303039e-05,1.1875593e-05
0.23829457,4.9973807e-05,0.00066212523,0.015964001,3.047847e-05,1.1919347e-05
0.23840189,5.0120901e-05,0.00065749642,0.015311397,3.081617e-05,1.2058575e-05
0.23851033,5.0507358e-05,0.00065694168,0.015062032,3.1293105e-05,1.229071e-05
0.23862061,5.1255089e-05,0.00066213437,0.015191853,3.2017337e-05,1.2634766e-05
0.23873248,5.1476294e-05,0.00066126271,0.015408127,3.2346631e-05,1.2818397e-05
0.23881672,5.1364988e-05,0.00065879029,0.014474916,3.2497044e-05,1.2927003e-05
0.23892951,5.1366985e-05,0.00065732783,0.014489651,3.2678392e-05,1.3044615e-05
0.23904285,5.1364983e-05,0.00065675653,0.014214718,3.2843281e-05,1.3145668e-05
0.23915673,5.1381285e-05,0.00065715578,0.014064003,3.3031867e-05,1.3259074e-05
0.23927125,5.1435826e-05,0.00065893758,0.013799709,3.3274283e-05,1.3372488e-05
0.23935756,5.1536617e-05,0.00066079915,0.013992257,3.3449103e-05,1.3447036e-05
0.23947325,5.1635469e-05,0.00066442477,0.013625892,3.372653e-05,1.3549838e-05
0.23958923,5.1280753e-05,0.00066307728,0.013799202,3.3749615e-05,1.351928e-05
0.23970413,5.0460616e-05,0.0006573755,0.013434892,3.3460316e-05,1.3374121e-05
0.23981773,4.9706225e-05,0.00065235666,0.013301406,3.3169869e-05,1.3204133e-05
0.23993007,4.8963801e-05,0.00064828573,0.012540277,3.2862828e-05,1.3030667e-05
0.24001348,4.842058e-05,0.00064558771,0.012194336,3.2644218e-05,1.288819e-05
0.24012356,4.7724142e-05,0.00064275658,0.012925482,3.2332769e-05,1.2709727e-05
0.24023232,4.6991577e-05,0.00064002433,0.012017233,3.1981362e-05,1.2518352e-05
0.24033978,4.6289098e-05,0.00063808136,0.012380905,3.1649813e-05,1.2331462e-05
0.24044588,4.5575146e-05,0.00063612348,0.011866651,3.1257197e-05,1.2141597e-05
0.24055073,4.4939807e-05,0.00063561772,0.011926406,3.0908184e-05,1.1964979e-05
0.24062849,4.4457991e-05,0.00063511141,0.012064285,3.0640105e-05,1.1827576e-05
0.24073106,4.3867381e-05,0.00063556058,0.011519979,3.0306678e-05,1.166639e-05
0.24083238,4.3242529e-05,0.00063572015,0.011145143,2.9933421e-05,1.1499169e-05
0.24093244,4.274557e-05,0.00063636562,0.011283295,2.9560367e-05,1.1331619e-05
0.24103129,4.223449e-05,0.0006383999,0.011400215,2.9220579e-05,1.1186333e-05
0.24110466,4.1816909e-05,0.00063976838,0.011579894,2.8968603e-05,1.1069816e-05
0.24120148,4.1393907e-05,0.00064290215,0.011318177,2.8645484e-05,1.0918982e-05
0.24129721,4.0966736e-05,0.00064651482,0.011054762,2.8328542e-05,1.0764737e-05
0.24139189,4.0473347e-05,0.00065064207,0.010896529,2.8029813e-05,1.0604851e-05
0.24148558,4.0052844e-05,0.00065584063,0.010710544,2.7761398e-05,1.0455584e-05
0.24157826,3.9637776e-05,0.00066138415,0.010478076,2.747181e-05,1.0293656e-05
0.24164714,3.9385255e-05,0.00066626698,0.010527611,2.7280734e-05,1.0178357e-05
0.24173826,3.9053045e-05,0.00067351637,0.011026966,2.7068286e-05,1.0034841e-05
0.24182857,3.8780183e-05,0.00068196427,0.010838886,2.6870855e-05,9.891724e-06
0.24191811,3.85156e-05,0.00069143706,0.010578605,2.668232e-05,9.7617749e-06
0.2420069,3.8297982e-05,0.00070259085,0.010506543,2.6521613e-05,9.6328484e-06
0.24209501,3.8078045e-05,0.00071476765,0.010280026,2.6364589e-05,9.5096118e-06
0.24216068,3.7881639e-05,0.00072402865,0.010592554,2.62276e-05,9.415569e-06
0.24224526,3.6117211e-05,0.00070701436,0.010679555,2.4966251e-05,8.9085942e-06
0.24232613,3.4662378e-05,0.00069535196,0.010395962,2.3946161e-05,8.4938894e-06
0.24240337,3.3114245e-05,0.00068125962,0.010158088,2.2865114e-05,8.0741353e-06
0.24247689,3.1570592e-05,0.00066584276,0.0094897966,2.1780644e-05,7.6572009e-06
0.24252984,3.0598856e-05,0.00065739127,0.0091260653,2.1091997e-05,7.3931574e-06
0.24259803,2.9485841e-05,0.00064955903,0.0099327254,2.0306227e-05,7.0972564e-06
0.24266349,2.8374133e-05,0.00063906551,0.0083922051,1.948421e-05,6.7917816e-06
0.24272639,2.7372033e-05,0.00063209193,0.0078864139,1.8782853e-05,6.5294541e-06
0.24278723,2.6583694e-05,0.00062910923,0.0076155553,1.8217373e-05,6.3219426e-06
0.24284624,2.5819952e-05,0.00062608549,0.0079222431,1.7670968e-05,6.122643e-06
0.24288938,2.5331388e-05,0.00062535558,0.0074150224,1.7319789e-05,5.9914537e-06
0.24294566,2.4774539e-05,0.00062661231,0.0068463474,1.6924168e-05,5.8446923e-06
0.24300074,2.4313582e-05,0.0006298621,0.0069356734,1.6587199e-05,5.7223521e-06
0.24305473,2.3850406e-05,0.00063237452,0.0068204053,1.6251502e-05,5.5986966e-06
0.24310737,2.3265366e-05,0.00063074186,0.0067591476,1.583031e-05,5.4446041e-06
0.24314603,2.2907609e-05,0.00063103762,0.0073023177,1.5570821e-05,5.349612e-06
0.24319671,2.2537815e-05,0.00063367561,0.0071257624,1.5299448e-05,5.2486522e-06
0.24324662,2.2249003e-05,0.00063784166,0.006750328,1.5089333e-05,5.168841e-06
0.24329609,2.2163938e-05,0.00064703258,0.0065194927,1.5015035e-05,5.1355365e-06
0.24334552,2.2234279e-05,0.00065995404,0.0066363555,1.5043712e-05,5.1380746e-06
0.24339519,2.2393645e-05,0.00067468121,0.0067222989,1.5129677e-05,5.1609146e-06
0.24343271,2.2590919e-05,0.00068737293,0.0066753307,1.5249193e-05,5.195761e-06
0.24348344,2.3024225e-05,0.00070886439,0.0068343545,1.5524525e-05,5.2813287e-06
0.24353524,2.3573413e-05,0.00073295587,0.0069449525,1.5873516e-05,5.3913706e-06
0.24358849,2.4339217e-05,0.00076245769,0.0069766468,1.6368929e-05,5.5509734e-06
0.24364364,2.5327787e-05,0.0007965273,0.0073894716,1.7010074e-05,5.7603403e-06
0.24370118,2.6506676e-05,0.0008332805,0.0073758369,1.7771224e-05,6.0113602e-06
0.24374616,2.7516086e-05,0.00086207098,0.0078349759,1.8423255e-05,6.2291657e-06
0.24380874,2.8910602e-05,0.00089695746,0.0088052416,1.9322031e-05,6.5288011e-06
0.24387422,3.0234521e-05,0.00092438609,0.0084636035,2.0175122e-05,6.809928e-06
0.24394257,3.1598048e-05,0.00094736328,0.0090082942,2.1049178e-05,7.1014604e-06
0.24401383,3.2927471e-05,0.00096374858,0.0097826455,2.189076e-05,7.3934384e-06
0.24406896,3.3781349e-05,0.00096729751,0.0096102909,2.2423298e-05,7.5834301e-06
0.2441444,3.4685745e-05,0.00096074792,0.010206242,2.2979951e-05,7.7804618e-06
0.244221,3.5071299e-05,0.00093683939,0.010688208,2.3189184e-05,7.8560875e-06
0.24429771,3.4981117e-05,0.00089980515,0.010869391,2.3080756e-05,7.8249629e-06
0.24437409,3.4805733e-05,0.00086156594,0.010811338,2.2913856e-05,7.7846135e-06
0.24444978,3.4459158e-05,0.00082036671,0.010032142,2.2632053e-05,7.7047117e-06
0.24450592,3.4118409e-05,0.0007891642,0.010095181,2.2364885e-05,7.6262401e-06
0.24457979,3.356655e-05,0.00074801828,0.0099037995,2.1950921e-05,7.5007943e-06
0.2446525,3.3064776e-05,0.00071085705,0.0096249222,2.15602e-05,7.3848124e-06
0.24472417,3.2607743e-05,0.00067746492,0.0098407228,2.1209428e-05,7.2794988e-06
0.24479488,3.2201346e-05,0.00064721536,0.0093646731,2.0882017e-05,7.1839792e-06
0.24484729,3.1880938e-05,0.0006260132,0.0092467296,2.0636848e-05,7.1147941e-06
0.24491644,3.1501532e-05,0.00060044305,0.0090720596,2.0337892e-05,7.0270751e-06
0.24498487,3.1190027e-05,0.00057792438,0.0092307124,2.0092501e-05,6.9508622e-06
0.24505265,3.0911592e-05,0.00055744741,0.0089312926,1.9868435e-05,6.8825834e-06
0.24511984,3.0632088e-05,0.00053845868,0.0092427656,1.9646672e-05,6.8150893e-06
0.24518651,3.0386143e-05,0.0005213038,0.0090292526,1.9453525e-05,6.7571188e-06
0.24523619,3.0201942e-05,0.00050917038,0.0090396561,1.9312234e-05,6.7207021e-06
0.24530207,3.0018675e-05,0.00049486564,0.0088962431,1.9160263e-05,6.6881666e-06
0.24536764,2.9899168e-05,0.00048248519,0.0088087068,1.9042145e-05,6.6656682e-06
0.24543297,2.980366e-05,0.00047131866,0.0079530374,1.8950031e-05,6.6503776e-06
0.24549816,2.9738868e-05,0.00046118468,0.008094473,1.8878801e-05,6.6494952e-06
0.24556326,2.9699949e-05,0.00045214494,0.0084336606,1.8827504e-05,6.6506583e-06
0.24561213,2.9720005e-05,0.00044640435,0.0080817422,1.8820171e-05,6.6614558e-06
0.24567738,2.9772902e-05,0.00043947726,0.0077940285,1.8825457e-05,6.6750768e-06
0.24574283,2.9883876e-05,0.00043389225,0.0080611791,1.8869566e-05,6.7043526e-06
0.24580855,3.0019938e-05,0.00042911995,0.0079556296,1.8927253e-05,6.7425732e-06
0.24587464,3.027245e-05,0.00042520391,0.0083002996,1.900693e-05,6.7788959e-06
0.24592454,3.0391154e-05,0.0004229459,0.0083321367,1.9097543e-05,6.8159718e-06
0.24599155,3.0632944e-05,0.00042086317,0.0083390043,1.9232104e-05,6.8693389e-06
0.24605923,3.1010004e-05,0.00041914606,0.0084322343,1.9396333e-05,6.9309102e-06
0.24612782,3.1474073e-05,0.00041971748,0.0090441747,1.9640047e-05,7.0159187e-06
0.24619755,3.2065456e-05,0.00042194054,0.0090937537,1.9960224e-05,7.1324934e-06
0.24626877,3.2823208e-05,0.00042639881,0.0087491156,2.0390613e-05,7.2786802e-06
0.24632339,3.3509823e-05,0.00043111062,0.0092613989,2.0776802e-05,7.4173171e-06
0.24639815,3.4650467e-05,0.00044018809,0.0095670653,2.1412852e-05,7.6470862e-06
0.24647564,3.6062821e-05,0.00045244965,0.010134648,2.2207047e-05,7.9394455e-06
0.24655653,3.7793929e-05,0.00046858603,0.010453002,2.3191579e-05,8.303527e-06
0.24664164,3.9935782e-05,0.00048943482,0.01094096,2.4408588e-05,8.7477792e-06
0.24670861,4.1716763e-05,0.0005069342,0.01144838,2.5412978e-05,9.1347956e-06
0.24680246,4.4228073e-05,0.00053176941,0.012280051,2.6818586e-05,9.68404e-06
0.24690086,4.6160325e-05,0.00054955279,0.013215266,2.7880173e-05,1.0107892e-05
0.24700188,4.7096132e-05,0.00055565727,0.013518694,2.8329942e-05,1.0296666e-05
0.24710319,4.6880607e-05,0.00054897361,0.013719351,2.8101895e-05,1.0223446e-05
0.24720338,4.6534388e-05,0.00054171214,0.013442202,2.7798407e-05,1.0088961e-05
0.24727823,4.6606736e-05,0.00054086273,0.01323381,2.7786456e-05,1.0054186e-05
0.24737905,4.7642608e-05,0.00055056925,0.01486773,2.8296694e-05,1.0194845e-05
0.24748286,4.8810081e-05,0.00056532627,0.014982666,2.90315e-05,1.0373694e-05
0.24758469,4.7147577e-05,0.00054655957,0.014781871,2.805123e-05,9.9102066e-06
0.24768255,4.5442582e-05,0.00052801211,0.014459239,2.7073321e-05,9.4780976e-06
0.24777724,4.4274929e-05,0.00051602932,0.013202643,2.6421454e-05,9.2227107e-06
0.24784671,4.3601021e-05,0.00050964022,0.012983225,2.6054804e-05,9.0933322e-06
0.24793751,4.2728902e-05,0.0005023002,0.012602975,2.5600303e-05,8.9610028e-06
0.24802644,4.211775e-05,0.00049575595,0.012314916,2.519022e-05,8.8399167e-06
0.24811373,4.1506819e-05,0.00049037579,0.012568397,2.4821847e-05,8.7286e-06
0.24819962,4.0973082e-05,0.00048674799,0.011994535,2.4530642e-05,8.6459444e-06
0.24826331,4.0694988e-05,0.00048513194,0.011215165,2.4363118e-05,8.6121596e-06
0.2483474,4.0430614e-05,0.00048378558,0.011016417,2.4184452e-05,8.5828907e-06
0.24843089,4.0315105e-05,0.00048483104,0.010493592,2.4128514e-05,8.5914694e-06
0.24851407,4.0357002e-05,0.00048832934,0.01032399,2.4195398e-05,8.623258e-06
0.24859732,4.050375e-05,0.00049352724,0.01007408,2.4334094e-05,8.6775406e-06
0.24868103,4.0951307e-05,0.00050287328,0.0098053842,2.4652014e-05,8.7922194e-06
0.24874441,4.1389086e-05,0.00051152733,0.010319516,2.4949955e-05,8.9021108e-06
0.24883001,4.2108674e-05,0.00052548147,0.010038691,2.5423218e-05,9.0732327e-06
0.24891722,4.298274e-05,0.00054215023,0.010244692,2.5985452e-05,9.2587579e-06
0.2490063,4.4035564e-05,0.00056207313,0.009974251,2.6651367e-05,9.4718168e-06
0.24909748,4.5133918e-05,0.0005835763,0.010104923,2.7338602e-05,9.680502e-06
0.24919085,4.6213256e-05,0.00060599651,0.010590663,2.8007886e-05,9.8933619e-06
0.2492623,4.7071775e-05,0.00062430308,0.010373772,2.8535858e-05,1.0057504e-05
0.24935934,4.8058668e-05,0.000647604,0.010848715,2.915498e-05,1.0249516e-05
0.24945834,4.8987402e-05,0.00067125854,0.01106956,2.9736933e-05,1.0450228e-05
0.24955926,4.9931012e-05,0.00069655935,0.011310826,3.0345252e-05,1.0659052e-05
0.24966203,5.0831671e-05,0.000722052,0.011509547,3.0929787e-05,1.0850505e-05
0.24974046,5.164919e-05,0.00074428932,0.012320214,3.1450145e-05,1.1043556e-05
0.24984676,5.2354778e-05,0.00076976858,0.012756878,3.195748e-05,1.1221861e-05
0.24995288,5.1893394e-05,0.00077827008,0.012861819,3.1722947e-05,1.1149432e-05
0.25005839,5.1633984e-05,0.00079068998,0.013184342,3.1628982e-05,1.1116011e-05
0.25016329,5.1290692e-05,0.00080241939,0.013203196,3.1464983e-05,1.1078053e-05
0.25026769,5.1029197e-05,0.00081693434,0.012695432,3.1372067e-05,1.1080183e-05
0.25034564,5.0797817e-05,0.00082796186,0.012662492,3.1276915e-05,1.107567e-05
0.25044932,5.0693506e-05,0.00084744526,0.013998051,3.1253919e-05,1.1121649e-05
0.2505526,5.0462708e-05,0.00086795989,0.014045715,3.1163375e-05,1.1147518e-05
0.25065567,5.0326508e-05,0.00089460012,0.0149208,3.1137384e-05,1.1198907e-05
0.25075857,5.0441769e-05,0.00092474044,0.015147938,3.11842e-05,1.1281632e-05
0.25083563,5.0348103e-05,0.00094935499,0.016707268,3.113697e-05,1.1327861e-05
0.2509383,5.0382151e-05,0.00098977321,0.017396735,3.1179094e-05,1.1424867e-05
0.25104097,5.039926e-05,0.0010353459,0.018077291,3.1208376e-05,1.1542602e-05
0.25114364,5.0523737e-05,0.0010868981,0.018028724,3.1238859e-05,1.1655269e-05
0.25124631,5.0349573e-05,0.001144371,0.017786037,3.1268067e-05,1.1769624e-05
0.2513491,5.0450911e-05,0.001208633,0.017470703,3.1375596e-05,1.1935934e-05
0.25142634,5.0575026e-05,0.0012593591,0.017371639,3.1466274e-05,1.2075248e-05
0.25152955,5.0684596e-05,0.0013266489,0.016233869,3.158798e-05,1.2237791e-05
0.25163307,5.0774471e-05,0.0013921567,0.016964599,3.1704501e-05,1.240502e-05
0.25173689,5.0882404e-05,0.0014522476,0.016502179,3.1841809e-05,1.258105e-05
0.25184115,5.1080058e-05,0.0015057208,0.015575919,3.2080883e-05,1.2768476e-05
0.25194573,5.1166289e-05,0.0015436739,0.015704765,3.2259527e-05,1.2933423e-05
0.25202441,5.1248679e-05,0.0015607465,0.01633933,3.2412347e-05,1.3042011e-05
0.25212965,5.1457541e-05,0.0015665769,0.016416364,3.2712946e-05,1.3206109e-05
0.25223536,5.1653761e-05,0.0015524782,0.017021478,3.3026578e-05,1.3368451e-05
0.25234147,5.1697166e-05,0.001521145,0.01631347,3.328288e-05,1.350878e-05
0.25244808,5.1864399e-05,0.0014847513,0.01680144,3.3661774e-05,1.3672009e-05
0.25252834,5.1940112e-05,0.0014517287,0.016297746,3.3901235e-05,1.3791127e-05
0.25263565,5.1972583e-05,0.00140301,0.016357294,3.4230988e-05,1.3948298e-05
0.25274341,5.2134469e-05,0.0013577345,0.016811781,3.4654614e-05,1.413353e-05
0.25285155,5.2147764e-05,0.0013079222,0.016879914,3.4997649e-05,1.4248489e-05
0.25296006,5.2200656e-05,0.0012614734,0.016989643,3.5358916e-05,1.436248e-05
0.25306896,5.2253533e-05,0.0012181861,0.017677384,3.5719808e-05,1.4454102e-05
0.25315088,5.2316764e-05,0.0011887523,0.017789924,3.6017574e-05,1.4516166e-05
0.25326033,5.2353425e-05,0.0011502224,0.018015016,3.6352869e-05,1.4561828e-05
0.25336995,5.2488915e-05,0.0011138155,0.017019051,3.6655423e-05,1.4572517e-05
0.25347982,5.2359353e-05,0.0010768961,0.016706639,3.6841994e-05,1.4550159e-05
0.25358969,5.2280549e-05,0.0010422276,0.017822866,3.7003786e-05,1.4518629e-05
0.25367209,5.2180791e-05,0.0010182204,0.016860811,3.7108836e-05,1.4488156e-05
0.25378195,5.2065876e-05,0.00098884712,0.01761016,3.7248045e-05,1.4474789e-05
0.25389208,5.2049375e-05,0.00096424318,0.016075277,3.7525753e-05,1.4526762e-05
0.2540023,5.1846853e-05,0.00093908347,0.015419199,3.7709293e-05,1.4499614e-05
0.25411251,5.1674962e-05,0.00091648367,0.015304918,3.7882812e-05,1.4357344e-05
0.254223,5.1673957e-05,0.00089967726,0.014975715,3.8171654e-05,1.4302139e-05
0.25430594,5.1542892e-05,0.00088652249,0.015749365,3.8282386e-05,1.4221609e-05
0.25441689,5.1534397e-05,0.00087417924,0.014483365,3.8547001e-05,1.4195512e-05
0.25452813,5.1531665e-05,0.00086441348,0.013806387,3.8791485e-05,1.419295e-05
0.25463977,5.1543848e-05,0.00085695321,0.013946204,3.9039119e-05,1.4209643e-05
0.25474946,4.9387817e-05,0.00081634192,0.013682874,3.764612e-05,1.3638258e-05
0.2548537,4.7075268e-05,0.00077238155,0.012495375,3.593958e-05,1.2977341e-05
0.25492905,4.5637249e-05,0.00074671661,0.011698152,3.4935005e-05,1.2567793e-05
0.25502621,4.394456e-05,0.00071783914,0.011029324,3.3737209e-05,1.2098725e-05
0.25512023,4.2491678e-05,0.00069387816,0.010411253,3.2694895e-05,1.1684638e-05
0.25521176,4.1364155e-05,0.00067617299,0.010046402,3.1902352e-05,1.1365514e-05
0.25530119,4.0432541e-05,0.0006621835,0.009953994,3.1229731e-05,1.1086149e-05
0.25536706,3.9778275e-05,0.00065282691,0.0094550993,3.0774269e-05,1.088826e-05
0.25545365,3.9137558e-05,0.00064461887,0.0091347072,3.0330519e-05,1.067967e-05
0.25553905,3.8648276e-05,0.0006389616,0.0089844116,2.9996927e-05,1.0505309e-05
0.25562329,3.8153408e-05,0.00063416322,0.0090305597,2.9664324e-05,1.0324866e-05
0.25570664,3.7662311e-05,0.00062996507,0.0086504239,2.9348922e-05,1.0154945e-05
0.25578922,3.7413449e-05,0.00063031704,0.0087259719,2.9210292e-05,1.0042908e-05
0.25585081,3.7168897e-05,0.00062996223,0.0084241979,2.9072192e-05,9.9412668e-06
0.2559327,3.7049197e-05,0.00063314468,0.0084767679,2.9036105e-05,9.8619144e-06
0.2560144,3.7030483e-05,0.00063914373,0.0088482211,2.9089721e-05,9.8082546e-06
0.25609584,3.6896084e-05,0.00064372246,0.0079014832,2.9055549e-05,9.7173023e-06
0.25617728,3.6885684e-05,0.0006511522,0.008333822,2.9116225e-05,9.6595877e-06
0.25623816,3.6704209e-05,0.00065498431,0.0086013759,2.9067303e-05,9.5890171e-06
0.25631934,3.6800325e-05,0.00066357841,0.0077356356,2.912386e-05,9.5357546e-06
0.25640052,3.6791121e-05,0.00067306934,0.0078902372,2.9174733e-05,9.4844321e-06
0.25648169,3.678357e-05,0.00068346514,0.0081301881,2.9226809e-05,9.4332027e-06
0.25656267,3.6657823e-05,0.00069250818,0.0080523735,2.9181088e-05,9.3616959e-06
0.25664343,3.6530293e-05,0.00070246845,0.0075820229,2.9135493e-05,9.2948848e-06
0.25670376,3.640023e-05,0.00070991587,0.0081885802,2.9076342e-05,9.2452887e-06
0.25678362,3.6017982e-05,0.00071636597,0.0076691785,2.8825298e-05,9.1269193e-06
0.25686266,3.5640477e-05,0.00072340094,0.0080549186,2.8577844e-05,9.0169022e-06
0.25694066,3.515096e-05,0.0007287494,0.0079090998,2.8222808e-05,8.8866156e-06
0.25701725,3.4426117e-05,0.00072945154,0.0078512848,2.7692443e-05,8.6968409e-06
0.25709234,3.3726719e-05,0.00073057023,0.0075236116,2.7161105e-05,8.5210387e-06
0.25714765,3.3273555e-05,0.00073287432,0.0075460201,2.6824573e-05,8.4080568e-06
0.25722014,3.2611896e-05,0.00073452206,0.0071516004,2.6322396e-05,8.2433017e-06
0.2572911,3.1860404e-05,0.00073392827,0.007172117,2.5746274e-05,8.055916e-06
0.25736028,3.1135482e-05,0.00073342664,0.00713434,2.5181547e-05,7.8773668e-06
0.25742804,3.0530519e-05,0.00073539163,0.0066686562,2.4718889e-05,7.7304931e-06
0.25747793,3.0049993e-05,0.00073562754,0.0065980695,2.4335374e-05,7.6125423e-06
0.25754322,2.938948e-05,0.00073500128,0.0065791601,2.3817393e-05,7.4489013e-06
0.25760668,2.8568875e-05,0.00072951521,0.0060324085,2.3161684e-05,7.23904e-06
0.25766858,2.795672e-05,0.0007284279,0.0060496958,2.2676563e-05,7.082544e-06
0.25772935,2.754279e-05,0.00073145779,0.0058746309,2.2356111e-05,6.9747339e-06
0.25778912,2.7150107e-05,0.00073378531,0.0063835666,2.2031862e-05,6.8727724e-06
0.25783355,2.6980568e-05,0.00073923091,0.0058671524,2.1911633e-05,6.8362552e-06
0.25789286,2.7188031e-05,0.00075727427,0.0061538935,2.2080064e-05,6.8863097e-06
0.25795265,2.7486633e-05,0.00077800334,0.006330899,2.2329695e-05,6.9592027e-06
0.25801329,2.7984933e-05,0.00080446041,0.0065610936,2.2740889e-05,7.0794719e-06
0.25807567,2.9017926e-05,0.0008466047,0.0071468783,2.3584029e-05,7.3321181e-06
0.25814096,3.061304e-05,0.00090595977,0.0074413413,2.4874028e-05,7.7327143e-06
0.25819267,3.2266684e-05,0.00096459368,0.0081547047,2.6219341e-05,8.1484003e-06
0.25826615,3.4760126e-05,0.0010523255,0.0085673035,2.8243655e-05,8.7655634e-06
0.25834513,3.7563994e-05,0.0011493631,0.0093713896,3.0490684e-05,9.4466752e-06
0.25843008,4.0424998e-05,0.0012490854,0.010269828,3.283088e-05,1.0167017e-05
0.25852042,4.2380822e-05,0.0013171918,0.010888041,3.4405072e-05,1.0631078e-05
0.25858884,4.2476054e-05,0.0013220142,0.011877395,3.4466062e-05,1.0623002e-05
0.25868007,4.2602055e-05,0.0013231395,0.011730528,3.454008e-05,1.0607394e-05
0.2587713,4.2721198e-05,0.0013174369,0.012715753,3.4593177e-05,1.0579507e-05
0.25886253,4.2847915e-05,0.0013054946,0.012129798,3.4661173e-05,1.0562193e-05
0.2589542,4.3254828e-05,0.0012964828,0.012299493,3.4931358e-05,1.0604851e-05
0.25904453,4.2218353e-05,0.0012433161,0.011398691,3.4088886e-05,1.0291629e-05
0.25911077,4.1473307e-05,0.001203331,0.010756955,3.3460453e-05,1.0062306e-05
0.2591967,4.0354227e-05,0.0011428535,0.010522179,3.2435903e-05,9.7015383e-06
0.2592807,3.9665638e-05,0.0010973224,0.010620394,3.1846175e-05,9.4747235e-06
0.25936309,3.8956683e-05,0.0010520654,0.010758554,3.1253912e-05,9.2516843e-06
0.25944415,3.8512945e-05,0.001013773,0.010132894,3.0873556e-05,9.081752e-06
0.25950411,3.8051818e-05,0.00098218275,0.010287039,3.047642e-05,8.9264465e-06
0.25958304,3.7605193e-05,0.00094513,0.010123695,3.0076869e-05,8.763301e-06
0.25966078,3.71492e-05,0.00090844905,0.010023181,2.9687682e-05,8.6044164e-06
0.25973748,3.6693878e-05,0.00087267727,0.0097387273,2.9281232e-05,8.4528397e-06
0.25981311,3.6224761e-05,0.0008376941,0.0095562946,2.8881422e-05,8.306942e-06
0.2598877,3.5752442e-05,0.00080399131,0.0091329322,2.8472237e-05,8.1668377e-06
0.25994317,3.5521339e-05,0.00078230057,0.0091209917,2.8258834e-05,8.0976717e-06
0.26001629,3.5038757e-05,0.00075063519,0.0088178122,2.7843286e-05,7.9707832e-06
0.26008888,3.4828193e-05,0.00072577938,0.0096334691,2.7617464e-05,7.9105567e-06
0.26016106,3.4802413e-05,0.00070664366,0.0091778001,2.759488e-05,7.9223558e-06
0.26023296,3.4554387e-05,0.00068303201,0.0092998428,2.7352834e-05,7.8785424e-06
0.26030458,3.4585785e-05,0.00066579821,0.0092595756,2.7327839e-05,7.8970256e-06
0.26035873,3.4890213e-05,0.0006584678,0.0096452357,2.753323e-05,7.979863e-06
0.26043094,3.4918476e-05,0.00064179898,0.0092278996,2.7498611e-05,8.0090221e-06
0.26050379,3.5254455e-05,0.00063119837,0.010147757,2.7708988e-05,8.1068977e-06
0.26057749,3.5957352e-05,0.00062717434,0.010374276,2.8194937e-05,8.2919837e-06
0.26065209,3.6353771e-05,0.00061777145,0.010439014,2.8434476e-05,8.4023309e-06
0.26070929,3.7144933e-05,0.00061901245,0.010631064,2.9003798e-05,8.6073424e-06
0.26078776,3.8443787e-05,0.00062411235,0.010755198,2.9933006e-05,8.9303756e-06
0.26086929,4.0417829e-05,0.00063902973,0.010759156,3.1368285e-05,9.4159698e-06
0.26095576,4.3321384e-05,0.00066715766,0.011930875,3.3503161e-05,1.012796e-05
0.26104915,4.6898321e-05,0.00070258345,0.013382519,3.6106172e-05,1.1016901e-05
0.26115273,5.3437044e-05,0.00077788841,0.015147049,4.0935428e-05,1.264284e-05
0.26123939,5.8452594e-05,0.00083146212,0.016079298,4.459118e-05,1.3897463e-05
0.26136062,6.0124178e-05,0.00082909974,0.016731624,4.558335e-05,1.4370383e-05
0.2614809,5.8646963e-05,0.00078515772,0.016182596,4.4206921e-05,1.4057817e-05
0.26159358,5.3836409e-05,0.00070179611,0.015678171,4.0344441e-05,1.2895632e-05
0.26169731,5.0783652e-05,0.00064729775,0.014091131,3.7888358e-05,1.2159531e-05
0.26177072,4.7683818e-05,0.00059869368,0.013764329,3.5446846e-05,1.1381975e-05
0.26186648,4.7755799e-05,0.00058927876,0.012698407,3.5353054e-05,1.1329592e-05
0.26195868,4.6054022e-05,0.00055963396,0.012174037,3.3992178e-05,1.0809951e-05
0.26205089,4.6119214e-05,0.00055283808,0.011483994,3.3968896e-05,1.0704365e-05
0.2621431,4.6172209e-05,0.000546938,0.012097724,3.3993588e-05,1.0614504e-05
0.26223531,4.6289929e-05,0.00054182553,0.012530207,3.405355e-05,1.0538478e-05
0.26230446,4.6366689e-05,0.00053833835,0.012730939,3.4099365e-05,1.0474582e-05
0.26239667,4.6474399e-05,0.00053443667,0.011805287,3.4185298e-05,1.0407883e-05
0.26248888,4.6599574e-05,0.00053102184,0.012164274,3.4267138e-05,1.0354521e-05
0.26257456,4.329814e-05,0.00048945337,0.011323174,3.1806373e-05,9.5391083e-06
0.26265984,4.332261e-05,0.00048616763,0.011088774,3.1787904e-05,9.4838264e-06
0.26274511,4.3452181e-05,0.00048466384,0.011432142,3.1869518e-05,9.4797575e-06
0.26280907,4.3537435e-05,0.00048359458,0.011434885,3.1930545e-05,9.4830191e-06
0.2628942,4.3504816e-05,0.00048110452,0.011597346,3.1905113e-05,9.4709089e-06
0.26297903,4.3448187e-05,0.00047870489,0.011087368,3.1905118e-05,9.443027e-06
0.26306372,4.3515215e-05,0.000478194,0.010455039,3.1999617e-05,9.4347456e-06
0.26314879,4.3892449e-05,0.00048145952,0.010831128,3.2334058e-05,9.4962729e-06
0.26321323,4.4369061e-05,0.00048628118,0.01046912,3.2721217e-05,9.5787035e-06
0.26330051,4.5283238e-05,0.00049626504,0.010356776,3.3460146e-05,9.7464243e-06
0.2633898,4.6453646e-05,0.00050953591,0.010601409,3.4389283e-05,9.9759027e-06
0.26348146,4.7727146e-05,0.00052453776,0.011246163,3.5405219e-05,1.0239889e-05
0.26357567,4.9057417e-05,0.00054084115,0.012332022,3.6502664e-05,1.0527311e-05
0.26367249,5.0421258e-05,0.0005581991,0.011915621,3.7623784e-05,1.0836771e-05
0.26374694,5.1502663e-05,0.00057229828,0.01294557,3.8508194e-05,1.109561e-05
0.26384887,5.3091274e-05,0.00059348037,0.012968091,3.9772236e-05,1.1488508e-05
0.26395419,5.4654248e-05,0.00061615133,0.013119095,4.1070992e-05,1.1879963e-05
0.26406187,5.5613404e-05,0.00063186696,0.013418027,4.1826946e-05,1.2104438e-05
0.26417167,5.6612912e-05,0.0006496996,0.014408599,4.2620396e-05,1.2363384e-05
0.26425482,5.6794028e-05,0.00065746116,0.014619171,4.2781466e-05,1.245265e-05
0.26436648,5.7191568e-05,0.00067050275,0.014736303,4.3182106e-05,1.2615724e-05
0.26447906,5.7502305e-05,0.00068436129,0.014831683,4.3544518e-05,1.2791527e-05
0.26459105,5.6587078e-05,0.00068685948,0.015293145,4.305501e-05,1.2717101e-05
0.2647017,5.5967602e-05,0.00068976549,0.015001447,4.2586387e-05,1.2635435e-05
0.26481109,5.521669e-05,0.00069506862,0.014494009,4.214751e-05,1.2576946e-05
0.26489237,5.4683006e-05,0.00070024503,0.014170333,4.1838888e-05,1.2546537e-05
0.26499976,5.3983426e-05,0.00070832239,0.01430386,4.1409005e-05,1.2509539e-05
0.26510614,5.3328611e-05,0.0007185951,0.013707885,4.1068362e-05,1.2517726e-05
0.26521164,5.2900672e-05,0.0007312993,0.013341473,4.0764367e-05,1.2526186e-05
0.26531633,5.2390414e-05,0.00074494543,0.013540232,4.0480509e-05,1.2533884e-05
0.26542032,5.194329e-05,0.00076098043,0.013932362,4.0223971e-05,1.2545229e-05
0.26549792,5.1666476e-05,0.00077454987,0.01379634,4.008076e-05,1.2539208e-05
0.26560093,5.1335116e-05,0.00079429578,0.013547371,3.989642e-05,1.2513216e-05
0.26570343,5.1038301e-05,0.00081634268,0.013239186,3.9736447e-05,1.2498668e-05
0.26580553,5.0796843e-05,0.00084107596,0.01401579,3.9596994e-05,1.2506273e-05
0.26590729,5.0593133e-05,0.00086880315,0.014124987,3.949992e-05,1.2506306e-05
0.26598344,5.0477546e-05,0.00089221646,0.014374314,3.9457866e-05,1.251289e-05
0.26608478,5.0356889e-05,0.00092704236,0.014662901,3.9426028e-05,1.2532294e-05
0.26618595,5.0294922e-05,0.00096707346,0.014350338,3.9400651e-05,1.2576304e-05
0.26628706,5.0267714e-05,0.0010128233,0.014964241,3.9414375e-05,1.2622224e-05
0.26638814,5.0266386e-05,0.001064592,0.015928511,3.9444788e-05,1.2665329e-05
0.26648923,5.0276464e-05,0.0011229643,0.015926388,3.9492502e-05,1.2726006e-05
0.26656508,5.0260112e-05,0.0011696492,0.017782653,3.9496053e-05,1.2779715e-05
0.2666663,5.0322999e-05,0.0012362859,0.017602978,3.9560136e-05,1.2863364e-05
0.26676765,5.0370245e-05,0.0013038994,0.018757579,3.9614976e-05,1.2946779e-05
0.26686921,5.0466989e-05,0.0013716517,0.018155566,3.9716668e-05,1.3042925e-05
0.26697104,5.058841e-05,0.0014336535,0.017194745,3.9791353e-05,1.3143155e-05
0.26704763,5.068374e-05,0.0014747603,0.016907277,3.9871626e-05,1.3235806e-05
0.26715009,5.0823146e-05,0.0015164594,0.017180481,3.9986094e-05,1.3368744e-05
0.26725296,5.0997134e-05,0.0015351194,0.015817624,4.0128711e-05,1.3502039e-05
0.26735627,5.1125689e-05,0.001526683,0.015719318,4.0257853e-05,1.3617708e-05
0.26745998,5.1264947e-05,0.0014988734,0.015375642,4.0372731e-05,1.3727302e-05
0.26756415,5.1368145e-05,0.0014595178,0.015381745,4.0516915e-05,1.3819268e-05
0.2676426,5.1503095e-05,0.0014267617,0.015788697,4.0663267e-05,1.3902921e-05
0.26774746,5.1502486e-05,0.0013757985,0.015993129,4.0736717e-05,1.3963022e-05
0.26785293,5.1759248e-05,0.0013323287,0.01656321,4.1043622e-05,1.4106621e-05
0.26795894,5.1893607e-05,0.001287583,0.016442406,4.1302824e-05,1.4232364e-05
0.26806544,5.2047775e-05,0.0012448741,0.016471598,4.1566797e-05,1.4369859e-05
0.26817199,5.1355003e-05,0.0011853336,0.016260666,4.1198116e-05,1.4269706e-05
0.26824844,4.868326e-05,0.0010965272,0.015408444,3.9186265e-05,1.3583347e-05
0.26834508,4.5862085e-05,0.0010019527,0.015050492,3.7032985e-05,1.2852091e-05
0.26843677,4.3579724e-05,0.00092618561,0.013408254,3.5320253e-05,1.2231876e-05
0.2685244,4.1674388e-05,0.00086342409,0.013898777,3.3883764e-05,1.1718501e-05
0.26860868,4.0125041e-05,0.00081131333,0.013732231,3.2689992e-05,1.1283858e-05
0.26867003,3.9117507e-05,0.00077782907,0.013132557,3.1934595e-05,1.0994849e-05
0.26874967,3.7938228e-05,0.00073850317,0.013363071,3.1026951e-05,1.0643954e-05
0.26882721,3.6940173e-05,0.00070457565,0.012707091,3.024214e-05,1.0335518e-05
0.26890296,3.608394e-05,0.00067464008,0.012473994,2.9560141e-05,1.0061127e-05
0.26897716,3.5336235e-05,0.00064816703,0.01228766,2.8972439e-05,9.8236535e-06
0.26905004,3.4695379e-05,0.00062458473,0.011823343,2.8451792e-05,9.6192278e-06
0.26910397,3.4286563e-05,0.00060903885,0.011334261,2.812597e-05,9.4902627e-06
0.26917501,3.379714e-05,0.00058986298,0.012007719,2.772667e-05,9.3354615e-06
0.26924513,3.3336579e-05,0.00057227969,0.010859414,2.734106e-05,9.1889306e-06
0.26931439,3.2892717e-05,0.0005558055,0.010607659,2.6989273e-05,9.0534152e-06
0.26938286,3.2488428e-05,0.0005409124,0.010497719,2.6665525e-05,8.9322447e-06
0.26945059,3.2105817e-05,0.00052691988,0.010286836,2.6359536e-05,8.8144334e-06
0.26950095,3.1827516e-05,0.00051732886,0.010177613,2.6139845e-05,8.7269073e-06
0.26956754,3.1494232e-05,0.00050534011,0.0089729107,2.5886636e-05,8.5952609e-06
0.26963359,3.1200762e-05,0.00049466818,0.0090885165,2.5670588e-05,8.4558272e-06
0.26969918,3.0969582e-05,0.00048502785,0.0093814347,2.5476887e-05,8.3294682e-06
0.26976436,3.0735861e-05,0.00047643445,0.0085709627,2.5315602e-05,8.2140862e-06
0.26981301,3.0559539e-05,0.00047030847,0.0083739479,2.5175306e-05,8.135097e-06
0.26987753,3.0338457e-05,0.00046265512,0.0085462782,2.5011084e-05,8.0372288e-06
0.2699417,3.0125459e-05,0.00045574114,0.0075682668,2.4862125e-05,7.9508351e-06
0.27000554,2.9925056e-05,0.00044945278,0.0069587697,2.4724357e-05,7.8696622e-06
0.27006907,2.9739746e-05,0.00044357009,0.0072480732,2.4583677e-05,7.7917049e-06
0.27013233,2.9587085e-05,0.00043840932,0.0073104449,2.4466489e-05,7.7277186e-06
0.27017961,2.9463611e-05,0.00043472712,0.0070108825,2.4376465e-05,7.6885804e-06
0.27024244,2.9307323e-05,0.00043026798,0.0066597062,2.426027e-05,7.642699e-06
0.27030504,2.9184517e-05,0.00042652283,0.0064645241,2.4167336e-05,7.5968023e-06
0.27036747,2.9062676e-05,0.00042311371,0.0066821253,2.4070766e-05,7.54852e-06
0.27042972,2.8959047e-05,0.00042017401,0.0067597856,2.3987689e-05,7.5126447e-06
0.27047631,2.887969e-05,0.00041823641,0.0065564754,2.3931591e-05,7.4887243e-06
0.2705383,2.8770176e-05,0.00041578941,0.0063545544,2.3842708e-05,7.4521352e-06
0.27060014,2.8675325e-05,0.00041377706,0.0059754545,2.3756966e-05,7.4129831e-06
0.27066185,2.8583932e-05,0.00041199713,0.0064088892,2.3687404e-05,7.3796009e-06
0.27072343,2.8488975e-05,0.00041045506,0.0056825041,2.360858e-05,7.3452349e-06
0.27078486,2.8380324e-05,0.00040900468,0.0058495673,2.3523758e-05,7.3114713e-06
0.27083088,2.8342494e-05,0.00040836829,0.0057869284,2.3489111e-05,7.2879242e-06
0.27089213,2.8243728e-05,0.0004072764,0.0053954461,2.3415595e-05,7.249532e-06
0.27095317,2.8116202e-05,0.00040598852,0.005305064,2.3320496e-05,7.2126817e-06
0.27101407,2.8039157e-05,0.00040562779,0.0054219655,2.3270163e-05,7.1841673e-06
0.27107489,2.7975149e-05,0.00040566345,0.0054429325,2.3229717e-05,7.1609132e-06
0.27113565,2.7938279e-05,0.00040621515,0.0056467752,2.3211007e-05,7.1448844e-06
0.2711812,2.7912545e-05,0.00040674335,0.0054909103,2.3201419e-05,7.1347527e-06
0.27124189,2.7850274e-05,0.00040756779,0.0056478092,2.3182969e-05,7.1164799e-06
0.27130253,2.7821933e-05,0.00040836279,0.0055432471,2.3167471e-05,7.0934471e-06
0.27136314,2.7791698e-05,0.00040963585,0.0057792571,2.3173975e-05,7.0777802e-06
0.27142372,2.7753679e-05,0.00041118539,0.0054262481,2.3186097e-05,7.0625912e-06
0.27146912,2.7713297e-05,0.00041220127,0.0061590395,2.3176728e-05,7.0476009e-06
0.2715296,2.764214e-05,0.00041375876,0.0057168495,2.3167824e-05,7.0293098e-06
0.27158993,2.7541968e-05,0.00041468776,0.0057169311,2.3121598e-05,6.9985905e-06
0.27165006,2.7429814e-05,0.00041556994,0.005546272,2.3064034e-05,6.9638016e-06
0.27171008,2.7402092e-05,0.00041787527,0.005819697,2.3081668e-05,6.9497343e-06
0.27177014,2.7433975e-05,0.00042129166,0.0054939392,2.3150005e-05,6.95246e-06
0.27181532,2.750505e-05,0.00042471958,0.0054721525,2.3244322e-05,6.9684487e-06
0.27187588,2.7673369e-05,0.00043057897,0.0055184026,2.3429556e-05,7.0062858e-06
0.2719369,2.787726e-05,0.00043752646,0.0060157158,2.3659047e-05,7.0603943e-06
0.27199849,2.8204193e-05,0.00044545283,0.0059569607,2.3930093e-05,7.1303623e-06
0.27206072,2.8502347e-05,0.00045416524,0.0057540286,2.4230202e-05,7.2071436e-06
0.27210787,2.8744024e-05,0.00046123823,0.0058806965,2.4475709e-05,7.2710931e-06
0.27217142,2.9108393e-05,0.00047168452,0.0063887827,2.4832863e-05,7.3698332e-06
0.27223604,2.9669896e-05,0.00048548305,0.0059956607,2.5348942e-05,7.5120065e-06
0.27230213,3.0416285e-05,0.0005029398,0.0063520406,2.6025263e-05,7.7062197e-06
0.27237014,3.136985e-05,0.00052467446,0.0066817179,2.6889198e-05,7.9564657e-06
0.27244062,3.2613641e-05,0.00055219162,0.0068412419,2.8000158e-05,8.2827404e-06
0.27249555,3.3799053e-05,0.00057784333,0.0069585345,2.9062975e-05,8.5949294e-06
0.27257214,3.5593147e-05,0.00061699346,0.0076475372,3.0648814e-05,9.07012e-06
0.27265291,3.7608029e-05,0.00066197468,0.0086265872,3.2442391e-05,9.6049518e-06
0.27273824,3.9694093e-05,0.00071031168,0.008871964,3.4301342e-05,1.0165945e-05
0.27282807,4.1772709e-05,0.00076047891,0.0086974684,3.6138233e-05,1.0715793e-05
0.27292198,4.3521642e-05,0.00080732183,0.0092764669,3.7686716e-05,1.118804e-05
0.27299447,4.4537143e-05,0.00083868295,0.0096766704,3.8609918e-05,1.1471427e-05
0.27309356,4.5821147e-05,0.00088134313,0.01006174,3.9770809e-05,1.1828156e-05
0.27319426,4.6174532e-05,0.00090739809,0.0098809524,4.0093492e-05,1.1938266e-05
0.27329474,4.6122599e-05,0.00092629668,0.010031537,4.0066506e-05,1.1930663e-05
0.27339483,4.6025109e-05,0.00094476913,0.0097240958,3.9999968e-05,1.1907698e-05
0.2734697,4.5990534e-05,0.00095960821,0.0099394477,3.9970285e-05,1.1891037e-05
0.2735692,4.5848314e-05,0.00097744122,0.0098966925,3.9852099e-05,1.1837087e-05
0.27366772,4.5482064e-05,0.00099054257,0.0098970386,3.9505082e-05,1.171383e-05
0.27376546,4.5299527e-05,0.001007715,0.0099971444,3.9327018e-05,1.1627178e-05
0.27386266,4.5202496e-05,0.0010272247,0.010461306,3.9234317e-05,1.1581363e-05
0.27395962,4.530343e-05,0.00105033,0.011160992,3.9274437e-05,1.15638e-05
0.2740323,4.5383967e-05,0.0010685196,0.011657789,3.930996e-05,1.1550217e-05
0.2741291,4.5522708e-05,0.0010933479,0.011087152,3.93751e-05,1.1546815e-05
0.27422582,4.5656207e-05,0.0011188647,0.010911637,3.9443669e-05,1.154237e-05
0.27432258,4.5863936e-05,0.0011463491,0.010850823,3.9556637e-05,1.1540466e-05
0.27441933,4.6009454e-05,0.0011725394,0.010837718,3.9613831e-05,1.1529981e-05
0.27449184,4.6109481e-05,0.0011922516,0.011923997,3.9638077e-05,1.1521056e-05
0.27458848,4.630882e-05,0.0012199736,0.01167281,3.9735177e-05,1.1519821e-05
0.27468512,4.6437304e-05,0.0012484171,0.01147793,3.9814783e-05,1.1512695e-05
0.2747817,4.6561053e-05,0.0012746388,0.01215875,3.9844635e-05,1.1490045e-05
0.27487809,4.6652543e-05,0.0013000461,0.011230057,3.9861202e-05,1.1464429e-05
0.27497432,4.6751669e-05,0.0013239162,0.011605416,3.9881759e-05,1.1435801e-05
0.27504638,4.6773271e-05,0.0013392577,0.011880628,3.9869199e-05,1.14181e-05
0.27514238,4.6929202e-05,0.001359495,0.011973015,3.9922336e-05,1.1409329e-05
0.27523858,4.7208221e-05,0.0013790217,0.012352801,4.008402e-05,1.1449624e-05
0.27533541,4.77645e-05,0.001399823,0.013235513,4.0471572e-05,1.1550308e-05
0.27543363,4.8819133e-05,0.0014249115,0.012994924,4.1230065e-05,1.1788045e-05
0.27553435,5.0487965e-05,0.0014575379,0.013053196,4.2517794e-05,1.2171414e-05
0.27561252,5.2321579e-05,0.0014907139,0.013078029,4.3927942e-05,1.2603891e-05
0.27571858,5.3037137e-05,0.0014758709,0.01370873,4.4320877e-05,1.2768158e-05
0.27582562,5.3710505e-05,0.001453733,0.01347489,4.4631196e-05,1.2954411e-05
0.27593354,5.4379144e-05,0.0014258622,0.013837371,4.4879328e-05,1.3148309e-05
0.27604222,5.4979575e-05,0.001391849,0.014538515,4.5025694e-05,1.3323443e-05
0.27612413,5.5373641e-05,0.0013630006,0.01447035,4.5064957e-05,1.3439054e-05
0.27623338,5.5172315e-05,0.0013049391,0.014250978,4.4502113e-05,1.3405776e-05
0.27634002,5.4085803e-05,0.0012265413,0.014375748,4.3236037e-05,1.3118355e-05
0.27644533,5.3946277e-05,0.0011715573,0.013951565,4.2765707e-05,1.3068349e-05
0.27654802,5.1687061e-05,0.0010753775,0.014809044,4.0639724e-05,1.2477786e-05
0.27664595,4.9926056e-05,0.00099735515,0.01356306,3.8974217e-05,1.1994275e-05
0.27671789,4.9419607e-05,0.0009589688,0.013359711,3.8376848e-05,1.1821226e-05
0.2768134,4.9512201e-05,0.0009265277,0.012971133,3.8233197e-05,1.1750034e-05
0.27690954,5.0120226e-05,0.00090578696,0.012963755,3.853199e-05,1.1776833e-05
0.2770069,5.0910877e-05,0.00089051712,0.013063172,3.8981234e-05,1.1858893e-05
0.27710563,5.1760394e-05,0.00087759327,0.013266597,3.9492767e-05,1.1976496e-05
0.2772055,5.2392735e-05,0.00086468247,0.013723972,3.9894619e-05,1.208778e-05
0.27728086,5.2722643e-05,0.00085248058,0.013343397,4.0045637e-05,1.2124245e-05
0.27738141,5.2862508e-05,0.00083321022,0.013482938,4.0026516e-05,1.2093545e-05
0.27748158,5.2795461e-05,0.00081313672,0.013352119,3.9902404e-05,1.2033663e-05
0.27758166,5.2962956e-05,0.00079769618,0.013741093,3.9942014e-05,1.2000694e-05
0.27768238,5.3578867e-05,0.00078961669,0.013772566,4.0345305e-05,1.2099915e-05
0.27775896,5.4413196e-05,0.0007892704,0.013375534,4.0906629e-05,1.2272118e-05
0.27786331,5.5954985e-05,0.00079624029,0.014042545,4.2019679e-05,1.2637654e-05
0.27796913,5.6133978e-05,0.00078437838,0.014176138,4.2075676e-05,1.2677896e-05
0.27807461,5.6019944e-05,0.00077114663,0.014132647,4.1907554e-05,1.2645072e-05
0.27817979,5.5899224e-05,0.00076071841,0.015009461,4.1748192e-05,1.2580534e-05
0.27828465,5.5737781e-05,0.00075268433,0.014273874,4.1562419e-05,1.2509598e-05
0.27836327,5.5798333e-05,0.00075017504,0.014261931,4.1559428e-05,1.2495262e-05
0.27846821,5.5860507e-05,0.0007478987,0.014520363,4.1552892e-05,1.2475932e-05
0.27857329,5.5966808e-05,0.00074772788,0.014456269,4.1608855e-05,1.2476182e-05
0.27867873,5.6156725e-05,0.00075007215,0.014397564,4.1744569e-05,1.2499956e-05
0.27878477,5.6492191e-05,0.00075608983,0.014812645,4.2004568e-05,1.2539808e-05
0.27886471,5.6681556e-05,0.00076098199,0.014370249,4.2140016e-05,1.2573234e-05
0.27897184,5.6941875e-05,0.00076974297,0.014404046,4.2366208e-05,1.263881e-05
0.27907971,5.7289155e-05,0.0007824992,0.014598525,4.264265e-05,1.2737209e-05
0.27918856,5.7710816e-05,0.00079827258,0.014489498,4.30013e-05,1.2845859e-05
0.27929821,5.8006786e-05,0.0008145678,0.015504059,4.3270192e-05,1.2970462e-05
0.27940856,5.8135677e-05,0.00083184229,0.014638373,4.3516918e-05,1.3104104e-05
0.27949194,5.864188e-05,0.00084830633,0.015376089,4.3807378e-05,1.3248928e-05
0.27960405,5.9109701e-05,0.00087025565,0.014425789,4.4179299e-05,1.3401042e-05
0.27971705,5.9386416e-05,0.00089224602,0.014684527,4.4449652e-05,1.3535483e-05
0.27983087,5.9664976e-05,0.00091538427,0.013904032,4.4789503e-05,1.3664127e-05
0.27994577,6.0080797e-05,0.00094214983,0.014990811,4.5265047e-05,1.382541e-05
0.28006052,5.9342197e-05,0.00095187859,0.01432767,4.4863007e-05,1.3737772e-05
0.2801456,5.8643986e-05,0.00095775031,0.014449942,4.4471897e-05,1.364034e-05
0.28025785,5.7826075e-05,0.00096792061,0.013927873,4.3997077e-05,1.3506601e-05
0.28036879,5.6992943e-05,0.00097980721,0.013791752,4.3516489e-05,1.3347453e-05
0.28047851,5.6245649e-05,0.00099410419,0.013852952,4.3092782e-05,1.3207653e-05
0.28058711,5.5573617e-05,0.0010106737,0.013022155,4.270136e-05,1.3108624e-05
0.28066792,5.5059407e-05,0.0010236643,0.012763023,4.2396603e-05,1.3022226e-05
0.28077479,5.4442771e-05,0.0010431064,0.012784193,4.2046759e-05,1.2933147e-05
0.28088088,5.3944429e-05,0.0010642395,0.012718087,4.1738116e-05,1.2851052e-05
0.28098626,5.3538293e-05,0.001087332,0.012793142,4.1464167e-05,1.2758297e-05
0.28109098,5.3152005e-05,0.001110925,0.012178973,4.1193595e-05,1.2659842e-05
0.28119513,5.2830049e-05,0.0011363928,0.012467788,4.0965287e-05,1.2563729e-05
0.2812729,5.2646068e-05,0.0011571782,0.012547003,4.0831331e-05,1.2512435e-05
0.28137622,5.2427965e-05,0.0011855977,0.012728577,4.0643696e-05,1.2457251e-05
0.28147916,5.2260348e-05,0.0012164875,0.012932166,4.0511537e-05,1.243108e-05
0.28158178,5.2108455e-05,0.0012490412,0.01311804,4.0375439e-05,1.2419872e-05
0.28168414,5.2024983e-05,0.0012851771,0.013540027,4.0271036e-05,1.2417474e-05
0.28176079,5.2003933e-05,0.0013144003,0.013125964,4.021103e-05,1.2420702e-05
0.28186288,5.1994557e-05,0.0013549291,0.014775437,4.0128942e-05,1.243711e-05
0.28196486,5.2029919e-05,0.001395548,0.014960337,4.0034135e-05,1.2441284e-05
0.28206685,5.2074608e-05,0.0014350637,0.015975706,3.9983675e-05,1.2469232e-05
0.28216689,5.0295272e-05,0.0014175923,0.016654755,3.8530438e-05,1.2059135e-05
0.28226303,4.8502692e-05,0.0013842758,0.01689576,3.7053265e-05,1.1636391e-05
0.282333,4.7376441e-05,0.0013539545,0.015960881,3.6105881e-05,1.1368444e-05
0.28242389,4.6006674e-05,0.0013062328,0.014655018,3.500533e-05,1.106811e-05
0.28251252,4.4960171e-05,0.0012549058,0.014337144,3.4120234e-05,1.0839814e-05
0.28259933,4.413903e-05,0.0012018648,0.014225336,3.3391737e-05,1.0659258e-05
0.2826846,4.3418728e-05,0.0011486344,0.012394371,3.2763143e-05,1.0513966e-05
0.2827687,4.288009e-05,0.0010985738,0.01244884,3.227067e-05,1.0406838e-05
0.28283115,4.2535048e-05,0.0010622988,0.012893654,3.196277e-05,1.0340559e-05
0.28291379,4.2215529e-05,0.001018446,0.011988369,3.1641617e-05,1.0271836e-05
0.28299586,4.1956813e-05,0.00097776376,0.0118469,3.1390555e-05,1.0219051e-05
0.28307751,4.1777143e-05,0.00094060483,0.01117933,3.1186024e-05,1.0186818e-05
0.28315903,4.1776975e-05,0.00090940123,0.011293275,3.1126058e-05,1.0193425e-05
0.28322019,4.1784169e-05,0.00088706818,0.011711964,3.109129e-05,1.0193986e-05
0.28330186,4.1864756e-05,0.00086189443,0.011655453,3.1131516e-05,1.0226268e-05
0.28338381,4.1996836e-05,0.00083883318,0.012020546,3.1206013e-05,1.0261542e-05
0.28346618,4.2238912e-05,0.00081938757,0.01236634,3.1371225e-05,1.0337005e-05
0.28354914,4.253338e-05,0.00080221689,0.012275033,3.1579492e-05,1.0428708e-05
0.28363278,4.2914502e-05,0.00078765132,0.012414539,3.1861067e-05,1.0537991e-05
0.2836961,4.326567e-05,0.00077845218,0.012876035,3.2123258e-05,1.064165e-05
0.28378138,4.3765558e-05,0.00076739774,0.012124591,3.2514019e-05,1.0803104e-05
0.28386783,4.4393038e-05,0.00075859512,0.01290029,3.2972068e-05,1.0990142e-05
0.28395564,4.5083533e-05,0.00075131008,0.013085436,3.3490691e-05,1.1170951e-05
0.28404497,4.5878936e-05,0.00074632742,0.013331704,3.411363e-05,1.1371595e-05
0.28411312,4.660011e-05,0.00074426446,0.013431016,3.4637173e-05,1.1547114e-05
0.28420574,4.7671644e-05,0.00074347848,0.014458496,3.5438493e-05,1.1808156e-05
0.28430071,4.8930314e-05,0.00074507417,0.015982379,3.6366633e-05,1.2101103e-05
0.28439832,5.030794e-05,0.00074905472,0.016301588,3.740678e-05,1.2417449e-05
0.28449906,5.2068203e-05,0.00075624932,0.015977165,3.8622088e-05,1.2779927e-05
0.28460346,5.4023965e-05,0.00076575354,0.017104783,4.0016796e-05,1.3183009e-05
0.28468463,5.5795677e-05,0.00077635861,0.016888294,4.127365e-05,1.357417e-05
0.28479427,5.5916437e-05,0.00075960253,0.018147426,4.1274623e-05,1.3545633e-05
0.28490395,5.5945306e-05,0.0007425373,0.018047974,4.1176728e-05,1.3498053e-05
0.28501364,5.5943305e-05,0.00072684585,0.01766264,4.1115782e-05,1.3480345e-05
0.28512332,5.5930648e-05,0.00071240293,0.017905,4.1048799e-05,1.3432243e-05
0.28523311,5.5949271e-05,0.00069958816,0.016642219,4.1063097e-05,1.3311456e-05
0.28531547,5.5888852e-05,0.00069037674,0.015307441,4.104006e-05,1.3211029e-05
0.28542544,5.5938054e-05,0.0006798127,0.015293234,4.1084267e-05,1.3115572e-05
0.28553559,5.6046521e-05,0.00067163446,0.014408687,4.1189878e-05,1.3079149e-05
0.28564593,5.6111758e-05,0.00066338007,0.013896862,4.1235479e-05,1.3048539e-05
0.28575656,5.6137154e-05,0.00065735587,0.01402207,4.1331168e-05,1.307999e-05
0.28583978,5.6255459e-05,0.00065377554,0.013614199,4.1450349e-05,1.3134305e-05
0.28595108,5.6444277e-05,0.00065002643,0.012756472,4.1609447e-05,1.3215721e-05
0.28606285,5.6597348e-05,0.00064717861,0.012772754,4.177148e-05,1.3293765e-05
0.28617517,5.6918933e-05,0.00064595211,0.012300166,4.1990939e-05,1.3391787e-05
0.28628799,5.7121213e-05,0.00064465907,0.012439357,4.213589e-05,1.3472015e-05
0.28640142,5.7405224e-05,0.00064493309,0.012437035,4.235078e-05,1.357365e-05
0.28648688,5.7537724e-05,0.00064488717,0.012049104,4.2484331e-05,1.3626167e-05
0.28660129,5.7847516e-05,0.00064679152,0.012518405,4.2735607e-05,1.3722307e-05
0.28671637,5.8194125e-05,0.00064949158,0.012422869,4.3032499e-05,1.3819361e-05
0.28683227,5.8609248e-05,0.00065412654,0.012424641,4.3410031e-05,1.3943419e-05
0.28694842,5.8155371e-05,0.00065022395,0.012676542,4.3182618e-05,1.385747e-05
0.28706135,5.6323468e-05,0.00063139419,0.01291024,4.1903266e-05,1.3413876e-05
0.28714412,5.5289135e-05,0.00062232995,0.01232585,4.1260369e-05,1.3168968e-05
0.28725253,5.4277807e-05,0.00061374932,0.012004493,4.0593157e-05,1.2904545e-05
0.28735948,5.3664825e-05,0.00061049184,0.011929326,4.0235966e-05,1.2755108e-05
0.28746561,5.3416718e-05,0.00061132257,0.011758418,4.0111651e-05,1.2683696e-05
0.28757118,5.3193558e-05,0.00061354474,0.012661436,4.0030005e-05,1.2630267e-05
0.28765009,5.3038209e-05,0.00061580081,0.0126944,3.9996947e-05,1.2586479e-05
0.28775517,5.3029716e-05,0.00062175387,0.012141993,4.0089249e-05,1.255787e-05
0.28786033,5.3107221e-05,0.00062856715,0.011596436,4.0189783e-05,1.2536789e-05
0.28796553,5.3179468e-05,0.00063693223,0.011398585,4.033224e-05,1.2550237e-05
0.28807084,5.3163349e-05,0.00064512346,0.011419724,4.0414489e-05,1.2548898e-05
0.28817634,5.331512e-05,0.00065640742,0.011151835,4.061755e-05,1.2592831e-05
0.28825567,5.3461938e-05,0.0006659788,0.01129608,4.0805692e-05,1.2636916e-05
0.28836184,5.3808046e-05,0.00067987238,0.011092879,4.1080873e-05,1.2704064e-05
0.28846863,5.4112029e-05,0.00069641229,0.010950256,4.1418922e-05,1.2787679e-05
0.28857612,5.4596496e-05,0.00071519654,0.011104451,4.1822411e-05,1.2895961e-05
0.28868447,5.505082e-05,0.00073600806,0.010239179,4.222779e-05,1.3011469e-05
0.28876632,5.5424948e-05,0.00075323313,0.010613971,4.2555495e-05,1.3095379e-05
0.28887651,5.6097649e-05,0.00078015655,0.011424432,4.3115434e-05,1.3234165e-05
0.28898797,5.688742e-05,0.00081095692,0.011420317,4.3752385e-05,1.3385645e-05
0.28910095,5.7819251e-05,0.0008458184,0.011343314,4.4504176e-05,1.356462e-05
0.28921567,5.8789065e-05,0.00088404417,0.012111976,4.526036e-05,1.375337e-05
0.28933241,6.0023669e-05,0.00092908965,0.012838093,4.6200131e-05,1.3985543e-05
0.28942138,6.1001502e-05,0.00096545763,0.013200138,4.6918053e-05,1.4172844e-05
0.28954155,6.1555184e-05,0.0010033664,0.013201192,4.7245236e-05,1.4230818e-05
0.2896599,6.0527433e-05,0.001018238,0.013304619,4.6386853e-05,1.393001e-05
0.28977603,5.9561418e-05,0.0010335618,0.01309324,4.553428e-05,1.3640312e-05
0.2898902,5.8793306e-05,0.0010532732,0.013044421,4.4860203e-05,1.3399103e-05
0.29000259,5.8064393e-05,0.0010739253,0.012681102,4.4171244e-05,1.314583e-05
0.29008585,5.7580233e-05,0.0010915583,0.012088797,4.3724944e-05,1.297543e-05
0.29019577,5.713441e-05,0.0011197361,0.012107638,4.3262369e-05,1.2804711e-05
0.29030452,5.6696138e-05,0.0011491261,0.011879676,4.2805915e-05,1.2630169e-05
0.29041245,5.6442332e-05,0.0011840301,0.011319526,4.2472998e-05,1.2492009e-05
0.29051969,5.623543e-05,0.0012213076,0.011295118,4.2209863e-05,1.2379845e-05
0.29059978,5.6131035e-05,0.0012500918,0.011329057,4.2035089e-05,1.2302429e-05
0.29070639,5.6126451e-05,0.0012924829,0.011366765,4.1925892e-05,1.2245549e-05
0.29081294,5.6181739e-05,0.0013374396,0.01146348,4.1899938e-05,1.2226576e-05
0.29091955,5.6437447e-05,0.001382618,0.011518437,4.1937318e-05,1.2232314e-05
0.29102648,5.6709002e-05,0.0014254751,0.011354062,4.2048562e-05,1.2276194e-05
0.29113388,5.7077312e-05,0.0014617818,0.011682688,4.2235337e-05,1.2362933e-05
0.29121488,5.7318295e-05,0.0014786932,0.011895448,4.2342773e-05,1.244098e-05
0.29132364,5.787446e-05,0.0014904455,0.011627696,4.2678395e-05,1.2624513e-05
0.2914334,5.8546326e-05,0.0014841107,0.011892261,4.3090392e-05,1.2856706e-05
0.29154435,5.8992246e-05,0.0014560577,0.012293601,4.3342883e-05,1.3062369e-05
0.29165544,5.8963308e-05,0.0014088754,0.012436279,4.3259386e-05,1.3156599e-05
0.29173877,5.8936136e-05,0.0013708253,0.012897727,4.316197e-05,1.3212429e-05
0.2918497,5.8762362e-05,0.0013163246,0.012520502,4.2961746e-05,1.3244701e-05
0.29196048,5.8594231e-05,0.0012629648,0.012507556,4.2714703e-05,1.3261536e-05
0.29207115,5.8529003e-05,0.0012142508,0.012181822,4.2564467e-05,1.3288756e-05
0.29218182,5.8463952e-05,0.0011678541,0.013069336,4.2384038e-05,1.3309643e-05
0.29229249,5.8387211e-05,0.0011233911,0.012779665,4.2214831e-05,1.3330905e-05
0.2923755,5.8338738e-05,0.0010928773,0.013003548,4.2075397e-05,1.3343164e-05
0.29248611,5.8248049e-05,0.001054797,0.013095057,4.190277e-05,1.3350869e-05
0.29259678,5.8172328e-05,0.001020402,0.013162793,4.1723063e-05,1.3335338e-05
0.29270763,5.8244392e-05,0.00099122861,0.012859094,4.1624311e-05,1.3316905e-05
0.29281852,5.8170314e-05,0.00096308148,0.01240779,4.1454377e-05,1.325418e-05
0.29292942,5.8097271e-05,0.0009379567,0.013074119,4.1261099e-05,1.317237e-05
0.29301276,5.8163331e-05,0.0009227784,0.012289053,4.1196905e-05,1.3124847e-05
0.29312401,5.8233025e-05,0.0009042235,0.01245247,4.1062256e-05,1.3049895e-05
0.29323567,5.8434004e-05,0.0008896421,0.013187757,4.1012172e-05,1.3009258e-05
0.29334757,5.8513554e-05,0.00087551863,0.012599764,4.0877622e-05,1.2930572e-05
0.29345965,5.846488e-05,0.00086186249,0.012717806,4.0647511e-05,1.2814306e-05
0.29354305,5.7058834e-05,0.00083310907,0.013271661,3.9528698e-05,1.2431102e-05
0.29364662,5.2276791e-05,0.00075559744,0.011341456,3.6051134e-05,1.1308141e-05
0.29374221,4.8369441e-05,0.00069415027,0.010567626,3.3243492e-05,1.0406832e-05
0.29383137,4.5290609e-05,0.00064641549,0.010622432,3.1049811e-05,9.6974652e-06
0.29391549,4.293837e-05,0.00061006351,0.0097182424,2.9319375e-05,9.1334647e-06
0.29399547,4.0920437e-05,0.00058033199,0.0089004608,2.7905747e-05,8.6712513e-06
0.29405319,3.9633856e-05,0.0005616473,0.0091764446,2.6997005e-05,8.3774993e-06
0.29412757,3.8199406e-05,0.00054113976,0.0086386988,2.5970181e-05,8.0449878e-06
0.29419963,3.714521e-05,0.00052632142,0.0082326863,2.520011e-05,7.7963953e-06
0.29426974,3.619028e-05,0.00051330636,0.007952508,2.4504625e-05,7.5712286e-06
0.29433813,3.5315593e-05,0.00050209019,0.0079423773,2.3877607e-05,7.3640316e-06
0.29438855,3.4867737e-05,0.00049667158,0.0079999444,2.3553196e-05,7.2570593e-06
0.29445495,3.4440021e-05,0.00049199123,0.0076698962,2.3230931e-05,7.1524808e-06
0.29452068,3.4164037e-05,0.00048972985,0.0073060249,2.3013329e-05,7.0917952e-06
0.29458604,3.4026853e-05,0.00048973157,0.0079116949,2.2890689e-05,7.0645166e-06
0.29465124,3.3969694e-05,0.00049122168,0.0072154167,2.2836648e-05,7.0668482e-06
0.29471652,3.4059163e-05,0.0004951713,0.0072814116,2.2872064e-05,7.0929129e-06
0.29476568,3.4213052e-05,0.00049924972,0.0074166995,2.2945668e-05,7.1260621e-06
0.29483168,3.4508563e-05,0.00050642207,0.0075838609,2.3099218e-05,7.1793917e-06
0.29489838,3.4909954e-05,0.00051547745,0.0080824748,2.3318813e-05,7.2477692e-06
0.29496595,3.5369607e-05,0.00052578133,0.0076639013,2.3577545e-05,7.3281686e-06
0.29503444,3.585032e-05,0.00053672832,0.0079093613,2.3848577e-05,7.4197417e-06
0.29510402,3.646349e-05,0.00054998364,0.0080735128,2.4205372e-05,7.5360947e-06
0.29515698,3.6926159e-05,0.00056025055,0.0085160895,2.448925e-05,7.6299968e-06
0.29522876,3.7655128e-05,0.00057607272,0.0080632613,2.4944519e-05,7.7800162e-06
0.29530203,3.8482631e-05,0.00059429886,0.0085630693,2.5468823e-05,7.9462416e-06
0.29537697,3.9347838e-05,0.00061410172,0.0085192074,2.6021683e-05,8.1221183e-06
0.29545379,4.0402276e-05,0.00063799229,0.0087050546,2.6707472e-05,8.3345966e-06
0.29551275,4.1215426e-05,0.00065735003,0.0094193069,2.7234873e-05,8.4975895e-06
0.29559339,4.2460138e-05,0.00068715201,0.0089791442,2.8047761e-05,8.7496376e-06
0.2956766,4.3897114e-05,0.00072186493,0.0092423917,2.8980545e-05,9.03702e-06
0.29576282,4.5527349e-05,0.00076234415,0.0095564199,3.0026513e-05,9.3679589e-06
0.29585275,4.7611598e-05,0.00081341176,0.010151759,3.1374543e-05,9.7790893e-06
0.29594718,5.0130296e-05,0.00087628576,0.010745095,3.3002223e-05,1.0295116e-05
0.2960217,5.2456371e-05,0.00093413125,0.010667843,3.4502205e-05,1.0770081e-05
0.29612749,5.6611404e-05,0.0010368121,0.011728967,3.7215591e-05,1.1618843e-05
0.29623634,5.6171864e-05,0.0010617605,0.011946206,3.6932623e-05,1.1544787e-05
0.29634416,5.5829215e-05,0.0010848817,0.011677475,3.6569858e-05,1.1433003e-05
0.29645111,5.5346183e-05,0.0011080957,0.011770887,3.6209415e-05,1.1324166e-05
0.29655726,5.4853922e-05,0.0011308949,0.012081247,3.586116e-05,1.1213967e-05
0.29663646,5.4720265e-05,0.0011513963,0.012420798,3.5726074e-05,1.1170546e-05
0.29674145,5.4239143e-05,0.0011738392,0.012695844,3.5391732e-05,1.1036703e-05
0.29684587,5.4126107e-05,0.0012024272,0.012626897,3.5241528e-05,1.0980512e-05
0.29694978,5.3917856e-05,0.001226917,0.012497152,3.5003656e-05,1.0898015e-05
0.29705326,5.3538589e-05,0.0012518831,0.012080102,3.4759229e-05,1.0827513e-05
0.29713065,5.3592131e-05,0.0012746325,0.012591397,3.4724407e-05,1.0831202e-05
0.29723355,5.3511212e-05,0.0013013613,0.012566482,3.4576701e-05,1.0818637e-05
0.29733615,5.3436991e-05,0.0013258775,0.013963063,3.4413871e-05,1.0790975e-05
0.29743854,5.3368505e-05,0.0013473694,0.01467362,3.4262887e-05,1.0760785e-05
0.29754084,5.3484759e-05,0.0013656548,0.014607309,3.4205356e-05,1.076798e-05
0.29764315,5.3631679e-05,0.0013717366,0.016120992,3.4140781e-05,1.0766317e-05
0.29771988,5.3706497e-05,0.0013678072,0.016054681,3.409844e-05,1.0753841e-05
0.29782219,5.3776607e-05,0.0013494092,0.015957578,3.4021665e-05,1.0751529e-05
0.2979245,5.3845023e-05,0.0013176608,0.015627051,3.3962086e-05,1.0761352e-05
0.29802681,5.3943213e-05,0.0012758169,0.016056193,3.3899721e-05,1.0775996e-05
0.29812928,5.4184232e-05,0.0012313304,0.015350845,3.3957775e-05,1.0846766e-05
0.29820625,5.4249214e-05,0.0011927266,0.014618298,3.3932969e-05,1.0882287e-05
0.29830921,5.4489748e-05,0.0011435571,0.014264621,3.4027904e-05,1.0983188e-05
0.2984125,5.4733418e-05,0.0010947077,0.014329241,3.4140857e-05,1.1089955e-05
0.29851614,5.5066919e-05,0.0010467531,0.014709124,3.4264575e-05,1.1203515e-05
0.29862012,5.5353182e-05,0.0010024006,0.014371138,3.439135e-05,1.1313985e-05
0.29872446,5.5648081e-05,0.00096202885,0.014715852,3.4537117e-05,1.1424767e-05
0.29880299,5.592396e-05,0.00093561666,0.014989018,3.4673381e-05,1.1510881e-05
0.29890797,5.6224158e-05,0.00090295109,0.015279814,3.4836074e-05,1.1620803e-05
0.29901343,5.6490835e-05,0.00087358837,0.015565005,3.4980673e-05,1.1728886e-05
0.29911783,5.5921402e-05,0.00083537945,0.015291344,3.4627162e-05,1.1664135e-05
0.29922341,5.696993e-05,0.00082412147,0.015727035,3.5316688e-05,1.1974471e-05
0.29933008,5.7183232e-05,0.00080227859,0.015977325,3.5495369e-05,1.2111996e-05
0.29941039,5.7375082e-05,0.00078757016,0.015865528,3.5662927e-05,1.2242391e-05
0.29951769,5.752147e-05,0.00076859127,0.017117984,3.5885064e-05,1.2424094e-05
0.29962542,5.7828367e-05,0.00075022175,0.017748912,3.6086801e-05,1.2598583e-05
0.29973347,5.8020499e-05,0.00073408401,0.017558587,3.6289624e-05,1.2773051e-05
0.29984187,5.8012059e-05,0.00071625781,0.017447087,3.6352072e-05,1.2874538e-05
0.29992339,5.8263911e-05,0.0007068478,0.017536851,3.6560034e-05,1.300054e-05
0.30003225,5.8244362e-05,0.00069158162,0.017136101,3.6620929e-05,1.3077404e-05
0.3001411,5.8228817e-05,0.00067737264,0.017816616,3.6671305e-05,1.3099519e-05
0.30025045,5.8482532e-05,0.0006672036,0.018429864,3.6886943e-05,1.316586e-05
0.30035979,5.8447006e-05,0.00065431393,0.019005346,3.6926431e-05,1.3163051e-05
0.30046913,5.8395824e-05,0.00064201592,0.019789003,3.694988e-05,1.3144878e-05
0.30055114,5.8343573e-05,0.00063309105,0.019641194,3.695613e-05,1.3125414e-05
0.30066049,5.8198924e-05,0.00062135116,0.018469674,3.6949772e-05,1.3074176e-05
0.30076983,5.8060236e-05,0.00061017989,0.018907493,3.6960529e-05,1.2963067e-05
0.30087917,5.7852195e-05,0.00059946731,0.018057415,3.7011237e-05,1.2873799e-05
0.30098908,5.7962919e-05,0.00059233763,0.017175139,3.7286659e-05,1.2890534e-05
0.30107151,5.7783428e-05,0.00058500079,0.016263787,3.7389365e-05,1.2889755e-05
0.30118171,5.7857314e-05,0.00057906327,0.015760469,3.7723989e-05,1.298375e-05
0.30129221,5.7605088e-05,0.00057032243,0.015139004,3.7867058e-05,1.3042893e-05
0.30140317,5.7681004e-05,0.00056567099,0.015518024,3.8222292e-05,1.3200586e-05
0.30151462,5.7763612e-05,0.00056172044,0.015455812,3.8556858e-05,1.3399369e-05
0.30162656,5.7850569e-05,0.00055863327,0.015262007,3.8887486e-05,1.3601339e-05
0.3017109,5.7658264e-05,0.00055415728,0.015185772,3.893347e-05,1.3682207e-05
0.30182388,5.7752036e-05,0.00055242217,0.014865742,3.9260166e-05,1.3871978e-05
0.30193741,5.7861371e-05,0.0005515302,0.01425174,3.9572935e-05,1.4049914e-05
0.30205169,5.7973612e-05,0.00055169422,0.014658039,3.9929526e-05,1.4216277e-05
0.30216656,5.8106226e-05,0.00055273696,0.014190261,4.0304993e-05,1.4358095e-05
0.30228203,5.7827295e-05,0.00055094641,0.014748797,4.0417548e-05,1.4383415e-05
0.30236801,5.7199804e-05,0.00054608665,0.013442866,4.0213351e-05,1.4289863e-05
0.30248159,5.6108627e-05,0.00053764183,0.013663531,3.9738903e-05,1.4088819e-05
0.3025939,5.5456468e-05,0.00053390354,0.013224501,3.9537143e-05,1.397942e-05
0.30270493,5.4358128e-05,0.00052682288,0.013320563,3.9004431e-05,1.3748942e-05
0.30281487,5.3721474e-05,0.0005242644,0.012657204,3.8794011e-05,1.3625775e-05
0.30289656,5.3141538e-05,0.00052169213,0.012762431,3.8533389e-05,1.3495767e-05
0.3030041,5.2099147e-05,0.0005157171,0.012430152,3.7982698e-05,1.3262624e-05
0.30311053,5.1501721e-05,0.00051443019,0.012492918,3.7732696e-05,1.3132269e-05
0.30321584,5.0919632e-05,0.00051348812,0.012349847,3.7486152e-05,1.2991189e-05
0.30331956,4.9924783e-05,0.00050843069,0.012297558,3.6910552e-05,1.2750075e-05
0.30342215,4.9363326e-05,0.00050821,0.012011777,3.6646912e-05,1.2610819e-05
0.30349823,4.8866187e-05,0.00050711125,0.012872117,3.6365287e-05,1.2484492e-05
0.3035985,4.7893073e-05,0.00050271291,0.012402356,3.575819e-05,1.2231761e-05
0.30369759,4.7375609e-05,0.00050333189,0.012263661,3.5481482e-05,1.2090587e-05
0.30379573,4.6845412e-05,0.00050433448,0.011732468,3.5199517e-05,1.1947695e-05
0.30389265,4.637266e-05,0.00050559627,0.011514927,3.4902152e-05,1.1799186e-05
0.30396441,4.5899663e-05,0.00050538865,0.011048943,3.4598403e-05,1.1653573e-05
0.30405935,4.5398135e-05,0.00050708502,0.010767576,3.4289678e-05,1.1489027e-05
0.30415301,4.4897135e-05,0.00050895229,0.010717147,3.3973639e-05,1.1320159e-05
0.30424563,4.4389519e-05,0.00051103319,0.010421783,3.3653388e-05,1.1146586e-05
0.30433719,4.3895783e-05,0.00051339507,0.010387508,3.3316414e-05,1.0962876e-05
0.30442766,4.3397856e-05,0.00051585584,0.010303773,3.2958801e-05,1.0771011e-05
0.30449494,4.2874789e-05,0.00051601349,0.0099598831,3.2578276e-05,1.0588849e-05
0.30458399,4.2358349e-05,0.00051822839,0.0097800151,3.2180875e-05,1.0385688e-05
0.30467215,4.2410706e-05,0.00052770818,0.0097548851,3.2219287e-05,1.031938e-05
0.30475909,4.1879489e-05,0.00053013833,0.01008998,3.1807446e-05,1.0103169e-05
0.30484569,4.1302954e-05,0.00053217994,0.010287584,3.1360846e-05,9.8811295e-06
0.30493132,4.1358628e-05,0.00054265858,0.010382136,3.1386319e-05,9.8169761e-06
0.30499553,4.1403535e-05,0.00055098412,0.010189425,3.1396685e-05,9.7669254e-06
0.3050797,4.0756441e-05,0.00055295989,0.010947342,3.088851e-05,9.5460807e-06
0.30516387,4.0859576e-05,0.0005650606,0.010838555,3.0898174e-05,9.4972153e-06
0.30524761,4.0095006e-05,0.00056625995,0.009953479,3.0272455e-05,9.2536899e-06
0.30532673,3.7739972e-05,0.00054431972,0.01004114,2.8445363e-05,8.6569859e-06
0.30538401,3.6985434e-05,0.00054189538,0.0096449848,2.7834211e-05,8.4512883e-06
0.30545657,3.466997e-05,0.00051869128,0.0099255452,2.6040494e-05,7.8789507e-06
0.30552552,3.3159673e-05,0.00050653877,0.0082347806,2.4867439e-05,7.4998897e-06
0.30559092,3.1660311e-05,0.00049383978,0.0084021315,2.370253e-05,7.1325186e-06
0.30565392,3.0111084e-05,0.00047959164,0.0081082736,2.2511829e-05,6.761165e-06
0.30571447,2.9335271e-05,0.0004769572,0.0071496099,2.1895782e-05,6.5661667e-06
0.30575801,2.8553636e-05,0.00047132962,0.007171672,2.1279278e-05,6.3770909e-06
0.30581475,2.7709372e-05,0.00046707636,0.0073746909,2.062518e-05,6.176189e-06
0.30586965,2.6796239e-05,0.00046146736,0.0074555831,1.992887e-05,5.9599371e-06
0.30592303,2.5795771e-05,0.00045338018,0.0071607585,1.9150512e-05,5.7180623e-06
0.30597536,2.5822837e-05,0.00046318852,0.0068852458,1.9138305e-05,5.7080032e-06
0.30602632,2.4495339e-05,0.00044851012,0.0068501188,1.811929e-05,5.3967194e-06
0.3060635,2.4512952e-05,0.00045571147,0.006630697,1.8111701e-05,5.3901348e-06
0.30611308,2.4528826e-05,0.00046557651,0.0063467435,1.8098197e-05,5.3800083e-06
0.30616265,2.4551912e-05,0.00047585188,0.0065084714,1.8084337e-05,5.3690723e-06
0.30621223,2.4575517e-05,0.00048652636,0.0068493258,1.806863e-05,5.3589471e-06
0.30626011,2.2867975e-05,0.00046266106,0.0070759024,1.6789415e-05,4.9715382e-06
0.30629457,2.2773292e-05,0.00046780158,0.0061853767,1.6701544e-05,4.9421982e-06
0.30634043,2.2776794e-05,0.00047746989,0.0061688334,1.6679506e-05,4.931651e-06
0.3063864,2.28811e-05,0.00048954832,0.0062738578,1.6728235e-05,4.9410963e-06
0.30643267,2.3091352e-05,0.00050416878,0.0063456806,1.6852626e-05,4.9726534e-06
0.30647956,2.3479999e-05,0.00052304323,0.0062846776,1.7109376e-05,5.046072e-06
0.30652733,2.3950085e-05,0.0005445415,0.0061878085,1.7427991e-05,5.1382661e-06
0.30656384,2.4381568e-05,0.00056291035,0.006738154,1.7723081e-05,5.2226575e-06
0.3066137,2.5103257e-05,0.00059179634,0.0072209173,1.8223223e-05,5.3706094e-06
0.30666522,2.6027721e-05,0.00062590091,0.0068705438,1.885453e-05,5.5601807e-06
0.30671868,2.7056523e-05,0.00066403217,0.0071736362,1.9565477e-05,5.7741207e-06
0.30677443,2.8257762e-05,0.00070775815,0.0073203852,2.0395712e-05,6.0258698e-06
0.30681787,2.9202672e-05,0.00074215472,0.0075630205,2.1047616e-05,6.2214257e-06
0.30687792,3.0398017e-05,0.00078637047,0.0076470366,2.1863357e-05,6.4710707e-06
0.3069403,3.1551954e-05,0.00082873477,0.0084582663,2.2643081e-05,6.7159402e-06
0.30700495,3.2705354e-05,0.00086751526,0.0088348325,2.3406086e-05,6.9668076e-06
0.30707178,3.3767035e-05,0.00089926772,0.0085203402,2.4107889e-05,7.2117926e-06
0.30714054,3.4621645e-05,0.0009200756,0.0096594726,2.4651336e-05,7.4084142e-06
0.30719286,3.4948548e-05,0.00092259094,0.010076679,2.4836083e-05,7.4875188e-06
0.30726298,3.5058012e-05,0.00091139112,0.010728405,2.4839518e-05,7.5181605e-06
0.30733309,3.5014459e-05,0.00089322573,0.010480867,2.4744468e-05,7.5209796e-06
0.3074029,3.4785463e-05,0.00086792498,0.0098748581,2.45205e-05,7.4825211e-06
0.30747217,3.4519744e-05,0.00084116417,0.0093184856,2.4265252e-05,7.4316986e-06
0.30754082,3.4195073e-05,0.00081273958,0.009439538,2.3962443e-05,7.3556294e-06
0.30759185,3.390744e-05,0.00079102383,0.0086734032,2.3710827e-05,7.2857597e-06
0.30765914,3.3466113e-05,0.00076109943,0.0089160756,2.3341517e-05,7.1819595e-06
0.30772558,3.3028803e-05,0.00073412946,0.0091882398,2.3005097e-05,7.0898191e-06
0.30779131,3.2697897e-05,0.00070927006,0.0090282571,2.2717161e-05,7.0070955e-06
0.30785637,3.2364281e-05,0.00068537381,0.0088006649,2.24228e-05,6.9255695e-06
0.30790474,3.2123946e-05,0.00066860011,0.0090316549,2.2212549e-05,6.8683738e-06
0.30796868,3.1809771e-05,0.00064724368,0.009036839,2.1939121e-05,6.7921018e-06
0.30803205,3.1525061e-05,0.00062763073,0.008855521,2.1699784e-05,6.7276007e-06
0.30809489,3.1271456e-05,0.00060951792,0.0082607523,2.1474283e-05,6.6753535e-06
0.3081573,3.1067658e-05,0.00059349417,0.0077290346,2.1287003e-05,6.6298544e-06
0.30821938,3.0914565e-05,0.00057932786,0.0079580917,2.1139554e-05,6.5977812e-06
0.30826575,3.0802658e-05,0.00056929791,0.0074850204,2.1036869e-05,6.5750013e-06
0.30832738,3.069622e-05,0.00055736869,0.0074725596,2.0923853e-05,6.5506647e-06
0.30838886,3.0645755e-05,0.00054718193,0.0070737675,2.0847901e-05,6.5390893e-06
0.30845035,3.0654293e-05,0.00053854574,0.0074936297,2.0806688e-05,6.5347181e-06
0.30851187,3.0686427e-05,0.00053080656,0.0077249714,2.0789934e-05,6.5305238e-06
0.30855809,3.073659e-05,0.00052580526,0.0074564392,2.0795205e-05,6.5353682e-06
0.30861993,3.0886851e-05,0.00052082721,0.0071435997,2.0848753e-05,6.5551671e-06
0.30868216,3.1099533e-05,0.00051711189,0.0072121163,2.094567e-05,6.5849546e-06
0.30874486,3.1366702e-05,0.00051456279,0.0075058414,2.1074046e-05,6.6224327e-06
0.30880824,3.1746713e-05,0.00051409538,0.0079997198,2.1274862e-05,6.6856068e-06
0.30887252,3.2258966e-05,0.00051602058,0.0077062838,2.1572875e-05,6.7753284e-06
0.3089215,3.2773984e-05,0.00051881376,0.0079153331,2.1852271e-05,6.8654468e-06
0.30898808,3.3567995e-05,0.00052482307,0.0082702371,2.2312455e-05,7.0036736e-06
0.30905641,3.4545191e-05,0.00053374662,0.0087756053,2.2888135e-05,7.1844567e-06
0.30912689,3.5726413e-05,0.00054570779,0.0090672408,2.3595349e-05,7.4106232e-06
0.30919992,3.7129138e-05,0.00056093358,0.0097477672,2.4440373e-05,7.6814588e-06
0.30927593,3.8750449e-05,0.00057924315,0.010111527,2.5415793e-05,7.997833e-06
0.30933513,4.0084888e-05,0.00059478226,0.010552022,2.6221201e-05,8.2574911e-06
0.30941703,4.1837729e-05,0.00061480488,0.010484925,2.7266053e-05,8.616008e-06
0.30950198,4.3314367e-05,0.00063105628,0.011294346,2.8142774e-05,8.9124002e-06
0.30958885,4.3997091e-05,0.00063618344,0.01219252,2.8509976e-05,9.0334111e-06
0.30967592,4.3867925e-05,0.00063014896,0.011237675,2.8349673e-05,8.9756164e-06
0.30974072,4.3561146e-05,0.00062333984,0.011294064,2.8108482e-05,8.8903581e-06
0.30982646,4.3362462e-05,0.00061844736,0.012312164,2.7934684e-05,8.8168946e-06
0.30991253,4.3903817e-05,0.0006252963,0.012696701,2.8264298e-05,8.9032867e-06
0.3100006,4.5231172e-05,0.00064465864,0.013276509,2.9113221e-05,9.1340412e-06
0.31009155,4.6760269e-05,0.00066820404,0.013012853,3.0121267e-05,9.3768987e-06
0.31018477,4.7780633e-05,0.00068591312,0.011957239,3.0810051e-05,9.5156488e-06
0.31025557,4.8281699e-05,0.000696099,0.01231424,3.1163424e-05,9.5842073e-06
0.31034894,4.7179469e-05,0.00068485983,0.013054471,3.0501271e-05,9.3583388e-06
0.31043969,4.5985116e-05,0.00067302802,0.012023452,2.9791219e-05,9.158876e-06
0.31052806,4.4897305e-05,0.00066258837,0.011267136,2.9126777e-05,8.9850189e-06
0.31061438,4.4006332e-05,0.0006549553,0.01043881,2.8571435e-05,8.8404183e-06
0.310678,4.3467029e-05,0.00065105843,0.010940896,2.8227454e-05,8.7480259e-06
0.3107615,4.2811159e-05,0.00064656617,0.011051279,2.7791126e-05,8.6304393e-06
0.31084365,4.2260229e-05,0.00064371902,0.010138091,2.7429379e-05,8.5547586e-06
0.31092472,4.1853392e-05,0.00064331683,0.010401248,2.7163135e-05,8.5158746e-06
0.31100511,4.1697631e-05,0.00064656679,0.010253559,2.7060995e-05,8.5340626e-06
0.31108518,4.1698576e-05,0.0006530491,0.0094616872,2.7086543e-05,8.584777e-06
0.31114525,4.1859476e-05,0.00066102409,0.0098039793,2.7215255e-05,8.6636331e-06
0.31122572,4.2259769e-05,0.00067461609,0.0098812716,2.7502797e-05,8.7838641e-06
0.31130694,4.2796496e-05,0.00069196856,0.0099255374,2.7881015e-05,8.9241186e-06
0.31138919,4.3474557e-05,0.00071298497,0.010122897,2.8350055e-05,9.0863562e-06
0.31147273,4.4261345e-05,0.00073693835,0.0097999954,2.8891182e-05,9.2554567e-06
0.31155766,4.5061663e-05,0.00076287403,0.0094996098,2.9436683e-05,9.425844e-06
0.31162224,4.5636273e-05,0.00078277879,0.0097876865,2.9827231e-05,9.5394908e-06
0.31170953,4.6384163e-05,0.00081045683,0.010359727,3.0320451e-05,9.6717103e-06
0.31179819,4.7180737e-05,0.00083936462,0.0098424252,3.082195e-05,9.799539e-06
0.31188819,4.7941618e-05,0.00086907656,0.0095799859,3.1309955e-05,9.9012473e-06
0.31197952,4.8689039e-05,0.00090052449,0.0097448905,3.1806595e-05,1.0023247e-05
0.31204892,4.9245167e-05,0.00092500044,0.0098093039,3.2166042e-05,1.0110363e-05
0.31214272,5.0042216e-05,0.00095997705,0.010046684,3.2700393e-05,1.0253729e-05
0.31223808,5.0904385e-05,0.00099740248,0.010438644,3.3276667e-05,1.0413886e-05
0.31233518,5.1859027e-05,0.001037554,0.010741531,3.3905836e-05,1.0604848e-05
0.31243418,5.2887372e-05,0.0010801394,0.011099345,3.4584916e-05,1.0813133e-05
0.31253533,5.4105142e-05,0.0011279354,0.01225626,3.539142e-05,1.1060019e-05
0.31261282,5.5112243e-05,0.0011668604,0.01266597,3.6058087e-05,1.127527e-05
0.31271778,5.5617609e-05,0.0012022631,0.012933426,3.6384701e-05,1.140724e-05
0.31282235,5.5361592e-05,0.0012218457,0.012959869,3.619612e-05,1.1411191e-05
0.31292645,5.514607e-05,0.0012431968,0.013250569,3.6030239e-05,1.1429031e-05
0.31303011,5.4930908e-05,0.0012661437,0.013368771,3.5874209e-05,1.1465237e-05
0.31310764,5.4829553e-05,0.001285794,0.013933166,3.578675e-05,1.150102e-05
0.3132107,5.468722e-05,0.0013136616,0.014467265,3.5672673e-05,1.1552871e-05
0.31331355,5.4623142e-05,0.0013439387,0.01546607,3.5585915e-05,1.1608988e-05
0.31341623,5.4554464e-05,0.0013761781,0.016060703,3.5518833e-05,1.168895e-05
0.31351881,5.4498492e-05,0.0014069463,0.016796701,3.5483063e-05,1.1800376e-05
0.31362132,5.4441707e-05,0.0014321911,0.017585231,3.5439481e-05,1.1898186e-05
0.3136982,5.443544e-05,0.0014425446,0.017869619,3.5432429e-05,1.1984605e-05
0.3138007,5.4413813e-05,0.0014408627,0.018428081,3.5430035e-05,1.211548e-05
0.3139033,5.440397e-05,0.0014233248,0.017901608,3.5472443e-05,1.2251737e-05
0.31400604,5.4446162e-05,0.001389767,0.017093127,3.5516584e-05,1.2413488e-05
0.31410902,5.4521533e-05,0.001348387,0.016620499,3.5622069e-05,1.259755e-05
0.3142123,5.4609947e-05,0.0013012575,0.017408305,3.5740144e-05,1.2762891e-05
0.31428997,5.4710127e-05,0.0012653637,0.016374254,3.5861509e-05,1.2894727e-05
0.31439385,5.4778387e-05,0.0012157015,0.015918164,3.6000935e-05,1.305413e-05
0.31449805,5.4889192e-05,0.0011674865,0.015655249,3.617701e-05,1.3208399e-05
0.31460262,5.4937392e-05,0.0011193823,0.01600939,3.6337529e-05,1.3348184e-05
0.31470756,5.5057693e-05,0.0010758368,0.016407054,3.651467e-05,1.3480727e-05
0.31478653,5.5134646e-05,0.0010452142,0.016944517,3.6670127e-05,1.3575607e-05
0.31489222,5.5270222e-05,0.0010079611,0.016814163,3.6906187e-05,1.3704438e-05
0.31499838,5.539134e-05,0.00097397095,0.017233859,3.7171594e-05,1.3849307e-05
0.31510496,5.5481373e-05,0.00094269861,0.016416709,3.7420132e-05,1.39893e-05
0.31521198,5.5562765e-05,0.00091401475,0.016897055,3.7692823e-05,1.4145402e-05
0.31531941,5.5616107e-05,0.00088733689,0.016274595,3.7963285e-05,1.4297843e-05
0.31540026,5.5729724e-05,0.00086872179,0.016355687,3.8194332e-05,1.4404918e-05
0.31550838,5.5787617e-05,0.00084510178,0.01682178,3.8459542e-05,1.4531901e-05
0.3156169,5.5879292e-05,0.0008246159,0.017114386,3.8797965e-05,1.4657654e-05
0.31572579,5.5991122e-05,0.00080533217,0.018406128,3.909447e-05,1.4766918e-05
0.31583496,5.6012829e-05,0.00078730942,0.01726819,3.9349424e-05,1.4824446e-05
0.31594435,5.6031871e-05,0.00077022744,0.017277773,3.9567658e-05,1.4855678e-05
0.31602649,5.6029414e-05,0.00075801155,0.016536419,3.9711839e-05,1.4852778e-05
0.31613608,5.600754e-05,0.00074244957,0.017321245,3.9875137e-05,1.4834883e-05
0.31624573,5.5995018e-05,0.00072794874,0.016834867,4.003966e-05,1.481549e-05
0.31635545,5.5930973e-05,0.00071400327,0.017533087,4.0156965e-05,1.478351e-05
0.31646527,5.5912239e-05,0.00070194218,0.017841254,4.0305387e-05,1.4805759e-05
0.31654769,5.5902912e-05,0.00069396048,0.017604172,4.0448312e-05,1.4828012e-05
0.31665768,5.588903e-05,0.00068443404,0.016722382,4.0674812e-05,1.4817779e-05
0.31676783,5.5882207e-05,0.00067591808,0.016375907,4.0924512e-05,1.4747785e-05
0.31687819,5.5859963e-05,0.00066876778,0.016093232,4.1163497e-05,1.4675401e-05
0.31698882,5.5882346e-05,0.00066360277,0.015541798,4.1461632e-05,1.4659146e-05
0.31709978,5.5965304e-05,0.00066055018,0.015150856,4.1793685e-05,1.4667292e-05
0.3171833,5.6079891e-05,0.00065968043,0.014781327,4.2065092e-05,1.4701583e-05
0.3172914,5.3136613e-05,0.00062342666,0.0137436,4.0084376e-05,1.3947326e-05
0.31739398,5.0562079e-05,0.00059283718,0.013183278,3.8329392e-05,1.3282614e-05
0.31749227,4.8525372e-05,0.00056924959,0.012205852,3.6930985e-05,1.275422e-05
0.31758706,4.6854936e-05,0.00055092676,0.011398076,3.5779909e-05,1.2319077e-05
0.31765632,4.5859925e-05,0.00054041922,0.010934435,3.5096694e-05,1.2045556e-05
0.31774671,4.4823401e-05,0.00052982164,0.011142295,3.4387577e-05,1.1745275e-05
0.31783526,4.3944376e-05,0.00052177604,0.010317377,3.3782867e-05,1.1492146e-05
0.31792227,4.3171514e-05,0.00051552811,0.010286328,3.3269572e-05,1.1261645e-05
0.31800805,4.2596959e-05,0.00051196531,0.010372109,3.2911221e-05,1.1084388e-05
0.31809281,4.2098967e-05,0.0005095723,0.0098613669,3.2594127e-05,1.0920087e-05
0.31815581,4.1773825e-05,0.00050858711,0.0092148601,3.2414055e-05,1.0812846e-05
0.31823923,4.1439604e-05,0.00050909036,0.0096929278,3.225227e-05,1.0697854e-05
0.31832217,4.1316602e-05,0.00051134807,0.0095606326,3.2175847e-05,1.0600192e-05
0.31840488,4.1164491e-05,0.00051540124,0.0092038051,3.2199726e-05,1.0538828e-05
0.3184875,4.109756e-05,0.00052096713,0.0090098899,3.2274283e-05,1.0480075e-05
0.3185702,4.1224301e-05,0.00052761709,0.0087247763,3.2439665e-05,1.0457552e-05
0.31863231,4.1231352e-05,0.00053307886,0.008931886,3.2535029e-05,1.0424595e-05
0.31871516,4.1229525e-05,0.00054082625,0.0088479182,3.2649386e-05,1.0378305e-05
0.31879807,4.1163203e-05,0.00054921378,0.0092645769,3.2766981e-05,1.0328225e-05
0.31888096,4.1191215e-05,0.00055728025,0.0090669424,3.2819645e-05,1.0267995e-05
0.31896372,4.1080316e-05,0.00056574689,0.0086969597,3.2846441e-05,1.0201014e-05
0.31902554,4.086614e-05,0.00057076722,0.0085258835,3.2765942e-05,1.0131217e-05
0.31910742,4.0523683e-05,0.0005770941,0.0088674639,3.2594046e-05,1.0022657e-05
0.31918857,4.010616e-05,0.00058286057,0.0087265708,3.2352273e-05,9.90843e-06
0.31926861,3.9440687e-05,0.00058555895,0.0087504284,3.191998e-05,9.7393976e-06
0.31934718,3.8648226e-05,0.00058653754,0.0084727009,3.1366135e-05,9.5469032e-06
0.319424,3.7707838e-05,0.00058520337,0.0084530149,3.0691692e-05,9.3209263e-06
0.31948028,3.6940166e-05,0.00058320652,0.0086841787,3.0125764e-05,9.1332151e-06
0.31955354,3.5930509e-05,0.00058034154,0.0081725971,2.936422e-05,8.8920393e-06
0.3196249,3.5044121e-05,0.00057916887,0.0080782603,2.8694749e-05,8.6812912e-06
0.31969435,3.4057213e-05,0.00057600812,0.0077892058,2.7938133e-05,8.4510065e-06
0.31976188,3.3154404e-05,0.00057397894,0.0074947966,2.7252193e-05,8.244615e-06
0.31981143,3.256264e-05,0.0005735171,0.0068463135,2.6796008e-05,8.1113998e-06
0.31987615,3.1807945e-05,0.00057323314,0.0066335719,2.6219e-05,7.9402121e-06
0.31993911,3.0866457e-05,0.00056899245,0.0062967186,2.5472843e-05,7.7195771e-06
0.32000022,3.0029999e-05,0.00056600599,0.00656542,2.4808996e-05,7.5219311e-06
0.3200599,2.9415382e-05,0.00056696556,0.0063621628,2.4325035e-05,7.3815791e-06
0.32011844,2.8898678e-05,0.00056930243,0.0061089795,2.3928439e-05,7.2643252e-06
0.32016176,2.8632859e-05,0.00057329115,0.0064819236,2.3725381e-05,7.2078295e-06
0.32021929,2.8638561e-05,0.00058589703,0.005997917,2.3747502e-05,7.2206792e-06
0.32027711,2.8861513e-05,0.00060330964,0.0060664027,2.3956897e-05,7.2906835e-06
0.32033557,2.9293959e-05,0.00062585794,0.0064487116,2.4332259e-05,7.4105327e-06
0.32039544,3.0219438e-05,0.00065991436,0.0065234948,2.511983e-05,7.6520177e-06
0.32045779,3.1685997e-05,0.00070742319,0.0069069304,2.6345286e-05,8.0305228e-06
0.32050687,3.3196564e-05,0.00075395266,0.00754772,2.7611493e-05,8.4166587e-06
0.32057609,3.5455856e-05,0.00082479081,0.0081517058,2.9513886e-05,9.0025169e-06
0.32065016,3.8008165e-05,0.00090614207,0.0085120168,3.1650465e-05,9.6526142e-06
0.32072936,4.0692214e-05,0.00099470961,0.0095927362,3.38772e-05,1.0330592e-05
0.32081376,4.3358338e-05,0.0010874427,0.0099798932,3.6081635e-05,1.0994378e-05
0.32087993,4.4585289e-05,0.0011396119,0.011042919,3.70921e-05,1.1280465e-05
0.32096853,4.4691882e-05,0.0011697811,0.011420184,3.7151196e-05,1.1266386e-05
0.32105709,4.4790199e-05,0.0011969417,0.011823998,3.7178482e-05,1.123145e-05
0.32114563,4.4911499e-05,0.0012213652,0.011672012,3.722695e-05,1.1216188e-05
0.32123266,4.3834141e-05,0.0012076637,0.011763232,3.627504e-05,1.0896054e-05
0.32131735,4.2797053e-05,0.0011878396,0.010951209,3.535192e-05,1.0583902e-05
0.32137953,4.2106403e-05,0.0011706493,0.010164068,3.472603e-05,1.036917e-05
0.32146064,4.1151267e-05,0.0011413799,0.0098921247,3.3871219e-05,1.0078948e-05
0.32153986,4.0395447e-05,0.0011112152,0.009640101,3.3186274e-05,9.8426857e-06
0.3216177,3.9850833e-05,0.0010815891,0.0097828066,3.2669861e-05,9.6587099e-06
0.32169436,3.9349901e-05,0.0010498129,0.0096405478,3.2189583e-05,9.47682e-06
0.32175117,3.9016435e-05,0.0010262591,0.0095860229,3.1869584e-05,9.3557922e-06
0.32182611,3.8615941e-05,0.00099482633,0.009569506,3.1484629e-05,9.2093223e-06
0.32190024,3.8335106e-05,0.00096493296,0.0096471653,3.1164143e-05,9.0761819e-06
0.32197365,3.7996068e-05,0.0009356309,0.0093517886,3.0840815e-05,8.9480381e-06
0.32204638,3.7715447e-05,0.00090647262,0.0095075632,3.0545152e-05,8.8288015e-06
0.3221184,3.7405912e-05,0.00087582102,0.0088918211,3.0228582e-05,8.7048512e-06
0.32217203,3.7227859e-05,0.00085517256,0.0090621456,3.0037697e-05,8.6265566e-06
0.32224309,3.704001e-05,0.00082894608,0.0088392877,2.9807165e-05,8.541289e-06
0.32231361,3.6769998e-05,0.00080148416,0.00878928,2.9533724e-05,8.4460408e-06
0.32238368,3.6598742e-05,0.00077651918,0.0093749882,2.9333817e-05,8.3754078e-06
0.32245341,3.6490538e-05,0.00075322024,0.0088307568,2.9180065e-05,8.3318247e-06
0.32252299,3.6480941e-05,0.00073231606,0.0087632129,2.9100384e-05,8.3136698e-06
0.32257517,3.6506873e-05,0.00071766025,0.0096118638,2.9075441e-05,8.3111269e-06
0.32264485,3.6637228e-05,0.00070039323,0.0090405504,2.911147e-05,8.3294368e-06
0.32271478,3.6837429e-05,0.00068487446,0.009540435,2.9202791e-05,8.3711882e-06
0.32278509,3.7097888e-05,0.00067048509,0.0098725221,2.9328095e-05,8.4269375e-06
0.3228559,3.7417486e-05,0.00065764935,0.010137851,2.9510744e-05,8.503191e-06
0.32290946,3.7772212e-05,0.00064994835,0.010208612,2.9727621e-05,8.5876303e-06
0.32298181,3.846128e-05,0.00064320888,0.0104768,3.0180162e-05,8.747993e-06
0.32305571,3.9438846e-05,0.00064114871,0.010511859,3.0858601e-05,8.9837632e-06
0.32313183,4.0830489e-05,0.00064488071,0.011550663,3.1835156e-05,9.3159262e-06
0.323211,4.2711234e-05,0.00065499583,0.011530666,3.3179408e-05,9.7709796e-06
0.32329436,4.5321518e-05,0.0006743414,0.011773072,3.5051512e-05,1.0404811e-05
0.32336076,4.8102411e-05,0.00069905394,0.012200042,3.7058859e-05,1.1086377e-05
0.3234569,5.3465446e-05,0.00075182571,0.013852323,4.0940185e-05,1.23971e-05
0.32356521,6.0657452e-05,0.00082318862,0.015166988,4.6137893e-05,1.414721e-05
0.3236794,6.1778479e-05,0.0008076605,0.015447888,4.6644204e-05,1.4460483e-05
0.32379424,6.1432761e-05,0.0007748246,0.016112982,4.6000165e-05,1.441131e-05
0.32390496,5.9378069e-05,0.00072401671,0.014997837,4.4143308e-05,1.3954903e-05
0.32398303,5.518197e-05,0.00065695399,0.014382026,4.0815568e-05,1.2974701e-05
0.32407937,5.1149902e-05,0.00059214146,0.01313657,3.7580929e-05,1.202096e-05
0.32417034,4.9042386e-05,0.00055416548,0.012975719,3.5826713e-05,1.1485943e-05
0.32425882,4.8225153e-05,0.00053323728,0.011963935,3.505718e-05,1.1214548e-05
0.32434668,4.8246136e-05,0.00052302305,0.011999277,3.4922715e-05,1.1116233e-05
0.32441264,4.8401019e-05,0.00051757261,0.012207652,3.4961341e-05,1.1075222e-05
0.32450056,4.8360974e-05,0.00050822634,0.012227799,3.4855684e-05,1.095325e-05
0.32458765,4.7840818e-05,0.00049465871,0.012084723,3.4413267e-05,1.0735754e-05
0.32467297,4.6882616e-05,0.00047728178,0.011160743,3.3663555e-05,1.0419309e-05
0.32475617,4.5879304e-05,0.00046035681,0.011289204,3.2886498e-05,1.0127875e-05
0.32483757,4.5149742e-05,0.00044692197,0.01157805,3.228285e-05,9.8810842e-06
0.3248978,4.4827578e-05,0.00043937275,0.011286076,3.1992139e-05,9.7485864e-06
0.32497771,4.4856025e-05,0.0004343911,0.011411891,3.193731e-05,9.6873933e-06
0.32505778,4.5201341e-05,0.00043240269,0.011304827,3.208356e-05,9.7107593e-06
0.32513816,4.5477321e-05,0.00043041698,0.011362162,3.2199535e-05,9.7446316e-06
0.32521863,4.5614593e-05,0.0004272788,0.011228962,3.221147e-05,9.7634175e-06
0.32527889,4.5622945e-05,0.00042396759,0.011479461,3.2154893e-05,9.7486269e-06
0.32535913,4.5639415e-05,0.00042092265,0.011149538,3.2140917e-05,9.7249983e-06
0.32543955,4.5955998e-05,0.00042043432,0.011061144,3.2328844e-05,9.7513081e-06
0.32552078,4.6633951e-05,0.0004235433,0.011051588,3.2759252e-05,9.8658963e-06
0.32560358,4.7783155e-05,0.00043103431,0.010396307,3.3544397e-05,1.0080051e-05
0.32568861,4.9240222e-05,0.00044153588,0.010844968,3.451917e-05,1.0362505e-05
0.3257541,5.0443147e-05,0.00045066881,0.01147218,3.5348353e-05,1.0590229e-05
0.32584377,5.2025424e-05,0.00046264456,0.012063396,3.6432774e-05,1.0890803e-05
0.32593605,5.3495628e-05,0.00047451814,0.012045851,3.7480362e-05,1.1175937e-05
0.32603086,5.4967264e-05,0.00048653213,0.012407065,3.8516759e-05,1.1475551e-05
0.32612832,5.6624704e-05,0.00050070621,0.012567646,3.9675243e-05,1.1824294e-05
0.32622859,5.8089602e-05,0.00051329427,0.012756529,4.0670026e-05,1.2132787e-05
0.3263052,5.8944039e-05,0.00052131185,0.012915853,4.1270055e-05,1.23382e-05
0.32640926,6.0205707e-05,0.00053428147,0.013374226,4.2189985e-05,1.2652257e-05
0.32651466,6.0634131e-05,0.00053933793,0.013822121,4.2405848e-05,1.2756845e-05
0.3266208,6.093588e-05,0.00054512132,0.013156388,4.2626587e-05,1.2872484e-05
0.32672776,6.1333887e-05,0.00055230216,0.013971437,4.2873912e-05,1.300107e-05
0.32680861,6.1666054e-05,0.00055884679,0.014217658,4.310478e-05,1.3127289e-05
0.32691743,6.2183825e-05,0.00056902302,0.015315077,4.3534042e-05,1.3345736e-05
0.32702737,6.2719487e-05,0.00058045024,0.015177537,4.3991588e-05,1.3578558e-05
0.32713828,6.2816763e-05,0.00058865539,0.014649361,4.4144875e-05,1.3727492e-05
0.32724822,6.1892125e-05,0.00058873351,0.014744043,4.3626969e-05,1.367446e-05
0.32735694,6.1203309e-05,0.0005906124,0.014188737,4.3172133e-05,1.362126e-05
0.32743773,6.0560865e-05,0.00059246617,0.014310807,4.2806828e-05,1.3572447e-05
0.32754446,5.986855e-05,0.00059689758,0.013729883,4.2407543e-05,1.3501259e-05
0.32765022,5.9222097e-05,0.00060274439,0.014389414,4.2065712e-05,1.3449535e-05
0.32775511,5.8583649e-05,0.00060921146,0.014264419,4.1712418e-05,1.341107e-05
0.32785923,5.8014329e-05,0.00061716059,0.014163894,4.1416477e-05,1.3395229e-05
0.32793684,5.7538505e-05,0.0006232085,0.014163557,4.117498e-05,1.3357427e-05
0.32803977,5.7135104e-05,0.00063298575,0.013411028,4.0930538e-05,1.3303305e-05
0.32814214,5.6665179e-05,0.00064411781,0.014424124,4.071787e-05,1.326931e-05
0.32824409,5.6383794e-05,0.00065660683,0.013205614,4.0576948e-05,1.3229723e-05
0.32834566,5.6103603e-05,0.00066995398,0.013226294,4.0427325e-05,1.318122e-05
0.3284469,5.5831234e-05,0.00068419746,0.013739912,4.0297999e-05,1.3136455e-05
0.32852268,5.5727934e-05,0.00069663039,0.013264609,4.0268474e-05,1.3144306e-05
0.32862353,5.5559428e-05,0.00071381234,0.013539995,4.0196516e-05,1.3162799e-05
0.32872423,5.5470578e-05,0.00073346816,0.013510196,4.0184461e-05,1.3182612e-05
0.32882487,5.5459066e-05,0.00075597381,0.014538877,4.0224018e-05,1.3205514e-05
0.32892552,5.545582e-05,0.00078082313,0.013867231,4.0244916e-05,1.3239823e-05
0.32902616,5.5467528e-05,0.00080825034,0.015210901,4.0269613e-05,1.3272786e-05
0.3291017,5.5531806e-05,0.00083163958,0.015625803,4.033557e-05,1.3317016e-05
0.32920253,5.5582078e-05,0.00086519868,0.01592128,4.0397726e-05,1.3373622e-05
0.32930348,5.5644784e-05,0.00090169883,0.016419071,4.0449758e-05,1.3419689e-05
0.32940464,5.5738272e-05,0.00094268058,0.016991796,4.0540162e-05,1.3495826e-05
0.32950602,5.5844698e-05,0.00098716162,0.01710391,4.0611137e-05,1.3560949e-05
0.32958228,5.5954286e-05,0.0010236586,0.017234061,4.0688114e-05,1.3612778e-05
0.3296843,5.6080535e-05,0.0010750202,0.016945811,4.0795232e-05,1.3689113e-05
0.32978676,5.6298127e-05,0.0011303345,0.015598392,4.0951193e-05,1.3785936e-05
0.32988965,5.6449532e-05,0.0011861379,0.015779702,4.1038419e-05,1.3872568e-05
0.32999304,5.6674364e-05,0.0012437632,0.015642367,4.1193735e-05,1.3972683e-05
0.33009649,5.602934e-05,0.0012802963,0.015121196,4.0708378e-05,1.3831344e-05
0.33017047,5.2906438e-05,0.0012425146,0.01487569,3.8430558e-05,1.3068589e-05
0.33026357,4.963571e-05,0.0012025679,0.013679543,3.6031627e-05,1.2256055e-05
0.33035156,4.7028254e-05,0.0011699467,0.01307896,3.412972e-05,1.1614151e-05
0.33043541,4.489469e-05,0.0011424497,0.012351237,3.2587905e-05,1.109241e-05
0.33051593,4.3163238e-05,0.0011187682,0.012459237,3.1327543e-05,1.0667128e-05
0.33057443,4.2015692e-05,0.0011014771,0.012068243,3.0499961e-05,1.0389052e-05
0.33065034,4.0762169e-05,0.0010811255,0.011432446,2.9605506e-05,1.0095943e-05
0.33072417,3.9640992e-05,0.0010585642,0.011037322,2.8813563e-05,9.8358803e-06
0.33079619,3.8683112e-05,0.0010355834,0.011432733,2.8133889e-05,9.6162045e-06
0.33086677,3.7949913e-05,0.00101466,0.010708259,2.7623139e-05,9.4504792e-06
0.33093614,3.7306658e-05,0.0009928785,0.010949587,2.7171922e-05,9.3073375e-06
0.33098748,3.6890018e-05,0.00097637942,0.010503738,2.6875532e-05,9.2124155e-06
0.33105505,3.6341238e-05,0.00095289972,0.0099833684,2.6486846e-05,9.0826142e-06
0.33112173,3.5850353e-05,0.00092923968,0.0096557178,2.6149482e-05,8.9589413e-06
0.33118762,3.5428539e-05,0.00090652083,0.0092589318,2.5852272e-05,8.8544355e-06
0.3312528,3.504423e-05,0.00088460662,0.0096105917,2.5587455e-05,8.7542426e-06
0.33131734,3.4701855e-05,0.00086356189,0.0099089576,2.5349138e-05,8.6632162e-06
0.33136538,3.4486789e-05,0.00084882704,0.0097373501,2.5205556e-05,8.6033878e-06
0.33142904,3.4241053e-05,0.00083031895,0.0097876834,2.502594e-05,8.5323057e-06
0.33149232,3.4027542e-05,0.00081274134,0.0094520605,2.4874994e-05,8.4562493e-06
0.33155525,3.3841663e-05,0.00079611719,0.0095561485,2.4737995e-05,8.3862316e-06
0.33161785,3.3659059e-05,0.00077974685,0.0098517696,2.4597162e-05,8.3173458e-06
0.33166462,3.3537314e-05,0.00076795872,0.010061424,2.4511048e-05,8.266431e-06
0.33172673,3.3381919e-05,0.0007526366,0.010059567,2.4394105e-05,8.1932095e-06
0.33178857,3.3229021e-05,0.00073763611,0.0091263349,2.4277607e-05,8.127579e-06
0.33185011,3.3041006e-05,0.00072231769,0.0092250672,2.4137592e-05,8.0582034e-06
0.33191141,3.2915343e-05,0.00070870159,0.009836623,2.40377e-05,8.0020629e-06
0.33197253,3.2817396e-05,0.00069601947,0.0098931025,2.395801e-05,7.9592209e-06
0.33201829,3.275779e-05,0.00068695454,0.0096714122,2.3909149e-05,7.9350844e-06
0.33207915,3.2661478e-05,0.0006749913,0.0085943178,2.3839482e-05,7.9040667e-06
0.3321399,3.2587877e-05,0.00066413356,0.0094306313,2.3791914e-05,7.882038e-06
0.33220055,3.2508303e-05,0.00065374606,0.0094423222,2.3750875e-05,7.8637879e-06
0.33226112,3.2456786e-05,0.00064434638,0.0089713013,2.3722599e-05,7.8326257e-06
0.33232161,3.2402612e-05,0.00063539208,0.008700556,2.3699892e-05,7.7954045e-06
0.33236694,3.2359388e-05,0.00062878827,0.0086623173,2.3676312e-05,7.7586568e-06
0.33242737,3.2294906e-05,0.00062055632,0.0077973886,2.3662333e-05,7.709412e-06
0.33248775,3.2235084e-05,0.00061348171,0.0077188253,2.3657912e-05,7.6721345e-06
0.33254813,3.2170823e-05,0.00060624365,0.007621791,2.3642453e-05,7.6242223e-06
0.33260847,3.2144288e-05,0.00060013048,0.0074204216,2.3654615e-05,7.5874289e-06
0.33265372,3.2118696e-05,0.00059581474,0.00704972,2.3660901e-05,7.5664145e-06
0.33271405,3.2078248e-05,0.00059042146,0.007304638,2.367094e-05,7.5402062e-06
0.33277436,3.2016975e-05,0.00058511354,0.0065425725,2.3660337e-05,7.5143922e-06
0.33283463,3.195849e-05,0.00058022787,0.0068746442,2.3661205e-05,7.4889752e-06
0.33289482,3.1895032e-05,0.00057579796,0.0067541096,2.3648979e-05,7.4733081e-06
0.33295495,3.1833884e-05,0.00057179036,0.0070182334,2.3647823e-05,7.4621068e-06
0.33300004,3.1807966e-05,0.00056946153,0.0067994188,2.3662031e-05,7.4641751e-06
0.33306016,3.1775033e-05,0.00056671566,0.0064524443,2.3682358e-05,7.4683403e-06
0.33312024,3.1719718e-05,0.0005639257,0.0060859903,2.3676672e-05,7.4654186e-06
0.33318031,3.1689489e-05,0.00056196153,0.0061091801,2.3690786e-05,7.4655786e-06
0.33324038,3.1645568e-05,0.00056037694,0.0062339065,2.3704958e-05,7.4638111e-06
0.33328543,3.1622414e-05,0.00055942591,0.0063770914,2.371197e-05,7.4626553e-06
0.33334554,3.1622234e-05,0.00055900111,0.0061105378,2.3741045e-05,7.4688796e-06
0.33340567,3.1588573e-05,0.00055842325,0.0057832269,2.3746383e-05,7.4614923e-06
0.33346585,3.1592215e-05,0.00055866086,0.0055750926,2.377913e-05,7.4624668e-06
0.3335261,3.1605216e-05,0.00055971585,0.0056883567,2.3833017e-05,7.4708033e-06
0.33358641,3.1590937e-05,0.00056084943,0.0059856303,2.3862489e-05,7.471606e-06
0.33363167,3.1603213e-05,0.00056109011,0.0056522596,2.3878591e-05,7.4652198e-06
0.33369196,3.1546274e-05,0.00056155484,0.0055828661,2.3873463e-05,7.4533815e-06
0.33375221,3.1496464e-05,0.00056230582,0.0059969475,2.38664e-05,7.441862e-06
0.33381244,3.1468619e-05,0.00056394257,0.0059871528,2.3882457e-05,7.438291e-06
0.33387268,3.1446448e-05,0.00056585932,0.0056581392,2.3908251e-05,7.4316505e-06
0.33393297,3.1478309e-05,0.00056922581,0.0054820154,2.3982819e-05,7.4434162e-06
0.33397827,3.1526337e-05,0.00057222575,0.0058426804,2.4048174e-05,7.4591788e-06
0.33403882,3.1593032e-05,0.00057675717,0.0053606218,2.414793e-05,7.4793514e-06
0.33409959,3.1693614e-05,0.00058222535,0.006013946,2.4275519e-05,7.50451e-06
0.33416065,3.1856394e-05,0.00058919308,0.0053406825,2.4464008e-05,7.5500645e-06
0.33422207,3.2027222e-05,0.00059669681,0.0060129927,2.4644426e-05,7.5911242e-06
0.33426839,3.2174635e-05,0.00060290373,0.0061490642,2.4795064e-05,7.623323e-06
0.33433051,3.2385074e-05,0.00061188415,0.0059699083,2.5017707e-05,7.6751668e-06
0.33439313,3.2632783e-05,0.00062223333,0.0061143837,2.5266645e-05,7.7359978e-06
0.33445629,3.292125e-05,0.00063380598,0.006118741,2.5546478e-05,7.809393e-06
0.33452006,3.3264518e-05,0.00064689474,0.0059345935,2.5855667e-05,7.8925544e-06
0.33458465,3.3709766e-05,0.00066389388,0.0065388102,2.6289517e-05,8.0125532e-06
0.33463386,3.4260373e-05,0.00067928799,0.0067967025,2.6724441e-05,8.136865e-06
0.33470072,3.5005491e-05,0.00070278404,0.0063271529,2.7368149e-05,8.3211825e-06
0.33476918,3.5871783e-05,0.00072974995,0.0068575781,2.8112209e-05,8.5365635e-06
0.33483947,3.6872939e-05,0.00076103321,0.0077548319,2.8956827e-05,8.7840595e-06
0.33491179,3.7989906e-05,0.00079614003,0.0075218712,2.9895952e-05,9.0619653e-06
0.33496756,3.8943526e-05,0.00082594229,0.0079180714,3.0686447e-05,9.3030111e-06
0.33504431,4.041633e-05,0.00087180349,0.008253861,3.1908164e-05,9.6682989e-06
0.3351239,4.1899487e-05,0.00092029742,0.0081590617,3.3129979e-05,1.0041851e-05
0.33520621,4.3265675e-05,0.0009684881,0.0082890197,3.4271891e-05,1.0388574e-05
0.33529097,4.4524943e-05,0.0010170888,0.0087268988,3.531378e-05,1.0715282e-05
0.33537806,4.5706996e-05,0.0010654143,0.0087473803,3.6287115e-05,1.1015949e-05
0.33544472,4.6501224e-05,0.001101158,0.0088950992,3.6940075e-05,1.1219054e-05
0.33553522,4.7405725e-05,0.0011466072,0.0093558378,3.7700394e-05,1.1457235e-05
0.33562696,4.8044965e-05,0.0011868138,0.0090547204,3.8241966e-05,1.1625793e-05
0.33571967,4.8537804e-05,0.0012236753,0.0098414866,3.8667694e-05,1.1760277e-05
0.33581307,4.885101e-05,0.0012545965,0.0099448097,3.8914339e-05,1.1840074e-05
0.33590677,4.9081168e-05,0.001281162,0.010042887,3.9088509e-05,1.1903129e-05
0.33597724,4.9201715e-05,0.0012984128,0.010020657,3.9193264e-05,1.1939092e-05
0.33607125,4.9272814e-05,0.0013139142,0.010533853,3.9240181e-05,1.1957613e-05
0.33616526,4.9371078e-05,0.0013236263,0.010139484,3.9283609e-05,1.1970871e-05
0.33625936,4.9498069e-05,0.0013282899,0.0098998238,3.9406971e-05,1.1999371e-05
0.33635365,4.967415e-05,0.001325845,0.0099075592,3.9517063e-05,1.2029381e-05
0.33642461,4.989979e-05,0.001322728,0.0097823858,3.9691757e-05,1.2080326e-05
0.3365196,5.026741e-05,0.0013136535,0.010204501,3.9939344e-05,1.2154112e-05
0.33661519,5.07258e-05,0.0013033545,0.010185995,4.0261785e-05,1.224672e-05
0.33671151,5.1277089e-05,0.0012929374,0.010449384,4.0666817e-05,1.2359771e-05
0.33680857,5.1705915e-05,0.0012732391,0.010338282,4.0849455e-05,1.2413387e-05
0.33690564,5.1837488e-05,0.0012477342,0.01062883,4.0875134e-05,1.2424181e-05
0.33697844,5.1944906e-05,0.0012279632,0.010439537,4.0910533e-05,1.2431143e-05
0.3370755,5.207201e-05,0.0012011739,0.010960129,4.0948945e-05,1.2439013e-05
0.33717257,5.221446e-05,0.0011737135,0.010468582,4.0979289e-05,1.2439968e-05
0.33726963,5.2360109e-05,0.0011460448,0.011014878,4.1012778e-05,1.2450798e-05
0.33736675,5.2585471e-05,0.001120286,0.011277327,4.1125046e-05,1.2478096e-05
0.33743973,5.2809754e-05,0.0011009762,0.011352535,4.122899e-05,1.2504581e-05
0.33753727,5.3047503e-05,0.0010744326,0.011611908,4.1350032e-05,1.2530373e-05
0.33763504,5.3295973e-05,0.0010476779,0.010854214,4.1445327e-05,1.2559484e-05
0.33773311,5.3637785e-05,0.0010227588,0.011586098,4.164893e-05,1.262119e-05
0.33783167,5.4093505e-05,0.00099995744,0.011365665,4.1897455e-05,1.2711228e-05
0.33793078,5.4541586e-05,0.00097716747,0.012016991,4.216258e-05,1.2816894e-05
0.33800565,5.4980204e-05,0.00096176119,0.012585487,4.2417378e-05,1.2917307e-05
0.33810611,5.5453867e-05,0.0009396502,0.012795831,4.2649021e-05,1.3036889e-05
0.33820732,5.6074871e-05,0.00092016975,0.012512114,4.2971558e-05,1.318646e-05
0.3383094,5.6719079e-05,0.00090149868,0.012654759,4.3287178e-05,1.3357602e-05
0.3384125,5.7556707e-05,0.00088581101,0.013583719,4.368252e-05,1.3563199e-05
0.33851665,5.8211358e-05,0.00086918279,0.01300092,4.3974174e-05,1.374768e-05
0.33859556,5.8925291e-05,0.00085962026,0.013572656,4.4277758e-05,1.393097e-05
0.33870163,5.9740798e-05,0.00084531385,0.01449308,4.4540193e-05,1.4144798e-05
0.33880859,6.0387554e-05,0.00083010423,0.014175655,4.4694695e-05,1.4298925e-05
0.33891632,6.1096117e-05,0.00081520248,0.014146673,4.483178e-05,1.44317e-05
0.3390247,6.1654183e-05,0.00079799576,0.014280293,4.4868725e-05,1.4507769e-05
0.33910623,6.1819431e-05,0.00078227127,0.015065979,4.471487e-05,1.4491971e-05
0.33921461,6.2057804e-05,0.00076187795,0.014609591,4.4500148e-05,1.4481904e-05
0.3393234,6.2582945e-05,0.00074609061,0.016080614,4.4542249e-05,1.4537565e-05
0.3394322,6.1968733e-05,0.00071788556,0.01535162,4.3803604e-05,1.4308416e-05
0.33953873,6.1164992e-05,0.00069029272,0.014941338,4.3015476e-05,1.3994185e-05
0.33964465,6.129417e-05,0.00067512205,0.014850656,4.287217e-05,1.3863161e-05
0.3397246,6.1861448e-05,0.00067012147,0.014413444,4.3106418e-05,1.3889025e-05
0.33983233,6.2808513e-05,0.00066677366,0.015060174,4.3570266e-05,1.3947912e-05
0.33994195,6.4157268e-05,0.0006688136,0.014618459,4.4328101e-05,1.4106299e-05
0.340053,6.4865176e-05,0.00066546888,0.014197132,4.4631036e-05,1.4122324e-05
0.34016405,6.4851342e-05,0.00065622941,0.015029453,4.4457856e-05,1.3993049e-05
0.34027479,6.4836797e-05,0.00064786075,0.015489957,4.4300341e-05,1.3879447e-05
0.34035778,6.4972398e-05,0.00064341556,0.015019683,4.4285236e-05,1.3826513e-05
0.34046813,6.4910711e-05,0.00063593888,0.015827651,4.4169936e-05,1.3706849e-05
0.34057839,6.4810791e-05,0.00062889694,0.014722518,4.4063775e-05,1.3597827e-05
0.34068841,6.4836981e-05,0.00062427394,0.015367635,4.4115481e-05,1.3573811e-05
0.34079843,6.4855575e-05,0.00062079989,0.014630476,4.4177912e-05,1.3581836e-05
0.34088103,6.5052931e-05,0.00062101734,0.014940089,4.4350798e-05,1.363515e-05
0.34099138,6.5063007e-05,0.0006204097,0.01468775,4.4393931e-05,1.3652325e-05
0.34110199,6.5270955e-05,0.00062342873,0.015149163,4.4534651e-05,1.3700548e-05
0.34121268,6.5287709e-05,0.00062601953,0.015572078,4.4531364e-05,1.3678543e-05
0.34132364,6.5486638e-05,0.0006315873,0.01474446,4.4678772e-05,1.3712779e-05
0.34143522,6.5894311e-05,0.00064030501,0.014962005,4.4971542e-05,1.3810527e-05
0.34151923,6.6092826e-05,0.00064625162,0.014933706,4.5137546e-05,1.3874054e-05
0.34163164,6.6249181e-05,0.00065391809,0.015655535,4.5284818e-05,1.3965794e-05
0.34174472,6.6634626e-05,0.0006641594,0.01439519,4.5553965e-05,1.4104824e-05
0.34185868,6.7222591e-05,0.00067746655,0.014708946,4.5954563e-05,1.4257591e-05
0.34197355,6.7575388e-05,0.00068935384,0.014514928,4.6136845e-05,1.4357227e-05
0.34206011,6.772354e-05,0.00069766447,0.014373193,4.6196043e-05,1.4381856e-05
0.34217644,6.8094628e-05,0.00071159769,0.014435021,4.6384937e-05,1.4467801e-05
0.34229353,6.8206089e-05,0.00072431933,0.013807595,4.6439059e-05,1.4523226e-05
0.34240941,6.704876e-05,0.00072472025,0.013703607,4.5664727e-05,1.4296103e-05
0.34252366,6.6176972e-05,0.0007294691,0.013634751,4.5087706e-05,1.4153454e-05
0.34263649,6.502293e-05,0.00073235578,0.013060007,4.4362325e-05,1.3972139e-05
0.34272021,6.4418329e-05,0.00073821779,0.013354201,4.3983494e-05,1.388096e-05
0.3428306,6.35686e-05,0.00074576166,0.012925605,4.3427619e-05,1.3730349e-05
0.34293983,6.2720831e-05,0.00075442901,0.012696616,4.2856632e-05,1.3590919e-05
0.3430479,6.1819993e-05,0.00076407893,0.012409918,4.2279698e-05,1.3443249e-05
0.34315494,6.119738e-05,0.00077741306,0.011807613,4.1886144e-05,1.3374356e-05
0.34326104,6.0576803e-05,0.00079125347,0.01203626,4.1467361e-05,1.3292262e-05
0.34334004,5.9991734e-05,0.00080025333,0.01206461,4.1081391e-05,1.3184755e-05
0.34344479,5.9656058e-05,0.00081793257,0.011910404,4.0840108e-05,1.3129941e-05
0.34354891,5.9111734e-05,0.00083284412,0.0122536,4.0428991e-05,1.299808e-05
0.34365241,5.8824844e-05,0.00085167861,0.011650194,4.0184887e-05,1.2913647e-05
0.34375549,5.8559988e-05,0.00087154212,0.011561856,3.9955842e-05,1.2839997e-05
0.3438324,5.8319907e-05,0.00088617086,0.012287797,3.9744569e-05,1.2782969e-05
0.34393462,5.8084529e-05,0.0009081635,0.01206803,3.9515854e-05,1.2724861e-05
0.34403663,5.7897303e-05,0.00093213403,0.012696486,3.927579e-05,1.2660639e-05
0.34413832,5.789334e-05,0.00096274124,0.013223118,3.9198406e-05,1.2641174e-05
0.34423978,5.772821e-05,0.00099213089,0.013123192,3.8953804e-05,1.2577098e-05
0.34434102,5.7770918e-05,0.0010298475,0.013693884,3.8865355e-05,1.257345e-05
0.34441695,5.7831939e-05,0.0010606913,0.014118661,3.8801428e-05,1.256993e-05
0.34451819,5.7887687e-05,0.0011060666,0.014479688,3.8698179e-05,1.2588567e-05
0.34461943,5.7938015e-05,0.0011554977,0.015152887,3.8597805e-05,1.261142e-05
0.34472067,5.801085e-05,0.001208037,0.01592986,3.8485314e-05,1.2631324e-05
0.34482191,5.8060405e-05,0.0012621144,0.01679702,3.8359479e-05,1.2653053e-05
0.34489797,5.83757e-05,0.001309677,0.016677562,3.8459103e-05,1.2719538e-05
0.34499971,5.8409772e-05,0.0013645512,0.016618475,3.8323452e-05,1.2722903e-05
0.34510159,5.8727403e-05,0.0014243083,0.015617111,3.8393265e-05,1.2801541e-05
0.34520386,5.874448e-05,0.0014703383,0.015864206,3.8264014e-05,1.2805515e-05
0.34530655,5.9102835e-05,0.001512096,0.015388507,3.8352165e-05,1.288671e-05
0.34540952,5.9479036e-05,0.0015320269,0.015911662,3.8465563e-05,1.2969129e-05
0.34548693,5.9170404e-05,0.0015173102,0.016566708,3.818174e-05,1.2894157e-05
0.3455846,5.4774444e-05,0.001382435,0.014233502,3.525119e-05,1.1917187e-05
0.3456786,5.3883215e-05,0.0013311689,0.014230072,3.4608419e-05,1.1713518e-05
0.34577313,5.4773389e-05,0.0013198473,0.015536984,3.5133068e-05,1.1905195e-05
0.34587026,5.6687102e-05,0.0013290676,0.016039769,3.6335684e-05,1.2329429e-05
0.3459716,5.9528158e-05,0.0013549328,0.015171498,3.8136354e-05,1.300865e-05
0.34605064,6.0636946e-05,0.0013481294,0.01607406,3.8869488e-05,1.3303277e-05
0.34615681,6.1186266e-05,0.0013117354,0.01694843,3.9118332e-05,1.3455178e-05
0.34626315,6.1160896e-05,0.001267593,0.0155482,3.9091606e-05,1.3514756e-05
0.34637007,6.1606445e-05,0.0012336697,0.015826888,3.9349064e-05,1.3659486e-05
0.34647719,6.1597331e-05,0.0011914496,0.015257635,3.9338699e-05,1.3687264e-05
0.34655773,6.2072155e-05,0.0011706804,0.015733213,3.9636918e-05,1.3803098e-05
0.34666568,6.2137421e-05,0.0011328697,0.015903928,3.9647231e-05,1.3825539e-05
0.34677363,6.2211086e-05,0.0010977803,0.016622309,3.9640441e-05,1.3832708e-05
0.34688158,6.2260761e-05,0.0010646901,0.015604406,3.963167e-05,1.3831189e-05
0.34699002,6.2899668e-05,0.0010427644,0.016105411,3.9971089e-05,1.3930614e-05
0.34709893,6.2973578e-05,0.0010129924,0.017988101,3.9935155e-05,1.3864062e-05
0.34718062,6.3045044e-05,0.00099208288,0.016766618,3.9917411e-05,1.3828215e-05
0.34728953,6.3151967e-05,0.00096552198,0.017489731,3.9874982e-05,1.3785064e-05
0.34739845,6.3227066e-05,0.0009407071,0.016274541,3.98392e-05,1.3740711e-05
0.34750736,6.3270603e-05,0.0009179385,0.016270407,3.9807371e-05,1.3712621e-05
0.34761627,6.3273865e-05,0.00089703328,0.017584408,3.980933e-05,1.3676276e-05
0.34769796,6.3281579e-05,0.00088245274,0.01720754,3.9837721e-05,1.3605433e-05
0.34780688,6.3272546e-05,0.00086431136,0.014971923,3.9876061e-05,1.3504205e-05
0.34791579,6.3244095e-05,0.00084826509,0.014431426,3.9922303e-05,1.3404019e-05
0.3480247,6.3253118e-05,0.00083418555,0.014176854,3.9975063e-05,1.3347043e-05
0.34813479,6.4143886e-05,0.00083348777,0.013925016,4.0601065e-05,1.3516907e-05
0.34824526,6.4113515e-05,0.00082261401,0.013279587,4.0635874e-05,1.3524819e-05
0.34832811,6.4080482e-05,0.00081542357,0.012602338,4.0664278e-05,1.355009e-05
0.34843858,6.4072107e-05,0.00080734673,0.012574476,4.0688704e-05,1.3577052e-05
0.34855058,6.5238248e-05,0.00081531321,0.012314818,4.1434456e-05,1.3854405e-05
0.3486631,6.5209224e-05,0.00080974709,0.012273604,4.140655e-05,1.3857309e-05
0.34877562,6.5178842e-05,0.00080510212,0.011607933,4.1368771e-05,1.3854543e-05
0.34888813,6.5143534e-05,0.00080176169,0.011909417,4.1325319e-05,1.3840642e-05
0.3489733,6.6923527e-05,0.0008222489,0.0118671,4.2425288e-05,1.4226674e-05
0.34908894,6.6875369e-05,0.00082096625,0.011359573,4.2417732e-05,1.4213518e-05
0.34920459,6.6838287e-05,0.00082102549,0.01186726,4.2412873e-05,1.4204441e-05
0.34932023,6.6781658e-05,0.00082255989,0.011661626,4.2438715e-05,1.4189403e-05
0.34943587,6.6747872e-05,0.00082555759,0.011388142,4.2490544e-05,1.4164807e-05
0.3495226,6.6720565e-05,0.0008287461,0.01165177,4.254048e-05,1.4149153e-05
0.34963824,6.6665867e-05,0.00083416114,0.01190599,4.2595148e-05,1.4121107e-05
0.34975388,6.6608951e-05,0.00084106946,0.012338956,4.2658262e-05,1.4089169e-05
0.34986953,6.663273e-05,0.00084989407,0.012586917,4.2712813e-05,1.405741e-05
0.34998517,6.6542772e-05,0.00085959768,0.011903113,4.2766807e-05,1.4027317e-05
0.35010866,7.1360394e-05,0.00093461047,0.012279511,4.5922908e-05,1.5043388e-05
0.35020221,7.1926613e-05,0.00095374736,0.013026855,4.6352322e-05,1.5168864e-05
0.35032821,7.2742593e-05,0.00098147091,0.013084027,4.6935762e-05,1.5352915e-05
0.35045578,7.3641956e-05,0.0010126541,0.013001329,4.755814e-05,1.5575529e-05
0.35058473,7.4050273e-05,0.0010394085,0.012645329,4.7897579e-05,1.5712305e-05
0.35071267,7.3167264e-05,0.0010493858,0.012323167,4.7375658e-05,1.5570933e-05
0.35083918,7.2358586e-05,0.0010616361,0.012446046,4.6904708e-05,1.5446665e-05
0.35093311,7.1727047e-05,0.0010708777,0.012380446,4.6535172e-05,1.5350284e-05
0.35105708,7.0943176e-05,0.0010846945,0.012198009,4.6049288e-05,1.5225414e-05
0.35117962,7.0148246e-05,0.0010994463,0.012177291,4.5569222e-05,1.5098136e-05
0.35130077,6.9449897e-05,0.0011156571,0.012095865,4.5114406e-05,1.4963242e-05
0.35142064,6.8781281e-05,0.0011335751,0.011719735,4.4685253e-05,1.482719e-05
0.35150966,6.8243997e-05,0.0011471836,0.012027878,4.4345957e-05,1.4711396e-05
0.35162721,6.7524174e-05,0.0011674448,0.012458055,4.3930159e-05,1.4561978e-05
0.35174359,6.7021938e-05,0.0011899635,0.01183895,4.3548776e-05,1.4417744e-05
0.3518589,6.6559923e-05,0.001214565,0.011881272,4.3202657e-05,1.4289025e-05
0.3519732,6.610718e-05,0.0012403685,0.011893818,4.2857549e-05,1.4161776e-05
0.35208656,6.5711765e-05,0.0012686022,0.011223766,4.2529121e-05,1.4045499e-05
0.35217104,6.5432206e-05,0.0012908879,0.011514157,4.2316507e-05,1.3960462e-05
0.3522825,6.4744222e-05,0.0013134463,0.010983802,4.1762396e-05,1.3748969e-05
0.35239252,6.4034278e-05,0.0013379595,0.010737315,4.1237807e-05,1.3552594e-05
0.35250133,6.3526978e-05,0.0013660722,0.010817161,4.0827813e-05,1.3376431e-05
0.35260917,6.3093379e-05,0.0013957383,0.010812466,4.0450146e-05,1.3222987e-05
0.35268952,6.2848097e-05,0.0014185431,0.010531496,4.0217308e-05,1.3113025e-05
0.35279616,6.2570239e-05,0.0014485192,0.010692465,3.9986831e-05,1.2994671e-05
0.35290246,6.2483571e-05,0.0014753031,0.010754011,3.9843501e-05,1.2893599e-05
0.35300855,6.2486916e-05,0.001490903,0.010233226,3.9721929e-05,1.2816284e-05
0.35311467,6.2639578e-05,0.0014916164,0.010576952,3.9709381e-05,1.2770458e-05
0.35322104,6.2878373e-05,0.0014760792,0.010798306,3.9719157e-05,1.2762228e-05
0.35330107,6.3114939e-05,0.0014556669,0.010874004,3.9781773e-05,1.2777121e-05
0.35340821,6.3416807e-05,0.001420469,0.011300749,3.9820097e-05,1.2805375e-05
0.35351545,6.3463032e-05,0.0013744257,0.012016965,3.9692811e-05,1.2800433e-05
0.35362276,6.3483843e-05,0.0013264444,0.012308305,3.9566466e-05,1.2823774e-05
0.35373007,6.360063e-05,0.0012753668,0.012214156,3.9406017e-05,1.2850435e-05
0.35383752,6.3738189e-05,0.0012270687,0.011951554,3.9320207e-05,1.2925014e-05
0.35391832,6.3901263e-05,0.0011924842,0.0126938,3.929084e-05,1.2999792e-05
0.3540264,6.4127447e-05,0.001146823,0.012327097,3.9239686e-05,1.3097231e-05
0.35413478,6.4301315e-05,0.0011026402,0.012137081,3.9155102e-05,1.317575e-05
0.35424342,6.4464597e-05,0.0010614418,0.01232349,3.9068526e-05,1.3256619e-05
0.35435241,6.4676289e-05,0.0010240749,0.012882208,3.9015574e-05,1.3341789e-05
0.35443447,6.4896128e-05,0.00099937353,0.012678917,3.9003127e-05,1.341086e-05
0.3545444,6.5192251e-05,0.00096993327,0.013287084,3.9017247e-05,1.3507975e-05
0.35465495,6.5723296e-05,0.00094399173,0.013111094,3.9020589e-05,1.3596127e-05
0.35476607,6.6046487e-05,0.00092048503,0.013786929,3.9014614e-05,1.3666639e-05
0.35487281,6.1267752e-05,0.00083136931,0.012712203,3.5985235e-05,1.2631723e-05
0.35497137,5.6937369e-05,0.0007557587,0.011389533,3.3271474e-05,1.1687923e-05
0.35504117,5.4389308e-05,0.00071136918,0.011348543,3.1648554e-05,1.1115416e-05
0.35512981,5.1620587e-05,0.00066322732,0.010512616,2.9867385e-05,1.0479611e-05
0.35521439,4.9446677e-05,0.00062608362,0.0096702955,2.8477412e-05,9.9702637e-06
0.35529583,4.772249e-05,0.00059685171,0.0094603303,2.7355655e-05,9.5691011e-06
0.35537476,4.6334439e-05,0.00057322784,0.0090306794,2.6434014e-05,9.2354449e-06
0.35543262,4.552155e-05,0.00055897446,0.0088239779,2.5874622e-05,9.0347093e-06
0.35550852,4.4784973e-05,0.00054508937,0.0089853628,2.5340503e-05,8.8375078e-06
0.35558352,4.4385472e-05,0.00053628548,0.008611526,2.5003377e-05,8.7094254e-06
0.35565826,4.441356e-05,0.00053286137,0.0090967638,2.4887665e-05,8.6612123e-06
0.35573352,4.4885012e-05,0.00053550154,0.0089269556,2.5031182e-05,8.7050864e-06
0.35580986,4.5650807e-05,0.00054208837,0.0088876554,2.5337052e-05,8.8098198e-06
0.35586811,4.6409284e-05,0.00054954695,0.0095090031,2.5673586e-05,8.9300075e-06
0.35594769,4.7877034e-05,0.00056513228,0.0099034119,2.6352293e-05,9.1762369e-06
0.35602998,4.9636537e-05,0.00058468947,0.0097220358,2.7191999e-05,9.4755066e-06
0.35611553,5.1759468e-05,0.00060944544,0.0103904,2.8238539e-05,9.8445086e-06
0.35620497,5.4239965e-05,0.00063940707,0.010770269,2.947627e-05,1.0275098e-05
0.35629885,5.7045593e-05,0.00067409282,0.01126115,3.0862162e-05,1.0761504e-05
0.35637244,5.9264174e-05,0.00070336841,0.011394853,3.1992812e-05,1.1157678e-05
0.35647501,6.2389334e-05,0.00074515814,0.012335986,3.3534792e-05,1.169003e-05
0.35658297,6.5808397e-05,0.00079255583,0.012545619,3.5216134e-05,1.2261802e-05
0.3566965,6.9247906e-05,0.00084279753,0.013604633,3.6904776e-05,1.2862588e-05
0.35681573,7.2777627e-05,0.00089820108,0.014069236,3.8654188e-05,1.3542467e-05
0.35690902,7.5538301e-05,0.00094301337,0.014329481,3.9974714e-05,1.4075003e-05
0.35703519,7.5477948e-05,0.00095904944,0.01494453,3.9771356e-05,1.4046015e-05
0.35715998,7.4661038e-05,0.00096664046,0.014639834,3.9125575e-05,1.3823813e-05
0.35728323,7.3802996e-05,0.00097482079,0.014003269,3.8480248e-05,1.3606432e-05
0.35740476,7.2844358e-05,0.00098276016,0.014817371,3.7841081e-05,1.3407153e-05
0.35752453,7.1896943e-05,0.00099228211,0.014010851,3.726359e-05,1.3209389e-05
0.35761323,7.1209235e-05,0.0010009291,0.013377243,3.687378e-05,1.3058124e-05
0.35773003,7.0270913e-05,0.001013832,0.013263393,3.6351094e-05,1.285364e-05
0.3578452,6.9400227e-05,0.001030029,0.013113036,3.586307e-05,1.2679987e-05
0.35795877,6.853818e-05,0.0010486697,0.013262588,3.5370721e-05,1.2492382e-05
0.35807091,6.7754472e-05,0.0010707362,0.013023237,3.4902748e-05,1.2302534e-05
0.35815411,6.7135289e-05,0.0010884594,0.012944453,3.4548067e-05,1.2175781e-05
0.35826396,6.64955e-05,0.001116014,0.012619851,3.4128263e-05,1.2037819e-05
0.35837266,6.5869793e-05,0.0011456925,0.012391691,3.3762133e-05,1.1917545e-05
0.35848034,6.533325e-05,0.0011762649,0.012227097,3.3414873e-05,1.1808734e-05
0.35858709,6.4851298e-05,0.0012068449,0.012521511,3.310754e-05,1.1689084e-05
0.35869299,6.4426166e-05,0.0012369373,0.012763292,3.2824239e-05,1.1576401e-05
0.35877193,6.412474e-05,0.001258824,0.01273326,3.2635323e-05,1.1484323e-05
0.35887661,6.382779e-05,0.0012884756,0.012864919,3.2415561e-05,1.1382997e-05
0.35898066,6.3527588e-05,0.0013162481,0.012832416,3.2197781e-05,1.1283204e-05
0.35908416,6.3407621e-05,0.0013450496,0.012423985,3.203636e-05,1.1230782e-05
0.35918719,6.3243407e-05,0.0013721181,0.012947955,3.1876789e-05,1.1200588e-05
0.35928982,6.3158937e-05,0.0013991255,0.014278923,3.1740088e-05,1.1176789e-05
0.35936653,6.3129372e-05,0.0014154105,0.0136151,3.162507e-05,1.1144668e-05
0.3594686,6.3135483e-05,0.0014317924,0.014585428,3.1524278e-05,1.1120535e-05
0.35957045,6.3140237e-05,0.0014350897,0.015476896,3.1424197e-05,1.1099755e-05
0.35967214,6.3246909e-05,0.0014239373,0.015899757,3.1375031e-05,1.1095445e-05
0.35977374,6.3357547e-05,0.0013963098,0.016730931,3.1312935e-05,1.1095321e-05
0.35984988,6.3420149e-05,0.0013675237,0.016494322,3.1257641e-05,1.1095714e-05
0.35995141,6.357745e-05,0.001324223,0.016848017,3.1209799e-05,1.1133207e-05
0.36005299,6.3793005e-05,0.001275611,0.016774513,3.1191475e-05,1.1187834e-05
0.36015464,6.3717233e-05,0.0012258777,0.015528433,3.1175745e-05,1.1254007e-05
0.36025646,6.3974195e-05,0.0011764838,0.015635351,3.1221709e-05,1.1333401e-05
0.3603585,6.4198547e-05,0.0011278099,0.015313433,3.1278533e-05,1.1417097e-05
0.36043522,6.4394084e-05,0.0010930916,0.015374647,3.133893e-05,1.1491262e-05
0.36053784,6.4694297e-05,0.0010503394,0.016332174,3.1461661e-05,1.1594514e-05
0.36064081,6.4953241e-05,0.0010110009,0.015821783,3.1574497e-05,1.1682255e-05
0.36074414,6.5272505e-05,0.00097672055,0.01581548,3.1747319e-05,1.1788562e-05
0.36084422,6.1550828e-05,0.00088838579,0.016304504,2.9937966e-05,1.1146736e-05
0.36093992,6.0141268e-05,0.00084099418,0.015901336,2.9292642e-05,1.0932236e-05
0.36101178,6.0813284e-05,0.00083208562,0.015846019,2.9647923e-05,1.1088632e-05
0.3611098,6.2549371e-05,0.00083251875,0.016316657,3.0580853e-05,1.1476248e-05
0.36121163,6.5294746e-05,0.00084633149,0.016566222,3.2049931e-05,1.2090128e-05
0.36131718,6.6584233e-05,0.00084051635,0.017646755,3.28153e-05,1.246365e-05
0.36142326,6.6665782e-05,0.0008217747,0.017775623,3.3052603e-05,1.2642692e-05
0.36150311,6.6881012e-05,0.00080746461,0.017179826,3.3218857e-05,1.2753062e-05
0.36160987,6.6944151e-05,0.00079005044,0.018401754,3.3413642e-05,1.2884633e-05
0.36171706,6.7035158e-05,0.00077444132,0.017616887,3.3646675e-05,1.3015522e-05
0.36182464,6.7143571e-05,0.00075941343,0.017484054,3.3830472e-05,1.3134452e-05
0.36193257,6.7237555e-05,0.00074494976,0.017801551,3.4005246e-05,1.3224044e-05
0.36204088,6.7365244e-05,0.00073079748,0.019397364,3.4170061e-05,1.3278294e-05
0.36212228,6.736276e-05,0.00072004496,0.018995337,3.4258499e-05,1.3308425e-05
0.36223107,6.7460623e-05,0.00070554195,0.019108913,3.4360082e-05,1.3347231e-05
0.36234003,6.7443826e-05,0.00069133762,0.019841996,3.4381679e-05,1.3353854e-05
0.36244906,6.7374325e-05,0.00067769486,0.01990411,3.4371173e-05,1.3365673e-05
0.36255816,6.7168143e-05,0.00066384855,0.0200651,3.4336743e-05,1.3321928e-05
0.36263935,6.568527e-05,0.00064151245,0.019594411,3.3709514e-05,1.2995589e-05
0.36274411,6.3529172e-05,0.00061138409,0.018814414,3.2764211e-05,1.2549727e-05
0.36284736,6.2740054e-05,0.00059627597,0.017071475,3.2561068e-05,1.242009e-05
0.36295025,6.237726e-05,0.00058655541,0.01622388,3.2579239e-05,1.2410098e-05
0.36305336,6.2403154e-05,0.00058122765,0.016383717,3.2787283e-05,1.2494336e-05
0.36315723,6.2695436e-05,0.00057970139,0.015895566,3.3171921e-05,1.2675297e-05
0.36323596,6.3134922e-05,0.00058107489,0.015123138,3.3548347e-05,1.2866224e-05
0.36334249,6.4045444e-05,0.00058639901,0.014660478,3.4214904e-05,1.3178278e-05
0.3634512,6.520006e-05,0.00059486907,0.014964509,3.4982939e-05,1.3525464e-05
0.36356202,6.5674195e-05,0.00059824856,0.015078452,3.5405645e-05,1.3728838e-05
0.36367341,6.5545999e-05,0.00059667233,0.014632196,3.5480981e-05,1.3789326e-05
0.36378534,6.567152e-05,0.00059743843,0.014087312,3.5623716e-05,1.3870158e-05
0.36386965,6.56954e-05,0.00059798976,0.013981756,3.5737423e-05,1.3933396e-05
0.36398255,6.5708348e-05,0.00059915373,0.013707075,3.589226e-05,1.401215e-05
0.36409608,6.5916289e-05,0.00060156849,0.014377613,3.6103552e-05,1.4111904e-05
0.36421026,6.5917664e-05,0.00060484451,0.014415351,3.6336382e-05,1.4197932e-05
0.36432483,6.5548235e-05,0.00060472758,0.013972053,3.6351587e-05,1.4171875e-05
0.36441007,6.478198e-05,0.00060039439,0.013546487,3.6063321e-05,1.4042009e-05
0.36452267,6.3838377e-05,0.00059581891,0.01305342,3.572008e-05,1.3868425e-05
0.364634,6.2879924e-05,0.00059139871,0.013132143,3.5348039e-05,1.3675368e-05
0.36474407,6.1953162e-05,0.00058750502,0.01257883,3.4989685e-05,1.3479529e-05
0.3648529,6.1055121e-05,0.00058430772,0.012613692,3.4622381e-05,1.329335e-05
0.36496051,6.0144015e-05,0.00058163338,0.012646109,3.4276571e-05,1.310524e-05
0.36504036,5.9455868e-05,0.00057940575,0.012544454,3.3981336e-05,1.295492e-05
0.36514578,5.8594199e-05,0.00057707048,0.012149422,3.3602709e-05,1.2756637e-05
0.36524997,5.7724025e-05,0.00057565277,0.012172563,3.3245e-05,1.2574631e-05
0.36535293,5.6910634e-05,0.00057408305,0.012392891,3.2881334e-05,1.2386927e-05
0.3654547,5.6156726e-05,0.00057287008,0.012296005,3.2502895e-05,1.2216656e-05
0.36553027,5.5588308e-05,0.00057213735,0.01189243,3.2215598e-05,1.2094409e-05
0.36563004,5.4858145e-05,0.00057156229,0.011427773,3.1845277e-05,1.1941661e-05
0.36572869,5.4212161e-05,0.00057190359,0.011485139,3.1502219e-05,1.1796531e-05
0.36582622,5.3546349e-05,0.0005721895,0.01122549,3.114327e-05,1.1646561e-05
0.36592275,5.2936439e-05,0.00057334334,0.011214677,3.0805565e-05,1.1500685e-05
0.36601827,5.2350672e-05,0.00057475558,0.010797809,3.0475076e-05,1.135086e-05
0.36608928,5.1936389e-05,0.0005760752,0.010844382,3.0231125e-05,1.1234852e-05
0.36618315,5.1424732e-05,0.00057855319,0.01100958,2.9935594e-05,1.1094468e-05
0.36627612,5.0908113e-05,0.00058137478,0.010846095,2.9657692e-05,1.0954272e-05
0.36636824,5.054564e-05,0.00058483212,0.010214692,2.9382618e-05,1.0806716e-05
0.36645953,5.0112077e-05,0.00058835699,0.0109045,2.9105996e-05,1.0660541e-05
0.36655007,4.9687512e-05,0.00059287132,0.010998812,2.8872836e-05,1.051575e-05
0.36661752,4.9482311e-05,0.0005971649,0.011504907,2.8747383e-05,1.0432877e-05
0.36670636,4.8349382e-05,0.000592658,0.010591547,2.8055719e-05,1.0132437e-05
0.36679138,4.6151989e-05,0.00057481273,0.0099700449,2.6766799e-05,9.6063823e-06
0.36687247,4.4023217e-05,0.00055698397,0.0099018969,2.5508868e-05,9.1084598e-06
0.36694946,4.1774063e-05,0.00053690708,0.0090957821,2.4180308e-05,8.5924638e-06
0.36700469,4.0325204e-05,0.00052445142,0.0088937243,2.3330947e-05,8.2566476e-06
0.36707561,3.8789214e-05,0.00051198657,0.0091702369,2.2404477e-05,7.8986411e-06
0.36714365,3.7260726e-05,0.00049898217,0.0092815568,2.1474078e-05,7.5448671e-06
0.36720896,3.5840586e-05,0.0004874879,0.0084981534,2.0644099e-05,7.2284296e-06
0.367272,3.4687886e-05,0.00047944225,0.0085561975,1.9981422e-05,6.978551e-06
0.36733308,3.3664742e-05,0.00047228239,0.0078310459,1.9361172e-05,6.7492729e-06
0.36737771,3.2980473e-05,0.00046788287,0.007551742,1.8947326e-05,6.5942104e-06
0.36743589,3.2233e-05,0.00046415516,0.0075104351,1.8493287e-05,6.4211809e-06
0.36749278,3.1580734e-05,0.00046169,0.0073692729,1.8096749e-05,6.2726087e-06
0.3675484,3.0875883e-05,0.0004582715,0.0076297575,1.7667596e-05,6.1139922e-06
0.36760266,3.0187342e-05,0.00045485644,0.0077453668,1.7248969e-05,5.9580527e-06
0.36764256,2.9722999e-05,0.00045307601,0.0072347852,1.6966471e-05,5.85289e-06
0.36769488,2.9245648e-05,0.00045261121,0.0068636036,1.6666604e-05,5.7427045e-06
0.36774643,2.8880479e-05,0.00045388901,0.0066147668,1.6439001e-05,5.6559998e-06
0.36779743,2.869053e-05,0.00045796189,0.0067653702,1.6309232e-05,5.6047285e-06
0.3678483,2.8737732e-05,0.00046607915,0.0069618982,1.6311838e-05,5.6010177e-06
0.36789941,2.8952005e-05,0.00047759694,0.0071022353,1.6421401e-05,5.6347125e-06
0.36793807,2.9245336e-05,0.00048827942,0.006850056,1.6560786e-05,5.679199e-06
0.36799024,2.9739723e-05,0.00050525568,0.0069556031,1.6821315e-05,5.7631807e-06
0.36804344,3.0413658e-05,0.00052639112,0.0069834403,1.7187596e-05,5.8835635e-06
0.3680981,3.1373875e-05,0.00055362987,0.0068283037,1.7713821e-05,6.0567651e-06
0.36815468,3.2601779e-05,0.00058703924,0.0073297838,1.8386249e-05,6.2791772e-06
0.36821382,3.4273428e-05,0.00063046888,0.0080101502,1.9299158e-05,6.5850462e-06
0.36826035,3.5772297e-05,0.00066943874,0.0082773351,2.0128914e-05,6.8614137e-06
0.36832527,3.7667562e-05,0.00072168009,0.0085287895,2.1155272e-05,7.2019278e-06
0.36839339,3.9551267e-05,0.00077661135,0.0085390324,2.2166887e-05,7.5369503e-06
0.36846471,4.1430961e-05,0.00083491019,0.0091835704,2.3184369e-05,7.8722441e-06
0.36853928,4.3272357e-05,0.0008956078,0.009388855,2.4178178e-05,8.2010015e-06
0.36859706,4.4401509e-05,0.00093770436,0.0098623195,2.4774627e-05,8.3970743e-06
0.36867606,4.5673927e-05,0.00099095314,0.010395658,2.5447475e-05,8.6085169e-06
0.36875662,4.6292983e-05,0.0010310813,0.010656089,2.5751564e-05,8.6924616e-06
0.36883745,4.6318267e-05,0.0010572101,0.0099505932,2.5719572e-05,8.6706919e-06
0.36891807,4.6112615e-05,0.0010745205,0.010538431,2.5559469e-05,8.6189135e-06
0.368998,4.5636773e-05,0.0010793403,0.0099702807,2.5256189e-05,8.524397e-06
0.36905735,4.5213681e-05,0.0010752534,0.009952592,2.4983286e-05,8.4457904e-06
0.36913544,4.455144e-05,0.0010583602,0.010223669,2.4565597e-05,8.3203649e-06
0.36921244,4.3948454e-05,0.0010350185,0.010157694,2.4186617e-05,8.2094182e-06
0.36928841,4.3340792e-05,0.001004833,0.0098550953,2.3802495e-05,8.087842e-06
0.36936325,4.2670713e-05,0.00097078848,0.010108894,2.3386406e-05,7.9619081e-06
0.36941872,4.2279509e-05,0.00094705553,0.0097928089,2.3134784e-05,7.8899991e-06
0.369492,4.1889875e-05,0.00091792006,0.0099195174,2.2868047e-05,7.8168245e-06
0.36956468,4.1520685e-05,0.00088938583,0.0096848443,2.2617241e-05,7.7532094e-06
0.36963683,4.1187794e-05,0.0008615218,0.0097414604,2.2393732e-05,7.6918226e-06
0.36970842,4.0861066e-05,0.00083440944,0.0094766208,2.2176154e-05,7.6328584e-06
0.36977945,4.0489233e-05,0.00080769925,0.010304947,2.1938866e-05,7.5713117e-06
0.36983234,4.0270461e-05,0.00078893832,0.0095757523,2.1767642e-05,7.5257389e-06
0.36990249,4.0079183e-05,0.00076562068,0.0097840644,2.1586201e-05,7.4788953e-06
0.36997222,3.9706549e-05,0.00074344151,0.0090634654,2.1418541e-05,7.4326425e-06
0.37004155,3.9477897e-05,0.00072235001,0.0087565923,2.1261521e-05,7.4028897e-06
0.3701106,3.9317946e-05,0.00070327049,0.008592872,2.1135388e-05,7.3826356e-06
0.37017948,3.9248551e-05,0.00068670467,0.0085061379,2.1058472e-05,7.370955e-06
0.37023114,3.9223292e-05,0.0006756358,0.0086131298,2.1029384e-05,7.3745875e-06
0.37030006,3.927732e-05,0.000662547,0.0083822235,2.1025988e-05,7.3986369e-06
0.37036912,3.9341323e-05,0.00065069058,0.0084781402,2.1029005e-05,7.417894e-06
0.37043837,3.9435947e-05,0.0006401278,0.0087105242,2.1055746e-05,7.4447328e-06
0.37050796,3.9700832e-05,0.00063191252,0.0085952668,2.1145748e-05,7.4882721e-06
0.37056046,3.9906613e-05,0.00062667621,0.0087654549,2.1230248e-05,7.5294354e-06
0.37063097,4.0272507e-05,0.00062150502,0.0084073381,2.1383336e-05,7.5947833e-06
0.37070228,4.0774155e-05,0.00061869885,0.0086646948,2.1608554e-05,7.6798026e-06
0.37077462,4.1440917e-05,0.00061842577,0.008982943,2.1908087e-05,7.7895654e-06
0.37084822,4.2256945e-05,0.00062066062,0.0094970095,2.2293816e-05,7.9209294e-06
0.37092357,4.3369636e-05,0.00062710128,0.0094268441,2.2822987e-05,8.1023954e-06
0.37098153,4.4437257e-05,0.00063511945,0.0095896005,2.3328134e-05,8.2791234e-06
0.37106128,4.6223542e-05,0.00065075956,0.0099969007,2.4188549e-05,8.5897125e-06
0.37114473,4.8635014e-05,0.00067466618,0.01072137,2.5360693e-05,9.0144414e-06
0.37123291,5.162518e-05,0.00070588385,0.011543485,2.6811095e-05,9.5455718e-06
0.37132715,5.5504943e-05,0.00074825998,0.012542365,2.86816e-05,1.0254654e-05
0.37142867,5.9977263e-05,0.00079738286,0.012934825,3.0835843e-05,1.1063783e-05
0.37150973,6.3271236e-05,0.00083275583,0.014271046,3.2394535e-05,1.1652286e-05
0.37162313,6.6380173e-05,0.00086258508,0.014827336,3.3784414e-05,1.2217747e-05
0.37173908,6.6910281e-05,0.00086095311,0.015100302,3.3941723e-05,1.2302563e-05
0.37185182,6.3844533e-05,0.00081405325,0.014827229,3.2231044e-05,1.1674133e-05
0.37195959,6.1800452e-05,0.00078292375,0.014345727,3.1074505e-05,1.1202217e-05
0.37203883,6.0986336e-05,0.00077136761,0.013913282,3.0641388e-05,1.0990548e-05
0.37214313,6.0221861e-05,0.00076065738,0.014346794,3.0211426e-05,1.0759465e-05
0.37224546,5.9038282e-05,0.00074583857,0.014396151,2.9591859e-05,1.0439405e-05
0.37234503,5.7453878e-05,0.00072770651,0.013954595,2.8827249e-05,1.0060771e-05
0.37244146,5.5757549e-05,0.00070848717,0.013576904,2.7982625e-05,9.7161762e-06
0.37253508,5.4378418e-05,0.00069394018,0.013174128,2.7315281e-05,9.4844286e-06
0.37260378,5.3661127e-05,0.00068659461,0.013144419,2.6936263e-05,9.3626176e-06
0.37269391,5.2841853e-05,0.0006799769,0.012663698,2.6565306e-05,9.2448784e-06
0.37278273,5.2201173e-05,0.00067608102,0.011893062,2.6271589e-05,9.1488441e-06
0.37287055,5.1787167e-05,0.00067464476,0.012466115,2.6047668e-05,9.0825969e-06
0.37295744,5.1411396e-05,0.00067314497,0.011111562,2.582439e-05,9.0207287e-06
0.37302209,5.1173955e-05,0.0006732454,0.010850929,2.569439e-05,8.9984983e-06
0.37310783,5.1010187e-05,0.00067556292,0.010837359,2.5601829e-05,8.9893067e-06
0.37319332,5.1016879e-05,0.00068097482,0.010608959,2.5643446e-05,9.026708e-06
0.37327897,5.1192832e-05,0.00068960986,0.010363507,2.5793176e-05,9.1074856e-06
0.37336521,5.1797297e-05,0.00070373314,0.01054779,2.6112139e-05,9.2295979e-06
0.37345242,5.2529033e-05,0.00072075604,0.010385671,2.6508698e-05,9.3789872e-06
0.3735188,5.3340174e-05,0.00073788067,0.010952856,2.6932847e-05,9.5282265e-06
0.37360889,5.4561953e-05,0.00076360633,0.010373579,2.755178e-05,9.7561664e-06
0.37370121,5.6006963e-05,0.00079420116,0.010964547,2.8301532e-05,1.0015095e-05
0.37379602,5.7545656e-05,0.00082886237,0.01104518,2.9104637e-05,1.0294678e-05
0.3738934,5.9139847e-05,0.00086581966,0.01159734,2.9908989e-05,1.0569601e-05
0.37399329,6.064178e-05,0.00090373199,0.011518165,3.0659657e-05,1.0848833e-05
0.37406987,6.1739679e-05,0.00093317232,0.011745398,3.1206318e-05,1.1055036e-05
0.37417413,6.3212233e-05,0.00097437995,0.012069444,3.1949592e-05,1.1347015e-05
0.37428079,6.4554057e-05,0.001016208,0.012489141,3.262107e-05,1.1621666e-05
0.37438768,6.3941132e-05,0.0010287408,0.012659962,3.2327583e-05,1.1535891e-05
0.37449372,6.3409622e-05,0.0010419614,0.014224664,3.2057196e-05,1.1461987e-05
0.37457275,6.286588e-05,0.0010523211,0.013174924,3.1876479e-05,1.1417083e-05
0.37467752,6.239083e-05,0.0010692084,0.013573221,3.1711545e-05,1.1375221e-05
0.37478172,6.2003984e-05,0.0010885635,0.01305306,3.1561452e-05,1.1344723e-05
0.37488535,6.1604478e-05,0.0011092974,0.013229786,3.140275e-05,1.1338336e-05
0.37498849,6.128721e-05,0.0011335451,0.013689632,3.1299817e-05,1.135713e-05
0.3750912,6.0922353e-05,0.0011596949,0.013883867,3.1195584e-05,1.1381399e-05
0.37516799,6.0703992e-05,0.0011814857,0.014079479,3.1129942e-05,1.1411393e-05
0.37527013,6.0505959e-05,0.0012138506,0.014785645,3.1069442e-05,1.1468398e-05
0.37537207,6.0368794e-05,0.0012511457,0.015459354,3.1057367e-05,1.1522567e-05
0.37547386,6.0308514e-05,0.0012902356,0.016918248,3.1030014e-05,1.1589107e-05
0.37557559,6.0330228e-05,0.0013325187,0.01738315,3.1050017e-05,1.1703283e-05
0.37565184,6.0091816e-05,0.0013621564,0.018253623,3.101336e-05,1.1766296e-05
0.37575346,6.0177989e-05,0.0014008161,0.018042423,3.1076829e-05,1.1885353e-05
0.37585519,6.0109437e-05,0.0014261566,0.017876915,3.1086986e-05,1.1999919e-05
0.37595695,6.0135803e-05,0.001431737,0.017295585,3.1140288e-05,1.2141783e-05
0.37605889,6.0194925e-05,0.0014114331,0.017162039,3.1193743e-05,1.228778e-05
0.37616109,6.016894e-05,0.0013748893,0.016964393,3.130517e-05,1.2465596e-05
0.37623798,6.0287454e-05,0.0013432426,0.01680028,3.1410164e-05,1.2600183e-05
0.37634074,6.0395865e-05,0.0012955561,0.016146078,3.1547973e-05,1.2771197e-05
0.37644388,6.0477854e-05,0.0012469188,0.015998892,3.1703978e-05,1.2943318e-05
0.37654741,6.065602e-05,0.0012003949,0.015673073,3.1935137e-05,1.3119762e-05
0.3766513,6.0727242e-05,0.0011529736,0.016267701,3.213656e-05,1.3269609e-05
0.37675561,6.0854152e-05,0.001109413,0.016378133,3.2412208e-05,1.3420231e-05
0.37683413,6.0988897e-05,0.001078798,0.016174605,3.2633184e-05,1.3539699e-05
0.37693922,6.1130817e-05,0.0010413974,0.016692497,3.2960057e-05,1.3707788e-05
0.3770448,6.1274922e-05,0.0010072217,0.017611037,3.3325909e-05,1.3890354e-05
0.3771508,6.1333754e-05,0.00097509131,0.016152357,3.3648611e-05,1.4047837e-05
0.37725727,6.1486278e-05,0.00094718904,0.016468193,3.4066222e-05,1.4246797e-05
0.37733738,6.1555198e-05,0.00092742683,0.016604166,3.4354619e-05,1.4380902e-05
0.37744455,6.1629626e-05,0.00090214826,0.017261446,3.472533e-05,1.4497171e-05
0.37755211,6.1722123e-05,0.00087941785,0.017184823,3.5108476e-05,1.4627657e-05
0.37766007,6.1831266e-05,0.00085834765,0.017473036,3.5472699e-05,1.4705844e-05
0.3777684,6.1997368e-05,0.00083878675,0.018297541,3.5825899e-05,1.4766682e-05
0.3778771,6.1978264e-05,0.00081973094,0.01856482,3.615539e-05,1.4783392e-05
0.37795879,6.1979984e-05,0.00080548773,0.017203952,3.635886e-05,1.4786147e-05
0.37806786,6.1972011e-05,0.00078720733,0.016998308,3.6589354e-05,1.4781007e-05
0.37817703,6.1861966e-05,0.00076892583,0.017574036,3.6740984e-05,1.4753955e-05
0.37828619,6.1660251e-05,0.00075208724,0.017639925,3.689775e-05,1.4742643e-05
0.37839555,6.1587811e-05,0.00073770738,0.016549289,3.7123526e-05,1.4778496e-05
0.37847757,6.1440142e-05,0.00072653142,0.016321244,3.7244216e-05,1.4783729e-05
0.37858703,6.1351226e-05,0.00071445903,0.015559224,3.7463109e-05,1.4709419e-05
0.37869659,6.1095066e-05,0.00070197223,0.015973977,3.7602757e-05,1.4538305e-05
0.37880635,6.1128366e-05,0.00069271414,0.015579276,3.7810624e-05,1.4453604e-05
0.37891626,6.1068604e-05,0.00068449115,0.014929847,3.7972162e-05,1.4374522e-05
0.37902642,6.1078396e-05,0.00067893451,0.014656935,3.8187591e-05,1.4351847e-05
0.37910925,6.1036592e-05,0.00067504391,0.013779217,3.8310773e-05,1.4340415e-05
0.37921999,6.0960743e-05,0.00067052025,0.01369132,3.8451227e-05,1.4303169e-05
0.37932731,5.7702517e-05,0.00063211777,0.013848869,3.6530316e-05,1.3541035e-05
0.37942954,5.5072756e-05,0.0006013679,0.012026065,3.4953302e-05,1.2911992e-05
0.3795276,5.2812516e-05,0.00057593619,0.011350748,3.3613501e-05,1.2373402e-05
0.37962223,5.0975396e-05,0.00055568904,0.010721313,3.2496795e-05,1.1924827e-05
0.37969129,4.9792362e-05,0.00054334943,0.010036942,3.1802944e-05,1.1645686e-05
0.37978131,4.8445416e-05,0.00052922986,0.0097263756,3.0992937e-05,1.131855e-05
0.3798692,4.7316719e-05,0.00051786433,0.0096051254,3.0307412e-05,1.1033838e-05
0.37995538,4.6383364e-05,0.00050893177,0.009566488,2.9748465e-05,1.0790241e-05
0.38004,4.5532047e-05,0.00050137852,0.0087895224,2.9258321e-05,1.0563335e-05
0.38010259,4.4942688e-05,0.00049626491,0.0091071704,2.8906524e-05,1.0394425e-05
0.38018498,4.4289508e-05,0.00049117271,0.0089484673,2.852934e-05,1.0208145e-05
0.38026642,4.3786042e-05,0.00048791996,0.0081817788,2.8245439e-05,1.0058117e-05
0.38034712,4.3413676e-05,0.00048645601,0.0081864556,2.8064037e-05,9.9316416e-06
0.38042721,4.3055615e-05,0.00048532271,0.0081071309,2.7883058e-05,9.8123461e-06
0.38050671,4.2709951e-05,0.00048448297,0.0080061268,2.770985e-05,9.6919023e-06
0.38056602,4.2490661e-05,0.00048460075,0.0076471489,2.7618098e-05,9.6090908e-06
0.38064478,4.2272782e-05,0.00048574477,0.0080807545,2.7536064e-05,9.5129544e-06
0.38072327,4.2115217e-05,0.00048792969,0.0076717827,2.7499045e-05,9.4345273e-06
0.38080147,4.1958724e-05,0.00049046552,0.0072165646,2.7458653e-05,9.3579358e-06
0.38087943,4.1798947e-05,0.00049325179,0.0078101889,2.7416031e-05,9.2791507e-06
0.38095721,4.1699537e-05,0.0004962808,0.007712405,2.7381421e-05,9.2076005e-06
0.38101544,4.1618262e-05,0.00049920283,0.0074939819,2.7364235e-05,9.1627415e-06
0.38109284,4.1448287e-05,0.00050298687,0.0078244806,2.7328383e-05,9.0980564e-06
0.38116988,4.1267331e-05,0.00050644671,0.007303029,2.7251987e-05,9.0194976e-06
0.38124655,4.1003508e-05,0.00050940962,0.0075777738,2.7125573e-05,8.9406067e-06
0.38132269,4.0679473e-05,0.00051196426,0.0072233433,2.6961257e-05,8.8513621e-06
0.38137933,4.0386696e-05,0.00051309389,0.0076469078,2.679067e-05,8.7703044e-06
0.38145409,3.9807882e-05,0.00051390558,0.007249732,2.6501617e-05,8.6545652e-06
0.38152789,3.9273186e-05,0.00051419329,0.0070099195,2.6182883e-05,8.5306644e-06
0.38160068,3.8749472e-05,0.00051473638,0.0068699166,2.5861495e-05,8.4114105e-06
0.38167257,3.8287344e-05,0.00051632142,0.0075910653,2.5592155e-05,8.3122481e-06
0.38174347,3.7644899e-05,0.00051585539,0.0069276867,2.5214244e-05,8.1809872e-06
0.38179575,3.7097503e-05,0.00051410317,0.0073267554,2.4874146e-05,8.0660593e-06
0.38186443,3.6584694e-05,0.0005143403,0.006890765,2.4513112e-05,7.9467849e-06
0.38193206,3.6002289e-05,0.0005144218,0.0068276664,2.4159416e-05,7.8329413e-06
0.38199862,3.5432188e-05,0.00051403284,0.0066960821,2.3782899e-05,7.711116e-06
0.38206381,3.4664959e-05,0.00051089699,0.0067848091,2.3282506e-05,7.5460042e-06
0.3821117,3.4070053e-05,0.00050793453,0.0061827917,2.2889483e-05,7.4163496e-06
0.38217442,3.3422802e-05,0.00050646791,0.0061714534,2.2486591e-05,7.2821436e-06
0.38223613,3.2955182e-05,0.00050712916,0.0060591284,2.2190727e-05,7.1800197e-06
0.382297,3.2543484e-05,0.00050850916,0.006046965,2.1923272e-05,7.0960164e-06
0.38235731,3.2402639e-05,0.00051405492,0.0060533425,2.1827344e-05,7.0674836e-06
0.3824178,3.266048e-05,0.00052606594,0.0064424358,2.2008821e-05,7.1194488e-06
0.38246355,3.2910223e-05,0.00053677246,0.0062617233,2.2211161e-05,7.1799441e-06
0.38252537,3.3540099e-05,0.00055573514,0.0063520444,2.2639253e-05,7.3123562e-06
0.38258879,3.4608139e-05,0.00058336586,0.0067826301,2.3386566e-05,7.5495158e-06
0.38265492,3.6426016e-05,0.00062372434,0.007431602,2.4600683e-05,7.9400283e-06
0.38272526,3.9115956e-05,0.00068172993,0.0081804815,2.6422198e-05,8.5246233e-06
0.38280116,4.2322404e-05,0.00075198158,0.0083049669,2.8590446e-05,9.2099021e-06
0.38286198,4.4874935e-05,0.00080987574,0.0092870064,3.0319015e-05,9.760761e-06
0.38294883,4.8711674e-05,0.0008983115,0.010756304,3.2905832e-05,1.0587054e-05
0.38304047,5.0082726e-05,0.00094583597,0.011536029,3.3827605e-05,1.0863839e-05
0.38313245,5.0327926e-05,0.00097365112,0.01230551,3.3998651e-05,1.0891065e-05
0.38322443,5.0475121e-05,0.00099991065,0.012085748,3.408097e-05,1.0877884e-05
0.38329342,5.0588233e-05,0.001019934,0.012542018,3.4133142e-05,1.0863282e-05
0.3833854,5.0746539e-05,0.0010463034,0.012199177,3.4204767e-05,1.0860882e-05
0.38347759,5.0981399e-05,0.0010751492,0.012322117,3.4361797e-05,1.0867222e-05
0.38356998,5.1236928e-05,0.0011042319,0.011025827,3.4502148e-05,1.0867498e-05
0.38366129,5.0104213e-05,0.0011029464,0.011301591,3.3714231e-05,1.0565042e-05
0.38374959,4.8695532e-05,0.001093105,0.010723405,3.2744092e-05,1.0207783e-05
0.38381433,4.7956737e-05,0.0010911192,0.011039523,3.2217034e-05,1.0006806e-05
0.38389915,4.715641e-05,0.0010914342,0.010543881,3.1645516e-05,9.7741551e-06
0.38398249,4.6443674e-05,0.0010920442,0.0099775097,3.1142786e-05,9.567453e-06
0.38406456,4.5845627e-05,0.0010927986,0.010063927,3.0719754e-05,9.3827782e-06
0.3841453,4.5161234e-05,0.0010881998,0.0098328879,3.0228815e-05,9.1838937e-06
0.38420498,4.4644508e-05,0.001082208,0.0097637756,2.9868834e-05,9.0418678e-06
0.3842834,4.3969999e-05,0.0010699157,0.0091261024,2.9392444e-05,8.8552979e-06
0.38436055,4.3300452e-05,0.0010524747,0.0092657661,2.8926089e-05,8.6846162e-06
0.38443644,4.2650561e-05,0.001030442,0.0092319157,2.8464802e-05,8.5243816e-06
0.3845113,4.2157861e-05,0.0010090149,0.0091262881,2.8123449e-05,8.4054855e-06
0.38458533,4.1718531e-05,0.0009864595,0.0089359492,2.7841621e-05,8.3187077e-06
0.38464037,4.1484796e-05,0.00097006178,0.0089831829,2.7666293e-05,8.2683672e-06
0.38471337,4.1273467e-05,0.00094874472,0.0091543716,2.7487281e-05,8.2322269e-06
0.38478604,4.1147581e-05,0.00092833994,0.0090656039,2.7365226e-05,8.2179909e-06
0.38485867,4.1261488e-05,0.00091273207,0.0094938322,2.7399336e-05,8.2537607e-06
0.38493156,4.1462882e-05,0.00089817636,0.0090010239,2.7494166e-05,8.31663e-06
0.38500499,4.1850994e-05,0.00088667647,0.0096766947,2.7702066e-05,8.4125096e-06
0.38506054,4.2240587e-05,0.00087954398,0.010224034,2.7914141e-05,8.5042972e-06
0.38513572,4.3145633e-05,0.0008766245,0.010346496,2.8436055e-05,8.6988037e-06
0.3852127,4.4325416e-05,0.00087937591,0.010415211,2.9172296e-05,8.9667035e-06
0.38529249,4.6292156e-05,0.00089485802,0.011037585,3.0389334e-05,9.383739e-06
0.38537651,4.9086034e-05,0.00092310353,0.010929614,3.2120554e-05,9.9847573e-06
0.38544345,5.2112147e-05,0.0009587742,0.011874793,3.4008288e-05,1.0633786e-05
0.38553972,5.7297269e-05,0.0010220054,0.01323922,3.7231483e-05,1.1750875e-05
0.38564762,6.5242483e-05,0.0011263545,0.015703064,4.2192064e-05,1.3468825e-05
0.38576654,6.9097079e-05,0.0011512473,0.01614558,4.4436735e-05,1.434894e-05
0.38588634,6.8514311e-05,0.0011029326,0.016449481,4.3792253e-05,1.4274921e-05
0.38600173,6.6181365e-05,0.0010316726,0.015576003,4.2085132e-05,1.3821525e-05
0.38608314,6.1494544e-05,0.00093806729,0.015150392,3.8987627e-05,1.2850681e-05
0.38618432,5.7418451e-05,0.0008537463,0.013794742,3.6251794e-05,1.1995931e-05
0.38628049,5.5340256e-05,0.00080455974,0.012512781,3.4805701e-05,1.1520596e-05
0.38637416,5.43644e-05,0.00077505241,0.012264441,3.4112748e-05,1.1235198e-05
0.38646717,5.4257994e-05,0.00076032151,0.012009816,3.3979148e-05,1.1118755e-05
0.38653681,5.4307115e-05,0.00075209173,0.011720216,3.3983871e-05,1.1043208e-05
0.38662952,5.4185491e-05,0.00074003474,0.011576652,3.3900844e-05,1.0919491e-05
0.38672126,5.3401579e-05,0.00071973636,0.012157702,3.3396385e-05,1.0658111e-05
0.38681122,5.2470844e-05,0.00069870333,0.011439043,3.2812904e-05,1.0395421e-05
0.38689919,5.1392923e-05,0.00067698084,0.011176745,3.2137229e-05,1.0123542e-05
0.38698543,5.0541803e-05,0.00065888168,0.011081523,3.1575236e-05,9.8787892e-06
0.38704942,5.0306095e-05,0.00065099854,0.011122924,3.1401372e-05,9.7821224e-06
0.38713457,5.0418243e-05,0.00064667225,0.011681244,3.1431391e-05,9.7429585e-06
0.38721985,5.0684306e-05,0.00064502341,0.010880891,3.1573687e-05,9.7524925e-06
0.38730534,5.0966691e-05,0.00064416194,0.011230865,3.1711674e-05,9.7812585e-06
0.38739084,5.0912277e-05,0.00063956782,0.011730415,3.1661675e-05,9.7531815e-06
0.38747626,5.1014426e-05,0.00063750761,0.011279032,3.1730849e-05,9.7633985e-06
0.38754032,5.1121445e-05,0.00063636423,0.010808058,3.1777347e-05,9.7503735e-06
0.38762612,5.155337e-05,0.00063958107,0.010699673,3.2093433e-05,9.8072403e-06
0.38771298,5.255138e-05,0.00065037411,0.011304393,3.2735769e-05,9.9744151e-06
0.38780177,5.3777608e-05,0.00066480695,0.011279309,3.3544637e-05,1.0182183e-05
0.38789304,5.5462108e-05,0.00068599091,0.011601287,3.4663293e-05,1.0481482e-05
0.38796341,5.6915013e-05,0.00070380783,0.011877593,3.555905e-05,1.0731239e-05
0.38805959,5.8616725e-05,0.0007267991,0.012102113,3.6709421e-05,1.1048061e-05
0.38815849,6.0173285e-05,0.0007489311,0.012788685,3.7775774e-05,1.1331668e-05
0.3882601,6.1817107e-05,0.00077346481,0.012661609,3.8905724e-05,1.1653183e-05
0.38836462,6.3578301e-05,0.00080074101,0.01326607,4.0103639e-05,1.2028569e-05
0.38847133,6.4438251e-05,0.00081836137,0.014210272,4.0715869e-05,1.2230742e-05
0.3885527,6.5344628e-05,0.00083609199,0.014020634,4.1357236e-05,1.244075e-05
0.38866221,6.5627479e-05,0.00084812716,0.013570568,4.1537164e-05,1.2505874e-05
0.3887726,6.6218675e-05,0.00086669982,0.014614412,4.1951078e-05,1.2667337e-05
0.38888377,6.6442526e-05,0.0008826909,0.014222729,4.2178212e-05,1.2788448e-05
0.3889959,6.7022939e-05,0.00090616935,0.014518405,4.2700027e-05,1.3005882e-05
0.38910836,6.6464385e-05,0.00091611608,0.015216708,4.2498682e-05,1.3006253e-05
0.38919178,6.5630648e-05,0.00091790198,0.015485322,4.2015439e-05,1.2908119e-05
0.38930187,6.4691881e-05,0.00092518011,0.014819242,4.1543421e-05,1.2837607e-05
0.38941095,6.4115226e-05,0.00093978612,0.014585123,4.1305974e-05,1.2836567e-05
0.38951867,6.315844e-05,0.00095040568,0.014196732,4.0814978e-05,1.2761483e-05
0.38962553,6.2613787e-05,0.00096846134,0.013629774,4.0572403e-05,1.2788247e-05
0.38970504,6.2107455e-05,0.00098159593,0.013805072,4.0317477e-05,1.2788305e-05
0.38981018,6.1159244e-05,0.00099587417,0.013305866,3.980548e-05,1.2709153e-05
0.38991445,6.0615005e-05,0.0010180242,0.013504856,3.9562858e-05,1.2712761e-05
0.39001818,6.0072629e-05,0.0010415661,0.013905918,3.930462e-05,1.2697343e-05
0.39012138,5.9973672e-05,0.0010738808,0.013830208,3.9316504e-05,1.2755942e-05
0.39022385,5.9456486e-05,0.0011003734,0.013468334,3.9056035e-05,1.269464e-05
0.39030051,5.8951128e-05,0.0011190107,0.013959271,3.8785107e-05,1.2621722e-05
0.39040222,5.8882485e-05,0.0011556178,0.014130389,3.8798285e-05,1.2635156e-05
0.39050393,5.8828879e-05,0.0011941288,0.014084468,3.8836248e-05,1.267135e-05
0.39060504,5.8303713e-05,0.0012244642,0.013908725,3.8551558e-05,1.260616e-05
0.39070596,5.8301959e-05,0.0012654124,0.014783922,3.857927e-05,1.2646546e-05
0.39078164,5.82942e-05,0.0012968914,0.014767432,3.8598441e-05,1.2678692e-05
0.39088255,5.8295592e-05,0.0013387172,0.014540032,3.8627444e-05,1.2714375e-05
0.39098346,5.8292036e-05,0.0013777778,0.015535011,3.8636493e-05,1.2767874e-05
0.39108438,5.8236998e-05,0.001410422,0.016750905,3.8643361e-05,1.282599e-05
0.39118529,5.8254721e-05,0.0014268196,0.017531008,3.864929e-05,1.2872961e-05
0.3912862,5.822095e-05,0.0014208562,0.017862179,3.8643641e-05,1.2928906e-05
0.39136188,5.8205514e-05,0.0014016679,0.017807504,3.8636798e-05,1.297462e-05
0.3914628,5.8157325e-05,0.0013629806,0.017274418,3.8607808e-05,1.3039059e-05
0.39156457,5.8755736e-05,0.0013318978,0.017033675,3.9014108e-05,1.3260295e-05
0.39166663,5.8677683e-05,0.0012821393,0.016701604,3.8967616e-05,1.3336575e-05
0.39176868,5.8676345e-05,0.0012319935,0.015667234,3.8904822e-05,1.3409353e-05
0.39187143,5.9382777e-05,0.0011982265,0.015654901,3.9386375e-05,1.3651809e-05
0.39194901,5.9285841e-05,0.0011617324,0.01557037,3.934868e-05,1.3693492e-05
0.39205245,5.9288439e-05,0.0011155359,0.015458519,3.9299478e-05,1.3745253e-05
0.39215589,5.9198266e-05,0.0010737735,0.015562874,3.9268952e-05,1.3777839e-05
0.39226064,6.0071514e-05,0.001053533,0.015683242,3.9928516e-05,1.4060097e-05
0.39236583,5.9967022e-05,0.0010186536,0.016186722,3.9939806e-05,1.4101993e-05
0.39244472,5.9869124e-05,0.00099515925,0.01655968,3.9971879e-05,1.414984e-05
0.39254991,5.9748763e-05,0.00096652044,0.016432897,4.0034151e-05,1.4203516e-05
0.39265058,5.5791309e-05,0.00088097793,0.01487534,3.7521321e-05,1.3325729e-05
0.3927452,5.1977738e-05,0.00080345114,0.013742675,3.5106694e-05,1.2487805e-05
0.39283498,4.9462019e-05,0.00074997461,0.013459749,3.3527998e-05,1.1950232e-05
0.39292102,4.8175754e-05,0.00071779986,0.012756064,3.2767113e-05,1.1679163e-05
0.3929835,4.6883931e-05,0.00069015122,0.012468196,3.1967446e-05,1.13802e-05
0.39306456,4.5544553e-05,0.00066029583,0.012622838,3.1155856e-05,1.1079089e-05
0.39314324,4.4147145e-05,0.0006309316,0.012551025,3.0282406e-05,1.0735323e-05
0.39321938,4.2672724e-05,0.00060164774,0.011654172,2.9343896e-05,1.0366993e-05
0.39329405,4.0991636e-05,0.00057041342,0.012073731,2.8229276e-05,9.939737e-06
0.39334896,4.0953699e-05,0.00056458438,0.012137694,2.8236848e-05,9.912662e-06
0.39342217,4.0913592e-05,0.00055693731,0.01191937,2.8233704e-05,9.8706314e-06
0.39349538,4.0851903e-05,0.00054924497,0.01164541,2.8227394e-05,9.8254014e-06
0.39356859,4.0844921e-05,0.0005423191,0.011075509,2.8207955e-05,9.7848105e-06
0.3936418,4.0797615e-05,0.00053522373,0.011522608,2.8195719e-05,9.7454953e-06
0.39371501,4.0737647e-05,0.00052839898,0.011690342,2.8165661e-05,9.7175632e-06
0.39376706,3.7494957e-05,0.00048229454,0.01063215,2.5922024e-05,8.9217367e-06
0.39383403,3.7067822e-05,0.00047206773,0.010549383,2.5648407e-05,8.802899e-06
0.39390034,3.6690426e-05,0.00046286972,0.0099089912,2.5399443e-05,8.7053905e-06
0.39396615,3.6382752e-05,0.00045493683,0.0094762561,2.5199048e-05,8.6206289e-06
0.39403153,3.6102058e-05,0.0004476402,0.0096003087,2.5023426e-05,8.5435904e-06
0.39409649,3.5843876e-05,0.00044057923,0.0087275628,2.4854667e-05,8.4398368e-06
0.39414493,3.56411e-05,0.00043552932,0.0088227177,2.4721622e-05,8.3490772e-06
0.39420918,3.5388023e-05,0.00042947601,0.0084250886,2.4569295e-05,8.2288725e-06
0.3942731,3.5147169e-05,0.00042390514,0.0084012115,2.4435401e-05,8.1244467e-06
0.39433668,3.4890409e-05,0.00041846035,0.0079252165,2.4294216e-05,8.0264755e-06
0.39439993,3.4690064e-05,0.00041381332,0.0074758011,2.4166351e-05,7.9343835e-06
0.39444717,3.4535974e-05,0.0004105699,0.0074312682,2.4078218e-05,7.8774171e-06
0.39450995,3.4339143e-05,0.00040655491,0.0068584574,2.397245e-05,7.8023189e-06
0.3945725,3.416301e-05,0.00040300177,0.0068839339,2.3859975e-05,7.7282454e-06
0.39463483,3.4006276e-05,0.00039979555,0.0066496246,2.3765233e-05,7.6685999e-06
0.39469695,3.3852412e-05,0.0003968426,0.0066254036,2.3673622e-05,7.6216924e-06
0.39475889,3.364732e-05,0.00039432903,0.0067446377,2.3585617e-05,7.5763237e-06
0.39480523,3.3569081e-05,0.00039263462,0.0068893062,2.3543494e-05,7.543373e-06
0.3948669,3.3467753e-05,0.00039070439,0.0061026597,2.3472305e-05,7.5067736e-06
0.39492844,3.3328435e-05,0.00038894507,0.0064859886,2.3399333e-05,7.4762782e-06
0.39498985,3.3296567e-05,0.00038735413,0.0059188868,2.3333344e-05,7.4422922e-06
0.39505114,3.3181002e-05,0.00038601763,0.0064733097,2.3267682e-05,7.4074826e-06
0.395097,3.309252e-05,0.00038500858,0.005886539,2.321334e-05,7.3775544e-06
0.39515804,3.2977279e-05,0.00038395055,0.0060907697,2.3146569e-05,7.3488694e-06
0.39521889,3.2800866e-05,0.00038253769,0.005999834,2.3042379e-05,7.3066292e-06
0.39527957,3.2689492e-05,0.00038184727,0.0053727561,2.2973403e-05,7.2747119e-06
0.39534015,3.2628177e-05,0.00038170541,0.0052598372,2.2929777e-05,7.2502938e-06
0.39540067,3.2558737e-05,0.0003817567,0.0054159575,2.2896353e-05,7.228118e-06
0.39544603,3.2508605e-05,0.00038191603,0.0052857428,2.2875767e-05,7.2144196e-06
0.39550649,3.247505e-05,0.00038263249,0.0053045508,2.2872833e-05,7.1994815e-06
0.39556694,3.2430388e-05,0.00038336003,0.0054987873,2.2853941e-05,7.1850807e-06
0.39562734,3.2380273e-05,0.00038413526,0.0051777064,2.284425e-05,7.169569e-06
0.39568773,3.2320786e-05,0.00038520022,0.0052944102,2.2837914e-05,7.1534373e-06
0.3957481,3.232136e-05,0.00038644217,0.0053617711,2.283919e-05,7.1381296e-06
0.39579336,3.2298099e-05,0.00038752384,0.0053520081,2.2842499e-05,7.1295661e-06
0.39585369,3.2262074e-05,0.00038898897,0.0053843421,2.2845116e-05,7.1169515e-06
0.39591399,3.2208498e-05,0.00039022805,0.0058334203,2.2837388e-05,7.0991956e-06
0.39597418,3.2109334e-05,0.00039126955,0.0055531163,2.2814263e-05,7.0714778e-06
0.39603425,3.2054701e-05,0.00039275451,0.0056722306,2.2802159e-05,7.0489412e-06
0.39607928,3.2025772e-05,0.00039418789,0.0058662153,2.2823662e-05,7.0403495e-06
0.39613939,3.206808e-05,0.00039719045,0.005665039,2.2894459e-05,7.0418082e-06
0.39619964,3.214744e-05,0.00040075111,0.0053787551,2.2986209e-05,7.0506253e-06
0.39626018,3.2318224e-05,0.00040577084,0.0054328145,2.3150071e-05,7.0807808e-06
0.39632115,3.2556234e-05,0.00041165966,0.0057462486,2.3363213e-05,7.1250503e-06
0.39638265,3.2838934e-05,0.00041830395,0.0056143229,2.3607775e-05,7.1784576e-06
0.39642916,3.3093831e-05,0.00042366758,0.0058622519,2.3802426e-05,7.2267731e-06
0.39649169,3.3374896e-05,0.00043114997,0.0057246603,2.4083006e-05,7.2934297e-06
0.39655488,3.3708571e-05,0.00043930588,0.005767975,2.4373924e-05,7.3634182e-06
0.39661876,3.4092844e-05,0.00044839733,0.0060522398,2.470646e-05,7.4499404e-06
0.39668356,3.463829e-05,0.00045996722,0.0058487779,2.5152983e-05,7.5718415e-06
0.39674969,3.5446974e-05,0.00047526126,0.0063666582,2.5774625e-05,7.748188e-06
0.39680034,3.6105087e-05,0.00048806408,0.006593586,2.6291084e-05,7.8962313e-06
0.39686953,3.7191185e-05,0.00050814738,0.0063477624,2.7123994e-05,8.1403133e-06
0.39694115,3.8618303e-05,0.00053412395,0.0072180612,2.8225785e-05,8.4626531e-06
0.3970159,4.0398534e-05,0.00056605782,0.0072107196,2.958365e-05,8.86671e-06
0.39709425,4.2415776e-05,0.00060278231,0.007422675,3.1123848e-05,9.3263144e-06
0.39715563,4.4055844e-05,0.00063335082,0.0084087632,3.237577e-05,9.6979706e-06
0.39724103,4.6134381e-05,0.00067443976,0.0081960585,3.3986364e-05,1.0182297e-05
0.39733005,4.8025688e-05,0.00071410109,0.0085141678,3.5426982e-05,1.0616497e-05
0.39742221,4.9625856e-05,0.00075168773,0.0091839488,3.6666127e-05,1.0991274e-05
0.39751706,5.1038041e-05,0.00078836242,0.0095172342,3.7776222e-05,1.1323757e-05
0.39761404,5.2071239e-05,0.00082076333,0.0095993239,3.8575118e-05,1.1567732e-05
0.39768766,5.2533849e-05,0.00084124804,0.0099616991,3.8963941e-05,1.1686258e-05
0.39778636,5.2883275e-05,0.00086467253,0.0092009621,3.9225448e-05,1.1756618e-05
0.39788507,5.2914014e-05,0.00088425624,0.0096940647,3.9257981e-05,1.1750617e-05
0.3979836,5.2913316e-05,0.00090346878,0.0097612711,3.926157e-05,1.1735574e-05
0.39808182,5.278405e-05,0.00092305642,0.0094668026,3.9199307e-05,1.1700016e-05
0.39815513,5.2611033e-05,0.00093592818,0.0096174681,3.9072003e-05,1.1639148e-05
0.39825243,5.2516751e-05,0.00095581274,0.0098250686,3.8987723e-05,1.1582521e-05
0.39834944,5.2527074e-05,0.00097835968,0.0099082799,3.8974757e-05,1.155454e-05
0.3984463,5.2646996e-05,0.0010035249,0.010042211,3.904261e-05,1.1544641e-05
0.39854318,5.2851122e-05,0.0010306921,0.010762256,3.9162037e-05,1.1555443e-05
0.39864013,5.3071513e-05,0.0010591753,0.010697163,3.9283613e-05,1.1565266e-05
0.39871296,5.3275324e-05,0.0010822564,0.010803533,3.9421407e-05,1.1579623e-05
0.3988104,5.3750004e-05,0.0011157611,0.010849296,3.9682353e-05,1.1628138e-05
0.39890822,5.4157534e-05,0.0011489618,0.010955982,3.9913796e-05,1.1675311e-05
0.39900639,5.4554753e-05,0.0011830369,0.010897314,4.0156738e-05,1.171327e-05
0.399105,5.4980611e-05,0.0012187124,0.011530049,4.0416201e-05,1.1761099e-05
0.39920381,5.5219024e-05,0.0012499503,0.01115289,4.0533632e-05,1.176475e-05
0.39927796,5.541571e-05,0.0012733953,0.011653811,4.0636617e-05,1.1768321e-05
0.39937696,5.5744713e-05,0.0013053587,0.011432182,4.0812129e-05,1.1779975e-05
0.39947631,5.6135512e-05,0.00133866,0.0121573,4.1058898e-05,1.1820572e-05
0.39957601,5.6539502e-05,0.0013673716,0.011972006,4.1265507e-05,1.1849301e-05
0.39967603,5.6929539e-05,0.0013896004,0.012034276,4.1474586e-05,1.1882394e-05
0.39975129,5.728225e-05,0.0014006976,0.012365336,4.1655629e-05,1.1930331e-05
0.39985213,5.7884375e-05,0.0014052252,0.012308086,4.1952394e-05,1.2012586e-05
0.39995373,5.8360587e-05,0.0014018538,0.012737618,4.2334007e-05,1.2133321e-05
0.40005611,5.8985301e-05,0.0013878429,0.012806213,4.2668067e-05,1.2245522e-05
0.40015925,5.96183e-05,0.0013665646,0.01278837,4.2990422e-05,1.2374062e-05
0.40026325,6.035831e-05,0.0013409378,0.012681255,4.3313531e-05,1.2530388e-05
0.40034186,6.0958909e-05,0.0013208593,0.012665343,4.3572195e-05,1.2657276e-05
0.40044754,6.1725234e-05,0.0012915004,0.013405173,4.3888213e-05,1.284117e-05
0.40055421,6.2515247e-05,0.0012614213,0.013724822,4.4172955e-05,1.3047848e-05
0.40066179,6.328863e-05,0.0012295964,0.013828256,4.4384355e-05,1.3253431e-05
0.4007702,6.4023203e-05,0.0011961645,0.014205533,4.4517049e-05,1.3421523e-05
0.40085197,6.4504911e-05,0.0011691951,0.013878699,4.4559605e-05,1.3540902e-05
0.40096105,6.4297553e-05,0.0011181761,0.01470678,4.4030517e-05,1.3501114e-05
0.40106787,6.3262576e-05,0.0010561162,0.014369985,4.2950873e-05,1.3249121e-05
0.40117396,6.3406114e-05,0.0010173787,0.014314751,4.2707397e-05,1.3251966e-05
0.40127922,6.2001968e-05,0.00095741976,0.015808416,4.1464978e-05,1.2919855e-05
0.40138046,6.0201804e-05,0.00089509109,0.013207854,3.9884073e-05,1.2463835e-05
0.40145507,5.9735131e-05,0.00086586041,0.01328721,3.939944e-05,1.2306606e-05
0.4015544,6.0004502e-05,0.00084208499,0.013226659,3.9375415e-05,1.2259962e-05
0.4016546,6.0821954e-05,0.00082817335,0.013285382,3.9740977e-05,1.2309456e-05
0.40175631,6.1954043e-05,0.00081980597,0.013672725,4.030494e-05,1.2410789e-05
0.40185979,6.3189256e-05,0.00081433311,0.013836097,4.0962992e-05,1.2565887e-05
0.40196493,6.4272035e-05,0.00080804195,0.01420424,4.1495733e-05,1.270561e-05
0.40204446,6.4790123e-05,0.00080007429,0.014020486,4.1698699e-05,1.2740711e-05
0.40215068,6.4816884e-05,0.0007848074,0.013664734,4.1681671e-05,1.269372e-05
0.40225678,6.4925016e-05,0.00077008644,0.014106537,4.1636102e-05,1.2625246e-05
0.4023631,6.5362817e-05,0.00075989327,0.014628413,4.1830308e-05,1.2635998e-05
0.4024705,6.6293668e-05,0.00075716021,0.014427369,4.240217e-05,1.2766531e-05
0.40255192,6.664416e-05,0.00075059368,0.013911686,4.2577947e-05,1.2797371e-05
0.40266006,6.6341217e-05,0.00073563383,0.014518943,4.2369703e-05,1.2733548e-05
0.40276784,6.6187438e-05,0.00072430521,0.013865325,4.2268017e-05,1.2708512e-05
0.40287561,6.6227309e-05,0.00071739295,0.013681054,4.2294192e-05,1.2727206e-05
0.40298337,6.6133443e-05,0.00071152431,0.015398175,4.2262974e-05,1.2730208e-05
0.40309103,6.6147176e-05,0.00070767765,0.014422695,4.2223531e-05,1.2706819e-05
0.40317182,6.6242073e-05,0.00070738885,0.014295977,4.2294733e-05,1.2715041e-05
0.40327991,6.6473295e-05,0.00070939844,0.014323257,4.2463973e-05,1.2747502e-05
0.40338844,6.6743039e-05,0.0007126629,0.014609229,4.26254e-05,1.2787122e-05
0.40349734,6.6956209e-05,0.00071657735,0.014640338,4.2807077e-05,1.2833246e-05
0.4036069,6.7364876e-05,0.00072378982,0.014324099,4.3103551e-05,1.2922313e-05
0.40368968,6.7733442e-05,0.00073053592,0.014286175,4.3360347e-05,1.3002746e-05
0.40380075,6.81002e-05,0.00073921833,0.015079352,4.3584925e-05,1.3107583e-05
0.40391255,6.8343485e-05,0.00074855247,0.014043304,4.3790402e-05,1.3215165e-05
0.40402527,6.8852027e-05,0.00076155986,0.014804144,4.4086698e-05,1.3326262e-05
0.40413907,6.9368946e-05,0.00077596079,0.013797754,4.4390863e-05,1.3441857e-05
0.40425375,6.9707583e-05,0.00078962643,0.014786913,4.459797e-05,1.3555055e-05
0.4043403,7.0005682e-05,0.00080151472,0.014346054,4.4840617e-05,1.3679181e-05
0.40445633,6.9996371e-05,0.00081324097,0.014906979,4.4930515e-05,1.3773868e-05
0.40457125,6.8958238e-05,0.00081370805,0.013758668,4.4364307e-05,1.3657194e-05
0.40468474,6.7960114e-05,0.0008151985,0.014378911,4.3812455e-05,1.3526394e-05
0.40479682,6.6853434e-05,0.00081806843,0.013764518,4.3293777e-05,1.3385164e-05
0.40490759,6.5959413e-05,0.00082255779,0.013386321,4.2821603e-05,1.3256509e-05
0.40498985,6.5275072e-05,0.00082608754,0.013306204,4.2450363e-05,1.3161582e-05
0.40509856,6.4438118e-05,0.00083251036,0.013111964,4.1992126e-05,1.3075389e-05
0.40520621,6.3761545e-05,0.00083938534,0.012525621,4.159935e-05,1.2988583e-05
0.40531295,6.3055291e-05,0.00084851758,0.012591048,4.1240585e-05,1.2909559e-05
0.40541886,6.2545159e-05,0.00085903158,0.012315937,4.0899264e-05,1.2819253e-05
0.40549776,6.2062845e-05,0.00086687767,0.01278237,4.0642199e-05,1.273322e-05
0.40560243,6.163239e-05,0.00087920224,0.012222247,4.0387708e-05,1.2647759e-05
0.40570651,6.1265184e-05,0.00089206623,0.012187557,4.0126381e-05,1.254613e-05
0.40581005,6.085223e-05,0.00090636596,0.01238852,3.9900112e-05,1.2456215e-05
0.40591315,6.0582102e-05,0.00092249589,0.012075237,3.9719895e-05,1.2388231e-05
0.40601586,6.0382304e-05,0.00094097436,0.012253484,3.9579152e-05,1.2350192e-05
0.40609266,6.0246715e-05,0.00095606531,0.012837485,3.9460008e-05,1.2327401e-05
0.40619484,6.0125971e-05,0.00097925182,0.013295244,3.9348626e-05,1.2315231e-05
0.40629682,6.0074625e-05,0.0010058834,0.012893813,3.9270162e-05,1.2317763e-05
0.40639867,6.0086475e-05,0.0010364112,0.013892762,3.9201769e-05,1.23265e-05
0.40650041,6.0082161e-05,0.0010702806,0.014871426,3.9129619e-05,1.2331447e-05
0.40660209,6.0068212e-05,0.001107434,0.015893965,3.905117e-05,1.2358588e-05
0.40667836,6.0134734e-05,0.001138884,0.01628783,3.9030384e-05,1.2398988e-05
0.4067801,6.0159655e-05,0.0011810592,0.017246808,3.8969693e-05,1.2435454e-05
0.40688191,6.0220908e-05,0.0012253715,0.016965266,3.8920468e-05,1.2476224e-05
0.40698387,6.0358379e-05,0.0012712795,0.016392374,3.8898435e-05,1.2534737e-05
0.40708604,6.0523247e-05,0.0013176543,0.016372735,3.8894868e-05,1.262383e-05
0.40716271,6.029616e-05,0.001344627,0.015928433,3.8681275e-05,1.2627829e-05
0.40726287,5.8706023e-05,0.0013455386,0.01459705,3.7555801e-05,1.2341585e-05
0.40736077,5.7463958e-05,0.0013457797,0.013815979,3.6673697e-05,1.212466e-05
0.40745683,5.6451053e-05,0.001341249,0.014038698,3.5938896e-05,1.1947344e-05
0.40755147,5.5688717e-05,0.0013306849,0.013695723,3.5394505e-05,1.1823914e-05
0.40764504,5.5180763e-05,0.0013120267,0.013284765,3.4973147e-05,1.1731329e-05
0.4077147,5.4728218e-05,0.0012951959,0.013323016,3.4751744e-05,1.1681312e-05
0.40780712,5.432149e-05,0.0012698162,0.014145653,3.4555169e-05,1.164556e-05
0.40789935,5.4424079e-05,0.0012448311,0.013902365,3.450141e-05,1.1651517e-05
0.40799163,5.4456186e-05,0.0012208162,0.013753806,3.4544528e-05,1.1702422e-05
0.40808424,5.4674668e-05,0.0012003173,0.013473581,3.4708692e-05,1.1792669e-05
0.40815409,5.4945658e-05,0.0011868316,0.014159004,3.4911302e-05,1.188364e-05
0.40824795,5.5424421e-05,0.0011709217,0.013517345,3.526127e-05,1.2045984e-05
0.40834289,5.6045065e-05,0.0011575999,0.01392301,3.571612e-05,1.2240494e-05
0.4084392,5.6855343e-05,0.0011475901,0.013514257,3.63064e-05,1.2472718e-05
0.40853713,5.7789759e-05,0.0011400449,0.01463701,3.6992823e-05,1.270144e-05
0.40863703,5.9118753e-05,0.0011356714,0.01512366,3.7789233e-05,1.2985855e-05
0.40871347,6.0199069e-05,0.0011353696,0.015819147,3.8515528e-05,1.3217246e-05
0.40881774,6.1812403e-05,0.0011378101,0.01711554,3.9598174e-05,1.3563846e-05
0.40892513,6.370811e-05,0.0011434372,0.017512924,4.0829315e-05,1.3928537e-05
0.4090342,6.3936396e-05,0.0011182353,0.01774706,4.0926593e-05,1.3906773e-05
0.4091434,6.3997182e-05,0.0010909202,0.01735547,4.0907126e-05,1.3845403e-05
0.40925271,6.4064035e-05,0.0010648534,0.017237986,4.0853318e-05,1.3794437e-05
0.40933469,6.405187e-05,0.001045541,0.017488816,4.0789679e-05,1.375456e-05
0.409444,6.4032171e-05,0.0010215091,0.018168165,4.0715817e-05,1.3720949e-05
0.40955336,6.414539e-05,0.0010005443,0.01805526,4.0699446e-05,1.3711919e-05
0.40966277,6.4040077e-05,0.00097926162,0.017339943,4.0652043e-05,1.3652928e-05
0.40977224,6.3881869e-05,0.00096124774,0.015798447,4.0644631e-05,1.3510764e-05
0.40985441,6.3901524e-05,0.00094894685,0.015457322,4.0675883e-05,1.3416997e-05
0.4099641,6.3880821e-05,0.00093370271,0.015339603,4.0680171e-05,1.3332821e-05
0.41007395,6.3976308e-05,0.00092097147,0.014026563,4.0743154e-05,1.3274789e-05
0.41018407,6.4074357e-05,0.00091008976,0.013249867,4.0781682e-05,1.3249812e-05
0.41029448,6.4176797e-05,0.00090125344,0.012888187,4.0872175e-05,1.3284246e-05
0.41040528,6.438311e-05,0.00089487484,0.01291329,4.1018504e-05,1.3343386e-05
0.41048867,6.4549389e-05,0.00089112657,0.01250347,4.1115517e-05,1.3390242e-05
0.41060027,6.4753153e-05,0.00088708609,0.012329773,4.1241741e-05,1.3453462e-05
0.41071237,6.5031685e-05,0.00088511982,0.012158925,4.1416215e-05,1.3523188e-05
0.41082502,6.5259865e-05,0.00088313072,0.011690745,4.1533286e-05,1.3586978e-05
0.41093821,6.5573187e-05,0.00088316611,0.011565703,4.1728171e-05,1.3663251e-05
0.41102353,6.5823844e-05,0.00088434007,0.011455026,4.1892919e-05,1.3735694e-05
0.41113785,6.615032e-05,0.00088662095,0.011664128,4.2120632e-05,1.3819817e-05
0.41125282,6.6555147e-05,0.000891073,0.011786385,4.2435361e-05,1.3928248e-05
0.41136856,6.6989782e-05,0.00089708119,0.01169223,4.2764571e-05,1.4027048e-05
0.41148507,6.7406766e-05,0.00090411833,0.012379516,4.3143413e-05,1.4127286e-05
0.41160247,6.7819888e-05,0.00091303993,0.012174384,4.3585433e-05,1.4233805e-05
0.4116911,6.8229384e-05,0.00092117899,0.011942726,4.3923719e-05,1.4305173e-05
0.41181016,6.87905e-05,0.00093353113,0.012669809,4.4392352e-05,1.4411702e-05
0.41193026,6.9442215e-05,0.00094858101,0.012385877,4.492951e-05,1.4520393e-05
0.4120515,7.0190387e-05,0.00096526116,0.013656089,4.5475436e-05,1.4655247e-05
0.41217391,7.0741835e-05,0.00098490542,0.014199873,4.604183e-05,1.4794024e-05
0.41229766,7.1538796e-05,0.0010071455,0.013020252,4.6658153e-05,1.4937607e-05
0.41239067,7.1288446e-05,0.0010129929,0.013366556,4.6562646e-05,1.4875709e-05
0.41251393,7.0852781e-05,0.0010207336,0.013723229,4.6391662e-05,1.4773391e-05
0.41263643,7.0525875e-05,0.0010312193,0.01364216,4.6265377e-05,1.4692698e-05
0.41275885,7.0617117e-05,0.0010500988,0.013410587,4.6429467e-05,1.4699921e-05
0.4128814,7.0697674e-05,0.0010689561,0.012907739,4.6530544e-05,1.468888e-05
0.41297345,7.0875624e-05,0.0010878017,0.012794261,4.671252e-05,1.4719239e-05
0.4130968,7.146723e-05,0.0011178547,0.01276466,4.7102704e-05,1.4803655e-05
0.4132209,7.2026108e-05,0.0011502165,0.012544099,4.7478428e-05,1.4889896e-05
0.413346,7.2767991e-05,0.0011885366,0.01251459,4.7990491e-05,1.5001184e-05
0.41347236,7.3635474e-05,0.0012315088,0.012814774,4.856718e-05,1.5111878e-05
0.41360024,7.4686472e-05,0.0012791406,0.012957369,4.9224726e-05,1.5237003e-05
0.41369602,7.3986499e-05,0.001290622,0.013132823,4.8740994e-05,1.5016856e-05
0.4138213,7.2481446e-05,0.0012956626,0.012825906,4.7680902e-05,1.4596029e-05
0.41394389,7.1143466e-05,0.0013022894,0.01271903,4.6730175e-05,1.4230122e-05
0.41406383,6.9818118e-05,0.0013072457,0.012627873,4.5731102e-05,1.3856489e-05
0.41418147,6.8678955e-05,0.0013150279,0.012565451,4.4890108e-05,1.3555455e-05
0.41426827,6.7858914e-05,0.0013207088,0.01206475,4.4279899e-05,1.3358411e-05
0.4143823,6.6974204e-05,0.0013309937,0.011837845,4.361243e-05,1.3151912e-05
0.4144945,6.6098235e-05,0.0013417986,0.011435031,4.2968479e-05,1.2955985e-05
0.41460522,6.5481299e-05,0.0013578396,0.010991385,4.2500439e-05,1.2824854e-05
0.41471461,6.4892808e-05,0.0013742838,0.010706148,4.2047734e-05,1.2683777e-05
0.41482292,6.4449406e-05,0.0013948225,0.010725303,4.1742859e-05,1.2589455e-05
0.41490362,6.41726e-05,0.0014096955,0.010547988,4.1515786e-05,1.251022e-05
0.41501069,6.3972654e-05,0.0014300869,0.010688084,4.1347887e-05,1.2438786e-05
0.41511728,6.3897917e-05,0.0014437652,0.010677171,4.123312e-05,1.2381239e-05
0.41522359,6.3865105e-05,0.0014452746,0.010792423,4.1168182e-05,1.2353603e-05
0.41532983,6.3978018e-05,0.0014357126,0.010992738,4.1196604e-05,1.2359251e-05
0.41543626,6.4227284e-05,0.0014190778,0.011244799,4.1319083e-05,1.2393725e-05
0.4155163,6.4464272e-05,0.0014021437,0.010800066,4.1414749e-05,1.2421599e-05
0.41562342,6.4933614e-05,0.0013782333,0.011144675,4.1626342e-05,1.2494352e-05
0.41573122,6.5412122e-05,0.0013502705,0.01147083,4.182804e-05,1.2579675e-05
0.41583987,6.6043454e-05,0.0013231756,0.011003011,4.2089171e-05,1.2715017e-05
0.41594959,6.6744675e-05,0.001296061,0.012029646,4.2396964e-05,1.2892138e-05
0.41603276,6.7396695e-05,0.0012779076,0.011992029,4.2743948e-05,1.307728e-05
0.41614503,6.8468348e-05,0.0012531123,0.012582865,4.3226226e-05,1.3338542e-05
0.41625905,6.9570167e-05,0.0012292405,0.011866152,4.3767157e-05,1.3621234e-05
0.41637495,7.0693295e-05,0.0012045817,0.012400986,4.4323018e-05,1.3913003e-05
0.41649192,7.0977953e-05,0.0011670015,0.012543093,4.4329473e-05,1.40349e-05
0.41660918,7.1190253e-05,0.0011304407,0.012422717,4.4275067e-05,1.4126887e-05
0.41669733,7.1290092e-05,0.0011046844,0.013057916,4.4203229e-05,1.4178704e-05
0.41681505,7.1371956e-05,0.0010726691,0.012648841,4.4077348e-05,1.4239517e-05
0.41693298,7.1472226e-05,0.0010439555,0.012603699,4.3955912e-05,1.4283955e-05
0.41705116,7.1608761e-05,0.0010201043,0.012687257,4.3882648e-05,1.4330639e-05
0.41716976,7.1878101e-05,0.0010008878,0.01288079,4.3876044e-05,1.4354085e-05
0.41725902,7.2054527e-05,0.0009878843,0.013150532,4.3844305e-05,1.435145e-05
0.41737829,7.1982531e-05,0.00097075225,0.01270161,4.3680317e-05,1.4280019e-05
0.41749782,7.2560162e-05,0.00095622689,0.012994008,4.3578616e-05,1.4199578e-05
0.41761757,7.2582361e-05,0.00094294235,0.013472999,4.3382771e-05,1.4095981e-05
0.41773777,7.2817108e-05,0.00093452576,0.012798346,4.3326995e-05,1.4037082e-05
0.41785853,7.3080281e-05,0.00092835798,0.012994825,4.3274241e-05,1.3978575e-05
0.41794942,7.3241933e-05,0.00092455368,0.013359893,4.3213505e-05,1.3926628e-05
0.41807093,7.3427649e-05,0.00091992691,0.013057094,4.3121316e-05,1.3852102e-05
0.41819272,7.3493621e-05,0.00091642103,0.013116964,4.2998727e-05,1.379285e-05
0.41831495,7.3693301e-05,0.00091739973,0.012990291,4.3045085e-05,1.3775423e-05
0.41843771,7.3989573e-05,0.00092104166,0.013131469,4.3134113e-05,1.3758481e-05
0.41856108,7.4422364e-05,0.00092715467,0.013812157,4.326838e-05,1.3751863e-05
0.41865398,7.4614699e-05,0.00093301298,0.013564177,4.3351632e-05,1.3742744e-05
0.41877815,7.4723325e-05,0.0009403596,0.012974226,4.3359168e-05,1.3688146e-05
0.41890273,7.492657e-05,0.00095113754,0.013605284,4.3454458e-05,1.3659517e-05
0.41902784,7.5261252e-05,0.00096543309,0.014036716,4.3635344e-05,1.3715704e-05
0.41914921,7.1661564e-05,0.00092910981,0.013342047,4.1488106e-05,1.3072697e-05
0.4192367,6.93791e-05,0.00090785557,0.012342378,4.0143006e-05,1.2676346e-05
0.41934972,6.7121788e-05,0.00088930929,0.012710326,3.8762684e-05,1.2248135e-05
0.41945969,6.5495465e-05,0.00087884851,0.01179142,3.7718009e-05,1.1910122e-05
0.41956769,6.4441977e-05,0.0008771708,0.011508043,3.7044406e-05,1.1706093e-05
0.4196746,6.3917853e-05,0.00088286969,0.011454471,3.6696853e-05,1.1618304e-05
0.41978127,6.4015615e-05,0.00089785437,0.011794624,3.6713982e-05,1.1638852e-05
0.41986184,6.460328e-05,0.00091739509,0.012013292,3.7031332e-05,1.1747171e-05
0.41997086,6.579174e-05,0.00095180728,0.012063297,3.7692323e-05,1.1962351e-05
0.4200825,6.7568834e-05,0.00099812737,0.012127766,3.8675045e-05,1.2293817e-05
0.42019594,6.763823e-05,0.0010230213,0.012022625,3.8677905e-05,1.2302423e-05
0.42030813,6.6810997e-05,0.0010366961,0.012409084,3.8155808e-05,1.2135931e-05
0.42041897,6.606754e-05,0.0010523923,0.012459662,3.7628754e-05,1.1970259e-05
0.42050131,6.5343353e-05,0.0010654902,0.011457936,3.7250328e-05,1.1855618e-05
0.42061016,6.4624247e-05,0.0010854666,0.011146725,3.6806019e-05,1.170722e-05
0.42071796,6.3898747e-05,0.001106051,0.011656646,3.6370202e-05,1.159008e-05
0.42082486,6.328284e-05,0.0011287037,0.011077096,3.6003132e-05,1.1486251e-05
0.42093092,6.2691938e-05,0.0011508976,0.011785852,3.5638881e-05,1.1381404e-05
0.42100998,6.2317436e-05,0.0011686512,0.012119322,3.5411245e-05,1.1316914e-05
0.42111481,6.1879186e-05,0.0011922952,0.012235337,3.5120111e-05,1.1223536e-05
0.42121901,6.1543389e-05,0.0012176465,0.012254058,3.4883969e-05,1.1140826e-05
0.42132272,6.1240281e-05,0.0012426005,0.011605996,3.4658451e-05,1.1064482e-05
0.42142593,6.0946647e-05,0.001267237,0.011992915,3.4427345e-05,1.0998819e-05
0.42152877,6.0760453e-05,0.0012936683,0.012098996,3.4258324e-05,1.0963686e-05
0.42160567,6.0599485e-05,0.0013117582,0.012127452,3.4097043e-05,1.0948622e-05
0.42170797,6.0594298e-05,0.0013382975,0.013004873,3.3978319e-05,1.0942791e-05
0.42181002,6.0423025e-05,0.0013601989,0.014084894,3.3801563e-05,1.0921925e-05
0.42191195,6.038439e-05,0.0013807274,0.014763334,3.3733925e-05,1.0932113e-05
0.42201371,6.0356753e-05,0.0013908319,0.01561944,3.3616379e-05,1.0923367e-05
0.42209003,6.0444234e-05,0.0013909428,0.016119839,3.3570515e-05,1.0923415e-05
0.42219179,6.052799e-05,0.0013767564,0.016428808,3.3509469e-05,1.092642e-05
0.42229355,6.0610396e-05,0.0013499576,0.01604482,3.3438035e-05,1.093778e-05
0.42239544,6.0810433e-05,0.0013160192,0.016188941,3.342249e-05,1.0992538e-05
0.42249746,6.0992269e-05,0.0012767688,0.015749201,3.341502e-05,1.1042066e-05
0.4225997,6.1171604e-05,0.0012345206,0.015211485,3.3409888e-05,1.1093074e-05
0.42267659,6.1420286e-05,0.0012040855,0.014950737,3.3488618e-05,1.1161701e-05
0.4227794,6.1712501e-05,0.001161331,0.015071111,3.3555951e-05,1.1249965e-05
0.42288257,6.2043191e-05,0.0011187609,0.014623988,3.3643724e-05,1.134479e-05
0.42298611,6.232985e-05,0.001078451,0.014564849,3.3731979e-05,1.1436415e-05
0.42309002,6.2605096e-05,0.0010407032,0.014557936,3.3846246e-05,1.1525113e-05
0.42319421,6.2773992e-05,0.0010043606,0.014272516,3.3910839e-05,1.1595411e-05
0.42327266,6.3040305e-05,0.00098169635,0.014573555,3.4044816e-05,1.1674634e-05
0.42337762,6.3313616e-05,0.00095304537,0.014779572,3.4179561e-05,1.1774784e-05
0.42348273,6.308164e-05,0.00092000486,0.015370225,3.4064423e-05,1.178217e-05
0.42358774,6.3552455e-05,0.00089956571,0.01520851,3.4329056e-05,1.1919759e-05
0.423694,6.4136316e-05,0.00088192467,0.015343224,3.466742e-05,1.2099353e-05
0.42377395,6.419944e-05,0.00086468288,0.015228718,3.4755156e-05,1.2162396e-05
0.42388094,6.4407236e-05,0.00084424028,0.01586228,3.4920223e-05,1.2297779e-05
0.42398824,6.4610607e-05,0.00082510824,0.016150263,3.5118836e-05,1.2441258e-05
0.42409597,6.4902878e-05,0.00080763308,0.016611915,3.5315168e-05,1.2572827e-05
0.42420403,6.4936811e-05,0.00078956389,0.016670577,3.5466518e-05,1.2685947e-05
0.42431242,6.5199811e-05,0.00077459896,0.016791695,3.5710306e-05,1.2822064e-05
0.42439388,6.5184945e-05,0.00076171283,0.015840379,3.5758543e-05,1.2874444e-05
0.42450271,6.5417642e-05,0.00074710804,0.017102473,3.5941086e-05,1.2939523e-05
0.42461172,6.5554869e-05,0.000733597,0.018675306,3.6121281e-05,1.299027e-05
0.42472079,6.5514036e-05,0.00071879985,0.018417781,3.6204244e-05,1.3016626e-05
0.42482985,6.5482034e-05,0.00070480857,0.019776824,3.6295075e-05,1.3029623e-05
0.42491165,6.5445944e-05,0.00069491633,0.018413592,3.6338701e-05,1.302792e-05
0.42502072,6.5335366e-05,0.00068238591,0.017944928,3.6388551e-05,1.301409e-05
0.42513002,6.5376444e-05,0.00067214029,0.018682756,3.651328e-05,1.2941333e-05
0.42523933,6.5231255e-05,0.00066119132,0.017716429,3.6601884e-05,1.2841598e-05
0.42534882,6.5316416e-05,0.00065251105,0.017660692,3.6784245e-05,1.279706e-05
0.42545843,6.5064349e-05,0.00064455193,0.016596858,3.7007194e-05,1.281149e-05
0.42554084,6.5047886e-05,0.00063973974,0.016702997,3.7180859e-05,1.284654e-05
0.42565096,6.498204e-05,0.00063347797,0.015618707,3.7410402e-05,1.2926301e-05
0.42576139,6.4902606e-05,0.00062813264,0.015222365,3.764157e-05,1.3029908e-05
0.42587235,6.4967958e-05,0.00062490471,0.015230656,3.7922809e-05,1.3182564e-05
0.42598371,6.5019937e-05,0.00062234117,0.014405078,3.8183205e-05,1.3337708e-05
0.42609561,6.5268244e-05,0.00062024066,0.014961614,3.8412453e-05,1.3502638e-05
0.42617989,6.5091556e-05,0.00061881556,0.014199464,3.853935e-05,1.3606678e-05
0.42629276,6.5138169e-05,0.00061801821,0.013862069,3.8755998e-05,1.3753239e-05
0.42640635,6.5383815e-05,0.00061951406,0.014172503,3.9087817e-05,1.3929563e-05
0.4265206,6.5453692e-05,0.00062027067,0.014133141,3.9345349e-05,1.4054517e-05
0.42663493,6.4839054e-05,0.00061533768,0.014037715,3.9203403e-05,1.4034551e-05
0.42671967,6.397154e-05,0.00060825672,0.013667032,3.8838213e-05,1.3903368e-05
0.4268314,6.28827e-05,0.00060031898,0.013418703,3.8419037e-05,1.3749565e-05
0.42694177,6.182805e-05,0.00059347732,0.013361602,3.7980116e-05,1.3576339e-05
0.42705084,6.1004753e-05,0.00058834037,0.012959017,3.7636074e-05,1.3419868e-05
0.42715851,6.0037249e-05,0.00058294982,0.013326019,3.7191003e-05,1.3215684e-05
0.42726494,5.9008872e-05,0.00057837059,0.012433423,3.6741963e-05,1.3000589e-05
0.42734393,5.8461815e-05,0.00057658092,0.012702857,3.648186e-05,1.2874118e-05
0.42744817,5.7430216e-05,0.00057275959,0.0121577,3.6041169e-05,1.2666127e-05
0.42755121,5.6689868e-05,0.00057102975,0.011964087,3.5702262e-05,1.2505152e-05
0.42765305,5.5834841e-05,0.000568534,0.012067775,3.5268444e-05,1.2312292e-05
0.42775373,5.5138998e-05,0.0005679773,0.0121502,3.492695e-05,1.2156275e-05
0.42782856,5.4637699e-05,0.00056775296,0.011438616,3.4684713e-05,1.2049691e-05
0.42792724,5.3827059e-05,0.00056623053,0.011800082,3.4273423e-05,1.1879225e-05
0.42802486,5.3230115e-05,0.0005666509,0.011560926,3.3940097e-05,1.1750417e-05
0.42812148,5.2602407e-05,0.00056722874,0.011105402,3.3626309e-05,1.1625342e-05
0.42821711,5.2005598e-05,0.00056813335,0.011042271,3.3307396e-05,1.1498468e-05
0.42831176,5.1457284e-05,0.00056940019,0.011056584,3.3006266e-05,1.1370242e-05
0.42838212,5.1022262e-05,0.00057089892,0.010670062,3.2785303e-05,1.1275061e-05
0.42847509,5.0478091e-05,0.00057300927,0.010410631,3.2475867e-05,1.1137843e-05
0.42856711,4.9955117e-05,0.0005753988,0.010210797,3.2186617e-05,1.0998157e-05
0.42865818,4.9442749e-05,0.0005780978,0.010208232,3.189016e-05,1.0853437e-05
0.42874754,4.7872866e-05,0.00056805799,0.010033055,3.0882997e-05,1.0472806e-05
0.42883266,4.5591802e-05,0.00054917776,0.0097424541,2.9432381e-05,9.936271e-06
0.42889371,4.3811558e-05,0.00053359887,0.0094627622,2.8282003e-05,9.5189969e-06
0.42897127,4.1510475e-05,0.00051291473,0.0087002459,2.679263e-05,8.9799033e-06
0.42904523,3.9850201e-05,0.00049934665,0.0080754218,2.5715168e-05,8.58804e-06
0.42911635,3.8304756e-05,0.00048673743,0.0081599219,2.4717134e-05,8.220903e-06
0.42918465,3.6879663e-05,0.00047502672,0.0085885311,2.3786103e-05,7.8847094e-06
0.4292343,3.6019897e-05,0.00046884048,0.0077356387,2.3234392e-05,7.6857647e-06
0.42929873,3.4940221e-05,0.00046100735,0.0075558684,2.2526915e-05,7.4318501e-06
0.42936128,3.3981311e-05,0.00045444888,0.0078729077,2.1893017e-05,7.2003384e-06
0.42942228,3.3257286e-05,0.00045071951,0.0072568808,2.1415857e-05,7.0231437e-06
0.42948198,3.2622458e-05,0.00044807315,0.0075147566,2.0988624e-05,6.8672372e-06
0.42954034,3.1890355e-05,0.00044402585,0.0076608292,2.0497586e-05,6.6921114e-06
0.42958319,3.1351237e-05,0.00044097668,0.007502271,2.0132404e-05,6.5617591e-06
0.42963928,3.0774796e-05,0.0004389295,0.0070405181,1.9745007e-05,6.4218793e-06
0.42969441,3.0322665e-05,0.0004385094,0.0069229503,1.9436286e-05,6.3106595e-06
0.42974884,2.9988162e-05,0.00043970717,0.0066187384,1.9197659e-05,6.2240862e-06
0.4298028,2.9868595e-05,0.00044413283,0.0067797257,1.9097928e-05,6.1813997e-06
0.42985683,3.0071187e-05,0.00045355112,0.0066527442,1.9200601e-05,6.2017698e-06
0.42989767,3.034726e-05,0.00046315901,0.0071810424,1.9369286e-05,6.2487675e-06
0.42995283,3.082696e-05,0.00047780932,0.0079230516,1.9652263e-05,6.3264576e-06
0.43000899,3.1555474e-05,0.00049709556,0.0072946549,2.0094538e-05,6.4576491e-06
0.43006679,3.2588535e-05,0.00052211232,0.0075298043,2.0721164e-05,6.6466957e-06
0.43012677,3.39723e-05,0.00055412809,0.0078449,2.1573436e-05,6.9075399e-06
0.43017353,3.5242531e-05,0.00058319985,0.0083590525,2.2356305e-05,7.1503368e-06
0.43023921,3.7652616e-05,0.00063605072,0.008721067,2.385245e-05,7.6160067e-06
0.43030947,4.0340944e-05,0.00069690902,0.0091837497,2.5509826e-05,8.1295032e-06
0.43038521,4.3664055e-05,0.00077436458,0.0090532991,2.7586543e-05,8.7727216e-06
0.4304668,4.6386417e-05,0.00084665375,0.0097229516,2.9270536e-05,9.2865006e-06
0.43054957,4.6465221e-05,0.00087375639,0.010106041,2.9245442e-05,9.2515869e-06
0.43061165,4.649323e-05,0.0008948678,0.0090642227,2.9222923e-05,9.2267389e-06
0.43069473,4.6833452e-05,0.00092995779,0.010360168,2.9377987e-05,9.2484367e-06
0.43077807,4.7013949e-05,0.00096314638,0.0097331587,2.9442307e-05,9.2369978e-06
0.4308616,4.7058618e-05,0.00099337915,0.0093383121,2.9415657e-05,9.1996951e-06
0.43094513,4.7121897e-05,0.0010236604,0.010260871,2.9375825e-05,9.1731655e-06
0.43100798,4.7267481e-05,0.00104966,0.0097890104,2.9449856e-05,9.1870681e-06
0.43109199,4.7451516e-05,0.0010826434,0.0095014864,2.9507584e-05,9.2005594e-06
0.43117648,4.780316e-05,0.0011176577,0.0099686292,2.9662182e-05,9.2489158e-06
0.43126139,4.8150131e-05,0.0011486634,0.010571895,2.9811759e-05,9.3050402e-06
0.43134675,4.8324204e-05,0.0011697364,0.01063334,2.9848273e-05,9.3342113e-06
0.43143247,4.8505506e-05,0.0011789954,0.010943772,2.9891336e-05,9.3668716e-06
0.43149713,4.8848615e-05,0.0011817288,0.011181564,3.0055739e-05,9.4298517e-06
0.43158386,4.9209616e-05,0.0011749191,0.011025394,3.0200895e-05,9.5081314e-06
0.43167124,4.9563061e-05,0.0011608094,0.011538348,3.0343666e-05,9.5968149e-06
0.43175763,4.8267111e-05,0.0011033773,0.011235756,2.9465907e-05,9.3590511e-06
0.43184158,4.7003304e-05,0.0010475008,0.010877219,2.8632285e-05,9.1391394e-06
0.43192346,4.5798305e-05,0.00099360961,0.01053171,2.7815643e-05,8.9302782e-06
0.43198373,4.5114562e-05,0.00095936356,0.010076898,2.7350889e-05,8.8104952e-06
0.43206297,4.4439413e-05,0.00092032804,0.010258555,2.6868318e-05,8.6872734e-06
0.43214115,4.392921e-05,0.00088579384,0.010626169,2.6497659e-05,8.6013917e-06
0.43221854,4.3425466e-05,0.00085286861,0.0099761142,2.6131202e-05,8.5061032e-06
0.43229551,4.3259282e-05,0.00082718557,0.010004228,2.5952917e-05,8.4843898e-06
0.43235313,4.3241902e-05,0.00081083982,0.010674939,2.589222e-05,8.4932163e-06
0.43243011,4.3386825e-05,0.00079313783,0.010360247,2.5899132e-05,8.5367465e-06
0.43250753,4.370744e-05,0.00077930801,0.010329212,2.6020422e-05,8.6061832e-06
0.43258571,4.4239845e-05,0.00076946635,0.010366386,2.6248579e-05,8.7230204e-06
0.43266516,4.4987913e-05,0.00076377386,0.011054299,2.6604405e-05,8.8744336e-06
0.43274645,4.6173014e-05,0.00076571765,0.011429799,2.7213377e-05,9.0919957e-06
0.43280904,4.7429488e-05,0.00077329378,0.011611211,2.7879552e-05,9.3335047e-06
0.43289589,4.9977003e-05,0.0007967466,0.011455561,2.9266893e-05,9.8185327e-06
0.43298812,5.3433952e-05,0.00083298968,0.012984362,3.1156298e-05,1.0455193e-05
0.43308822,5.8824097e-05,0.00089681474,0.013830011,3.4129465e-05,1.1481154e-05
0.43319941,6.523102e-05,0.00097109142,0.015093463,3.7620808e-05,1.2670669e-05
0.4332864,6.632742e-05,0.00096953365,0.015082886,3.8026792e-05,1.2821076e-05
0.43340438,6.791024e-05,0.00097146084,0.015245224,3.8675409e-05,1.3081692e-05
0.43352431,6.9075173e-05,0.00096827954,0.016056942,3.9100508e-05,1.3245191e-05
0.43364468,6.7481704e-05,0.00092980735,0.016113881,3.8079901e-05,1.2889113e-05
0.43375752,6.3126125e-05,0.00085645249,0.014735466,3.5499349e-05,1.1973116e-05
0.43386585,6.134999e-05,0.00082184127,0.013740107,3.443396e-05,1.1510695e-05
0.43394599,6.0922951e-05,0.00081005963,0.013311216,3.4197328e-05,1.1344329e-05
0.43405232,6.1032515e-05,0.00080430739,0.013657331,3.427476e-05,1.1245246e-05
0.43415763,6.0142631e-05,0.00078794514,0.013120003,3.3874385e-05,1.0974717e-05
0.43426149,5.9324897e-05,0.00077322306,0.012881958,3.3497462e-05,1.0729672e-05
0.4343631,5.8081635e-05,0.00075443253,0.012035964,3.286526e-05,1.0433217e-05
0.43446288,5.7294028e-05,0.00074252961,0.012846193,3.2494165e-05,1.0235549e-05
0.43453671,5.6943843e-05,0.00073712133,0.012215383,3.2353897e-05,1.0139848e-05
0.43463385,5.6177586e-05,0.0007263433,0.011895107,3.1973172e-05,9.9754792e-06
0.43472996,5.5863412e-05,0.00072179063,0.011318076,3.1868491e-05,9.9293928e-06
0.43482504,5.5543749e-05,0.00071724275,0.011884696,3.1735153e-05,9.9224471e-06
0.43491928,5.5199672e-05,0.00071257219,0.011237913,3.1609394e-05,9.9246514e-06
0.4349898,5.5298389e-05,0.0007138178,0.01119506,3.1697499e-05,9.985845e-06
0.43508295,5.4900965e-05,0.0007089043,0.011421928,3.1521314e-05,9.9425485e-06
0.43517609,5.4991358e-05,0.00071060918,0.011183283,3.1608375e-05,9.9856744e-06
0.43527019,5.5632619e-05,0.00071968933,0.0110545,3.2011701e-05,1.0144327e-05
0.43536505,5.6291155e-05,0.00072935844,0.011464522,3.2432546e-05,1.0305613e-05
0.43546099,5.6979591e-05,0.00073993111,0.011040533,3.2894481e-05,1.0476859e-05
0.43553433,5.8421434e-05,0.00076026062,0.011321786,3.3786967e-05,1.0768836e-05
0.43563356,5.9194526e-05,0.00077370621,0.011261274,3.4330302e-05,1.0939527e-05
0.43573554,6.0834783e-05,0.0008000495,0.011732142,3.539474e-05,1.1266042e-05
0.43584059,6.2717789e-05,0.00083068487,0.011719582,3.6559925e-05,1.1629679e-05
0.43594911,6.4798278e-05,0.00086660171,0.012436494,3.7846195e-05,1.2037692e-05
0.43603172,6.5959079e-05,0.00088997271,0.012633258,3.8589069e-05,1.2265635e-05
0.43614324,6.5879256e-05,0.00090092382,0.012851957,3.8574929e-05,1.2267846e-05
0.43625476,6.5767621e-05,0.00091351568,0.012440128,3.8560379e-05,1.226708e-05
0.43636437,6.4192856e-05,0.00090647091,0.012640152,3.7652006e-05,1.1986069e-05
0.43647336,6.4076614e-05,0.00092170849,0.012516839,3.7600625e-05,1.2011605e-05
0.43658156,6.212969e-05,0.00091127863,0.012202672,3.648746e-05,1.1693518e-05
0.43666097,6.2002777e-05,0.00092361986,0.012115629,3.6466496e-05,1.1711309e-05
0.43676684,6.1862353e-05,0.00094129354,0.012521585,3.6428412e-05,1.1755965e-05
0.43687271,6.161878e-05,0.00095984982,0.013548169,3.6403815e-05,1.1794914e-05
0.43697858,6.153279e-05,0.00098059889,0.013247851,3.6389551e-05,1.1819419e-05
0.43708445,6.1405637e-05,0.0010025445,0.013289294,3.6377613e-05,1.1865788e-05
0.43719032,6.1270562e-05,0.0010266396,0.013225548,3.6374351e-05,1.1926745e-05
0.43726972,6.1218404e-05,0.0010460113,0.013212202,3.6379888e-05,1.1980658e-05
0.43737559,6.1165243e-05,0.0010741247,0.014538699,3.638278e-05,1.2061089e-05
0.43748146,6.1082589e-05,0.0011054385,0.014744344,3.6392542e-05,1.2156202e-05
