rotor,run,run_name,fan_rpm_cmd,wind_mps,t_unix,demand_a,volts,amps,watts,rotor_rpm,rotor_rpm_early,speed_ok,tip_speed_ratio,cp_el,torque_gen_nm,p_gen_in_w
Plain,1,v1_smooth_20261001,500,10.2365,1.79088e+09,0.001,2.839,0.001,0.0028,97.5012,93.8963,True,0.10134,8.70631e-05,0.000299732,0.00314601
Plain,1,v1_smooth_20261001,500,10.2365,1.79088e+09,0.002,2.925,0.002,0.0059,102.014,100.989,True,0.10603,0.000183454,0.000599463,0.00663166
Plain,1,v1_smooth_20261001,500,10.2365,1.79088e+09,0.004,2.8495,0.004,0.0114,102.857,102.403,True,0.106906,0.000354471,0.00119893,0.0130219
Plain,1,v1_smooth_20261001,500,10.2365,1.79088e+09,0.006,2.7369,0.006,0.0164,102.857,102.857,True,0.106906,0.000509941,0.00179839,0.0190707
Plain,1,v1_smooth_20261001,500,10.2365,1.79088e+09,0.008,2.5249,0.008,0.0202,98.517,99.2494,True,0.102395,0.000628098,0.00239785,0.024078
Plain,1,v1_smooth_20261001,500,10.2365,1.79088e+09,0.01,2.358,0.01,0.0236,94.5333,96.9728,True,0.0982548,0.000733818,0.00299732,0.028844
Plain,1,v1_smooth_20261001,500,10.2365,1.79088e+09,0.012,2.1121,0.012,0.0253,89.0176,90.9064,True,0.0925219,0.000786677,0.00359678,0.0320685
Plain,1,v1_smooth_20261001,500,10.2365,1.79088e+09,0.014,1.8472,0.014,0.0259,83.2595,85.3755,True,0.0865371,0.000805334,0.00419624,0.0343515
Plain,1,v1_smooth_20261001,500,10.2365,1.79088e+09,0.016,1.835,0.016,0.0294,79.1208,81.2527,True,0.0822355,0.000914163,0.00479571,0.0396932
Plain,1,v1_smooth_20261001,500,10.2365,1.79088e+09,0.018,1.5908,0.018,0.0286,75.8536,77.9784,True,0.0788397,0.000889287,0.00539517,0.0408934
Plain,1,v1_smooth_20261001,500,10.2365,1.79088e+09,0.02,1.3388,0.02,0.0268,69.9663,72.7273,True,0.0727207,0.000833318,0.00599463,0.0412521
Plain,1,v1_smooth_20261001,500,10.2365,1.79088e+09,0.022,1.065,0.022,0.0234,66.2577,68.784,True,0.0688661,0.000727599,0.00659409,0.0401695
Plain,1,v1_smooth_20261001,500,10.2365,1.79088e+09,0.024,1.1113,0.024,0.0267,63.1579,64.6338,True,0.0656442,0.000830209,0.00719356,0.0459454
Plain,1,v1_smooth_20261001,500,10.2365,1.79088e+09,0.026,0.9529,0.026,0.0248,57.9088,59.0432,True,0.0601885,0.00077113,0.00779302,0.0466798
Plain,1,v1_smooth_20261001,500,10.2365,1.79088e+09,0.028,0.5193,0.028,0.0145,51.0638,52.2199,True,0.053074,0.000450863,0.00839248,0.0391729
Plain,1,v1_smooth_20261001,500,10.2365,1.79088e+09,0.03,0.2262,0.03,0.0068,44.2623,47.4345,True,0.0460048,0.000211439,0.00899195,0.0344245
Plain,1,v1_smooth_20261001,500,10.2365,1.79088e+09,0.032,0.0569,0.032,0.0018,46.8138,44.2623,True,0.0486567,5.59691e-05,0.00959141,0.0325346
Plain,1,v1_smooth_20261001,600,12.3687,1.79088e+09,0.0011,4.4994,0.0011,0.0049,150.62,150.643,True,0.129563,8.63701e-05,0.000329705,0.00528279
Plain,1,v1_smooth_20261001,600,12.3687,1.79088e+09,0.0021,4.4397,0.0021,0.0093,150,151.003,True,0.12903,0.000163927,0.000629436,0.0100724
Plain,1,v1_smooth_20261001,600,12.3687,1.79088e+09,0.0042,4.2434,0.0042,0.0178,146.48,148.596,True,0.126002,0.000313753,0.00125887,0.0195196
Plain,1,v1_smooth_20261001,600,12.3687,1.79088e+09,0.0064,4.0186,0.0064,0.0257,143.501,145.981,True,0.12344,0.000453002,0.00191828,0.0285995
Plain,1,v1_smooth_20261001,600,12.3687,1.79088e+09,0.0085,3.8812,0.0085,0.033,139.732,141.433,True,0.120198,0.000581676,0.00254772,0.0372047
Plain,1,v1_smooth_20261001,600,12.3687,1.79088e+09,0.0106,3.6144,0.0106,0.0383,135.524,139.213,True,0.116578,0.000675097,0.00317715,0.0439847
Plain,1,v1_smooth_20261001,600,12.3687,1.79088e+09,0.0127,3.4814,0.0127,0.0442,131.576,133.572,True,0.113182,0.000779094,0.00380659,0.0515395
Plain,1,v1_smooth_20261001,600,12.3687,1.79088e+09,0.0149,3.1757,0.0149,0.0473,124.698,126.316,True,0.107266,0.000833736,0.004466,0.0565606
Plain,1,v1_smooth_20261001,600,12.3687,1.79088e+09,0.017,3.1171,0.017,0.053,122.158,122.727,True,0.10508,0.000934207,0.00509544,0.0642734
Plain,1,v1_smooth_20261001,600,12.3687,1.79088e+09,0.0191,2.8835,0.0191,0.0551,117.57,119.84,True,0.101134,0.000971223,0.00572487,0.0685611
Plain,1,v1_smooth_20261001,600,12.3687,1.79088e+09,0.0212,2.6629,0.0212,0.0565,114.405,115.99,True,0.098411,0.0009959,0.00635431,0.0723235
Plain,1,v1_smooth_20261001,600,12.3687,1.79088e+09,0.0234,2.5457,0.0234,0.0596,111.954,113.436,True,0.0963025,0.00105054,0.00701372,0.0780859
Plain,1,v1_smooth_20261001,600,12.3687,1.79088e+09,0.0255,2.4734,0.0255,0.0631,106.797,109.185,True,0.0918671,0.00111224,0.00764316,0.0843063
Plain,1,v1_smooth_20261001,600,12.3687,1.79088e+09,0.0276,2.1084,0.0276,0.0582,101.56,104.558,True,0.0873616,0.00102587,0.00827259,0.0823016
Plain,1,v1_smooth_20261001,600,12.3687,1.79088e+09,0.0297,2.2146,0.0297,0.0658,99.5714,100,True,0.0856513,0.00115983,0.00890203,0.0929716
Plain,1,v1_smooth_20261001,600,12.3687,1.79088e+09,0.0319,1.8384,0.0319,0.0586,94.2728,96.4286,True,0.0810935,0.00103292,0.00956144,0.0891754
Plain,1,v1_smooth_20261001,600,12.3687,1.79088e+09,0.034,1.7914,0.034,0.0609,91.1024,92.5194,True,0.0783663,0.00107346,0.0101909,0.0949034
Plain,1,v1_smooth_20261001,600,12.3687,1.79088e+09,0.0361,1.4207,0.0361,0.0513,86.385,88.5246,True,0.0743083,0.000904242,0.0108203,0.0889062
Plain,1,v1_smooth_20261001,600,12.3687,1.79088e+09,0.0382,1.4467,0.0382,0.0553,82.4245,84.446,True,0.0709015,0.000974748,0.0114497,0.0966839
Plain,1,v1_smooth_20261001,600,12.3687,1.79088e+09,0.0404,1.019,0.0404,0.0412,74.3987,78.8321,True,0.0639977,0.000726214,0.0121092,0.0867289
Plain,1,v1_smooth_20261001,600,12.3687,1.79088e+09,0.0425,0.8027,0.0425,0.0341,70.5882,72.2828,True,0.06072,0.000601065,0.0127386,0.0837645
Plain,1,v1_smooth_20261001,700,14.5008,1.79088e+09,0.0015,5.6106,0.0015,0.0084,185.465,186.207,True,0.136079,9.18841e-05,0.000449597,0.00893388
Plain,1,v1_smooth_20261001,700,14.5008,1.79088e+09,0.0029,5.6801,0.0029,0.0165,186.827,186.57,True,0.137079,0.000180487,0.000869222,0.0176126
Plain,1,v1_smooth_20261001,700,14.5008,1.79088e+09,0.0058,5.5002,0.0058,0.0319,184.615,185.396,True,0.135456,0.000348941,0.00173844,0.0344587
Plain,1,v1_smooth_20261001,700,14.5008,1.79088e+09,0.0088,5.0334,0.0088,0.0443,178.299,183.501,True,0.130822,0.000484579,0.00263764,0.0487054
Plain,1,v1_smooth_20261001,700,14.5008,1.79088e+09,0.0117,4.8653,0.0117,0.0569,174.193,174.651,True,0.127809,0.000622405,0.00350686,0.0634297
Plain,1,v1_smooth_20261001,700,14.5008,1.79088e+09,0.0146,4.6418,0.0146,0.0678,170.263,174.116,True,0.124925,0.000741636,0.00437608,0.0767874
Plain,1,v1_smooth_20261001,700,14.5008,1.79088e+09,0.0175,4.4338,0.0175,0.0776,166.394,167.564,True,0.122087,0.000848834,0.0052453,0.0893784
Plain,1,v1_smooth_20261001,700,14.5008,1.79088e+09,0.0204,4.1575,0.0204,0.0848,160.932,163.839,True,0.118079,0.000927592,0.00611452,0.0997029
Plain,1,v1_smooth_20261001,700,14.5008,1.79088e+09,0.0234,4.114,0.0234,0.0963,157.403,159.182,True,0.11549,0.00105339,0.00701372,0.114786
Plain,1,v1_smooth_20261001,700,14.5008,1.79088e+09,0.0263,3.9301,0.0263,0.1034,151.598,154.218,True,0.11123,0.00113105,0.00788294,0.125689
Plain,1,v1_smooth_20261001,700,14.5008,1.79088e+09,0.0292,3.4225,0.0292,0.0999,142.105,147.677,True,0.104266,0.00109276,0.00875216,0.126325
Plain,1,v1_smooth_20261001,700,14.5008,1.79088e+09,0.0321,3.369,0.0321,0.1081,138.834,140.801,True,0.101865,0.00118246,0.00962138,0.138994
Plain,1,v1_smooth_20261001,700,14.5008,1.79088e+09,0.035,3.0666,0.035,0.1073,133.636,136.463,True,0.0980515,0.00117371,0.0104906,0.142997
Plain,1,v1_smooth_20261001,700,14.5008,1.79088e+09,0.038,2.8307,0.038,0.1076,130.382,132.128,True,0.0956638,0.00117699,0.0113898,0.148617
Plain,1,v1_smooth_20261001,700,14.5008,1.79088e+09,0.0409,2.7876,0.0409,0.114,126.276,128.712,True,0.0926515,0.001247,0.012259,0.160498
Plain,1,v1_smooth_20261001,700,14.5008,1.79088e+09,0.0438,2.3826,0.0438,0.1044,118.194,122.727,True,0.0867216,0.00114199,0.0131282,0.156712
Plain,1,v1_smooth_20261001,700,14.5008,1.79088e+09,0.0467,2.1994,0.0467,0.1027,114.91,114.893,True,0.0843121,0.00112339,0.0139975,0.16116
Plain,1,v1_smooth_20261001,700,14.5008,1.79088e+09,0.0496,2.048,0.0496,0.1016,107.088,109.645,True,0.0785729,0.00111136,0.0148667,0.166542
Plain,1,v1_smooth_20261001,700,14.5008,1.79088e+09,0.0525,1.727,0.0525,0.0907,104.135,105.366,True,0.0764056,0.000992129,0.0157359,0.162456
Plain,1,v1_smooth_20261001,700,14.5008,1.79088e+09,0.0555,1.5948,0.0555,0.0885,101.363,100.665,True,0.0743724,0.000968064,0.0166351,0.167657
Plain,1,v1_smooth_20261001,800,16.6329,1.79088e+09,0.0019,6.7568,0.0019,0.0128,218.822,220.408,True,0.139973,9.27771e-05,0.00056949,0.0134913
Plain,1,v1_smooth_20261001,800,16.6329,1.79088e+09,0.0038,6.7175,0.0038,0.0255,219.192,218.182,True,0.14021,0.000184829,0.00113898,0.0270257
Plain,1,v1_smooth_20261001,800,16.6329,1.79088e+09,0.0077,6.3335,0.0077,0.0488,214.8,216.588,True,0.137401,0.000353713,0.00230793,0.0524868
Plain,1,v1_smooth_20261001,800,16.6329,1.79088e+09,0.0115,6.0506,0.0115,0.0696,210.676,211.218,True,0.134763,0.000504476,0.00344691,0.0759725
Plain,1,v1_smooth_20261001,800,16.6329,1.79088e+09,0.0154,5.7128,0.0154,0.088,205.904,208.53,True,0.13171,0.000637843,0.00461587,0.097724
Plain,1,v1_smooth_20261001,800,16.6329,1.79088e+09,0.0192,5.5498,0.0192,0.1066,199.832,200.426,True,0.127826,0.00077266,0.00575485,0.12017
Plain,1,v1_smooth_20261001,800,16.6329,1.79088e+09,0.023,5.266,0.023,0.1211,195.454,197.228,True,0.125026,0.000877759,0.00689383,0.139088
Plain,1,v1_smooth_20261001,800,16.6329,1.79088e+09,0.0269,5.1895,0.0269,0.1396,192.761,194.852,True,0.123303,0.00101185,0.00806278,0.162717
Plain,1,v1_smooth_20261001,800,16.6329,1.79088e+09,0.0307,4.9353,0.0307,0.1515,188.38,190.933,True,0.120501,0.0010981,0.00920176,0.180195
Plain,1,v1_smooth_20261001,800,16.6329,1.79088e+09,0.0346,4.5527,0.0346,0.1575,180.872,184.237,True,0.115698,0.00114159,0.0103707,0.192515
Plain,1,v1_smooth_20261001,800,16.6329,1.79088e+09,0.0384,4.3187,0.0384,0.1658,176.472,179.068,True,0.112883,0.00120175,0.0115097,0.207553
Plain,1,v1_smooth_20261001,800,16.6329,1.79088e+09,0.0423,4.049,0.0423,0.1713,171.429,172.971,True,0.109657,0.00124162,0.0126786,0.220563
Plain,1,v1_smooth_20261001,800,16.6329,1.79088e+09,0.0461,3.7774,0.0461,0.1741,165.798,168.873,True,0.106055,0.00126191,0.0138176,0.231261
Plain,1,v1_smooth_20261001,800,16.6329,1.79088e+09,0.0499,3.4213,0.0499,0.1707,159.62,161.52,True,0.102104,0.00123727,0.0149566,0.236331
Plain,1,v1_smooth_20261001,800,16.6329,1.79088e+09,0.0538,3.4242,0.0538,0.1842,156.115,156.522,True,0.0998617,0.00133512,0.0161256,0.259119
Plain,1,v1_smooth_20261001,800,16.6329,1.79088e+09,0.0576,3.1667,0.0576,0.1824,149.099,152.876,True,0.0953735,0.00132207,0.0172645,0.266949
Plain,1,v1_smooth_20261001,800,16.6329,1.79088e+09,0.0615,2.7926,0.0615,0.1717,143.685,144.932,True,0.0919107,0.00124452,0.0184335,0.266728
Plain,1,v1_smooth_20261001,800,16.6329,1.79088e+09,0.0653,2.8451,0.0653,0.1858,141.469,142.497,True,0.0904928,0.00134672,0.0195725,0.291618
Plain,1,v1_smooth_20261001,800,16.6329,1.79088e+09,0.0691,2.4763,0.0691,0.1711,132.325,135.839,True,0.0846439,0.00124017,0.0207115,0.288281
Plain,1,v1_smooth_20261001,800,16.6329,1.79088e+09,0.073,2.037,0.073,0.1487,126.077,128.544,True,0.080647,0.00107781,0.0218804,0.278137
Plain,1,v1_smooth_20261001,800,16.6329,1.79088e+09,0.0768,1.7477,0.0768,0.1342,117.9,120.705,True,0.0754168,0.00097271,0.0230194,0.27616
Plain,1,v1_smooth_20261001,800,16.6329,1.79088e+09,0.0807,1.3215,0.0807,0.1066,112.619,115.479,True,0.0720389,0.00077266,0.0241883,0.262007
Plain,1,v1_smooth_20261001,900,18.765,1.79088e+09,0.0024,7.8886,0.0024,0.0189,255.097,256.64,True,0.144637,9.54002e-05,0.000719356,0.019797
Plain,1,v1_smooth_20261001,900,18.765,1.79088e+09,0.0049,7.8415,0.0049,0.0384,254.999,252.796,True,0.144581,0.000193829,0.00146868,0.0404742
Plain,1,v1_smooth_20261001,900,18.765,1.79088e+09,0.0098,7.4538,0.0098,0.073,252.325,253.724,True,0.143065,0.000368477,0.00293737,0.0781002
Plain,1,v1_smooth_20261001,900,18.765,1.79088e+09,0.0147,7.347,0.0147,0.108,248.428,250.033,True,0.140855,0.000545144,0.00440605,0.117078
Plain,1,v1_smooth_20261001,900,18.765,1.79088e+09,0.0196,6.9691,0.0196,0.1366,244.935,249.39,True,0.138875,0.000689506,0.00587474,0.150608
Plain,1,v1_smooth_20261001,900,18.765,1.79088e+09,0.0244,6.5809,0.0244,0.1606,239.232,242.193,True,0.135641,0.00081065,0.00731345,0.18036
Plain,1,v1_smooth_20261001,900,18.765,1.79088e+09,0.0293,6.3284,0.0293,0.1854,233.333,235.792,True,0.132297,0.000935831,0.00878214,0.211973
Plain,1,v1_smooth_20261001,900,18.765,1.79088e+09,0.0342,5.9458,0.0342,0.2033,226.932,231.334,True,0.128667,0.00102618,0.0102508,0.237639
Plain,1,v1_smooth_20261001,900,18.765,1.79088e+09,0.0391,5.7804,0.0391,0.226,221.895,224.152,True,0.125812,0.00114076,0.0117195,0.269056
Plain,1,v1_smooth_20261001,900,18.765,1.79088e+09,0.044,5.4943,0.044,0.2417,218.182,219.752,True,0.123706,0.00122001,0.0131882,0.294426
Plain,1,v1_smooth_20261001,900,18.765,1.79088e+09,0.0489,5.4961,0.0489,0.2688,215.367,217.07,True,0.12211,0.0013568,0.0146569,0.332147
Plain,1,v1_smooth_20261001,900,18.765,1.79088e+09,0.0538,5.0915,0.0538,0.2739,210.318,214.095,True,0.119247,0.00138255,0.0161256,0.348819
Plain,1,v1_smooth_20261001,900,18.765,1.79088e+09,0.0587,4.5285,0.0587,0.2658,198.625,204.069,True,0.112618,0.00134166,0.0175942,0.353244
Plain,1,v1_smooth_20261001,900,18.765,1.79088e+09,0.0636,4.3288,0.0636,0.2753,190.974,192.469,True,0.10828,0.00138961,0.0190629,0.37622
Plain,1,v1_smooth_20261001,900,18.765,1.79088e+09,0.0684,3.9662,0.0684,0.2713,184.694,189.474,True,0.104719,0.00136942,0.0205016,0.386345
Plain,1,v1_smooth_20261001,900,18.765,1.79088e+09,0.0733,3.7166,0.0733,0.2724,180.119,181.513,True,0.102125,0.00137497,0.0219703,0.402805
Plain,1,v1_smooth_20261001,900,18.765,1.79088e+09,0.0782,3.4674,0.0782,0.2712,174.993,178.717,True,0.0992186,0.00136892,0.023439,0.417918
Plain,1,v1_smooth_20261001,900,18.765,1.79088e+09,0.0831,3.1627,0.0831,0.2628,168.75,171.095,True,0.095679,0.00132652,0.0249077,0.426782
Plain,1,v1_smooth_20261001,900,18.765,1.79088e+09,0.088,2.8489,0.088,0.2507,158.824,162.361,True,0.0900509,0.00126544,0.0263764,0.432898
Plain,1,v1_smooth_20261001,900,18.765,1.79088e+09,0.0929,2.6158,0.0929,0.243,153.554,157.897,True,0.0870631,0.00122657,0.0278451,0.444366
Plain,1,v1_smooth_20261001,900,18.765,1.79088e+09,0.0978,2.2625,0.0978,0.2213,141.838,146.396,True,0.08042,0.00111704,0.0293137,0.442785
Plain,1,v1_smooth_20261001,900,18.765,1.79088e+09,0.1027,2.0721,0.1027,0.2128,138.05,141.177,True,0.0782725,0.00107414,0.0307824,0.455356
Plain,1,v1_smooth_20261001,900,18.765,1.79088e+09,0.1076,1.5347,0.1076,0.1651,132.891,135.235,True,0.0753472,0.000833364,0.0322511,0.42968
Plain,1,v1_smooth_20261001,1000,20.8972,1.79088e+09,0.003,9.3034,0.003,0.0279,295.89,293.967,True,0.150649,0.000101971,0.000899195,0.029057
Plain,1,v1_smooth_20261001,1000,20.8972,1.79088e+09,0.0061,8.9453,0.0061,0.0546,291.892,295.132,True,0.148613,0.000199557,0.00182836,0.0573273
Plain,1,v1_smooth_20261001,1000,20.8972,1.79088e+09,0.0121,8.4404,0.0121,0.1021,284.451,288.879,True,0.144825,0.000373164,0.00362675,0.108949
Plain,1,v1_smooth_20261001,1000,20.8972,1.79088e+09,0.0182,8.2627,0.0182,0.1504,283.789,283.407,True,0.144488,0.000549695,0.00545511,0.162902
Plain,1,v1_smooth_20261001,1000,20.8972,1.79088e+09,0.0243,7.9779,0.0243,0.1939,280.19,280.52,True,0.142655,0.000708683,0.00728348,0.21353
Plain,1,v1_smooth_20261001,1000,20.8972,1.79088e+09,0.0303,7.787,0.0303,0.2359,275.641,276.923,True,0.140339,0.000862188,0.00908187,0.263981
Plain,1,v1_smooth_20261001,1000,20.8972,1.79088e+09,0.0364,7.2737,0.0364,0.2648,267.658,274.243,True,0.136275,0.000967814,0.0109102,0.302935
Plain,1,v1_smooth_20261001,1000,20.8972,1.79088e+09,0.0424,7.0405,0.0424,0.2985,267.067,266.671,True,0.135974,0.00109098,0.0127086,0.347964
Plain,1,v1_smooth_20261001,1000,20.8972,1.79088e+09,0.0485,6.7291,0.0485,0.3264,257.559,260.395,True,0.131133,0.00119296,0.014537,0.388844
Plain,1,v1_smooth_20261001,1000,20.8972,1.79088e+09,0.0546,6.4034,0.0546,0.3496,253.276,256.817,True,0.128952,0.00127775,0.0163653,0.426499
Plain,1,v1_smooth_20261001,1000,20.8972,1.79088e+09,0.0606,6.3103,0.0606,0.3824,248.629,251.163,True,0.126586,0.00139763,0.0181637,0.474957
Plain,1,v1_smooth_20261001,1000,20.8972,1.79088e+09,0.0667,5.6299,0.0667,0.3755,239.708,244.717,True,0.122044,0.00137241,0.0199921,0.485438
Plain,1,v1_smooth_20261001,1000,20.8972,1.79088e+09,0.0728,5.379,0.0728,0.3916,232.258,233.802,True,0.118251,0.00143125,0.0218205,0.520394
Plain,1,v1_smooth_20261001,1000,20.8972,1.79088e+09,0.0788,5.2813,0.0788,0.4162,229.787,229.787,True,0.116993,0.00152116,0.0236188,0.56498
Plain,1,v1_smooth_20261001,1000,20.8972,1.79088e+09,0.0849,4.8001,0.0849,0.4075,221.762,223.949,True,0.112907,0.00148937,0.0254472,0.578063
Plain,1,v1_smooth_20261001,1000,20.8972,1.79088e+09,0.0909,4.1383,0.0909,0.3762,207.044,215.085,True,0.105414,0.00137497,0.0272456,0.569627
Plain,1,v1_smooth_20261001,1000,20.8972,1.79088e+09,0.097,4.0593,0.097,0.3938,198.982,200.634,True,0.101309,0.00143929,0.029074,0.611935
Plain,1,v1_smooth_20261001,1000,20.8972,1.79088e+09,0.1031,3.5908,0.1031,0.3702,195.674,198.992,True,0.0996248,0.00135304,0.0309023,0.614519
Plain,1,v1_smooth_20261001,1000,20.8972,1.79088e+09,0.1091,3.5968,0.1091,0.3924,192.664,193.243,True,0.0980924,0.00143418,0.0327007,0.663912
Plain,1,v1_smooth_20261001,1000,20.8972,1.79088e+09,0.1152,2.9012,0.1152,0.3342,177.276,184.517,True,0.0902577,0.00122146,0.0345291,0.634821
Plain,1,v1_smooth_20261001,1000,20.8972,1.79088e+09,0.1213,2.7693,0.1213,0.3359,171.605,173.551,True,0.0873704,0.00122768,0.0363574,0.667105
Plain,1,v1_smooth_20261001,1000,20.8972,1.79088e+09,0.1273,2.3101,0.1273,0.2941,165.472,168.837,True,0.084248,0.0010749,0.0381558,0.656827
Plain,1,v1_smooth_20261001,1000,20.8972,1.79088e+09,0.1334,2.1908,0.1334,0.2923,156.66,161.754,True,0.0797616,0.00106832,0.0399842,0.688538
Plain,1,v1_smooth_20261001,1100,23.0293,1.79088e+09,0.0037,10.9126,0.0037,0.0404,346.774,342.957,True,0.16021,0.000110326,0.00110901,0.0418782
Plain,1,v1_smooth_20261001,1100,23.0293,1.79088e+09,0.0074,10.5275,0.0074,0.0779,342.857,345.327,True,0.1584,0.000212732,0.00221801,0.0813992
Plain,1,v1_smooth_20261001,1100,23.0293,1.79088e+09,0.0147,9.9049,0.0147,0.1456,334.482,342.857,True,0.154531,0.000397609,0.00440605,0.154678
Plain,1,v1_smooth_20261001,1100,23.0293,1.79088e+09,0.0221,9.5727,0.0221,0.2116,328.788,331.923,True,0.1519,0.000577844,0.00662407,0.228489
Plain,1,v1_smooth_20261001,1100,23.0293,1.79088e+09,0.0295,9.2434,0.0295,0.2727,322.538,325,True,0.149012,0.000744697,0.00884208,0.299572
Plain,1,v1_smooth_20261001,1100,23.0293,1.79088e+09,0.0368,8.8074,0.0368,0.3241,314.706,318.914,True,0.145394,0.000885062,0.0110301,0.362946
Plain,1,v1_smooth_20261001,1100,23.0293,1.79088e+09,0.0442,8.5779,0.0442,0.3791,313.672,315.685,True,0.144916,0.00103526,0.0132481,0.43224
Plain,1,v1_smooth_20261001,1100,23.0293,1.79088e+09,0.0515,8.0765,0.0515,0.4159,302.817,307.1,True,0.139901,0.00113575,0.0154362,0.485269
Plain,1,v1_smooth_20261001,1100,23.0293,1.79088e+09,0.0589,7.8511,0.0589,0.4624,300,304.179,True,0.1386,0.00126274,0.0176542,0.550375
Plain,1,v1_smooth_20261001,1100,23.0293,1.79088e+09,0.0663,7.5148,0.0663,0.4982,289.189,294.723,True,0.133605,0.0013605,0.0198722,0.606953
Plain,1,v1_smooth_20261001,1100,23.0293,1.79088e+09,0.0736,7.1645,0.0736,0.5273,288.485,293.919,True,0.13328,0.00143997,0.0220602,0.658677
Plain,1,v1_smooth_20261001,1100,23.0293,1.79088e+09,0.081,6.8824,0.081,0.5575,279.759,282.575,True,0.129248,0.00152244,0.0242783,0.713966
Plain,1,v1_smooth_20261001,1100,23.0293,1.79088e+09,0.0884,6.4246,0.0884,0.5679,272.152,275.434,True,0.125734,0.00155084,0.0264963,0.751627
Plain,1,v1_smooth_20261001,1100,23.0293,1.79088e+09,0.0957,6.008,0.0957,0.575,266.554,271.346,True,0.123148,0.00157023,0.0286843,0.787746
Plain,1,v1_smooth_20261001,1100,23.0293,1.79088e+09,0.1031,5.9099,0.1031,0.6093,262.052,264.815,True,0.121068,0.00166389,0.0309023,0.853619
Plain,1,v1_smooth_20261001,1100,23.0293,1.79088e+09,0.1104,5.5149,0.1104,0.6088,258.244,259.621,True,0.119309,0.00166253,0.0330904,0.886392
Plain,1,v1_smooth_20261001,1100,23.0293,1.79088e+09,0.1178,5.1075,0.1178,0.6017,250.223,253.922,True,0.115603,0.00164314,0.0353084,0.915177
Plain,1,v1_smooth_20261001,1100,23.0293,1.79088e+09,0.1252,4.4303,0.1252,0.5547,236.82,242.89,True,0.109411,0.00151479,0.0375264,0.906232
Plain,1,v1_smooth_20261001,1100,23.0293,1.79088e+09,0.1325,3.9607,0.1325,0.5248,224.719,229.929,True,0.10382,0.00143314,0.0397144,0.916001
Plain,1,v1_smooth_20261001,1100,23.0293,1.79088e+09,0.1399,3.7246,0.1399,0.5211,217.172,219.854,True,0.100333,0.00142304,0.0419324,0.954669
Plain,1,v1_smooth_20261001,1100,23.0293,1.79088e+09,0.1473,3.4821,0.1473,0.5129,210.256,214.392,True,0.0971381,0.00140064,0.0441505,0.991008
Plain,1,v1_smooth_20261001,1100,23.0293,1.79088e+09,0.1546,2.9514,0.1546,0.4563,204.275,208.927,True,0.0943752,0.00124608,0.0463385,0.980472
Plain,1,v1_smooth_20261001,1100,23.0293,1.79088e+09,0.162,2.7084,0.162,0.4388,195.413,199.422,True,0.0902806,0.00119829,0.0485565,1.01182
Plain,1,v1_smooth_20261001,1200,25.1614,1.79088e+09,0.0044,12.3094,0.0044,0.0542,394.546,392.727,True,0.166834,0.000113483,0.00131882,0.056019
Plain,1,v1_smooth_20261001,1200,25.1614,1.79088e+09,0.0088,11.9439,0.0088,0.1051,386.348,390.121,True,0.163368,0.000220056,0.00263764,0.109505
Plain,1,v1_smooth_20261001,1200,25.1614,1.79088e+09,0.0176,11.3392,0.0176,0.1996,381.281,383.036,True,0.161225,0.000417919,0.00527528,0.211481
Plain,1,v1_smooth_20261001,1200,25.1614,1.79088e+09,0.0264,10.7145,0.0264,0.2829,369.301,377.586,True,0.156159,0.00059233,0.00791291,0.305326
Plain,1,v1_smooth_20261001,1200,25.1614,1.79088e+09,0.0352,10.6219,0.0352,0.3739,364.407,366.102,True,0.15409,0.000782864,0.0105506,0.409941
Plain,1,v1_smooth_20261001,1200,25.1614,1.79088e+09,0.0439,10.2497,0.0439,0.45,360,363.185,True,0.152226,0.000942201,0.0131582,0.502519
Plain,1,v1_smooth_20261001,1200,25.1614,1.79088e+09,0.0527,9.8199,0.0527,0.5175,354.839,355.242,True,0.150044,0.00108353,0.0157959,0.589739
Plain,1,v1_smooth_20261001,1200,25.1614,1.79088e+09,0.0615,9.6221,0.0615,0.5918,353.333,355.826,True,0.149407,0.0012391,0.0184335,0.686828
Plain,1,v1_smooth_20261001,1200,25.1614,1.79088e+09,0.0703,9.2385,0.0703,0.6495,349.18,355.166,True,0.147651,0.00135991,0.0210711,0.770388
Plain,1,v1_smooth_20261001,1200,25.1614,1.79088e+09,0.0791,8.8133,0.0791,0.6971,344.125,343.767,True,0.145513,0.00145957,0.0237088,0.846917
Plain,1,v1_smooth_20261001,1200,25.1614,1.79088e+09,0.0879,8.5091,0.0879,0.7479,334.711,337.07,True,0.141533,0.00156594,0.0263464,0.929716
Plain,1,v1_smooth_20261001,1200,25.1614,1.79088e+09,0.0967,8.044,0.0967,0.7779,328.636,332.578,True,0.138964,0.00162875,0.028984,0.994786
Plain,1,v1_smooth_20261001,1200,25.1614,1.79088e+09,0.1055,7.7446,0.1055,0.8171,325.399,325,True,0.137595,0.00171083,0.0316217,1.07212
Plain,1,v1_smooth_20261001,1200,25.1614,1.79088e+09,0.1143,7.1826,0.1143,0.821,313.758,315.442,True,0.132673,0.00171899,0.0342593,1.11723
Plain,1,v1_smooth_20261001,1200,25.1614,1.79088e+09,0.1231,7.0908,0.1231,0.8729,310.156,313.026,True,0.13115,0.00182766,0.036897,1.21341
Plain,1,v1_smooth_20261001,1200,25.1614,1.79088e+09,0.1318,6.748,0.1318,0.8894,304.225,306.621,True,0.128642,0.00186221,0.0395046,1.27671
Plain,1,v1_smooth_20261001,1200,25.1614,1.79088e+09,0.1406,6.0687,0.1406,0.8533,294.807,300.441,True,0.124659,0.00178662,0.0421423,1.29099
Plain,1,v1_smooth_20261001,1200,25.1614,1.79088e+09,0.1494,5.5418,0.1494,0.8279,283.289,289.999,True,0.119789,0.00173344,0.0447799,1.31904
Plain,1,v1_smooth_20261001,1200,25.1614,1.79088e+09,0.1582,5.2612,0.1582,0.8323,280.889,282.376,True,0.118774,0.00174265,0.0474175,1.37997
Plain,1,v1_smooth_20261001,1200,25.1614,1.79088e+09,0.167,4.7551,0.167,0.7941,271.992,273.418,True,0.115012,0.00166267,0.0500552,1.40136
Plain,1,v1_smooth_20261001,1200,25.1614,1.79088e+09,0.1758,4.2739,0.1758,0.7514,258.82,266.667,True,0.109442,0.00157327,0.0526928,1.42132
Plain,1,v1_smooth_20261001,1200,25.1614,1.79088e+09,0.1846,3.6408,0.1846,0.6721,238.889,246.629,True,0.101015,0.00140723,0.0553305,1.40775
Plain,1,v1_smooth_20261001,1200,25.1614,1.79088e+09,0.1934,3.5199,0.1934,0.6807,242.697,240.611,True,0.102624,0.00142524,0.0579681,1.48516
Plain,1,v1_smooth_20261001,1300,27.2935,1.79088e+09,0.0052,14.0402,0.0052,0.073,445.849,446.875,True,0.1738,0.000119751,0.0015586,0.0752321
Plain,1,v1_smooth_20261001,1300,27.2935,1.79088e+09,0.0103,13.6197,0.0103,0.1403,440.817,445.676,True,0.171838,0.000230152,0.00308724,0.145763
Plain,1,v1_smooth_20261001,1300,27.2935,1.79088e+09,0.0207,12.9272,0.0207,0.2676,431.178,434.39,True,0.168081,0.000438978,0.00620444,0.282845
Plain,1,v1_smooth_20261001,1300,27.2935,1.79088e+09,0.031,12.4676,0.031,0.3865,427.259,423.529,True,0.166553,0.000634025,0.00929168,0.41566
Plain,1,v1_smooth_20261001,1300,27.2935,1.79088e+09,0.0414,12.0229,0.0414,0.4977,421.991,427.301,True,0.1645,0.00081644,0.0124089,0.545176
Plain,1,v1_smooth_20261001,1300,27.2935,1.79088e+09,0.0517,11.6988,0.0517,0.6048,421.569,420.285,True,0.164335,0.00099213,0.0154961,0.674643
Plain,1,v1_smooth_20261001,1300,27.2935,1.79088e+09,0.0621,11.2934,0.0621,0.7013,407.495,410.456,True,0.158849,0.00115043,0.0186133,0.797994
Plain,1,v1_smooth_20261001,1300,27.2935,1.79088e+09,0.0724,10.892,0.0724,0.7886,401.852,406.991,True,0.156649,0.00129364,0.0217006,0.916112
Plain,1,v1_smooth_20261001,1300,27.2935,1.79088e+09,0.0827,10.5185,0.0827,0.8699,396.364,399.341,True,0.15451,0.00142701,0.0247878,1.03244
Plain,1,v1_smooth_20261001,1300,27.2935,1.79088e+09,0.0931,9.9533,0.0931,0.9267,389.286,397.097,True,0.151751,0.00152018,0.027905,1.12887
Plain,1,v1_smooth_20261001,1300,27.2935,1.79088e+09,0.1034,9.4812,0.1034,0.9804,380.343,383.036,True,0.148265,0.00160827,0.0309922,1.22604
Plain,1,v1_smooth_20261001,1300,27.2935,1.79088e+09,0.1138,9.0436,0.1138,1.0292,372.413,374.082,True,0.145174,0.00168833,0.0341095,1.32301
Plain,1,v1_smooth_20261001,1300,27.2935,1.79088e+09,0.1241,8.7118,0.1241,1.0811,370.545,372.414,True,0.144445,0.00177346,0.0371967,1.42684
Plain,1,v1_smooth_20261001,1300,27.2935,1.79088e+09,0.1345,8.5136,0.1345,1.1451,366.102,366.102,True,0.142713,0.00187845,0.0403139,1.54754
Plain,1,v1_smooth_20261001,1300,27.2935,1.79088e+09,0.1448,7.9433,0.1448,1.1502,358.497,365.296,True,0.139749,0.00188682,0.0434011,1.61302
Plain,1,v1_smooth_20261001,1300,27.2935,1.79088e+09,0.1551,7.6909,0.1551,1.1929,354.099,354.098,True,0.138034,0.00195686,0.0464884,1.7203
Plain,1,v1_smooth_20261001,1300,27.2935,1.79088e+09,0.1655,7.2626,0.1655,1.202,347.934,349.669,True,0.135631,0.00197179,0.0496056,1.79888
Plain,1,v1_smooth_20261001,1300,27.2935,1.79088e+09,0.1758,7.2276,0.1758,1.2706,344.943,340.476,True,0.134465,0.00208433,0.0526928,1.94052
Plain,1,v1_smooth_20261001,1300,27.2935,1.79088e+09,0.1862,6.6112,0.1862,1.231,334.474,343.702,True,0.130384,0.00201936,0.05581,1.97894
Plain,1,v1_smooth_20261001,1300,27.2935,1.79088e+09,0.1965,6.1874,0.1965,1.2158,327.273,328.52,True,0.127577,0.00199443,0.0588973,2.04523
Plain,1,v1_smooth_20261001,1300,27.2935,1.79088e+09,0.2069,5.4578,0.2069,1.1292,316.895,325.748,True,0.123532,0.00185237,0.0620145,2.04517
Plain,1,v1_smooth_20261001,1300,27.2935,1.79088e+09,0.2172,5.2788,0.2172,1.1466,311.594,310.87,True,0.121465,0.00188091,0.0651017,2.15252
Plain,1,v1_smooth_20261001,1300,27.2935,1.79088e+09,0.2275,4.7607,0.2275,1.0831,296.666,303.483,True,0.115646,0.00177675,0.0681889,2.18316
Plain,1,v1_smooth_20261001,1300,27.2935,1.79088e+09,0.2379,4.1882,0.2379,0.9964,290.12,291.747,True,0.113094,0.00163452,0.0713061,2.19579
Plain,1,v1_smooth_20261001,1300,27.2935,1.79088e+09,0.2482,3.496,0.2482,0.8677,268.854,277.251,True,0.104804,0.0014234,0.0743934,2.16969
Plain,1,v1_smooth_20261001,1400,29.4257,1.79088e+09,0.006,16.1628,0.006,0.097,514.981,519.513,True,0.186203,0.000126978,0.00179839,0.0996707
Plain,1,v1_smooth_20261001,1400,29.4257,1.79088e+09,0.012,15.6342,0.012,0.1876,508.68,506.747,True,0.183925,0.000245578,0.00359678,0.194368
Plain,1,v1_smooth_20261001,1400,29.4257,1.79088e+09,0.024,15.1234,0.024,0.363,500,509.302,True,0.180786,0.000475187,0.00719356,0.382245
Plain,1,v1_smooth_20261001,1400,29.4257,1.79088e+09,0.0361,14.2188,0.0361,0.5133,486.689,495.384,True,0.175973,0.000671937,0.0108203,0.550906
Plain,1,v1_smooth_20261001,1400,29.4257,1.79088e+09,0.0481,13.8004,0.0481,0.6638,472.794,476.666,True,0.17095,0.00086895,0.0144171,0.725348
Plain,1,v1_smooth_20261001,1400,29.4257,1.79088e+09,0.0601,13.194,0.0601,0.793,469.565,472.827,True,0.169782,0.00103808,0.0180139,0.884197
Plain,1,v1_smooth_20261001,1400,29.4257,1.79088e+09,0.0721,12.5853,0.0721,0.9074,459.574,462.971,True,0.16617,0.00118784,0.0216106,1.03396
Plain,1,v1_smooth_20261001,1400,29.4257,1.79088e+09,0.0842,12.091,0.0842,1.0181,447.916,453.125,True,0.161954,0.00133275,0.0252374,1.18609
Plain,1,v1_smooth_20261001,1400,29.4257,1.79088e+09,0.0962,11.6281,0.0962,1.1186,442.954,446.876,True,0.16016,0.00146431,0.0288342,1.33341
Plain,1,v1_smooth_20261001,1400,29.4257,1.79088e+09,0.1082,11.3119,0.1082,1.2239,440.71,437.915,True,0.159349,0.00160215,0.032431,1.49124
Plain,1,v1_smooth_20261001,1400,29.4257,1.79088e+09,0.1202,10.7975,0.1202,1.2979,434,438.745,True,0.156923,0.00169902,0.0360277,1.62348
Plain,1,v1_smooth_20261001,1400,29.4257,1.79088e+09,0.1322,10.3431,0.1322,1.3674,426.902,429.001,True,0.154356,0.00179,0.0396245,1.75693
Plain,1,v1_smooth_20261001,1400,29.4257,1.79088e+09,0.1443,9.6269,0.1443,1.3892,413.722,418.451,True,0.149591,0.00181854,0.0432513,1.84899
Plain,1,v1_smooth_20261001,1400,29.4257,1.79088e+09,0.1563,9.7445,0.1563,1.5231,417.308,415.385,True,0.150887,0.00199382,0.046848,2.0583
Plain,1,v1_smooth_20261001,1400,29.4257,1.79088e+09,0.1683,8.9764,0.1683,1.5107,405.055,415.385,True,0.146457,0.00197759,0.0504448,2.12702
Plain,1,v1_smooth_20261001,1400,29.4257,1.79088e+09,0.1803,8.4718,0.1803,1.5275,395.616,397.894,True,0.143044,0.00199958,0.0540416,2.23065
Plain,1,v1_smooth_20261001,1400,29.4257,1.79088e+09,0.1923,8.2103,0.1923,1.5788,390.909,390,True,0.141342,0.00206673,0.0576384,2.37449
Plain,1,v1_smooth_20261001,1400,29.4257,1.79088e+09,0.2044,7.5899,0.2044,1.5514,384.21,386.163,True,0.13892,0.00203087,0.0612651,2.44618
Plain,1,v1_smooth_20261001,1400,29.4257,1.79088e+09,0.2164,7.1826,0.2164,1.5543,374.31,378.947,True,0.13534,0.00203466,0.0648619,2.55308
Plain,1,v1_smooth_20261001,1400,29.4257,1.79088e+09,0.2284,6.7578,0.2284,1.5435,365.46,366.614,True,0.13214,0.00202052,0.0684587,2.65199
Plain,1,v1_smooth_20261001,1400,29.4257,1.79088e+09,0.2404,6.1523,0.2404,1.479,360.5,363.56,True,0.130347,0.00193609,0.0720555,2.70291
Plain,1,v1_smooth_20261001,1400,29.4257,1.79088e+09,0.2525,5.9512,0.2525,1.5027,353.886,354.098,True,0.127956,0.00196712,0.0756822,2.84877
Plain,1,v1_smooth_20261001,1400,29.4257,1.79088e+09,0.2645,5.4142,0.2645,1.4321,344.312,351.64,True,0.124494,0.0018747,0.079279,2.90505
Plain,1,v1_smooth_20261001,1400,29.4257,1.79088e+09,0.2765,4.8757,0.2765,1.3481,338.167,342.857,True,0.122272,0.00176474,0.0828758,2.95364
Plain,1,v1_smooth_20261001,1400,29.4257,1.79088e+09,0.2885,4.3952,0.2885,1.268,327.273,328.929,True,0.118333,0.00165988,0.0864726,3.01184
Plain,1,v1_smooth_20261001,1400,29.4257,1.79088e+09,0.3005,3.9216,0.3005,1.1784,314.25,321.968,True,0.113624,0.00154259,0.0900693,3.06625
Plain,1,v1_smooth_20261001,1400,29.4257,1.79088e+09,0.3126,3.4113,0.3126,1.0664,307.482,315.217,True,0.111177,0.00139597,0.0936961,3.10524
Plain,1,v1_smooth_20261001,1500,31.5578,1.79088e+09,0.0069,18.0083,0.0069,0.1243,568.262,568.421,True,0.191586,0.000131913,0.00206815,0.127494
Plain,1,v1_smooth_20261001,1500,31.5578,1.79088e+09,0.0138,17.3971,0.0138,0.2401,560.718,562.769,True,0.189043,0.000254805,0.0041363,0.248376
Plain,1,v1_smooth_20261001,1500,31.5578,1.79088e+09,0.0277,16.8314,0.0277,0.4662,556.41,554.955,True,0.18759,0.000494754,0.00830256,0.490444
Plain,1,v1_smooth_20261001,1500,31.5578,1.79088e+09,0.0415,16.3582,0.0415,0.6789,551.282,553.847,True,0.185861,0.000720481,0.0124389,0.726573
Plain,1,v1_smooth_20261001,1500,31.5578,1.79088e+09,0.0553,15.4879,0.0553,0.8565,537.499,543.751,True,0.181215,0.000908958,0.0165752,0.935152
Plain,1,v1_smooth_20261001,1500,31.5578,1.79088e+09,0.0691,15.1606,0.0691,1.0476,535.615,535.328,True,0.180579,0.00111176,0.0207115,1.16478
Plain,1,v1_smooth_20261001,1500,31.5578,1.79088e+09,0.083,14.1425,0.083,1.1738,515.259,523.17,True,0.173717,0.00124569,0.0248777,1.33742
Plain,1,v1_smooth_20261001,1500,31.5578,1.79088e+09,0.0968,13.6531,0.0968,1.3216,504.651,507.625,True,0.17014,0.00140254,0.029014,1.5389
Plain,1,v1_smooth_20261001,1500,31.5578,1.79088e+09,0.1106,12.9774,0.1106,1.4353,497.674,507.944,True,0.167788,0.00152321,0.0331503,1.71383
Plain,1,v1_smooth_20261001,1500,31.5578,1.79088e+09,0.1244,12.2822,0.1244,1.5279,485.67,490.91,True,0.163741,0.00162148,0.0372866,1.87521
Plain,1,v1_smooth_20261001,1500,31.5578,1.79088e+09,0.1383,11.7986,0.1383,1.6317,477.778,483.333,True,0.16108,0.00173164,0.0414529,2.05592
Plain,1,v1_smooth_20261001,1500,31.5578,1.79088e+09,0.1521,11.3377,0.1521,1.7245,471.738,472.224,True,0.159044,0.00183012,0.0455892,2.23266
Plain,1,v1_smooth_20261001,1500,31.5578,1.79088e+09,0.1659,10.8781,0.1659,1.8047,463.829,467.34,True,0.156377,0.00191523,0.0497255,2.40434
Plain,1,v1_smooth_20261001,1500,31.5578,1.79088e+09,0.1797,10.1551,0.1797,1.8249,456.658,462.766,True,0.153959,0.00193667,0.0538618,2.52357
Plain,1,v1_smooth_20261001,1500,31.5578,1.79088e+09,0.1936,9.7371,0.1936,1.8851,445.398,446.875,True,0.150163,0.00200056,0.058028,2.69116
Plain,1,v1_smooth_20261001,1500,31.5578,1.79088e+09,0.2074,9.127,0.2074,1.8929,436.735,437.755,True,0.147243,0.00200884,0.0621643,2.81314
Plain,1,v1_smooth_20261001,1500,31.5578,1.79088e+09,0.2212,8.6091,0.2212,1.9043,427.065,435,True,0.143983,0.00202093,0.0663006,2.94628
Plain,1,v1_smooth_20261001,1500,31.5578,1.79088e+09,0.2351,8.3464,0.2351,1.9622,425.983,428.673,True,0.143618,0.00208238,0.0704669,3.13443
Plain,1,v1_smooth_20261001,1500,31.5578,1.79088e+09,0.2489,7.9546,0.2489,1.9799,422.704,420.588,True,0.142512,0.00210116,0.0746032,3.28902
Plain,1,v1_smooth_20261001,1500,31.5578,1.79088e+09,0.2627,7.2878,0.2627,1.9145,409.434,413.789,True,0.138038,0.00203176,0.0787395,3.36806
Plain,1,v1_smooth_20261001,1500,31.5578,1.79088e+09,0.2765,6.8449,0.2765,1.8926,403.774,399.681,True,0.13613,0.00200852,0.0828758,3.49814
Plain,1,v1_smooth_20261001,1500,31.5578,1.79088e+09,0.2904,6.3639,0.2904,1.8481,392.449,394.66,True,0.132312,0.00196129,0.0870421,3.61437
Plain,1,v1_smooth_20261001,1500,31.5578,1.79088e+09,0.3042,5.6139,0.3042,1.7077,376.207,385.636,True,0.126836,0.00181229,0.0911783,3.64111
Plain,1,v1_smooth_20261001,1500,31.5578,1.79088e+09,0.318,5.4084,0.318,1.7199,367.994,374.022,True,0.124067,0.00182524,0.0953146,3.828
Plain,1,v1_smooth_20261001,1500,31.5578,1.79088e+09,0.3318,4.9799,0.3318,1.6523,372.52,378.947,True,0.125593,0.0017535,0.0994509,3.94264
Plain,1,v1_smooth_20261001,1500,31.5578,1.79088e+09,0.3457,4.4414,0.3457,1.5354,359.268,366.105,True,0.121125,0.00162944,0.103617,4.01693
Plain,1,v1_smooth_20261001,1500,31.5578,1.79088e+09,0.3595,3.9634,0.3595,1.4248,351.184,353.836,True,0.1184,0.00151207,0.107754,4.10372
Plain,1,v1_smooth_20261001,1600,33.6899,1.79088e+09,0.0079,19.5847,0.0079,0.1547,620,628.271,True,0.195801,0.000134936,0.00236788,0.158514
Plain,1,v1_smooth_20261001,1600,33.6899,1.79088e+09,0.0158,19.0086,0.0158,0.3003,614.286,621.428,True,0.193996,0.000261934,0.00473576,0.310402
Plain,1,v1_smooth_20261001,1600,33.6899,1.79088e+09,0.0315,18.2159,0.0315,0.5738,605.555,610.644,True,0.191239,0.000500492,0.00944154,0.603742
Plain,1,v1_smooth_20261001,1600,33.6899,1.79088e+09,0.0473,17.548,0.0473,0.83,597.223,595.833,True,0.188607,0.00072396,0.0141773,0.889774
Plain,1,v1_smooth_20261001,1600,33.6899,1.79088e+09,0.063,17.0455,0.063,1.0739,591.667,595.833,True,0.186853,0.0009367,0.0188831,1.17312
Plain,1,v1_smooth_20261001,1600,33.6899,1.79088e+09,0.0788,16.6026,0.0788,1.3083,586.486,587.837,True,0.185217,0.00114115,0.0236188,1.45708
Plain,1,v1_smooth_20261001,1600,33.6899,1.79088e+09,0.0946,15.5846,0.0946,1.4743,575.568,583.784,True,0.181769,0.00128595,0.0283546,1.68254
Plain,1,v1_smooth_20261001,1600,33.6899,1.79088e+09,0.1103,14.8362,0.1103,1.6364,562.864,568.421,True,0.177757,0.00142734,0.0330604,1.91352
Plain,1,v1_smooth_20261001,1600,33.6899,1.79088e+09,0.1261,14.2231,0.1261,1.7935,548.717,550,True,0.173289,0.00156436,0.0377962,2.14981
Plain,1,v1_smooth_20261001,1600,33.6899,1.79088e+09,0.1418,13.6497,0.1418,1.9355,542.5,543.751,True,0.171325,0.00168822,0.0425019,2.3803
Plain,1,v1_smooth_20261001,1600,33.6899,1.79088e+09,0.1576,13.0121,0.1576,2.0507,526.83,531.018,True,0.166377,0.00178871,0.0472377,2.59441
Plain,1,v1_smooth_20261001,1600,33.6899,1.79088e+09,0.1733,12.4811,0.1733,2.163,524.39,529.906,True,0.165606,0.00188666,0.0519435,2.81481
Plain,1,v1_smooth_20261001,1600,33.6899,1.79088e+09,0.1891,11.9244,0.1891,2.2549,518.2,522.533,True,0.163651,0.00196682,0.0566792,3.02535
Plain,1,v1_smooth_20261001,1600,33.6899,1.79088e+09,0.2049,11.3973,0.2049,2.3353,506.977,509.302,True,0.160107,0.00203695,0.061415,3.2343
Plain,1,v1_smooth_20261001,1600,33.6899,1.79088e+09,0.2206,10.7894,0.2206,2.3801,497.535,498.837,True,0.157125,0.00207602,0.0661208,3.41663
Plain,1,v1_smooth_20261001,1600,33.6899,1.79088e+09,0.2364,10.0794,0.2364,2.3828,485.793,488.355,True,0.153417,0.00207838,0.0708565,3.5676
Plain,1,v1_smooth_20261001,1600,33.6899,1.79088e+09,0.2521,9.5002,0.2521,2.395,475.579,476.666,True,0.150191,0.00208902,0.0755623,3.73694
Plain,1,v1_smooth_20261001,1600,33.6899,1.79088e+09,0.2679,9.1063,0.2679,2.4396,473.913,474.634,True,0.149665,0.00212792,0.0802981,3.94954
Plain,1,v1_smooth_20261001,1600,33.6899,1.79088e+09,0.2837,8.6464,0.2837,2.453,,,False,,0.00213961,0.0850339,4.14084
Plain,1,v1_smooth_20261001,1600,33.6899,1.79088e+09,0.2994,8.0178,0.2994,2.4005,,,False,,0.00209382,0.0897396,4.27491
Plain,1,v1_smooth_20261001,1600,33.6899,1.79088e+09,0.3152,7.2118,0.3152,2.2732,440.794,,True,0.139206,0.00198278,0.0944754,4.34524
Plain,1,v1_smooth_20261001,1600,33.6899,1.79088e+09,0.3309,6.9698,0.3309,2.3063,434,435.454,True,0.13706,0.00201165,0.0991812,4.58452
Plain,1,v1_smooth_20261001,1600,33.6899,1.79088e+09,0.3467,6.4187,0.3467,2.2254,432.163,435,True,0.13648,0.00194109,0.103917,4.72098
Plain,1,v1_smooth_20261001,1600,33.6899,1.79088e+09,0.3624,6.117,0.3624,2.2168,419.23,420.229,True,0.132396,0.00193358,0.108623,4.93817
Plain,1,v1_smooth_20261001,1600,33.6899,1.79088e+09,0.3782,5.5018,0.3782,2.0808,415.384,415.385,True,0.131182,0.00181496,0.113358,5.03925
Plain,1,v1_smooth_20261001,1600,33.6899,1.79088e+09,0.394,4.7105,0.394,1.8559,398.686,407.569,True,0.125908,0.00161879,0.118094,5.06134
Plain,1,v1_smooth_20261001,1600,33.6899,1.79088e+09,0.4097,4.2018,0.4097,1.7215,389.091,390,True,0.122878,0.00150156,0.1228,5.18216
Plain,1,v1_smooth_20261001,1700,35.822,1.79088e+09,0.0089,21.349,0.0089,0.19,681.25,679.687,True,0.202338,0.00013786,0.00266761,0.194473
Plain,1,v1_smooth_20261001,1700,35.822,1.79088e+09,0.0178,20.806,0.0178,0.3703,671.875,670.312,True,0.199554,0.000268682,0.00533522,0.382386
Plain,1,v1_smooth_20261001,1700,35.822,1.79088e+09,0.0356,20.0926,0.0356,0.7153,662.781,665.205,True,0.196853,0.000519008,0.0106704,0.752033
Plain,1,v1_smooth_20261001,1700,35.822,1.79088e+09,0.0534,19.3857,0.0534,1.0352,658.322,662.517,True,0.195529,0.000751121,0.0160057,1.10914
Plain,1,v1_smooth_20261001,1700,35.822,1.79088e+09,0.0713,18.5219,0.0713,1.3206,648.485,658.671,True,0.192607,0.000958201,0.0213709,1.44462
Plain,1,v1_smooth_20261001,1700,35.822,1.79088e+09,0.0891,17.6029,0.0891,1.5684,634.84,639.706,True,0.188554,0.001138,0.0267061,1.75482
Plain,1,v1_smooth_20261001,1700,35.822,1.79088e+09,0.1069,17.3212,0.1069,1.8516,635.294,634.149,True,0.188689,0.00134348,0.0320413,2.11298
Plain,1,v1_smooth_20261001,1700,35.822,1.79088e+09,0.1247,16.4377,0.1247,2.0498,619.825,622.059,True,0.184094,0.00148729,0.0373765,2.39869
Plain,1,v1_smooth_20261001,1700,35.822,1.79088e+09,0.1425,15.6389,0.1425,2.2285,603.075,608.572,True,0.17912,0.00161696,0.0427118,2.67747
Plain,1,v1_smooth_20261001,1700,35.822,1.79088e+09,0.1603,14.991,0.1603,2.4031,595.826,600.023,True,0.176967,0.00174364,0.048047,2.96471
Plain,1,v1_smooth_20261001,1700,35.822,1.79088e+09,0.1782,14.3467,0.1782,2.5566,581.189,591.666,True,0.172619,0.00185502,0.0534122,3.24414
Plain,1,v1_smooth_20261001,1700,35.822,1.79088e+09,0.196,13.5653,0.196,2.6588,578.378,583.783,True,0.171784,0.00192917,0.0587474,3.48417
Plain,1,v1_smooth_20261001,1700,35.822,1.79088e+09,0.2138,13.01,0.2138,2.7815,565.409,569.634,True,0.167932,0.0020182,0.0640826,3.75726
Plain,1,v1_smooth_20261001,1700,35.822,1.79088e+09,0.2316,12.5074,0.2316,2.8967,565.601,563.138,True,0.167989,0.00210179,0.0694178,4.03541
Plain,1,v1_smooth_20261001,1700,35.822,1.79088e+09,0.2494,11.4739,0.2494,2.8616,546.733,557.692,True,0.162386,0.00207632,0.0747531,4.17582
Plain,1,v1_smooth_20261001,1700,35.822,1.79088e+09,0.2672,10.9752,0.2672,2.9326,535,539.999,True,0.158901,0.00212784,0.0800883,4.43489
Plain,1,v1_smooth_20261001,1700,35.822,1.79088e+09,0.2851,10.5237,0.2851,3.0003,535,528.751,True,0.158901,0.00217696,0.0854535,4.70438
Plain,1,v1_smooth_20261001,1700,35.822,1.79088e+09,0.3029,9.5861,0.3029,2.9036,518.983,523.767,True,0.154143,0.00210679,0.0907887,4.82094
Plain,1,v1_smooth_20261001,1700,35.822,1.79088e+09,0.3207,9.117,0.3207,2.9238,507.315,508.794,True,0.150678,0.00212145,0.0961239,5.06696
Plain,1,v1_smooth_20261001,1700,35.822,1.79088e+09,0.3385,8.2782,0.3385,2.8022,494.259,507.887,True,0.1468,0.00203322,0.101459,5.18374
Plain,1,v1_smooth_20261001,1700,35.822,1.79088e+09,0.3563,8.1865,0.3563,2.9168,488.636,480.682,True,0.14513,0.00211637,0.106794,5.54928
Plain,1,v1_smooth_20261001,1700,35.822,1.79088e+09,0.3741,7.1711,0.3741,2.6827,484.318,490.909,True,0.143847,0.00194651,0.11213,5.57868
Plain,1,v1_smooth_20261001,1700,35.822,1.79088e+09,0.392,6.8761,0.392,2.6954,258.806,,True,0.076868,0.00195573,0.117495,5.86903
Plain,1,v1_smooth_20261001,1700,35.822,1.79088e+09,0.4098,6.1929,0.4098,2.5379,,,False,,0.00184145,0.12283,6.00022
Plain,1,v1_smooth_20261001,1700,35.822,1.79088e+09,0.4276,5.3813,0.4276,2.301,,,False,,0.00166956,0.128165,6.06457
Plain,1,v1_smooth_20261001,1700,35.822,1.79088e+09,0.4454,4.7947,0.4454,2.1356,,,False,,0.00154955,0.1335,6.21298
Plain,1,v1_smooth_20261001,1800,37.9542,1.79088e+09,0.01,23.3436,0.01,0.2334,736.666,730.001,True,0.206507,0.000142383,0.00299732,0.238644
Plain,1,v1_smooth_20261001,1800,37.9542,1.79088e+09,0.02,22.6159,0.02,0.4523,726.666,734.36,True,0.203703,0.000275921,0.00599463,0.466752
Plain,1,v1_smooth_20261001,1800,37.9542,1.79088e+09,0.04,21.7345,0.04,0.8694,727.306,734.042,True,0.203882,0.000530369,0.0119893,0.914161
Plain,1,v1_smooth_20261001,1800,37.9542,1.79088e+09,0.06,20.958,0.06,1.2575,713.333,720.001,True,0.199966,0.000767125,0.0179839,1.34843
Plain,1,v1_smooth_20261001,1800,37.9542,1.79088e+09,0.08,20.2489,0.08,1.6199,711.94,705,True,0.199575,0.000988203,0.0239785,1.77285
Plain,1,v1_smooth_20261001,1800,37.9542,1.79088e+09,0.1,19.2463,0.1,1.9246,689.399,693.321,True,0.193256,0.00117408,0.0299732,2.15543
Plain,1,v1_smooth_20261001,1800,37.9542,1.79088e+09,0.12,18.4962,0.12,2.2195,678.875,683.25,True,0.190306,0.00135398,0.0359678,2.54406
Plain,1,v1_smooth_20261001,1800,37.9542,1.79088e+09,0.14,17.6127,0.14,2.4658,670.671,675,True,0.188006,0.00150424,0.0419624,2.89996
Plain,1,v1_smooth_20261001,1800,37.9542,1.79088e+09,0.16,16.9614,0.16,2.7138,657.576,659.091,True,0.184335,0.00165553,0.0479571,3.27341
Plain,1,v1_smooth_20261001,1800,37.9542,1.79088e+09,0.18,16.0922,0.18,2.8966,647.058,654.231,True,0.181387,0.00176704,0.0539517,3.59751
Plain,1,v1_smooth_20261001,1800,37.9542,1.79088e+09,0.2,15.5061,0.2,3.1012,640.592,643.657,True,0.179574,0.00189186,0.0599463,3.95927
Plain,1,v1_smooth_20261001,1800,37.9542,1.79088e+09,0.22,14.5104,0.22,3.1923,626.871,630.882,True,0.175728,0.00194743,0.0659409,4.22339
Plain,1,v1_smooth_20261001,1800,37.9542,1.79088e+09,0.24,13.9485,0.24,3.3476,621.234,623.864,True,0.174148,0.00204217,0.0719356,4.56757
Plain,1,v1_smooth_20261001,1800,37.9542,1.79088e+09,0.26,13.15,0.26,3.419,601.743,608.571,True,0.168684,0.00208573,0.0779302,4.8437
Plain,1,v1_smooth_20261001,1800,37.9542,1.79088e+09,0.28,12.4153,0.28,3.4763,597.432,600,True,0.167476,0.00212068,0.0839248,5.12159
Plain,1,v1_smooth_20261001,1800,37.9542,1.79088e+09,0.3,12.1554,0.3,3.6466,594.444,587.501,True,0.166638,0.00222457,0.0899195,5.52834
Plain,1,v1_smooth_20261001,1800,37.9542,1.79088e+09,0.32,11.0601,0.32,3.5392,573.685,579.559,True,0.160819,0.00215905,0.0959141,5.67324
Plain,1,v1_smooth_20261001,1800,37.9542,1.79088e+09,0.34,10.6514,0.34,3.6215,573.684,572.368,True,0.160818,0.00220926,0.101909,6.0237
Plain,1,v1_smooth_20261001,1800,37.9542,1.79088e+09,0.36,9.7021,0.36,3.4928,553.846,562.208,True,0.155257,0.00213075,0.107903,6.17902
Plain,1,v1_smooth_20261001,1800,37.9542,1.79088e+09,0.38,9.642,0.38,3.664,558.613,550.542,True,0.156594,0.00223519,0.113898,6.65009
Plain,1,v1_smooth_20261001,1800,37.9542,1.79088e+09,0.4,8.5262,0.4,3.4105,540,549.624,True,0.151376,0.00208054,0.119893,6.71232
Plain,1,v1_smooth_20261001,1800,37.9542,1.79088e+09,0.42,8.2395,0.42,3.4606,539.025,531.34,True,0.151103,0.0021111,0.125887,7.09401
Plain,1,v1_smooth_20261001,1800,37.9542,1.79088e+09,0.44,7.2981,0.44,3.2112,524.421,533.462,True,0.147009,0.00195896,0.131882,7.19205
Plain,1,v1_smooth_20261001,1800,37.9542,1.79088e+09,0.46,6.5375,0.46,3.0072,506.806,509.571,True,0.142071,0.00183451,0.137877,7.35135
Plain,1,v1_smooth_20261001,1800,37.9542,1.79088e+09,0.48,6.0573,0.48,2.9075,502.381,505.02,True,0.14083,0.00177369,0.143871,7.63081
Plain,1,v1_smooth_20261001,1800,37.9542,1.79088e+09,0.5,5.6027,0.5,2.8013,494.907,493.671,True,0.138735,0.0017089,0.149866,7.91962
Plain,2,v1_smooth_repeat_20261001,500,10.2365,1.79089e+09,0.001,2.9404,0.001,0.0029,99.4429,94.4046,True,0.103358,9.01725e-05,0.000299732,0.00324601
Plain,2,v1_smooth_repeat_20261001,500,10.2365,1.79089e+09,0.002,2.9313,0.002,0.0059,103.502,102.151,True,0.107577,0.000183454,0.000599463,0.00663166
Plain,2,v1_smooth_repeat_20261001,500,10.2365,1.79089e+09,0.004,2.9311,0.004,0.0117,104.795,104.348,True,0.108921,0.000363799,0.00119893,0.0133219
Plain,2,v1_smooth_repeat_20261001,500,10.2365,1.79089e+09,0.006,2.7268,0.006,0.0164,103.349,103.349,True,0.107418,0.000509941,0.00179839,0.0190707
Plain,2,v1_smooth_repeat_20261001,500,10.2365,1.79089e+09,0.008,2.5601,0.008,0.0205,100.062,101.119,True,0.104002,0.000637426,0.00239785,0.024378
Plain,2,v1_smooth_repeat_20261001,500,10.2365,1.79089e+09,0.01,2.4849,0.01,0.0248,96.2671,98.0112,True,0.100057,0.00077113,0.00299732,0.030044
Plain,2,v1_smooth_repeat_20261001,500,10.2365,1.79089e+09,0.012,2.2813,0.012,0.0274,92.3077,94.9177,True,0.0959415,0.000851975,0.00359678,0.0341685
Plain,2,v1_smooth_repeat_20261001,500,10.2365,1.79089e+09,0.014,1.9088,0.014,0.0267,86.4193,88.5246,True,0.0898213,0.000830209,0.00419624,0.0351515
Plain,2,v1_smooth_repeat_20261001,500,10.2365,1.79089e+09,0.016,1.8597,0.016,0.0298,81.5094,84.0697,True,0.0847182,0.0009266,0.00479571,0.0400932
Plain,2,v1_smooth_repeat_20261001,500,10.2365,1.79089e+09,0.018,1.6127,0.018,0.029,75.5798,77.1428,True,0.0785551,0.000901725,0.00539517,0.0412934
Plain,2,v1_smooth_repeat_20261001,500,10.2365,1.79089e+09,0.02,1.3604,0.02,0.0272,71.0261,73.7201,True,0.0738222,0.000845756,0.00599463,0.0416521
Plain,2,v1_smooth_repeat_20261001,500,10.2365,1.79089e+09,0.022,1.0161,0.022,0.0224,64.6706,68.8557,True,0.0672165,0.000696505,0.00659409,0.0391695
Plain,2,v1_smooth_repeat_20261001,500,10.2365,1.79089e+09,0.024,0.9333,0.024,0.0224,59.0164,61.1886,True,0.0613397,0.000696505,0.00719356,0.0416454
Plain,2,v1_smooth_repeat_20261001,600,12.3687,1.79089e+09,0.0011,4.5435,0.0011,0.005,150.551,151.049,True,0.129504,8.81328e-05,0.000329705,0.00538279
Plain,2,v1_smooth_repeat_20261001,600,12.3687,1.79089e+09,0.0021,4.4354,0.0021,0.0093,149.072,150,True,0.128231,0.000163927,0.000629436,0.0100724
Plain,2,v1_smooth_repeat_20261001,600,12.3687,1.79089e+09,0.0042,4.242,0.0042,0.0178,145.946,147.54,True,0.125543,0.000313753,0.00125887,0.0195196
Plain,2,v1_smooth_repeat_20261001,600,12.3687,1.79089e+09,0.0064,4.022,0.0064,0.0257,141.545,143.036,True,0.121757,0.000453002,0.00191828,0.0285995
Plain,2,v1_smooth_repeat_20261001,600,12.3687,1.79089e+09,0.0085,3.824,0.0085,0.0325,137.871,139.202,True,0.118596,0.000572863,0.00254772,0.0367047
Plain,2,v1_smooth_repeat_20261001,600,12.3687,1.79089e+09,0.0106,3.5689,0.0106,0.0378,133.495,135,True,0.114832,0.000666284,0.00317715,0.0434847
Plain,2,v1_smooth_repeat_20261001,600,12.3687,1.79089e+09,0.0127,3.4399,0.0127,0.0437,130.47,130.659,True,0.11223,0.00077028,0.00380659,0.0510395
Plain,2,v1_smooth_repeat_20261001,600,12.3687,1.79089e+09,0.0149,3.2807,0.0149,0.0489,128.071,129.382,True,0.110167,0.000861938,0.004466,0.0581606
Plain,2,v1_smooth_repeat_20261001,600,12.3687,1.79089e+09,0.017,3.175,0.017,0.054,125.014,127.092,True,0.107537,0.000951834,0.00509544,0.0652734
Plain,2,v1_smooth_repeat_20261001,600,12.3687,1.79089e+09,0.0191,2.9194,0.0191,0.0558,119.337,121.243,True,0.102654,0.000983562,0.00572487,0.0692611
Plain,2,v1_smooth_repeat_20261001,600,12.3687,1.79089e+09,0.0212,2.8699,0.0212,0.0608,116.561,118.989,True,0.100266,0.00107169,0.00635431,0.0766235
Plain,2,v1_smooth_repeat_20261001,600,12.3687,1.79089e+09,0.0234,2.6316,0.0234,0.0616,110.632,113.518,True,0.0951657,0.0010858,0.00701372,0.0800859
Plain,2,v1_smooth_repeat_20261001,600,12.3687,1.79089e+09,0.0255,2.5639,0.0255,0.0654,110.553,110.285,True,0.0950974,0.00115278,0.00764316,0.0866063
Plain,2,v1_smooth_repeat_20261001,600,12.3687,1.79089e+09,0.0276,2.3895,0.0276,0.066,107.562,109.417,True,0.0925248,0.00116335,0.00827259,0.0901016
Plain,2,v1_smooth_repeat_20261001,600,12.3687,1.79089e+09,0.0297,2.1871,0.0297,0.065,100.908,105.362,True,0.0868007,0.00114573,0.00890203,0.0921716
Plain,2,v1_smooth_repeat_20261001,600,12.3687,1.79089e+09,0.0319,1.8383,0.0319,0.0586,96.539,98.1819,True,0.0830428,0.00103292,0.00956144,0.0891754
Plain,2,v1_smooth_repeat_20261001,600,12.3687,1.79089e+09,0.034,1.7593,0.034,0.0598,91.6558,93.6946,True,0.0788423,0.00105407,0.0101909,0.0938034
Plain,2,v1_smooth_repeat_20261001,600,12.3687,1.79089e+09,0.0361,1.704,0.0361,0.0615,86.7469,89.822,True,0.0746197,0.00108403,0.0108203,0.0991062
Plain,2,v1_smooth_repeat_20261001,600,12.3687,1.79089e+09,0.0382,1.3752,0.0382,0.0525,80.8827,81.703,True,0.0695753,0.000925394,0.0114497,0.0938839
Plain,2,v1_smooth_repeat_20261001,600,12.3687,1.79089e+09,0.0404,1.0267,0.0404,0.0415,77.7818,80,True,0.0669079,0.000731502,0.0121092,0.0870289
Plain,2,v1_smooth_repeat_20261001,700,14.5008,1.79089e+09,0.0015,5.7326,0.0015,0.0086,187.069,187.364,True,0.137256,9.40718e-05,0.000449597,0.00913388
Plain,2,v1_smooth_repeat_20261001,700,14.5008,1.79089e+09,0.0029,5.6252,0.0029,0.0163,184.615,185.327,True,0.135456,0.000178299,0.000869222,0.0174126
Plain,2,v1_smooth_repeat_20261001,700,14.5008,1.79089e+09,0.0058,5.3206,0.0058,0.0309,181.641,184.615,True,0.133273,0.000338002,0.00173844,0.0334587
Plain,2,v1_smooth_repeat_20261001,700,14.5008,1.79089e+09,0.0088,5.0956,0.0088,0.0448,178.512,179.976,True,0.130978,0.000490048,0.00263764,0.0492054
Plain,2,v1_smooth_repeat_20261001,700,14.5008,1.79089e+09,0.0117,5.0367,0.0117,0.0589,177.047,177.049,True,0.129903,0.000644282,0.00350686,0.0654297
Plain,2,v1_smooth_repeat_20261001,700,14.5008,1.79089e+09,0.0146,4.8811,0.0146,0.0713,174.656,175.61,True,0.128148,0.000779921,0.00437608,0.0802874
Plain,2,v1_smooth_repeat_20261001,700,14.5008,1.79089e+09,0.0175,4.6533,0.0175,0.0814,169.118,171.794,True,0.124085,0.0008904,0.0052453,0.0931784
Plain,2,v1_smooth_repeat_20261001,700,14.5008,1.79089e+09,0.0204,4.4114,0.0204,0.09,163.823,167.01,True,0.1202,0.000984472,0.00611452,0.104903
Plain,2,v1_smooth_repeat_20261001,700,14.5008,1.79089e+09,0.0234,3.9604,0.0234,0.0927,155.955,161.152,True,0.114428,0.00101401,0.00701372,0.111186
Plain,2,v1_smooth_repeat_20261001,700,14.5008,1.79089e+09,0.0263,3.8055,0.0263,0.1001,149.4,152.377,True,0.109618,0.00109495,0.00788294,0.122389
Plain,2,v1_smooth_repeat_20261001,700,14.5008,1.79089e+09,0.0292,3.7417,0.0292,0.1093,147.508,149.414,True,0.10823,0.00119559,0.00875216,0.135725
Plain,2,v1_smooth_repeat_20261001,700,14.5008,1.79089e+09,0.0321,3.4454,0.0321,0.1106,143.817,145.509,True,0.105522,0.00120981,0.00962138,0.141494
Plain,2,v1_smooth_repeat_20261001,700,14.5008,1.79089e+09,0.035,3.2217,0.035,0.1128,139.097,142.935,True,0.102058,0.00123387,0.0104906,0.148497
Plain,2,v1_smooth_repeat_20261001,700,14.5008,1.79089e+09,0.038,3.0003,0.038,0.114,132.26,133.988,True,0.097042,0.001247,0.0113898,0.155017
Plain,2,v1_smooth_repeat_20261001,700,14.5008,1.79089e+09,0.0409,2.6857,0.0409,0.1098,127.671,130.974,True,0.0936748,0.00120106,0.012259,0.156298
Plain,2,v1_smooth_repeat_20261001,700,14.5008,1.79089e+09,0.0438,2.5595,0.0438,0.1121,123.429,123.956,True,0.090562,0.00122621,0.0131282,0.164412
Plain,2,v1_smooth_repeat_20261001,700,14.5008,1.79089e+09,0.0467,2.5167,0.0467,0.1175,119.645,123.429,True,0.0877859,0.00128528,0.0139975,0.17596
Plain,2,v1_smooth_repeat_20261001,700,14.5008,1.79089e+09,0.0496,2.1825,0.0496,0.1083,114.099,115.508,True,0.0837165,0.00118465,0.0148667,0.173242
Plain,2,v1_smooth_repeat_20261001,700,14.5008,1.79089e+09,0.0525,2.039,0.0525,0.107,108.187,110.204,True,0.0793792,0.00117043,0.0157359,0.178756
Plain,2,v1_smooth_repeat_20261001,700,14.5008,1.79089e+09,0.0555,1.562,0.0555,0.0867,101.262,102.37,True,0.0742976,0.000948375,0.0166351,0.165857
Plain,2,v1_smooth_repeat_20261001,700,14.5008,1.79089e+09,0.0584,1.1892,0.0584,0.0694,97.5334,97.6259,True,0.0715622,0.000759138,0.0175043,0.15605
Plain,2,v1_smooth_repeat_20261001,800,16.6329,1.79089e+09,0.0019,6.7357,0.0019,0.0128,217.695,218.411,True,0.139252,9.27771e-05,0.00056949,0.0134913
Plain,2,v1_smooth_repeat_20261001,800,16.6329,1.79089e+09,0.0038,6.5041,0.0038,0.0247,213.861,217.141,True,0.1368,0.000179031,0.00113898,0.0262257
Plain,2,v1_smooth_repeat_20261001,800,16.6329,1.79089e+09,0.0077,6.4031,0.0077,0.0493,214.013,215.347,True,0.136897,0.000357337,0.00230793,0.0529868
Plain,2,v1_smooth_repeat_20261001,800,16.6329,1.79089e+09,0.0115,6.1814,0.0115,0.0711,214.851,214.814,True,0.137433,0.000515348,0.00344691,0.0774725
Plain,2,v1_smooth_repeat_20261001,800,16.6329,1.79089e+09,0.0154,5.7912,0.0154,0.0892,205.714,208.223,True,0.131589,0.000646541,0.00461587,0.098924
Plain,2,v1_smooth_repeat_20261001,800,16.6329,1.79089e+09,0.0192,5.6519,0.0192,0.1085,201.754,204.109,True,0.129055,0.000786431,0.00575485,0.12207
Plain,2,v1_smooth_repeat_20261001,800,16.6329,1.79089e+09,0.023,5.4077,0.023,0.1244,198.774,199.974,True,0.127149,0.000901678,0.00689383,0.142388
Plain,2,v1_smooth_repeat_20261001,800,16.6329,1.79089e+09,0.0269,5.231,0.0269,0.1407,192.736,195.052,True,0.123287,0.00101982,0.00806278,0.163817
Plain,2,v1_smooth_repeat_20261001,800,16.6329,1.79089e+09,0.0307,4.9041,0.0307,0.1506,186.723,189.474,True,0.119441,0.00109158,0.00920176,0.179295
Plain,2,v1_smooth_repeat_20261001,800,16.6329,1.79089e+09,0.0346,4.6366,0.0346,0.1604,183.382,183.622,True,0.117304,0.00116261,0.0103707,0.195415
Plain,2,v1_smooth_repeat_20261001,800,16.6329,1.79089e+09,0.0384,4.4306,0.0384,0.1701,179.143,179.063,True,0.114592,0.00123292,0.0115097,0.211853
Plain,2,v1_smooth_repeat_20261001,800,16.6329,1.79089e+09,0.0423,4.1212,0.0423,0.1743,174.917,177.113,True,0.111889,0.00126336,0.0126786,0.223563
Plain,2,v1_smooth_repeat_20261001,800,16.6329,1.79089e+09,0.0461,3.8546,0.0461,0.1777,168.103,169.905,True,0.10753,0.00128801,0.0138176,0.234861
Plain,2,v1_smooth_repeat_20261001,800,16.6329,1.79089e+09,0.0499,3.6082,0.0499,0.18,162.045,166,True,0.103655,0.00130468,0.0149566,0.245631
Plain,2,v1_smooth_repeat_20261001,800,16.6329,1.79089e+09,0.0538,3.3659,0.0538,0.1811,152.512,153.64,True,0.0975567,0.00131265,0.0161256,0.256019
Plain,2,v1_smooth_repeat_20261001,800,16.6329,1.79089e+09,0.0576,3.072,0.0576,0.1769,144.735,148.479,True,0.0925822,0.00128221,0.0172645,0.261449
Plain,2,v1_smooth_repeat_20261001,800,16.6329,1.79089e+09,0.0615,2.5272,0.0615,0.1554,138.577,142.652,True,0.0886431,0.00112637,0.0184335,0.250428
Plain,2,v1_smooth_repeat_20261001,800,16.6329,1.79089e+09,0.0653,2.7695,0.0653,0.1808,137.297,136.374,True,0.0878244,0.00131048,0.0195725,0.286618
Plain,2,v1_smooth_repeat_20261001,800,16.6329,1.79089e+09,0.0691,2.4811,0.0691,0.1714,133.032,135,True,0.0850963,0.00124234,0.0207115,0.288581
Plain,2,v1_smooth_repeat_20261001,800,16.6329,1.79089e+09,0.073,2.119,0.073,0.1547,129.158,131.445,True,0.0826181,0.0011213,0.0218804,0.284137
Plain,2,v1_smooth_repeat_20261001,800,16.6329,1.79089e+09,0.0768,1.7962,0.0768,0.1379,122.304,124.301,True,0.0782341,0.000999529,0.0230194,0.27986
Plain,2,v1_smooth_repeat_20261001,800,16.6329,1.79089e+09,0.0807,1.4436,0.0807,0.1165,115.647,118.202,True,0.0739756,0.000844417,0.0241883,0.271907
Plain,2,v1_smooth_repeat_20261001,900,18.765,1.79089e+09,0.0024,7.9115,0.0024,0.019,254.148,258.905,True,0.144099,9.5905e-05,0.000719356,0.019897
Plain,2,v1_smooth_repeat_20261001,900,18.765,1.79089e+09,0.0049,7.6921,0.0049,0.0377,252.954,254.118,True,0.143421,0.000190296,0.00146868,0.0397742
Plain,2,v1_smooth_repeat_20261001,900,18.765,1.79089e+09,0.0098,7.4393,0.0098,0.0729,249.425,248.276,True,0.141421,0.000367972,0.00293737,0.0780002
Plain,2,v1_smooth_repeat_20261001,900,18.765,1.79089e+09,0.0147,7.3207,0.0147,0.1076,247.126,248.276,True,0.140117,0.000543125,0.00440605,0.116678
Plain,2,v1_smooth_repeat_20261001,900,18.765,1.79089e+09,0.0196,6.8881,0.0196,0.135,242.109,246.198,True,0.137272,0.00068143,0.00587474,0.149008
Plain,2,v1_smooth_repeat_20261001,900,18.765,1.79089e+09,0.0244,6.6582,0.0244,0.1625,240.721,240.586,True,0.136485,0.00082024,0.00731345,0.18226
Plain,2,v1_smooth_repeat_20261001,900,18.765,1.79089e+09,0.0293,6.3893,0.0293,0.1872,233.696,236.469,True,0.132502,0.000944917,0.00878214,0.213773
Plain,2,v1_smooth_repeat_20261001,900,18.765,1.79089e+09,0.0342,6.0666,0.0342,0.2075,229.124,232.258,True,0.12991,0.00104738,0.0102508,0.241839
Plain,2,v1_smooth_repeat_20261001,900,18.765,1.79089e+09,0.0391,5.767,0.0391,0.2255,223.033,223.697,True,0.126457,0.00113824,0.0117195,0.268556
Plain,2,v1_smooth_repeat_20261001,900,18.765,1.79089e+09,0.044,5.5722,0.044,0.2452,218.608,221.787,True,0.123948,0.00123768,0.0131882,0.297926
Plain,2,v1_smooth_repeat_20261001,900,18.765,1.79089e+09,0.0489,5.2783,0.0489,0.2581,210.23,214.609,True,0.119197,0.00130279,0.0146569,0.321447
Plain,2,v1_smooth_repeat_20261001,900,18.765,1.79089e+09,0.0538,4.8706,0.0538,0.262,201.576,207.601,True,0.114291,0.00132248,0.0161256,0.336919
Plain,2,v1_smooth_repeat_20261001,900,18.765,1.79089e+09,0.0587,4.55,0.0587,0.2671,194.896,198.151,True,0.110503,0.00134822,0.0175942,0.354544
Plain,2,v1_smooth_repeat_20261001,900,18.765,1.79089e+09,0.0636,4.6177,0.0636,0.2937,194.556,194.595,True,0.110311,0.00148249,0.0190629,0.39462
Plain,2,v1_smooth_repeat_20261001,900,18.765,1.79089e+09,0.0684,4.204,0.0684,0.2876,186.464,191.537,True,0.105723,0.0014517,0.0205016,0.402645
Plain,2,v1_smooth_repeat_20261001,900,18.765,1.79089e+09,0.0733,3.7273,0.0733,0.2732,177.914,181.209,True,0.100875,0.00137901,0.0219703,0.403605
Plain,2,v1_smooth_repeat_20261001,900,18.765,1.79089e+09,0.0782,3.4757,0.0782,0.2718,174.276,177.455,True,0.0988121,0.00137195,0.023439,0.418518
Plain,2,v1_smooth_repeat_20261001,900,18.765,1.79089e+09,0.0831,2.8996,0.0831,0.241,161.714,168.044,True,0.0916899,0.00121648,0.0249077,0.404982
Plain,2,v1_smooth_repeat_20261001,900,18.765,1.79089e+09,0.088,2.9294,0.088,0.2578,157.326,159.142,True,0.0892015,0.00130128,0.0263764,0.439998
Plain,2,v1_smooth_repeat_20261001,900,18.765,1.79089e+09,0.0929,2.7337,0.0929,0.254,150.613,153.727,True,0.0853955,0.0012821,0.0278451,0.455366
Plain,2,v1_smooth_repeat_20261001,900,18.765,1.79089e+09,0.0978,2.1269,0.0978,0.208,143.633,145.714,True,0.0814378,0.00104991,0.0293137,0.429485
Plain,2,v1_smooth_repeat_20261001,900,18.765,1.79089e+09,0.1027,2.1602,0.1027,0.2219,139.899,141.182,True,0.0793208,0.00112007,0.0307824,0.464456
Plain,2,v1_smooth_repeat_20261001,1000,20.8972,1.79089e+09,0.003,9.2208,0.003,0.0277,294.521,297.945,True,0.149951,0.00010124,0.000899195,0.028857
Plain,2,v1_smooth_repeat_20261001,1000,20.8972,1.79089e+09,0.0061,8.8998,0.0061,0.0543,293.239,295.891,True,0.149299,0.00019846,0.00182836,0.0570273
Plain,2,v1_smooth_repeat_20261001,1000,20.8972,1.79089e+09,0.0121,8.719,0.0121,0.1055,290.481,291.892,True,0.147895,0.000385591,0.00362675,0.112349
Plain,2,v1_smooth_repeat_20261001,1000,20.8972,1.79089e+09,0.0182,8.4176,0.0182,0.1532,286.505,288,True,0.14587,0.000559929,0.00545511,0.165702
Plain,2,v1_smooth_repeat_20261001,1000,20.8972,1.79089e+09,0.0243,7.8818,0.0243,0.1915,276.568,281.732,True,0.140811,0.000699911,0.00728348,0.21113
Plain,2,v1_smooth_repeat_20261001,1000,20.8972,1.79089e+09,0.0303,7.6866,0.0303,0.2329,275.817,275.514,True,0.140429,0.000851223,0.00908187,0.260981
Plain,2,v1_smooth_repeat_20261001,1000,20.8972,1.79089e+09,0.0364,7.448,0.0364,0.2711,273.418,273.017,True,0.139207,0.00099084,0.0109102,0.309235
Plain,2,v1_smooth_repeat_20261001,1000,20.8972,1.79089e+09,0.0424,7.2308,0.0424,0.3066,266.888,270,True,0.135883,0.00112059,0.0127086,0.356064
Plain,2,v1_smooth_repeat_20261001,1000,20.8972,1.79089e+09,0.0485,6.9791,0.0485,0.3385,260.867,263.926,True,0.132817,0.00123718,0.014537,0.400944
Plain,2,v1_smooth_repeat_20261001,1000,20.8972,1.79089e+09,0.0546,6.3128,0.0546,0.3447,251.602,258.242,True,0.1281,0.00125984,0.0163653,0.421599
Plain,2,v1_smooth_repeat_20261001,1000,20.8972,1.79089e+09,0.0606,6.1435,0.0606,0.3723,244.812,245.053,True,0.124643,0.00136071,0.0181637,0.464857
Plain,2,v1_smooth_repeat_20261001,1000,20.8972,1.79089e+09,0.0667,6.0017,0.0667,0.4003,241.698,245.455,True,0.123057,0.00146305,0.0199921,0.510238
Plain,2,v1_smooth_repeat_20261001,1000,20.8972,1.79089e+09,0.0728,5.3742,0.0728,0.3912,230.728,236.88,True,0.117472,0.00142979,0.0218205,0.519994
Plain,2,v1_smooth_repeat_20261001,1000,20.8972,1.79089e+09,0.0788,5.1718,0.0788,0.4075,224.681,224.117,True,0.114393,0.00148937,0.0236188,0.55628
Plain,2,v1_smooth_repeat_20261001,1000,20.8972,1.79089e+09,0.0849,4.8376,0.0849,0.4107,222.229,224.223,True,0.113145,0.00150106,0.0254472,0.581263
Plain,2,v1_smooth_repeat_20261001,1000,20.8972,1.79089e+09,0.0909,4.5203,0.0909,0.4109,208.878,214.29,True,0.106347,0.00150179,0.0272456,0.604327
Plain,2,v1_smooth_repeat_20261001,1000,20.8972,1.79089e+09,0.097,3.9888,0.097,0.3869,202.751,208.17,True,0.103228,0.00141408,0.029074,0.605035
Plain,2,v1_smooth_repeat_20261001,1000,20.8972,1.79089e+09,0.1031,3.7652,0.1031,0.3882,191.895,197.956,True,0.0977011,0.00141883,0.0309023,0.632519
Plain,2,v1_smooth_repeat_20261001,1000,20.8972,1.79089e+09,0.1091,3.4815,0.1091,0.3798,188.341,189.76,True,0.0958917,0.00138813,0.0327007,0.651312
Plain,2,v1_smooth_repeat_20261001,1000,20.8972,1.79089e+09,0.1152,2.9106,0.1152,0.3353,178.517,184.132,True,0.0908895,0.00122548,0.0345291,0.635921
Plain,2,v1_smooth_repeat_20261001,1000,20.8972,1.79089e+09,0.1213,2.7425,0.1213,0.3327,174.258,175.919,True,0.0887214,0.00121598,0.0363574,0.663905
Plain,2,v1_smooth_repeat_20261001,1000,20.8972,1.79089e+09,0.1273,2.5274,0.1273,0.3217,171.7,174.193,True,0.0874189,0.00117578,0.0381558,0.684427
Plain,2,v1_smooth_repeat_20261001,1000,20.8972,1.79089e+09,0.1334,1.9135,0.1334,0.2553,159.791,166.642,True,0.0813558,0.000933093,0.0399842,0.651538
Plain,2,v1_smooth_repeat_20261001,1100,23.0293,1.79089e+09,0.0037,10.6807,0.0037,0.0395,342.329,345.131,True,0.158156,0.000107868,0.00110901,0.0409782
Plain,2,v1_smooth_repeat_20261001,1100,23.0293,1.79089e+09,0.0074,10.3426,0.0074,0.0765,338.568,339.844,True,0.156418,0.000208908,0.00221801,0.0799992
Plain,2,v1_smooth_repeat_20261001,1100,23.0293,1.79089e+09,0.0147,9.9938,0.0147,0.1469,331.211,332.307,True,0.153019,0.000401159,0.00440605,0.155978
Plain,2,v1_smooth_repeat_20261001,1100,23.0293,1.79089e+09,0.0221,9.7813,0.0221,0.2162,328.883,329.185,True,0.151944,0.000590405,0.00662407,0.233089
Plain,2,v1_smooth_repeat_20261001,1100,23.0293,1.79089e+09,0.0295,9.0716,0.0295,0.2676,321.825,330.971,True,0.148683,0.00073077,0.00884208,0.294472
Plain,2,v1_smooth_repeat_20261001,1100,23.0293,1.79089e+09,0.0368,8.9526,0.0368,0.3295,316.176,321.848,True,0.146073,0.000899808,0.0110301,0.368346
Plain,2,v1_smooth_repeat_20261001,1100,23.0293,1.79089e+09,0.0442,8.5375,0.0442,0.3774,311.594,313.686,True,0.143956,0.00103062,0.0132481,0.43054
Plain,2,v1_smooth_repeat_20261001,1100,23.0293,1.79089e+09,0.0515,8.1566,0.0515,0.4201,304.841,310.311,True,0.140836,0.00114722,0.0154362,0.489469
Plain,2,v1_smooth_repeat_20261001,1100,23.0293,1.79089e+09,0.0589,7.8385,0.0589,0.4617,297.26,300.852,True,0.137334,0.00126082,0.0176542,0.549675
Plain,2,v1_smooth_repeat_20261001,1100,23.0293,1.79089e+09,0.0663,7.4008,0.0663,0.4907,290.541,291.976,True,0.13423,0.00134002,0.0198722,0.599453
Plain,2,v1_smooth_repeat_20261001,1100,23.0293,1.79089e+09,0.0736,7.1636,0.0736,0.5272,288,289.874,True,0.133056,0.00143969,0.0220602,0.658577
Plain,2,v1_smooth_repeat_20261001,1100,23.0293,1.79089e+09,0.081,6.8899,0.081,0.5581,281.609,284.166,True,0.130103,0.00152408,0.0242783,0.714566
Plain,2,v1_smooth_repeat_20261001,1100,23.0293,1.79089e+09,0.0884,6.3608,0.0884,0.5623,272.642,276.923,True,0.125961,0.00153555,0.0264963,0.746027
Plain,2,v1_smooth_repeat_20261001,1100,23.0293,1.79089e+09,0.0957,6.2958,0.0957,0.6025,267.5,270,True,0.123585,0.00164532,0.0286843,0.815246
Plain,2,v1_smooth_repeat_20261001,1100,23.0293,1.79089e+09,0.1031,5.8493,0.1031,0.6031,261.586,265.457,True,0.120852,0.00164696,0.0309023,0.847419
Plain,2,v1_smooth_repeat_20261001,1100,23.0293,1.79089e+09,0.1104,5.3042,0.1104,0.5856,247.791,255.391,True,0.114479,0.00159917,0.0330904,0.863192
Plain,2,v1_smooth_repeat_20261001,1100,23.0293,1.79089e+09,0.1178,5.091,0.1178,0.5997,245.575,244.9,True,0.113455,0.00163768,0.0353084,0.913177
Plain,2,v1_smooth_repeat_20261001,1100,23.0293,1.79089e+09,0.1252,4.7874,0.1252,0.5994,237.039,244.361,True,0.109512,0.00163686,0.0375264,0.950932
Plain,2,v1_smooth_repeat_20261001,1100,23.0293,1.79089e+09,0.1325,4.3513,0.1325,0.5765,227.601,232.242,True,0.105152,0.00157432,0.0397144,0.967701
Plain,2,v1_smooth_repeat_20261001,1100,23.0293,1.79089e+09,0.1399,3.6851,0.1399,0.5155,216.337,224.63,True,0.0999478,0.00140774,0.0419324,0.949069
Plain,2,v1_smooth_repeat_20261001,1100,23.0293,1.79089e+09,0.1473,3.3163,0.1473,0.4885,208.712,212.715,True,0.0964251,0.00133401,0.0441505,0.966608
Plain,2,v1_smooth_repeat_20261001,1100,23.0293,1.79089e+09,0.1546,3.0085,0.1546,0.4651,197.912,201.774,True,0.0914352,0.00127011,0.0463385,0.989272
Plain,2,v1_smooth_repeat_20261001,1100,23.0293,1.79089e+09,0.162,2.6939,0.162,0.4364,194.931,196.135,True,0.0900583,0.00119173,0.0485565,1.00942
Plain,2,v1_smooth_repeat_20261001,1200,25.1614,1.79089e+09,0.0044,12.2044,0.0044,0.0537,389.091,392.727,True,0.164527,0.000112436,0.00131882,0.055519
Plain,2,v1_smooth_repeat_20261001,1200,25.1614,1.79089e+09,0.0088,11.9719,0.0088,0.1054,385.944,390.727,True,0.163197,0.000220684,0.00263764,0.109805
Plain,2,v1_smooth_repeat_20261001,1200,25.1614,1.79089e+09,0.0176,11.5748,0.0176,0.2037,381.454,381.391,True,0.161298,0.000426503,0.00527528,0.215581
Plain,2,v1_smooth_repeat_20261001,1200,25.1614,1.79089e+09,0.0264,10.9672,0.0264,0.2895,375.439,379.013,True,0.158755,0.000606149,0.00791291,0.311926
Plain,2,v1_smooth_repeat_20261001,1200,25.1614,1.79089e+09,0.0352,10.5632,0.0352,0.3718,369.384,370.885,True,0.156194,0.000778467,0.0105506,0.407841
Plain,2,v1_smooth_repeat_20261001,1200,25.1614,1.79089e+09,0.0439,10.2177,0.0439,0.4486,355.853,360.959,True,0.150473,0.00093927,0.0131582,0.501119
Plain,2,v1_smooth_repeat_20261001,1200,25.1614,1.79089e+09,0.0527,9.8251,0.0527,0.5178,356.056,360,True,0.150558,0.00108416,0.0157959,0.590039
Plain,2,v1_smooth_repeat_20261001,1200,25.1614,1.79089e+09,0.0615,9.4999,0.0615,0.5842,350.819,354.098,True,0.148344,0.00122319,0.0184335,0.679228
Plain,2,v1_smooth_repeat_20261001,1200,25.1614,1.79089e+09,0.0703,9.0867,0.0703,0.6388,345.161,348.681,True,0.145952,0.00133751,0.0210711,0.759688
Plain,2,v1_smooth_repeat_20261001,1200,25.1614,1.79089e+09,0.0791,8.677,0.0791,0.6864,337.109,340.524,True,0.142547,0.00143717,0.0237088,0.836217
Plain,2,v1_smooth_repeat_20261001,1200,25.1614,1.79089e+09,0.0879,8.4475,0.0879,0.7425,335.937,337.5,True,0.142051,0.00155463,0.0263464,0.924316
Plain,2,v1_smooth_repeat_20261001,1200,25.1614,1.79089e+09,0.0967,8.1866,0.0967,0.7916,331.564,330.075,True,0.140202,0.00165744,0.028984,1.00849
Plain,2,v1_smooth_repeat_20261001,1200,25.1614,1.79089e+09,0.1055,7.7453,0.1055,0.8171,325.085,327.273,True,0.137463,0.00171083,0.0316217,1.07212
Plain,2,v1_smooth_repeat_20261001,1200,25.1614,1.79089e+09,0.1143,7.368,0.1143,0.8422,316.177,317.647,True,0.133696,0.00176338,0.0342593,1.13843
Plain,2,v1_smooth_repeat_20261001,1200,25.1614,1.79089e+09,0.1231,7.2412,0.1231,0.8914,314.998,317.21,True,0.133197,0.0018664,0.036897,1.23191
Plain,2,v1_smooth_repeat_20261001,1200,25.1614,1.79089e+09,0.1318,6.7561,0.1318,0.8905,308.783,313.563,True,0.130569,0.00186451,0.0395046,1.27781
Plain,2,v1_smooth_repeat_20261001,1200,25.1614,1.79089e+09,0.1406,6.1283,0.1406,0.8616,296.438,303.327,True,0.125349,0.001804,0.0421423,1.29929
Plain,2,v1_smooth_repeat_20261001,1200,25.1614,1.79089e+09,0.1494,5.8544,0.1494,0.8746,286.667,290,True,0.121217,0.00183122,0.0447799,1.36574
Plain,2,v1_smooth_repeat_20261001,1200,25.1614,1.79089e+09,0.1582,5.6211,0.1582,0.8893,285.82,290,True,0.120859,0.001862,0.0474175,1.43697
Plain,2,v1_smooth_repeat_20261001,1200,25.1614,1.79089e+09,0.167,5.1241,0.167,0.8557,273.923,277.732,True,0.115829,0.00179165,0.0500552,1.46296
Plain,2,v1_smooth_repeat_20261001,1200,25.1614,1.79089e+09,0.1758,4.5516,0.1758,0.8002,263.452,268.743,True,0.111401,0.00167544,0.0526928,1.47012
Plain,2,v1_smooth_repeat_20261001,1200,25.1614,1.79089e+09,0.1846,4.1952,0.1846,0.7744,250.774,255.512,True,0.10604,0.00162142,0.0553305,1.51005
Plain,2,v1_smooth_repeat_20261001,1200,25.1614,1.79089e+09,0.1934,3.2846,0.1934,0.6352,238.138,248.951,True,0.100697,0.00132997,0.0579681,1.43966
Plain,2,v1_smooth_repeat_20261001,1200,25.1614,1.79089e+09,0.2022,2.8884,0.2022,0.584,225.711,228.745,True,0.0954421,0.00122277,0.0606057,1.46033
Plain,2,v1_smooth_repeat_20261001,1300,27.2935,1.79089e+09,0.0052,13.9713,0.0052,0.0727,440.816,440.817,True,0.171838,0.000119259,0.0015586,0.0749321
Plain,2,v1_smooth_repeat_20261001,1300,27.2935,1.79089e+09,0.0103,13.5516,0.0103,0.1396,440.416,440.817,True,0.171682,0.000229004,0.00308724,0.145063
Plain,2,v1_smooth_repeat_20261001,1300,27.2935,1.79089e+09,0.0207,12.8747,0.0207,0.2665,432,438,True,0.168402,0.000437174,0.00620444,0.281745
Plain,2,v1_smooth_repeat_20261001,1300,27.2935,1.79089e+09,0.031,12.4223,0.031,0.3851,421.569,425.863,True,0.164335,0.000631728,0.00929168,0.41426
Plain,2,v1_smooth_repeat_20261001,1300,27.2935,1.79089e+09,0.0414,12.2199,0.0414,0.5059,420.268,420.589,True,0.163828,0.000829892,0.0124089,0.553376
Plain,2,v1_smooth_repeat_20261001,1300,27.2935,1.79089e+09,0.0517,11.7238,0.0517,0.6061,415.045,415.745,True,0.161792,0.000994262,0.0154961,0.675943
Plain,2,v1_smooth_repeat_20261001,1300,27.2935,1.79089e+09,0.0621,11.3941,0.0621,0.7076,412.634,415.385,True,0.160852,0.00116077,0.0186133,0.804294
Plain,2,v1_smooth_repeat_20261001,1300,27.2935,1.79089e+09,0.0724,10.8917,0.0724,0.7886,406.36,413.208,True,0.158407,0.00129364,0.0217006,0.916112
Plain,2,v1_smooth_repeat_20261001,1300,27.2935,1.79089e+09,0.0827,10.3233,0.0827,0.8537,395.181,397.223,True,0.154049,0.00140043,0.0247878,1.01624
Plain,2,v1_smooth_repeat_20261001,1300,27.2935,1.79089e+09,0.0931,10.1234,0.0931,0.9425,387.273,387.273,True,0.150966,0.0015461,0.027905,1.14467
Plain,2,v1_smooth_repeat_20261001,1300,27.2935,1.79089e+09,0.1034,9.5987,0.1034,0.9925,379.714,388.956,True,0.14802,0.00162812,0.0309922,1.23814
Plain,2,v1_smooth_repeat_20261001,1300,27.2935,1.79089e+09,0.1138,9.0342,0.1138,1.0281,370.69,375,True,0.144502,0.00168652,0.0341095,1.32191
Plain,2,v1_smooth_repeat_20261001,1300,27.2935,1.79089e+09,0.1241,8.9886,0.1241,1.1155,371.187,368.644,True,0.144695,0.0018299,0.0371967,1.46124
Plain,2,v1_smooth_repeat_20261001,1300,27.2935,1.79089e+09,0.1345,8.4557,0.1345,1.1373,365.027,366.101,True,0.142294,0.00186566,0.0403139,1.53974
Plain,2,v1_smooth_repeat_20261001,1300,27.2935,1.79089e+09,0.1448,7.7953,0.1448,1.1288,354.28,359.135,True,0.138105,0.00185171,0.0434011,1.59162
Plain,2,v1_smooth_repeat_20261001,1300,27.2935,1.79089e+09,0.1551,7.5583,0.1551,1.1723,350,348.387,True,0.136436,0.00192307,0.0464884,1.6997
Plain,2,v1_smooth_repeat_20261001,1300,27.2935,1.79089e+09,0.1655,7.3594,0.1655,1.218,346.211,346.813,True,0.134959,0.00199804,0.0496056,1.81488
Plain,2,v1_smooth_repeat_20261001,1300,27.2935,1.79089e+09,0.1758,7.0894,0.1758,1.2463,340.625,342.587,True,0.132782,0.00204446,0.0526928,1.91622
Plain,2,v1_smooth_repeat_20261001,1300,27.2935,1.79089e+09,0.1862,6.4983,0.1862,1.21,332.617,337.5,True,0.12966,0.00198492,0.05581,1.95794
Plain,2,v1_smooth_repeat_20261001,1300,27.2935,1.79089e+09,0.1965,6.0168,0.1965,1.1823,326.286,332.308,True,0.127192,0.00193948,0.0588973,2.01173
Plain,2,v1_smooth_repeat_20261001,1300,27.2935,1.79089e+09,0.2069,5.8211,0.2069,1.2044,321.439,323.812,True,0.125303,0.00197573,0.0620145,2.12037
Plain,2,v1_smooth_repeat_20261001,1300,27.2935,1.79089e+09,0.2172,5.1472,0.2172,1.118,304.311,313.567,True,0.118626,0.001834,0.0651017,2.12392
Plain,2,v1_smooth_repeat_20261001,1300,27.2935,1.79089e+09,0.2275,4.7965,0.2275,1.0912,298.224,301.486,True,0.116253,0.00179003,0.0681889,2.19126
Plain,2,v1_smooth_repeat_20261001,1300,27.2935,1.79089e+09,0.2379,4.2371,0.2379,1.008,286.478,292.524,True,0.111674,0.00165355,0.0713061,2.20739
Plain,2,v1_smooth_repeat_20261001,1300,27.2935,1.79089e+09,0.2482,3.6683,0.2482,0.9105,273.384,281.66,True,0.10657,0.00149361,0.0743934,2.21249
Plain,2,v1_smooth_repeat_20261001,1300,27.2935,1.79089e+09,0.2586,3.1701,0.2586,0.8198,261.959,269.217,True,0.102116,0.00134482,0.0775106,2.22966
Plain,2,v1_smooth_repeat_20261001,1400,29.4257,1.79089e+09,0.006,16.0714,0.006,0.0964,508.939,507.965,True,0.184019,0.000126193,0.00179839,0.0990707
Plain,2,v1_smooth_repeat_20261001,1400,29.4257,1.79089e+09,0.012,15.5688,0.012,0.1868,506.771,506.123,True,0.183235,0.000244531,0.00359678,0.193568
Plain,2,v1_smooth_repeat_20261001,1400,29.4257,1.79089e+09,0.024,14.8755,0.024,0.357,497.674,498.837,True,0.179946,0.000467332,0.00719356,0.376245
Plain,2,v1_smooth_repeat_20261001,1400,29.4257,1.79089e+09,0.0361,14.7004,0.0361,0.5307,495.063,495.777,True,0.179001,0.000694715,0.0108203,0.568306
Plain,2,v1_smooth_repeat_20261001,1400,29.4257,1.79089e+09,0.0481,13.8029,0.0481,0.6639,480.899,490.91,True,0.17388,0.000869081,0.0144171,0.725448
Plain,2,v1_smooth_repeat_20261001,1400,29.4257,1.79089e+09,0.0601,13.3424,0.0601,0.8019,471.739,473.411,True,0.170568,0.00104973,0.0180139,0.893097
Plain,2,v1_smooth_repeat_20261001,1400,29.4257,1.79089e+09,0.0721,12.614,0.0721,0.9095,461.702,465.636,True,0.166939,0.00119058,0.0216106,1.03606
Plain,2,v1_smooth_repeat_20261001,1400,29.4257,1.79089e+09,0.0842,11.9721,0.0842,1.0081,452.08,458.04,True,0.16346,0.00131966,0.0252374,1.17609
Plain,2,v1_smooth_repeat_20261001,1400,29.4257,1.79089e+09,0.0962,11.8621,0.0962,1.1411,452.083,451.245,True,0.163461,0.00149376,0.0288342,1.35591
Plain,2,v1_smooth_repeat_20261001,1400,29.4257,1.79089e+09,0.1082,11.131,0.1082,1.2044,435.427,439.73,True,0.157439,0.00157662,0.032431,1.47174
Plain,2,v1_smooth_repeat_20261001,1400,29.4257,1.79089e+09,0.1202,10.7319,0.1202,1.29,428.155,431.767,True,0.154809,0.00168868,0.0360277,1.61558
Plain,2,v1_smooth_repeat_20261001,1400,29.4257,1.79089e+09,0.1322,10.3136,0.1322,1.3635,424.821,424.77,True,0.153604,0.00178489,0.0396245,1.75303
Plain,2,v1_smooth_repeat_20261001,1400,29.4257,1.79089e+09,0.1443,10.0495,0.1443,1.4501,419.608,420.588,True,0.151719,0.00189826,0.0432513,1.90989
Plain,2,v1_smooth_repeat_20261001,1400,29.4257,1.79089e+09,0.1563,9.6953,0.1563,1.5154,417.308,419.88,True,0.150887,0.00198374,0.046848,2.0506
Plain,2,v1_smooth_repeat_20261001,1400,29.4257,1.79089e+09,0.1683,8.7032,0.1683,1.4647,398.743,408.514,True,0.144175,0.00191737,0.0504448,2.08102
Plain,2,v1_smooth_repeat_20261001,1400,29.4257,1.79089e+09,0.1803,8.706,0.1803,1.5697,399.422,395.311,True,0.14442,0.00205482,0.0540416,2.27285
Plain,2,v1_smooth_repeat_20261001,1400,29.4257,1.79089e+09,0.1923,8.1112,0.1923,1.5598,389.091,395.286,True,0.140685,0.00204186,0.0576384,2.35549
Plain,2,v1_smooth_repeat_20261001,1400,29.4257,1.79089e+09,0.2044,7.6732,0.2044,1.5684,380.702,378.947,True,0.137652,0.00205312,0.0612651,2.46318
Plain,2,v1_smooth_repeat_20261001,1400,29.4257,1.79089e+09,0.2164,7.3823,0.2164,1.5975,377.03,376.316,True,0.136324,0.00209121,0.0648619,2.59628
Plain,2,v1_smooth_repeat_20261001,1400,29.4257,1.79089e+09,0.2284,6.731,0.2284,1.5374,369.39,372.414,True,0.133561,0.00201254,0.0684587,2.64589
Plain,2,v1_smooth_repeat_20261001,1400,29.4257,1.79089e+09,0.2404,6.433,0.2404,1.5465,357.502,363.554,True,0.129263,0.00202445,0.0720555,2.77041
Plain,2,v1_smooth_repeat_20261001,1400,29.4257,1.79089e+09,0.2525,5.9307,0.2525,1.4975,352.459,360.477,True,0.12744,0.00196031,0.0756822,2.84357
Plain,2,v1_smooth_repeat_20261001,1400,29.4257,1.79089e+09,0.2645,5.4682,0.2645,1.4463,342.869,349.2,True,0.123972,0.00189328,0.079279,2.91925
Plain,2,v1_smooth_repeat_20261001,1400,29.4257,1.79089e+09,0.2765,5.2761,0.2765,1.4588,341.276,342.848,True,0.123396,0.00190965,0.0828758,3.06434
Plain,2,v1_smooth_repeat_20261001,1400,29.4257,1.79089e+09,0.2885,4.7134,0.2885,1.3598,330.769,340.315,True,0.119597,0.00178005,0.0864726,3.10364
Plain,2,v1_smooth_repeat_20261001,1400,29.4257,1.79089e+09,0.3005,4.1894,0.3005,1.2589,319.395,323.948,True,0.115485,0.00164797,0.0900693,3.14675
Plain,2,v1_smooth_repeat_20261001,1400,29.4257,1.79089e+09,0.3126,3.5927,0.3126,1.1231,313.145,315.441,True,0.113225,0.0014702,0.0936961,3.16194
Plain,2,v1_smooth_repeat_20261001,1500,31.5578,1.79089e+09,0.0069,18.1106,0.0069,0.125,571.053,572.484,True,0.192527,0.000132656,0.00206815,0.128194
Plain,2,v1_smooth_repeat_20261001,1500,31.5578,1.79089e+09,0.0138,17.5465,0.0138,0.2421,563.158,564.474,True,0.189865,0.000256928,0.0041363,0.250376
Plain,2,v1_smooth_repeat_20261001,1500,31.5578,1.79089e+09,0.0277,16.7396,0.0277,0.4637,557.252,560.526,True,0.187874,0.0004921,0.00830256,0.487944
Plain,2,v1_smooth_repeat_20261001,1500,31.5578,1.79089e+09,0.0415,16.0271,0.0415,0.6651,541.564,546.155,True,0.182585,0.000705836,0.0124389,0.712773
Plain,2,v1_smooth_repeat_20261001,1500,31.5578,1.79089e+09,0.0553,15.4621,0.0553,0.8551,536.805,542.654,True,0.180981,0.000907473,0.0165752,0.933752
Plain,2,v1_smooth_repeat_20261001,1500,31.5578,1.79089e+09,0.0691,15.1753,0.0691,1.0486,530.848,534.147,True,0.178972,0.00111282,0.0207115,1.16578
Plain,2,v1_smooth_repeat_20261001,1500,31.5578,1.79089e+09,0.083,14.3178,0.083,1.1884,521.951,530.488,True,0.175973,0.00126119,0.0248777,1.35202
Plain,2,v1_smooth_repeat_20261001,1500,31.5578,1.79089e+09,0.0968,13.6835,0.0968,1.3246,509.524,517.858,True,0.171783,0.00140573,0.029014,1.5419
Plain,2,v1_smooth_repeat_20261001,1500,31.5578,1.79089e+09,0.1106,12.9131,0.1106,1.4282,500,503.621,True,0.168572,0.00151567,0.0331503,1.70673
Plain,2,v1_smooth_repeat_20261001,1500,31.5578,1.79089e+09,0.1244,12.426,0.1244,1.5458,484.732,494.318,True,0.163424,0.00164048,0.0372866,1.89311
Plain,2,v1_smooth_repeat_20261001,1500,31.5578,1.79089e+09,0.1383,11.9084,0.1383,1.6469,477.777,479.024,True,0.16108,0.00174777,0.0414529,2.07112
Plain,2,v1_smooth_repeat_20261001,1500,31.5578,1.79089e+09,0.1521,11.2891,0.1521,1.7171,467.614,476.666,True,0.157653,0.00182227,0.0455892,2.22526
Plain,2,v1_smooth_repeat_20261001,1500,31.5578,1.79089e+09,0.1659,10.7546,0.1659,1.7842,463.193,469.565,True,0.156163,0.00189348,0.0497255,2.38384
Plain,2,v1_smooth_repeat_20261001,1500,31.5578,1.79089e+09,0.1797,10.3319,0.1797,1.8566,455.319,459.575,True,0.153508,0.00197031,0.0538618,2.55527
Plain,2,v1_smooth_repeat_20261001,1500,31.5578,1.79089e+09,0.1936,10.0815,0.1936,1.9518,454.167,453.125,True,0.15312,0.00207134,0.058028,2.75786
Plain,2,v1_smooth_repeat_20261001,1500,31.5578,1.79089e+09,0.2074,9.3379,0.2074,1.9367,444.898,448.906,True,0.149995,0.00205532,0.0621643,2.85694
Plain,2,v1_smooth_repeat_20261001,1500,31.5578,1.79089e+09,0.2212,8.9291,0.2212,1.9751,428,434.346,True,0.144298,0.00209607,0.0663006,3.01708
Plain,2,v1_smooth_repeat_20261001,1500,31.5578,1.79089e+09,0.2351,8.6637,0.2351,2.0368,432,429,True,0.145646,0.00216155,0.0704669,3.20903
Plain,2,v1_smooth_repeat_20261001,1500,31.5578,1.79089e+09,0.2489,7.9494,0.2489,1.9786,421.275,423,True,0.14203,0.00209978,0.0746032,3.28772
Plain,2,v1_smooth_repeat_20261001,1500,31.5578,1.79089e+09,0.2627,7.4436,0.2627,1.9554,405.66,408.959,True,0.136766,0.00207516,0.0787395,3.40896
Plain,2,v1_smooth_repeat_20261001,1500,31.5578,1.79089e+09,0.2765,6.859,0.2765,1.8965,401.852,403.055,True,0.135482,0.00201266,0.0828758,3.50204
Plain,2,v1_smooth_repeat_20261001,1500,31.5578,1.79089e+09,0.2904,6.8148,0.2904,1.979,398.551,395.511,True,0.134369,0.00210021,0.0870421,3.74527
Plain,2,v1_smooth_repeat_20261001,1500,31.5578,1.79089e+09,0.3042,5.8662,0.3042,1.7845,387.786,397.667,True,0.13074,0.0018938,0.0911783,3.71791
Plain,2,v1_smooth_repeat_20261001,1500,31.5578,1.79089e+09,0.318,5.4779,0.318,1.742,374.138,377.372,True,0.126139,0.00184869,0.0953146,3.8501
Plain,2,v1_smooth_repeat_20261001,1500,31.5578,1.79089e+09,0.3318,4.9428,0.3318,1.64,367.556,367.241,True,0.123919,0.00174045,0.0994509,3.93034
Plain,2,v1_smooth_repeat_20261001,1500,31.5578,1.79089e+09,0.3457,4.6182,0.3457,1.5965,360.504,365.437,True,0.121542,0.00169428,0.103617,4.07803
Plain,2,v1_smooth_repeat_20261001,1500,31.5578,1.79089e+09,0.3595,4.1902,0.3595,1.5064,355.72,352.555,True,0.119929,0.00159866,0.107754,4.18532
Plain,2,v1_smooth_repeat_20261001,1600,33.6899,1.79089e+09,0.0079,19.5104,0.0079,0.1541,620,620.348,True,0.1958,0.000134412,0.00236788,0.157914
Plain,2,v1_smooth_repeat_20261001,1600,33.6899,1.79089e+09,0.0158,18.8664,0.0158,0.2981,611.428,612.857,True,0.193094,0.000260015,0.00473576,0.308202
Plain,2,v1_smooth_repeat_20261001,1600,33.6899,1.79089e+09,0.0315,18.1386,0.0315,0.5714,602.187,608.572,True,0.190175,0.000498399,0.00944154,0.601342
Plain,2,v1_smooth_repeat_20261001,1600,33.6899,1.79089e+09,0.0473,17.5299,0.0473,0.8292,594.594,599.284,True,0.187777,0.000723262,0.0141773,0.888974
Plain,2,v1_smooth_repeat_20261001,1600,33.6899,1.79089e+09,0.063,17.1573,0.063,1.0809,593.114,590.059,True,0.18731,0.000942806,0.0188831,1.18012
Plain,2,v1_smooth_repeat_20261001,1600,33.6899,1.79089e+09,0.0788,16.3294,0.0788,1.2868,583.784,583.685,True,0.184363,0.0011224,0.0236188,1.43558
Plain,2,v1_smooth_repeat_20261001,1600,33.6899,1.79089e+09,0.0946,15.8486,0.0946,1.4993,578.379,576.738,True,0.182656,0.00130775,0.0283546,1.70754
Plain,2,v1_smooth_repeat_20261001,1600,33.6899,1.79089e+09,0.1103,14.9942,0.1103,1.6539,565.789,564.474,True,0.178681,0.0014426,0.0330604,1.93102
Plain,2,v1_smooth_repeat_20261001,1600,33.6899,1.79089e+09,0.1261,14.3383,0.1261,1.8081,548.905,557.411,True,0.173348,0.0015771,0.0377962,2.16441
Plain,2,v1_smooth_repeat_20261001,1600,33.6899,1.79089e+09,0.1418,14.1364,0.1418,2.0045,553.846,553.846,True,0.174909,0.00174841,0.0425019,2.4493
Plain,2,v1_smooth_repeat_20261001,1600,33.6899,1.79089e+09,0.1576,13.3426,0.1576,2.1028,540,544.505,True,0.170536,0.00183415,0.0472377,2.64651
Plain,2,v1_smooth_repeat_20261001,1600,33.6899,1.79089e+09,0.1733,12.6618,0.1733,2.1943,528.68,536.422,True,0.166961,0.00191396,0.0519435,2.84611
Plain,2,v1_smooth_repeat_20261001,1600,33.6899,1.79089e+09,0.1891,12.185,0.1891,2.3042,518.04,519.37,True,0.163601,0.00200982,0.0566792,3.07465
Plain,2,v1_smooth_repeat_20261001,1600,33.6899,1.79089e+09,0.2049,11.5089,0.2049,2.3582,509.524,517.857,True,0.160911,0.00205692,0.061415,3.2572
Plain,2,v1_smooth_repeat_20261001,1600,33.6899,1.79089e+09,0.2206,10.6451,0.2206,2.3483,494.433,502.326,True,0.156146,0.00204828,0.0661208,3.38483
Plain,2,v1_smooth_repeat_20261001,1600,33.6899,1.79089e+09,0.2364,10.019,0.2364,2.3685,482.051,487.499,True,0.152235,0.0020659,0.0708565,3.5533
Plain,2,v1_smooth_repeat_20261001,1600,33.6899,1.79089e+09,0.2521,9.7928,0.2521,2.4688,484.445,480,True,0.152991,0.00215339,0.0755623,3.81074
Plain,2,v1_smooth_repeat_20261001,1600,33.6899,1.79089e+09,0.2679,9.1617,0.2679,2.4544,476.087,476.719,True,0.150352,0.00214083,0.0802981,3.96434
Plain,2,v1_smooth_repeat_20261001,1600,33.6899,1.79089e+09,0.2837,8.7529,0.2837,2.4832,467.391,472.827,True,0.147606,0.00216595,0.0850339,4.17104
Plain,2,v1_smooth_repeat_20261001,1600,33.6899,1.79089e+09,0.2994,8.253,0.2994,2.4709,462.246,466.305,True,0.145981,0.00215522,0.0897396,4.34531
Plain,2,v1_smooth_repeat_20261001,1600,33.6899,1.79089e+09,0.3152,7.7549,0.3152,2.4443,,,False,,0.00213202,0.0944754,4.51634
Plain,2,v1_smooth_repeat_20261001,1600,33.6899,1.79089e+09,0.3309,7.2115,0.3309,2.3863,,,False,,0.00208143,0.0991812,4.66452
Plain,2,v1_smooth_repeat_20261001,1600,33.6899,1.79089e+09,0.3467,6.2212,0.3467,2.1569,426.467,,True,0.134682,0.00188134,0.103917,4.65248
Plain,2,v1_smooth_repeat_20261001,1600,33.6899,1.79089e+09,0.3624,6.1603,0.3624,2.2325,419.555,420.667,True,0.132499,0.00194728,0.108623,4.95387
Plain,2,v1_smooth_repeat_20261001,1600,33.6899,1.79089e+09,0.3782,5.5699,0.3782,2.1065,416.397,420.588,True,0.131501,0.00183738,0.113358,5.06495
Plain,2,v1_smooth_repeat_20261001,1600,33.6899,1.79089e+09,0.394,4.8345,0.394,1.9048,403.704,405.524,True,0.127493,0.00166145,0.118094,5.11024
Plain,2,v1_smooth_repeat_20261001,1600,33.6899,1.79089e+09,0.4097,4.1418,0.4097,1.6969,384.382,395.149,True,0.121391,0.00148011,0.1228,5.15756
Plain,2,v1_smooth_repeat_20261001,1700,35.822,1.79089e+09,0.0089,21.5138,0.0089,0.1915,683.888,685.107,True,0.203122,0.000138949,0.00266761,0.195973
Plain,2,v1_smooth_repeat_20261001,1700,35.822,1.79089e+09,0.0178,20.9808,0.0178,0.3735,671.875,670.312,True,0.199554,0.000271004,0.00533522,0.385586
Plain,2,v1_smooth_repeat_20261001,1700,35.822,1.79089e+09,0.0356,20.3075,0.0356,0.7229,662.879,669.745,True,0.196882,0.000524522,0.0106704,0.759633
Plain,2,v1_smooth_repeat_20261001,1700,35.822,1.79089e+09,0.0534,19.409,0.0534,1.0364,657.576,661.909,True,0.195307,0.000751991,0.0160057,1.11034
Plain,2,v1_smooth_repeat_20261001,1700,35.822,1.79089e+09,0.0713,18.3346,0.0713,1.3073,638.235,648.621,True,0.189563,0.000948551,0.0213709,1.43132
Plain,2,v1_smooth_repeat_20261001,1700,35.822,1.79089e+09,0.0891,18.1087,0.0891,1.6135,643.982,635.295,True,0.19127,0.00117072,0.0267061,1.79992
Plain,2,v1_smooth_repeat_20261001,1700,35.822,1.79089e+09,0.1069,17.2067,0.1069,1.8394,626.47,639.706,True,0.186068,0.00133463,0.0320413,2.10078
Plain,2,v1_smooth_repeat_20261001,1700,35.822,1.79089e+09,0.1247,16.5163,0.1247,2.0596,620.181,627.082,True,0.1842,0.00149441,0.0373765,2.40849
Plain,2,v1_smooth_repeat_20261001,1700,35.822,1.79089e+09,0.1425,15.6663,0.1425,2.2324,608.885,618.524,True,0.180845,0.00161979,0.0427118,2.68137
Plain,2,v1_smooth_repeat_20261001,1700,35.822,1.79089e+09,0.1603,15.0105,0.1603,2.4062,594.444,600,True,0.176556,0.00174589,0.048047,2.96781
Plain,2,v1_smooth_repeat_20261001,1700,35.822,1.79089e+09,0.1782,14.3443,0.1782,2.5562,586.486,588.388,True,0.174193,0.00185473,0.0534122,3.24374
Plain,2,v1_smooth_repeat_20261001,1700,35.822,1.79089e+09,0.196,13.5402,0.196,2.6539,578.637,583.396,True,0.171861,0.00192562,0.0587474,3.47927
Plain,2,v1_smooth_repeat_20261001,1700,35.822,1.79089e+09,0.2138,12.6614,0.2138,2.707,556.41,559.029,True,0.16526,0.00196415,0.0640826,3.68276
Plain,2,v1_smooth_repeat_20261001,1700,35.822,1.79089e+09,0.2316,12.1271,0.2316,2.8086,548.718,550,True,0.162975,0.00203786,0.0694178,3.94731
Plain,2,v1_smooth_repeat_20261001,1700,35.822,1.79089e+09,0.2494,11.9085,0.2494,2.97,548.038,543.328,True,0.162773,0.00215497,0.0747531,4.28422
Plain,2,v1_smooth_repeat_20261001,1700,35.822,1.79089e+09,0.2672,10.9237,0.2672,2.9188,535.866,543.49,True,0.159158,0.00211782,0.0800883,4.42109
Plain,2,v1_smooth_repeat_20261001,1700,35.822,1.79089e+09,0.2851,10.467,0.2851,2.9841,524.39,530.488,True,0.15575,0.0021652,0.0854535,4.68818
Plain,2,v1_smooth_repeat_20261001,1700,35.822,1.79089e+09,0.3029,9.9914,0.3029,3.0264,521.958,526.819,True,0.155027,0.0021959,0.0907887,4.94374
Plain,2,v1_smooth_repeat_20261001,1700,35.822,1.79089e+09,0.3207,9.4397,0.3207,3.0273,514.285,518.899,True,0.152748,0.00219655,0.0961239,5.17046
Plain,2,v1_smooth_repeat_20261001,1700,35.822,1.79089e+09,0.3385,8.4544,0.3385,2.8618,497.125,495.482,True,0.147651,0.00207647,0.101459,5.24334
Plain,2,v1_smooth_repeat_20261001,1700,35.822,1.79089e+09,0.3563,7.896,0.3563,2.8133,493.182,487.5,True,0.14648,0.00204127,0.106794,5.44578
Plain,2,v1_smooth_repeat_20261001,1700,35.822,1.79089e+09,0.3741,7.7088,0.3741,2.8839,484.091,485.07,True,0.14378,0.0020925,0.11213,5.77988
Plain,2,v1_smooth_repeat_20261001,1700,35.822,1.79089e+09,0.392,6.7628,0.392,2.651,476.118,477.321,True,0.141412,0.00192351,0.117495,5.82463
Plain,2,v1_smooth_repeat_20261001,1700,35.822,1.79089e+09,0.4098,6.2151,0.4098,2.5469,58.0893,66.055,True,0.0172531,0.00184798,0.12283,6.00922
Plain,2,v1_smooth_repeat_20261001,1700,35.822,1.79089e+09,0.4276,5.334,0.4276,2.2808,,,False,,0.0016549,0.128165,6.04437
Plain,2,v1_smooth_repeat_20261001,1700,35.822,1.79089e+09,0.4454,5.0696,0.4454,2.258,24.9711,24.9711,True,0.00741668,0.00163836,0.1335,6.33538
Plain,2,v1_smooth_repeat_20261001,1800,37.9542,1.79089e+09,0.01,23.3154,0.01,0.2332,736.666,737.248,True,0.206506,0.000142261,0.00299732,0.238444
Plain,2,v1_smooth_repeat_20261001,1800,37.9542,1.79089e+09,0.02,22.5475,0.02,0.451,731.034,734.484,True,0.204928,0.000275128,0.00599463,0.465452
Plain,2,v1_smooth_repeat_20261001,1800,37.9542,1.79089e+09,0.04,21.7666,0.04,0.8707,722.86,720.709,True,0.202636,0.000531162,0.0119893,0.915461
Plain,2,v1_smooth_repeat_20261001,1800,37.9542,1.79089e+09,0.06,20.9839,0.06,1.259,713.333,720,True,0.199966,0.00076804,0.0179839,1.34993
Plain,2,v1_smooth_repeat_20261001,1800,37.9542,1.79089e+09,0.08,20.2853,0.08,1.6228,705.321,700,True,0.197719,0.000989972,0.0239785,1.77575
Plain,2,v1_smooth_repeat_20261001,1800,37.9542,1.79089e+09,0.1,19.37,0.1,1.937,693.548,701.613,True,0.194419,0.00118165,0.0299732,2.16783
Plain,2,v1_smooth_repeat_20261001,1800,37.9542,1.79089e+09,0.12,18.6015,0.12,2.2322,687.863,691.936,True,0.192826,0.00136173,0.0359678,2.55676
Plain,2,v1_smooth_repeat_20261001,1800,37.9542,1.79089e+09,0.14,17.9297,0.14,2.5102,675,675,True,0.18922,0.00153132,0.0419624,2.94436
Plain,2,v1_smooth_repeat_20261001,1800,37.9542,1.79089e+09,0.16,17.1483,0.16,2.7437,666.489,665.625,True,0.186834,0.00167377,0.0479571,3.30331
Plain,2,v1_smooth_repeat_20261001,1800,37.9542,1.79089e+09,0.18,16.5296,0.18,2.9753,661.325,662.557,True,0.185386,0.00181505,0.0539517,3.67621
Plain,2,v1_smooth_repeat_20261001,1800,37.9542,1.79089e+09,0.2,15.4473,0.2,3.0895,643.177,650,True,0.180299,0.00188472,0.0599463,3.94757
Plain,2,v1_smooth_repeat_20261001,1800,37.9542,1.79089e+09,0.22,15.0372,0.22,3.3082,638.242,639.706,True,0.178916,0.00201813,0.0659409,4.33929
Plain,2,v1_smooth_repeat_20261001,1800,37.9542,1.79089e+09,0.24,13.8823,0.24,3.3318,622.857,628.934,True,0.174603,0.00203253,0.0719356,4.55177
Plain,2,v1_smooth_repeat_20261001,1800,37.9542,1.79089e+09,0.26,13.331,0.26,3.4661,608.333,609.91,True,0.170531,0.00211446,0.0779302,4.8908
Plain,2,v1_smooth_repeat_20261001,1800,37.9542,1.79089e+09,0.28,12.6462,0.28,3.5409,602.777,606.358,True,0.168974,0.00216009,0.0839248,5.18619
Plain,2,v1_smooth_repeat_20261001,1800,37.9542,1.79089e+09,0.3,11.9989,0.3,3.5997,589.189,595.483,True,0.165165,0.00219596,0.0899195,5.48144
Plain,2,v1_smooth_repeat_20261001,1800,37.9542,1.79089e+09,0.32,11.4581,0.32,3.6666,581.745,589.882,True,0.163078,0.00223677,0.0959141,5.80064
Plain,2,v1_smooth_repeat_20261001,1800,37.9542,1.79089e+09,0.34,10.5371,0.34,3.5826,565.79,573.824,True,0.158605,0.00218553,0.101909,5.9848
Plain,2,v1_smooth_repeat_20261001,1800,37.9542,1.79089e+09,0.36,10.0384,0.36,3.6138,566.667,566.077,True,0.158851,0.00220456,0.107903,6.30002
Plain,2,v1_smooth_repeat_20261001,1800,37.9542,1.79089e+09,0.38,9.0951,0.38,3.4561,545.208,547.573,True,0.152836,0.00210836,0.113898,6.44219
Plain,2,v1_smooth_repeat_20261001,1800,37.9542,1.79089e+09,0.4,8.5622,0.4,3.4249,538.561,545.423,True,0.150973,0.00208932,0.119893,6.72672
Plain,2,v1_smooth_repeat_20261001,1800,37.9542,1.79089e+09,0.42,7.8622,0.42,3.3021,529.268,533.993,True,0.148367,0.00201441,0.125887,6.93551
Plain,2,v1_smooth_repeat_20261001,1800,37.9542,1.79089e+09,0.44,7.5484,0.44,3.3213,521.951,523.171,True,0.146316,0.00202612,0.131882,7.30215
Plain,2,v1_smooth_repeat_20261001,1800,37.9542,1.79089e+09,0.46,6.6771,0.46,3.0715,506.976,519.295,True,0.142118,0.00187374,0.137877,7.41565
Plain,2,v1_smooth_repeat_20261001,1800,37.9542,1.79089e+09,0.48,6.1463,0.48,2.9502,499.759,499.199,True,0.140095,0.00179974,0.143871,7.67351
Plain,2,v1_smooth_repeat_20261001,1800,37.9542,1.79089e+09,0.5,5.9223,0.5,2.9611,502.325,501.15,True,0.140815,0.00180639,0.149866,8.07942
Plain,2,v1_smooth_repeat_20261001,1800,37.9542,1.79089e+09,0.52,5.0715,0.52,2.6372,,,False,,0.0016088,0.15586,8.16639
Plain,2,v1_smooth_repeat_20261001,1800,37.9542,1.79089e+09,0.54,4.3586,0.54,2.3536,,,False,,0.00143579,0.161855,8.30952
FS 0.05,1,v1_Ra20_20261001,500,10.2365,1.79089e+09,0.001,2.9108,0.001,0.0029,99.088,92.1148,True,0.102989,9.01725e-05,0.000299732,0.00324601
FS 0.05,1,v1_Ra20_20261001,500,10.2365,1.79089e+09,0.002,3.0779,0.002,0.0062,105.921,103.423,True,0.110091,0.000192783,0.000599463,0.00693166
FS 0.05,1,v1_Ra20_20261001,500,10.2365,1.79089e+09,0.004,2.973,0.004,0.0119,106.875,106.404,True,0.111083,0.000370018,0.00119893,0.0135219
FS 0.05,1,v1_Ra20_20261001,500,10.2365,1.79089e+09,0.006,2.7225,0.006,0.0163,103.428,105.366,True,0.107499,0.000506832,0.00179839,0.0189707
FS 0.05,1,v1_Ra20_20261001,500,10.2365,1.79089e+09,0.008,2.5171,0.008,0.0201,98.6859,100.858,True,0.102571,0.000624989,0.00239785,0.023978
FS 0.05,1,v1_Ra20_20261001,500,10.2365,1.79089e+09,0.01,2.3232,0.01,0.0232,95.1747,96.5554,True,0.0989214,0.00072138,0.00299732,0.028444
FS 0.05,1,v1_Ra20_20261001,500,10.2365,1.79089e+09,0.012,2.1179,0.012,0.0254,90.9159,93.913,True,0.094495,0.000789787,0.00359678,0.0321685
FS 0.05,1,v1_Ra20_20261001,500,10.2365,1.79089e+09,0.014,1.8766,0.014,0.0263,85.7253,87.7507,True,0.0891,0.000817771,0.00419624,0.0347515
FS 0.05,1,v1_Ra20_20261001,500,10.2365,1.79089e+09,0.016,1.7571,0.016,0.0281,81.5094,83.6337,True,0.0847182,0.00087374,0.00479571,0.0383932
FS 0.05,1,v1_Ra20_20261001,500,10.2365,1.79089e+09,0.018,1.6144,0.018,0.0291,78.6858,80.0041,True,0.0817835,0.000904834,0.00539517,0.0413934
FS 0.05,1,v1_Ra20_20261001,500,10.2365,1.79089e+09,0.02,1.5651,0.02,0.0313,74.7452,76.3251,True,0.0776876,0.000973241,0.00599463,0.0457521
FS 0.05,1,v1_Ra20_20261001,500,10.2365,1.79089e+09,0.022,1.1782,0.022,0.0259,69.6774,72.7546,True,0.0724204,0.000805334,0.00659409,0.0426695
FS 0.05,1,v1_Ra20_20261001,500,10.2365,1.79089e+09,0.024,1.0915,0.024,0.0262,63.3431,64.5414,True,0.0658367,0.000814662,0.00719356,0.0454454
FS 0.05,1,v1_Ra20_20261001,500,10.2365,1.79089e+09,0.026,0.8195,0.026,0.0213,56.3969,56.3969,True,0.058617,0.000662301,0.00779302,0.0431798
FS 0.05,1,v1_Ra20_20261001,500,10.2365,1.79089e+09,0.028,0.5684,0.028,0.0159,50.3496,50.3497,True,0.0523317,0.000494394,0.00839248,0.0405729
FS 0.05,1,v1_Ra20_20261001,600,12.3687,1.79089e+09,0.0011,4.6016,0.0011,0.0051,151.661,151.049,True,0.130459,8.98954e-05,0.000329705,0.00548279
FS 0.05,1,v1_Ra20_20261001,600,12.3687,1.79089e+09,0.0021,4.3784,0.0021,0.0092,148.285,148.953,True,0.127554,0.000162164,0.000629436,0.0099724
FS 0.05,1,v1_Ra20_20261001,600,12.3687,1.79089e+09,0.0042,4.324,0.0042,0.0182,147.819,148.331,True,0.127154,0.000320803,0.00125887,0.0199196
FS 0.05,1,v1_Ra20_20261001,600,12.3687,1.79089e+09,0.0064,4.0773,0.0064,0.0261,144.113,145.748,True,0.123966,0.000460053,0.00191828,0.0289995
FS 0.05,1,v1_Ra20_20261001,600,12.3687,1.79089e+09,0.0085,3.9123,0.0085,0.0333,140.188,140.933,True,0.120589,0.000586964,0.00254772,0.0375047
FS 0.05,1,v1_Ra20_20261001,600,12.3687,1.79089e+09,0.0106,3.6397,0.0106,0.0386,136.896,139.03,True,0.117758,0.000680385,0.00317715,0.0442847
FS 0.05,1,v1_Ra20_20261001,600,12.3687,1.79089e+09,0.0127,3.4467,0.0127,0.0438,130.255,132.787,True,0.112045,0.000772043,0.00380659,0.0511395
FS 0.05,1,v1_Ra20_20261001,600,12.3687,1.79089e+09,0.0149,3.2112,0.0149,0.0478,124.855,127.514,True,0.107401,0.000842549,0.004466,0.0570606
FS 0.05,1,v1_Ra20_20261001,600,12.3687,1.79089e+09,0.017,2.9515,0.017,0.0502,120.803,123.654,True,0.103915,0.000884853,0.00509544,0.0614734
FS 0.05,1,v1_Ra20_20261001,600,12.3687,1.79089e+09,0.0191,2.8828,0.0191,0.0551,117.695,118.725,True,0.101242,0.000971223,0.00572487,0.0685611
FS 0.05,1,v1_Ra20_20261001,600,12.3687,1.79089e+09,0.0212,2.7933,0.0212,0.0592,114.871,116.568,True,0.098812,0.00104349,0.00635431,0.0750235
FS 0.05,1,v1_Ra20_20261001,600,12.3687,1.79089e+09,0.0234,2.5576,0.0234,0.0598,110.767,112.506,True,0.0952817,0.00105407,0.00701372,0.0782859
FS 0.05,1,v1_Ra20_20261001,600,12.3687,1.79089e+09,0.0255,2.3615,0.0255,0.0602,107.768,109.023,True,0.0927022,0.00106112,0.00764316,0.0814063
FS 0.05,1,v1_Ra20_20261001,600,12.3687,1.79089e+09,0.0276,2.2905,0.0276,0.0632,104.9,106.658,True,0.0902348,0.001114,0.00827259,0.0873016
FS 0.05,1,v1_Ra20_20261001,600,12.3687,1.79089e+09,0.0297,2.1136,0.0297,0.0628,100.935,102.542,True,0.0868238,0.00110695,0.00890203,0.0899716
FS 0.05,1,v1_Ra20_20261001,600,12.3687,1.79089e+09,0.0319,1.9996,0.0319,0.0638,97.1098,100.513,True,0.0835338,0.00112457,0.00956144,0.0943754
FS 0.05,1,v1_Ra20_20261001,600,12.3687,1.79089e+09,0.034,1.793,0.034,0.061,89.9971,93.5064,True,0.0774155,0.00107522,0.0101909,0.0950034
FS 0.05,1,v1_Ra20_20261001,600,12.3687,1.79089e+09,0.0361,1.3294,0.0361,0.048,83.3394,85.8269,True,0.0716885,0.000846075,0.0108203,0.0856062
FS 0.05,1,v1_Ra20_20261001,600,12.3687,1.79089e+09,0.0382,1.4599,0.0382,0.0558,80.0174,81.8181,True,0.0688309,0.000983562,0.0114497,0.0971839
FS 0.05,1,v1_Ra20_20261001,600,12.3687,1.79089e+09,0.0404,1.2159,0.0404,0.0491,75.2613,77.8716,True,0.0647398,0.000865464,0.0121092,0.0946289
FS 0.05,1,v1_Ra20_20261001,600,12.3687,1.79089e+09,0.0425,0.9788,0.0425,0.0416,76.3118,73.9726,True,0.0656434,0.000733265,0.0127386,0.0912645
FS 0.05,1,v1_Ra20_20261001,700,14.5008,1.79089e+09,0.0015,5.6975,0.0015,0.0085,185.211,186.207,True,0.135893,9.29779e-05,0.000449597,0.00903388
FS 0.05,1,v1_Ra20_20261001,700,14.5008,1.79089e+09,0.0029,5.4973,0.0029,0.0159,183.787,185.341,True,0.134848,0.000173923,0.000869222,0.0170126
FS 0.05,1,v1_Ra20_20261001,700,14.5008,1.79089e+09,0.0058,5.3,0.0058,0.0307,181.846,184.07,True,0.133424,0.000335814,0.00173844,0.0332587
FS 0.05,1,v1_Ra20_20261001,700,14.5008,1.79089e+09,0.0088,5.2041,0.0088,0.0458,179.346,180.263,True,0.13159,0.000500987,0.00263764,0.0502054
FS 0.05,1,v1_Ra20_20261001,700,14.5008,1.79089e+09,0.0117,4.901,0.0117,0.0573,175.589,177.105,True,0.128833,0.000626781,0.00350686,0.0638297
FS 0.05,1,v1_Ra20_20261001,700,14.5008,1.79089e+09,0.0146,4.6888,0.0146,0.0685,172.206,172.491,True,0.126351,0.000749293,0.00437608,0.0774874
FS 0.05,1,v1_Ra20_20261001,700,14.5008,1.79089e+09,0.0175,4.4867,0.0175,0.0785,167.442,168.445,True,0.122855,0.000858679,0.0052453,0.0902784
FS 0.05,1,v1_Ra20_20261001,700,14.5008,1.79089e+09,0.0204,4.3753,0.0204,0.0893,163.636,164.68,True,0.120063,0.000976815,0.00611452,0.104203
FS 0.05,1,v1_Ra20_20261001,700,14.5008,1.79089e+09,0.0234,4.054,0.0234,0.0949,157.915,160.052,True,0.115866,0.00103807,0.00701372,0.113386
FS 0.05,1,v1_Ra20_20261001,700,14.5008,1.79089e+09,0.0263,3.6924,0.0263,0.0971,149.878,153.979,True,0.109969,0.00106214,0.00788294,0.119389
FS 0.05,1,v1_Ra20_20261001,700,14.5008,1.79089e+09,0.0292,3.4432,0.0292,0.1005,141.909,145.144,True,0.104121,0.00109933,0.00875216,0.126925
FS 0.05,1,v1_Ra20_20261001,700,14.5008,1.79089e+09,0.0321,3.1117,0.0321,0.0999,134.803,136.743,True,0.098908,0.00109276,0.00962138,0.130794
FS 0.05,1,v1_Ra20_20261001,700,14.5008,1.79089e+09,0.035,2.8165,0.035,0.0986,129.334,132.847,True,0.0948951,0.00107854,0.0104906,0.134297
FS 0.05,1,v1_Ra20_20261001,700,14.5008,1.79089e+09,0.038,2.8599,0.038,0.1087,126.03,125.868,True,0.0924706,0.00118902,0.0113898,0.149717
FS 0.05,1,v1_Ra20_20261001,700,14.5008,1.79089e+09,0.0409,2.7582,0.0409,0.1128,125.587,128.28,True,0.0921458,0.00123387,0.012259,0.159298
FS 0.05,1,v1_Ra20_20261001,700,14.5008,1.79089e+09,0.0438,2.4261,0.0438,0.1063,121.248,124.138,True,0.0889619,0.00116277,0.0131282,0.158612
FS 0.05,1,v1_Ra20_20261001,700,14.5008,1.79089e+09,0.0467,2.259,0.0467,0.1055,116.471,120.178,True,0.0854568,0.00115402,0.0139975,0.16396
FS 0.05,1,v1_Ra20_20261001,700,14.5008,1.79089e+09,0.0496,1.9426,0.0496,0.0964,109.716,113.012,True,0.080501,0.00105448,0.0148667,0.161342
FS 0.05,1,v1_Ra20_20261001,700,14.5008,1.79089e+09,0.0525,1.8842,0.0525,0.0989,107.545,108,True,0.0789082,0.00108183,0.0157359,0.170656
FS 0.05,1,v1_Ra20_20261001,700,14.5008,1.79089e+09,0.0555,1.7166,0.0555,0.0953,101.204,104.348,True,0.0742554,0.00104245,0.0166351,0.174457
FS 0.05,1,v1_Ra20_20261001,700,14.5008,1.79089e+09,0.0584,1.6099,0.0584,0.094,96.9778,99.0825,True,0.0711546,0.00102823,0.0175043,0.18065
FS 0.05,1,v1_Ra20_20261001,700,14.5008,1.79089e+09,0.0613,1.237,0.0613,0.0758,92.8626,94.5247,True,0.0681352,0.000829144,0.0183735,0.170276
FS 0.05,1,v1_Ra20_20261001,700,14.5008,1.79089e+09,0.0642,1.0825,0.0642,0.0695,88.5473,91.5255,True,0.064969,0.000760231,0.0192428,0.172136
FS 0.05,1,v1_Ra20_20261001,800,16.6329,1.79089e+09,0.0019,6.6575,0.0019,0.0126,216.477,218.182,True,0.138473,9.13275e-05,0.00056949,0.0132913
FS 0.05,1,v1_Ra20_20261001,800,16.6329,1.79089e+09,0.0038,6.4501,0.0038,0.0245,212.181,213.592,True,0.135725,0.000177581,0.00113898,0.0260257
FS 0.05,1,v1_Ra20_20261001,800,16.6329,1.79089e+09,0.0077,6.2704,0.0077,0.0483,211.36,213.861,True,0.1352,0.000350089,0.00230793,0.0519868
FS 0.05,1,v1_Ra20_20261001,800,16.6329,1.79089e+09,0.0115,6.0513,0.0115,0.0696,208.738,209.709,True,0.133523,0.000504476,0.00344691,0.0759725
FS 0.05,1,v1_Ra20_20261001,800,16.6329,1.79089e+09,0.0154,5.7447,0.0154,0.0885,204.762,206.959,True,0.130979,0.000641467,0.00461587,0.098224
FS 0.05,1,v1_Ra20_20261001,800,16.6329,1.79089e+09,0.0192,5.7652,0.0192,0.1107,203.774,202.73,True,0.130347,0.000802377,0.00575485,0.12427
FS 0.05,1,v1_Ra20_20261001,800,16.6329,1.79089e+09,0.023,5.2293,0.023,0.1203,196.143,201.055,True,0.125466,0.00087196,0.00689383,0.138288
FS 0.05,1,v1_Ra20_20261001,800,16.6329,1.79089e+09,0.0269,5.1079,0.0269,0.1374,192.742,194.594,True,0.12329,0.000995905,0.00806278,0.160517
FS 0.05,1,v1_Ra20_20261001,800,16.6329,1.79089e+09,0.0307,4.6776,0.0307,0.1436,181.17,185.154,True,0.115889,0.00104084,0.00920176,0.172295
FS 0.05,1,v1_Ra20_20261001,800,16.6329,1.79089e+09,0.0346,4.5502,0.0346,0.1574,180.095,182.388,True,0.115201,0.00114087,0.0103707,0.192415
FS 0.05,1,v1_Ra20_20261001,800,16.6329,1.79089e+09,0.0384,4.2812,0.0384,0.1644,176.872,177.472,True,0.113139,0.00119161,0.0115097,0.206153
FS 0.05,1,v1_Ra20_20261001,800,16.6329,1.79089e+09,0.0423,4.274,0.0423,0.1808,173.436,175.33,True,0.110941,0.00131048,0.0126786,0.230063
FS 0.05,1,v1_Ra20_20261001,800,16.6329,1.79089e+09,0.0461,3.8469,0.0461,0.1773,165.131,170.464,True,0.105629,0.00128511,0.0138176,0.234461
FS 0.05,1,v1_Ra20_20261001,800,16.6329,1.79089e+09,0.0499,3.4507,0.0499,0.1722,158.275,161.602,True,0.101243,0.00124814,0.0149566,0.237831
FS 0.05,1,v1_Ra20_20261001,800,16.6329,1.79089e+09,0.0538,3.2201,0.0538,0.1732,151.049,152.761,True,0.096621,0.00125539,0.0161256,0.248119
FS 0.05,1,v1_Ra20_20261001,800,16.6329,1.79089e+09,0.0576,3.0199,0.0576,0.1739,144.273,149.618,True,0.0922867,0.00126046,0.0172645,0.258449
FS 0.05,1,v1_Ra20_20261001,800,16.6329,1.79089e+09,0.0615,2.5992,0.0615,0.1599,137.859,142.105,True,0.0881841,0.00115899,0.0184335,0.254928
FS 0.05,1,v1_Ra20_20261001,800,16.6329,1.79089e+09,0.0653,2.6131,0.0653,0.1706,134.588,136.403,True,0.0860914,0.00123655,0.0195725,0.276418
FS 0.05,1,v1_Ra20_20261001,800,16.6329,1.79089e+09,0.0691,2.4834,0.0691,0.1716,132.261,133.969,True,0.0846028,0.00124379,0.0207115,0.288781
FS 0.05,1,v1_Ra20_20261001,800,16.6329,1.79089e+09,0.073,1.9995,0.073,0.146,124.762,128.572,True,0.079806,0.00105824,0.0218804,0.275437
FS 0.05,1,v1_Ra20_20261001,800,16.6329,1.79089e+09,0.0768,1.7827,0.0768,0.1369,120.082,123.535,True,0.0768124,0.00099228,0.0230194,0.27886
FS 0.05,1,v1_Ra20_20261001,800,16.6329,1.79089e+09,0.0807,1.4452,0.0807,0.1166,116.119,116.123,True,0.0742775,0.000845142,0.0241883,0.272007
FS 0.05,1,v1_Ra20_20261001,900,18.765,1.79089e+09,0.0024,7.981,0.0024,0.0192,253.385,253.373,True,0.143666,9.69145e-05,0.000719356,0.020097
FS 0.05,1,v1_Ra20_20261001,900,18.765,1.79089e+09,0.0049,7.6546,0.0049,0.0375,252.317,252.353,True,0.143061,0.000189286,0.00146868,0.0395742
FS 0.05,1,v1_Ra20_20261001,900,18.765,1.79089e+09,0.0098,7.386,0.0098,0.0724,247.126,246.958,True,0.140117,0.000365449,0.00293737,0.0775002
FS 0.05,1,v1_Ra20_20261001,900,18.765,1.79089e+09,0.0147,6.9812,0.0147,0.1026,240.288,244.192,True,0.13624,0.000517887,0.00440605,0.111678
FS 0.05,1,v1_Ra20_20261001,900,18.765,1.79089e+09,0.0196,6.903,0.0196,0.1353,243.334,240,True,0.137967,0.000682945,0.00587474,0.149308
FS 0.05,1,v1_Ra20_20261001,900,18.765,1.79089e+09,0.0244,6.4995,0.0244,0.1586,236.728,239.649,True,0.134221,0.000800554,0.00731345,0.17836
FS 0.05,1,v1_Ra20_20261001,900,18.765,1.79089e+09,0.0293,6.2131,0.0293,0.182,230.173,232.056,True,0.130505,0.000918669,0.00878214,0.208573
FS 0.05,1,v1_Ra20_20261001,900,18.765,1.79089e+09,0.0342,5.9309,0.0342,0.2028,225.664,227.368,True,0.127949,0.00102366,0.0102508,0.237139
FS 0.05,1,v1_Ra20_20261001,900,18.765,1.79089e+09,0.0391,5.8033,0.0391,0.2269,223.711,222.933,True,0.126841,0.00114531,0.0117195,0.269956
FS 0.05,1,v1_Ra20_20261001,900,18.765,1.79089e+09,0.044,5.4189,0.044,0.2384,216.391,220.447,True,0.122691,0.00120336,0.0131882,0.291126
FS 0.05,1,v1_Ra20_20261001,900,18.765,1.79089e+09,0.0489,5.4179,0.0489,0.2649,214.529,213.879,True,0.121635,0.00133712,0.0146569,0.328247
FS 0.05,1,v1_Ra20_20261001,900,18.765,1.79089e+09,0.0538,4.9634,0.0538,0.267,203.533,208.631,True,0.1154,0.00134772,0.0161256,0.341919
FS 0.05,1,v1_Ra20_20261001,900,18.765,1.79089e+09,0.0587,4.6086,0.0587,0.2705,198.831,198.265,True,0.112735,0.00136538,0.0175942,0.357944
FS 0.05,1,v1_Ra20_20261001,900,18.765,1.79089e+09,0.0636,4.5035,0.0636,0.2864,194.101,197.549,True,0.110052,0.00144564,0.0190629,0.38732
FS 0.05,1,v1_Ra20_20261001,900,18.765,1.79089e+09,0.0684,4.0829,0.0684,0.2793,183.402,188.505,True,0.103986,0.0014098,0.0205016,0.394345
FS 0.05,1,v1_Ra20_20261001,900,18.765,1.79089e+09,0.0733,3.6019,0.0733,0.264,172.718,176.039,True,0.097929,0.00133257,0.0219703,0.394405
FS 0.05,1,v1_Ra20_20261001,900,18.765,1.79089e+09,0.0782,3.4626,0.0782,0.2708,165.998,165.098,True,0.0941187,0.0013669,0.023439,0.417518
FS 0.05,1,v1_Ra20_20261001,900,18.765,1.79089e+09,0.0831,2.9655,0.0831,0.2464,157.664,162.45,True,0.0893935,0.00124374,0.0249077,0.410382
FS 0.05,1,v1_Ra20_20261001,900,18.765,1.79089e+09,0.088,2.9081,0.088,0.2559,155.396,155.396,True,0.0881073,0.00129169,0.0263764,0.438098
FS 0.05,1,v1_Ra20_20261001,900,18.765,1.79089e+09,0.0929,2.4599,0.0929,0.2285,150.461,154.498,True,0.0853095,0.00115338,0.0278451,0.429866
FS 0.05,1,v1_Ra20_20261001,900,18.765,1.79089e+09,0.0978,2.098,0.0978,0.2052,141.002,144.752,True,0.0799461,0.00103577,0.0293137,0.426685
FS 0.05,1,v1_Ra20_20261001,1000,20.8972,1.79089e+09,0.003,9.2281,0.003,0.0277,294.635,297.945,True,0.15001,0.00010124,0.000899195,0.028857
FS 0.05,1,v1_Ra20_20261001,1000,20.8972,1.79089e+09,0.0061,8.9707,0.0061,0.0547,293.015,295.891,True,0.149185,0.000199922,0.00182836,0.0574273
FS 0.05,1,v1_Ra20_20261001,1000,20.8972,1.79089e+09,0.0121,8.6327,0.0121,0.1045,286.891,289.257,True,0.146067,0.000381936,0.00362675,0.111349
FS 0.05,1,v1_Ra20_20261001,1000,20.8972,1.79089e+09,0.0182,8.2161,0.0182,0.1495,281.357,286.397,True,0.143249,0.000546406,0.00545511,0.162002
FS 0.05,1,v1_Ra20_20261001,1000,20.8972,1.79089e+09,0.0243,7.9268,0.0243,0.1926,279.03,278.571,True,0.142065,0.000703931,0.00728348,0.21223
FS 0.05,1,v1_Ra20_20261001,1000,20.8972,1.79089e+09,0.0303,7.654,0.0303,0.2319,270,273.091,True,0.137467,0.000847569,0.00908187,0.259981
FS 0.05,1,v1_Ra20_20261001,1000,20.8972,1.79089e+09,0.0364,7.4118,0.0364,0.2698,270.79,270,True,0.137869,0.000986089,0.0109102,0.307935
FS 0.05,1,v1_Ra20_20261001,1000,20.8972,1.79089e+09,0.0424,6.9626,0.0424,0.2952,263.473,267.119,True,0.134144,0.00107892,0.0127086,0.344664
FS 0.05,1,v1_Ra20_20261001,1000,20.8972,1.79089e+09,0.0485,6.7684,0.0485,0.3283,256.169,257.971,True,0.130425,0.0011999,0.014537,0.390744
FS 0.05,1,v1_Ra20_20261001,1000,20.8972,1.79089e+09,0.0546,6.4702,0.0546,0.3533,252.519,254.118,True,0.128567,0.00129127,0.0163653,0.430199
FS 0.05,1,v1_Ra20_20261001,1000,20.8972,1.79089e+09,0.0606,6.3885,0.0606,0.3871,249.121,250.737,True,0.126837,0.00141481,0.0181637,0.479657
FS 0.05,1,v1_Ra20_20261001,1000,20.8972,1.79089e+09,0.0667,5.9659,0.0667,0.3979,244.154,247.22,True,0.124308,0.00145428,0.0199921,0.507838
FS 0.05,1,v1_Ra20_20261001,1000,20.8972,1.79089e+09,0.0728,5.6445,0.0728,0.4109,237.473,240,True,0.120906,0.00150179,0.0218205,0.539694
FS 0.05,1,v1_Ra20_20261001,1000,20.8972,1.79089e+09,0.0788,5.2762,0.0788,0.4158,232.516,235.535,True,0.118383,0.0015197,0.0236188,0.56458
FS 0.05,1,v1_Ra20_20261001,1000,20.8972,1.79089e+09,0.0849,4.6677,0.0849,0.3963,214.63,223.471,True,0.109276,0.00144843,0.0254472,0.566863
FS 0.05,1,v1_Ra20_20261001,1000,20.8972,1.79089e+09,0.0909,4.298,0.0909,0.3907,205.1,209.421,True,0.104424,0.00142796,0.0272456,0.584127
FS 0.05,1,v1_Ra20_20261001,1000,20.8972,1.79089e+09,0.097,3.9172,0.097,0.38,198.219,202.417,True,0.100921,0.00138886,0.029074,0.598135
FS 0.05,1,v1_Ra20_20261001,1000,20.8972,1.79089e+09,0.1031,3.5762,0.1031,0.3687,188.882,196.364,True,0.096167,0.00134756,0.0309023,0.613019
FS 0.05,1,v1_Ra20_20261001,1000,20.8972,1.79089e+09,0.1091,3.3548,0.1091,0.366,181.513,184.004,True,0.0924148,0.00133769,0.0327007,0.637512
FS 0.05,1,v1_Ra20_20261001,1000,20.8972,1.79089e+09,0.1152,2.8582,0.1152,0.3293,179.501,182.071,True,0.0913907,0.00120355,0.0345291,0.629921
FS 0.05,1,v1_Ra20_20261001,1000,20.8972,1.79089e+09,0.1213,2.5755,0.1213,0.3124,174.014,174.932,True,0.0885971,0.00114179,0.0363574,0.643605
FS 0.05,1,v1_Ra20_20261001,1100,23.0293,1.79089e+09,0.0037,10.9833,0.0037,0.0406,350.253,350.031,True,0.161817,0.000110872,0.00110901,0.0420782
FS 0.05,1,v1_Ra20_20261001,1100,23.0293,1.79089e+09,0.0074,10.7704,0.0074,0.0797,348.082,347.651,True,0.160814,0.000217647,0.00221801,0.0831992
FS 0.05,1,v1_Ra20_20261001,1100,23.0293,1.79089e+09,0.0147,10.188,0.0147,0.1498,335.937,341.641,True,0.155203,0.000409078,0.00440605,0.158878
FS 0.05,1,v1_Ra20_20261001,1100,23.0293,1.79089e+09,0.0221,9.6444,0.0221,0.2131,330.769,330.982,True,0.152815,0.00058194,0.00662407,0.229989
FS 0.05,1,v1_Ra20_20261001,1100,23.0293,1.79089e+09,0.0295,9.2342,0.0295,0.2724,324.509,328.665,True,0.149923,0.000743878,0.00884208,0.299272
FS 0.05,1,v1_Ra20_20261001,1100,23.0293,1.79089e+09,0.0368,8.8457,0.0368,0.3255,317.647,321.783,True,0.146753,0.000888885,0.0110301,0.364346
FS 0.05,1,v1_Ra20_20261001,1100,23.0293,1.79089e+09,0.0442,8.5286,0.0442,0.377,312.236,312.081,True,0.144253,0.00102952,0.0132481,0.43014
FS 0.05,1,v1_Ra20_20261001,1100,23.0293,1.79089e+09,0.0515,8.4114,0.0515,0.4332,308.571,308.571,True,0.14256,0.001183,0.0154362,0.502569
FS 0.05,1,v1_Ra20_20261001,1100,23.0293,1.79089e+09,0.0589,8.0601,0.0589,0.4747,306.377,306.429,True,0.141546,0.00129632,0.0176542,0.562675
FS 0.05,1,v1_Ra20_20261001,1100,23.0293,1.79089e+09,0.0663,7.6338,0.0663,0.5061,294.778,300.397,True,0.136187,0.00138207,0.0198722,0.614853
FS 0.05,1,v1_Ra20_20261001,1100,23.0293,1.79089e+09,0.0736,7.6408,0.0736,0.5624,300,293.919,True,0.1386,0.00153582,0.0220602,0.693777
FS 0.05,1,v1_Ra20_20261001,1100,23.0293,1.79089e+09,0.081,7.0676,0.081,0.5725,285.527,290.441,True,0.131913,0.0015634,0.0242783,0.728966
FS 0.05,1,v1_Ra20_20261001,1100,23.0293,1.79089e+09,0.0884,6.8474,0.0884,0.6053,286.534,286.647,True,0.132378,0.00165297,0.0264963,0.789027
FS 0.05,1,v1_Ra20_20261001,1100,23.0293,1.79089e+09,0.0957,6.4176,0.0957,0.6142,278.754,283.436,True,0.128784,0.00167728,0.0286843,0.826946
FS 0.05,1,v1_Ra20_20261001,1100,23.0293,1.79089e+09,0.1031,6.2789,0.1031,0.6474,275.949,271.519,True,0.127488,0.00176794,0.0309023,0.891719
FS 0.05,1,v1_Ra20_20261001,1100,23.0293,1.79089e+09,0.1104,5.6145,0.1104,0.6198,257.831,270.981,True,0.119118,0.00169257,0.0330904,0.897392
FS 0.05,1,v1_Ra20_20261001,1100,23.0293,1.79089e+09,0.1178,5.4602,0.1178,0.6432,255.294,258.074,True,0.117946,0.00175647,0.0353084,0.956677
FS 0.05,1,v1_Ra20_20261001,1100,23.0293,1.79089e+09,0.1252,4.7403,0.1252,0.5935,243.478,250.236,True,0.112487,0.00162075,0.0375264,0.945032
FS 0.05,1,v1_Ra20_20261001,1100,23.0293,1.79089e+09,0.1325,4.4727,0.1325,0.5926,234.261,233.487,True,0.108228,0.00161829,0.0397144,0.983801
FS 0.05,1,v1_Ra20_20261001,1100,23.0293,1.79089e+09,0.1399,4.3017,0.1399,0.6018,229.401,229.787,True,0.105983,0.00164341,0.0419324,1.03537
FS 0.05,1,v1_Ra20_20261001,1100,23.0293,1.79089e+09,0.1473,3.3042,0.1473,0.4867,208.325,220.93,True,0.0962463,0.00132909,0.0441505,0.964808
FS 0.05,1,v1_Ra20_20261001,1100,23.0293,1.79089e+09,0.1546,3.1444,0.1546,0.4861,205.375,203.071,True,0.094883,0.00132746,0.0463385,1.01027
FS 0.05,1,v1_Ra20_20261001,1200,25.1614,1.79089e+09,0.0044,12.995,0.0044,0.0572,409.345,410.377,True,0.173092,0.000119764,0.00131882,0.059019
FS 0.05,1,v1_Ra20_20261001,1200,25.1614,1.79089e+09,0.0088,12.5093,0.0088,0.1101,405.66,404.718,True,0.171534,0.000230525,0.00263764,0.114505
FS 0.05,1,v1_Ra20_20261001,1200,25.1614,1.79089e+09,0.0176,11.8496,0.0176,0.2086,394.251,397.512,True,0.16671,0.000436763,0.00527528,0.220481
FS 0.05,1,v1_Ra20_20261001,1200,25.1614,1.79089e+09,0.0264,11.4028,0.0264,0.301,387.5,392.667,True,0.163855,0.000630228,0.00791291,0.323426
FS 0.05,1,v1_Ra20_20261001,1200,25.1614,1.79089e+09,0.0352,11.0542,0.0352,0.3891,383.928,385.715,True,0.162344,0.00081469,0.0105506,0.425141
FS 0.05,1,v1_Ra20_20261001,1200,25.1614,1.79089e+09,0.0439,10.8393,0.0439,0.4758,377.772,381.557,True,0.159741,0.000996221,0.0131582,0.528319
FS 0.05,1,v1_Ra20_20261001,1200,25.1614,1.79089e+09,0.0527,10.5763,0.0527,0.5574,377.203,379.764,True,0.159501,0.00116707,0.0157959,0.629639
FS 0.05,1,v1_Ra20_20261001,1200,25.1614,1.79089e+09,0.0615,9.9679,0.0615,0.613,366.102,369.517,True,0.154807,0.00128349,0.0184335,0.708028
FS 0.05,1,v1_Ra20_20261001,1200,25.1614,1.79089e+09,0.0703,9.5108,0.0703,0.6686,355.608,361.705,True,0.150369,0.0013999,0.0210711,0.789488
FS 0.05,1,v1_Ra20_20261001,1200,25.1614,1.79089e+09,0.0791,9.0185,0.0791,0.7134,350,352.615,True,0.147998,0.0014937,0.0237088,0.863217
FS 0.05,1,v1_Ra20_20261001,1200,25.1614,1.79089e+09,0.0879,8.7084,0.0879,0.7655,346.443,345.968,True,0.146494,0.00160279,0.0263464,0.947316
FS 0.05,1,v1_Ra20_20261001,1200,25.1614,1.79089e+09,0.0967,8.4046,0.0967,0.8127,337.732,338.64,True,0.14281,0.00170162,0.028984,1.02959
FS 0.05,1,v1_Ra20_20261001,1200,25.1614,1.79089e+09,0.1055,7.9949,0.1055,0.8435,335.848,338.813,True,0.142014,0.0017661,0.0316217,1.09852
FS 0.05,1,v1_Ra20_20261001,1200,25.1614,1.79089e+09,0.1143,7.8519,0.1143,0.8975,330.26,326.148,True,0.139651,0.00187917,0.0342593,1.19373
FS 0.05,1,v1_Ra20_20261001,1200,25.1614,1.79089e+09,0.1231,7.2554,0.1231,0.8931,324.665,328.905,True,0.137285,0.00186996,0.036897,1.23361
FS 0.05,1,v1_Ra20_20261001,1200,25.1614,1.79089e+09,0.1318,7.1777,0.1318,0.946,317.828,315.17,True,0.134394,0.00198072,0.0395046,1.33331
FS 0.05,1,v1_Ra20_20261001,1200,25.1614,1.79089e+09,0.1406,6.8512,0.1406,0.9633,317.566,317.648,True,0.134283,0.00201694,0.0421423,1.40099
FS 0.05,1,v1_Ra20_20261001,1200,25.1614,1.79089e+09,0.1494,6.4044,0.1494,0.9568,310.808,313.044,True,0.131425,0.00200333,0.0447799,1.44794
FS 0.05,1,v1_Ra20_20261001,1200,25.1614,1.79089e+09,0.1582,6.1079,0.1582,0.9663,300,302.769,True,0.126855,0.00202322,0.0474175,1.51397
FS 0.05,1,v1_Ra20_20261001,1200,25.1614,1.79089e+09,0.167,5.8082,0.167,0.97,296.024,299.421,True,0.125174,0.00203097,0.0500552,1.57726
FS 0.05,1,v1_Ra20_20261001,1200,25.1614,1.79089e+09,0.1758,5.287,0.1758,0.9295,285.708,294.437,True,0.120812,0.00194617,0.0526928,1.59942
FS 0.05,1,v1_Ra20_20261001,1200,25.1614,1.79089e+09,0.1846,4.7411,0.1846,0.8752,273.692,277.721,True,0.115731,0.00183248,0.0553305,1.61085
FS 0.05,1,v1_Ra20_20261001,1200,25.1614,1.79089e+09,0.1934,4.2472,0.1934,0.8214,261.219,264.815,True,0.110456,0.00171983,0.0579681,1.62586
FS 0.05,1,v1_Ra20_20261001,1200,25.1614,1.79089e+09,0.2022,3.6884,0.2022,0.7458,253.706,257.143,True,0.10728,0.00156154,0.0606057,1.62213
FS 0.05,1,v1_Ra20_20261001,1200,25.1614,1.79089e+09,0.211,3.1703,0.211,0.6689,242.696,243.858,True,0.102624,0.00140053,0.0632434,1.62017
FS 0.05,1,v1_Ra20_20261001,1300,27.2935,1.79089e+09,0.0052,14.4445,0.0052,0.0751,457.897,462.361,True,0.178497,0.000123196,0.0015586,0.0773321
FS 0.05,1,v1_Ra20_20261001,1300,27.2935,1.79089e+09,0.0103,14.0873,0.0103,0.1451,455.895,458.711,True,0.177716,0.000238026,0.00308724,0.150563
FS 0.05,1,v1_Ra20_20261001,1300,27.2935,1.79089e+09,0.0207,13.5093,0.0207,0.2796,450.517,449.225,True,0.17562,0.000458663,0.00620444,0.294845
FS 0.05,1,v1_Ra20_20261001,1300,27.2935,1.79089e+09,0.031,13.0531,0.031,0.4046,442.857,443.877,True,0.172634,0.000663716,0.00929168,0.43376
FS 0.05,1,v1_Ra20_20261001,1300,27.2935,1.79089e+09,0.0414,12.6135,0.0414,0.5222,438.008,440.817,True,0.170744,0.000856631,0.0124089,0.569676
FS 0.05,1,v1_Ra20_20261001,1300,27.2935,1.79089e+09,0.0517,12.3822,0.0517,0.6402,434.628,437.057,True,0.169426,0.0010502,0.0154961,0.710043
FS 0.05,1,v1_Ra20_20261001,1300,27.2935,1.79089e+09,0.0621,11.6765,0.0621,0.7251,422.112,427.338,True,0.164547,0.00118947,0.0186133,0.821794
FS 0.05,1,v1_Ra20_20261001,1300,27.2935,1.79089e+09,0.0724,11.4345,0.0724,0.8279,416.357,416.642,True,0.162304,0.00135811,0.0217006,0.955412
FS 0.05,1,v1_Ra20_20261001,1300,27.2935,1.79089e+09,0.0827,10.8994,0.0827,0.9014,413.128,418.33,True,0.161045,0.00147868,0.0247878,1.06394
FS 0.05,1,v1_Ra20_20261001,1300,27.2935,1.79089e+09,0.0931,10.5073,0.0931,0.9782,405.141,404.716,True,0.157931,0.00160466,0.027905,1.18037
FS 0.05,1,v1_Ra20_20261001,1300,27.2935,1.79089e+09,0.1034,9.8986,0.1034,1.0235,393.823,401.503,True,0.153519,0.00167898,0.0309922,1.26914
FS 0.05,1,v1_Ra20_20261001,1300,27.2935,1.79089e+09,0.1138,9.6053,0.1138,1.0931,383.929,385.715,True,0.149662,0.00179315,0.0341095,1.38691
FS 0.05,1,v1_Ra20_20261001,1300,27.2935,1.79089e+09,0.1241,9.115,0.1241,1.1312,382.324,383.036,True,0.149037,0.00185565,0.0371967,1.47694
FS 0.05,1,v1_Ra20_20261001,1300,27.2935,1.79089e+09,0.1345,8.9043,0.1345,1.1976,378.502,376.985,True,0.147547,0.00196457,0.0403139,1.60004
FS 0.05,1,v1_Ra20_20261001,1300,27.2935,1.79089e+09,0.1448,8.3549,0.1448,1.2098,367.08,372.695,True,0.143095,0.00198459,0.0434011,1.67262
FS 0.05,1,v1_Ra20_20261001,1300,27.2935,1.79089e+09,0.1551,8.0831,0.1551,1.2537,362.496,360,True,0.141308,0.0020566,0.0464884,1.7811
FS 0.05,1,v1_Ra20_20261001,1300,27.2935,1.79089e+09,0.1655,7.6589,0.1655,1.2675,358.333,360.371,True,0.139685,0.00207924,0.0496056,1.86438
FS 0.05,1,v1_Ra20_20261001,1300,27.2935,1.79089e+09,0.1758,7.5351,0.1758,1.3247,355,355.441,True,0.138385,0.00217307,0.0526928,1.99462
FS 0.05,1,v1_Ra20_20261001,1300,27.2935,1.79089e+09,0.1862,6.9392,0.1862,1.2921,346.774,353.526,True,0.135179,0.00211959,0.05581,2.04004
FS 0.05,1,v1_Ra20_20261001,1300,27.2935,1.79089e+09,0.1965,6.377,0.1965,1.2531,334.264,341.458,True,0.130302,0.00205562,0.0588973,2.08253
FS 0.05,1,v1_Ra20_20261001,1300,27.2935,1.79089e+09,0.2069,5.96,0.2069,1.2331,324.242,328.195,True,0.126396,0.00202281,0.0620145,2.14907
FS 0.05,1,v1_Ra20_20261001,1300,27.2935,1.79089e+09,0.2172,5.5483,0.2172,1.2051,324.601,327.273,True,0.126535,0.00197688,0.0651017,2.21102
FS 0.05,1,v1_Ra20_20261001,1300,27.2935,1.79089e+09,0.2275,5.1132,0.2275,1.1633,309.801,313.044,True,0.120766,0.00190831,0.0681889,2.26336
FS 0.05,1,v1_Ra20_20261001,1300,27.2935,1.79089e+09,0.2379,4.5241,0.2379,1.0763,301.189,308.571,True,0.117409,0.00176559,0.0713061,2.27569
FS 0.05,1,v1_Ra20_20261001,1300,27.2935,1.79089e+09,0.2482,4.4333,0.2482,1.1003,294.719,297.916,True,0.114887,0.00180496,0.0743934,2.40229
FS 0.05,1,v1_Ra20_20261001,1300,27.2935,1.79089e+09,0.2586,3.7111,0.2586,0.9597,280.699,291.612,True,0.109422,0.00157432,0.0775106,2.36956
FS 0.05,1,v1_Ra20_20261001,1300,27.2935,1.79089e+09,0.2689,2.4645,0.2689,0.6627,255.571,270.187,True,0.0996265,0.00108711,0.0805978,2.18361
FS 0.05,1,v1_Ra20_20261001,1400,29.4257,1.79089e+09,0.006,16.7256,0.006,0.1004,529.269,534.146,True,0.191369,0.000131429,0.00179839,0.103071
FS 0.05,1,v1_Ra20_20261001,1400,29.4257,1.79089e+09,0.012,16.0095,0.012,0.1921,519.512,526.829,True,0.187842,0.000251469,0.00359678,0.198868
FS 0.05,1,v1_Ra20_20261001,1400,29.4257,1.79089e+09,0.024,15.679,0.024,0.3763,516.666,517.858,True,0.186813,0.000492597,0.00719356,0.395545
FS 0.05,1,v1_Ra20_20261001,1400,29.4257,1.79089e+09,0.0361,14.8228,0.0361,0.5351,503.931,508.389,True,0.182208,0.000700475,0.0108203,0.572706
FS 0.05,1,v1_Ra20_20261001,1400,29.4257,1.79089e+09,0.0481,14.2135,0.0481,0.6837,488.89,492.167,True,0.176769,0.000895,0.0144171,0.745248
FS 0.05,1,v1_Ra20_20261001,1400,29.4257,1.79089e+09,0.0601,13.9538,0.0601,0.8386,488.844,490.066,True,0.176753,0.00109777,0.0180139,0.929797
FS 0.05,1,v1_Ra20_20261001,1400,29.4257,1.79089e+09,0.0721,12.9715,0.0721,0.9352,470.064,481.464,True,0.169962,0.00122423,0.0216106,1.06176
FS 0.05,1,v1_Ra20_20261001,1400,29.4257,1.79089e+09,0.0842,12.4087,0.0842,1.0448,461.702,463.079,True,0.166939,0.0013677,0.0252374,1.21279
FS 0.05,1,v1_Ra20_20261001,1400,29.4257,1.79089e+09,0.0962,12.1587,0.0962,1.1697,461.084,459.574,True,0.166716,0.0015312,0.0288342,1.38451
FS 0.05,1,v1_Ra20_20261001,1400,29.4257,1.79089e+09,0.1082,11.5485,0.1082,1.2495,450,453.125,True,0.162708,0.00163566,0.032431,1.51684
FS 0.05,1,v1_Ra20_20261001,1400,29.4257,1.79089e+09,0.1202,10.9348,0.1202,1.3144,436.7,440.868,True,0.157899,0.00172062,0.0360277,1.63998
FS 0.05,1,v1_Ra20_20261001,1400,29.4257,1.79089e+09,0.1322,10.4866,0.1322,1.3863,427.2,427.959,True,0.154464,0.00181474,0.0396245,1.77583
FS 0.05,1,v1_Ra20_20261001,1400,29.4257,1.79089e+09,0.1443,10.1324,0.1443,1.4621,425.49,428.644,True,0.153846,0.00191397,0.0432513,1.92189
FS 0.05,1,v1_Ra20_20261001,1400,29.4257,1.79089e+09,0.1563,9.7681,0.1563,1.5268,419.607,423.529,True,0.151719,0.00199866,0.046848,2.062
FS 0.05,1,v1_Ra20_20261001,1400,29.4257,1.79089e+09,0.1683,9.4284,0.1683,1.5868,413.33,412.698,True,0.149449,0.00207721,0.0504448,2.20312
FS 0.05,1,v1_Ra20_20261001,1400,29.4257,1.79089e+09,0.1803,8.852,0.1803,1.596,407.09,412.006,True,0.147193,0.00208925,0.0540416,2.29915
FS 0.05,1,v1_Ra20_20261001,1400,29.4257,1.79089e+09,0.1923,8.2673,0.1923,1.5898,392.021,395.921,True,0.141744,0.00208113,0.0576384,2.38549
FS 0.05,1,v1_Ra20_20261001,1400,29.4257,1.79089e+09,0.2044,8.0193,0.2044,1.6391,392.727,392.042,True,0.142,0.00214567,0.0612651,2.53388
FS 0.05,1,v1_Ra20_20261001,1400,29.4257,1.79089e+09,0.2164,7.4971,0.2164,1.6224,383.504,387.273,True,0.138665,0.00212381,0.0648619,2.62118
FS 0.05,1,v1_Ra20_20261001,1400,29.4257,1.79089e+09,0.2284,7.1693,0.2284,1.6375,378.947,380.457,True,0.137017,0.00214358,0.0684587,2.74599
FS 0.05,1,v1_Ra20_20261001,1400,29.4257,1.79089e+09,0.2404,6.4019,0.2404,1.539,364.039,370.648,True,0.131627,0.00201463,0.0720555,2.76291
FS 0.05,1,v1_Ra20_20261001,1400,29.4257,1.79089e+09,0.2525,5.9455,0.2525,1.5012,360,360,True,0.130166,0.00196515,0.0756822,2.84727
FS 0.05,1,v1_Ra20_20261001,1400,29.4257,1.79089e+09,0.2645,5.8789,0.2645,1.555,355.353,351.97,True,0.128486,0.00203558,0.079279,3.02795
FS 0.05,1,v1_Ra20_20261001,1400,29.4257,1.79089e+09,0.2765,5.5127,0.2765,1.5243,349.836,355.574,True,0.126491,0.00199539,0.0828758,3.12984
FS 0.05,1,v1_Ra20_20261001,1400,29.4257,1.79089e+09,0.2885,4.8294,0.2885,1.3933,337.978,343.308,True,0.122204,0.0018239,0.0864726,3.13714
FS 0.05,1,v1_Ra20_20261001,1400,29.4257,1.79089e+09,0.3005,4.4658,0.3005,1.342,326.637,328.732,True,0.118103,0.00175675,0.0900693,3.22985
FS 0.05,1,v1_Ra20_20261001,1400,29.4257,1.79089e+09,0.3126,4.1428,0.3126,1.295,327.273,325.341,True,0.118333,0.00169522,0.0936961,3.33384
FS 0.05,1,v1_Ra20_20261001,1400,29.4257,1.79089e+09,0.3246,3.4078,0.3246,1.1062,312.063,322.446,True,0.112834,0.00144808,0.0972929,3.30051
FS 0.05,1,v1_Ra20_20261001,1500,31.5578,1.79089e+09,0.0069,18.4758,0.0069,0.1275,583.783,583.784,True,0.196819,0.000135309,0.00206815,0.130694
FS 0.05,1,v1_Ra20_20261001,1500,31.5578,1.79089e+09,0.0138,18.1526,0.0138,0.2505,581.081,583.784,True,0.195908,0.000265842,0.0041363,0.258776
FS 0.05,1,v1_Ra20_20261001,1500,31.5578,1.79089e+09,0.0277,17.1014,0.0277,0.4737,571.052,579.06,True,0.192527,0.000502713,0.00830256,0.497944
FS 0.05,1,v1_Ra20_20261001,1500,31.5578,1.79089e+09,0.0415,16.7196,0.0415,0.6939,563.684,567.632,True,0.190043,0.0007364,0.0124389,0.741573
FS 0.05,1,v1_Ra20_20261001,1500,31.5578,1.79089e+09,0.0553,16.1304,0.0553,0.892,557.895,560.526,True,0.188091,0.000946633,0.0165752,0.970652
FS 0.05,1,v1_Ra20_20261001,1500,31.5578,1.79089e+09,0.0691,15.5502,0.0691,1.0745,547.5,550.504,True,0.184587,0.00114031,0.0207115,1.19168
FS 0.05,1,v1_Ra20_20261001,1500,31.5578,1.79089e+09,0.083,14.893,0.083,1.2361,535,539.999,True,0.180372,0.00131181,0.0248777,1.39972
FS 0.05,1,v1_Ra20_20261001,1500,31.5578,1.79089e+09,0.0968,14.1159,0.0968,1.3664,519.512,528.757,True,0.175151,0.00145009,0.029014,1.5837
FS 0.05,1,v1_Ra20_20261001,1500,31.5578,1.79089e+09,0.1106,13.5756,0.1106,1.5015,514.285,515.506,True,0.173388,0.00159346,0.0331503,1.78003
FS 0.05,1,v1_Ra20_20261001,1500,31.5578,1.79089e+09,0.1244,12.6085,0.1244,1.5685,493.034,503.338,True,0.166224,0.00166457,0.0372866,1.91581
FS 0.05,1,v1_Ra20_20261001,1500,31.5578,1.79089e+09,0.1383,12.0262,0.1383,1.6632,485.085,487.5,True,0.163544,0.00176507,0.0414529,2.08742
FS 0.05,1,v1_Ra20_20261001,1500,31.5578,1.79089e+09,0.1521,11.7101,0.1521,1.7811,480,483.334,True,0.161829,0.00189019,0.0455892,2.28926
FS 0.05,1,v1_Ra20_20261001,1500,31.5578,1.79089e+09,0.1659,11.249,0.1659,1.8662,473.913,473.997,True,0.159777,0.0019805,0.0497255,2.46584
FS 0.05,1,v1_Ra20_20261001,1500,31.5578,1.79089e+09,0.1797,10.5675,0.1797,1.899,463.615,469.565,True,0.156305,0.00201531,0.0538618,2.59767
FS 0.05,1,v1_Ra20_20261001,1500,31.5578,1.79089e+09,0.1936,10.0138,0.1936,1.9387,453.599,465.957,True,0.152928,0.00205744,0.058028,2.74476
FS 0.05,1,v1_Ra20_20261001,1500,31.5578,1.79089e+09,0.2074,9.6945,0.2074,2.0106,447.916,450,True,0.151012,0.00213374,0.0621643,2.93084
FS 0.05,1,v1_Ra20_20261001,1500,31.5578,1.79089e+09,0.2212,9.1846,0.2212,2.0316,444.898,449.725,True,0.149995,0.00215603,0.0663006,3.07358
FS 0.05,1,v1_Ra20_20261001,1500,31.5578,1.79089e+09,0.2351,8.6825,0.2351,2.0413,437.773,443.396,True,0.147593,0.00216632,0.0704669,3.21353
FS 0.05,1,v1_Ra20_20261001,1500,31.5578,1.79089e+09,0.2489,8.1019,0.2489,2.0166,421.569,429.722,True,0.142129,0.00214011,0.0746032,3.32572
FS 0.05,1,v1_Ra20_20261001,1500,31.5578,1.79089e+09,0.2627,7.6877,0.2627,2.0196,417.308,417.221,True,0.140693,0.0021433,0.0787395,3.47316
FS 0.05,1,v1_Ra20_20261001,1500,31.5578,1.79089e+09,0.2765,6.8587,0.2765,1.8964,405.604,418.269,True,0.136747,0.00201255,0.0828758,3.50194
FS 0.05,1,v1_Ra20_20261001,1500,31.5578,1.79089e+09,0.2904,6.4288,0.2904,1.8669,397.144,397.222,True,0.133895,0.00198124,0.0870421,3.63317
FS 0.05,1,v1_Ra20_20261001,1500,31.5578,1.79089e+09,0.3042,6.0847,0.3042,1.851,389.569,394.737,True,0.131341,0.00196437,0.0911783,3.78441
FS 0.05,1,v1_Ra20_20261001,1500,31.5578,1.79089e+09,0.318,5.5958,0.318,1.7795,381.469,388.465,True,0.12861,0.00188849,0.0953146,3.8876
FS 0.05,1,v1_Ra20_20261001,1500,31.5578,1.79089e+09,0.3318,5.5412,0.3318,1.8386,382.9,378.281,True,0.129093,0.00195121,0.0994509,4.12894
FS 0.05,1,v1_Ra20_20261001,1500,31.5578,1.79089e+09,0.3457,4.7832,0.3457,1.6536,370.725,381.579,True,0.124988,0.00175488,0.103617,4.13513
FS 0.05,1,v1_Ra20_20261001,1500,31.5578,1.79089e+09,0.3595,3.8413,0.3595,1.3809,349.706,363.241,True,0.117901,0.00146548,0.107754,4.05982
FS 0.05,1,v1_Ra20_20261001,1500,31.5578,1.79089e+09,0.3733,3.9442,0.3733,1.4724,348.38,342.929,True,0.117454,0.00156258,0.11189,4.35627
FS 0.05,1,v1_Ra20_20261001,1600,33.6899,1.79089e+09,0.0079,20.2517,0.0079,0.16,638.235,644.118,True,0.201559,0.000139559,0.00236788,0.163814
FS 0.05,1,v1_Ra20_20261001,1600,33.6899,1.79089e+09,0.0158,19.8054,0.0158,0.3129,635.451,643.883,True,0.20068,0.000272924,0.00473576,0.323002
FS 0.05,1,v1_Ra20_20261001,1600,33.6899,1.79089e+09,0.0315,18.924,0.0315,0.5961,628.571,634.74,True,0.198507,0.000519943,0.00944154,0.626042
FS 0.05,1,v1_Ra20_20261001,1600,33.6899,1.79089e+09,0.0473,18.2265,0.0473,0.8621,619.06,625.715,True,0.195504,0.000751959,0.0141773,0.921874
FS 0.05,1,v1_Ra20_20261001,1600,33.6899,1.79089e+09,0.063,17.5702,0.063,1.1069,603.448,603.4,True,0.190573,0.000965484,0.0188831,1.20612
FS 0.05,1,v1_Ra20_20261001,1600,33.6899,1.79089e+09,0.0788,16.8568,0.0788,1.3283,600,600.805,True,0.189484,0.0011586,0.0236188,1.47708
FS 0.05,1,v1_Ra20_20261001,1600,33.6899,1.79089e+09,0.0946,16.2464,0.0946,1.5369,591.138,588.968,True,0.186686,0.00134055,0.0283546,1.74514
FS 0.05,1,v1_Ra20_20261001,1600,33.6899,1.79089e+09,0.1103,15.337,0.1103,1.6917,573.684,576.056,True,0.181174,0.00147557,0.0330604,1.96882
FS 0.05,1,v1_Ra20_20261001,1600,33.6899,1.79089e+09,0.1261,14.7764,0.1261,1.8633,564.197,568.422,True,0.178177,0.00162525,0.0377962,2.21961
FS 0.05,1,v1_Ra20_20261001,1600,33.6899,1.79089e+09,0.1418,14.0765,0.1418,1.996,553.972,560.139,True,0.174948,0.00174099,0.0425019,2.4408
FS 0.05,1,v1_Ra20_20261001,1600,33.6899,1.79089e+09,0.1576,13.3485,0.1576,2.1037,540,546.931,True,0.170536,0.00183493,0.0472377,2.64741
FS 0.05,1,v1_Ra20_20261001,1600,33.6899,1.79089e+09,0.1733,12.9951,0.1733,2.2521,539.341,540.989,True,0.170328,0.00196437,0.0519435,2.90391
FS 0.05,1,v1_Ra20_20261001,1600,33.6899,1.79089e+09,0.1891,12.2383,0.1891,2.3143,527.396,532.5,True,0.166555,0.00201863,0.0566792,3.08475
FS 0.05,1,v1_Ra20_20261001,1600,33.6899,1.79089e+09,0.2049,11.6122,0.2049,2.3793,514.286,517.858,True,0.162415,0.00207532,0.061415,3.2783
FS 0.05,1,v1_Ra20_20261001,1600,33.6899,1.79089e+09,0.2206,11.2635,0.2206,2.4847,511.278,514.286,True,0.161465,0.00216726,0.0661208,3.52123
FS 0.05,1,v1_Ra20_20261001,1600,33.6899,1.79089e+09,0.2364,10.4949,0.2364,2.481,497.505,502.326,True,0.157116,0.00216403,0.0708565,3.6658
FS 0.05,1,v1_Ra20_20261001,1600,33.6899,1.79089e+09,0.2521,9.5465,0.2521,2.4067,484.444,488.313,True,0.152991,0.00209922,0.0755623,3.74864
FS 0.05,1,v1_Ra20_20261001,1600,33.6899,1.79089e+09,0.2679,9.3236,0.2679,2.4978,474.7,481.284,True,0.149914,0.00217868,0.0802981,4.00774
FS 0.05,1,v1_Ra20_20261001,1600,33.6899,1.79089e+09,0.2837,8.5972,0.2837,2.439,467.392,470.132,True,0.147606,0.0021274,0.0850339,4.12684
FS 0.05,1,v1_Ra20_20261001,1600,33.6899,1.79089e+09,0.2994,8.1077,0.2994,2.4274,457.961,462.766,True,0.144627,0.00211728,0.0897396,4.30181
FS 0.05,1,v1_Ra20_20261001,1600,33.6899,1.79089e+09,0.3152,7.3708,0.3152,2.3233,445.994,449.262,True,0.140848,0.00202648,0.0944754,4.39534
FS 0.05,1,v1_Ra20_20261001,1600,33.6899,1.79089e+09,0.3309,7.131,0.3309,2.3596,442.858,443.877,True,0.139858,0.00205814,0.0991812,4.63782
FS 0.05,1,v1_Ra20_20261001,1600,33.6899,1.79089e+09,0.3467,6.789,0.3467,2.3537,438.034,443.803,True,0.138335,0.00205299,0.103917,4.84928
FS 0.05,1,v1_Ra20_20261001,1600,33.6899,1.79089e+09,0.3624,6.1277,0.3624,2.2207,427.791,435,True,0.1351,0.00193699,0.108623,4.94207
FS 0.05,1,v1_Ra20_20261001,1600,33.6899,1.79089e+09,0.3782,5.4961,0.3782,2.0786,418.783,418.941,True,0.132255,0.00181304,0.113358,5.03705
FS 0.05,1,v1_Ra20_20261001,1600,33.6899,1.79089e+09,0.394,5.0024,0.394,1.9709,408.432,412.5,True,0.128986,0.0017191,0.118094,5.17634
FS 0.05,1,v1_Ra20_20261001,1600,33.6899,1.79089e+09,0.4097,4.6171,0.4097,1.8916,408.103,409.543,True,0.128882,0.00164993,0.1228,5.35226
FS 0.05,1,v1_Ra20_20261001,1700,35.822,1.79089e+09,0.0089,21.9365,0.0089,0.1952,693.548,696.774,True,0.205991,0.000141633,0.00266761,0.199673
FS 0.05,1,v1_Ra20_20261001,1700,35.822,1.79089e+09,0.0178,21.408,0.0178,0.3811,685.153,683.208,True,0.203498,0.000276519,0.00533522,0.393186
FS 0.05,1,v1_Ra20_20261001,1700,35.822,1.79089e+09,0.0356,20.6382,0.0356,0.7347,681.701,687.097,True,0.202472,0.000533084,0.0106704,0.771433
FS 0.05,1,v1_Ra20_20261001,1700,35.822,1.79089e+09,0.0534,19.8123,0.0534,1.058,671.875,670.313,True,0.199554,0.000767664,0.0160057,1.13194
FS 0.05,1,v1_Ra20_20261001,1700,35.822,1.79089e+09,0.0713,18.8657,0.0713,1.3451,657.575,659.006,True,0.195307,0.000975978,0.0213709,1.46912
FS 0.05,1,v1_Ra20_20261001,1700,35.822,1.79089e+09,0.0891,18.3133,0.0891,1.6317,645.455,645.454,True,0.191707,0.00118393,0.0267061,1.81812
FS 0.05,1,v1_Ra20_20261001,1700,35.822,1.79089e+09,0.1069,17.5857,0.1069,1.8799,641.176,651.835,True,0.190436,0.00136402,0.0320413,2.14128
FS 0.05,1,v1_Ra20_20261001,1700,35.822,1.79089e+09,0.1247,16.8578,0.1247,2.1022,629.412,635.294,True,0.186942,0.00152531,0.0373765,2.45109
FS 0.05,1,v1_Ra20_20261001,1700,35.822,1.79089e+09,0.1425,16.1753,0.1425,2.305,623.378,622.059,True,0.18515,0.00167246,0.0427118,2.75397
FS 0.05,1,v1_Ra20_20261001,1700,35.822,1.79089e+09,0.1603,15.1935,0.1603,2.4355,609.051,617.143,True,0.180895,0.00176715,0.048047,2.99711
FS 0.05,1,v1_Ra20_20261001,1700,35.822,1.79089e+09,0.1782,14.6786,0.1782,2.6157,597.223,604.166,True,0.177382,0.0018979,0.0534122,3.30324
FS 0.05,1,v1_Ra20_20261001,1700,35.822,1.79089e+09,0.196,14.3025,0.196,2.8033,596.733,588.233,True,0.177236,0.00203402,0.0587474,3.62867
FS 0.05,1,v1_Ra20_20261001,1700,35.822,1.79089e+09,0.2138,13.3448,0.2138,2.8531,583.53,590.589,True,0.173315,0.00207015,0.0640826,3.82886
FS 0.05,1,v1_Ra20_20261001,1700,35.822,1.79089e+09,0.2316,12.6185,0.2316,2.9224,563.158,572.368,True,0.167264,0.00212044,0.0694178,4.06111
FS 0.05,1,v1_Ra20_20261001,1700,35.822,1.79089e+09,0.2494,11.8037,0.2494,2.9438,552.205,564.474,True,0.164011,0.00213596,0.0747531,4.25802
FS 0.05,1,v1_Ra20_20261001,1700,35.822,1.79089e+09,0.2672,10.9976,0.2672,2.9386,542.5,544.988,True,0.161128,0.00213219,0.0800883,4.44089
FS 0.05,1,v1_Ra20_20261001,1700,35.822,1.79089e+09,0.2851,10.6229,0.2851,3.0286,530,532.5,True,0.157416,0.00219749,0.0854535,4.73268
FS 0.05,1,v1_Ra20_20261001,1700,35.822,1.79089e+09,0.3029,9.8397,0.3029,2.9804,521.951,527.484,True,0.155025,0.00216252,0.0907887,4.89774
FS 0.05,1,v1_Ra20_20261001,1700,35.822,1.79089e+09,0.3207,9.1212,0.3207,2.9252,511.58,523.171,True,0.151945,0.00212247,0.0961239,5.06836
FS 0.05,1,v1_Ra20_20261001,1700,35.822,1.79089e+09,0.3385,9.0608,0.3385,3.0671,519.047,514.286,True,0.154163,0.00222543,0.101459,5.44864
FS 0.05,1,v1_Ra20_20261001,1700,35.822,1.79089e+09,0.3563,8.2277,0.3563,2.9315,502.326,505.814,True,0.149196,0.00212704,0.106794,5.56398
FS 0.05,1,v1_Ra20_20261001,1700,35.822,1.79089e+09,0.3741,7.8823,0.3741,2.9488,495.348,498.838,True,0.147124,0.00213959,0.11213,5.84478
FS 0.05,1,v1_Ra20_20261001,1700,35.822,1.79089e+09,0.392,7.2781,0.392,2.853,482.222,486.859,True,0.143225,0.00207008,0.117495,6.02663
FS 0.05,1,v1_Ra20_20261001,1700,35.822,1.79089e+09,0.4098,6.3631,0.4098,2.6076,462.466,477.864,True,0.137357,0.00189202,0.12283,6.06992
FS 0.05,1,v1_Ra20_20261001,1700,35.822,1.79089e+09,0.4276,5.991,0.4276,2.5618,457.447,462.766,True,0.135867,0.00185879,0.128165,6.32537
FS 0.05,1,v1_Ra20_20261001,1700,35.822,1.79089e+09,0.4454,5.3292,0.4454,2.3736,,,False,,0.00172224,0.1335,6.45098
FS 0.05,1,v1_Ra20_20261001,1700,35.822,1.79089e+09,0.4632,4.9478,0.4632,2.2918,32.1908,32.1908,True,0.009561,0.00166288,0.138836,6.69555
FS 0.05,1,v1_Ra20_20261001,1800,37.9542,1.79089e+09,0.01,23.4969,0.01,0.235,748.276,744.827,True,0.209761,0.000143359,0.00299732,0.240244
FS 0.05,1,v1_Ra20_20261001,1800,37.9542,1.79089e+09,0.02,23.1954,0.02,0.4639,744.827,744.828,True,0.208794,0.000282997,0.00599463,0.478352
FS 0.05,1,v1_Ra20_20261001,1800,37.9542,1.79089e+09,0.04,21.9959,0.04,0.8798,733.724,739.654,True,0.205682,0.000536713,0.0119893,0.924561
FS 0.05,1,v1_Ra20_20261001,1800,37.9542,1.79089e+09,0.06,21.1628,0.06,1.2698,719.999,725.001,True,0.201834,0.000774628,0.0179839,1.36073
FS 0.05,1,v1_Ra20_20261001,1800,37.9542,1.79089e+09,0.08,20.4508,0.08,1.6361,718.343,720.001,True,0.20137,0.000998086,0.0239785,1.78905
FS 0.05,1,v1_Ra20_20261001,1800,37.9542,1.79089e+09,0.1,19.9541,0.1,1.9954,710,710.001,True,0.199031,0.00121727,0.0299732,2.22623
FS 0.05,1,v1_Ra20_20261001,1800,37.9542,1.79089e+09,0.12,18.8232,0.12,2.2588,694.786,711.291,True,0.194766,0.00137796,0.0359678,2.58336
FS 0.05,1,v1_Ra20_20261001,1800,37.9542,1.79089e+09,0.14,18.3949,0.14,2.5753,690.323,687.097,True,0.193515,0.00157104,0.0419624,3.00946
FS 0.05,1,v1_Ra20_20261001,1800,37.9542,1.79089e+09,0.16,17.6962,0.16,2.8314,677.15,684.375,True,0.189822,0.00172727,0.0479571,3.39101
FS 0.05,1,v1_Ra20_20261001,1800,37.9542,1.79089e+09,0.18,16.7542,0.18,3.0158,666.667,671.237,True,0.186884,0.00183976,0.0539517,3.71671
FS 0.05,1,v1_Ra20_20261001,1800,37.9542,1.79089e+09,0.2,15.6529,0.2,3.1306,648.485,659.091,True,0.181787,0.00190979,0.0599463,3.98867
FS 0.05,1,v1_Ra20_20261001,1800,37.9542,1.79089e+09,0.22,15.1811,0.22,3.3398,644.741,643.182,True,0.180738,0.00203741,0.0659409,4.37089
FS 0.05,1,v1_Ra20_20261001,1800,37.9542,1.79089e+09,0.24,14.4759,0.24,3.4742,636.793,644.118,True,0.178509,0.0021194,0.0719356,4.69417
FS 0.05,1,v1_Ra20_20261001,1800,37.9542,1.79089e+09,0.26,13.5771,0.26,3.53,617.142,619.866,True,0.173001,0.00215344,0.0779302,4.9547
FS 0.05,1,v1_Ra20_20261001,1800,37.9542,1.79089e+09,0.28,13.0839,0.28,3.6635,615.784,617.143,True,0.17262,0.00223488,0.0839248,5.30879
FS 0.05,1,v1_Ra20_20261001,1800,37.9542,1.79089e+09,0.3,12.1549,0.3,3.6465,597.222,603.886,True,0.167417,0.00222451,0.0899195,5.52824
FS 0.05,1,v1_Ra20_20261001,1800,37.9542,1.79089e+09,0.32,11.517,0.32,3.6854,587.546,595.833,True,0.164704,0.00224824,0.0959141,5.81944
FS 0.05,1,v1_Ra20_20261001,1800,37.9542,1.79089e+09,0.34,10.678,0.34,3.6305,578.378,583.784,True,0.162134,0.00221475,0.101909,6.0327
FS 0.05,1,v1_Ra20_20261001,1800,37.9542,1.79089e+09,0.36,10.3878,0.36,3.7396,575.397,575.676,True,0.161298,0.0022813,0.107903,6.42582
FS 0.05,1,v1_Ra20_20261001,1800,37.9542,1.79089e+09,0.38,9.9995,0.38,3.7998,564.126,563.02,True,0.158139,0.00231803,0.113898,6.78589
FS 0.05,1,v1_Ra20_20261001,1800,37.9542,1.79089e+09,0.4,9.094,0.4,3.6376,558.975,571.001,True,0.156695,0.00221908,0.119893,6.93942
FS 0.05,1,v1_Ra20_20261001,1800,37.9542,1.79089e+09,0.42,8.1779,0.42,3.4347,545.811,553.846,True,0.153005,0.0020953,0.125887,7.06811
FS 0.05,1,v1_Ra20_20261001,1800,37.9542,1.79089e+09,0.44,7.7398,0.44,3.4055,537.499,540.001,True,0.150675,0.00207749,0.131882,7.38635
FS 0.05,1,v1_Ra20_20261001,1800,37.9542,1.79089e+09,0.46,7.3659,0.46,3.3883,532.766,530.489,True,0.149348,0.002067,0.137877,7.73245
FS 0.05,1,v1_Ra20_20261001,1800,37.9542,1.79089e+09,0.48,6.609,0.48,3.1723,526.83,523.496,True,0.147684,0.00193523,0.143871,7.89561
FS 0.05,1,v1_Ra20_20261001,1800,37.9542,1.79089e+09,0.5,5.6918,0.5,2.8459,503.38,507.721,True,0.14111,0.00173611,0.149866,7.96422
FS 0.05,1,v1_Ra20_20261001,1800,37.9542,1.79089e+09,0.52,5.1065,0.52,2.6554,484.636,487.501,True,0.135856,0.0016199,0.15586,8.18459
FS 0.05,2,v1_Ra20_repeat_20261001,500,10.2365,1.79089e+09,0.001,2.8495,0.001,0.0028,99.6723,96.2941,True,0.103596,8.70631e-05,0.000299732,0.00314601
FS 0.05,2,v1_Ra20_repeat_20261001,500,10.2365,1.79089e+09,0.002,2.9767,0.002,0.006,104.639,102.791,True,0.108759,0.000186564,0.000599463,0.00673166
FS 0.05,2,v1_Ra20_repeat_20261001,500,10.2365,1.79089e+09,0.004,2.8903,0.004,0.0116,105.366,105.366,True,0.109514,0.00036069,0.00119893,0.0132219
FS 0.05,2,v1_Ra20_repeat_20261001,500,10.2365,1.79089e+09,0.006,2.8039,0.006,0.0168,102.955,105.366,True,0.107008,0.000522379,0.00179839,0.0194707
FS 0.05,2,v1_Ra20_repeat_20261001,500,10.2365,1.79089e+09,0.008,2.5213,0.008,0.0202,98.5379,100.935,True,0.102417,0.000628098,0.00239785,0.024078
FS 0.05,2,v1_Ra20_repeat_20261001,500,10.2365,1.79089e+09,0.01,2.3468,0.01,0.0235,95.8643,96.7955,True,0.0996382,0.000730708,0.00299732,0.028744
FS 0.05,2,v1_Ra20_repeat_20261001,500,10.2365,1.79089e+09,0.012,2.2718,0.012,0.0273,92.5633,94.5348,True,0.0962073,0.000848865,0.00359678,0.0340685
FS 0.05,2,v1_Ra20_repeat_20261001,500,10.2365,1.79089e+09,0.014,2.1296,0.014,0.0298,88.8995,91.1393,True,0.0923992,0.0009266,0.00419624,0.0382515
FS 0.05,2,v1_Ra20_repeat_20261001,500,10.2365,1.79089e+09,0.016,1.7299,0.016,0.0277,83.6245,85.6316,True,0.0869165,0.000861303,0.00479571,0.0379932
FS 0.05,2,v1_Ra20_repeat_20261001,500,10.2365,1.79089e+09,0.018,1.7612,0.018,0.0317,79.6259,82.1294,True,0.0827605,0.000985679,0.00539517,0.0439934
FS 0.05,2,v1_Ra20_repeat_20261001,500,10.2365,1.79089e+09,0.02,1.5014,0.02,0.03,73.7201,76.9478,True,0.0766222,0.000932819,0.00599463,0.0444521
FS 0.05,2,v1_Ra20_repeat_20261001,500,10.2365,1.79089e+09,0.022,1.136,0.022,0.025,68.4676,69.5861,True,0.0711629,0.000777349,0.00659409,0.0417695
FS 0.05,2,v1_Ra20_repeat_20261001,500,10.2365,1.79089e+09,0.024,0.9741,0.024,0.0234,65.5119,64.6707,True,0.0680909,0.000727599,0.00719356,0.0426454
FS 0.05,2,v1_Ra20_repeat_20261001,600,12.3687,1.79089e+09,0.0011,4.6257,0.0011,0.0051,152.113,153.013,True,0.130847,8.98954e-05,0.000329705,0.00548279
FS 0.05,2,v1_Ra20_repeat_20261001,600,12.3687,1.79089e+09,0.0021,4.4263,0.0021,0.0093,149.775,150.367,True,0.128836,0.000163927,0.000629436,0.0100724
FS 0.05,2,v1_Ra20_repeat_20261001,600,12.3687,1.79089e+09,0.0042,4.1834,0.0042,0.0176,145.336,147.571,True,0.125018,0.000310227,0.00125887,0.0193196
FS 0.05,2,v1_Ra20_repeat_20261001,600,12.3687,1.79089e+09,0.0064,3.9285,0.0064,0.0251,140.684,144,True,0.121016,0.000442426,0.00191828,0.0279995
FS 0.05,2,v1_Ra20_repeat_20261001,600,12.3687,1.79089e+09,0.0085,3.8342,0.0085,0.0326,138.813,139.355,True,0.119407,0.000574626,0.00254772,0.0368047
FS 0.05,2,v1_Ra20_repeat_20261001,600,12.3687,1.79089e+09,0.0106,3.6634,0.0106,0.0388,136.851,138.462,True,0.117719,0.00068391,0.00317715,0.0444847
FS 0.05,2,v1_Ra20_repeat_20261001,600,12.3687,1.79089e+09,0.0127,3.457,0.0127,0.0439,133.207,135.523,True,0.114585,0.000773806,0.00380659,0.0512395
FS 0.05,2,v1_Ra20_repeat_20261001,600,12.3687,1.79089e+09,0.0149,3.221,0.0149,0.048,126.819,129.341,True,0.109089,0.000846075,0.004466,0.0572606
FS 0.05,2,v1_Ra20_repeat_20261001,600,12.3687,1.79089e+09,0.017,3.0009,0.017,0.051,121.434,124.372,True,0.104458,0.000898954,0.00509544,0.0622734
FS 0.05,2,v1_Ra20_repeat_20261001,600,12.3687,1.79089e+09,0.0191,2.8735,0.0191,0.0549,119.092,119.79,True,0.102443,0.000967698,0.00572487,0.0683611
FS 0.05,2,v1_Ra20_repeat_20261001,600,12.3687,1.79089e+09,0.0212,2.7014,0.0212,0.0573,115.248,117.305,True,0.0991361,0.00101,0.00635431,0.0731235
FS 0.05,2,v1_Ra20_repeat_20261001,600,12.3687,1.79089e+09,0.0234,2.5245,0.0234,0.0591,111.001,112.987,True,0.0954828,0.00104173,0.00701372,0.0775859
FS 0.05,2,v1_Ra20_repeat_20261001,600,12.3687,1.79089e+09,0.0255,2.3817,0.0255,0.0607,108.356,110.226,True,0.0932076,0.00106993,0.00764316,0.0819063
FS 0.05,2,v1_Ra20_repeat_20261001,600,12.3687,1.79089e+09,0.0276,2.1761,0.0276,0.0601,104.222,107.017,True,0.0896515,0.00105936,0.00827259,0.0842016
FS 0.05,2,v1_Ra20_repeat_20261001,600,12.3687,1.79089e+09,0.0297,2.1304,0.0297,0.0633,98.792,101.994,True,0.0849808,0.00111576,0.00890203,0.0904716
FS 0.05,2,v1_Ra20_repeat_20261001,600,12.3687,1.79089e+09,0.0319,1.8488,0.0319,0.059,92.565,94.7369,True,0.0796244,0.00103997,0.00956144,0.0895754
FS 0.05,2,v1_Ra20_repeat_20261001,600,12.3687,1.79089e+09,0.034,1.5425,0.034,0.0524,87.0734,89.2023,True,0.0749005,0.000923631,0.0101909,0.0864034
FS 0.05,2,v1_Ra20_repeat_20261001,600,12.3687,1.79089e+09,0.0361,1.4614,0.0361,0.0528,83.6189,85.3755,True,0.071929,0.000930682,0.0108203,0.0904062
FS 0.05,2,v1_Ra20_repeat_20261001,600,12.3687,1.79089e+09,0.0382,1.1786,0.0382,0.045,80.6397,81.8535,True,0.0693662,0.000793195,0.0114497,0.0863839
FS 0.05,2,v1_Ra20_repeat_20261001,600,12.3687,1.79089e+09,0.0404,1.3026,0.0404,0.0526,77.9428,78.8321,True,0.0670463,0.000927157,0.0121092,0.0981289
FS 0.05,2,v1_Ra20_repeat_20261001,600,12.3687,1.79089e+09,0.0425,1.1991,0.0425,0.051,76.325,77.1411,True,0.0656547,0.000898954,0.0127386,0.100665
FS 0.05,2,v1_Ra20_repeat_20261001,600,12.3687,1.79089e+09,0.0446,0.8102,0.0446,0.0361,69.8945,71.0527,True,0.0601232,0.000636319,0.013368,0.090075
FS 0.05,2,v1_Ra20_repeat_20261001,600,12.3687,1.79089e+09,0.0467,0.4651,0.0467,0.0217,64.6878,67.2897,True,0.0556444,0.000382496,0.0139975,0.0801602
FS 0.05,2,v1_Ra20_repeat_20261001,600,12.3687,1.79089e+09,0.0489,0.3246,0.0489,0.0159,65.3588,62.7908,True,0.0562216,0.000280262,0.0146569,0.0792466
FS 0.05,2,v1_Ra20_repeat_20261001,700,14.5008,1.79089e+09,0.0015,5.6783,0.0015,0.0085,184.615,184.915,True,0.135456,9.29779e-05,0.000449597,0.00903388
FS 0.05,2,v1_Ra20_repeat_20261001,700,14.5008,1.79089e+09,0.0029,5.5151,0.0029,0.016,182.146,184.299,True,0.133644,0.000175017,0.000869222,0.0171126
FS 0.05,2,v1_Ra20_repeat_20261001,700,14.5008,1.79089e+09,0.0058,5.3259,0.0058,0.0309,181.513,181.513,True,0.133179,0.000338002,0.00173844,0.0334587
FS 0.05,2,v1_Ra20_repeat_20261001,700,14.5008,1.79089e+09,0.0088,5.08,0.0088,0.0447,177.686,179.861,True,0.130372,0.000488955,0.00263764,0.0491054
FS 0.05,2,v1_Ra20_repeat_20261001,700,14.5008,1.79089e+09,0.0117,4.9483,0.0117,0.0579,177.236,176.581,True,0.130041,0.000633344,0.00350686,0.0644297
FS 0.05,2,v1_Ra20_repeat_20261001,700,14.5008,1.79089e+09,0.0146,4.6321,0.0146,0.0676,171.055,173.463,True,0.125506,0.000739448,0.00437608,0.0765874
FS 0.05,2,v1_Ra20_repeat_20261001,700,14.5008,1.79089e+09,0.0175,4.3438,0.0175,0.076,164.69,168.024,True,0.120836,0.000831332,0.0052453,0.0877784
FS 0.05,2,v1_Ra20_repeat_20261001,700,14.5008,1.79089e+09,0.0204,4.1551,0.0204,0.0848,160.562,162.776,True,0.117808,0.000927592,0.00611452,0.0997029
FS 0.05,2,v1_Ra20_repeat_20261001,700,14.5008,1.79089e+09,0.0234,4.0057,0.0234,0.0937,158.349,158.356,True,0.116184,0.00102495,0.00701372,0.112186
FS 0.05,2,v1_Ra20_repeat_20261001,700,14.5008,1.79089e+09,0.0263,3.7857,0.0263,0.0996,152.542,154.553,True,0.111923,0.00108948,0.00788294,0.121889
FS 0.05,2,v1_Ra20_repeat_20261001,700,14.5008,1.79089e+09,0.0292,3.4706,0.0292,0.1013,145.897,148.859,True,0.107048,0.00110808,0.00875216,0.127725
FS 0.05,2,v1_Ra20_repeat_20261001,700,14.5008,1.79089e+09,0.0321,3.3597,0.0321,0.1078,140.135,142.806,True,0.10282,0.00117918,0.00962138,0.138694
FS 0.05,2,v1_Ra20_repeat_20261001,700,14.5008,1.79089e+09,0.035,2.9154,0.035,0.102,130.327,134.92,True,0.0956235,0.00111574,0.0104906,0.137697
FS 0.05,2,v1_Ra20_repeat_20261001,700,14.5008,1.79089e+09,0.038,2.7793,0.038,0.1056,127.15,128.315,True,0.0932922,0.00115511,0.0113898,0.146617
FS 0.05,2,v1_Ra20_repeat_20261001,700,14.5008,1.79089e+09,0.0409,2.6328,0.0409,0.1077,123.914,125.307,True,0.0909184,0.00117809,0.012259,0.154198
FS 0.05,2,v1_Ra20_repeat_20261001,700,14.5008,1.79089e+09,0.0438,2.6321,0.0438,0.1153,123.28,125.375,True,0.0904527,0.00126122,0.0131282,0.167612
FS 0.05,2,v1_Ra20_repeat_20261001,700,14.5008,1.79089e+09,0.0467,2.3649,0.0467,0.1104,117.849,120.67,True,0.0864681,0.00120762,0.0139975,0.16886
FS 0.05,2,v1_Ra20_repeat_20261001,700,14.5008,1.79089e+09,0.0496,2.106,0.0496,0.1045,109.735,113.089,True,0.0805149,0.00114308,0.0148667,0.169442
FS 0.05,2,v1_Ra20_repeat_20261001,700,14.5008,1.79089e+09,0.0525,1.8859,0.0525,0.099,104.668,107.463,True,0.076797,0.00108292,0.0157359,0.170756
FS 0.05,2,v1_Ra20_repeat_20261001,700,14.5008,1.79089e+09,0.0555,1.6795,0.0555,0.0932,98.2913,99.5392,True,0.0721183,0.00101948,0.0166351,0.172357
FS 0.05,2,v1_Ra20_repeat_20261001,700,14.5008,1.79089e+09,0.0584,1.2813,0.0584,0.0748,95.1907,96.6183,True,0.0698434,0.000818206,0.0175043,0.16145
FS 0.05,2,v1_Ra20_repeat_20261001,700,14.5008,1.79089e+09,0.0613,1.4064,0.0613,0.0862,94.6347,93.9641,True,0.0694354,0.000942906,0.0183735,0.180676
FS 0.05,2,v1_Ra20_repeat_20261001,800,16.6329,1.79089e+09,0.0019,6.7882,0.0019,0.0129,219.847,219.675,True,0.140629,9.3502e-05,0.00056949,0.0135913
FS 0.05,2,v1_Ra20_repeat_20261001,800,16.6329,1.79089e+09,0.0038,6.6725,0.0038,0.0254,218.669,218.425,True,0.139875,0.000184105,0.00113898,0.0269257
FS 0.05,2,v1_Ra20_repeat_20261001,800,16.6329,1.79089e+09,0.0077,6.1879,0.0077,0.0476,210.452,217.885,True,0.134619,0.000345015,0.00230793,0.0512868
FS 0.05,2,v1_Ra20_repeat_20261001,800,16.6329,1.79089e+09,0.0115,6.0102,0.0115,0.0691,207.692,207.692,True,0.132854,0.000500852,0.00344691,0.0754725
FS 0.05,2,v1_Ra20_repeat_20261001,800,16.6329,1.79089e+09,0.0154,5.7695,0.0154,0.0889,203.91,205.714,True,0.130434,0.000644366,0.00461587,0.098624
FS 0.05,2,v1_Ra20_repeat_20261001,800,16.6329,1.79089e+09,0.0192,5.5767,0.0192,0.1071,200.331,201.869,True,0.128145,0.000776284,0.00575485,0.12067
FS 0.05,2,v1_Ra20_repeat_20261001,800,16.6329,1.79089e+09,0.023,5.1336,0.023,0.1181,194.744,197.734,True,0.124571,0.000856014,0.00689383,0.136088
FS 0.05,2,v1_Ra20_repeat_20261001,800,16.6329,1.79089e+09,0.0269,4.9836,0.0269,0.1341,189.655,191.15,True,0.121316,0.000971985,0.00806278,0.157217
FS 0.05,2,v1_Ra20_repeat_20261001,800,16.6329,1.79089e+09,0.0307,4.8087,0.0307,0.1476,186.132,189.325,True,0.119063,0.00106984,0.00920176,0.176295
FS 0.05,2,v1_Ra20_repeat_20261001,800,16.6329,1.79089e+09,0.0346,4.592,0.0346,0.1589,180.933,181.963,True,0.115737,0.00115174,0.0103707,0.193915
FS 0.05,2,v1_Ra20_repeat_20261001,800,16.6329,1.79089e+09,0.0384,4.2671,0.0384,0.1639,174.193,176.636,True,0.111426,0.00118798,0.0115097,0.205653
FS 0.05,2,v1_Ra20_repeat_20261001,800,16.6329,1.79089e+09,0.0423,3.8735,0.0423,0.1638,166.542,171.575,True,0.106531,0.00118726,0.0126786,0.213063
FS 0.05,2,v1_Ra20_repeat_20261001,800,16.6329,1.79089e+09,0.0461,3.8087,0.0461,0.1756,161.508,163.089,True,0.103311,0.00127279,0.0138176,0.232761
FS 0.05,2,v1_Ra20_repeat_20261001,800,16.6329,1.79089e+09,0.0499,3.3409,0.0499,0.1667,154.182,158.66,True,0.0986252,0.00120828,0.0149566,0.232331
FS 0.05,2,v1_Ra20_repeat_20261001,800,16.6329,1.79089e+09,0.0538,3.0889,0.0538,0.1662,147.601,150.066,True,0.0944152,0.00120465,0.0161256,0.241119
FS 0.05,2,v1_Ra20_repeat_20261001,800,16.6329,1.79089e+09,0.0576,3.1145,0.0576,0.1794,146.786,147.772,True,0.0938944,0.00130033,0.0172645,0.263949
FS 0.05,2,v1_Ra20_repeat_20261001,800,16.6329,1.79089e+09,0.0615,2.6356,0.0615,0.1621,139.595,141.876,True,0.0892941,0.00117494,0.0184335,0.257128
FS 0.05,2,v1_Ra20_repeat_20261001,800,16.6329,1.79089e+09,0.0653,2.5639,0.0653,0.1674,135,136.12,True,0.086355,0.00121335,0.0195725,0.273218
FS 0.05,2,v1_Ra20_repeat_20261001,800,16.6329,1.79089e+09,0.0691,2.3436,0.0691,0.1619,131.572,134.162,True,0.0841624,0.00117349,0.0207115,0.279081
FS 0.05,2,v1_Ra20_repeat_20261001,800,16.6329,1.79089e+09,0.073,1.8972,0.073,0.1385,123.972,128.948,True,0.0793009,0.00100388,0.0218804,0.267937
FS 0.05,2,v1_Ra20_repeat_20261001,800,16.6329,1.79089e+09,0.0768,1.9427,0.0768,0.1492,118.321,120.896,True,0.075686,0.00108143,0.0230194,0.29116
FS 0.05,2,v1_Ra20_repeat_20261001,800,16.6329,1.79089e+09,0.0807,1.8143,0.0807,0.1464,115.168,116.208,True,0.0736693,0.00106114,0.0241883,0.301807
FS 0.05,2,v1_Ra20_repeat_20261001,800,16.6329,1.79089e+09,0.0845,1.6361,0.0845,0.1383,110.673,112.925,True,0.070794,0.00100243,0.0253273,0.307389
FS 0.05,2,v1_Ra20_repeat_20261001,800,16.6329,1.79089e+09,0.0883,1.1453,0.0883,0.1011,110.303,108.042,True,0.0705572,0.000732794,0.0264663,0.284444
FS 0.05,2,v1_Ra20_repeat_20261001,900,18.765,1.79089e+09,0.0024,7.9339,0.0024,0.019,254.947,254.118,True,0.144552,9.5905e-05,0.000719356,0.019897
FS 0.05,2,v1_Ra20_repeat_20261001,900,18.765,1.79089e+09,0.0049,7.6652,0.0049,0.0376,250.319,252.429,True,0.141927,0.000189791,0.00146868,0.0396742
FS 0.05,2,v1_Ra20_repeat_20261001,900,18.765,1.79089e+09,0.0098,7.2785,0.0098,0.0713,249.303,247.675,True,0.141351,0.000359896,0.00293737,0.0764002
FS 0.05,2,v1_Ra20_repeat_20261001,900,18.765,1.79089e+09,0.0147,7.034,0.0147,0.1034,242.697,243.267,True,0.137606,0.000521925,0.00440605,0.112478
FS 0.05,2,v1_Ra20_repeat_20261001,900,18.765,1.79089e+09,0.0196,6.7364,0.0196,0.132,237.896,242.696,True,0.134884,0.000666287,0.00587474,0.146008
FS 0.05,2,v1_Ra20_repeat_20261001,900,18.765,1.79089e+09,0.0244,6.5119,0.0244,0.1589,232.258,233.396,True,0.131687,0.000802069,0.00731345,0.17866
FS 0.05,2,v1_Ra20_repeat_20261001,900,18.765,1.79089e+09,0.0293,6.1955,0.0293,0.1815,226.707,230.595,True,0.12854,0.000916145,0.00878214,0.208073
FS 0.05,2,v1_Ra20_repeat_20261001,900,18.765,1.79089e+09,0.0342,6.034,0.0342,0.2064,223.888,221.186,True,0.126941,0.00104183,0.0102508,0.240739
FS 0.05,2,v1_Ra20_repeat_20261001,900,18.765,1.79089e+09,0.0391,5.9541,0.0391,0.2328,223.89,226.427,True,0.126943,0.00117509,0.0117195,0.275856
FS 0.05,2,v1_Ra20_repeat_20261001,900,18.765,1.79089e+09,0.044,5.4662,0.044,0.2405,216.329,221.388,True,0.122655,0.00121396,0.0131882,0.293226
FS 0.05,2,v1_Ra20_repeat_20261001,900,18.765,1.79089e+09,0.0489,5.0602,0.0489,0.2474,205.545,210.899,True,0.116541,0.00124878,0.0146569,0.310747
FS 0.05,2,v1_Ra20_repeat_20261001,900,18.765,1.79089e+09,0.0538,4.8372,0.0538,0.2602,198.165,201.272,True,0.112357,0.00131339,0.0161256,0.335119
FS 0.05,2,v1_Ra20_repeat_20261001,900,18.765,1.79089e+09,0.0587,4.4805,0.0587,0.263,191.2,197.122,True,0.108408,0.00132753,0.0175942,0.350444
FS 0.05,2,v1_Ra20_repeat_20261001,900,18.765,1.79089e+09,0.0636,4.1107,0.0636,0.2614,184.572,187.887,True,0.10465,0.00131945,0.0190629,0.36232
FS 0.05,2,v1_Ra20_repeat_20261001,900,18.765,1.79089e+09,0.0684,3.8643,0.0684,0.2643,176.051,179.22,True,0.0998185,0.00133409,0.0205016,0.379345
FS 0.05,2,v1_Ra20_repeat_20261001,900,18.765,1.79089e+09,0.0733,3.6077,0.0733,0.2644,169.906,171.902,True,0.0963343,0.00133459,0.0219703,0.394805
FS 0.05,2,v1_Ra20_repeat_20261001,900,18.765,1.79089e+09,0.0782,3.302,0.0782,0.2582,163.139,164.792,True,0.0924978,0.0013033,0.023439,0.404918
FS 0.05,2,v1_Ra20_repeat_20261001,900,18.765,1.79089e+09,0.0831,2.9246,0.0831,0.243,156.494,160.4,True,0.0887302,0.00122657,0.0249077,0.406982
FS 0.05,2,v1_Ra20_repeat_20261001,900,18.765,1.79089e+09,0.088,2.6124,0.088,0.2299,154.278,154.357,True,0.0874736,0.00116045,0.0263764,0.412098
FS 0.05,2,v1_Ra20_repeat_20261001,900,18.765,1.79089e+09,0.0929,2.3686,0.0929,0.22,147.04,150.076,True,0.0833697,0.00111048,0.0278451,0.421366
FS 0.05,2,v1_Ra20_repeat_20261001,900,18.765,1.79089e+09,0.0978,2.1402,0.0978,0.2093,139.266,141.916,True,0.078962,0.00105647,0.0293137,0.430785
FS 0.05,2,v1_Ra20_repeat_20261001,900,18.765,1.79089e+09,0.1027,2.155,0.1027,0.2213,139.313,138.499,True,0.0789884,0.00111704,0.0307824,0.463856
FS 0.05,2,v1_Ra20_repeat_20261001,900,18.765,1.79089e+09,0.1076,1.5366,0.1076,0.1653,129.286,136.303,True,0.0733034,0.000834374,0.0322511,0.42988
FS 0.05,2,v1_Ra20_repeat_20261001,900,18.765,1.79089e+09,0.1124,1.1689,0.1124,0.1314,126.052,126.019,True,0.0714696,0.000663259,0.0336898,0.418476
FS 0.05,2,v1_Ra20_repeat_20261001,1000,20.8972,1.79089e+09,0.003,9.2965,0.003,0.0279,297.123,293.909,True,0.151276,0.000101971,0.000899195,0.029057
FS 0.05,2,v1_Ra20_repeat_20261001,1000,20.8972,1.79089e+09,0.0061,9.0569,0.0061,0.0552,296.927,295.891,True,0.151177,0.00020175,0.00182836,0.0579273
FS 0.05,2,v1_Ra20_repeat_20261001,1000,20.8972,1.79089e+09,0.0121,8.6143,0.0121,0.1042,289.774,288.988,True,0.147535,0.000380839,0.00362675,0.111049
FS 0.05,2,v1_Ra20_repeat_20261001,1000,20.8972,1.79089e+09,0.0182,8.1849,0.0182,0.149,282.451,285.76,True,0.143806,0.000544578,0.00545511,0.161502
FS 0.05,2,v1_Ra20_repeat_20261001,1000,20.8972,1.79089e+09,0.0243,7.9302,0.0243,0.1927,278.904,280.52,True,0.142,0.000704297,0.00728348,0.21233
FS 0.05,2,v1_Ra20_repeat_20261001,1000,20.8972,1.79089e+09,0.0303,7.6739,0.0303,0.2325,274.139,276.923,True,0.139575,0.000849761,0.00908187,0.260581
FS 0.05,2,v1_Ra20_repeat_20261001,1000,20.8972,1.79089e+09,0.0364,7.3715,0.0364,0.2683,268.75,268.125,True,0.136831,0.000980606,0.0109102,0.306435
FS 0.05,2,v1_Ra20_repeat_20261001,1000,20.8972,1.79089e+09,0.0424,6.9704,0.0424,0.2955,261.648,263.414,True,0.133215,0.00108002,0.0127086,0.344964
FS 0.05,2,v1_Ra20_repeat_20261001,1000,20.8972,1.79089e+09,0.0485,6.7034,0.0485,0.3251,258.495,262.819,True,0.13161,0.0011882,0.014537,0.387544
FS 0.05,2,v1_Ra20_repeat_20261001,1000,20.8972,1.79089e+09,0.0546,6.2382,0.0546,0.3406,249.518,252.496,True,0.127039,0.00124485,0.0163653,0.417499
FS 0.05,2,v1_Ra20_repeat_20261001,1000,20.8972,1.79089e+09,0.0606,6.2547,0.0606,0.379,247.456,246.058,True,0.125989,0.0013852,0.0181637,0.471557
FS 0.05,2,v1_Ra20_repeat_20261001,1000,20.8972,1.79089e+09,0.0667,5.83,0.0667,0.3889,239.859,241.469,True,0.122121,0.00142139,0.0199921,0.498838
FS 0.05,2,v1_Ra20_repeat_20261001,1000,20.8972,1.79089e+09,0.0728,5.4585,0.0728,0.3974,231.029,235.852,True,0.117625,0.00145245,0.0218205,0.526194
FS 0.05,2,v1_Ra20_repeat_20261001,1000,20.8972,1.79089e+09,0.0788,5.0568,0.0788,0.3985,222.586,228.263,True,0.113327,0.00145647,0.0236188,0.54728
FS 0.05,2,v1_Ra20_repeat_20261001,1000,20.8972,1.79089e+09,0.0849,4.7338,0.0849,0.4019,215.01,217.839,True,0.10947,0.0014689,0.0254472,0.572463
FS 0.05,2,v1_Ra20_repeat_20261001,1000,20.8972,1.79089e+09,0.0909,4.4485,0.0909,0.4044,210.063,217.222,True,0.106951,0.00147804,0.0272456,0.597827
FS 0.05,2,v1_Ra20_repeat_20261001,1000,20.8972,1.79089e+09,0.097,3.7902,0.097,0.3676,194.149,198.838,True,0.0988487,0.00134354,0.029074,0.585735
FS 0.05,2,v1_Ra20_repeat_20261001,1000,20.8972,1.79089e+09,0.1031,3.4342,0.1031,0.3541,189.31,190.221,True,0.0963849,0.0012942,0.0309023,0.598419
FS 0.05,2,v1_Ra20_repeat_20261001,1000,20.8972,1.79089e+09,0.1091,3.285,0.1091,0.3584,183.904,184.922,True,0.0936322,0.00130991,0.0327007,0.629912
FS 0.05,2,v1_Ra20_repeat_20261001,1000,20.8972,1.79089e+09,0.1152,2.9011,0.1152,0.3342,174.109,176.826,True,0.0886452,0.00122146,0.0345291,0.634821
FS 0.05,2,v1_Ra20_repeat_20261001,1000,20.8972,1.79089e+09,0.1213,2.806,0.1213,0.3404,173.403,174.193,True,0.0882859,0.00124412,0.0363574,0.671605
FS 0.05,2,v1_Ra20_repeat_20261001,1000,20.8972,1.79089e+09,0.1273,2.3355,0.1273,0.2973,159.435,161.602,True,0.0811744,0.0010866,0.0381558,0.660027
FS 0.05,2,v1_Ra20_repeat_20261001,1000,20.8972,1.79089e+09,0.1334,2.0969,0.1334,0.2797,158.578,158.8,True,0.0807378,0.00102227,0.0399842,0.675938
FS 0.05,2,v1_Ra20_repeat_20261001,1100,23.0293,1.79089e+09,0.0037,10.6827,0.0037,0.0395,342.388,348.387,True,0.158183,0.000107868,0.00110901,0.0409782
FS 0.05,2,v1_Ra20_repeat_20261001,1100,23.0293,1.79089e+09,0.0074,10.6276,0.0074,0.0786,346.032,340.476,True,0.159867,0.000214643,0.00221801,0.0820992
FS 0.05,2,v1_Ra20_repeat_20261001,1100,23.0293,1.79089e+09,0.0147,10.2138,0.0147,0.1501,339.063,339.661,True,0.156647,0.000409898,0.00440605,0.159178
FS 0.05,2,v1_Ra20_repeat_20261001,1100,23.0293,1.79089e+09,0.0221,9.9148,0.0221,0.2191,336.429,339.107,True,0.15543,0.000598325,0.00662407,0.235989
FS 0.05,2,v1_Ra20_repeat_20261001,1100,23.0293,1.79089e+09,0.0295,9.1567,0.0295,0.2701,325.053,336.495,True,0.150174,0.000737597,0.00884208,0.296972
FS 0.05,2,v1_Ra20_repeat_20261001,1100,23.0293,1.79089e+09,0.0368,8.9026,0.0368,0.3276,319.118,320.097,True,0.147432,0.00089462,0.0110301,0.366446
FS 0.05,2,v1_Ra20_repeat_20261001,1100,23.0293,1.79089e+09,0.0442,8.8719,0.0442,0.3921,320.588,315.441,True,0.148112,0.00107076,0.0132481,0.44524
FS 0.05,2,v1_Ra20_repeat_20261001,1100,23.0293,1.79089e+09,0.0515,8.4491,0.0515,0.4351,312.584,313.044,True,0.144414,0.00118818,0.0154362,0.504469
FS 0.05,2,v1_Ra20_repeat_20261001,1100,23.0293,1.79089e+09,0.0589,7.8948,0.0589,0.465,300.496,307.194,True,0.138829,0.00126984,0.0176542,0.552975
FS 0.05,2,v1_Ra20_repeat_20261001,1100,23.0293,1.79089e+09,0.0663,7.5466,0.0663,0.5003,297.26,298.813,True,0.137334,0.00136623,0.0198722,0.609053
FS 0.05,2,v1_Ra20_repeat_20261001,1100,23.0293,1.79089e+09,0.0736,7.4797,0.0736,0.5505,297.26,295.89,True,0.137334,0.00150332,0.0220602,0.681877
FS 0.05,2,v1_Ra20_repeat_20261001,1100,23.0293,1.79089e+09,0.081,7.2431,0.081,0.5867,290.541,291.892,True,0.13423,0.00160218,0.0242783,0.743166
FS 0.05,2,v1_Ra20_repeat_20261001,1100,23.0293,1.79089e+09,0.0884,6.8236,0.0884,0.6032,286.68,289.615,True,0.132446,0.00164724,0.0264963,0.786927
FS 0.05,2,v1_Ra20_repeat_20261001,1100,23.0293,1.79089e+09,0.0957,6.6331,0.0957,0.6348,281.74,280.52,True,0.130164,0.00173353,0.0286843,0.847546
FS 0.05,2,v1_Ra20_repeat_20261001,1100,23.0293,1.79089e+09,0.1031,6.3741,0.1031,0.6572,277.142,280.036,True,0.12804,0.0017947,0.0309023,0.901519
FS 0.05,2,v1_Ra20_repeat_20261001,1100,23.0293,1.79089e+09,0.1104,5.7868,0.1104,0.6389,269.136,270.126,True,0.124341,0.00174473,0.0330904,0.916492
FS 0.05,2,v1_Ra20_repeat_20261001,1100,23.0293,1.79089e+09,0.1178,5.4386,0.1178,0.6407,258.753,263.67,True,0.119544,0.00174964,0.0353084,0.954177
FS 0.05,2,v1_Ra20_repeat_20261001,1100,23.0293,1.79089e+09,0.1252,4.9851,0.1252,0.6241,251.163,251.163,True,0.116037,0.00170431,0.0375264,0.975632
FS 0.05,2,v1_Ra20_repeat_20261001,1100,23.0293,1.79089e+09,0.1325,4.8138,0.1325,0.6378,246.591,245.93,True,0.113925,0.00174172,0.0397144,1.029
FS 0.05,2,v1_Ra20_repeat_20261001,1100,23.0293,1.79089e+09,0.1399,4.2911,0.1399,0.6003,231.403,242.697,True,0.106908,0.00163932,0.0419324,1.03387
FS 0.05,2,v1_Ra20_repeat_20261001,1100,23.0293,1.79089e+09,0.1473,3.6007,0.1473,0.5304,216.408,222.45,True,0.0999806,0.00144843,0.0441505,1.00851
FS 0.05,2,v1_Ra20_repeat_20261001,1100,23.0293,1.79089e+09,0.1546,3.4408,0.1546,0.5319,210.081,214.152,True,0.0970574,0.00145253,0.0463385,1.05607
FS 0.05,2,v1_Ra20_repeat_20261001,1100,23.0293,1.79089e+09,0.162,2.7344,0.162,0.443,196.364,201.256,True,0.0907199,0.00120976,0.0485565,1.01602
FS 0.05,2,v1_Ra20_repeat_20261001,1100,23.0293,1.79089e+09,0.1694,2.6918,0.1694,0.456,194.911,194.452,True,0.0900488,0.00124526,0.0507745,1.08004
FS 0.05,2,v1_Ra20_repeat_20261001,1200,25.1614,1.79089e+09,0.0044,12.8023,0.0044,0.0563,405.66,404.717,True,0.171534,0.00011788,0.00131882,0.058119
FS 0.05,2,v1_Ra20_repeat_20261001,1200,25.1614,1.79089e+09,0.0088,12.502,0.0088,0.11,404.811,404.717,True,0.171174,0.000230316,0.00263764,0.114405
FS 0.05,2,v1_Ra20_repeat_20261001,1200,25.1614,1.79089e+09,0.0176,11.9748,0.0176,0.2108,400,405.555,True,0.16914,0.000441369,0.00527528,0.222681
FS 0.05,2,v1_Ra20_repeat_20261001,1200,25.1614,1.79089e+09,0.0264,11.7209,0.0264,0.3094,393.545,393.017,True,0.166411,0.000647816,0.00791291,0.331826
FS 0.05,2,v1_Ra20_repeat_20261001,1200,25.1614,1.79089e+09,0.0352,11.2892,0.0352,0.3974,383.928,388.297,True,0.162344,0.000832068,0.0105506,0.433441
FS 0.05,2,v1_Ra20_repeat_20261001,1200,25.1614,1.79089e+09,0.0439,10.7711,0.0439,0.4729,378.641,384.675,True,0.160109,0.000990149,0.0131582,0.525419
FS 0.05,2,v1_Ra20_repeat_20261001,1200,25.1614,1.79089e+09,0.0527,10.1461,0.0527,0.5347,371.05,377.69,True,0.156899,0.00111954,0.0157959,0.606939
FS 0.05,2,v1_Ra20_repeat_20261001,1200,25.1614,1.79089e+09,0.0615,9.7922,0.0615,0.6022,361.667,364.801,True,0.152931,0.00126087,0.0184335,0.697228
FS 0.05,2,v1_Ra20_repeat_20261001,1200,25.1614,1.79089e+09,0.0703,9.5482,0.0703,0.6712,363.547,364.68,True,0.153726,0.00140535,0.0210711,0.792088
FS 0.05,2,v1_Ra20_repeat_20261001,1200,25.1614,1.79089e+09,0.0791,9.4102,0.0791,0.7443,357.046,359.431,True,0.150977,0.0015584,0.0237088,0.894117
FS 0.05,2,v1_Ra20_repeat_20261001,1200,25.1614,1.79089e+09,0.0879,8.9146,0.0879,0.7836,349.975,352.577,True,0.147987,0.00164069,0.0263464,0.965416
FS 0.05,2,v1_Ra20_repeat_20261001,1200,25.1614,1.79089e+09,0.0967,8.4716,0.0967,0.8192,341.807,348.387,True,0.144533,0.00171522,0.028984,1.03609
FS 0.05,2,v1_Ra20_repeat_20261001,1200,25.1614,1.79089e+09,0.1055,8.2519,0.1055,0.8706,335.938,338.922,True,0.142052,0.00182285,0.0316217,1.12562
FS 0.05,2,v1_Ra20_repeat_20261001,1200,25.1614,1.79089e+09,0.1143,7.7154,0.1143,0.8819,330.119,337.5,True,0.139591,0.0018465,0.0342593,1.17813
FS 0.05,2,v1_Ra20_repeat_20261001,1200,25.1614,1.79089e+09,0.1231,7.3343,0.1231,0.9029,326.094,329.545,True,0.137889,0.00189047,0.036897,1.24341
FS 0.05,2,v1_Ra20_repeat_20261001,1200,25.1614,1.79089e+09,0.1318,6.9768,0.1318,0.9195,317.647,319.667,True,0.134317,0.00192523,0.0395046,1.30681
FS 0.05,2,v1_Ra20_repeat_20261001,1200,25.1614,1.79089e+09,0.1406,6.7399,0.1406,0.9476,313.151,315.896,True,0.132416,0.00198407,0.0421423,1.38529
FS 0.05,2,v1_Ra20_repeat_20261001,1200,25.1614,1.79089e+09,0.1494,6.3198,0.1494,0.9442,307.622,310.306,True,0.130078,0.00197695,0.0447799,1.43534
FS 0.05,2,v1_Ra20_repeat_20261001,1200,25.1614,1.79089e+09,0.1582,6.095,0.1582,0.9642,304.987,311.512,True,0.128964,0.00201882,0.0474175,1.51187
FS 0.05,2,v1_Ra20_repeat_20261001,1200,25.1614,1.79089e+09,0.167,5.6506,0.167,0.9437,291.858,291.884,True,0.123412,0.0019759,0.0500552,1.55096
FS 0.05,2,v1_Ra20_repeat_20261001,1200,25.1614,1.79089e+09,0.1758,5.3335,0.1758,0.9376,288,288,True,0.121781,0.00196313,0.0526928,1.60752
FS 0.05,2,v1_Ra20_repeat_20261001,1200,25.1614,1.79089e+09,0.1846,4.948,0.1846,0.9134,281.497,283.505,True,0.119031,0.00191246,0.0553305,1.64905
FS 0.05,2,v1_Ra20_repeat_20261001,1200,25.1614,1.79089e+09,0.1934,4.3341,0.1934,0.8382,266.667,275.65,True,0.11276,0.00175501,0.0579681,1.64266
FS 0.05,2,v1_Ra20_repeat_20261001,1200,25.1614,1.79089e+09,0.2022,3.8395,0.2022,0.7763,254.117,257.357,True,0.107454,0.0016254,0.0606057,1.65263
FS 0.05,2,v1_Ra20_repeat_20261001,1200,25.1614,1.79089e+09,0.211,3.0221,0.211,0.6377,239.524,247.323,True,0.101283,0.0013352,0.0632434,1.58897
FS 0.05,2,v1_Ra20_repeat_20261001,1200,25.1614,1.79089e+09,0.2197,2.6177,0.2197,0.5751,222.816,233.405,True,0.0942179,0.00120413,0.065851,1.60348
FS 0.05,2,v1_Ra20_repeat_20261001,1300,27.2935,1.79089e+09,0.0052,14.5597,0.0052,0.0757,461.702,456.384,True,0.17998,0.00012418,0.0015586,0.0779321
FS 0.05,2,v1_Ra20_repeat_20261001,1300,27.2935,1.79089e+09,0.0103,14.0448,0.0103,0.1447,455.319,456.383,True,0.177492,0.00023737,0.00308724,0.150163
FS 0.05,2,v1_Ra20_repeat_20261001,1300,27.2935,1.79089e+09,0.0207,13.5122,0.0207,0.2797,449.846,450.899,True,0.175358,0.000458827,0.00620444,0.294945
FS 0.05,2,v1_Ra20_repeat_20261001,1300,27.2935,1.79089e+09,0.031,12.9444,0.031,0.4013,442.857,449.383,True,0.172634,0.000658303,0.00929168,0.43046
FS 0.05,2,v1_Ra20_repeat_20261001,1300,27.2935,1.79089e+09,0.0414,12.6363,0.0414,0.5231,432.45,434.999,True,0.168577,0.000858107,0.0124089,0.570576
FS 0.05,2,v1_Ra20_repeat_20261001,1300,27.2935,1.79089e+09,0.0517,12.1998,0.0517,0.6307,434,436.068,True,0.169181,0.00103462,0.0154961,0.700543
FS 0.05,2,v1_Ra20_repeat_20261001,1300,27.2935,1.79089e+09,0.0621,11.6953,0.0621,0.7263,424.63,426.47,True,0.165529,0.00119144,0.0186133,0.822994
FS 0.05,2,v1_Ra20_repeat_20261001,1300,27.2935,1.79089e+09,0.0724,11.1809,0.0724,0.8095,415.384,418.473,True,0.161925,0.00132793,0.0217006,0.937012
FS 0.05,2,v1_Ra20_repeat_20261001,1300,27.2935,1.79089e+09,0.0827,10.9074,0.0827,0.902,411.321,409.617,True,0.16034,0.00147966,0.0247878,1.06454
FS 0.05,2,v1_Ra20_repeat_20261001,1300,27.2935,1.79089e+09,0.0931,10.5226,0.0931,0.9797,405.661,404.717,True,0.158134,0.00160713,0.027905,1.18187
FS 0.05,2,v1_Ra20_repeat_20261001,1300,27.2935,1.79089e+09,0.1034,9.9285,0.1034,1.0266,395.888,401.147,True,0.154324,0.00168406,0.0309922,1.27224
FS 0.05,2,v1_Ra20_repeat_20261001,1300,27.2935,1.79089e+09,0.1138,9.6624,0.1138,1.0996,385.859,389.394,True,0.150415,0.00180381,0.0341095,1.39341
FS 0.05,2,v1_Ra20_repeat_20261001,1300,27.2935,1.79089e+09,0.1241,9.1541,0.1241,1.136,380.702,384.522,True,0.148405,0.00186352,0.0371967,1.48174
FS 0.05,2,v1_Ra20_repeat_20261001,1300,27.2935,1.79089e+09,0.1345,8.6711,0.1345,1.1663,377.193,381.579,True,0.147037,0.00191323,0.0403139,1.56874
FS 0.05,2,v1_Ra20_repeat_20261001,1300,27.2935,1.79089e+09,0.1448,8.4296,0.1448,1.2206,370.4,369.831,True,0.144389,0.0020023,0.0434011,1.68342
FS 0.05,2,v1_Ra20_repeat_20261001,1300,27.2935,1.79089e+09,0.1551,7.8709,0.1551,1.2208,362.712,366.102,True,0.141392,0.00200263,0.0464884,1.7482
FS 0.05,2,v1_Ra20_repeat_20261001,1300,27.2935,1.79089e+09,0.1655,7.6393,0.1655,1.2643,357.377,359.413,True,0.139312,0.00207399,0.0496056,1.86118
FS 0.05,2,v1_Ra20_repeat_20261001,1300,27.2935,1.79089e+09,0.1758,7.2694,0.1758,1.278,353.903,353.549,True,0.137958,0.00209646,0.0526928,1.94792
FS 0.05,2,v1_Ra20_repeat_20261001,1300,27.2935,1.79089e+09,0.1862,6.8542,0.1862,1.2763,346.439,348.387,True,0.135048,0.00209368,0.05581,2.02424
FS 0.05,2,v1_Ra20_repeat_20261001,1300,27.2935,1.79089e+09,0.1965,6.4777,0.1965,1.2729,340.96,342.857,True,0.132913,0.0020881,0.0588973,2.10233
FS 0.05,2,v1_Ra20_repeat_20261001,1300,27.2935,1.79089e+09,0.2069,6.2226,0.2069,1.2875,332.677,337.5,True,0.129684,0.00211205,0.0620145,2.20347
FS 0.05,2,v1_Ra20_repeat_20261001,1300,27.2935,1.79089e+09,0.2172,5.799,0.2172,1.2595,324.926,334.616,True,0.126662,0.00206612,0.0651017,2.26542
FS 0.05,2,v1_Ra20_repeat_20261001,1300,27.2935,1.79089e+09,0.2275,5.3639,0.2275,1.2203,319.403,321.933,True,0.124509,0.00200181,0.0681889,2.32036
FS 0.05,2,v1_Ra20_repeat_20261001,1300,27.2935,1.79089e+09,0.2379,4.8309,0.2379,1.1493,309.84,320.197,True,0.120781,0.00188534,0.0713061,2.34869
FS 0.05,2,v1_Ra20_repeat_20261001,1300,27.2935,1.79089e+09,0.2482,4.1854,0.2482,1.0388,289.884,298.989,True,0.113002,0.00170407,0.0743934,2.34079
FS 0.05,2,v1_Ra20_repeat_20261001,1300,27.2935,1.79089e+09,0.2586,3.7896,0.2586,0.98,289.901,289.865,True,0.113009,0.00160762,0.0775106,2.38986
FS 0.05,2,v1_Ra20_repeat_20261001,1300,27.2935,1.79089e+09,0.2689,3.1832,0.2689,0.856,284.016,286,True,0.110715,0.0014042,0.0805978,2.37691
FS 0.05,2,v1_Ra20_repeat_20261001,1400,29.4257,1.79089e+09,0.006,16.4475,0.006,0.0987,522.451,534.11,True,0.188904,0.000129204,0.00179839,0.101371
FS 0.05,2,v1_Ra20_repeat_20261001,1400,29.4257,1.79089e+09,0.012,16.3902,0.012,0.1967,524.206,516.13,True,0.189539,0.000257491,0.00359678,0.203468
FS 0.05,2,v1_Ra20_repeat_20261001,1400,29.4257,1.79089e+09,0.024,15.4374,0.024,0.3705,515.671,519.512,True,0.186453,0.000485004,0.00719356,0.389745
FS 0.05,2,v1_Ra20_repeat_20261001,1400,29.4257,1.79089e+09,0.0361,14.8932,0.0361,0.5376,504.129,512.791,True,0.18228,0.000703747,0.0108203,0.575206
FS 0.05,2,v1_Ra20_repeat_20261001,1400,29.4257,1.79089e+09,0.0481,14.2872,0.0481,0.6872,495.181,494.727,True,0.179044,0.000899582,0.0144171,0.748748
FS 0.05,2,v1_Ra20_repeat_20261001,1400,29.4257,1.79089e+09,0.0601,13.3593,0.0601,0.8029,476.087,482.467,True,0.17214,0.00105104,0.0180139,0.894097
FS 0.05,2,v1_Ra20_repeat_20261001,1400,29.4257,1.79089e+09,0.0721,12.9721,0.0721,0.9353,465.328,469.399,True,0.16825,0.00122436,0.0216106,1.06186
FS 0.05,2,v1_Ra20_repeat_20261001,1400,29.4257,1.79089e+09,0.0842,12.2745,0.0842,1.0335,455.695,459.01,True,0.164767,0.00135291,0.0252374,1.20149
FS 0.05,2,v1_Ra20_repeat_20261001,1400,29.4257,1.79089e+09,0.0962,11.8689,0.0962,1.1418,450.368,452.573,True,0.162841,0.00149468,0.0288342,1.35661
FS 0.05,2,v1_Ra20_repeat_20261001,1400,29.4257,1.79089e+09,0.1082,11.5045,0.1082,1.2448,448.296,443.877,True,0.162092,0.00162951,0.032431,1.51214
FS 0.05,2,v1_Ra20_repeat_20261001,1400,29.4257,1.79089e+09,0.1202,11.1026,0.1202,1.3345,446.808,447.135,True,0.161554,0.00174693,0.0360277,1.66008
FS 0.05,2,v1_Ra20_repeat_20261001,1400,29.4257,1.79089e+09,0.1322,10.7228,0.1322,1.4176,434.433,438.147,True,0.157079,0.00185571,0.0396245,1.80713
FS 0.05,2,v1_Ra20_repeat_20261001,1400,29.4257,1.79089e+09,0.1443,10.216,0.1443,1.4742,427.035,434.586,True,0.154404,0.00192981,0.0432513,1.93399
FS 0.05,2,v1_Ra20_repeat_20261001,1400,29.4257,1.79089e+09,0.1563,9.794,0.1563,1.5308,421.566,420.593,True,0.152427,0.0020039,0.046848,2.066
FS 0.05,2,v1_Ra20_repeat_20261001,1400,29.4257,1.79089e+09,0.1683,8.9997,0.1683,1.5146,405.66,414.26,True,0.146676,0.00198269,0.0504448,2.13092
FS 0.05,2,v1_Ra20_repeat_20261001,1400,29.4257,1.79089e+09,0.1803,8.6548,0.1803,1.5605,403.704,402.778,True,0.145968,0.00204278,0.0540416,2.26365
FS 0.05,2,v1_Ra20_repeat_20261001,1400,29.4257,1.79089e+09,0.1923,8.3569,0.1923,1.607,394.035,400.308,True,0.142472,0.00210365,0.0576384,2.40269
FS 0.05,2,v1_Ra20_repeat_20261001,1400,29.4257,1.79089e+09,0.2044,7.918,0.2044,1.6184,394.974,402.778,True,0.142812,0.00211857,0.0612651,2.51318
FS 0.05,2,v1_Ra20_repeat_20261001,1400,29.4257,1.79089e+09,0.2164,7.4313,0.2164,1.6081,388.105,390,True,0.140328,0.00210509,0.0648619,2.60688
FS 0.05,2,v1_Ra20_repeat_20261001,1400,29.4257,1.79089e+09,0.2284,6.9356,0.2284,1.5841,374.138,375.573,True,0.135278,0.00207367,0.0684587,2.69259
FS 0.05,2,v1_Ra20_repeat_20261001,1400,29.4257,1.79089e+09,0.2404,6.4331,0.2404,1.5465,366.101,369.961,True,0.132372,0.00202445,0.0720555,2.77041
FS 0.05,2,v1_Ra20_repeat_20261001,1400,29.4257,1.79089e+09,0.2525,6.3815,0.2525,1.6113,367.67,366.102,True,0.132939,0.00210928,0.0756822,2.95737
FS 0.05,2,v1_Ra20_repeat_20261001,1400,29.4257,1.79089e+09,0.2645,5.5967,0.2645,1.4803,352.262,360,True,0.127369,0.00193779,0.079279,2.95325
FS 0.05,2,v1_Ra20_repeat_20261001,1400,29.4257,1.79089e+09,0.2765,5.351,0.2765,1.4796,352.251,346.121,True,0.127364,0.00193688,0.0828758,3.08514
FS 0.05,2,v1_Ra20_repeat_20261001,1400,29.4257,1.79089e+09,0.2885,5.0234,0.2885,1.4493,343.833,348.312,True,0.124321,0.00189721,0.0864726,3.19314
FS 0.05,2,v1_Ra20_repeat_20261001,1400,29.4257,1.79089e+09,0.3005,4.5161,0.3005,1.3571,339.285,342.986,True,0.122676,0.00177652,0.0900693,3.24495
FS 0.05,2,v1_Ra20_repeat_20261001,1400,29.4257,1.79089e+09,0.3126,3.7108,0.3126,1.16,324.274,331.656,True,0.117249,0.0015185,0.0936961,3.19884
FS 0.05,2,v1_Ra20_repeat_20261001,1400,29.4257,1.79089e+09,0.3246,3.4589,0.3246,1.1228,309.926,309.489,True,0.112061,0.00146981,0.0972929,3.31711
FS 0.05,2,v1_Ra20_repeat_20261001,1500,31.5578,1.79089e+09,0.0069,18.6347,0.0069,0.1286,589.189,591.892,True,0.198642,0.000136476,0.00206815,0.131794
FS 0.05,2,v1_Ra20_repeat_20261001,1500,31.5578,1.79089e+09,0.0138,18.0819,0.0138,0.2495,581.081,583.784,True,0.195908,0.000264781,0.0041363,0.257776
FS 0.05,2,v1_Ra20_repeat_20261001,1500,31.5578,1.79089e+09,0.0277,17.4488,0.0277,0.4833,576.156,587.839,True,0.194248,0.000512901,0.00830256,0.507544
FS 0.05,2,v1_Ra20_repeat_20261001,1500,31.5578,1.79089e+09,0.0415,16.7268,0.0415,0.6942,568.421,572.368,True,0.19164,0.000736718,0.0124389,0.741873
FS 0.05,2,v1_Ra20_repeat_20261001,1500,31.5578,1.79089e+09,0.0553,16.1948,0.0553,0.8956,561.139,564.474,True,0.189185,0.000950453,0.0165752,0.974252
FS 0.05,2,v1_Ra20_repeat_20261001,1500,31.5578,1.79089e+09,0.0691,15.3807,0.0691,1.0628,545,549.276,True,0.183744,0.00112789,0.0207115,1.17998
FS 0.05,2,v1_Ra20_repeat_20261001,1500,31.5578,1.79089e+09,0.083,14.7661,0.083,1.2256,535,540,True,0.180372,0.00130066,0.0248777,1.38922
FS 0.05,2,v1_Ra20_repeat_20261001,1500,31.5578,1.79089e+09,0.0968,14.1446,0.0968,1.3692,524.218,526.83,True,0.176737,0.00145306,0.029014,1.5865
FS 0.05,2,v1_Ra20_repeat_20261001,1500,31.5578,1.79089e+09,0.1106,13.5349,0.1106,1.497,509.794,513.88,True,0.171874,0.00158869,0.0331503,1.77553
FS 0.05,2,v1_Ra20_repeat_20261001,1500,31.5578,1.79089e+09,0.1244,12.8133,0.1244,1.594,497.727,503.241,True,0.167806,0.00169163,0.0372866,1.94131
FS 0.05,2,v1_Ra20_repeat_20261001,1500,31.5578,1.79089e+09,0.1383,12.1006,0.1383,1.6735,488.636,494.318,True,0.164741,0.001776,0.0414529,2.09772
FS 0.05,2,v1_Ra20_repeat_20261001,1500,31.5578,1.79089e+09,0.1521,11.6431,0.1521,1.7709,480,483.334,True,0.161829,0.00187936,0.0455892,2.27906
FS 0.05,2,v1_Ra20_repeat_20261001,1500,31.5578,1.79089e+09,0.1659,11.2784,0.1659,1.8711,477.271,477.426,True,0.160909,0.0019857,0.0497255,2.47074
FS 0.05,2,v1_Ra20_repeat_20261001,1500,31.5578,1.79089e+09,0.1797,10.5943,0.1797,1.9038,465.48,469.195,True,0.156934,0.0020204,0.0538618,2.60247
FS 0.05,2,v1_Ra20_repeat_20261001,1500,31.5578,1.79089e+09,0.1936,10.0162,0.1936,1.9391,451.561,452.446,True,0.152241,0.00205786,0.058028,2.74516
FS 0.05,2,v1_Ra20_repeat_20261001,1500,31.5578,1.79089e+09,0.2074,9.6976,0.2074,2.0113,450,446.875,True,0.151715,0.00213449,0.0621643,2.93154
FS 0.05,2,v1_Ra20_repeat_20261001,1500,31.5578,1.79089e+09,0.2212,9.1178,0.2212,2.0169,441.713,446.806,True,0.148921,0.00214043,0.0663006,3.05888
FS 0.05,2,v1_Ra20_repeat_20261001,1500,31.5578,1.79089e+09,0.2351,8.4923,0.2351,1.9965,428,436.025,True,0.144298,0.00211878,0.0704669,3.16873
FS 0.05,2,v1_Ra20_repeat_20261001,1500,31.5578,1.79089e+09,0.2489,7.8413,0.2489,1.9517,424.121,427.628,True,0.14299,0.00207124,0.0746032,3.26082
FS 0.05,2,v1_Ra20_repeat_20261001,1500,31.5578,1.79089e+09,0.2627,7.703,0.2627,2.0236,419.608,423.53,True,0.141468,0.00214754,0.0787395,3.47716
FS 0.05,2,v1_Ra20_repeat_20261001,1500,31.5578,1.79089e+09,0.2765,7.2479,0.2765,2.004,415.385,419.724,True,0.140044,0.00212674,0.0828758,3.60954
FS 0.05,2,v1_Ra20_repeat_20261001,1500,31.5578,1.79089e+09,0.2904,6.8108,0.2904,1.9779,409.434,410.824,True,0.138038,0.00209904,0.0870421,3.74417
FS 0.05,2,v1_Ra20_repeat_20261001,1500,31.5578,1.79089e+09,0.3042,5.9885,0.3042,1.8217,389.853,398.105,True,0.131437,0.00193327,0.0911783,3.75511
FS 0.05,2,v1_Ra20_repeat_20261001,1500,31.5578,1.79089e+09,0.318,5.8268,0.318,1.8529,387.5,388.393,True,0.130643,0.00196639,0.0953146,3.961
FS 0.05,2,v1_Ra20_repeat_20261001,1500,31.5578,1.79089e+09,0.3318,5.2247,0.3318,1.7336,380.024,383.036,True,0.128123,0.00183978,0.0994509,4.02394
FS 0.05,2,v1_Ra20_repeat_20261001,1500,31.5578,1.79089e+09,0.3457,4.6144,0.3457,1.5952,364.407,372.198,True,0.122858,0.0016929,0.103617,4.07673
FS 0.05,2,v1_Ra20_repeat_20261001,1500,31.5578,1.79089e+09,0.3595,4.3363,0.3595,1.5589,361.255,361.143,True,0.121795,0.00165438,0.107754,4.23782
FS 0.05,2,v1_Ra20_repeat_20261001,1600,33.6899,1.79089e+09,0.0079,20.3301,0.0079,0.1606,641.177,639.706,True,0.202488,0.000140082,0.00236788,0.164414
FS 0.05,2,v1_Ra20_repeat_20261001,1600,33.6899,1.79089e+09,0.0158,19.6669,0.0158,0.3107,636.558,639.706,True,0.20103,0.000271005,0.00473576,0.320802
FS 0.05,2,v1_Ra20_repeat_20261001,1600,33.6899,1.79089e+09,0.0315,19.1008,0.0315,0.6017,627.573,633.64,True,0.198192,0.000524828,0.00944154,0.631642
FS 0.05,2,v1_Ra20_repeat_20261001,1600,33.6899,1.79089e+09,0.0473,18.347,0.0473,0.8678,617.647,622.059,True,0.195057,0.000756931,0.0141773,0.927574
FS 0.05,2,v1_Ra20_repeat_20261001,1600,33.6899,1.79089e+09,0.063,17.5135,0.063,1.1034,611.111,614.906,True,0.192993,0.000962431,0.0188831,1.20262
FS 0.05,2,v1_Ra20_repeat_20261001,1600,33.6899,1.79089e+09,0.0788,16.9513,0.0788,1.3358,604.873,608.571,True,0.191023,0.00116514,0.0236188,1.48458
FS 0.05,2,v1_Ra20_repeat_20261001,1600,33.6899,1.79089e+09,0.0946,16.3827,0.0946,1.5498,597.799,600,True,0.188789,0.0013518,0.0283546,1.75804
FS 0.05,2,v1_Ra20_repeat_20261001,1600,33.6899,1.79089e+09,0.1103,15.4998,0.1103,1.7096,578.931,582.956,True,0.182831,0.00149118,0.0330604,1.98672
FS 0.05,2,v1_Ra20_repeat_20261001,1600,33.6899,1.79089e+09,0.1261,15.0748,0.1261,1.9009,572.837,569.692,True,0.180906,0.00165804,0.0377962,2.25721
FS 0.05,2,v1_Ra20_repeat_20261001,1600,33.6899,1.79089e+09,0.1418,13.9977,0.1418,1.9849,553.846,563.15,True,0.174909,0.00173131,0.0425019,2.4297
FS 0.05,2,v1_Ra20_repeat_20261001,1600,33.6899,1.79089e+09,0.1576,13.5824,0.1576,2.1406,546.843,546.154,True,0.172697,0.00186712,0.0472377,2.68431
FS 0.05,2,v1_Ra20_repeat_20261001,1600,33.6899,1.79089e+09,0.1733,12.9271,0.1733,2.2403,535,542.847,True,0.168957,0.00195408,0.0519435,2.89211
FS 0.05,2,v1_Ra20_repeat_20261001,1600,33.6899,1.79089e+09,0.1891,12.4702,0.1891,2.3581,526.829,531.534,True,0.166376,0.00205683,0.0566792,3.12855
FS 0.05,2,v1_Ra20_repeat_20261001,1600,33.6899,1.79089e+09,0.2049,11.5104,0.2049,2.3585,517.765,526.83,True,0.163514,0.00205718,0.061415,3.2575
FS 0.05,2,v1_Ra20_repeat_20261001,1600,33.6899,1.79089e+09,0.2206,10.8788,0.2206,2.3999,500,509.302,True,0.157904,0.00209329,0.0661208,3.43643
FS 0.05,2,v1_Ra20_repeat_20261001,1600,33.6899,1.79089e+09,0.2364,10.36,0.2364,2.4491,496.12,498.837,True,0.156678,0.00213621,0.0708565,3.6339
FS 0.05,2,v1_Ra20_repeat_20261001,1600,33.6899,1.79089e+09,0.2521,9.8266,0.2521,2.4773,488.797,490.139,True,0.154366,0.0021608,0.0755623,3.81924
FS 0.05,2,v1_Ra20_repeat_20261001,1600,33.6899,1.79089e+09,0.2679,9.418,0.2679,2.5231,477.777,485.542,True,0.150886,0.00220075,0.0802981,4.03304
FS 0.05,2,v1_Ra20_repeat_20261001,1600,33.6899,1.79089e+09,0.2837,8.9034,0.2837,2.5259,471.032,473.453,True,0.148755,0.00220319,0.0850339,4.21374
FS 0.05,2,v1_Ra20_repeat_20261001,1600,33.6899,1.79089e+09,0.2994,8.0611,0.2994,2.4135,459.171,466.305,True,0.14501,0.00210515,0.0897396,4.28791
FS 0.05,2,v1_Ra20_repeat_20261001,1600,33.6899,1.79089e+09,0.3152,7.5831,0.3152,2.3902,447.998,446.875,True,0.141481,0.00208483,0.0944754,4.46224
FS 0.05,2,v1_Ra20_repeat_20261001,1600,33.6899,1.79089e+09,0.3309,7.2608,0.3309,2.4026,452.083,446.875,True,0.142771,0.00209565,0.0991812,4.68082
FS 0.05,2,v1_Ra20_repeat_20261001,1600,33.6899,1.79089e+09,0.3467,6.7596,0.3467,2.3436,442.476,437.755,True,0.139737,0.00204418,0.103917,4.83918
FS 0.05,2,v1_Ra20_repeat_20261001,1600,33.6899,1.79089e+09,0.3624,6.117,0.3624,2.2168,430.212,438.744,True,0.135864,0.00193358,0.108623,4.93817
FS 0.05,2,v1_Ra20_repeat_20261001,1600,33.6899,1.79089e+09,0.3782,5.4571,0.3782,2.0639,416.609,418.91,True,0.131568,0.00180022,0.113358,5.02235
FS 0.05,2,v1_Ra20_repeat_20261001,1600,33.6899,1.79089e+09,0.394,4.9023,0.394,1.9315,407.547,413.404,True,0.128706,0.00168473,0.118094,5.13694
FS 0.05,2,v1_Ra20_repeat_20261001,1600,33.6899,1.79089e+09,0.4097,4.262,0.4097,1.7461,392.727,400.527,True,0.124026,0.00152302,0.1228,5.20676
FS 0.05,2,v1_Ra20_repeat_20261001,1700,35.822,1.79089e+09,0.0089,21.8019,0.0089,0.194,690.549,691.935,True,0.2051,0.000140763,0.00266761,0.198473
FS 0.05,2,v1_Ra20_repeat_20261001,1700,35.822,1.79089e+09,0.0178,21.3063,0.0178,0.3793,687.097,687.097,True,0.204075,0.000275213,0.00533522,0.391386
FS 0.05,2,v1_Ra20_repeat_20261001,1700,35.822,1.79089e+09,0.0356,20.4206,0.0356,0.727,678.125,681.133,True,0.20141,0.000527497,0.0106704,0.763733
FS 0.05,2,v1_Ra20_repeat_20261001,1700,35.822,1.79089e+09,0.0534,19.6372,0.0534,1.0486,666.061,674.346,True,0.197827,0.000760843,0.0160057,1.12254
FS 0.05,2,v1_Ra20_repeat_20261001,1700,35.822,1.79089e+09,0.0713,18.9632,0.0713,1.3521,660.318,664.068,True,0.196121,0.000981057,0.0213709,1.47612
FS 0.05,2,v1_Ra20_repeat_20261001,1700,35.822,1.79089e+09,0.0891,18.1874,0.0891,1.6205,647.965,657.693,True,0.192452,0.0011758,0.0267061,1.80692
FS 0.05,2,v1_Ra20_repeat_20261001,1700,35.822,1.79089e+09,0.1069,17.6719,0.1069,1.8891,641.176,644.118,True,0.190436,0.00137069,0.0320413,2.15048
FS 0.05,2,v1_Ra20_repeat_20261001,1700,35.822,1.79089e+09,0.1247,17.1625,0.1247,2.1402,635.294,639.706,True,0.188689,0.00155289,0.0373765,2.48909
FS 0.05,2,v1_Ra20_repeat_20261001,1700,35.822,1.79089e+09,0.1425,16.3897,0.1425,2.3355,626.47,630.883,True,0.186068,0.00169459,0.0427118,2.78447
FS 0.05,2,v1_Ra20_repeat_20261001,1700,35.822,1.79089e+09,0.1603,15.6705,0.1603,2.512,619.999,625.715,True,0.184146,0.00182266,0.048047,3.07361
FS 0.05,2,v1_Ra20_repeat_20261001,1700,35.822,1.79089e+09,0.1782,14.7498,0.1782,2.6284,598.981,608.572,True,0.177904,0.00190712,0.0534122,3.31594
FS 0.05,2,v1_Ra20_repeat_20261001,1700,35.822,1.79089e+09,0.196,14.0895,0.196,2.7615,591.147,595.946,True,0.175577,0.00200369,0.0587474,3.58687
FS 0.05,2,v1_Ra20_repeat_20261001,1700,35.822,1.79089e+09,0.2138,13.1458,0.2138,2.8106,573.365,583.195,True,0.170296,0.00203932,0.0640826,3.78636
FS 0.05,2,v1_Ra20_repeat_20261001,1700,35.822,1.79089e+09,0.2316,12.784,0.2316,2.9608,566.283,567.681,True,0.168192,0.0021483,0.0694178,4.09951
FS 0.05,2,v1_Ra20_repeat_20261001,1700,35.822,1.79089e+09,0.2494,11.8905,0.2494,2.9655,558.813,556.579,True,0.165973,0.00215171,0.0747531,4.27972
FS 0.05,2,v1_Ra20_repeat_20261001,1700,35.822,1.79089e+09,0.2672,11.4173,0.2672,3.0507,552.807,557.064,True,0.16419,0.00221353,0.0800883,4.55299
FS 0.05,2,v1_Ra20_repeat_20261001,1700,35.822,1.79089e+09,0.2851,10.6551,0.2851,3.0378,534.999,543.512,True,0.1589,0.00220417,0.0854535,4.74188
FS 0.05,2,v1_Ra20_repeat_20261001,1700,35.822,1.79089e+09,0.3029,10.1058,0.3029,3.061,524.39,528.543,True,0.155749,0.002221,0.0907887,4.97834
FS 0.05,2,v1_Ra20_repeat_20261001,1700,35.822,1.79089e+09,0.3207,9.5727,0.3207,3.07,518.258,523.17,True,0.153928,0.00222753,0.0961239,5.21316
FS 0.05,2,v1_Ra20_repeat_20261001,1700,35.822,1.79089e+09,0.3385,8.8518,0.3385,2.9963,508.319,514.286,True,0.150976,0.00217406,0.101459,5.37784
FS 0.05,2,v1_Ra20_repeat_20261001,1700,35.822,1.79089e+09,0.3563,8.4507,0.3563,3.011,503.814,505.814,True,0.149638,0.00218472,0.106794,5.64348
FS 0.05,2,v1_Ra20_repeat_20261001,1700,35.822,1.79089e+09,0.3741,7.5281,0.3741,2.8163,482.362,493.503,True,0.143267,0.00204345,0.11213,5.71228
FS 0.05,2,v1_Ra20_repeat_20261001,1700,35.822,1.79089e+09,0.392,7.2232,0.392,2.8315,481.49,476.11,True,0.143008,0.00205448,0.117495,6.00513
FS 0.05,2,v1_Ra20_repeat_20261001,1700,35.822,1.79089e+09,0.4098,6.445,0.4098,2.6412,469.565,479.617,True,0.139466,0.0019164,0.12283,6.10352
FS 0.05,2,v1_Ra20_repeat_20261001,1700,35.822,1.79089e+09,0.4276,6.0158,0.4276,2.5724,461.702,468.355,True,0.13713,0.00186648,0.128165,6.33597
FS 0.05,2,v1_Ra20_repeat_20261001,1700,35.822,1.79089e+09,0.4454,5.6265,0.4454,2.506,457.332,459.575,True,0.135832,0.0018183,0.1335,6.58338
FS 0.05,2,v1_Ra20_repeat_20261001,1700,35.822,1.79089e+09,0.4632,5.0846,0.4632,2.3552,359.86,,True,0.106882,0.00170889,0.138836,6.75895
FS 0.05,2,v1_Ra20_repeat_20261001,1700,35.822,1.79089e+09,0.481,4.2624,0.481,2.0502,,,False,,0.00148758,0.144171,6.79288
FS 0.05,2,v1_Ra20_repeat_20261001,1800,37.9542,1.79089e+09,0.01,23.6495,0.01,0.2365,748.276,750,True,0.209761,0.000144274,0.00299732,0.241744
FS 0.05,2,v1_Ra20_repeat_20261001,1800,37.9542,1.79089e+09,0.02,23.1343,0.02,0.4627,744.827,744.829,True,0.208794,0.000282265,0.00599463,0.477152
FS 0.05,2,v1_Ra20_repeat_20261001,1800,37.9542,1.79089e+09,0.04,22.2289,0.04,0.8892,734.703,739.325,True,0.205956,0.000542447,0.0119893,0.933961
FS 0.05,2,v1_Ra20_repeat_20261001,1800,37.9542,1.79089e+09,0.06,21.4598,0.06,1.2876,723.333,730,True,0.202769,0.000785487,0.0179839,1.37853
FS 0.05,2,v1_Ra20_repeat_20261001,1800,37.9542,1.79089e+09,0.08,20.6371,0.08,1.651,723.333,725,True,0.202769,0.00100718,0.0239785,1.80395
FS 0.05,2,v1_Ra20_repeat_20261001,1800,37.9542,1.79089e+09,0.1,19.9287,0.1,1.9929,712.903,713.278,True,0.199845,0.00121575,0.0299732,2.22373
FS 0.05,2,v1_Ra20_repeat_20261001,1800,37.9542,1.79089e+09,0.12,19.0199,0.12,2.2824,696.774,701.109,True,0.195324,0.00139235,0.0359678,2.60696
FS 0.05,2,v1_Ra20_repeat_20261001,1800,37.9542,1.79089e+09,0.14,18.3524,0.14,2.5693,687.097,687.097,True,0.192611,0.00156737,0.0419624,3.00346
FS 0.05,2,v1_Ra20_repeat_20261001,1800,37.9542,1.79089e+09,0.16,17.3344,0.16,2.7735,683.221,687.097,True,0.191524,0.00169195,0.0479571,3.33311
FS 0.05,2,v1_Ra20_repeat_20261001,1800,37.9542,1.79089e+09,0.18,16.6447,0.18,2.996,663.375,669,True,0.185961,0.00182768,0.0539517,3.69691
FS 0.05,2,v1_Ra20_repeat_20261001,1800,37.9542,1.79089e+09,0.2,15.9468,0.2,3.1894,651.537,668.148,True,0.182643,0.00194566,0.0599463,4.04747
FS 0.05,2,v1_Ra20_repeat_20261001,1800,37.9542,1.79089e+09,0.22,15.0954,0.22,3.321,643.722,648.054,True,0.180452,0.00202594,0.0659409,4.35209
FS 0.05,2,v1_Ra20_repeat_20261001,1800,37.9542,1.79089e+09,0.24,14.6292,0.24,3.511,638.973,643.01,True,0.179121,0.00214185,0.0719356,4.73097
FS 0.05,2,v1_Ra20_repeat_20261001,1800,37.9542,1.79089e+09,0.26,13.8441,0.26,3.5995,626.47,630.882,True,0.175616,0.00219584,0.0779302,5.0242
FS 0.05,2,v1_Ra20_repeat_20261001,1800,37.9542,1.79089e+09,0.28,13.0572,0.28,3.656,611.485,618.066,True,0.171415,0.00223031,0.0839248,5.30129
FS 0.05,2,v1_Ra20_repeat_20261001,1800,37.9542,1.79089e+09,0.3,12.0549,0.3,3.6165,598.866,614.516,True,0.167878,0.00220621,0.0899195,5.49824
FS 0.05,2,v1_Ra20_repeat_20261001,1800,37.9542,1.79089e+09,0.32,11.7241,0.32,3.7517,591.666,595.834,True,0.165859,0.00228869,0.0959141,5.88574
FS 0.05,2,v1_Ra20_repeat_20261001,1800,37.9542,1.79089e+09,0.34,10.9867,0.34,3.7355,583.783,584.032,True,0.163649,0.0022788,0.101909,6.1377
FS 0.05,2,v1_Ra20_repeat_20261001,1800,37.9542,1.79089e+09,0.36,10.1832,0.36,3.666,568.421,572.369,True,0.159343,0.00223641,0.107903,6.35222
FS 0.05,2,v1_Ra20_repeat_20261001,1800,37.9542,1.79089e+09,0.38,9.4834,0.38,3.6037,563.158,568.42,True,0.157868,0.0021984,0.113898,6.58979
FS 0.05,2,v1_Ra20_repeat_20261001,1800,37.9542,1.79089e+09,0.4,8.8599,0.4,3.544,547.89,549.999,True,0.153588,0.00216198,0.119893,6.84582
FS 0.05,2,v1_Ra20_repeat_20261001,1800,37.9542,1.79089e+09,0.42,8.5039,0.42,3.5716,544.744,547.5,True,0.152706,0.00217882,0.125887,7.20501
FS 0.05,2,v1_Ra20_repeat_20261001,1800,37.9542,1.79089e+09,0.44,7.9802,0.44,3.5113,537.504,543.743,True,0.150676,0.00214203,0.131882,7.49215
FS 0.05,2,v1_Ra20_repeat_20261001,1800,37.9542,1.79089e+09,0.46,7.0362,0.46,3.2367,526.83,530.956,True,0.147684,0.00197452,0.137877,7.58085
FS 0.05,2,v1_Ra20_repeat_20261001,1800,37.9542,1.79089e+09,0.48,6.3894,0.48,3.0669,512.089,514.285,True,0.143552,0.00187093,0.143871,7.79021
FS 0.05,2,v1_Ra20_repeat_20261001,1800,37.9542,1.79089e+09,0.5,5.8182,0.5,2.9091,499.281,498.637,True,0.139961,0.00177467,0.149866,8.02742
FS 0.05,2,v1_Ra20_repeat_20261001,1800,37.9542,1.79089e+09,0.52,5.1171,0.52,2.6609,495.349,502.325,True,0.138859,0.00162325,0.15586,8.19009
FS 0.10,1,v1_Ra40_20261001,500,10.2365,1.79089e+09,0.001,2.9743,0.001,0.003,103.332,97.6587,True,0.1074,9.32819e-05,0.000299732,0.00334601
FS 0.10,1,v1_Ra40_20261001,500,10.2365,1.79089e+09,0.002,3.1039,0.002,0.0062,110.012,106.931,True,0.114343,0.000192783,0.000599463,0.00693166
FS 0.10,1,v1_Ra40_20261001,500,10.2365,1.79089e+09,0.004,2.9801,0.004,0.0119,109.707,110.204,True,0.114026,0.000370018,0.00119893,0.0135219
FS 0.10,1,v1_Ra40_20261001,500,10.2365,1.79089e+09,0.006,2.8727,0.006,0.0172,108.643,109.091,True,0.11292,0.000534816,0.00179839,0.0198707
FS 0.10,1,v1_Ra40_20261001,500,10.2365,1.79089e+09,0.008,2.7686,0.008,0.0221,106.988,108.543,True,0.1112,0.000687177,0.00239785,0.025978
FS 0.10,1,v1_Ra40_20261001,500,10.2365,1.79089e+09,0.01,2.6285,0.01,0.0263,101.871,104.305,True,0.105882,0.000817771,0.00299732,0.031544
FS 0.10,1,v1_Ra40_20261001,500,10.2365,1.79089e+09,0.012,2.3511,0.012,0.0282,95.9228,98.6102,True,0.099699,0.00087685,0.00359678,0.0349685
FS 0.10,1,v1_Ra40_20261001,500,10.2365,1.79089e+09,0.014,2.0844,0.014,0.0292,90.7563,93.2872,True,0.0943291,0.000907944,0.00419624,0.0376515
FS 0.10,1,v1_Ra40_20261001,500,10.2365,1.79089e+09,0.016,2.0611,0.016,0.033,88.3262,89.6266,True,0.0918034,0.0010261,0.00479571,0.0432932
FS 0.10,1,v1_Ra40_20261001,500,10.2365,1.79089e+09,0.018,1.7027,0.018,0.0306,83.0345,86.0477,True,0.0863033,0.000951475,0.00539517,0.0428934
FS 0.10,1,v1_Ra40_20261001,500,10.2365,1.79089e+09,0.02,1.6142,0.02,0.0323,77.3113,78.8321,True,0.0803548,0.00100434,0.00599463,0.0467521
FS 0.10,1,v1_Ra40_20261001,500,10.2365,1.79089e+09,0.022,1.3919,0.022,0.0306,72.2323,75.7895,True,0.0750759,0.000951475,0.00659409,0.0473695
FS 0.10,1,v1_Ra40_20261001,500,10.2365,1.79089e+09,0.024,1.126,0.024,0.027,67.9245,70.0959,True,0.0705985,0.000839537,0.00719356,0.0462454
FS 0.10,1,v1_Ra40_20261001,500,10.2365,1.79089e+09,0.026,0.8527,0.026,0.0222,64.7315,65.4065,True,0.0672798,0.000690286,0.00779302,0.0440798
FS 0.10,1,v1_Ra40_20261001,500,10.2365,1.79089e+09,0.028,0.587,0.028,0.0164,61.3749,59.8339,True,0.063791,0.000509941,0.00839248,0.0410729
FS 0.10,1,v1_Ra40_20261001,600,12.3687,1.79089e+09,0.0011,4.6998,0.0011,0.0052,155.797,157.133,True,0.134017,9.16581e-05,0.000329705,0.00558279
FS 0.10,1,v1_Ra40_20261001,600,12.3687,1.79089e+09,0.0021,4.6339,0.0021,0.0097,153.738,156.022,True,0.132245,0.000170978,0.000629436,0.0104724
FS 0.10,1,v1_Ra40_20261001,600,12.3687,1.79089e+09,0.0042,4.4566,0.0042,0.0187,152.583,154.187,True,0.131252,0.000329617,0.00125887,0.0204196
FS 0.10,1,v1_Ra40_20261001,600,12.3687,1.79089e+09,0.0064,4.1879,0.0064,0.0268,149.684,150.362,True,0.128758,0.000472392,0.00191828,0.0296995
FS 0.10,1,v1_Ra40_20261001,600,12.3687,1.79089e+09,0.0085,4.0996,0.0085,0.0348,144.966,146.403,True,0.1247,0.000613404,0.00254772,0.0390047
FS 0.10,1,v1_Ra40_20261001,600,12.3687,1.79089e+09,0.0106,3.7505,0.0106,0.0398,142.01,144.966,True,0.122157,0.000701537,0.00317715,0.0454847
FS 0.10,1,v1_Ra40_20261001,600,12.3687,1.79089e+09,0.0127,3.6532,0.0127,0.0464,135.497,138.533,True,0.116555,0.000817872,0.00380659,0.0537395
FS 0.10,1,v1_Ra40_20261001,600,12.3687,1.79089e+09,0.0149,3.4681,0.0149,0.0517,133.333,133.561,True,0.114693,0.000911293,0.004466,0.0609606
FS 0.10,1,v1_Ra40_20261001,600,12.3687,1.79089e+09,0.017,3.4085,0.017,0.0579,131.281,134.058,True,0.112928,0.00102058,0.00509544,0.0691734
FS 0.10,1,v1_Ra40_20261001,600,12.3687,1.79089e+09,0.0191,3.1996,0.0191,0.0611,126.424,129.512,True,0.10875,0.00107698,0.00572487,0.0745611
FS 0.10,1,v1_Ra40_20261001,600,12.3687,1.79089e+09,0.0212,2.9411,0.0212,0.0624,119.958,122.753,True,0.103188,0.0010999,0.00635431,0.0782235
FS 0.10,1,v1_Ra40_20261001,600,12.3687,1.79089e+09,0.0234,2.7619,0.0234,0.0646,117.184,117.151,True,0.100802,0.00113868,0.00701372,0.0830859
FS 0.10,1,v1_Ra40_20261001,600,12.3687,1.79089e+09,0.0255,2.4691,0.0255,0.063,112.147,115.767,True,0.0964688,0.00111047,0.00764316,0.0842063
FS 0.10,1,v1_Ra40_20261001,600,12.3687,1.79089e+09,0.0276,2.4706,0.0276,0.0682,108.193,108.877,True,0.0930673,0.00120213,0.00827259,0.0923016
FS 0.10,1,v1_Ra40_20261001,600,12.3687,1.79089e+09,0.0297,2.3798,0.0297,0.0707,105.797,107.229,True,0.0910069,0.0012462,0.00890203,0.0978716
FS 0.10,1,v1_Ra40_20261001,600,12.3687,1.79089e+09,0.0319,2.1484,0.0319,0.0685,100.624,103.387,True,0.0865567,0.00120742,0.00956144,0.0990754
FS 0.10,1,v1_Ra40_20261001,600,12.3687,1.79089e+09,0.034,1.6764,0.034,0.057,94.695,97.3723,True,0.0814567,0.00100471,0.0101909,0.0910034
FS 0.10,1,v1_Ra40_20261001,600,12.3687,1.79089e+09,0.0361,1.6909,0.0361,0.061,92.0823,94.3232,True,0.0792092,0.00107522,0.0108203,0.0986062
FS 0.10,1,v1_Ra40_20261001,600,12.3687,1.79089e+09,0.0382,1.6133,0.0382,0.0616,86.8974,88.7028,True,0.0747491,0.0010858,0.0114497,0.102984
FS 0.10,1,v1_Ra40_20261001,600,12.3687,1.79089e+09,0.0404,1.2873,0.0404,0.052,83.3977,85.3385,True,0.0717387,0.000916581,0.0121092,0.0975289
FS 0.10,1,v1_Ra40_20261001,600,12.3687,1.79089e+09,0.0425,1.2516,0.0425,0.0532,81.8458,79.4118,True,0.0704037,0.000937733,0.0127386,0.102865
FS 0.10,1,v1_Ra40_20261001,700,14.5008,1.79089e+09,0.0015,5.8713,0.0015,0.0088,192.857,192.857,True,0.141503,9.62595e-05,0.000449597,0.00933388
FS 0.10,1,v1_Ra40_20261001,700,14.5008,1.79089e+09,0.0029,5.8157,0.0029,0.0169,191.964,190.642,True,0.140848,0.000184862,0.000869222,0.0180126
FS 0.10,1,v1_Ra40_20261001,700,14.5008,1.79089e+09,0.0058,5.6937,0.0058,0.033,191.026,190.557,True,0.140159,0.000360973,0.00173844,0.0355587
FS 0.10,1,v1_Ra40_20261001,700,14.5008,1.79089e+09,0.0088,5.3474,0.0088,0.0471,188.331,189.534,True,0.138182,0.000515207,0.00263764,0.0515054
FS 0.10,1,v1_Ra40_20261001,700,14.5008,1.79089e+09,0.0117,5.2141,0.0117,0.061,182.203,183.979,True,0.133686,0.000667253,0.00350686,0.0675297
FS 0.10,1,v1_Ra40_20261001,700,14.5008,1.79089e+09,0.0146,5.0571,0.0146,0.0738,181.749,184.895,True,0.133353,0.000807267,0.00437608,0.0827874
FS 0.10,1,v1_Ra40_20261001,700,14.5008,1.79089e+09,0.0175,4.7484,0.0175,0.0831,174.131,177.753,True,0.127763,0.000908996,0.0052453,0.0948784
FS 0.10,1,v1_Ra40_20261001,700,14.5008,1.79089e+09,0.0204,4.4171,0.0204,0.0901,165.826,169.232,True,0.12167,0.000985566,0.00611452,0.105003
FS 0.10,1,v1_Ra40_20261001,700,14.5008,1.79089e+09,0.0234,4.3307,0.0234,0.1013,163.287,163.938,True,0.119807,0.00110808,0.00701372,0.119786
FS 0.10,1,v1_Ra40_20261001,700,14.5008,1.79089e+09,0.0263,4.0627,0.0263,0.1068,159.463,161.577,True,0.117001,0.00116824,0.00788294,0.129089
FS 0.10,1,v1_Ra40_20261001,700,14.5008,1.79089e+09,0.0292,3.6699,0.0292,0.1072,150.352,153.839,True,0.110316,0.00117262,0.00875216,0.133625
FS 0.10,1,v1_Ra40_20261001,700,14.5008,1.79089e+09,0.0321,3.7174,0.0321,0.1193,150.154,150.144,True,0.110171,0.00130497,0.00962138,0.150194
FS 0.10,1,v1_Ra40_20261001,700,14.5008,1.79089e+09,0.035,3.2438,0.035,0.1135,143.54,148.17,True,0.105318,0.00124153,0.0104906,0.149197
FS 0.10,1,v1_Ra40_20261001,700,14.5008,1.79089e+09,0.038,3.0371,0.038,0.1154,137.007,139.1,True,0.100525,0.00126231,0.0113898,0.156417
FS 0.10,1,v1_Ra40_20261001,700,14.5008,1.79089e+09,0.0409,2.8588,0.0409,0.1169,131.877,134.162,True,0.0967606,0.00127872,0.012259,0.163398
FS 0.10,1,v1_Ra40_20261001,700,14.5008,1.79089e+09,0.0438,2.732,0.0438,0.1197,125.581,127.635,True,0.0921417,0.00130935,0.0131282,0.172012
FS 0.10,1,v1_Ra40_20261001,700,14.5008,1.79089e+09,0.0467,2.5543,0.0467,0.1193,120.898,123.571,True,0.0887055,0.00130497,0.0139975,0.17776
FS 0.10,1,v1_Ra40_20261001,700,14.5008,1.79089e+09,0.0496,2.2619,0.0496,0.1122,117.219,118.569,True,0.0860059,0.00122731,0.0148667,0.177142
FS 0.10,1,v1_Ra40_20261001,700,14.5008,1.79089e+09,0.0525,2.0846,0.0525,0.1094,113.501,115.759,True,0.0832779,0.00119668,0.0157359,0.181156
FS 0.10,1,v1_Ra40_20261001,700,14.5008,1.79089e+09,0.0555,1.8821,0.0555,0.1045,109.645,109.645,True,0.0804485,0.00114308,0.0166351,0.183657
FS 0.10,1,v1_Ra40_20261001,700,14.5008,1.79089e+09,0.0584,1.5964,0.0584,0.0932,107.526,109.645,True,0.0788941,0.00101948,0.0175043,0.17985
FS 0.10,1,v1_Ra40_20261001,700,14.5008,1.79089e+09,0.0613,1.6486,0.0613,0.1011,99.4104,101.916,True,0.0729394,0.00110589,0.0183735,0.195576
FS 0.10,1,v1_Ra40_20261001,700,14.5008,1.79089e+09,0.0642,1.3443,0.0642,0.0863,92.9037,96.0842,True,0.0681653,0.000944,0.0192428,0.188936
FS 0.10,1,v1_Ra40_20261001,700,14.5008,1.79089e+09,0.0671,0.8901,0.0671,0.0597,89.2779,89.6265,True,0.065505,0.000653033,0.020112,0.170829
FS 0.10,1,v1_Ra40_20261001,800,16.6329,1.79089e+09,0.0019,6.9301,0.0019,0.0132,224.767,225,True,0.143776,9.56764e-05,0.00056949,0.0138913
FS 0.10,1,v1_Ra40_20261001,800,16.6329,1.79089e+09,0.0038,6.798,0.0038,0.0258,225,224.118,True,0.143925,0.000187004,0.00113898,0.0273257
FS 0.10,1,v1_Ra40_20261001,800,16.6329,1.79089e+09,0.0077,6.4844,0.0077,0.0499,220.538,223.636,True,0.141071,0.000361686,0.00230793,0.0535868
FS 0.10,1,v1_Ra40_20261001,800,16.6329,1.79089e+09,0.0115,6.3261,0.0115,0.0728,218.182,219.266,True,0.139564,0.00052767,0.00344691,0.0791725
FS 0.10,1,v1_Ra40_20261001,800,16.6329,1.79089e+09,0.0154,6.155,0.0154,0.0948,215.267,217.303,True,0.137699,0.000687131,0.00461587,0.104524
FS 0.10,1,v1_Ra40_20261001,800,16.6329,1.79089e+09,0.0192,5.8831,0.0192,0.113,208.607,210.415,True,0.133439,0.000819048,0.00575485,0.12657
FS 0.10,1,v1_Ra40_20261001,800,16.6329,1.79089e+09,0.023,5.4785,0.023,0.126,204.712,205.715,True,0.130947,0.000913275,0.00689383,0.143988
FS 0.10,1,v1_Ra40_20261001,800,16.6329,1.79089e+09,0.0269,5.5037,0.0269,0.148,201.515,200,True,0.128902,0.00107274,0.00806278,0.171117
FS 0.10,1,v1_Ra40_20261001,800,16.6329,1.79089e+09,0.0307,5.0781,0.0307,0.1559,197.025,200.043,True,0.12603,0.00113,0.00920176,0.184595
FS 0.10,1,v1_Ra40_20261001,800,16.6329,1.79089e+09,0.0346,5.068,0.0346,0.1754,192.494,192.992,True,0.123132,0.00127134,0.0103707,0.210415
FS 0.10,1,v1_Ra40_20261001,800,16.6329,1.79089e+09,0.0384,4.6395,0.0384,0.1782,185.556,190.269,True,0.118694,0.00129163,0.0115097,0.219953
FS 0.10,1,v1_Ra40_20261001,800,16.6329,1.79089e+09,0.0423,4.3156,0.0423,0.1825,179.815,182.804,True,0.115022,0.0013228,0.0126786,0.231763
FS 0.10,1,v1_Ra40_20261001,800,16.6329,1.79089e+09,0.0461,4.1508,0.0461,0.1914,176.311,175.61,True,0.11278,0.00138731,0.0138176,0.248561
FS 0.10,1,v1_Ra40_20261001,800,16.6329,1.79089e+09,0.0499,3.8091,0.0499,0.1901,171.439,173.636,True,0.109664,0.00137789,0.0149566,0.255731
FS 0.10,1,v1_Ra40_20261001,800,16.6329,1.79089e+09,0.0538,3.4542,0.0538,0.1858,161.141,165.915,True,0.103076,0.00134672,0.0161256,0.260719
FS 0.10,1,v1_Ra40_20261001,800,16.6329,1.79089e+09,0.0576,3.1492,0.0576,0.1814,150.088,155.777,True,0.0960065,0.00131483,0.0172645,0.265949
FS 0.10,1,v1_Ra40_20261001,800,16.6329,1.79089e+09,0.0615,3.1398,0.0615,0.1931,146.434,145.24,True,0.0936688,0.00139963,0.0184335,0.288128
FS 0.10,1,v1_Ra40_20261001,800,16.6329,1.79089e+09,0.0653,2.7154,0.0653,0.1773,146.682,148.494,True,0.0938275,0.00128511,0.0195725,0.283118
FS 0.10,1,v1_Ra40_20261001,800,16.6329,1.79089e+09,0.0691,2.7736,0.0691,0.1917,139.355,141.177,True,0.0891407,0.00138948,0.0207115,0.308881
FS 0.10,1,v1_Ra40_20261001,800,16.6329,1.79089e+09,0.073,2.2683,0.073,0.1656,132.631,137.266,True,0.0848396,0.0012003,0.0218804,0.295037
FS 0.10,1,v1_Ra40_20261001,800,16.6329,1.79089e+09,0.0768,1.9227,0.0768,0.1477,124.771,127.616,True,0.0798121,0.00107056,0.0230194,0.28966
FS 0.10,1,v1_Ra40_20261001,800,16.6329,1.79089e+09,0.0807,1.5993,0.0807,0.1291,121.51,122.034,True,0.0777261,0.000935744,0.0241883,0.284507
FS 0.10,1,v1_Ra40_20261001,900,18.765,1.79089e+09,0.0024,8.1593,0.0024,0.0196,260.874,261.738,True,0.147912,9.89336e-05,0.000719356,0.020497
FS 0.10,1,v1_Ra40_20261001,900,18.765,1.79089e+09,0.0049,7.9537,0.0049,0.039,262.195,263.415,True,0.148661,0.000196858,0.00146868,0.0410742
FS 0.10,1,v1_Ra40_20261001,900,18.765,1.79089e+09,0.0098,7.6702,0.0098,0.0752,258.082,261.199,True,0.146329,0.000379582,0.00293737,0.0803002
FS 0.10,1,v1_Ra40_20261001,900,18.765,1.79089e+09,0.0147,7.2167,0.0147,0.1061,252.973,255.391,True,0.143432,0.000535554,0.00440605,0.115178
FS 0.10,1,v1_Ra40_20261001,900,18.765,1.79089e+09,0.0196,7.1343,0.0196,0.1398,247.126,249.163,True,0.140117,0.000705659,0.00587474,0.153808
FS 0.10,1,v1_Ra40_20261001,900,18.765,1.79089e+09,0.0244,6.7372,0.0244,0.1644,242.259,245.718,True,0.137357,0.000829831,0.00731345,0.18416
FS 0.10,1,v1_Ra40_20261001,900,18.765,1.79089e+09,0.0293,6.5568,0.0293,0.1921,241.111,241.238,True,0.136707,0.00096965,0.00878214,0.218673
FS 0.10,1,v1_Ra40_20261001,900,18.765,1.79089e+09,0.0342,6.3786,0.0342,0.2181,233.696,238.029,True,0.132502,0.00110089,0.0102508,0.252439
FS 0.10,1,v1_Ra40_20261001,900,18.765,1.79089e+09,0.0391,6.048,0.0391,0.2365,228.224,230.913,True,0.1294,0.00119376,0.0117195,0.279556
FS 0.10,1,v1_Ra40_20261001,900,18.765,1.79089e+09,0.044,5.9408,0.044,0.2614,225.457,225.498,True,0.127831,0.00131945,0.0131882,0.314126
FS 0.10,1,v1_Ra40_20261001,900,18.765,1.79089e+09,0.0489,5.5647,0.0489,0.2721,221.775,225.557,True,0.125744,0.00137346,0.0146569,0.335447
FS 0.10,1,v1_Ra40_20261001,900,18.765,1.79089e+09,0.0538,5.0957,0.0538,0.2741,212.501,217.993,True,0.120485,0.00138356,0.0161256,0.349019
FS 0.10,1,v1_Ra40_20261001,900,18.765,1.79089e+09,0.0587,5.0006,0.0587,0.2935,206.895,208.603,True,0.117307,0.00148148,0.0175942,0.380944
FS 0.10,1,v1_Ra40_20261001,900,18.765,1.79089e+09,0.0636,4.7881,0.0636,0.3045,203.002,203.774,True,0.115099,0.001537,0.0190629,0.40542
FS 0.10,1,v1_Ra40_20261001,900,18.765,1.79089e+09,0.0684,4.2883,0.0684,0.2933,195.706,200,True,0.110962,0.00148047,0.0205016,0.408345
FS 0.10,1,v1_Ra40_20261001,900,18.765,1.79089e+09,0.0733,3.8635,0.0733,0.2832,188.017,191.946,True,0.106603,0.00142949,0.0219703,0.413605
FS 0.10,1,v1_Ra40_20261001,900,18.765,1.79089e+09,0.0782,3.7749,0.0782,0.2952,179.248,182.082,True,0.101631,0.00149006,0.023439,0.441918
FS 0.10,1,v1_Ra40_20261001,900,18.765,1.79089e+09,0.0831,3.4096,0.0831,0.2833,172.178,175.136,True,0.0976225,0.00142999,0.0249077,0.447282
FS 0.10,1,v1_Ra40_20261001,900,18.765,1.79089e+09,0.088,3.0638,0.088,0.2696,160.516,165.544,True,0.0910103,0.00136084,0.0263764,0.451798
FS 0.10,1,v1_Ra40_20261001,900,18.765,1.79089e+09,0.0929,2.5675,0.0929,0.2385,157.664,158.728,True,0.0893934,0.00120386,0.0278451,0.439866
FS 0.10,1,v1_Ra40_20261001,900,18.765,1.79089e+09,0.0978,2.4391,0.0978,0.2385,155.218,157.284,True,0.0880064,0.00120386,0.0293137,0.459985
FS 0.10,1,v1_Ra40_20261001,1000,20.8972,1.79089e+09,0.003,9.5008,0.003,0.0285,306.484,306.428,True,0.156042,0.000104164,0.000899195,0.029657
FS 0.10,1,v1_Ra40_20261001,1000,20.8972,1.79089e+09,0.0061,9.4664,0.0061,0.0577,306.68,302.656,True,0.156142,0.000210887,0.00182836,0.0604273
FS 0.10,1,v1_Ra40_20261001,1000,20.8972,1.79089e+09,0.0121,8.9899,0.0121,0.1088,301.389,305.833,True,0.153448,0.000397652,0.00362675,0.115649
FS 0.10,1,v1_Ra40_20261001,1000,20.8972,1.79089e+09,0.0182,8.5133,0.0182,0.1549,296.127,300,True,0.15077,0.000566142,0.00545511,0.167402
FS 0.10,1,v1_Ra40_20261001,1000,20.8972,1.79089e+09,0.0243,8.3591,0.0243,0.2031,289.333,288.657,True,0.14731,0.000742308,0.00728348,0.22273
FS 0.10,1,v1_Ra40_20261001,1000,20.8972,1.79089e+09,0.0303,8.14,0.0303,0.2466,285.95,288,True,0.145588,0.000901295,0.00908187,0.274681
FS 0.10,1,v1_Ra40_20261001,1000,20.8972,1.79089e+09,0.0364,7.9183,0.0364,0.2882,282.895,282.237,True,0.144032,0.00105334,0.0109102,0.326335
FS 0.10,1,v1_Ra40_20261001,1000,20.8972,1.79089e+09,0.0424,7.3818,0.0424,0.313,273.893,279.772,True,0.139449,0.00114398,0.0127086,0.362464
FS 0.10,1,v1_Ra40_20261001,1000,20.8972,1.79089e+09,0.0485,7.0087,0.0485,0.3399,267.378,270.715,True,0.136132,0.0012423,0.014537,0.402344
FS 0.10,1,v1_Ra40_20261001,1000,20.8972,1.79089e+09,0.0546,6.9104,0.0546,0.3773,262.503,266.44,True,0.13365,0.00137899,0.0163653,0.454199
FS 0.10,1,v1_Ra40_20261001,1000,20.8972,1.79089e+09,0.0606,6.5035,0.0606,0.3941,259.036,263.489,True,0.131885,0.00144039,0.0181637,0.486657
FS 0.10,1,v1_Ra40_20261001,1000,20.8972,1.79089e+09,0.0667,6.1181,0.0667,0.4081,250.688,256.957,True,0.127634,0.00149156,0.0199921,0.518038
FS 0.10,1,v1_Ra40_20261001,1000,20.8972,1.79089e+09,0.0728,5.9262,0.0728,0.4314,248.276,248.276,True,0.126406,0.00157672,0.0218205,0.560194
FS 0.10,1,v1_Ra40_20261001,1000,20.8972,1.79089e+09,0.0788,5.8164,0.0788,0.4583,245.268,250,True,0.124875,0.00167504,0.0236188,0.60708
FS 0.10,1,v1_Ra40_20261001,1000,20.8972,1.79089e+09,0.0849,5.5543,0.0849,0.4716,242.696,244.657,True,0.123566,0.00172365,0.0254472,0.642163
FS 0.10,1,v1_Ra40_20261001,1000,20.8972,1.79089e+09,0.0909,5.0927,0.0909,0.4629,233.638,236.226,True,0.118954,0.00169185,0.0272456,0.656327
FS 0.10,1,v1_Ra40_20261001,1000,20.8972,1.79089e+09,0.097,4.466,0.097,0.4332,220.174,228.579,True,0.112099,0.0015833,0.029074,0.651335
FS 0.10,1,v1_Ra40_20261001,1000,20.8972,1.79089e+09,0.1031,4.3113,0.1031,0.4445,211.177,213.937,True,0.107518,0.0016246,0.0309023,0.688819
FS 0.10,1,v1_Ra40_20261001,1000,20.8972,1.79089e+09,0.1091,3.9075,0.1091,0.4263,201.802,203.812,True,0.102745,0.00155808,0.0327007,0.697812
FS 0.10,1,v1_Ra40_20261001,1000,20.8972,1.79089e+09,0.1152,3.4016,0.1152,0.3919,192.637,196.998,True,0.0980788,0.00143235,0.0345291,0.692521
FS 0.10,1,v1_Ra40_20261001,1000,20.8972,1.79089e+09,0.1213,3.0044,0.1213,0.3644,187.51,186.842,True,0.0954683,0.00133184,0.0363574,0.695605
FS 0.10,1,v1_Ra40_20261001,1000,20.8972,1.79089e+09,0.1273,2.8386,0.1273,0.3614,183.213,181.386,True,0.0932808,0.00132088,0.0381558,0.724127
FS 0.10,1,v1_Ra40_20261001,1100,23.0293,1.79089e+09,0.0037,11.5043,0.0037,0.0426,362.362,361.543,True,0.167411,0.000116333,0.00110901,0.0440782
FS 0.10,1,v1_Ra40_20261001,1100,23.0293,1.79089e+09,0.0074,11.1593,0.0074,0.0826,361.345,366.101,True,0.166941,0.000225567,0.00221801,0.0860992
FS 0.10,1,v1_Ra40_20261001,1100,23.0293,1.79089e+09,0.0147,10.5144,0.0147,0.1546,354.61,357.5,True,0.16383,0.000422186,0.00440605,0.163678
FS 0.10,1,v1_Ra40_20261001,1100,23.0293,1.79089e+09,0.0221,10.1235,0.0221,0.2237,348.387,346.931,True,0.160955,0.000610887,0.00662407,0.240589
FS 0.10,1,v1_Ra40_20261001,1100,23.0293,1.79089e+09,0.0295,9.784,0.0295,0.2886,342.857,346.422,True,0.1584,0.000788117,0.00884208,0.315472
FS 0.10,1,v1_Ra40_20261001,1100,23.0293,1.79089e+09,0.0368,9.617,0.0368,0.3539,339.318,340.477,True,0.156765,0.000966441,0.0110301,0.392746
FS 0.10,1,v1_Ra40_20261001,1100,23.0293,1.79089e+09,0.0442,9.0375,0.0442,0.3995,327.273,333.991,True,0.1512,0.00109097,0.0132481,0.45264
FS 0.10,1,v1_Ra40_20261001,1100,23.0293,1.79089e+09,0.0515,8.6988,0.0515,0.448,321.101,325.792,True,0.148349,0.00122341,0.0154362,0.517369
FS 0.10,1,v1_Ra40_20261001,1100,23.0293,1.79089e+09,0.0589,8.5501,0.0589,0.5036,319.118,315.442,True,0.147432,0.00137525,0.0176542,0.591575
FS 0.10,1,v1_Ra40_20261001,1100,23.0293,1.79089e+09,0.0663,8.2297,0.0663,0.5456,316.166,317.647,True,0.146068,0.00148994,0.0198722,0.654353
FS 0.10,1,v1_Ra40_20261001,1100,23.0293,1.79089e+09,0.0736,7.7669,0.0736,0.5716,305.111,312.237,True,0.140961,0.00156094,0.0220602,0.702977
FS 0.10,1,v1_Ra40_20261001,1100,23.0293,1.79089e+09,0.081,7.7691,0.081,0.6293,308.571,305.777,True,0.14256,0.00171851,0.0242783,0.785766
FS 0.10,1,v1_Ra40_20261001,1100,23.0293,1.79089e+09,0.0884,7.2565,0.0884,0.6415,300.99,306.338,True,0.139057,0.00175183,0.0264963,0.825227
FS 0.10,1,v1_Ra40_20261001,1100,23.0293,1.79089e+09,0.0957,6.9044,0.0957,0.6608,290.923,293.068,True,0.134406,0.00180453,0.0286843,0.873546
FS 0.10,1,v1_Ra40_20261001,1100,23.0293,1.79089e+09,0.1031,6.6341,0.1031,0.684,286.667,291.626,True,0.13244,0.00186789,0.0309023,0.928319
FS 0.10,1,v1_Ra40_20261001,1100,23.0293,1.79089e+09,0.1104,6.6209,0.1104,0.7309,287.192,289.212,True,0.132683,0.00199596,0.0330904,1.00849
FS 0.10,1,v1_Ra40_20261001,1100,23.0293,1.79089e+09,0.1178,6.1547,0.1178,0.725,280.52,283.473,True,0.1296,0.00197985,0.0353084,1.03848
FS 0.10,1,v1_Ra40_20261001,1100,23.0293,1.79089e+09,0.1252,5.6758,0.1252,0.7106,275.477,278.571,True,0.12727,0.00194053,0.0375264,1.06213
FS 0.10,1,v1_Ra40_20261001,1100,23.0293,1.79089e+09,0.1325,5.4442,0.1325,0.7214,268.55,268.719,True,0.12407,0.00197002,0.0397144,1.1126
FS 0.10,1,v1_Ra40_20261001,1100,23.0293,1.79089e+09,0.1399,5.0303,0.1399,0.7037,257.247,264.185,True,0.118848,0.00192168,0.0419324,1.13727
FS 0.10,1,v1_Ra40_20261001,1100,23.0293,1.79089e+09,0.1473,4.4272,0.1473,0.6521,248.359,252.964,True,0.114742,0.00178077,0.0441505,1.13021
FS 0.10,1,v1_Ra40_20261001,1100,23.0293,1.79089e+09,0.1546,4.0795,0.1546,0.6307,234.516,241.068,True,0.108346,0.00172233,0.0463385,1.15487
FS 0.10,1,v1_Ra40_20261001,1100,23.0293,1.79089e+09,0.162,3.3994,0.162,0.5507,222.955,230.424,True,0.103005,0.00150387,0.0485565,1.12372
FS 0.10,1,v1_Ra40_20261001,1100,23.0293,1.79089e+09,0.1694,3.1512,0.1694,0.5338,221.284,219.635,True,0.102233,0.00145772,0.0507745,1.15784
FS 0.10,1,v1_Ra40_20261001,1200,25.1614,1.79089e+09,0.0044,13.4231,0.0044,0.0591,425.656,426.516,True,0.179989,0.000123742,0.00131882,0.060919
FS 0.10,1,v1_Ra40_20261001,1200,25.1614,1.79089e+09,0.0088,12.9256,0.0088,0.1137,419.231,423.104,True,0.177272,0.000238063,0.00263764,0.118105
FS 0.10,1,v1_Ra40_20261001,1200,25.1614,1.79089e+09,0.0176,12.5272,0.0176,0.2205,414.303,425.661,True,0.175189,0.000461679,0.00527528,0.232381
FS 0.10,1,v1_Ra40_20261001,1200,25.1614,1.79089e+09,0.0264,12.3807,0.0264,0.3269,415.271,412.67,True,0.175598,0.000684457,0.00791291,0.349326
FS 0.10,1,v1_Ra40_20261001,1200,25.1614,1.79089e+09,0.0352,11.5899,0.0352,0.408,405.17,409.015,True,0.171326,0.000854262,0.0105506,0.444041
FS 0.10,1,v1_Ra40_20261001,1200,25.1614,1.79089e+09,0.0439,11.111,0.0439,0.4878,394.445,397.222,True,0.166791,0.00102135,0.0131582,0.540319
FS 0.10,1,v1_Ra40_20261001,1200,25.1614,1.79089e+09,0.0527,10.7563,0.0527,0.5669,388.864,396.566,True,0.164431,0.00118696,0.0157959,0.639139
FS 0.10,1,v1_Ra40_20261001,1200,25.1614,1.79089e+09,0.0615,10.7367,0.0615,0.6603,389.13,391.306,True,0.164544,0.00138252,0.0184335,0.755328
FS 0.10,1,v1_Ra40_20261001,1200,25.1614,1.79089e+09,0.0703,10.2833,0.0703,0.7229,377.176,380.409,True,0.159489,0.00151359,0.0210711,0.843788
FS 0.10,1,v1_Ra40_20261001,1200,25.1614,1.79089e+09,0.0791,10.0409,0.0791,0.7942,379.758,383.934,True,0.160581,0.00166288,0.0237088,0.944017
FS 0.10,1,v1_Ra40_20261001,1200,25.1614,1.79089e+09,0.0879,9.4492,0.0879,0.8306,366.102,372.591,True,0.154807,0.00173909,0.0263464,1.01242
FS 0.10,1,v1_Ra40_20261001,1200,25.1614,1.79089e+09,0.0967,9.1002,0.0967,0.88,361.667,364.244,True,0.152931,0.00184253,0.028984,1.09689
FS 0.10,1,v1_Ra40_20261001,1200,25.1614,1.79089e+09,0.1055,8.7511,0.1055,0.9232,354.098,359.781,True,0.149731,0.00193298,0.0316217,1.17822
FS 0.10,1,v1_Ra40_20261001,1200,25.1614,1.79089e+09,0.1143,8.4305,0.1143,0.9636,347.962,349.181,True,0.147136,0.00201757,0.0342593,1.25983
FS 0.10,1,v1_Ra40_20261001,1200,25.1614,1.79089e+09,0.1231,8.1601,0.1231,1.0045,346.774,348.387,True,0.146634,0.0021032,0.036897,1.34501
FS 0.10,1,v1_Ra40_20261001,1200,25.1614,1.79089e+09,0.1318,7.8515,0.1318,1.0348,340.625,345.36,True,0.144034,0.00216664,0.0395046,1.42211
FS 0.10,1,v1_Ra40_20261001,1200,25.1614,1.79089e+09,0.1406,7.3581,0.1406,1.0345,331.389,337.5,True,0.140128,0.00216602,0.0421423,1.47219
FS 0.10,1,v1_Ra40_20261001,1200,25.1614,1.79089e+09,0.1494,7.2788,0.1494,1.0875,329.829,327.273,True,0.139468,0.00227699,0.0447799,1.57864
FS 0.10,1,v1_Ra40_20261001,1200,25.1614,1.79089e+09,0.1582,6.7345,0.1582,1.0654,323.88,326.061,True,0.136953,0.00223071,0.0474175,1.61307
FS 0.10,1,v1_Ra40_20261001,1200,25.1614,1.79089e+09,0.167,6.2011,0.167,1.0356,316.176,317.919,True,0.133695,0.00216832,0.0500552,1.64286
FS 0.10,1,v1_Ra40_20261001,1200,25.1614,1.79089e+09,0.1758,6.1072,0.1758,1.0736,312.484,312.734,True,0.132134,0.00224788,0.0526928,1.74352
FS 0.10,1,v1_Ra40_20261001,1200,25.1614,1.79089e+09,0.1846,5.3777,0.1846,0.9927,297.222,306.23,True,0.125681,0.0020785,0.0553305,1.72835
FS 0.10,1,v1_Ra40_20261001,1200,25.1614,1.79089e+09,0.1934,4.9939,0.1934,0.9658,289.189,292.771,True,0.122284,0.00202217,0.0579681,1.77026
FS 0.10,1,v1_Ra40_20261001,1200,25.1614,1.79089e+09,0.2022,4.5877,0.2022,0.9276,285.307,288.593,True,0.120642,0.00194219,0.0606057,1.80393
FS 0.10,1,v1_Ra40_20261001,1200,25.1614,1.79089e+09,0.211,4.2717,0.211,0.9013,279.402,278.04,True,0.118145,0.00188712,0.0632434,1.85257
FS 0.10,1,v1_Ra40_20261001,1200,25.1614,1.79089e+09,0.2197,3.8554,0.2197,0.847,262.195,268.714,True,0.110869,0.00177343,0.065851,1.87538
FS 0.10,1,v1_Ra40_20261001,1200,25.1614,1.79089e+09,0.2285,3.7752,0.2285,0.8626,264.615,260.241,True,0.111893,0.00180609,0.0684887,1.97203
FS 0.10,1,v1_Ra40_20261001,1300,27.2935,1.79089e+09,0.0052,15.3896,0.0052,0.08,488.636,496.037,True,0.190479,0.000131234,0.0015586,0.0822321
FS 0.10,1,v1_Ra40_20261001,1300,27.2935,1.79089e+09,0.0103,14.9911,0.0103,0.1544,487.988,488.019,True,0.190227,0.000253282,0.00308724,0.159863
FS 0.10,1,v1_Ra40_20261001,1300,27.2935,1.79089e+09,0.0207,14.4853,0.0207,0.2998,478.427,483.334,True,0.1865,0.0004918,0.00620444,0.315045
FS 0.10,1,v1_Ra40_20261001,1300,27.2935,1.79089e+09,0.031,13.9201,0.031,0.4315,471.063,476.666,True,0.183629,0.000707844,0.00929168,0.46066
FS 0.10,1,v1_Ra40_20261001,1300,27.2935,1.79089e+09,0.0414,13.4462,0.0414,0.5567,467.391,466.305,True,0.182198,0.000913225,0.0124089,0.604176
FS 0.10,1,v1_Ra40_20261001,1300,27.2935,1.79089e+09,0.0517,12.5606,0.0517,0.6494,447.234,460.019,True,0.17434,0.00106529,0.0154961,0.719243
FS 0.10,1,v1_Ra40_20261001,1300,27.2935,1.79089e+09,0.0621,12.4099,0.0621,0.7707,444.898,440.816,True,0.173429,0.00126428,0.0186133,0.867394
FS 0.10,1,v1_Ra40_20261001,1300,27.2935,1.79089e+09,0.0724,11.914,0.0724,0.8626,434,439.279,True,0.169181,0.00141503,0.0217006,0.990112
FS 0.10,1,v1_Ra40_20261001,1300,27.2935,1.79089e+09,0.0827,11.4392,0.0827,0.946,428.207,428.69,True,0.166923,0.00155184,0.0247878,1.10854
FS 0.10,1,v1_Ra40_20261001,1300,27.2935,1.79089e+09,0.0931,11.116,0.0931,1.0349,423.529,423.53,True,0.165099,0.00169768,0.027905,1.23707
FS 0.10,1,v1_Ra40_20261001,1300,27.2935,1.79089e+09,0.1034,10.5806,0.1034,1.094,417.308,416.926,True,0.162674,0.00179463,0.0309922,1.33964
FS 0.10,1,v1_Ra40_20261001,1300,27.2935,1.79089e+09,0.1138,10.1899,0.1138,1.1596,408.236,410.907,True,0.159138,0.00190224,0.0341095,1.45341
FS 0.10,1,v1_Ra40_20261001,1300,27.2935,1.79089e+09,0.1241,9.825,0.1241,1.2193,400,402.755,True,0.155927,0.00200017,0.0371967,1.56504
FS 0.10,1,v1_Ra40_20261001,1300,27.2935,1.79089e+09,0.1345,9.4973,0.1345,1.2774,396.849,400,True,0.154699,0.00209548,0.0403139,1.67984
FS 0.10,1,v1_Ra40_20261001,1300,27.2935,1.79089e+09,0.1448,9.0212,0.1448,1.3063,391.215,397.446,True,0.152503,0.00214289,0.0434011,1.76912
FS 0.10,1,v1_Ra40_20261001,1300,27.2935,1.79089e+09,0.1551,8.4882,0.1551,1.3165,381.769,387.853,True,0.14882,0.00215962,0.0464884,1.8439
FS 0.10,1,v1_Ra40_20261001,1300,27.2935,1.79089e+09,0.1655,7.9555,0.1655,1.3166,374.138,377.586,True,0.145846,0.00215979,0.0496056,1.91348
FS 0.10,1,v1_Ra40_20261001,1300,27.2935,1.79089e+09,0.1758,7.651,0.1758,1.345,363.016,364.133,True,0.14151,0.00220637,0.0526928,2.01492
FS 0.10,1,v1_Ra40_20261001,1300,27.2935,1.79089e+09,0.1862,7.5884,0.1862,1.413,367.56,366.764,True,0.143282,0.00231792,0.05581,2.16094
FS 0.10,1,v1_Ra40_20261001,1300,27.2935,1.79089e+09,0.1965,6.7655,0.1965,1.3294,354.099,358.359,True,0.138034,0.00218078,0.0588973,2.15883
FS 0.10,1,v1_Ra40_20261001,1300,27.2935,1.79089e+09,0.2069,6.5929,0.2069,1.3641,346.945,354.098,True,0.135245,0.00223771,0.0620145,2.28007
FS 0.10,1,v1_Ra40_20261001,1300,27.2935,1.79089e+09,0.2172,6.4019,0.2172,1.3905,345.18,348.359,True,0.134558,0.00228101,0.0651017,2.39642
FS 0.10,1,v1_Ra40_20261001,1300,27.2935,1.79089e+09,0.2275,5.9011,0.2275,1.3425,336.805,343.18,True,0.131293,0.00220227,0.0681889,2.44256
FS 0.10,1,v1_Ra40_20261001,1300,27.2935,1.79089e+09,0.2379,5.574,0.2379,1.3261,333.871,336.885,True,0.130149,0.00217537,0.0713061,2.52549
FS 0.10,1,v1_Ra40_20261001,1300,27.2935,1.79089e+09,0.2482,5.0351,0.2482,1.2497,325.128,327.793,True,0.126741,0.00205004,0.0743934,2.55169
FS 0.10,1,v1_Ra40_20261001,1300,27.2935,1.79089e+09,0.2586,4.7879,0.2586,1.2382,315.027,319.853,True,0.122803,0.00203118,0.0775106,2.64806
FS 0.10,1,v1_Ra40_20261001,1300,27.2935,1.79089e+09,0.2689,4.1648,0.2689,1.1199,308.248,310.557,True,0.120161,0.00183711,0.0805978,2.64081
FS 0.10,1,v1_Ra40_20261001,1300,27.2935,1.79089e+09,0.2793,3.5231,0.2793,0.984,291.1,298.923,True,0.113476,0.00161418,0.083715,2.6213
FS 0.10,1,v1_Ra40_20261001,1400,29.4257,1.79089e+09,0.006,17.6141,0.006,0.1057,555.638,558.85,True,0.200904,0.000138367,0.00179839,0.108371
FS 0.10,1,v1_Ra40_20261001,1400,29.4257,1.79089e+09,0.012,16.9138,0.012,0.203,544.874,550.001,True,0.197012,0.000265738,0.00359678,0.209768
FS 0.10,1,v1_Ra40_20261001,1400,29.4257,1.79089e+09,0.024,16.6972,0.024,0.4007,549.999,543.749,True,0.198865,0.000524538,0.00719356,0.419945
FS 0.10,1,v1_Ra40_20261001,1400,29.4257,1.79089e+09,0.0361,15.8618,0.0361,0.5726,536.042,540.001,True,0.193818,0.000749564,0.0108203,0.610206
FS 0.10,1,v1_Ra40_20261001,1400,29.4257,1.79089e+09,0.0481,15.3534,0.0481,0.7385,530.073,536.25,True,0.19166,0.000966736,0.0144171,0.800048
FS 0.10,1,v1_Ra40_20261001,1400,29.4257,1.79089e+09,0.0601,14.8107,0.0601,0.8901,523.71,518.007,True,0.189359,0.00116519,0.0180139,0.981297
FS 0.10,1,v1_Ra40_20261001,1400,29.4257,1.79089e+09,0.0721,14.0711,0.0721,1.0145,502.782,510.113,True,0.181792,0.00132804,0.0216106,1.14106
FS 0.10,1,v1_Ra40_20261001,1400,29.4257,1.79089e+09,0.0842,13.6861,0.0842,1.1524,499.93,507.034,True,0.180761,0.00150855,0.0252374,1.32039
FS 0.10,1,v1_Ra40_20261001,1400,29.4257,1.79089e+09,0.0962,12.9729,0.0962,1.248,489.37,494.318,True,0.176943,0.0016337,0.0288342,1.46281
FS 0.10,1,v1_Ra40_20261001,1400,29.4257,1.79089e+09,0.1082,12.2491,0.1082,1.3254,467.993,471.924,True,0.169214,0.00173502,0.032431,1.59274
FS 0.10,1,v1_Ra40_20261001,1400,29.4257,1.79089e+09,0.1202,11.6161,0.1202,1.3963,461.702,464.748,True,0.166939,0.00182783,0.0360277,1.72188
FS 0.10,1,v1_Ra40_20261001,1400,29.4257,1.79089e+09,0.1322,11.2727,0.1322,1.4903,456.25,457.763,True,0.164968,0.00195088,0.0396245,1.87983
FS 0.10,1,v1_Ra40_20261001,1400,29.4257,1.79089e+09,0.1443,10.773,0.1443,1.5545,448.725,458.162,True,0.162247,0.00203492,0.0432513,2.01429
FS 0.10,1,v1_Ra40_20261001,1400,29.4257,1.79089e+09,0.1563,10.2201,0.1563,1.5974,436.735,445.419,True,0.157911,0.00209108,0.046848,2.1326
FS 0.10,1,v1_Ra40_20261001,1400,29.4257,1.79089e+09,0.1683,10.0846,0.1683,1.6972,439.087,437.999,True,0.158762,0.00222173,0.0504448,2.31352
FS 0.10,1,v1_Ra40_20261001,1400,29.4257,1.79089e+09,0.1803,9.4826,0.1803,1.7097,430,432.223,True,0.155476,0.00223809,0.0540416,2.41285
FS 0.10,1,v1_Ra40_20261001,1400,29.4257,1.79089e+09,0.1923,8.9242,0.1923,1.7161,418.946,423.529,True,0.151479,0.00224647,0.0576384,2.51179
FS 0.10,1,v1_Ra40_20261001,1400,29.4257,1.79089e+09,0.2044,8.7566,0.2044,1.7898,412.472,413.984,True,0.149139,0.00234294,0.0612651,2.68458
FS 0.10,1,v1_Ra40_20261001,1400,29.4257,1.79089e+09,0.2164,8.231,0.2164,1.7812,409.434,410.384,True,0.14804,0.00233169,0.0648619,2.77998
FS 0.10,1,v1_Ra40_20261001,1400,29.4257,1.79089e+09,0.2284,7.8364,0.2284,1.7898,401.714,404.976,True,0.145249,0.00234294,0.0684587,2.89829
FS 0.10,1,v1_Ra40_20261001,1400,29.4257,1.79089e+09,0.2404,7.2655,0.2404,1.7466,392.727,395.455,True,0.142,0.00228639,0.0720555,2.97051
FS 0.10,1,v1_Ra40_20261001,1400,29.4257,1.79089e+09,0.2525,6.88,0.2525,1.7372,380.841,385.714,True,0.137702,0.00227409,0.0756822,3.08327
FS 0.10,1,v1_Ra40_20261001,1400,29.4257,1.79089e+09,0.2645,6.5125,0.2645,1.7226,380.702,381.34,True,0.137652,0.00225498,0.079279,3.19555
FS 0.10,1,v1_Ra40_20261001,1400,29.4257,1.79089e+09,0.2765,5.8254,0.2765,1.6107,365.858,373.045,True,0.132284,0.00210849,0.0828758,3.21624
FS 0.10,1,v1_Ra40_20261001,1400,29.4257,1.79089e+09,0.2885,5.3545,0.2885,1.5448,357.051,362.5,True,0.1291,0.00202223,0.0864726,3.28864
FS 0.10,1,v1_Ra40_20261001,1400,29.4257,1.79089e+09,0.3005,5.6371,0.3005,1.6939,364.321,361.146,True,0.131728,0.00221741,0.0900693,3.58175
FS 0.10,1,v1_Ra40_20261001,1400,29.4257,1.79089e+09,0.3126,4.4694,0.3126,1.3971,341.561,356.101,True,0.123499,0.00182888,0.0936961,3.43594
FS 0.10,1,v1_Ra40_20261001,1400,29.4257,1.79089e+09,0.3246,4.6349,0.3246,1.5045,342.623,338.499,True,0.123883,0.00196947,0.0972929,3.69881
FS 0.10,1,v1_Ra40_20261001,1400,29.4257,1.79089e+09,0.3366,3.9713,0.3366,1.3367,336.178,346.043,True,0.121553,0.00174981,0.10089,3.6922
FS 0.10,1,v1_Ra40_20261001,1400,29.4257,1.79089e+09,0.3486,3.7616,0.3486,1.3113,332.307,330.001,True,0.120153,0.00171656,0.104486,3.83369
FS 0.10,1,v1_Ra40_20261001,1500,31.5578,1.79089e+09,0.0069,19.3788,0.0069,0.1337,612.39,611.414,True,0.206464,0.000141889,0.00206815,0.136894
FS 0.10,1,v1_Ra40_20261001,1500,31.5578,1.79089e+09,0.0138,18.7903,0.0138,0.2593,605.556,612.305,True,0.20416,0.000275181,0.0041363,0.267576
FS 0.10,1,v1_Ra40_20261001,1500,31.5578,1.79089e+09,0.0277,18.23,0.0277,0.505,600,604.166,True,0.202287,0.00053593,0.00830256,0.529244
FS 0.10,1,v1_Ra40_20261001,1500,31.5578,1.79089e+09,0.0415,17.4899,0.0415,0.7258,591.666,595.835,True,0.199477,0.000770253,0.0124389,0.773473
FS 0.10,1,v1_Ra40_20261001,1500,31.5578,1.79089e+09,0.0553,17.0803,0.0553,0.9445,581.081,587.956,True,0.195908,0.00100235,0.0165752,1.02315
FS 0.10,1,v1_Ra40_20261001,1500,31.5578,1.79089e+09,0.0691,16.2682,0.0691,1.1241,570.759,579.73,True,0.192428,0.00119295,0.0207115,1.24128
FS 0.10,1,v1_Ra40_20261001,1500,31.5578,1.79089e+09,0.083,16.0194,0.083,1.3296,571.052,568.421,True,0.192527,0.00141103,0.0248777,1.49322
FS 0.10,1,v1_Ra40_20261001,1500,31.5578,1.79089e+09,0.0968,15.255,0.0968,1.4767,556.41,564.032,True,0.18759,0.00156714,0.029014,1.694
FS 0.10,1,v1_Ra40_20261001,1500,31.5578,1.79089e+09,0.1106,14.5992,0.1106,1.6147,551.282,553.846,True,0.185861,0.0017136,0.0331503,1.89323
FS 0.10,1,v1_Ra40_20261001,1500,31.5578,1.79089e+09,0.1244,14.1636,0.1244,1.762,547.5,547.888,True,0.184587,0.00186992,0.0372866,2.10931
FS 0.10,1,v1_Ra40_20261001,1500,31.5578,1.79089e+09,0.1383,13.7007,0.1383,1.8948,537.5,532.5,True,0.181215,0.00201085,0.0414529,2.31902
FS 0.10,1,v1_Ra40_20261001,1500,31.5578,1.79089e+09,0.1521,12.4224,0.1521,1.8894,508.234,525.308,True,0.171348,0.00200512,0.0455892,2.39756
FS 0.10,1,v1_Ra40_20261001,1500,31.5578,1.79089e+09,0.1659,11.636,0.1659,1.9304,492.452,495.35,True,0.166027,0.00204863,0.0497255,2.53004
FS 0.10,1,v1_Ra40_20261001,1500,31.5578,1.79089e+09,0.1797,11.5342,0.1797,2.0727,497.727,494.318,True,0.167806,0.00219965,0.0538618,2.77137
FS 0.10,1,v1_Ra40_20261001,1500,31.5578,1.79089e+09,0.1936,10.9815,0.1936,2.126,482.345,490.909,True,0.16262,0.00225621,0.058028,2.93206
FS 0.10,1,v1_Ra40_20261001,1500,31.5578,1.79089e+09,0.2074,10.3575,0.2074,2.1481,477.388,476.667,True,0.160949,0.00227967,0.0621643,3.06834
FS 0.10,1,v1_Ra40_20261001,1500,31.5578,1.79089e+09,0.2212,10.1404,0.2212,2.2431,478.684,478.713,True,0.161385,0.00238048,0.0663006,3.28508
FS 0.10,1,v1_Ra40_20261001,1500,31.5578,1.79089e+09,0.2351,9.5548,0.2351,2.2463,459.574,465.836,True,0.154943,0.00238388,0.0704669,3.41853
FS 0.10,1,v1_Ra40_20261001,1500,31.5578,1.79089e+09,0.2489,8.9975,0.2489,2.2395,448.323,455.138,True,0.151149,0.00237666,0.0746032,3.54862
FS 0.10,1,v1_Ra40_20261001,1500,31.5578,1.79089e+09,0.2627,8.714,0.2627,2.2892,445.833,446.876,True,0.15031,0.00242941,0.0787395,3.74276
FS 0.10,1,v1_Ra40_20261001,1500,31.5578,1.79089e+09,0.2765,7.9321,0.2765,2.1932,437.683,443.256,True,0.147562,0.00232753,0.0828758,3.79874
FS 0.10,1,v1_Ra40_20261001,1500,31.5578,1.79089e+09,0.2904,7.2181,0.2904,2.0961,427.451,429.614,True,0.144113,0.00222448,0.0870421,3.86237
FS 0.10,1,v1_Ra40_20261001,1500,31.5578,1.79089e+09,0.3042,6.9243,0.3042,2.1064,418.713,420.589,True,0.141167,0.00223541,0.0911783,4.03981
FS 0.10,1,v1_Ra40_20261001,1500,31.5578,1.79089e+09,0.318,6.5537,0.318,2.0841,410.928,417.127,True,0.138542,0.00221175,0.0953146,4.1922
FS 0.10,1,v1_Ra40_20261001,1500,31.5578,1.79089e+09,0.3318,5.9959,0.3318,1.9894,403.774,407.547,True,0.13613,0.00211125,0.0994509,4.27974
FS 0.10,1,v1_Ra40_20261001,1500,31.5578,1.79089e+09,0.3457,5.7058,0.3457,1.9725,396.332,397.17,True,0.133621,0.00209331,0.103617,4.45403
FS 0.10,1,v1_Ra40_20261001,1500,31.5578,1.79089e+09,0.3595,4.9469,0.3595,1.7784,385.761,392.727,True,0.130057,0.00188732,0.107754,4.45732
FS 0.10,1,v1_Ra40_20261001,1500,31.5578,1.79089e+09,0.3733,4.8418,0.3733,1.8074,383.929,385.714,True,0.129439,0.0019181,0.11189,4.69127
FS 0.10,1,v1_Ra40_20261001,1600,33.6899,1.79089e+09,0.0079,20.904,0.0079,0.1651,659.799,664.989,True,0.20837,0.000144007,0.00236788,0.168914
FS 0.10,1,v1_Ra40_20261001,1600,33.6899,1.79089e+09,0.0158,20.4527,0.0158,0.3232,661.7,663.636,True,0.20897,0.000281908,0.00473576,0.333302
FS 0.10,1,v1_Ra40_20261001,1600,33.6899,1.79089e+09,0.0315,19.8026,0.0315,0.6238,654.545,659.092,True,0.20671,0.000544104,0.00944154,0.653742
FS 0.10,1,v1_Ra40_20261001,1600,33.6899,1.79089e+09,0.0473,18.9979,0.0473,0.8986,650.239,650.001,True,0.20535,0.000783796,0.0141773,0.958374
FS 0.10,1,v1_Ra40_20261001,1600,33.6899,1.79089e+09,0.063,18.5691,0.063,1.1699,638.235,644.117,True,0.201559,0.00102044,0.0188831,1.26912
FS 0.10,1,v1_Ra40_20261001,1600,33.6899,1.79089e+09,0.0788,18.0591,0.0788,1.4231,632.353,635.294,True,0.199702,0.00124129,0.0236188,1.57188
FS 0.10,1,v1_Ra40_20261001,1600,33.6899,1.79089e+09,0.0946,17.4144,0.0946,1.6474,626.471,626.471,True,0.197844,0.00143693,0.0283546,1.85564
FS 0.10,1,v1_Ra40_20261001,1600,33.6899,1.79089e+09,0.1103,16.6725,0.1103,1.839,619.931,621.428,True,0.195779,0.00160405,0.0330604,2.11612
FS 0.10,1,v1_Ra40_20261001,1600,33.6899,1.79089e+09,0.1261,15.8087,0.1261,1.9935,598.308,606.704,True,0.18895,0.00173881,0.0377962,2.34981
FS 0.10,1,v1_Ra40_20261001,1600,33.6899,1.79089e+09,0.1418,15.3526,0.1418,2.177,597.223,600,True,0.188607,0.00189887,0.0425019,2.6218
FS 0.10,1,v1_Ra40_20261001,1600,33.6899,1.79089e+09,0.1576,14.9642,0.1576,2.3584,593.469,593.13,True,0.187422,0.00205709,0.0472377,2.90211
FS 0.10,1,v1_Ra40_20261001,1600,33.6899,1.79089e+09,0.1733,14.5383,0.1733,2.5195,583.785,583.783,True,0.184363,0.00219761,0.0519435,3.17131
FS 0.10,1,v1_Ra40_20261001,1600,33.6899,1.79089e+09,0.1891,13.5848,0.1891,2.5689,572.213,583.784,True,0.180709,0.0022407,0.0566792,3.33935
FS 0.10,1,v1_Ra40_20261001,1600,33.6899,1.79089e+09,0.2049,12.7529,0.2049,2.6131,559.93,572.369,True,0.17683,0.00227925,0.061415,3.5121
FS 0.10,1,v1_Ra40_20261001,1600,33.6899,1.79089e+09,0.2206,12.2931,0.2206,2.7119,547.499,548.497,True,0.172904,0.00236543,0.0661208,3.74843
FS 0.10,1,v1_Ra40_20261001,1600,33.6899,1.79089e+09,0.2364,11.4006,0.2364,2.6951,532.344,536.484,True,0.168118,0.00235078,0.0708565,3.8799
FS 0.10,1,v1_Ra40_20261001,1600,33.6899,1.79089e+09,0.2521,11.0877,0.2521,2.7952,524.39,527.722,True,0.165606,0.00243809,0.0755623,4.13714
FS 0.10,1,v1_Ra40_20261001,1600,33.6899,1.79089e+09,0.2679,10.2932,0.2679,2.7575,514.242,519.512,True,0.162401,0.00240521,0.0802981,4.26744
FS 0.10,1,v1_Ra40_20261001,1600,33.6899,1.79089e+09,0.2837,9.6967,0.2837,2.751,502.974,510.715,True,0.158843,0.00239954,0.0850339,4.43884
FS 0.10,1,v1_Ra40_20261001,1600,33.6899,1.79089e+09,0.2994,9.1667,0.2994,2.7445,496.488,498.838,True,0.156795,0.00239387,0.0897396,4.61891
FS 0.10,1,v1_Ra40_20261001,1600,33.6899,1.79089e+09,0.3152,8.4998,0.3152,2.6791,477.778,476.828,True,0.150886,0.00233682,0.0944754,4.75114
FS 0.10,1,v1_Ra40_20261001,1600,33.6899,1.79089e+09,0.3309,7.6416,0.3309,2.5286,467.392,471.741,True,0.147606,0.00220555,0.0991812,4.80682
FS 0.10,1,v1_Ra40_20261001,1600,33.6899,1.79089e+09,0.3467,7.1886,0.3467,2.4923,458.894,460.659,True,0.144922,0.00217389,0.103917,4.98788
FS 0.10,1,v1_Ra40_20261001,1600,33.6899,1.79089e+09,0.3624,6.9489,0.3624,2.5183,457.447,465.175,True,0.144465,0.00219657,0.108623,5.23967
FS 0.10,1,v1_Ra40_20261001,1600,33.6899,1.79089e+09,0.3782,6.1418,0.3782,2.3228,436.735,444.831,True,0.137924,0.00202604,0.113358,5.28125
FS 0.10,1,v1_Ra40_20261001,1600,33.6899,1.79089e+09,0.394,5.6612,0.394,2.2305,432,439.235,True,0.136429,0.00194553,0.118094,5.43594
FS 0.10,1,v1_Ra40_20261001,1600,33.6899,1.79089e+09,0.4097,5.5303,0.4097,2.2658,436,429,True,0.137692,0.00197632,0.1228,5.72646
FS 0.10,1,v1_Ra40_20261001,1600,33.6899,1.79089e+09,0.4255,4.9978,0.4255,2.1266,419.608,426.471,True,0.132515,0.00185491,0.127536,5.85398
FS 0.10,1,v1_Ra40_20261001,1600,33.6899,1.79089e+09,0.4412,4.2733,0.4412,1.8854,414.817,420.588,True,0.131002,0.00164452,0.132242,5.8876
FS 0.10,1,v1_Ra40_20261001,1700,35.822,1.79089e+09,0.0089,23.0672,0.0089,0.2053,727.586,744.829,True,0.216101,0.000148962,0.00266761,0.209773
FS 0.10,1,v1_Ra40_20261001,1700,35.822,1.79089e+09,0.0178,22.2809,0.0178,0.3966,720,721.366,True,0.213847,0.000287765,0.00533522,0.408686
FS 0.10,1,v1_Ra40_20261001,1700,35.822,1.79089e+09,0.0356,21.671,0.0356,0.7715,716.666,715,True,0.212858,0.000559785,0.0106704,0.808233
FS 0.10,1,v1_Ra40_20261001,1700,35.822,1.79089e+09,0.0534,21.0569,0.0534,1.1244,713.187,715.704,True,0.211824,0.000815842,0.0160057,1.19834
FS 0.10,1,v1_Ra40_20261001,1700,35.822,1.79089e+09,0.0713,20.1088,0.0713,1.4338,693.549,696.774,True,0.205991,0.00104034,0.0213709,1.55782
FS 0.10,1,v1_Ra40_20261001,1700,35.822,1.79089e+09,0.0891,19.2229,0.0891,1.7128,685.927,691.935,True,0.203728,0.00124277,0.0267061,1.89922
FS 0.10,1,v1_Ra40_20261001,1700,35.822,1.79089e+09,0.1069,18.8625,0.1069,2.0164,682.435,684.375,True,0.20269,0.00146306,0.0320413,2.27778
FS 0.10,1,v1_Ra40_20261001,1700,35.822,1.79089e+09,0.1247,17.7864,0.1247,2.218,662.5,674.999,True,0.19677,0.00160934,0.0373765,2.56689
FS 0.10,1,v1_Ra40_20261001,1700,35.822,1.79089e+09,0.1425,17.3974,0.1425,2.4791,654.545,651.035,True,0.194407,0.00179879,0.0427118,2.92807
FS 0.10,1,v1_Ra40_20261001,1700,35.822,1.79089e+09,0.1603,16.4114,0.1603,2.6307,642.424,653.335,True,0.190807,0.00190878,0.048047,3.19231
FS 0.10,1,v1_Ra40_20261001,1700,35.822,1.79089e+09,0.1782,15.9631,0.1782,2.8446,638.32,645.455,True,0.189588,0.00206399,0.0534122,3.53214
FS 0.10,1,v1_Ra40_20261001,1700,35.822,1.79089e+09,0.196,15.7025,0.196,3.0777,638.235,644.118,True,0.189563,0.00223312,0.0587474,3.90307
FS 0.10,1,v1_Ra40_20261001,1700,35.822,1.79089e+09,0.2138,14.6697,0.2138,3.1364,623.855,637.952,True,0.185292,0.00227571,0.0640826,4.11216
FS 0.10,1,v1_Ra40_20261001,1700,35.822,1.79089e+09,0.2316,14.1736,0.2316,3.2826,618.326,619.655,True,0.183649,0.00238179,0.0694178,4.42131
FS 0.10,1,v1_Ra40_20261001,1700,35.822,1.79089e+09,0.2494,13.0797,0.2494,3.2621,601.72,604.167,True,0.178717,0.00236692,0.0747531,4.57632
FS 0.10,1,v1_Ra40_20261001,1700,35.822,1.79089e+09,0.2672,12.6162,0.2672,3.371,583.333,591.355,True,0.173256,0.00244593,0.0800883,4.87329
FS 0.10,1,v1_Ra40_20261001,1700,35.822,1.79089e+09,0.2851,12.127,0.2851,3.4574,581.082,587.838,True,0.172587,0.00250862,0.0854535,5.16148
FS 0.10,1,v1_Ra40_20261001,1700,35.822,1.79089e+09,0.3029,11.3823,0.3029,3.4477,572.796,575.675,True,0.170127,0.00250158,0.0907887,5.36504
FS 0.10,1,v1_Ra40_20261001,1700,35.822,1.79089e+09,0.3207,10.7086,0.3207,3.4342,556.41,559.392,True,0.16526,0.00249179,0.0961239,5.57736
FS 0.10,1,v1_Ra40_20261001,1700,35.822,1.79089e+09,0.3385,10.0027,0.3385,3.3859,549.738,556.167,True,0.163278,0.00245674,0.101459,5.76744
FS 0.10,1,v1_Ra40_20261001,1700,35.822,1.79089e+09,0.3563,9.3449,0.3563,3.3296,534.841,540.001,True,0.158853,0.00241589,0.106794,5.96208
FS 0.10,1,v1_Ra40_20261001,1700,35.822,1.79089e+09,0.3741,8.8312,0.3741,3.3038,529.268,530.488,True,0.157198,0.00239717,0.11213,6.19978
FS 0.10,1,v1_Ra40_20261001,1700,35.822,1.79089e+09,0.392,8.016,0.392,3.1423,511.905,521.119,True,0.152041,0.00227999,0.117495,6.31593
FS 0.10,1,v1_Ra40_20261001,1700,35.822,1.79089e+09,0.4098,7.4486,0.4098,3.0524,501.254,506.864,True,0.148878,0.00221476,0.12283,6.51472
FS 0.10,1,v1_Ra40_20261001,1700,35.822,1.79089e+09,0.4276,6.4392,0.4276,2.7534,481.818,497.727,True,0.143105,0.00199781,0.128165,6.51697
FS 0.10,1,v1_Ra40_20261001,1700,35.822,1.79089e+09,0.4454,6.0324,0.4454,2.6868,475.171,481.862,True,0.141131,0.00194949,0.1335,6.76418
FS 0.10,1,v1_Ra40_20261001,1800,37.9542,1.79089e+09,0.01,25.3438,0.01,0.2534,803.704,816.666,True,0.225299,0.000154584,0.00299732,0.258644
FS 0.10,1,v1_Ra40_20261001,1800,37.9542,1.79089e+09,0.02,24.6392,0.02,0.4928,792.593,794.444,True,0.222184,0.000300628,0.00599463,0.507252
FS 0.10,1,v1_Ra40_20261001,1800,37.9542,1.79089e+09,0.04,23.7505,0.04,0.95,785.185,788.888,True,0.220108,0.000579538,0.0119893,0.994761
FS 0.10,1,v1_Ra40_20261001,1800,37.9542,1.79089e+09,0.06,22.7614,0.06,1.3657,767.857,772.079,True,0.21525,0.000833131,0.0179839,1.45663
FS 0.10,1,v1_Ra40_20261001,1800,37.9542,1.79089e+09,0.08,21.7939,0.08,1.7435,756.921,766.073,True,0.212184,0.0010636,0.0239785,1.89645
FS 0.10,1,v1_Ra40_20261001,1800,37.9542,1.79089e+09,0.1,20.9787,0.1,2.0979,741.379,750,True,0.207828,0.0012798,0.0299732,2.32873
FS 0.10,1,v1_Ra40_20261001,1800,37.9542,1.79089e+09,0.12,20.2465,0.12,2.4296,737.931,739.656,True,0.206861,0.00148215,0.0359678,2.75416
FS 0.10,1,v1_Ra40_20261001,1800,37.9542,1.79089e+09,0.14,19.508,0.14,2.7311,731.035,739.655,True,0.204928,0.00166608,0.0419624,3.16526
FS 0.10,1,v1_Ra40_20261001,1800,37.9542,1.79089e+09,0.16,18.8727,0.16,3.0196,723.333,725,True,0.202769,0.00184208,0.0479571,3.57921
FS 0.10,1,v1_Ra40_20261001,1800,37.9542,1.79089e+09,0.18,18.4647,0.18,3.3236,720,725,True,0.201835,0.00202753,0.0539517,4.02451
FS 0.10,1,v1_Ra40_20261001,1800,37.9542,1.79089e+09,0.2,17.5713,0.2,3.5143,709.677,718.149,True,0.198941,0.00214386,0.0599463,4.37237
FS 0.10,1,v1_Ra40_20261001,1800,37.9542,1.79089e+09,0.22,16.7297,0.22,3.6805,694.018,710.001,True,0.194551,0.00224525,0.0659409,4.71159
FS 0.10,1,v1_Ra40_20261001,1800,37.9542,1.79089e+09,0.24,15.8624,0.24,3.807,681.206,687.096,True,0.19096,0.00232242,0.0719356,5.02697
FS 0.10,1,v1_Ra40_20261001,1800,37.9542,1.79089e+09,0.26,15.4787,0.26,4.0245,678.126,679.687,True,0.190096,0.0024551,0.0779302,5.4492
FS 0.10,1,v1_Ra40_20261001,1800,37.9542,1.79089e+09,0.28,14.976,0.28,4.1933,678.125,674.999,True,0.190096,0.00255808,0.0839248,5.83859
FS 0.10,1,v1_Ra40_20261001,1800,37.9542,1.79089e+09,0.3,14.3791,0.3,4.3137,668.75,670.313,True,0.187468,0.00263153,0.0899195,6.19544
FS 0.10,1,v1_Ra40_20261001,1800,37.9542,1.79089e+09,0.32,13.0309,0.32,4.1699,648.484,650.001,True,0.181787,0.0025438,0.0959141,6.30394
FS 0.10,1,v1_Ra40_20261001,1800,37.9542,1.79089e+09,0.34,12.5029,0.34,4.251,635.294,639.706,True,0.178089,0.00259328,0.101909,6.6532
FS 0.10,1,v1_Ra40_20261001,1800,37.9542,1.79089e+09,0.36,11.4063,0.36,4.1063,614.286,624.076,True,0.1722,0.00250501,0.107903,6.79252
FS 0.10,1,v1_Ra40_20261001,1800,37.9542,1.79089e+09,0.38,10.7346,0.38,4.0791,605.556,604.166,True,0.169753,0.00248841,0.113898,7.06519
FS 0.10,1,v1_Ra40_20261001,1800,37.9542,1.79089e+09,0.4,10.4719,0.4,4.1888,594.087,600.536,True,0.166538,0.00255533,0.119893,7.49062
FS 0.10,1,v1_Ra40_20261001,1800,37.9542,1.79089e+09,0.42,9.2893,0.42,3.9015,575.676,585.802,True,0.161377,0.00238007,0.125887,7.53491
FS 0.10,1,v1_Ra40_20261001,1800,37.9542,1.79089e+09,0.44,8.6761,0.44,3.8175,576.316,573.67,True,0.161556,0.00232883,0.131882,7.79835
FS 0.10,1,v1_Ra40_20261001,1800,37.9542,1.79089e+09,0.46,8.1559,0.46,3.7517,569.471,574.741,True,0.159637,0.00228869,0.137877,8.09585
FS 0.10,1,v1_Ra40_20261001,1800,37.9542,1.79089e+09,0.48,7.6217,0.48,3.6584,560.192,560.527,True,0.157036,0.00223177,0.143871,8.38171
FS 0.10,1,v1_Ra40_20261001,1800,37.9542,1.79089e+09,0.5,7.2166,0.5,3.6083,546.931,548.834,True,0.153319,0.00220121,0.149866,8.72662
FS 0.10,1,v1_Ra40_20261001,1800,37.9542,1.79089e+09,0.52,6.2693,0.52,3.26,540.197,547.204,True,0.151431,0.00198873,0.15586,8.78919
FS 0.10,1,v1_Ra40_20261001,1800,37.9542,1.79089e+09,0.54,5.9562,0.54,3.2163,528.442,531.088,True,0.148136,0.00196207,0.161855,9.17222
FS 0.10,2,v1_Ra40_repeat_20261001,500,10.2365,1.79089e+09,0.001,3.2466,0.001,0.0032,108.21,103.069,True,0.11247,9.95007e-05,0.000299732,0.00354601
FS 0.10,2,v1_Ra40_repeat_20261001,500,10.2365,1.79089e+09,0.002,3.2508,0.002,0.0065,111.433,110.769,True,0.11582,0.000202111,0.000599463,0.00723166
FS 0.10,2,v1_Ra40_repeat_20261001,500,10.2365,1.79089e+09,0.004,3.1378,0.004,0.0126,112.342,112.947,True,0.116764,0.000391784,0.00119893,0.0142219
FS 0.10,2,v1_Ra40_repeat_20261001,500,10.2365,1.79089e+09,0.006,2.9579,0.006,0.0177,110.684,111.802,True,0.115041,0.000550363,0.00179839,0.0203707
FS 0.10,2,v1_Ra40_repeat_20261001,500,10.2365,1.79089e+09,0.008,2.7425,0.008,0.0219,107.312,108.424,True,0.111536,0.000680958,0.00239785,0.025778
FS 0.10,2,v1_Ra40_repeat_20261001,500,10.2365,1.79089e+09,0.01,2.4653,0.01,0.0247,102.533,105.436,True,0.106569,0.000768021,0.00299732,0.029944
FS 0.10,2,v1_Ra40_repeat_20261001,500,10.2365,1.79089e+09,0.012,2.3563,0.012,0.0283,98.1818,99.9945,True,0.102047,0.000879959,0.00359678,0.0350685
FS 0.10,2,v1_Ra40_repeat_20261001,500,10.2365,1.79089e+09,0.014,2.3183,0.014,0.0325,94.5352,96,True,0.0982568,0.00101055,0.00419624,0.0409515
FS 0.10,2,v1_Ra40_repeat_20261001,500,10.2365,1.79089e+09,0.016,2.0783,0.016,0.0333,89.5831,91.6022,True,0.0931097,0.00103543,0.00479571,0.0435932
FS 0.10,2,v1_Ra40_repeat_20261001,500,10.2365,1.79089e+09,0.018,1.8776,0.018,0.0338,86.5813,88.5246,True,0.0899897,0.00105098,0.00539517,0.0460934
FS 0.10,2,v1_Ra40_repeat_20261001,500,10.2365,1.79089e+09,0.02,1.7424,0.02,0.0348,81.4321,83.3299,True,0.0846378,0.00108207,0.00599463,0.0492521
FS 0.10,2,v1_Ra40_repeat_20261001,500,10.2365,1.79089e+09,0.022,1.5604,0.022,0.0343,75.4164,79.1208,True,0.0783853,0.00106652,0.00659409,0.0510695
FS 0.10,2,v1_Ra40_repeat_20261001,500,10.2365,1.79089e+09,0.024,1.3152,0.024,0.0316,72.7273,73.8567,True,0.0755903,0.000982569,0.00719356,0.0508454
FS 0.10,2,v1_Ra40_repeat_20261001,500,10.2365,1.79089e+09,0.026,0.9613,0.026,0.025,68.1906,69.4697,True,0.070875,0.000777349,0.00779302,0.0468798
FS 0.10,2,v1_Ra40_repeat_20261001,500,10.2365,1.79089e+09,0.028,0.9292,0.028,0.026,65.4605,63.3431,True,0.0680374,0.000808443,0.00839248,0.0506729
FS 0.10,2,v1_Ra40_repeat_20261001,600,12.3687,1.79089e+09,0.0011,4.8335,0.0011,0.0053,158.222,158.823,True,0.136103,9.34207e-05,0.000329705,0.00568279
FS 0.10,2,v1_Ra40_repeat_20261001,600,12.3687,1.79089e+09,0.0021,4.6901,0.0021,0.0098,156.068,156.522,True,0.134249,0.00017274,0.000629436,0.0105724
FS 0.10,2,v1_Ra40_repeat_20261001,600,12.3687,1.79089e+09,0.0042,4.4254,0.0042,0.0186,153.228,155.396,True,0.131807,0.000327854,0.00125887,0.0203196
FS 0.10,2,v1_Ra40_repeat_20261001,600,12.3687,1.79089e+09,0.0064,4.1734,0.0064,0.0267,148.307,150.62,True,0.127574,0.000470629,0.00191828,0.0295995
FS 0.10,2,v1_Ra40_repeat_20261001,600,12.3687,1.79089e+09,0.0085,4.1233,0.0085,0.035,146.309,147.792,True,0.125855,0.000616929,0.00254772,0.0392047
FS 0.10,2,v1_Ra40_repeat_20261001,600,12.3687,1.79089e+09,0.0106,3.9363,0.0106,0.0417,144.903,145.621,True,0.124645,0.000735027,0.00317715,0.0473847
FS 0.10,2,v1_Ra40_repeat_20261001,600,12.3687,1.79089e+09,0.0127,3.8522,0.0127,0.0489,141.683,143.551,True,0.121876,0.000861938,0.00380659,0.0562395
FS 0.10,2,v1_Ra40_repeat_20261001,600,12.3687,1.79089e+09,0.0149,3.4965,0.0149,0.0521,136.294,139.142,True,0.11724,0.000918343,0.004466,0.0613606
FS 0.10,2,v1_Ra40_repeat_20261001,600,12.3687,1.79089e+09,0.017,3.4535,0.017,0.0587,130.34,132.348,True,0.112118,0.00103468,0.00509544,0.0699734
FS 0.10,2,v1_Ra40_repeat_20261001,600,12.3687,1.79089e+09,0.0191,3.3171,0.0191,0.0634,128.953,130.585,True,0.110925,0.00111752,0.00572487,0.0768611
FS 0.10,2,v1_Ra40_repeat_20261001,600,12.3687,1.79089e+09,0.0212,2.9073,0.0212,0.0616,123.151,126.201,True,0.105934,0.0010858,0.00635431,0.0774235
FS 0.10,2,v1_Ra40_repeat_20261001,600,12.3687,1.79089e+09,0.0234,2.6639,0.0234,0.0623,116.253,120,True,0.100001,0.00109813,0.00701372,0.0807859
FS 0.10,2,v1_Ra40_repeat_20261001,600,12.3687,1.79089e+09,0.0255,2.5097,0.0255,0.064,112.187,113.684,True,0.0965036,0.0011281,0.00764316,0.0852063
FS 0.10,2,v1_Ra40_repeat_20261001,600,12.3687,1.79089e+09,0.0276,2.206,0.0276,0.0609,104.721,108,True,0.0900814,0.00107346,0.00827259,0.0850016
FS 0.10,2,v1_Ra40_repeat_20261001,600,12.3687,1.79089e+09,0.0297,2.3118,0.0297,0.0687,102.857,102.989,True,0.0884777,0.00121094,0.00890203,0.0958716
FS 0.10,2,v1_Ra40_repeat_20261001,600,12.3687,1.79089e+09,0.0319,2.2064,0.0319,0.0704,101.435,102.398,True,0.0872539,0.00124091,0.00956144,0.100975
FS 0.10,2,v1_Ra40_repeat_20261001,600,12.3687,1.79089e+09,0.034,1.9687,0.034,0.0669,97.5639,99.4853,True,0.0839244,0.00117922,0.0101909,0.100903
FS 0.10,2,v1_Ra40_repeat_20261001,600,12.3687,1.79089e+09,0.0361,1.6495,0.0361,0.0595,93.7635,95.6284,True,0.0806554,0.00104878,0.0108203,0.0971062
FS 0.10,2,v1_Ra40_repeat_20261001,600,12.3687,1.79089e+09,0.0382,1.6906,0.0382,0.0646,88.7496,91.1393,True,0.0763424,0.00113868,0.0114497,0.105984
FS 0.10,2,v1_Ra40_repeat_20261001,600,12.3687,1.79089e+09,0.0404,1.1903,0.0404,0.0481,84.5233,86.4106,True,0.0727069,0.000847837,0.0121092,0.0936289
FS 0.10,2,v1_Ra40_repeat_20261001,600,12.3687,1.79089e+09,0.0425,1.4281,0.0425,0.0607,81.3642,81.8182,True,0.0699895,0.00106993,0.0127386,0.110365
FS 0.10,2,v1_Ra40_repeat_20261001,600,12.3687,1.79089e+09,0.0446,0.8824,0.0446,0.0394,73.9726,78.3852,True,0.0636312,0.000694486,0.013368,0.093375
FS 0.10,2,v1_Ra40_repeat_20261001,600,12.3687,1.79089e+09,0.0467,0.5539,0.0467,0.0259,72.0887,69.0096,True,0.0620107,0.000456528,0.0139975,0.0843602
FS 0.10,2,v1_Ra40_repeat_20261001,700,14.5008,1.79089e+09,0.0015,5.8584,0.0015,0.0088,188.596,189.474,True,0.138377,9.62595e-05,0.000449597,0.00933388
FS 0.10,2,v1_Ra40_repeat_20261001,700,14.5008,1.79089e+09,0.0029,5.7225,0.0029,0.0166,191.15,190.899,True,0.140251,0.00018158,0.000869222,0.0177126
FS 0.10,2,v1_Ra40_repeat_20261001,700,14.5008,1.79089e+09,0.0058,5.5518,0.0058,0.0322,186.087,187.826,True,0.136536,0.000352222,0.00173844,0.0347587
FS 0.10,2,v1_Ra40_repeat_20261001,700,14.5008,1.79089e+09,0.0088,5.2798,0.0088,0.0465,185.388,185.092,True,0.136023,0.000508644,0.00263764,0.0509054
FS 0.10,2,v1_Ra40_repeat_20261001,700,14.5008,1.79089e+09,0.0117,5.0492,0.0117,0.0591,181.253,182.616,True,0.132989,0.00064647,0.00350686,0.0656297
FS 0.10,2,v1_Ra40_repeat_20261001,700,14.5008,1.79089e+09,0.0146,4.811,0.0146,0.0702,176.409,178.512,True,0.129435,0.000767888,0.00437608,0.0791874
FS 0.10,2,v1_Ra40_repeat_20261001,700,14.5008,1.79089e+09,0.0175,4.7555,0.0175,0.0832,174.723,174.883,True,0.128198,0.00091009,0.0052453,0.0949784
FS 0.10,2,v1_Ra40_repeat_20261001,700,14.5008,1.79089e+09,0.0204,4.6105,0.0204,0.0941,171.116,171.981,True,0.125551,0.00102932,0.00611452,0.109003
FS 0.10,2,v1_Ra40_repeat_20261001,700,14.5008,1.79089e+09,0.0234,4.3994,0.0234,0.1029,167.646,170.079,True,0.123005,0.00112558,0.00701372,0.121386
FS 0.10,2,v1_Ra40_repeat_20261001,700,14.5008,1.79089e+09,0.0263,3.9625,0.0263,0.1042,161.1,164.738,True,0.118202,0.0011398,0.00788294,0.126489
FS 0.10,2,v1_Ra40_repeat_20261001,700,14.5008,1.79089e+09,0.0292,3.6975,0.0292,0.108,153.378,156.086,True,0.112537,0.00118137,0.00875216,0.134425
FS 0.10,2,v1_Ra40_repeat_20261001,700,14.5008,1.79089e+09,0.0321,3.6089,0.0321,0.1158,149.408,152.015,True,0.109624,0.00126669,0.00962138,0.146694
FS 0.10,2,v1_Ra40_repeat_20261001,700,14.5008,1.79089e+09,0.035,3.2574,0.035,0.114,141.324,143.468,True,0.103693,0.001247,0.0104906,0.149697
FS 0.10,2,v1_Ra40_repeat_20261001,700,14.5008,1.79089e+09,0.038,3.1164,0.038,0.1184,136.595,139.823,True,0.100222,0.00129513,0.0113898,0.159417
FS 0.10,2,v1_Ra40_repeat_20261001,700,14.5008,1.79089e+09,0.0409,2.7464,0.0409,0.1123,130.983,133.53,True,0.0961049,0.0012284,0.012259,0.158798
FS 0.10,2,v1_Ra40_repeat_20261001,700,14.5008,1.79089e+09,0.0438,2.5148,0.0438,0.1101,125.768,127.933,True,0.0922787,0.00120434,0.0131282,0.162412
FS 0.10,2,v1_Ra40_repeat_20261001,700,14.5008,1.79089e+09,0.0467,2.2383,0.0467,0.1045,119.897,122.727,True,0.0879709,0.00114308,0.0139975,0.16296
FS 0.10,2,v1_Ra40_repeat_20261001,700,14.5008,1.79089e+09,0.0496,2.3318,0.0496,0.1157,117.501,119.09,True,0.086213,0.00126559,0.0148667,0.180642
FS 0.10,2,v1_Ra40_repeat_20261001,700,14.5008,1.79089e+09,0.0525,2.2041,0.0525,0.1157,112.745,115.317,True,0.0827229,0.00126559,0.0157359,0.187456
FS 0.10,2,v1_Ra40_repeat_20261001,700,14.5008,1.79089e+09,0.0555,1.9457,0.0555,0.108,108.966,111.365,True,0.0799507,0.00118137,0.0166351,0.187157
FS 0.10,2,v1_Ra40_repeat_20261001,700,14.5008,1.79089e+09,0.0584,1.5372,0.0584,0.0898,105.112,106.755,True,0.0771229,0.000982285,0.0175043,0.17645
FS 0.10,2,v1_Ra40_repeat_20261001,700,14.5008,1.79089e+09,0.0613,1.4852,0.0613,0.091,99.8383,103.349,True,0.0732534,0.000995411,0.0183735,0.185476
FS 0.10,2,v1_Ra40_repeat_20261001,800,16.6329,1.79089e+09,0.0019,6.8462,0.0019,0.013,222.86,225,True,0.142556,9.42268e-05,0.00056949,0.0136913
FS 0.10,2,v1_Ra40_repeat_20261001,800,16.6329,1.79089e+09,0.0038,6.8048,0.0038,0.0259,223.711,222.68,True,0.143101,0.000187729,0.00113898,0.0274257
FS 0.10,2,v1_Ra40_repeat_20261001,800,16.6329,1.79089e+09,0.0077,6.4928,0.0077,0.05,219.763,222.68,True,0.140575,0.000362411,0.00230793,0.0536868
FS 0.10,2,v1_Ra40_repeat_20261001,800,16.6329,1.79089e+09,0.0115,6.372,0.0115,0.0733,217,217.338,True,0.138808,0.000531294,0.00344691,0.0796725
FS 0.10,2,v1_Ra40_repeat_20261001,800,16.6329,1.79089e+09,0.0154,6.1927,0.0154,0.0954,216.068,218.079,True,0.138211,0.00069148,0.00461587,0.105124
FS 0.10,2,v1_Ra40_repeat_20261001,800,16.6329,1.79089e+09,0.0192,5.7077,0.0192,0.1096,209.288,213.608,True,0.133875,0.000794404,0.00575485,0.12317
FS 0.10,2,v1_Ra40_repeat_20261001,800,16.6329,1.79089e+09,0.023,5.5967,0.023,0.1287,206.729,207.692,True,0.132238,0.000932845,0.00689383,0.146688
FS 0.10,2,v1_Ra40_repeat_20261001,800,16.6329,1.79089e+09,0.0269,5.4642,0.0269,0.147,202.264,204.128,True,0.129381,0.00106549,0.00806278,0.170117
FS 0.10,2,v1_Ra40_repeat_20261001,800,16.6329,1.79089e+09,0.0307,5.2016,0.0307,0.1597,199.015,199.884,True,0.127303,0.00115754,0.00920176,0.188395
FS 0.10,2,v1_Ra40_repeat_20261001,800,16.6329,1.79089e+09,0.0346,4.9596,0.0346,0.1716,191.497,195.594,True,0.122494,0.00124379,0.0103707,0.206615
FS 0.10,2,v1_Ra40_repeat_20261001,800,16.6329,1.79089e+09,0.0384,4.724,0.0384,0.1814,185.553,187.096,True,0.118692,0.00131483,0.0115097,0.223153
FS 0.10,2,v1_Ra40_repeat_20261001,800,16.6329,1.79089e+09,0.0423,4.3425,0.0423,0.1837,181.367,183.99,True,0.116015,0.0013315,0.0126786,0.232963
FS 0.10,2,v1_Ra40_repeat_20261001,800,16.6329,1.79089e+09,0.0461,4.0697,0.0461,0.1876,175.245,176.561,True,0.112098,0.00135976,0.0138176,0.244761
FS 0.10,2,v1_Ra40_repeat_20261001,800,16.6329,1.79089e+09,0.0499,3.8352,0.0499,0.1914,171.295,171.429,True,0.109572,0.00138731,0.0149566,0.257031
FS 0.10,2,v1_Ra40_repeat_20261001,800,16.6329,1.79089e+09,0.0538,3.5819,0.0538,0.1927,164.609,167.553,True,0.105295,0.00139673,0.0161256,0.267619
FS 0.10,2,v1_Ra40_repeat_20261001,800,16.6329,1.79089e+09,0.0576,3.369,0.0576,0.1941,159.255,161.484,True,0.10187,0.00140688,0.0172645,0.278649
FS 0.10,2,v1_Ra40_repeat_20261001,800,16.6329,1.79089e+09,0.0615,3.2016,0.0615,0.1969,151.063,154.637,True,0.0966303,0.00142717,0.0184335,0.291928
FS 0.10,2,v1_Ra40_repeat_20261001,800,16.6329,1.79089e+09,0.0653,3.0109,0.0653,0.1966,146.49,150,True,0.0937048,0.001425,0.0195725,0.302418
FS 0.10,2,v1_Ra40_repeat_20261001,800,16.6329,1.79089e+09,0.0691,2.5256,0.0691,0.1745,138.518,142.715,True,0.0886055,0.00126481,0.0207115,0.291681
FS 0.10,2,v1_Ra40_repeat_20261001,800,16.6329,1.79089e+09,0.073,2.2022,0.073,0.1608,135.279,137.515,True,0.0865336,0.00116551,0.0218804,0.290237
FS 0.10,2,v1_Ra40_repeat_20261001,800,16.6329,1.79089e+09,0.0768,2.2473,0.0768,0.1726,128.664,130.204,True,0.0823018,0.00125104,0.0230194,0.31456
FS 0.10,2,v1_Ra40_repeat_20261001,800,16.6329,1.79089e+09,0.0807,1.9895,0.0807,0.1606,124.262,128.043,True,0.0794862,0.00116406,0.0241883,0.316007
FS 0.10,2,v1_Ra40_repeat_20261001,800,16.6329,1.79089e+09,0.0845,1.5902,0.0845,0.1344,117.811,119.586,True,0.0753595,0.00097416,0.0253273,0.303489
FS 0.10,2,v1_Ra40_repeat_20261001,800,16.6329,1.79089e+09,0.0883,1.414,0.0883,0.1249,115.508,115.749,True,0.0738867,0.000905302,0.0264663,0.308244
FS 0.10,2,v1_Ra40_repeat_20261001,900,18.765,1.79089e+09,0.0024,8.2069,0.0024,0.0197,263.415,262.919,True,0.149353,9.94383e-05,0.000719356,0.020597
FS 0.10,2,v1_Ra40_repeat_20261001,900,18.765,1.79089e+09,0.0049,7.9416,0.0049,0.0389,261.446,260.281,True,0.148236,0.000196353,0.00146868,0.0409742
FS 0.10,2,v1_Ra40_repeat_20261001,900,18.765,1.79089e+09,0.0098,7.73,0.0098,0.0758,258.333,259.695,True,0.146472,0.00038261,0.00293737,0.0809002
FS 0.10,2,v1_Ra40_repeat_20261001,900,18.765,1.79089e+09,0.0147,7.1931,0.0147,0.1057,252.736,255.571,True,0.143298,0.000533535,0.00440605,0.114778
FS 0.10,2,v1_Ra40_repeat_20261001,900,18.765,1.79089e+09,0.0196,7.2049,0.0196,0.1412,248.276,248.984,True,0.140769,0.000712726,0.00587474,0.155208
FS 0.10,2,v1_Ra40_repeat_20261001,900,18.765,1.79089e+09,0.0244,6.8051,0.0244,0.166,247.314,249.363,True,0.140224,0.000837907,0.00731345,0.18576
FS 0.10,2,v1_Ra40_repeat_20261001,900,18.765,1.79089e+09,0.0293,6.6497,0.0293,0.1948,242.743,244.312,True,0.137632,0.000983279,0.00878214,0.221373
FS 0.10,2,v1_Ra40_repeat_20261001,900,18.765,1.79089e+09,0.0342,6.4621,0.0342,0.221,235.661,238.68,True,0.133617,0.00111553,0.0102508,0.255339
FS 0.10,2,v1_Ra40_repeat_20261001,900,18.765,1.79089e+09,0.0391,6.1087,0.0391,0.2389,229.07,231.9,True,0.129879,0.00120588,0.0117195,0.281956
FS 0.10,2,v1_Ra40_repeat_20261001,900,18.765,1.79089e+09,0.044,5.7991,0.044,0.2552,223.297,226.734,True,0.126606,0.00128816,0.0131882,0.307926
FS 0.10,2,v1_Ra40_repeat_20261001,900,18.765,1.79089e+09,0.0489,5.7343,0.0489,0.2804,221.478,222.202,True,0.125575,0.00141536,0.0146569,0.343747
FS 0.10,2,v1_Ra40_repeat_20261001,900,18.765,1.79089e+09,0.0538,5.5002,0.0538,0.2959,219.589,221.234,True,0.124504,0.00149359,0.0161256,0.370819
FS 0.10,2,v1_Ra40_repeat_20261001,900,18.765,1.79089e+09,0.0587,5.065,0.0587,0.2973,214.649,214.5,True,0.121703,0.00150066,0.0175942,0.384744
FS 0.10,2,v1_Ra40_repeat_20261001,900,18.765,1.79089e+09,0.0636,4.7485,0.0636,0.302,203.401,210.529,True,0.115325,0.00152438,0.0190629,0.40292
FS 0.10,2,v1_Ra40_repeat_20261001,900,18.765,1.79089e+09,0.0684,4.5835,0.0684,0.3135,200.237,198.674,True,0.113532,0.00158243,0.0205016,0.428545
FS 0.10,2,v1_Ra40_repeat_20261001,900,18.765,1.79089e+09,0.0733,4.1673,0.0733,0.3055,188.521,195.187,True,0.106889,0.00154205,0.0219703,0.435905
FS 0.10,2,v1_Ra40_repeat_20261001,900,18.765,1.79089e+09,0.0782,3.6413,0.0782,0.2847,180.718,184.375,True,0.102464,0.00143706,0.023439,0.431418
FS 0.10,2,v1_Ra40_repeat_20261001,900,18.765,1.79089e+09,0.0831,3.2073,0.0831,0.2665,171.218,176.028,True,0.0970781,0.00134519,0.0249077,0.430482
FS 0.10,2,v1_Ra40_repeat_20261001,900,18.765,1.79089e+09,0.088,3.0337,0.088,0.267,166.915,168,True,0.0946383,0.00134772,0.0263764,0.449198
FS 0.10,2,v1_Ra40_repeat_20261001,900,18.765,1.79089e+09,0.0929,2.7523,0.0929,0.2557,161.124,164.332,True,0.091355,0.00129068,0.0278451,0.457066
FS 0.10,2,v1_Ra40_repeat_20261001,900,18.765,1.79089e+09,0.0978,2.575,0.0978,0.2518,152.787,156.387,True,0.0866284,0.00127099,0.0293137,0.473285
FS 0.10,2,v1_Ra40_repeat_20261001,900,18.765,1.79089e+09,0.1027,2.1019,0.1027,0.2159,148.63,149.14,True,0.0842713,0.00108978,0.0307824,0.458456
FS 0.10,2,v1_Ra40_repeat_20261001,900,18.765,1.79089e+09,0.1076,2.1409,0.1076,0.2304,144.46,146.989,True,0.0819068,0.00116297,0.0322511,0.49498
FS 0.10,2,v1_Ra40_repeat_20261001,1000,20.8972,1.79089e+09,0.003,9.5493,0.003,0.0286,306.008,312.15,True,0.1558,0.00010453,0.000899195,0.029757
FS 0.10,2,v1_Ra40_repeat_20261001,1000,20.8972,1.79089e+09,0.0061,9.4273,0.0061,0.0575,305.113,303.045,True,0.155344,0.000210156,0.00182836,0.0602273
FS 0.10,2,v1_Ra40_repeat_20261001,1000,20.8972,1.79089e+09,0.0121,9.0041,0.0121,0.1089,298.753,303.795,True,0.152106,0.000398017,0.00362675,0.115749
FS 0.10,2,v1_Ra40_repeat_20261001,1000,20.8972,1.79089e+09,0.0182,8.5213,0.0182,0.1551,296.83,297.196,True,0.151127,0.000566873,0.00545511,0.167602
FS 0.10,2,v1_Ra40_repeat_20261001,1000,20.8972,1.79089e+09,0.0243,8.2531,0.0243,0.2006,287.384,290.7,True,0.146318,0.000733171,0.00728348,0.22023
FS 0.10,2,v1_Ra40_repeat_20261001,1000,20.8972,1.79089e+09,0.0303,7.9982,0.0303,0.2423,282.895,284.211,True,0.144032,0.000885579,0.00908187,0.270381
FS 0.10,2,v1_Ra40_repeat_20261001,1000,20.8972,1.79089e+09,0.0364,7.9487,0.0364,0.2893,281.535,281.101,True,0.14334,0.00105736,0.0109102,0.327435
FS 0.10,2,v1_Ra40_repeat_20261001,1000,20.8972,1.79089e+09,0.0424,7.458,0.0424,0.3162,278.813,279.897,True,0.141954,0.00115568,0.0127086,0.365664
FS 0.10,2,v1_Ra40_repeat_20261001,1000,20.8972,1.79089e+09,0.0485,6.9883,0.0485,0.3389,268.58,273.531,True,0.136744,0.00123864,0.014537,0.401344
FS 0.10,2,v1_Ra40_repeat_20261001,1000,20.8972,1.79089e+09,0.0546,6.994,0.0546,0.3819,264.419,263.415,True,0.134626,0.0013958,0.0163653,0.458799
FS 0.10,2,v1_Ra40_repeat_20261001,1000,20.8972,1.79089e+09,0.0606,6.636,0.0606,0.4021,259.936,265.136,True,0.132343,0.00146963,0.0181637,0.494657
FS 0.10,2,v1_Ra40_repeat_20261001,1000,20.8972,1.79089e+09,0.0667,6.3099,0.0667,0.4209,253.685,257.143,True,0.12916,0.00153834,0.0199921,0.530838
FS 0.10,2,v1_Ra40_repeat_20261001,1000,20.8972,1.79089e+09,0.0728,5.9822,0.0728,0.4355,250.196,254.118,True,0.127384,0.0015917,0.0218205,0.564294
FS 0.10,2,v1_Ra40_repeat_20261001,1000,20.8972,1.79089e+09,0.0788,5.8234,0.0788,0.4589,244.318,246.927,True,0.124391,0.00167723,0.0236188,0.60768
FS 0.10,2,v1_Ra40_repeat_20261001,1000,20.8972,1.79089e+09,0.0849,5.4475,0.0849,0.4625,240,241.705,True,0.122193,0.00169039,0.0254472,0.633063
FS 0.10,2,v1_Ra40_repeat_20261001,1000,20.8972,1.79089e+09,0.0909,5.1391,0.0909,0.4671,236.014,234.783,True,0.120164,0.0017072,0.0272456,0.660527
FS 0.10,2,v1_Ra40_repeat_20261001,1000,20.8972,1.79089e+09,0.097,4.6419,0.097,0.4503,229.245,235.835,True,0.116717,0.0016458,0.029074,0.668435
FS 0.10,2,v1_Ra40_repeat_20261001,1000,20.8972,1.79089e+09,0.1031,4.3834,0.1031,0.4519,218.114,219.941,True,0.11105,0.00165164,0.0309023,0.696219
FS 0.10,2,v1_Ra40_repeat_20261001,1000,20.8972,1.79089e+09,0.1091,3.8115,0.1091,0.4158,207.885,213.537,True,0.105842,0.0015197,0.0327007,0.687312
FS 0.10,2,v1_Ra40_repeat_20261001,1000,20.8972,1.79089e+09,0.1152,3.623,0.1152,0.4174,194.987,199.202,True,0.0992749,0.00152555,0.0345291,0.718021
FS 0.10,2,v1_Ra40_repeat_20261001,1000,20.8972,1.79089e+09,0.1213,3.248,0.1213,0.394,189.581,190.912,True,0.0965225,0.00144003,0.0363574,0.725205
FS 0.10,2,v1_Ra40_repeat_20261001,1000,20.8972,1.79089e+09,0.1273,3.0869,0.1273,0.393,183.833,190.398,True,0.0935964,0.00143637,0.0381558,0.755727
FS 0.10,2,v1_Ra40_repeat_20261001,1000,20.8972,1.79089e+09,0.1334,2.4998,0.1334,0.3335,169.98,176.274,True,0.0865431,0.00121891,0.0399842,0.729738
FS 0.10,2,v1_Ra40_repeat_20261001,1000,20.8972,1.79089e+09,0.1394,2.3543,0.1394,0.3282,166.306,167.442,True,0.0846725,0.00119953,0.0417826,0.758838
FS 0.10,2,v1_Ra40_repeat_20261001,1100,23.0293,1.79089e+09,0.0037,11.4066,0.0037,0.0422,364.406,366.102,True,0.168356,0.000115241,0.00110901,0.0436782
FS 0.10,2,v1_Ra40_repeat_20261001,1100,23.0293,1.79089e+09,0.0074,11.2941,0.0074,0.0836,363.316,358.528,True,0.167852,0.000228297,0.00221801,0.0870992
FS 0.10,2,v1_Ra40_repeat_20261001,1100,23.0293,1.79089e+09,0.0147,10.6212,0.0147,0.1561,352.63,361.577,True,0.162915,0.000426282,0.00440605,0.165178
FS 0.10,2,v1_Ra40_repeat_20261001,1100,23.0293,1.79089e+09,0.0221,10.2282,0.0221,0.226,345.161,347.673,True,0.159464,0.000617167,0.00662407,0.242889
FS 0.10,2,v1_Ra40_repeat_20261001,1100,23.0293,1.79089e+09,0.0295,9.8832,0.0295,0.2916,344.444,346.678,True,0.159133,0.00079631,0.00884208,0.318472
FS 0.10,2,v1_Ra40_repeat_20261001,1100,23.0293,1.79089e+09,0.0368,9.5303,0.0368,0.3507,342.552,345.238,True,0.158259,0.000957702,0.0110301,0.389546
FS 0.10,2,v1_Ra40_repeat_20261001,1100,23.0293,1.79089e+09,0.0442,9.2103,0.0442,0.4071,335.566,337.5,True,0.155031,0.00111172,0.0132481,0.46024
FS 0.10,2,v1_Ra40_repeat_20261001,1100,23.0293,1.79089e+09,0.0515,8.8743,0.0515,0.457,323.654,328.155,True,0.149528,0.00124799,0.0154362,0.526369
FS 0.10,2,v1_Ra40_repeat_20261001,1100,23.0293,1.79089e+09,0.0589,8.4488,0.0589,0.4976,318.432,319.519,True,0.147116,0.00135886,0.0176542,0.585575
FS 0.10,2,v1_Ra40_repeat_20261001,1100,23.0293,1.79089e+09,0.0663,8.027,0.0663,0.5322,313.294,314.885,True,0.144742,0.00145335,0.0198722,0.640953
FS 0.10,2,v1_Ra40_repeat_20261001,1100,23.0293,1.79089e+09,0.0736,8.0582,0.0736,0.5931,314.493,309.29,True,0.145295,0.00161966,0.0220602,0.724477
FS 0.10,2,v1_Ra40_repeat_20261001,1100,23.0293,1.79089e+09,0.081,7.6088,0.081,0.6163,306.045,313.044,True,0.141393,0.00168301,0.0242783,0.772766
FS 0.10,2,v1_Ra40_repeat_20261001,1100,23.0293,1.79089e+09,0.0884,7.2443,0.0884,0.6404,302.489,302.516,True,0.13975,0.00174882,0.0264963,0.824127
FS 0.10,2,v1_Ra40_repeat_20261001,1100,23.0293,1.79089e+09,0.0957,7.1312,0.0957,0.6825,299.203,300,True,0.138232,0.00186379,0.0286843,0.895246
FS 0.10,2,v1_Ra40_repeat_20261001,1100,23.0293,1.79089e+09,0.1031,6.8476,0.1031,0.706,290.541,294.222,True,0.13423,0.00192797,0.0309023,0.950319
FS 0.10,2,v1_Ra40_repeat_20261001,1100,23.0293,1.79089e+09,0.1104,6.2618,0.1104,0.6913,276.923,282.809,True,0.127938,0.00188782,0.0330904,0.968892
FS 0.10,2,v1_Ra40_repeat_20261001,1100,23.0293,1.79089e+09,0.1178,6.2332,0.1178,0.7343,278.531,275.51,True,0.128681,0.00200525,0.0353084,1.04778
FS 0.10,2,v1_Ra40_repeat_20261001,1100,23.0293,1.79089e+09,0.1252,5.6634,0.1252,0.7091,272.173,277.343,True,0.125744,0.00193643,0.0375264,1.06063
FS 0.10,2,v1_Ra40_repeat_20261001,1100,23.0293,1.79089e+09,0.1325,5.3305,0.1325,0.7063,268.525,270,True,0.124059,0.00192878,0.0397144,1.0975
FS 0.10,2,v1_Ra40_repeat_20261001,1100,23.0293,1.79089e+09,0.1399,5.2759,0.1399,0.7381,262.591,259.756,True,0.121317,0.00201563,0.0419324,1.17167
FS 0.10,2,v1_Ra40_repeat_20261001,1100,23.0293,1.79089e+09,0.1473,4.7143,0.1473,0.6944,258.551,261.437,True,0.119451,0.00189629,0.0441505,1.17251
FS 0.10,2,v1_Ra40_repeat_20261001,1100,23.0293,1.79089e+09,0.1546,4.3823,0.1546,0.6775,246.733,249.418,True,0.113991,0.00185014,0.0463385,1.20167
FS 0.10,2,v1_Ra40_repeat_20261001,1100,23.0293,1.79089e+09,0.162,3.9246,0.162,0.6358,235.775,241.011,True,0.108928,0.00173626,0.0485565,1.20882
FS 0.10,2,v1_Ra40_repeat_20261001,1100,23.0293,1.79089e+09,0.1694,3.3923,0.1694,0.5747,217,220.003,True,0.100254,0.00156941,0.0507745,1.19874
FS 0.10,2,v1_Ra40_repeat_20261001,1100,23.0293,1.79089e+09,0.1767,2.9881,0.1767,0.528,214,216,True,0.0988679,0.00144188,0.0529626,1.2045
FS 0.10,2,v1_Ra40_repeat_20261001,1200,25.1614,1.79089e+09,0.0044,13.5066,0.0044,0.0594,430,428.999,True,0.181826,0.000124371,0.00131882,0.061219
FS 0.10,2,v1_Ra40_repeat_20261001,1200,25.1614,1.79089e+09,0.0088,13.0319,0.0088,0.1147,423.529,426.977,True,0.17909,0.000240157,0.00263764,0.119105
FS 0.10,2,v1_Ra40_repeat_20261001,1200,25.1614,1.79089e+09,0.0176,12.5628,0.0176,0.2211,415.817,418.27,True,0.175829,0.000462935,0.00527528,0.232981
FS 0.10,2,v1_Ra40_repeat_20261001,1200,25.1614,1.79089e+09,0.0264,12.0203,0.0264,0.3173,410.611,416.541,True,0.173627,0.000664356,0.00791291,0.339726
FS 0.10,2,v1_Ra40_repeat_20261001,1200,25.1614,1.79089e+09,0.0352,11.747,0.0352,0.4135,405.66,404.717,True,0.171534,0.000865778,0.0105506,0.449541
FS 0.10,2,v1_Ra40_repeat_20261001,1200,25.1614,1.79089e+09,0.0439,11.4428,0.0439,0.5023,400,400,True,0.16914,0.00105171,0.0131582,0.554819
FS 0.10,2,v1_Ra40_repeat_20261001,1200,25.1614,1.79089e+09,0.0527,11.0835,0.0527,0.5841,394.546,395.242,True,0.166834,0.00122298,0.0157959,0.656339
FS 0.10,2,v1_Ra40_repeat_20261001,1200,25.1614,1.79089e+09,0.0615,10.5335,0.0615,0.6478,388.15,392.727,True,0.164129,0.00135635,0.0184335,0.742828
FS 0.10,2,v1_Ra40_repeat_20261001,1200,25.1614,1.79089e+09,0.0703,9.9482,0.0703,0.6994,379.059,383.036,True,0.160285,0.00146439,0.0210711,0.820288
FS 0.10,2,v1_Ra40_repeat_20261001,1200,25.1614,1.79089e+09,0.0791,9.8013,0.0791,0.7753,370.898,369.827,True,0.156834,0.00162331,0.0237088,0.925117
FS 0.10,2,v1_Ra40_repeat_20261001,1200,25.1614,1.79089e+09,0.0879,9.2119,0.0879,0.8097,366.032,369.828,True,0.154777,0.00169533,0.0263464,0.991516
FS 0.10,2,v1_Ra40_repeat_20261001,1200,25.1614,1.79089e+09,0.0967,8.9936,0.0967,0.8697,358.692,362.747,True,0.151673,0.00182096,0.028984,1.08659
FS 0.10,2,v1_Ra40_repeat_20261001,1200,25.1614,1.79089e+09,0.1055,8.9032,0.1055,0.9393,357.32,359.016,True,0.151093,0.00196669,0.0316217,1.19432
FS 0.10,2,v1_Ra40_repeat_20261001,1200,25.1614,1.79089e+09,0.1143,8.3337,0.1143,0.9525,352.459,358.334,True,0.149038,0.00199433,0.0342593,1.24873
FS 0.10,2,v1_Ra40_repeat_20261001,1200,25.1614,1.79089e+09,0.1231,7.8831,0.1231,0.9704,341.935,347.112,True,0.144588,0.0020318,0.036897,1.31091
FS 0.10,2,v1_Ra40_repeat_20261001,1200,25.1614,1.79089e+09,0.1318,7.3697,0.1318,0.9713,335.791,341.449,True,0.141989,0.00203369,0.0395046,1.35861
FS 0.10,2,v1_Ra40_repeat_20261001,1200,25.1614,1.79089e+09,0.1406,7.24,0.1406,1.0179,327.273,328.315,True,0.138388,0.00213126,0.0421423,1.45559
FS 0.10,2,v1_Ra40_repeat_20261001,1200,25.1614,1.79089e+09,0.1494,7.0821,0.1494,1.0581,327.273,327.273,True,0.138388,0.00221543,0.0447799,1.54924
FS 0.10,2,v1_Ra40_repeat_20261001,1200,25.1614,1.79089e+09,0.1582,6.7437,0.1582,1.0669,323.295,326.787,True,0.136706,0.00223385,0.0474175,1.61457
FS 0.10,2,v1_Ra40_repeat_20261001,1200,25.1614,1.79089e+09,0.167,6.1618,0.167,1.029,316.066,322.388,True,0.133649,0.0021545,0.0500552,1.63626
FS 0.10,2,v1_Ra40_repeat_20261001,1200,25.1614,1.79089e+09,0.1758,6.2124,0.1758,1.0921,311.047,312.696,True,0.131526,0.00228662,0.0526928,1.76202
FS 0.10,2,v1_Ra40_repeat_20261001,1200,25.1614,1.79089e+09,0.1846,5.2406,0.1846,0.9674,297.178,306.169,True,0.125662,0.00202552,0.0553305,1.70305
FS 0.10,2,v1_Ra40_repeat_20261001,1200,25.1614,1.79089e+09,0.1934,5.1458,0.1934,0.9952,296.244,295.36,True,0.125267,0.00208373,0.0579681,1.79966
FS 0.10,2,v1_Ra40_repeat_20261001,1200,25.1614,1.79089e+09,0.2022,4.6132,0.2022,0.9328,285.526,286.55,True,0.120735,0.00195308,0.0606057,1.80913
FS 0.10,2,v1_Ra40_repeat_20261001,1200,25.1614,1.79089e+09,0.211,4.317,0.211,0.9109,280.52,279.29,True,0.118618,0.00190722,0.0632434,1.86217
FS 0.10,2,v1_Ra40_repeat_20261001,1200,25.1614,1.79089e+09,0.2197,3.7841,0.2197,0.8314,269.727,274.429,True,0.114054,0.00174077,0.065851,1.85978
FS 0.10,2,v1_Ra40_repeat_20261001,1200,25.1614,1.79089e+09,0.2285,3.173,0.2285,0.725,249.376,256.548,True,0.105449,0.00151799,0.0684887,1.83443
FS 0.10,2,v1_Ra40_repeat_20261001,1300,27.2935,1.79089e+09,0.0052,15.6459,0.0052,0.0814,494.902,498.838,True,0.192922,0.000133531,0.0015586,0.0836321
FS 0.10,2,v1_Ra40_repeat_20261001,1300,27.2935,1.79089e+09,0.0103,15.3742,0.0103,0.1584,490.909,494.318,True,0.191365,0.000259844,0.00308724,0.163863
FS 0.10,2,v1_Ra40_repeat_20261001,1300,27.2935,1.79089e+09,0.0207,14.8146,0.0207,0.3067,490.909,494.318,True,0.191365,0.000503119,0.00620444,0.321945
FS 0.10,2,v1_Ra40_repeat_20261001,1300,27.2935,1.79089e+09,0.031,14.0931,0.031,0.4369,477.608,486.476,True,0.18618,0.000716702,0.00929168,0.46606
FS 0.10,2,v1_Ra40_repeat_20261001,1300,27.2935,1.79089e+09,0.0414,13.2878,0.0414,0.5501,460.83,463.69,True,0.17964,0.000902398,0.0124089,0.597576
FS 0.10,2,v1_Ra40_repeat_20261001,1300,27.2935,1.79089e+09,0.0517,12.7074,0.0517,0.657,447.474,455.841,True,0.174434,0.00107776,0.0154961,0.726843
FS 0.10,2,v1_Ra40_repeat_20261001,1300,27.2935,1.79089e+09,0.0621,12.0556,0.0621,0.7487,434.571,443.877,True,0.169404,0.00122819,0.0186133,0.845394
FS 0.10,2,v1_Ra40_repeat_20261001,1300,27.2935,1.79089e+09,0.0724,11.9468,0.0724,0.8649,434,432.001,True,0.169181,0.0014188,0.0217006,0.992412
FS 0.10,2,v1_Ra40_repeat_20261001,1300,27.2935,1.79089e+09,0.0827,11.5667,0.0827,0.9566,432,434.405,True,0.168402,0.00156923,0.0247878,1.11914
FS 0.10,2,v1_Ra40_repeat_20261001,1300,27.2935,1.79089e+09,0.0931,11.1186,0.0931,1.0351,423.53,429.927,True,0.1651,0.00169801,0.027905,1.23727
FS 0.10,2,v1_Ra40_repeat_20261001,1300,27.2935,1.79089e+09,0.1034,10.5258,0.1034,1.0884,417.104,418.574,True,0.162595,0.00178544,0.0309922,1.33404
FS 0.10,2,v1_Ra40_repeat_20261001,1300,27.2935,1.79089e+09,0.1138,10.1672,0.1138,1.157,410.538,412.5,True,0.160035,0.00189797,0.0341095,1.45081
FS 0.10,2,v1_Ra40_repeat_20261001,1300,27.2935,1.79089e+09,0.1241,10.0389,0.1241,1.2458,408.234,409.348,True,0.159137,0.00204364,0.0371967,1.59154
FS 0.10,2,v1_Ra40_repeat_20261001,1300,27.2935,1.79089e+09,0.1345,9.4764,0.1345,1.2746,396.76,402.503,True,0.154664,0.00209089,0.0403139,1.67704
FS 0.10,2,v1_Ra40_repeat_20261001,1300,27.2935,1.79089e+09,0.1448,9.1606,0.1448,1.3265,391.593,392.727,True,0.15265,0.00217603,0.0434011,1.78932
FS 0.10,2,v1_Ra40_repeat_20261001,1300,27.2935,1.79089e+09,0.1551,8.6698,0.1551,1.3447,387.5,387.945,True,0.151055,0.00220588,0.0464884,1.8721
FS 0.10,2,v1_Ra40_repeat_20261001,1300,27.2935,1.79089e+09,0.1655,8.228,0.1655,1.3617,377.193,378.995,True,0.147037,0.00223377,0.0496056,1.95858
FS 0.10,2,v1_Ra40_repeat_20261001,1300,27.2935,1.79089e+09,0.1758,7.9647,0.1758,1.4002,367.45,373.046,True,0.143239,0.00229692,0.0526928,2.07012
FS 0.10,2,v1_Ra40_repeat_20261001,1300,27.2935,1.79089e+09,0.1862,7.5848,0.1862,1.4123,368.252,368.644,True,0.143552,0.00231677,0.05581,2.16024
FS 0.10,2,v1_Ra40_repeat_20261001,1300,27.2935,1.79089e+09,0.1965,7.1548,0.1965,1.4059,360,361.08,True,0.140335,0.00230628,0.0588973,2.23533
FS 0.10,2,v1_Ra40_repeat_20261001,1300,27.2935,1.79089e+09,0.2069,6.5958,0.2069,1.3647,353.173,357.946,True,0.137673,0.00223869,0.0620145,2.28067
FS 0.10,2,v1_Ra40_repeat_20261001,1300,27.2935,1.79089e+09,0.2172,6.2464,0.2172,1.3567,350.314,354.099,True,0.136559,0.00222557,0.0651017,2.36262
FS 0.10,2,v1_Ra40_repeat_20261001,1300,27.2935,1.79089e+09,0.2275,5.9023,0.2275,1.3428,340.742,343.73,True,0.132827,0.00220276,0.0681889,2.44286
FS 0.10,2,v1_Ra40_repeat_20261001,1300,27.2935,1.79089e+09,0.2379,5.3593,0.2379,1.275,331.818,331.122,True,0.129349,0.00209154,0.0713061,2.47439
FS 0.10,2,v1_Ra40_repeat_20261001,1300,27.2935,1.79089e+09,0.2482,5.3327,0.2482,1.3236,325.757,327.273,True,0.126986,0.00217127,0.0743934,2.62559
FS 0.10,2,v1_Ra40_repeat_20261001,1300,27.2935,1.79089e+09,0.2586,4.9452,0.2586,1.2788,323.84,327.273,True,0.126239,0.00209778,0.0775106,2.68866
FS 0.10,2,v1_Ra40_repeat_20261001,1300,27.2935,1.79089e+09,0.2689,4.155,0.2689,1.1173,309.955,315.371,True,0.120826,0.00183285,0.0805978,2.63821
FS 0.10,2,v1_Ra40_repeat_20261001,1300,27.2935,1.79089e+09,0.2793,3.7182,0.2793,1.0385,296.401,304.524,True,0.115542,0.00170358,0.083715,2.6758
FS 0.10,2,v1_Ra40_repeat_20261001,1400,29.4257,1.79089e+09,0.006,17.7591,0.006,0.1066,561.538,562.377,True,0.203037,0.000139545,0.00179839,0.109271
FS 0.10,2,v1_Ra40_repeat_20261001,1400,29.4257,1.79089e+09,0.012,17.2188,0.012,0.2066,553.846,557.692,True,0.200256,0.000270451,0.00359678,0.213368
FS 0.10,2,v1_Ra40_repeat_20261001,1400,29.4257,1.79089e+09,0.024,16.5668,0.024,0.3976,546.872,550,True,0.197734,0.00052048,0.00719356,0.416845
FS 0.10,2,v1_Ra40_repeat_20261001,1400,29.4257,1.79089e+09,0.0361,15.9996,0.0361,0.5776,539.87,543.1,True,0.195203,0.000756109,0.0108203,0.615206
FS 0.10,2,v1_Ra40_repeat_20261001,1400,29.4257,1.79089e+09,0.0481,15.5559,0.0481,0.7482,530.563,534.146,True,0.191837,0.000979434,0.0144171,0.809748
FS 0.10,2,v1_Ra40_repeat_20261001,1400,29.4257,1.79089e+09,0.0601,15.0076,0.0601,0.902,526.829,530.492,True,0.190487,0.00118077,0.0180139,0.993197
FS 0.10,2,v1_Ra40_repeat_20261001,1400,29.4257,1.79089e+09,0.0721,14.4785,0.0721,1.0439,519.048,523.912,True,0.187674,0.00136652,0.0216106,1.17046
FS 0.10,2,v1_Ra40_repeat_20261001,1400,29.4257,1.79089e+09,0.0842,13.474,0.0842,1.1345,500.312,514.285,True,0.180899,0.00148512,0.0252374,1.30249
FS 0.10,2,v1_Ra40_repeat_20261001,1400,29.4257,1.79089e+09,0.0962,13.0653,0.0962,1.2569,488.636,490.909,True,0.176678,0.00164535,0.0288342,1.47171
FS 0.10,2,v1_Ra40_repeat_20261001,1400,29.4257,1.79089e+09,0.1082,12.363,0.1082,1.3377,473.565,480.136,True,0.171228,0.00175112,0.032431,1.60504
FS 0.10,2,v1_Ra40_repeat_20261001,1400,29.4257,1.79089e+09,0.1202,11.6709,0.1202,1.4028,463.044,474.452,True,0.167424,0.00183634,0.0360277,1.72838
FS 0.10,2,v1_Ra40_repeat_20261001,1400,29.4257,1.79089e+09,0.1322,11.2168,0.1322,1.4829,456.915,454.891,True,0.165208,0.0019412,0.0396245,1.87243
FS 0.10,2,v1_Ra40_repeat_20261001,1400,29.4257,1.79089e+09,0.1443,10.7006,0.1443,1.5441,449.483,450.787,True,0.162521,0.00202131,0.0432513,2.00389
FS 0.10,2,v1_Ra40_repeat_20261001,1400,29.4257,1.79089e+09,0.1563,10.4701,0.1563,1.6365,447.721,445.765,True,0.161884,0.00214227,0.046848,2.1717
FS 0.10,2,v1_Ra40_repeat_20261001,1400,29.4257,1.79089e+09,0.1683,9.8917,0.1683,1.6648,432,439.86,True,0.1562,0.00217931,0.0504448,2.28112
FS 0.10,2,v1_Ra40_repeat_20261001,1400,29.4257,1.79089e+09,0.1803,9.2651,0.1803,1.6705,426,432,True,0.15403,0.00218677,0.0540416,2.37365
FS 0.10,2,v1_Ra40_repeat_20261001,1400,29.4257,1.79089e+09,0.1923,9.0499,0.1923,1.7403,418.483,424.833,True,0.151312,0.00227815,0.0576384,2.53599
FS 0.10,2,v1_Ra40_repeat_20261001,1400,29.4257,1.79089e+09,0.2044,8.4049,0.2044,1.718,408.675,420.496,True,0.147766,0.00224895,0.0612651,2.61278
FS 0.10,2,v1_Ra40_repeat_20261001,1400,29.4257,1.79089e+09,0.2164,8.1005,0.2164,1.7529,405.66,407.547,True,0.146676,0.00229464,0.0648619,2.75168
FS 0.10,2,v1_Ra40_repeat_20261001,1400,29.4257,1.79089e+09,0.2284,7.6691,0.2284,1.7516,394.489,392.813,True,0.142636,0.00229294,0.0684587,2.86009
FS 0.10,2,v1_Ra40_repeat_20261001,1400,29.4257,1.79089e+09,0.2404,7.4705,0.2404,1.7959,396.475,399.231,True,0.143355,0.00235093,0.0720555,3.01981
FS 0.10,2,v1_Ra40_repeat_20261001,1400,29.4257,1.79089e+09,0.2525,7.0113,0.2525,1.7704,385.714,394.243,True,0.139464,0.00231755,0.0756822,3.11647
FS 0.10,2,v1_Ra40_repeat_20261001,1400,29.4257,1.79089e+09,0.2645,6.4057,0.2645,1.6943,374.803,383.036,True,0.135519,0.00221793,0.079279,3.16725
FS 0.10,2,v1_Ra40_repeat_20261001,1400,29.4257,1.79089e+09,0.2765,5.9111,0.2765,1.6344,369.491,373.992,True,0.133598,0.00213952,0.0828758,3.23994
FS 0.10,2,v1_Ra40_repeat_20261001,1400,29.4257,1.79089e+09,0.2885,5.6472,0.2885,1.6292,366.929,366.102,True,0.132672,0.00213271,0.0864726,3.37304
FS 0.10,2,v1_Ra40_repeat_20261001,1400,29.4257,1.79089e+09,0.3005,5.1551,0.3005,1.5491,359.829,360.63,True,0.130105,0.00202786,0.0900693,3.43695
FS 0.10,2,v1_Ra40_repeat_20261001,1400,29.4257,1.79089e+09,0.3126,4.7782,0.3126,1.4937,351.613,350.397,True,0.127134,0.00195533,0.0936961,3.53254
FS 0.10,2,v1_Ra40_repeat_20261001,1400,29.4257,1.79089e+09,0.3246,4.2794,0.3246,1.3891,348.387,348.387,True,0.125967,0.00181841,0.0972929,3.58341
FS 0.10,2,v1_Ra40_repeat_20261001,1400,29.4257,1.79089e+09,0.3366,3.7337,0.3366,1.2568,336.359,341.583,True,0.121618,0.00164522,0.10089,3.6123
FS 0.10,2,v1_Ra40_repeat_20261001,1500,31.5578,1.79089e+09,0.0069,19.2193,0.0069,0.1326,605.556,612.5,True,0.20416,0.000140721,0.00206815,0.135794
FS 0.10,2,v1_Ra40_repeat_20261001,1500,31.5578,1.79089e+09,0.0138,18.8714,0.0138,0.2604,605.556,608.333,True,0.20416,0.000276349,0.0041363,0.268676
FS 0.10,2,v1_Ra40_repeat_20261001,1500,31.5578,1.79089e+09,0.0277,18.2023,0.0277,0.5042,602.778,600,True,0.203223,0.000535081,0.00830256,0.528444
FS 0.10,2,v1_Ra40_repeat_20261001,1500,31.5578,1.79089e+09,0.0415,17.4999,0.0415,0.7262,591.273,595.833,True,0.199344,0.000770678,0.0124389,0.773873
FS 0.10,2,v1_Ra40_repeat_20261001,1500,31.5578,1.79089e+09,0.0553,16.9869,0.0553,0.9394,581.08,579.73,True,0.195908,0.000996936,0.0165752,1.01805
FS 0.10,2,v1_Ra40_repeat_20261001,1500,31.5578,1.79089e+09,0.0691,16.5986,0.0691,1.147,581.081,583.784,True,0.195908,0.00121725,0.0207115,1.26418
FS 0.10,2,v1_Ra40_repeat_20261001,1500,31.5578,1.79089e+09,0.083,15.705,0.083,1.3035,565.81,576.286,True,0.190759,0.00138334,0.0248777,1.46712
FS 0.10,2,v1_Ra40_repeat_20261001,1500,31.5578,1.79089e+09,0.0968,15.3689,0.0968,1.4877,560.778,561.538,True,0.189063,0.00157882,0.029014,1.705
FS 0.10,2,v1_Ra40_repeat_20261001,1500,31.5578,1.79089e+09,0.1106,14.5879,0.1106,1.6134,555.159,557.692,True,0.187169,0.00171222,0.0331503,1.89193
FS 0.10,2,v1_Ra40_repeat_20261001,1500,31.5578,1.79089e+09,0.1244,13.9374,0.1244,1.7338,540,543.75,True,0.182058,0.00183999,0.0372866,2.08111
FS 0.10,2,v1_Ra40_repeat_20261001,1500,31.5578,1.79089e+09,0.1383,13.3115,0.1383,1.841,531.707,535.965,True,0.179262,0.00195376,0.0414529,2.26522
FS 0.10,2,v1_Ra40_repeat_20261001,1500,31.5578,1.79089e+09,0.1521,12.5882,0.1521,1.9147,513.182,518.3,True,0.173016,0.00203197,0.0455892,2.42286
FS 0.10,2,v1_Ra40_repeat_20261001,1500,31.5578,1.79089e+09,0.1659,11.8651,0.1659,1.9684,502.325,509.302,True,0.169356,0.00208896,0.0497255,2.56804
FS 0.10,2,v1_Ra40_repeat_20261001,1500,31.5578,1.79089e+09,0.1797,11.4561,0.1797,2.0587,495.454,495.02,True,0.167039,0.00218479,0.0538618,2.75737
FS 0.10,2,v1_Ra40_repeat_20261001,1500,31.5578,1.79089e+09,0.1936,10.8054,0.1936,2.0919,482.221,484.294,True,0.162578,0.00222002,0.058028,2.89796
FS 0.10,2,v1_Ra40_repeat_20261001,1500,31.5578,1.79089e+09,0.2074,10.296,0.2074,2.1354,469.565,472.827,True,0.158311,0.00226619,0.0621643,3.05564
FS 0.10,2,v1_Ra40_repeat_20261001,1500,31.5578,1.79089e+09,0.2212,9.7903,0.2212,2.1656,467.391,469.566,True,0.157578,0.00229824,0.0663006,3.20758
FS 0.10,2,v1_Ra40_repeat_20261001,1500,31.5578,1.79089e+09,0.2351,9.3158,0.2351,2.1901,457.578,462.641,True,0.15427,0.00232424,0.0704669,3.36233
FS 0.10,2,v1_Ra40_repeat_20261001,1500,31.5578,1.79089e+09,0.2489,8.8656,0.2489,2.2066,450.846,453.124,True,0.152,0.00234175,0.0746032,3.51572
FS 0.10,2,v1_Ra40_repeat_20261001,1500,31.5578,1.79089e+09,0.2627,8.2015,0.2627,2.1545,437.736,446.462,True,0.14758,0.00228646,0.0787395,3.60806
FS 0.10,2,v1_Ra40_repeat_20261001,1500,31.5578,1.79089e+09,0.2765,7.6569,0.2765,2.1171,432.285,440.572,True,0.145742,0.00224677,0.0828758,3.72264
FS 0.10,2,v1_Ra40_repeat_20261001,1500,31.5578,1.79089e+09,0.2904,7.4588,0.2904,2.166,424.607,429.001,True,0.143154,0.00229866,0.0870421,3.93227
FS 0.10,2,v1_Ra40_repeat_20261001,1500,31.5578,1.79089e+09,0.3042,6.9264,0.3042,2.107,415.384,420.909,True,0.140044,0.00223605,0.0911783,4.04041
FS 0.10,2,v1_Ra40_repeat_20261001,1500,31.5578,1.79089e+09,0.318,6.4772,0.318,2.0597,412.843,418.27,True,0.139188,0.00218585,0.0953146,4.1678
FS 0.10,2,v1_Ra40_repeat_20261001,1500,31.5578,1.79089e+09,0.3318,6.2321,0.3318,2.0678,411.321,413.208,True,0.138674,0.00219445,0.0994509,4.35814
FS 0.10,2,v1_Ra40_repeat_20261001,1500,31.5578,1.79089e+09,0.3457,5.6899,0.3457,1.967,397.386,395.726,True,0.133976,0.00208747,0.103617,4.44853
FS 0.10,2,v1_Ra40_repeat_20261001,1500,31.5578,1.79089e+09,0.3595,5.0404,0.3595,1.812,386.456,398.376,True,0.130291,0.00192298,0.107754,4.49092
FS 0.10,2,v1_Ra40_repeat_20261001,1500,31.5578,1.79089e+09,0.3733,4.6519,0.3733,1.7366,386.402,390.041,True,0.130273,0.00184296,0.11189,4.62047
FS 0.10,2,v1_Ra40_repeat_20261001,1500,31.5578,1.79089e+09,0.3872,3.9873,0.3872,1.5439,374.694,381.103,True,0.126326,0.00163846,0.116056,4.64183
FS 0.10,2,v1_Ra40_repeat_20261001,1600,33.6899,1.79089e+09,0.0079,21.1465,0.0079,0.1671,671.769,665.784,True,0.21215,0.000145752,0.00236788,0.170914
FS 0.10,2,v1_Ra40_repeat_20261001,1600,33.6899,1.79089e+09,0.0158,20.38,0.0158,0.322,658.398,665.625,True,0.207927,0.000280862,0.00473576,0.332102
FS 0.10,2,v1_Ra40_repeat_20261001,1600,33.6899,1.79089e+09,0.0315,20.0134,0.0315,0.6304,657.575,654.545,True,0.207667,0.000549861,0.00944154,0.660342
FS 0.10,2,v1_Ra40_repeat_20261001,1600,33.6899,1.79089e+09,0.0473,19.134,0.0473,0.905,645.454,650,True,0.203839,0.000789378,0.0141773,0.964774
FS 0.10,2,v1_Ra40_repeat_20261001,1600,33.6899,1.79089e+09,0.063,18.4476,0.063,1.1622,638.235,640.556,True,0.201559,0.00101372,0.0188831,1.26142
FS 0.10,2,v1_Ra40_repeat_20261001,1600,33.6899,1.79089e+09,0.0788,17.8825,0.0788,1.4091,632.352,635.294,True,0.199702,0.00122908,0.0236188,1.55788
FS 0.10,2,v1_Ra40_repeat_20261001,1600,33.6899,1.79089e+09,0.0946,17.1026,0.0946,1.6179,614.286,621.429,True,0.193996,0.0014112,0.0283546,1.82614
FS 0.10,2,v1_Ra40_repeat_20261001,1600,33.6899,1.79089e+09,0.1103,16.6873,0.1103,1.8406,611.428,612.857,True,0.193094,0.00160545,0.0330604,2.11772
FS 0.10,2,v1_Ra40_repeat_20261001,1600,33.6899,1.79089e+09,0.1261,16.0759,0.1261,2.0272,608.334,610.695,True,0.192116,0.00176821,0.0377962,2.38351
FS 0.10,2,v1_Ra40_repeat_20261001,1600,33.6899,1.79089e+09,0.1418,15.7131,0.1418,2.2281,605.555,603.491,True,0.191239,0.00194344,0.0425019,2.6729
FS 0.10,2,v1_Ra40_repeat_20261001,1600,33.6899,1.79089e+09,0.1576,14.906,0.1576,2.3492,589.189,592.658,True,0.18607,0.00204907,0.0472377,2.89291
FS 0.10,2,v1_Ra40_repeat_20261001,1600,33.6899,1.79089e+09,0.1733,14.5367,0.1733,2.5192,591.49,591.668,True,0.186797,0.00219735,0.0519435,3.17101
FS 0.10,2,v1_Ra40_repeat_20261001,1600,33.6899,1.79089e+09,0.1891,13.4992,0.1891,2.5527,572.444,583.783,True,0.180782,0.00222657,0.0566792,3.32315
FS 0.10,2,v1_Ra40_repeat_20261001,1600,33.6899,1.79089e+09,0.2049,12.8481,0.2049,2.6326,557.228,560.526,True,0.175977,0.00229626,0.061415,3.5316
FS 0.10,2,v1_Ra40_repeat_20261001,1600,33.6899,1.79089e+09,0.2206,12.5413,0.2206,2.7666,551.282,553.847,True,0.174099,0.00241314,0.0661208,3.80313
FS 0.10,2,v1_Ra40_repeat_20261001,1600,33.6899,1.79089e+09,0.2364,11.4899,0.2364,2.7162,536.212,551.424,True,0.16934,0.00236918,0.0708565,3.901
FS 0.10,2,v1_Ra40_repeat_20261001,1600,33.6899,1.79089e+09,0.2521,11.1664,0.2521,2.815,526.216,520.432,True,0.166183,0.00245536,0.0755623,4.15694
FS 0.10,2,v1_Ra40_repeat_20261001,1600,33.6899,1.79089e+09,0.2679,10.3686,0.2679,2.7777,523.696,530.488,True,0.165387,0.00242282,0.0802981,4.28764
FS 0.10,2,v1_Ra40_repeat_20261001,1600,33.6899,1.79089e+09,0.2837,9.7365,0.2837,2.7622,504.651,513.611,True,0.159372,0.0024093,0.0850339,4.45004
FS 0.10,2,v1_Ra40_repeat_20261001,1600,33.6899,1.79089e+09,0.2994,9.4904,0.2994,2.8414,504.501,502.325,True,0.159325,0.00247839,0.0897396,4.71581
FS 0.10,2,v1_Ra40_repeat_20261001,1600,33.6899,1.79089e+09,0.3152,8.4841,0.3152,2.6742,484.884,494.318,True,0.15313,0.00233255,0.0944754,4.74624
FS 0.10,2,v1_Ra40_repeat_20261001,1600,33.6899,1.79089e+09,0.3309,8.1509,0.3309,2.6971,471.739,472.827,True,0.148979,0.00235252,0.0991812,4.97532
FS 0.10,2,v1_Ra40_repeat_20261001,1600,33.6899,1.79089e+09,0.3467,7.2656,0.3467,2.519,463.044,474.713,True,0.146233,0.00219718,0.103917,5.01458
FS 0.10,2,v1_Ra40_repeat_20261001,1600,33.6899,1.79089e+09,0.3624,6.7451,0.3624,2.4444,458.885,457.384,True,0.144919,0.00213211,0.108623,5.16577
FS 0.10,2,v1_Ra40_repeat_20261001,1600,33.6899,1.79089e+09,0.3782,6.4105,0.3782,2.4245,452.771,453.126,True,0.142988,0.00211475,0.113358,5.38295
FS 0.10,2,v1_Ra40_repeat_20261001,1600,33.6899,1.79089e+09,0.394,5.7717,0.394,2.274,439.14,444.526,True,0.138684,0.00198348,0.118094,5.47944
FS 0.10,2,v1_Ra40_repeat_20261001,1600,33.6899,1.79089e+09,0.4097,5.4051,0.4097,2.2145,427.451,427.489,True,0.134992,0.00193158,0.1228,5.67516
FS 0.10,2,v1_Ra40_repeat_20261001,1600,33.6899,1.79089e+09,0.4255,4.6513,0.4255,1.9791,414.273,423.53,True,0.13083,0.00172625,0.127536,5.70648
FS 0.10,2,v1_Ra40_repeat_20261001,1700,35.822,1.79089e+09,0.0089,22.7604,0.0089,0.2026,723.333,725.002,True,0.214838,0.000147003,0.00266761,0.207073
FS 0.10,2,v1_Ra40_repeat_20261001,1700,35.822,1.79089e+09,0.0178,22.1504,0.0178,0.3943,716.667,719.999,True,0.212858,0.000286096,0.00533522,0.406386
FS 0.10,2,v1_Ra40_repeat_20261001,1700,35.822,1.79089e+09,0.0356,21.8444,0.0356,0.7777,720.001,714.999,True,0.213848,0.000564284,0.0106704,0.814433
FS 0.10,2,v1_Ra40_repeat_20261001,1700,35.822,1.79089e+09,0.0534,20.8919,0.0534,1.1156,706.266,705,True,0.209769,0.000809457,0.0160057,1.18954
FS 0.10,2,v1_Ra40_repeat_20261001,1700,35.822,1.79089e+09,0.0713,20.1492,0.0713,1.4366,701.81,703.736,True,0.208445,0.00104237,0.0213709,1.56062
FS 0.10,2,v1_Ra40_repeat_20261001,1700,35.822,1.79089e+09,0.0891,19.5657,0.0891,1.7433,696.774,691.936,True,0.206949,0.0012649,0.0267061,1.92972
FS 0.10,2,v1_Ra40_repeat_20261001,1700,35.822,1.79089e+09,0.1069,18.6862,0.1069,1.9976,678.125,679.687,True,0.20141,0.00144942,0.0320413,2.25898
FS 0.10,2,v1_Ra40_repeat_20261001,1700,35.822,1.79089e+09,0.1247,17.9949,0.1247,2.244,671.875,675.001,True,0.199554,0.0016282,0.0373765,2.59289
FS 0.10,2,v1_Ra40_repeat_20261001,1700,35.822,1.79089e+09,0.1425,17.6386,0.1425,2.5135,663.636,665.029,True,0.197107,0.00182375,0.0427118,2.96247
FS 0.10,2,v1_Ra40_repeat_20261001,1700,35.822,1.79089e+09,0.1603,16.5941,0.1603,2.66,655.216,665.625,True,0.194606,0.00193004,0.048047,3.22161
FS 0.10,2,v1_Ra40_repeat_20261001,1700,35.822,1.79089e+09,0.1782,16.1566,0.1782,2.8791,648.485,654.545,True,0.192607,0.00208902,0.0534122,3.56664
FS 0.10,2,v1_Ra40_repeat_20261001,1700,35.822,1.79089e+09,0.196,15.3857,0.196,3.0156,626.471,635.295,True,0.186068,0.00218806,0.0587474,3.84097
FS 0.10,2,v1_Ra40_repeat_20261001,1700,35.822,1.79089e+09,0.2138,14.652,0.2138,3.1326,622.857,626.89,True,0.184995,0.00227295,0.0640826,4.10836
FS 0.10,2,v1_Ra40_repeat_20261001,1700,35.822,1.79089e+09,0.2316,14.0671,0.2316,3.2579,617.143,625.714,True,0.183298,0.00236387,0.0694178,4.39661
FS 0.10,2,v1_Ra40_repeat_20261001,1700,35.822,1.79089e+09,0.2494,13.3397,0.2494,3.3269,597.222,605.843,True,0.177381,0.00241393,0.0747531,4.64112
FS 0.10,2,v1_Ra40_repeat_20261001,1700,35.822,1.79089e+09,0.2672,12.8255,0.2672,3.427,594.349,595.833,True,0.176528,0.00248656,0.0800883,4.92929
FS 0.10,2,v1_Ra40_repeat_20261001,1700,35.822,1.79089e+09,0.2851,12.1025,0.2851,3.4504,584.922,582.076,True,0.173728,0.00250354,0.0854535,5.15448
FS 0.10,2,v1_Ra40_repeat_20261001,1700,35.822,1.79089e+09,0.3029,11.6253,0.3029,3.5213,582.093,583.784,True,0.172888,0.00255499,0.0907887,5.43864
FS 0.10,2,v1_Ra40_repeat_20261001,1700,35.822,1.79089e+09,0.3207,10.7876,0.3207,3.4596,563.158,571.699,True,0.167264,0.00251022,0.0961239,5.60276
FS 0.10,2,v1_Ra40_repeat_20261001,1700,35.822,1.79089e+09,0.3385,10.3455,0.3385,3.502,558.975,560.295,True,0.166021,0.00254098,0.101459,5.88354
FS 0.10,2,v1_Ra40_repeat_20261001,1700,35.822,1.79089e+09,0.3563,9.501,0.3563,3.3852,547.5,550.735,True,0.162613,0.00245623,0.106794,6.01768
FS 0.10,2,v1_Ra40_repeat_20261001,1700,35.822,1.79089e+09,0.3741,8.9429,0.3741,3.3455,533.244,540,True,0.158379,0.00242743,0.11213,6.24148
FS 0.10,2,v1_Ra40_repeat_20261001,1700,35.822,1.79089e+09,0.392,8.2842,0.392,3.2474,523.81,531.043,True,0.155577,0.00235625,0.117495,6.42103
FS 0.10,2,v1_Ra40_repeat_20261001,1700,35.822,1.79089e+09,0.4098,7.7262,0.4098,3.1662,514.286,514.286,True,0.152748,0.00229733,0.12283,6.62852
FS 0.10,2,v1_Ra40_repeat_20261001,1700,35.822,1.79089e+09,0.4276,7.1202,0.4276,3.0446,505.012,507.143,True,0.149994,0.0022091,0.128165,6.80817
FS 0.10,2,v1_Ra40_repeat_20261001,1700,35.822,1.79089e+09,0.4454,6.4056,0.4454,2.8531,488.636,496.488,True,0.14513,0.00207015,0.1335,6.93048
FS 0.10,2,v1_Ra40_repeat_20261001,1700,35.822,1.79089e+09,0.4632,5.5779,0.4632,2.5837,473.523,476.666,True,0.140641,0.00187468,0.138836,6.98745
FS 0.10,2,v1_Ra40_repeat_20261001,1700,35.822,1.79089e+09,0.481,5.5331,0.481,2.6614,480.596,471.073,True,0.142742,0.00193106,0.144171,7.40408
FS 0.10,2,v1_Ra40_repeat_20261001,1800,37.9542,1.79089e+09,0.01,25.7114,0.01,0.2571,811.111,805.556,True,0.227375,0.000156841,0.00299732,0.262344
FS 0.10,2,v1_Ra40_repeat_20261001,1800,37.9542,1.79089e+09,0.02,24.6801,0.02,0.4936,796.296,803.77,True,0.223222,0.000301116,0.00599463,0.508052
FS 0.10,2,v1_Ra40_repeat_20261001,1800,37.9542,1.79089e+09,0.04,24.0102,0.04,0.9604,792.593,800,True,0.222184,0.000585882,0.0119893,1.00516
FS 0.10,2,v1_Ra40_repeat_20261001,1800,37.9542,1.79089e+09,0.06,22.636,0.06,1.3582,771.428,782.143,True,0.216251,0.000828556,0.0179839,1.44913
FS 0.10,2,v1_Ra40_repeat_20261001,1800,37.9542,1.79089e+09,0.08,22.1804,0.08,1.7744,767.857,766.073,True,0.21525,0.00108245,0.0239785,1.92735
FS 0.10,2,v1_Ra40_repeat_20261001,1800,37.9542,1.79089e+09,0.1,21.1655,0.1,2.1166,751.725,765.517,True,0.210728,0.00129121,0.0299732,2.34743
FS 0.10,2,v1_Ra40_repeat_20261001,1800,37.9542,1.79089e+09,0.12,20.5084,0.12,2.461,744.827,743.593,True,0.208794,0.00150131,0.0359678,2.78556
FS 0.10,2,v1_Ra40_repeat_20261001,1800,37.9542,1.79089e+09,0.14,19.6449,0.14,2.7503,737.931,739.656,True,0.206861,0.00167779,0.0419624,3.18446
FS 0.10,2,v1_Ra40_repeat_20261001,1800,37.9542,1.79089e+09,0.16,18.783,0.16,3.0053,726.505,725.242,True,0.203658,0.00183335,0.0479571,3.56491
FS 0.10,2,v1_Ra40_repeat_20261001,1800,37.9542,1.79089e+09,0.18,18.4682,0.18,3.3243,720,725,True,0.201835,0.00202795,0.0539517,4.02521
FS 0.10,2,v1_Ra40_repeat_20261001,1800,37.9542,1.79089e+09,0.2,17.6483,0.2,3.5297,707.079,715.001,True,0.198212,0.00215326,0.0599463,4.38777
FS 0.10,2,v1_Ra40_repeat_20261001,1800,37.9542,1.79089e+09,0.22,16.6931,0.22,3.6725,705.371,715.001,True,0.197734,0.00224037,0.0659409,4.70359
FS 0.10,2,v1_Ra40_repeat_20261001,1800,37.9542,1.79089e+09,0.24,16.2029,0.24,3.8887,692.459,693.569,True,0.194114,0.00237226,0.0719356,5.10867
FS 0.10,2,v1_Ra40_repeat_20261001,1800,37.9542,1.79089e+09,0.26,15.0938,0.26,3.9244,675,679.688,True,0.18922,0.00239404,0.0779302,5.3491
FS 0.10,2,v1_Ra40_repeat_20261001,1800,37.9542,1.79089e+09,0.28,14.5466,0.28,4.073,665.015,665.624,True,0.186421,0.00248469,0.0839248,5.71829
FS 0.10,2,v1_Ra40_repeat_20261001,1800,37.9542,1.79089e+09,0.3,13.7203,0.3,4.1161,654.37,663.216,True,0.183437,0.00251098,0.0899195,5.99784
FS 0.10,2,v1_Ra40_repeat_20261001,1800,37.9542,1.79089e+09,0.32,13.1103,0.32,4.1953,642.423,648.269,True,0.180088,0.0025593,0.0959141,6.32934
FS 0.10,2,v1_Ra40_repeat_20261001,1800,37.9542,1.79089e+09,0.34,12.619,0.34,4.2905,640.324,645.455,True,0.179499,0.00261738,0.101909,6.6927
FS 0.10,2,v1_Ra40_repeat_20261001,1800,37.9542,1.79089e+09,0.36,11.8097,0.36,4.2515,622.857,633.242,True,0.174603,0.00259358,0.107903,6.93772
FS 0.10,2,v1_Ra40_repeat_20261001,1800,37.9542,1.79089e+09,0.38,11.1864,0.38,4.2508,615.353,615.543,True,0.172499,0.00259316,0.113898,7.23689
FS 0.10,2,v1_Ra40_repeat_20261001,1800,37.9542,1.79089e+09,0.4,10.279,0.4,4.1116,600,604.167,True,0.168195,0.00250824,0.119893,7.41342
FS 0.10,2,v1_Ra40_repeat_20261001,1800,37.9542,1.79089e+09,0.42,9.783,0.42,4.1089,586.573,600,True,0.164432,0.00250659,0.125887,7.74231
FS 0.10,2,v1_Ra40_repeat_20261001,1800,37.9542,1.79089e+09,0.44,9.1524,0.44,4.0271,581.08,586.221,True,0.162892,0.00245669,0.131882,8.00795
FS 0.10,2,v1_Ra40_repeat_20261001,1800,37.9542,1.79089e+09,0.46,8.2605,0.46,3.7998,565.514,573.854,True,0.158528,0.00231803,0.137877,8.14395
FS 0.10,2,v1_Ra40_repeat_20261001,1800,37.9542,1.79089e+09,0.48,7.7425,0.48,3.7164,563.158,559.033,True,0.157868,0.00226715,0.143871,8.43971
FS 0.10,2,v1_Ra40_repeat_20261001,1800,37.9542,1.79089e+09,0.5,6.7598,0.5,3.3799,549.525,553.846,True,0.154046,0.00206187,0.149866,8.49822
FS 0.10,2,v1_Ra40_repeat_20261001,1800,37.9542,1.79089e+09,0.52,6.5166,0.52,3.3886,536.816,526.829,True,0.150483,0.00206718,0.15586,8.91779
FS 0.20,1,v1_Ra80_20261001,500,10.2365,1.79089e+09,0.001,2.9714,0.001,0.003,100.663,96.8611,True,0.104626,9.32819e-05,0.000299732,0.00334601
FS 0.20,1,v1_Ra80_20261001,500,10.2365,1.79089e+09,0.002,3.0772,0.002,0.0062,106.594,104.679,True,0.110791,0.000192783,0.000599463,0.00693166
FS 0.20,1,v1_Ra80_20261001,500,10.2365,1.79089e+09,0.004,2.9677,0.004,0.0119,108,107.814,True,0.112252,0.000370018,0.00119893,0.0135219
FS 0.20,1,v1_Ra80_20261001,500,10.2365,1.79089e+09,0.006,2.8572,0.006,0.0171,107.112,108,True,0.111329,0.000531707,0.00179839,0.0197707
FS 0.20,1,v1_Ra80_20261001,500,10.2365,1.79089e+09,0.008,2.859,0.008,0.0229,105.735,105.882,True,0.109897,0.000712052,0.00239785,0.026778
FS 0.20,1,v1_Ra80_20261001,500,10.2365,1.79089e+09,0.01,2.5023,0.01,0.025,101.67,104.863,True,0.105673,0.000777349,0.00299732,0.030244
FS 0.20,1,v1_Ra80_20261001,500,10.2365,1.79089e+09,0.012,2.2909,0.012,0.0275,96.2874,100,True,0.100078,0.000855084,0.00359678,0.0342685
FS 0.20,1,v1_Ra80_20261001,500,10.2365,1.79089e+09,0.014,2.08,0.014,0.0291,90.8358,92.0079,True,0.0944117,0.000904834,0.00419624,0.0375515
FS 0.20,1,v1_Ra80_20261001,500,10.2365,1.79089e+09,0.016,1.7959,0.016,0.0287,85.494,88.6345,True,0.0888596,0.000892397,0.00479571,0.0389932
FS 0.20,1,v1_Ra80_20261001,500,10.2365,1.79089e+09,0.018,1.6838,0.018,0.0303,80.2227,80.899,True,0.0833808,0.000942147,0.00539517,0.0425934
FS 0.20,1,v1_Ra80_20261001,500,10.2365,1.79089e+09,0.02,1.4509,0.02,0.029,76.5957,79.3861,True,0.079611,0.000901725,0.00599463,0.0434521
FS 0.20,1,v1_Ra80_20261001,500,10.2365,1.79089e+09,0.022,1.277,0.022,0.0281,73.0455,74.152,True,0.0759211,0.00087374,0.00659409,0.0448695
FS 0.20,1,v1_Ra80_20261001,500,10.2365,1.79089e+09,0.024,1.2202,0.024,0.0293,68.6059,70.8197,True,0.0713067,0.000911053,0.00719356,0.0485454
FS 0.20,1,v1_Ra80_20261001,500,10.2365,1.79089e+09,0.026,0.8517,0.026,0.0221,61.7953,66.4615,True,0.0642279,0.000687177,0.00779302,0.0439798
FS 0.20,1,v1_Ra80_20261001,500,10.2365,1.79089e+09,0.028,0.6752,0.028,0.0189,59.479,60.3352,True,0.0618205,0.000587676,0.00839248,0.0435729
FS 0.20,1,v1_Ra80_20261001,600,12.3687,1.79089e+09,0.0011,4.6978,0.0011,0.0052,155.396,154.654,True,0.133671,9.16581e-05,0.000329705,0.00558279
FS 0.20,1,v1_Ra80_20261001,600,12.3687,1.79089e+09,0.0021,4.4672,0.0021,0.0094,151.836,154.158,True,0.130609,0.00016569,0.000629436,0.0101724
FS 0.20,1,v1_Ra80_20261001,600,12.3687,1.79089e+09,0.0042,4.3436,0.0042,0.0182,149.679,148.398,True,0.128754,0.000320803,0.00125887,0.0199196
FS 0.20,1,v1_Ra80_20261001,600,12.3687,1.79089e+09,0.0064,4.1038,0.0064,0.0263,146.939,148.735,True,0.126397,0.000463578,0.00191828,0.0291995
FS 0.20,1,v1_Ra80_20261001,600,12.3687,1.79089e+09,0.0085,4.0017,0.0085,0.034,144.12,144,True,0.123972,0.000599303,0.00254772,0.0382047
FS 0.20,1,v1_Ra80_20261001,600,12.3687,1.79089e+09,0.0106,3.7767,0.0106,0.04,140.593,141.625,True,0.120938,0.000705062,0.00317715,0.0456847
FS 0.20,1,v1_Ra80_20261001,600,12.3687,1.79089e+09,0.0127,3.495,0.0127,0.0444,132.434,137.58,True,0.11392,0.000782619,0.00380659,0.0517395
FS 0.20,1,v1_Ra80_20261001,600,12.3687,1.79089e+09,0.0149,3.4166,0.0149,0.0509,130.12,131.169,True,0.11193,0.000897192,0.004466,0.0601606
FS 0.20,1,v1_Ra80_20261001,600,12.3687,1.79089e+09,0.017,3.1484,0.017,0.0535,125.604,128.066,True,0.108044,0.000943021,0.00509544,0.0647734
FS 0.20,1,v1_Ra80_20261001,600,12.3687,1.79089e+09,0.0191,3.0405,0.0191,0.0581,123.106,124.856,True,0.105896,0.0010241,0.00572487,0.0715611
FS 0.20,1,v1_Ra80_20261001,600,12.3687,1.79089e+09,0.0212,2.8204,0.0212,0.0598,119.423,122.034,True,0.102728,0.00105407,0.00635431,0.0756235
FS 0.20,1,v1_Ra80_20261001,600,12.3687,1.79089e+09,0.0234,2.5469,0.0234,0.0596,114.261,118.547,True,0.0982875,0.00105054,0.00701372,0.0780859
FS 0.20,1,v1_Ra80_20261001,600,12.3687,1.79089e+09,0.0255,2.4104,0.0255,0.0615,110.15,110.766,True,0.0947511,0.00108403,0.00764316,0.0827063
FS 0.20,1,v1_Ra80_20261001,600,12.3687,1.79089e+09,0.0276,2.3734,0.0276,0.0655,108.327,109.645,True,0.0931829,0.00115454,0.00827259,0.0896016
FS 0.20,1,v1_Ra80_20261001,600,12.3687,1.79089e+09,0.0297,2.1093,0.0297,0.0626,101.864,104.854,True,0.0876235,0.00110342,0.00890203,0.0897716
FS 0.20,1,v1_Ra80_20261001,600,12.3687,1.79089e+09,0.0319,2.0831,0.0319,0.0665,98.6767,99.6139,True,0.0848817,0.00117217,0.00956144,0.0970754
FS 0.20,1,v1_Ra80_20261001,600,12.3687,1.79089e+09,0.034,1.989,0.034,0.0676,96.016,97.3295,True,0.082593,0.00119155,0.0101909,0.101603
FS 0.20,1,v1_Ra80_20261001,600,12.3687,1.79089e+09,0.0361,1.5762,0.0361,0.0569,89.2562,93.8965,True,0.0767782,0.00100295,0.0108203,0.0945062
FS 0.20,1,v1_Ra80_20261001,600,12.3687,1.79089e+09,0.0382,1.5683,0.0382,0.0599,87.3767,87.805,True,0.0751614,0.00105583,0.0114497,0.101284
FS 0.20,1,v1_Ra80_20261001,600,12.3687,1.79089e+09,0.0404,1.2172,0.0404,0.0492,82.1292,85.4837,True,0.0706475,0.000867226,0.0121092,0.0947289
FS 0.20,1,v1_Ra80_20261001,600,12.3687,1.79089e+09,0.0425,1.1822,0.0425,0.0502,81.4032,79.4119,True,0.070023,0.000884853,0.0127386,0.0998645
FS 0.20,1,v1_Ra80_20261001,700,14.5008,1.79089e+09,0.0015,5.7484,0.0015,0.0086,187.826,189.13,True,0.137812,9.40718e-05,0.000449597,0.00913388
FS 0.20,1,v1_Ra80_20261001,700,14.5008,1.79089e+09,0.0029,5.6142,0.0029,0.0163,186.269,187.826,True,0.136669,0.000178299,0.000869222,0.0174126
FS 0.20,1,v1_Ra80_20261001,700,14.5008,1.79089e+09,0.0058,5.3739,0.0058,0.0312,181.696,183.612,True,0.133314,0.000341284,0.00173844,0.0337587
FS 0.20,1,v1_Ra80_20261001,700,14.5008,1.79089e+09,0.0088,5.1848,0.0088,0.0456,180.2,181.513,True,0.132217,0.000498799,0.00263764,0.0500054
FS 0.20,1,v1_Ra80_20261001,700,14.5008,1.79089e+09,0.0117,4.9173,0.0117,0.0575,176.312,178.343,True,0.129363,0.000628968,0.00350686,0.0640297
FS 0.20,1,v1_Ra80_20261001,700,14.5008,1.79089e+09,0.0146,4.7259,0.0146,0.069,172.236,173.501,True,0.126373,0.000754762,0.00437608,0.0779874
FS 0.20,1,v1_Ra80_20261001,700,14.5008,1.79089e+09,0.0175,4.6302,0.0175,0.081,171.921,173.794,True,0.126142,0.000886025,0.0052453,0.0927784
FS 0.20,1,v1_Ra80_20261001,700,14.5008,1.79089e+09,0.0204,4.4073,0.0204,0.0899,165.394,168.896,True,0.121353,0.000983378,0.00611452,0.104803
FS 0.20,1,v1_Ra80_20261001,700,14.5008,1.79089e+09,0.0234,4.2601,0.0234,0.0997,163.636,164.612,True,0.120063,0.00109058,0.00701372,0.118186
FS 0.20,1,v1_Ra80_20261001,700,14.5008,1.79089e+09,0.0263,4.0451,0.0263,0.1064,158.453,162.154,True,0.11626,0.00116387,0.00788294,0.128689
FS 0.20,1,v1_Ra80_20261001,700,14.5008,1.79089e+09,0.0292,3.8672,0.0292,0.1129,151.551,154.568,True,0.111196,0.00123497,0.00875216,0.139325
FS 0.20,1,v1_Ra80_20261001,700,14.5008,1.79089e+09,0.0321,3.5034,0.0321,0.1125,147.439,150.335,True,0.108179,0.00123059,0.00962138,0.143394
FS 0.20,1,v1_Ra80_20261001,700,14.5008,1.79089e+09,0.035,3.1892,0.035,0.1116,138.381,142.571,True,0.101533,0.00122075,0.0104906,0.147297
FS 0.20,1,v1_Ra80_20261001,700,14.5008,1.79089e+09,0.038,3.0061,0.038,0.1142,135.849,136.206,True,0.0996751,0.00124919,0.0113898,0.155217
FS 0.20,1,v1_Ra80_20261001,700,14.5008,1.79089e+09,0.0409,2.847,0.0409,0.1164,131.886,134.162,True,0.0967671,0.00127325,0.012259,0.162898
FS 0.20,1,v1_Ra80_20261001,700,14.5008,1.79089e+09,0.0438,2.7371,0.0438,0.1199,130.121,131.238,True,0.095472,0.00131154,0.0131282,0.172212
FS 0.20,1,v1_Ra80_20261001,700,14.5008,1.79089e+09,0.0467,2.6373,0.0467,0.1232,127.059,128.199,True,0.0932255,0.00134763,0.0139975,0.18166
FS 0.20,1,v1_Ra80_20261001,700,14.5008,1.79089e+09,0.0496,2.3721,0.0496,0.1177,122.471,124.44,True,0.0898595,0.00128747,0.0148667,0.182642
FS 0.20,1,v1_Ra80_20261001,700,14.5008,1.79089e+09,0.0525,2.0769,0.0525,0.109,115.276,118.681,True,0.0845803,0.00119231,0.0157359,0.180756
FS 0.20,1,v1_Ra80_20261001,700,14.5008,1.79089e+09,0.0555,1.7807,0.0555,0.0988,107.504,111.34,True,0.0788778,0.00108073,0.0166351,0.177957
FS 0.20,1,v1_Ra80_20261001,700,14.5008,1.79089e+09,0.0584,1.5949,0.0584,0.0931,100.947,103.349,True,0.0740669,0.00101838,0.0175043,0.17975
FS 0.20,1,v1_Ra80_20261001,700,14.5008,1.79089e+09,0.0613,1.315,0.0613,0.0806,96.533,96.2983,True,0.0708282,0.00088165,0.0183735,0.175076
FS 0.20,1,v1_Ra80_20261001,800,16.6329,1.79089e+09,0.0019,7.0389,0.0019,0.0134,225.786,223.447,True,0.144428,9.71261e-05,0.00056949,0.0140913
FS 0.20,1,v1_Ra80_20261001,800,16.6329,1.79089e+09,0.0038,6.8402,0.0038,0.026,224.439,224.331,True,0.143566,0.000188454,0.00113898,0.0275257
FS 0.20,1,v1_Ra80_20261001,800,16.6329,1.79089e+09,0.0077,6.5106,0.0077,0.0501,221.019,222.81,True,0.141378,0.000363135,0.00230793,0.0537868
FS 0.20,1,v1_Ra80_20261001,800,16.6329,1.79089e+09,0.0115,6.2923,0.0115,0.0724,216.741,218.481,True,0.138642,0.000524771,0.00344691,0.0787725
FS 0.20,1,v1_Ra80_20261001,800,16.6329,1.79089e+09,0.0154,5.9392,0.0154,0.0915,212.354,214.424,True,0.135836,0.000663212,0.00461587,0.101224
FS 0.20,1,v1_Ra80_20261001,800,16.6329,1.79089e+09,0.0192,5.7607,0.0192,0.1106,207.619,207.467,True,0.132807,0.000801652,0.00575485,0.12417
FS 0.20,1,v1_Ra80_20261001,800,16.6329,1.79089e+09,0.023,5.4529,0.023,0.1254,202.63,204.02,True,0.129616,0.000908926,0.00689383,0.143388
FS 0.20,1,v1_Ra80_20261001,800,16.6329,1.79089e+09,0.0269,5.5172,0.0269,0.1484,201.869,201.869,True,0.129129,0.00107563,0.00806278,0.171517
FS 0.20,1,v1_Ra80_20261001,800,16.6329,1.79089e+09,0.0307,5.0875,0.0307,0.1562,197.562,200.879,True,0.126374,0.00113217,0.00920176,0.184895
FS 0.20,1,v1_Ra80_20261001,800,16.6329,1.79089e+09,0.0346,4.8488,0.0346,0.1678,188.015,191.42,True,0.120267,0.00121625,0.0103707,0.202815
FS 0.20,1,v1_Ra80_20261001,800,16.6329,1.79089e+09,0.0384,4.6794,0.0384,0.1797,186.991,189.131,True,0.119612,0.0013025,0.0115097,0.221453
FS 0.20,1,v1_Ra80_20261001,800,16.6329,1.79089e+09,0.0423,4.3435,0.0423,0.1837,180.672,183.699,True,0.11557,0.0013315,0.0126786,0.232963
FS 0.20,1,v1_Ra80_20261001,800,16.6329,1.79089e+09,0.0461,4.207,0.0461,0.1939,175.103,180.293,True,0.112008,0.00140543,0.0138176,0.251061
FS 0.20,1,v1_Ra80_20261001,800,16.6329,1.79089e+09,0.0499,3.9744,0.0499,0.1983,168.75,174.006,True,0.107944,0.00143732,0.0149566,0.263931
FS 0.20,1,v1_Ra80_20261001,800,16.6329,1.79089e+09,0.0538,3.5767,0.0538,0.1924,161.532,165.295,True,0.103327,0.00139456,0.0161256,0.267319
FS 0.20,1,v1_Ra80_20261001,800,16.6329,1.79089e+09,0.0576,3.4257,0.0576,0.1973,156.416,160,True,0.100054,0.00143007,0.0172645,0.281849
FS 0.20,1,v1_Ra80_20261001,800,16.6329,1.79089e+09,0.0615,2.9748,0.0615,0.183,149.163,153.139,True,0.0954149,0.00132642,0.0184335,0.278028
FS 0.20,1,v1_Ra80_20261001,800,16.6329,1.79089e+09,0.0653,2.6782,0.0653,0.1749,141.891,144.639,True,0.0907629,0.00126771,0.0195725,0.280718
FS 0.20,1,v1_Ra80_20261001,800,16.6329,1.79089e+09,0.0691,2.4444,0.0691,0.1689,135.461,137.801,True,0.0866499,0.00122422,0.0207115,0.286081
FS 0.20,1,v1_Ra80_20261001,800,16.6329,1.79089e+09,0.073,2.3764,0.073,0.1735,130.725,133.333,True,0.0836203,0.00125757,0.0218804,0.302937
FS 0.20,1,v1_Ra80_20261001,800,16.6329,1.79089e+09,0.0768,2.1008,0.0768,0.1613,127.154,129.351,True,0.0813359,0.00116914,0.0230194,0.30326
FS 0.20,1,v1_Ra80_20261001,800,16.6329,1.79089e+09,0.0807,2.09,0.0807,0.1687,128.18,126.316,True,0.0819927,0.00122277,0.0241883,0.324107
FS 0.20,1,v1_Ra80_20261001,800,16.6329,1.79089e+09,0.0845,1.6819,0.0845,0.1421,120.301,124.621,True,0.0769525,0.00102997,0.0253273,0.311189
FS 0.20,1,v1_Ra80_20261001,800,16.6329,1.79089e+09,0.0883,1.3183,0.0883,0.1164,108.9,113.684,True,0.0696596,0.000843692,0.0264663,0.299744
FS 0.20,1,v1_Ra80_20261001,900,18.765,1.79089e+09,0.0024,8.2527,0.0024,0.0198,263.414,265.206,True,0.149352,9.99431e-05,0.000719356,0.020697
FS 0.20,1,v1_Ra80_20261001,900,18.765,1.79089e+09,0.0049,8.0758,0.0049,0.0396,264.198,266.029,True,0.149797,0.000199886,0.00146868,0.0416742
FS 0.20,1,v1_Ra80_20261001,900,18.765,1.79089e+09,0.0098,7.8701,0.0098,0.0771,263.415,264.65,True,0.149353,0.000389172,0.00293737,0.0822002
FS 0.20,1,v1_Ra80_20261001,900,18.765,1.79089e+09,0.0147,7.4871,0.0147,0.1101,258.666,262.096,True,0.14666,0.000555744,0.00440605,0.119178
FS 0.20,1,v1_Ra80_20261001,900,18.765,1.79089e+09,0.0196,7.3552,0.0196,0.1442,255.074,256.674,True,0.144624,0.000727868,0.00587474,0.158208
FS 0.20,1,v1_Ra80_20261001,900,18.765,1.79089e+09,0.0244,6.8438,0.0244,0.167,248.053,251.601,True,0.140643,0.000842954,0.00731345,0.18676
FS 0.20,1,v1_Ra80_20261001,900,18.765,1.79089e+09,0.0293,6.7948,0.0293,0.1991,244.873,245.454,True,0.13884,0.00100498,0.00878214,0.225673
FS 0.20,1,v1_Ra80_20261001,900,18.765,1.79089e+09,0.0342,6.3657,0.0342,0.2177,237.293,240.429,True,0.134542,0.00109887,0.0102508,0.252039
FS 0.20,1,v1_Ra80_20261001,900,18.765,1.79089e+09,0.0391,6.1995,0.0391,0.2424,234.783,234.783,True,0.133119,0.00122355,0.0117195,0.285456
FS 0.20,1,v1_Ra80_20261001,900,18.765,1.79089e+09,0.044,5.8818,0.044,0.2588,226.676,229.787,True,0.128522,0.00130633,0.0131882,0.311526
FS 0.20,1,v1_Ra80_20261001,900,18.765,1.79089e+09,0.0489,5.5835,0.0489,0.273,220.757,223.972,True,0.125166,0.001378,0.0146569,0.336347
FS 0.20,1,v1_Ra80_20261001,900,18.765,1.79089e+09,0.0538,5.3406,0.0538,0.2873,216,217.394,True,0.122469,0.00145018,0.0161256,0.362219
FS 0.20,1,v1_Ra80_20261001,900,18.765,1.79089e+09,0.0587,5.2539,0.0587,0.3084,216.517,216,True,0.122762,0.00155669,0.0175942,0.395844
FS 0.20,1,v1_Ra80_20261001,900,18.765,1.79089e+09,0.0636,5.0014,0.0636,0.3181,213.861,213.861,True,0.121257,0.00160565,0.0190629,0.41902
FS 0.20,1,v1_Ra80_20261001,900,18.765,1.79089e+09,0.0684,4.5868,0.0684,0.3137,204.873,211.05,True,0.11616,0.00158344,0.0205016,0.428745
FS 0.20,1,v1_Ra80_20261001,900,18.765,1.79089e+09,0.0733,4.2413,0.0733,0.3109,195.936,200,True,0.111093,0.00156931,0.0219703,0.441305
FS 0.20,1,v1_Ra80_20261001,900,18.765,1.79089e+09,0.0782,3.8801,0.0782,0.3034,185.685,189.934,True,0.105281,0.00153145,0.023439,0.450118
FS 0.20,1,v1_Ra80_20261001,900,18.765,1.79089e+09,0.0831,3.4204,0.0831,0.2842,175.551,181.036,True,0.0995351,0.00143454,0.0249077,0.448182
FS 0.20,1,v1_Ra80_20261001,900,18.765,1.79089e+09,0.088,3.0715,0.088,0.2703,168.632,173.351,True,0.0956123,0.00136437,0.0263764,0.452498
FS 0.20,1,v1_Ra80_20261001,900,18.765,1.79089e+09,0.0929,2.8969,0.0929,0.2691,160.573,163.123,True,0.0910429,0.00135832,0.0278451,0.470466
FS 0.20,1,v1_Ra80_20261001,900,18.765,1.79089e+09,0.0978,2.8093,0.0978,0.2747,159.71,162.295,True,0.0905535,0.00138658,0.0293137,0.496185
FS 0.20,1,v1_Ra80_20261001,900,18.765,1.79089e+09,0.1027,2.6012,0.1027,0.2671,154.781,156.728,True,0.0877586,0.00134822,0.0307824,0.509656
FS 0.20,1,v1_Ra80_20261001,900,18.765,1.79089e+09,0.1076,2.0581,0.1076,0.2215,148.535,153.978,True,0.0842172,0.00111805,0.0322511,0.48608
FS 0.20,1,v1_Ra80_20261001,900,18.765,1.79089e+09,0.1124,1.9804,0.1124,0.2226,142.533,142.105,True,0.0808142,0.0011236,0.0336898,0.509676
FS 0.20,1,v1_Ra80_20261001,1000,20.8972,1.79089e+09,0.003,10.2746,0.003,0.0308,327.273,329.545,True,0.166627,0.000112571,0.000899195,0.031957
FS 0.20,1,v1_Ra80_20261001,1000,20.8972,1.79089e+09,0.0061,9.9805,0.0061,0.0609,324.286,327.273,True,0.165106,0.000222583,0.00182836,0.0636273
FS 0.20,1,v1_Ra80_20261001,1000,20.8972,1.79089e+09,0.0121,9.6778,0.0121,0.1171,322.388,322.388,True,0.16414,0.000427987,0.00362675,0.123949
FS 0.20,1,v1_Ra80_20261001,1000,20.8972,1.79089e+09,0.0182,9.1768,0.0182,0.167,313.043,317.625,True,0.159382,0.000610366,0.00545511,0.179502
FS 0.20,1,v1_Ra80_20261001,1000,20.8972,1.79089e+09,0.0243,8.9889,0.0243,0.2184,312.025,315.218,True,0.158863,0.000798228,0.00728348,0.23803
FS 0.20,1,v1_Ra80_20261001,1000,20.8972,1.79089e+09,0.0303,8.6682,0.0303,0.2626,309.806,308.572,True,0.157734,0.000959774,0.00908187,0.290681
FS 0.20,1,v1_Ra80_20261001,1000,20.8972,1.79089e+09,0.0364,8.4075,0.0364,0.306,302.149,304.225,True,0.153835,0.0011184,0.0109102,0.344135
FS 0.20,1,v1_Ra80_20261001,1000,20.8972,1.79089e+09,0.0424,8.199,0.0424,0.3476,297.26,298.224,True,0.151346,0.00127044,0.0127086,0.397064
FS 0.20,1,v1_Ra80_20261001,1000,20.8972,1.79089e+09,0.0485,7.8042,0.0485,0.3785,291.892,295.731,True,0.148613,0.00138338,0.014537,0.440944
FS 0.20,1,v1_Ra80_20261001,1000,20.8972,1.79089e+09,0.0546,7.4287,0.0546,0.4056,286.588,291.501,True,0.145913,0.00148242,0.0163653,0.482499
FS 0.20,1,v1_Ra80_20261001,1000,20.8972,1.79089e+09,0.0606,7.161,0.0606,0.434,279.221,281.854,True,0.142162,0.00158622,0.0181637,0.526557
FS 0.20,1,v1_Ra80_20261001,1000,20.8972,1.79089e+09,0.0667,6.8942,0.0667,0.4598,270,274.708,True,0.137467,0.00168052,0.0199921,0.569738
FS 0.20,1,v1_Ra80_20261001,1000,20.8972,1.79089e+09,0.0728,6.5932,0.0728,0.48,269.248,270,True,0.137084,0.00175435,0.0218205,0.608794
FS 0.20,1,v1_Ra80_20261001,1000,20.8972,1.79089e+09,0.0788,6.2093,0.0788,0.4893,257.831,260.782,True,0.131271,0.00178834,0.0236188,0.63808
FS 0.20,1,v1_Ra80_20261001,1000,20.8972,1.79089e+09,0.0849,5.9806,0.0849,0.5078,256.088,260.241,True,0.130384,0.00185595,0.0254472,0.678363
FS 0.20,1,v1_Ra80_20261001,1000,20.8972,1.79089e+09,0.0909,5.632,0.0909,0.5119,249.425,251.861,True,0.126992,0.00187094,0.0272456,0.705327
FS 0.20,1,v1_Ra80_20261001,1000,20.8972,1.79089e+09,0.097,5.4249,0.097,0.5262,246.065,246.552,True,0.125281,0.0019232,0.029074,0.744335
FS 0.20,1,v1_Ra80_20261001,1000,20.8972,1.79089e+09,0.1031,5.0209,0.1031,0.5177,236.957,237.622,True,0.120643,0.00189214,0.0309023,0.762019
FS 0.20,1,v1_Ra80_20261001,1000,20.8972,1.79089e+09,0.1091,4.8866,0.1091,0.5331,234.783,234.783,True,0.119537,0.00194842,0.0327007,0.804612
FS 0.20,1,v1_Ra80_20261001,1000,20.8972,1.79089e+09,0.1152,4.6549,0.1152,0.5362,233.755,233.239,True,0.119013,0.00195975,0.0345291,0.836821
FS 0.20,1,v1_Ra80_20261001,1000,20.8972,1.79089e+09,0.1213,4.1078,0.1213,0.4983,217.684,224.252,True,0.110831,0.00182123,0.0363574,0.829505
FS 0.20,1,v1_Ra80_20261001,1000,20.8972,1.79089e+09,0.1273,3.7595,0.1273,0.4786,210.147,211.108,True,0.106994,0.00174923,0.0381558,0.841327
FS 0.20,1,v1_Ra80_20261001,1000,20.8972,1.79089e+09,0.1334,3.2895,0.1334,0.4388,201.62,205.744,True,0.102652,0.00160376,0.0399842,0.835038
FS 0.20,1,v1_Ra80_20261001,1000,20.8972,1.79089e+09,0.1394,3.2731,0.1394,0.4563,198.165,198.165,True,0.100893,0.00166773,0.0417826,0.886938
FS 0.20,1,v1_Ra80_20261001,1000,20.8972,1.79089e+09,0.1455,2.701,0.1455,0.393,190.18,194.766,True,0.0968276,0.00143637,0.0436109,0.860074
FS 0.20,1,v1_Ra80_20261001,1000,20.8972,1.79089e+09,0.1516,2.1841,0.1516,0.3311,179.583,182.055,True,0.0914325,0.00121013,0.0454393,0.836086
FS 0.20,1,v1_Ra80_20261001,1100,23.0293,1.79089e+09,0.0037,12.4271,0.0037,0.046,392.364,390.546,True,0.181272,0.000125618,0.00110901,0.0474782
FS 0.20,1,v1_Ra80_20261001,1100,23.0293,1.79089e+09,0.0074,12.0915,0.0074,0.0895,391.072,390.899,True,0.180675,0.000244409,0.00221801,0.0929992
FS 0.20,1,v1_Ra80_20261001,1100,23.0293,1.79089e+09,0.0147,11.2403,0.0147,0.1652,377.589,385.714,True,0.174446,0.000451133,0.00440605,0.174278
FS 0.20,1,v1_Ra80_20261001,1100,23.0293,1.79089e+09,0.0221,10.9239,0.0221,0.2414,369.373,369.828,True,0.17065,0.000659222,0.00662407,0.258289
FS 0.20,1,v1_Ra80_20261001,1100,23.0293,1.79089e+09,0.0295,10.5306,0.0295,0.3107,365.161,367.513,True,0.168704,0.000848469,0.00884208,0.337572
FS 0.20,1,v1_Ra80_20261001,1100,23.0293,1.79089e+09,0.0368,10.3492,0.0368,0.3809,363.331,366.101,True,0.167859,0.00104017,0.0110301,0.419746
FS 0.20,1,v1_Ra80_20261001,1100,23.0293,1.79089e+09,0.0442,10.055,0.0442,0.4444,360,362.5,True,0.16632,0.00121358,0.0132481,0.49754
FS 0.20,1,v1_Ra80_20261001,1100,23.0293,1.79089e+09,0.0515,9.7083,0.0515,0.5,350.528,354.098,True,0.161944,0.00136541,0.0154362,0.569369
FS 0.20,1,v1_Ra80_20261001,1100,23.0293,1.79089e+09,0.0589,9.364,0.0589,0.5515,346.774,350.807,True,0.160209,0.00150605,0.0176542,0.639475
FS 0.20,1,v1_Ra80_20261001,1100,23.0293,1.79089e+09,0.0663,8.9371,0.0663,0.5925,337.642,343.768,True,0.15599,0.00161802,0.0198722,0.701253
FS 0.20,1,v1_Ra80_20261001,1100,23.0293,1.79089e+09,0.0736,8.498,0.0736,0.6255,332.934,337.5,True,0.153815,0.00170813,0.0220602,0.756877
FS 0.20,1,v1_Ra80_20261001,1100,23.0293,1.79089e+09,0.081,8.4193,0.081,0.682,332.308,331.769,True,0.153526,0.00186243,0.0242783,0.838466
FS 0.20,1,v1_Ra80_20261001,1100,23.0293,1.79089e+09,0.0884,8.0388,0.0884,0.7106,327.165,328.155,True,0.15115,0.00194053,0.0264963,0.894327
FS 0.20,1,v1_Ra80_20261001,1100,23.0293,1.79089e+09,0.0957,7.878,0.0957,0.7539,322.388,322.388,True,0.148943,0.00205877,0.0286843,0.966646
FS 0.20,1,v1_Ra80_20261001,1100,23.0293,1.79089e+09,0.1031,7.2943,0.1031,0.752,311.13,314.981,True,0.143742,0.00205358,0.0309023,0.996319
FS 0.20,1,v1_Ra80_20261001,1100,23.0293,1.79089e+09,0.1104,7.282,0.1104,0.8039,310,308.572,True,0.14322,0.00219531,0.0330904,1.08149
FS 0.20,1,v1_Ra80_20261001,1100,23.0293,1.79089e+09,0.1178,6.8276,0.1178,0.8043,302.817,303.929,True,0.139901,0.00219641,0.0353084,1.11778
FS 0.20,1,v1_Ra80_20261001,1100,23.0293,1.79089e+09,0.1252,6.4421,0.1252,0.8066,295.891,300.087,True,0.136701,0.00220269,0.0375264,1.15813
FS 0.20,1,v1_Ra80_20261001,1100,23.0293,1.79089e+09,0.1325,6.2474,0.1325,0.8278,293.704,293.836,True,0.135691,0.00226058,0.0397144,1.219
FS 0.20,1,v1_Ra80_20261001,1100,23.0293,1.79089e+09,0.1399,5.888,0.1399,0.8237,284.519,288.312,True,0.131448,0.00224938,0.0419324,1.25727
FS 0.20,1,v1_Ra80_20261001,1100,23.0293,1.79089e+09,0.1473,5.5428,0.1473,0.8165,278.205,278.811,True,0.128531,0.00222972,0.0441505,1.29461
FS 0.20,1,v1_Ra80_20261001,1100,23.0293,1.79089e+09,0.1546,5.1661,0.1546,0.7987,270,274.077,True,0.12474,0.00218111,0.0463385,1.32287
FS 0.20,1,v1_Ra80_20261001,1100,23.0293,1.79089e+09,0.162,4.7814,0.162,0.7746,266.361,267.262,True,0.123059,0.0021153,0.0485565,1.34762
FS 0.20,1,v1_Ra80_20261001,1100,23.0293,1.79089e+09,0.1694,4.4849,0.1694,0.7597,258.584,260.241,True,0.119466,0.00207461,0.0507745,1.38374
FS 0.20,1,v1_Ra80_20261001,1100,23.0293,1.79089e+09,0.1767,3.9602,0.1767,0.6998,248.08,251.984,True,0.114613,0.00191103,0.0529626,1.3763
FS 0.20,1,v1_Ra80_20261001,1100,23.0293,1.79089e+09,0.1841,3.5744,0.1841,0.658,236.956,239.324,True,0.109474,0.00179689,0.0551806,1.38984
FS 0.20,1,v1_Ra80_20261001,1100,23.0293,1.79089e+09,0.1914,3.0374,0.1914,0.5814,227.66,232.694,True,0.105179,0.0015877,0.0573686,1.36995
FS 0.20,1,v1_Ra80_20261001,1200,25.1614,1.79089e+09,0.0044,13.8489,0.0044,0.0609,440.259,443.75,True,0.186164,0.000127511,0.00131882,0.062719
FS 0.20,1,v1_Ra80_20261001,1200,25.1614,1.79089e+09,0.0088,13.5702,0.0088,0.1194,437.988,438.017,True,0.185204,0.000249997,0.00263764,0.123805
FS 0.20,1,v1_Ra80_20261001,1200,25.1614,1.79089e+09,0.0176,13.3107,0.0176,0.2343,434,432.001,True,0.183517,0.000490573,0.00527528,0.246181
FS 0.20,1,v1_Ra80_20261001,1200,25.1614,1.79089e+09,0.0264,12.7128,0.0264,0.3356,428.853,432,True,0.181341,0.000702673,0.00791291,0.358026
FS 0.20,1,v1_Ra80_20261001,1200,25.1614,1.79089e+09,0.0352,12.3739,0.0352,0.4356,421.154,424.129,True,0.178085,0.000912051,0.0105506,0.471641
FS 0.20,1,v1_Ra80_20261001,1200,25.1614,1.79089e+09,0.0439,11.7985,0.0439,0.518,413.461,415.385,True,0.174832,0.00108458,0.0131582,0.570519
FS 0.20,1,v1_Ra80_20261001,1200,25.1614,1.79089e+09,0.0527,11.3523,0.0527,0.5983,406.661,408.453,True,0.171957,0.00125271,0.0157959,0.670539
FS 0.20,1,v1_Ra80_20261001,1200,25.1614,1.79089e+09,0.0615,10.927,0.0615,0.672,399.194,404.718,True,0.1688,0.00140702,0.0184335,0.767028
FS 0.20,1,v1_Ra80_20261001,1200,25.1614,1.79089e+09,0.0703,10.7445,0.0703,0.7553,394.445,397.222,True,0.166791,0.00158143,0.0210711,0.876188
FS 0.20,1,v1_Ra80_20261001,1200,25.1614,1.79089e+09,0.0791,10.4028,0.0791,0.8229,392.727,392.727,True,0.166065,0.00172297,0.0237088,0.972717
FS 0.20,1,v1_Ra80_20261001,1200,25.1614,1.79089e+09,0.0879,9.8528,0.0879,0.8661,383.302,385.861,True,0.162079,0.00181342,0.0263464,1.04792
FS 0.20,1,v1_Ra80_20261001,1200,25.1614,1.79089e+09,0.0967,9.6191,0.0967,0.9302,378.947,381.579,True,0.160238,0.00194763,0.028984,1.14709
FS 0.20,1,v1_Ra80_20261001,1200,25.1614,1.79089e+09,0.1055,9.0666,0.1055,0.9565,371.363,376.59,True,0.157031,0.0020027,0.0316217,1.21152
FS 0.20,1,v1_Ra80_20261001,1200,25.1614,1.79089e+09,0.1143,8.7636,0.1143,1.0017,362.712,363.559,True,0.153373,0.00209734,0.0342593,1.29793
FS 0.20,1,v1_Ra80_20261001,1200,25.1614,1.79089e+09,0.1231,8.4427,0.1231,1.0393,360,363.882,True,0.152226,0.00217607,0.036897,1.37981
FS 0.20,1,v1_Ra80_20261001,1200,25.1614,1.79089e+09,0.1318,8.0182,0.1318,1.0568,348.387,351.845,True,0.147316,0.00221271,0.0395046,1.44411
FS 0.20,1,v1_Ra80_20261001,1200,25.1614,1.79089e+09,0.1406,7.5483,0.1406,1.0613,339.062,340.207,True,0.143373,0.00222213,0.0421423,1.49899
FS 0.20,1,v1_Ra80_20261001,1200,25.1614,1.79089e+09,0.1494,7.3692,0.1494,1.101,336.162,337.163,True,0.142147,0.00230525,0.0447799,1.59214
FS 0.20,1,v1_Ra80_20261001,1200,25.1614,1.79089e+09,0.1582,6.8912,0.1582,1.0902,331.719,335.157,True,0.140268,0.00228264,0.0474175,1.63787
FS 0.20,1,v1_Ra80_20261001,1200,25.1614,1.79089e+09,0.167,6.4,0.167,1.0688,322.538,327.273,True,0.136386,0.00223783,0.0500552,1.67606
FS 0.20,1,v1_Ra80_20261001,1200,25.1614,1.79089e+09,0.1758,6.4058,0.1758,1.1261,322.388,320.952,True,0.136322,0.00235781,0.0526928,1.79602
FS 0.20,1,v1_Ra80_20261001,1200,25.1614,1.79089e+09,0.1846,5.9326,0.1846,1.0952,316.467,320.149,True,0.133818,0.00229311,0.0553305,1.83085
FS 0.20,1,v1_Ra80_20261001,1200,25.1614,1.79089e+09,0.1934,5.6804,0.1934,1.0986,311.625,313.043,True,0.131771,0.00230023,0.0579681,1.90306
FS 0.20,1,v1_Ra80_20261001,1200,25.1614,1.79089e+09,0.2022,5.3603,0.2022,1.0839,306.538,312.266,True,0.12962,0.00226945,0.0606057,1.96023
FS 0.20,1,v1_Ra80_20261001,1200,25.1614,1.79089e+09,0.211,4.9878,0.211,1.0524,294.165,297.419,True,0.124388,0.00220349,0.0632434,2.00367
FS 0.20,1,v1_Ra80_20261001,1200,25.1614,1.79089e+09,0.2197,4.5436,0.2197,0.9982,288.084,296.021,True,0.121817,0.00209001,0.065851,2.02658
FS 0.20,1,v1_Ra80_20261001,1200,25.1614,1.79089e+09,0.2285,4.1472,0.2285,0.9476,276.923,282.018,True,0.117097,0.00198407,0.0684887,2.05703
FS 0.20,1,v1_Ra80_20261001,1200,25.1614,1.79089e+09,0.2373,3.8328,0.2373,0.9095,270.767,273.439,True,0.114494,0.00190429,0.0711263,2.10305
FS 0.20,1,v1_Ra80_20261001,1200,25.1614,1.79089e+09,0.2461,3.0538,0.2461,0.7515,257.459,265.939,True,0.108867,0.00157348,0.0737639,2.03223
FS 0.20,1,v1_Ra80_20261001,1200,25.1614,1.79089e+09,0.2549,2.2894,0.2549,0.5836,234.556,246.796,True,0.0991823,0.00122193,0.0764016,1.95459
FS 0.20,1,v1_Ra80_20261001,1300,27.2935,1.79089e+09,0.0052,16.2664,0.0052,0.0846,510.755,512.438,True,0.199102,0.00013878,0.0015586,0.0868321
FS 0.20,1,v1_Ra80_20261001,1300,27.2935,1.79089e+09,0.0103,15.7705,0.0103,0.1624,508.253,507.389,True,0.198126,0.000266405,0.00308724,0.167863
FS 0.20,1,v1_Ra80_20261001,1300,27.2935,1.79089e+09,0.0207,15.1837,0.0207,0.3143,502.325,505.775,True,0.195816,0.000515586,0.00620444,0.329545
FS 0.20,1,v1_Ra80_20261001,1300,27.2935,1.79089e+09,0.031,14.5178,0.031,0.4501,491.547,498.837,True,0.191614,0.000738356,0.00929168,0.47926
FS 0.20,1,v1_Ra80_20261001,1300,27.2935,1.79089e+09,0.0414,14.0997,0.0414,0.5837,484.423,486.7,True,0.188837,0.000957517,0.0124089,0.631176
FS 0.20,1,v1_Ra80_20261001,1300,27.2935,1.79089e+09,0.0517,13.3416,0.0517,0.6898,465.088,471.97,True,0.1813,0.00113157,0.0154961,0.759643
FS 0.20,1,v1_Ra80_20261001,1300,27.2935,1.79089e+09,0.0621,12.5939,0.0621,0.7821,450.993,456.383,True,0.175805,0.00128298,0.0186133,0.878794
FS 0.20,1,v1_Ra80_20261001,1300,27.2935,1.79089e+09,0.0724,12.1745,0.0724,0.8814,444.724,445.413,True,0.173362,0.00144587,0.0217006,1.00891
FS 0.20,1,v1_Ra80_20261001,1300,27.2935,1.79089e+09,0.0827,11.9186,0.0827,0.9857,442.209,441.789,True,0.172381,0.00161697,0.0247878,1.14824
FS 0.20,1,v1_Ra80_20261001,1300,27.2935,1.79089e+09,0.0931,11.3647,0.0931,1.0581,432,435,True,0.168402,0.00173573,0.027905,1.26027
FS 0.20,1,v1_Ra80_20261001,1300,27.2935,1.79089e+09,0.1034,10.8406,0.1034,1.1209,424.253,429,True,0.165381,0.00183875,0.0309922,1.36654
FS 0.20,1,v1_Ra80_20261001,1300,27.2935,1.79089e+09,0.1138,10.5119,0.1138,1.1963,417.308,420.378,True,0.162674,0.00196244,0.0341095,1.49011
FS 0.20,1,v1_Ra80_20261001,1300,27.2935,1.79089e+09,0.1241,10.0442,0.1241,1.2465,411.321,417,True,0.16034,0.00204479,0.0371967,1.59224
FS 0.20,1,v1_Ra80_20261001,1300,27.2935,1.79089e+09,0.1345,9.751,0.1345,1.3115,407.547,407.547,True,0.158869,0.00215142,0.0403139,1.71394
FS 0.20,1,v1_Ra80_20261001,1300,27.2935,1.79089e+09,0.1448,9.1887,0.1448,1.3305,398.106,404.6,True,0.155189,0.00218259,0.0434011,1.79332
FS 0.20,1,v1_Ra80_20261001,1300,27.2935,1.79089e+09,0.1551,8.9321,0.1551,1.3854,394.545,395.455,True,0.153801,0.00227265,0.0464884,1.9128
FS 0.20,1,v1_Ra80_20261001,1300,27.2935,1.79089e+09,0.1655,8.2988,0.1655,1.3735,382.143,387.313,True,0.148967,0.00225313,0.0496056,1.97038
FS 0.20,1,v1_Ra80_20261001,1300,27.2935,1.79089e+09,0.1758,8.1929,0.1758,1.4403,378.947,378.947,True,0.147721,0.00236271,0.0526928,2.11022
FS 0.20,1,v1_Ra80_20261001,1300,27.2935,1.79089e+09,0.1862,7.3675,0.1862,1.3718,370.241,377.823,True,0.144327,0.00225034,0.05581,2.11974
FS 0.20,1,v1_Ra80_20261001,1300,27.2935,1.79089e+09,0.1965,7.2399,0.1965,1.4226,360,362.5,True,0.140335,0.00233367,0.0588973,2.25203
FS 0.20,1,v1_Ra80_20261001,1300,27.2935,1.79089e+09,0.2069,6.836,0.2069,1.4144,357.076,357.5,True,0.139195,0.00232022,0.0620145,2.33037
FS 0.20,1,v1_Ra80_20261001,1300,27.2935,1.79089e+09,0.2172,6.5701,0.2172,1.427,348.474,348.388,True,0.135841,0.00234089,0.0651017,2.43292
FS 0.20,1,v1_Ra80_20261001,1300,27.2935,1.79089e+09,0.2275,5.9177,0.2275,1.3463,343.297,349.863,True,0.133824,0.00220851,0.0681889,2.44636
FS 0.20,1,v1_Ra80_20261001,1300,27.2935,1.79089e+09,0.2379,5.8522,0.2379,1.3922,344.804,344.699,True,0.134411,0.0022838,0.0713061,2.59159
FS 0.20,1,v1_Ra80_20261001,1300,27.2935,1.79089e+09,0.2482,5.23,0.2482,1.2981,327.993,338.561,True,0.127858,0.00212944,0.0743934,2.60009
FS 0.20,1,v1_Ra80_20261001,1300,27.2935,1.79089e+09,0.2586,4.9057,0.2586,1.2686,317.911,325.149,True,0.123928,0.00208104,0.0775106,2.67846
FS 0.20,1,v1_Ra80_20261001,1300,27.2935,1.79089e+09,0.2689,4.5064,0.2689,1.2118,316.176,317.647,True,0.123251,0.00198787,0.0805978,2.73271
FS 0.20,1,v1_Ra80_20261001,1300,27.2935,1.79089e+09,0.2793,4.2488,0.2793,1.1867,307.143,312.515,True,0.11973,0.00194669,0.083715,2.824
FS 0.20,1,v1_Ra80_20261001,1300,27.2935,1.79089e+09,0.2896,3.5044,0.2896,1.0149,296.763,306.04,True,0.115684,0.00166487,0.0868023,2.77171
FS 0.20,1,v1_Ra80_20261001,1300,27.2935,1.79089e+09,0.2999,3.4058,0.2999,1.0214,296.406,295.89,True,0.115545,0.00167553,0.0898895,2.90192
FS 0.20,1,v1_Ra80_20261001,1400,29.4257,1.79089e+09,0.006,17.8906,0.006,0.1073,565.79,572.368,True,0.204574,0.000140461,0.00179839,0.109971
FS 0.20,1,v1_Ra80_20261001,1400,29.4257,1.79089e+09,0.012,17.5226,0.012,0.2103,564.103,561.538,True,0.203964,0.000275294,0.00359678,0.217068
FS 0.20,1,v1_Ra80_20261001,1400,29.4257,1.79089e+09,0.024,16.8331,0.024,0.404,553.943,560.526,True,0.200291,0.000528858,0.00719356,0.423245
FS 0.20,1,v1_Ra80_20261001,1400,29.4257,1.79089e+09,0.0361,16.172,0.0361,0.5838,547.946,553.846,True,0.198123,0.000764226,0.0108203,0.621406
FS 0.20,1,v1_Ra80_20261001,1400,29.4257,1.79089e+09,0.0481,15.5826,0.0481,0.7495,533.18,540.001,True,0.192784,0.000981136,0.0144171,0.811048
FS 0.20,1,v1_Ra80_20261001,1400,29.4257,1.79089e+09,0.0601,14.8743,0.0601,0.8939,524.39,533.291,True,0.189605,0.00117016,0.0180139,0.985097
FS 0.20,1,v1_Ra80_20261001,1400,29.4257,1.79089e+09,0.0721,14.4411,0.0721,1.0412,519.512,523.17,True,0.187842,0.00136299,0.0216106,1.16776
FS 0.20,1,v1_Ra80_20261001,1400,29.4257,1.79089e+09,0.0842,13.7328,0.0842,1.1563,504.212,511.505,True,0.18231,0.00151366,0.0252374,1.32429
FS 0.20,1,v1_Ra80_20261001,1400,29.4257,1.79089e+09,0.0962,13.2033,0.0962,1.2702,494.983,502.326,True,0.178972,0.00166276,0.0288342,1.48501
FS 0.20,1,v1_Ra80_20261001,1400,29.4257,1.79089e+09,0.1082,12.8491,0.1082,1.3903,488.636,487.5,True,0.176678,0.00181998,0.032431,1.65764
FS 0.20,1,v1_Ra80_20261001,1400,29.4257,1.79089e+09,0.1202,12.1245,0.1202,1.4574,479.418,483.334,True,0.173345,0.00190781,0.0360277,1.78298
FS 0.20,1,v1_Ra80_20261001,1400,29.4257,1.79089e+09,0.1322,11.4343,0.1322,1.5116,462.182,475.72,True,0.167113,0.00197877,0.0396245,1.90113
FS 0.20,1,v1_Ra80_20261001,1400,29.4257,1.79089e+09,0.1443,11.3445,0.1443,1.637,463.83,462.766,True,0.167708,0.00214292,0.0432513,2.09679
FS 0.20,1,v1_Ra80_20261001,1400,29.4257,1.79089e+09,0.1563,10.65,0.1563,1.6646,452.083,455.178,True,0.163461,0.00217905,0.046848,2.1998
FS 0.20,1,v1_Ra80_20261001,1400,29.4257,1.79089e+09,0.1683,10.1586,0.1683,1.7097,440.817,445.826,True,0.159387,0.00223809,0.0504448,2.32602
FS 0.20,1,v1_Ra80_20261001,1400,29.4257,1.79089e+09,0.1803,9.9259,0.1803,1.7896,439.698,443.278,True,0.158983,0.00234268,0.0540416,2.49275
FS 0.20,1,v1_Ra80_20261001,1400,29.4257,1.79089e+09,0.1923,9.2647,0.1923,1.7816,432,435,True,0.1562,0.00233221,0.0576384,2.57729
FS 0.20,1,v1_Ra80_20261001,1400,29.4257,1.79089e+09,0.2044,8.8247,0.2044,1.8038,423.08,429,True,0.152974,0.00236127,0.0612651,2.69858
FS 0.20,1,v1_Ra80_20261001,1400,29.4257,1.79089e+09,0.2164,8.3374,0.2164,1.8042,413.462,417.821,True,0.149497,0.00236179,0.0648619,2.80298
FS 0.20,1,v1_Ra80_20261001,1400,29.4257,1.79089e+09,0.2284,7.9785,0.2284,1.8223,405.66,411.839,True,0.146676,0.00238549,0.0684587,2.93079
FS 0.20,1,v1_Ra80_20261001,1400,29.4257,1.79089e+09,0.2404,7.6334,0.2404,1.8351,401.852,403.779,True,0.145299,0.00240224,0.0720555,3.05901
FS 0.20,1,v1_Ra80_20261001,1400,29.4257,1.79089e+09,0.2525,7.0631,0.2525,1.7834,387.982,395.056,True,0.140284,0.00233457,0.0756822,3.12947
FS 0.20,1,v1_Ra80_20261001,1400,29.4257,1.79089e+09,0.2645,6.3847,0.2645,1.6888,380.317,389.402,True,0.137512,0.00221073,0.079279,3.16175
FS 0.20,1,v1_Ra80_20261001,1400,29.4257,1.79089e+09,0.2765,6.4522,0.2765,1.784,382.237,381.579,True,0.138206,0.00233535,0.0828758,3.38954
FS 0.20,1,v1_Ra80_20261001,1400,29.4257,1.79089e+09,0.2885,5.9191,0.2885,1.7077,370.689,377.039,True,0.134031,0.00223547,0.0864726,3.45154
FS 0.20,1,v1_Ra80_20261001,1400,29.4257,1.79089e+09,0.3005,5.4845,0.3005,1.6481,363.027,363.694,True,0.131261,0.00215745,0.0900693,3.53595
FS 0.20,1,v1_Ra80_20261001,1400,29.4257,1.79089e+09,0.3126,4.6888,0.3126,1.4657,350.751,358.299,True,0.126822,0.00191868,0.0936961,3.50454
FS 0.20,1,v1_Ra80_20261001,1400,29.4257,1.79089e+09,0.3246,4.2299,0.3246,1.373,343.265,346.704,True,0.124115,0.00179733,0.0972929,3.56731
FS 0.20,1,v1_Ra80_20261001,1500,31.5578,1.79089e+09,0.0069,19.7267,0.0069,0.1361,621.993,617.143,True,0.209701,0.000144436,0.00206815,0.139294
FS 0.20,1,v1_Ra80_20261001,1500,31.5578,1.79089e+09,0.0138,19.1319,0.0138,0.264,617.142,612.858,True,0.208066,0.000280169,0.0041363,0.272276
FS 0.20,1,v1_Ra80_20261001,1500,31.5578,1.79089e+09,0.0277,18.3122,0.0277,0.5072,608.333,607.425,True,0.205096,0.000538265,0.00830256,0.531444
FS 0.20,1,v1_Ra80_20261001,1500,31.5578,1.79089e+09,0.0415,17.7397,0.0415,0.7362,600,604.167,True,0.202287,0.00078129,0.0124389,0.783873
FS 0.20,1,v1_Ra80_20261001,1500,31.5578,1.79089e+09,0.0553,17.065,0.0553,0.9437,589.189,589.301,True,0.198642,0.0010015,0.0165752,1.02235
FS 0.20,1,v1_Ra80_20261001,1500,31.5578,1.79089e+09,0.0691,16.5519,0.0691,1.1437,583.784,579.73,True,0.196819,0.00121375,0.0207115,1.26088
FS 0.20,1,v1_Ra80_20261001,1500,31.5578,1.79089e+09,0.083,16.1661,0.083,1.3418,578.615,575.321,True,0.195077,0.00142398,0.0248777,1.50542
FS 0.20,1,v1_Ra80_20261001,1500,31.5578,1.79089e+09,0.0968,15.3861,0.0968,1.4894,563.158,572.368,True,0.189865,0.00158062,0.029014,1.7067
FS 0.20,1,v1_Ra80_20261001,1500,31.5578,1.79089e+09,0.1106,14.9936,0.1106,1.6583,560.994,568.421,True,0.189136,0.00175987,0.0331503,1.93683
FS 0.20,1,v1_Ra80_20261001,1500,31.5578,1.79089e+09,0.1244,14.2856,0.1244,1.7771,545,557.408,True,0.183744,0.00188594,0.0372866,2.12441
FS 0.20,1,v1_Ra80_20261001,1500,31.5578,1.79089e+09,0.1383,13.6849,0.1383,1.8926,539.498,543.053,True,0.181889,0.00200852,0.0414529,2.31682
FS 0.20,1,v1_Ra80_20261001,1500,31.5578,1.79089e+09,0.1521,13.0013,0.1521,1.9775,522.622,529.481,True,0.176199,0.00209862,0.0455892,2.48566
FS 0.20,1,v1_Ra80_20261001,1500,31.5578,1.79089e+09,0.1659,12.3384,0.1659,2.0469,516.667,517.857,True,0.174191,0.00217227,0.0497255,2.64654
FS 0.20,1,v1_Ra80_20261001,1500,31.5578,1.79089e+09,0.1797,11.9209,0.1797,2.1422,510.292,510.714,True,0.172042,0.0022734,0.0538618,2.84087
FS 0.20,1,v1_Ra80_20261001,1500,31.5578,1.79089e+09,0.1936,11.212,0.1936,2.1706,499.736,504.272,True,0.168483,0.00230354,0.058028,2.97666
FS 0.20,1,v1_Ra80_20261001,1500,31.5578,1.79089e+09,0.2074,10.425,0.2074,2.1621,480,489.246,True,0.161829,0.00229452,0.0621643,3.08234
FS 0.20,1,v1_Ra80_20261001,1500,31.5578,1.79089e+09,0.2212,9.8932,0.2212,2.1884,469.666,476.667,True,0.158345,0.00232243,0.0663006,3.23038
FS 0.20,1,v1_Ra80_20261001,1500,31.5578,1.79089e+09,0.2351,9.6752,0.2351,2.2746,467.392,463.201,True,0.157578,0.00241391,0.0704669,3.44683
FS 0.20,1,v1_Ra80_20261001,1500,31.5578,1.79089e+09,0.2489,8.87,0.2489,2.2077,455.613,462.766,True,0.153607,0.00234292,0.0746032,3.51682
FS 0.20,1,v1_Ra80_20261001,1500,31.5578,1.79089e+09,0.2627,8.6648,0.2627,2.2762,452.083,446.876,True,0.152417,0.00241561,0.0787395,3.72976
FS 0.20,1,v1_Ra80_20261001,1500,31.5578,1.79089e+09,0.2765,7.978,0.2765,2.2059,438.527,446.875,True,0.147847,0.00234101,0.0828758,3.81144
FS 0.20,1,v1_Ra80_20261001,1500,31.5578,1.79089e+09,0.2904,7.3687,0.2904,2.1399,428.111,434.833,True,0.144335,0.00227096,0.0870421,3.90617
FS 0.20,1,v1_Ra80_20261001,1500,31.5578,1.79089e+09,0.3042,7.0704,0.3042,2.1508,425.491,427.277,True,0.143452,0.00228253,0.0911783,4.08421
FS 0.20,1,v1_Ra80_20261001,1500,31.5578,1.79089e+09,0.318,6.9161,0.318,2.1993,427.45,423.53,True,0.144112,0.002334,0.0953146,4.3074
FS 0.20,1,v1_Ra80_20261001,1500,31.5578,1.79089e+09,0.3318,6.4521,0.3318,2.1408,417.308,416.362,True,0.140693,0.00227192,0.0994509,4.43114
FS 0.20,1,v1_Ra80_20261001,1500,31.5578,1.79089e+09,0.3457,5.6654,0.3457,1.9585,401.852,407.27,True,0.135482,0.00207845,0.103617,4.44003
FS 0.20,1,v1_Ra80_20261001,1500,31.5578,1.79089e+09,0.3595,5.4555,0.3595,1.9613,403.703,400,True,0.136106,0.00208142,0.107754,4.64022
FS 0.20,1,v1_Ra80_20261001,1500,31.5578,1.79089e+09,0.3733,5.0257,0.3733,1.8761,394.529,400,True,0.133013,0.00199101,0.11189,4.75997
FS 0.20,1,v1_Ra80_20261001,1500,31.5578,1.79089e+09,0.3872,4.2871,0.3872,1.66,377.978,384.855,True,0.127433,0.00176167,0.116056,4.75793
FS 0.20,1,v1_Ra80_20261001,1500,31.5578,1.79089e+09,0.401,3.8717,0.401,1.5526,373.118,369.828,True,0.125795,0.00164769,0.120192,4.87062
FS 0.20,1,v1_Ra80_20261001,1600,33.6899,1.79089e+09,0.0079,21.4916,0.0079,0.1698,681.251,681.895,True,0.215144,0.000148107,0.00236788,0.173614
FS 0.20,1,v1_Ra80_20261001,1600,33.6899,1.79089e+09,0.0158,21.2593,0.0158,0.3359,681.25,679.687,True,0.215144,0.000292986,0.00473576,0.346002
FS 0.20,1,v1_Ra80_20261001,1600,33.6899,1.79089e+09,0.0315,20.4276,0.0315,0.6435,675,675,True,0.21317,0.000561287,0.00944154,0.673442
FS 0.20,1,v1_Ra80_20261001,1600,33.6899,1.79089e+09,0.0473,19.4658,0.0473,0.9207,657.576,663.636,True,0.207667,0.000803073,0.0141773,0.980474
FS 0.20,1,v1_Ra80_20261001,1600,33.6899,1.79089e+09,0.063,18.6538,0.063,1.1752,645.454,650.001,True,0.203839,0.00102506,0.0188831,1.27442
FS 0.20,1,v1_Ra80_20261001,1600,33.6899,1.79089e+09,0.0788,18.0723,0.0788,1.4241,632.353,635.294,True,0.199702,0.00124216,0.0236188,1.57288
FS 0.20,1,v1_Ra80_20261001,1600,33.6899,1.79089e+09,0.0946,17.57,0.0946,1.6621,635.294,635.294,True,0.20063,0.00144975,0.0283546,1.87034
FS 0.20,1,v1_Ra80_20261001,1600,33.6899,1.79089e+09,0.1103,16.9931,0.1103,1.8743,619.91,630,True,0.195772,0.00163484,0.0330604,2.15142
FS 0.20,1,v1_Ra80_20261001,1600,33.6899,1.79089e+09,0.1261,16.0577,0.1261,2.0249,606.644,617.143,True,0.191583,0.0017662,0.0377962,2.38121
FS 0.20,1,v1_Ra80_20261001,1600,33.6899,1.79089e+09,0.1418,15.504,0.1418,2.1985,600.936,611.454,True,0.18978,0.00191762,0.0425019,2.6433
FS 0.20,1,v1_Ra80_20261001,1600,33.6899,1.79089e+09,0.1576,15.0667,0.1576,2.3745,594.445,600,True,0.18773,0.00207114,0.0472377,2.91821
FS 0.20,1,v1_Ra80_20261001,1600,33.6899,1.79089e+09,0.1733,14.2107,0.1733,2.4627,577.255,582.631,True,0.182301,0.00214807,0.0519435,3.11451
FS 0.20,1,v1_Ra80_20261001,1600,33.6899,1.79089e+09,0.1891,13.8381,0.1891,2.6168,573.684,576.819,True,0.181174,0.00228248,0.0566792,3.38725
FS 0.20,1,v1_Ra80_20261001,1600,33.6899,1.79089e+09,0.2049,13.1009,0.2049,2.6844,565.789,576.317,True,0.17868,0.00234144,0.061415,3.5834
FS 0.20,1,v1_Ra80_20261001,1600,33.6899,1.79089e+09,0.2206,12.4733,0.2206,2.7516,553.846,553.847,True,0.174909,0.00240006,0.0661208,3.78813
FS 0.20,1,v1_Ra80_20261001,1600,33.6899,1.79089e+09,0.2364,11.9479,0.2364,2.8245,543.59,550,True,0.17167,0.00246365,0.0708565,4.0093
FS 0.20,1,v1_Ra80_20261001,1600,33.6899,1.79089e+09,0.2521,10.9239,0.2521,2.7539,529.268,540.067,True,0.167147,0.00240207,0.0755623,4.09584
FS 0.20,1,v1_Ra80_20261001,1600,33.6899,1.79089e+09,0.2679,10.6445,0.2679,2.8517,521.428,521.666,True,0.164671,0.00248737,0.0802981,4.36164
FS 0.20,1,v1_Ra80_20261001,1600,33.6899,1.79089e+09,0.2837,10.0122,0.2837,2.8405,516.666,521.074,True,0.163167,0.0024776,0.0850339,4.52834
FS 0.20,1,v1_Ra80_20261001,1600,33.6899,1.79089e+09,0.2994,9.7143,0.2994,2.9085,509.302,508.535,True,0.160841,0.00253691,0.0897396,4.78291
FS 0.20,1,v1_Ra80_20261001,1600,33.6899,1.79089e+09,0.3152,8.7651,0.3152,2.7628,492.289,497.198,True,0.155468,0.00240983,0.0944754,4.83484
FS 0.20,1,v1_Ra80_20261001,1600,33.6899,1.79089e+09,0.3309,8.2388,0.3309,2.7262,480,483.334,True,0.151588,0.0023779,0.0991812,5.00442
FS 0.20,1,v1_Ra80_20261001,1600,33.6899,1.79089e+09,0.3467,7.5964,0.3467,2.6337,477.264,473.333,True,0.150723,0.00229722,0.103917,5.12928
FS 0.20,1,v1_Ra80_20261001,1600,33.6899,1.79089e+09,0.3624,7.1966,0.3624,2.608,462.141,466.304,True,0.145947,0.00227481,0.108623,5.32937
FS 0.20,1,v1_Ra80_20261001,1600,33.6899,1.79089e+09,0.3782,6.6316,0.3782,2.5081,457.447,459.575,True,0.144465,0.00218767,0.113358,5.46655
FS 0.20,1,v1_Ra80_20261001,1600,33.6899,1.79089e+09,0.394,6.2834,0.394,2.4757,450,444.099,True,0.142113,0.00215941,0.118094,5.68114
FS 0.20,1,v1_Ra80_20261001,1600,33.6899,1.79089e+09,0.4097,5.5606,0.4097,2.2782,444.52,444.561,True,0.140383,0.00198714,0.1228,5.73886
FS 0.20,1,v1_Ra80_20261001,1600,33.6899,1.79089e+09,0.4255,5.0133,0.4255,2.1332,423.53,430.113,True,0.133754,0.00186067,0.127536,5.86058
FS 0.20,1,v1_Ra80_20261001,1700,35.822,1.79089e+09,0.0089,24.2048,0.0089,0.2154,767.857,766.072,True,0.228062,0.00015629,0.00266761,0.219873
FS 0.20,1,v1_Ra80_20261001,1700,35.822,1.79089e+09,0.0178,23.4294,0.0178,0.417,757.414,766.071,True,0.22496,0.000302567,0.00533522,0.429086
FS 0.20,1,v1_Ra80_20261001,1700,35.822,1.79089e+09,0.0356,22.5121,0.0356,0.8014,748.276,746.682,True,0.222246,0.00058148,0.0106704,0.838133
FS 0.20,1,v1_Ra80_20261001,1700,35.822,1.79089e+09,0.0534,21.5958,0.0534,1.1532,726.667,729.648,True,0.215828,0.000836739,0.0160057,1.22714
FS 0.20,1,v1_Ra80_20261001,1700,35.822,1.79089e+09,0.0713,20.6253,0.0713,1.4706,713.333,730,True,0.211868,0.00106704,0.0213709,1.59462
FS 0.20,1,v1_Ra80_20261001,1700,35.822,1.79089e+09,0.0891,19.8623,0.0891,1.7697,705.235,708.278,True,0.209462,0.00128406,0.0267061,1.95612
FS 0.20,1,v1_Ra80_20261001,1700,35.822,1.79089e+09,0.1069,19.2393,0.1069,2.0567,693.548,701.613,True,0.205991,0.0014923,0.0320413,2.31808
FS 0.20,1,v1_Ra80_20261001,1700,35.822,1.79089e+09,0.1247,18.2511,0.1247,2.2759,681.251,682.821,True,0.202339,0.00165135,0.0373765,2.62479
FS 0.20,1,v1_Ra80_20261001,1700,35.822,1.79089e+09,0.1425,17.6978,0.1425,2.5219,676.258,679.687,True,0.200856,0.00182984,0.0427118,2.97087
FS 0.20,1,v1_Ra80_20261001,1700,35.822,1.79089e+09,0.1603,17.0821,0.1603,2.7383,664.56,670.313,True,0.197381,0.00198686,0.048047,3.29991
FS 0.20,1,v1_Ra80_20261001,1700,35.822,1.79089e+09,0.1782,16.5216,0.1782,2.9441,660.606,663.637,True,0.196207,0.00213618,0.0534122,3.63164
FS 0.20,1,v1_Ra80_20261001,1700,35.822,1.79089e+09,0.196,15.5148,0.196,3.0409,649.512,650.001,True,0.192912,0.00220642,0.0587474,3.86627
FS 0.20,1,v1_Ra80_20261001,1700,35.822,1.79089e+09,0.2138,15.2535,0.2138,3.2612,638.235,639.706,True,0.189563,0.00236626,0.0640826,4.23696
FS 0.20,1,v1_Ra80_20261001,1700,35.822,1.79089e+09,0.2316,14.2224,0.2316,3.2939,625.704,632.032,True,0.185841,0.00238999,0.0694178,4.43261
FS 0.20,1,v1_Ra80_20261001,1700,35.822,1.79089e+09,0.2494,13.3198,0.2494,3.322,603.648,617.143,True,0.17929,0.00241038,0.0747531,4.63622
FS 0.20,1,v1_Ra80_20261001,1700,35.822,1.79089e+09,0.2672,12.7254,0.2672,3.4002,600,595.833,True,0.178206,0.00246712,0.0800883,4.90249
FS 0.20,1,v1_Ra80_20261001,1700,35.822,1.79089e+09,0.2851,12.4293,0.2851,3.5436,595.175,600,True,0.176773,0.00257117,0.0854535,5.24768
FS 0.20,1,v1_Ra80_20261001,1700,35.822,1.79089e+09,0.3029,11.5482,0.3029,3.4979,579.156,595.833,True,0.172016,0.00253801,0.0907887,5.41524
FS 0.20,1,v1_Ra80_20261001,1700,35.822,1.79089e+09,0.3207,11.0136,0.3207,3.5321,576.666,575.791,True,0.171276,0.00256282,0.0961239,5.67526
FS 0.20,1,v1_Ra80_20261001,1700,35.822,1.79089e+09,0.3385,10.333,0.3385,3.4977,556.505,568.421,True,0.165288,0.00253786,0.101459,5.87924
FS 0.20,1,v1_Ra80_20261001,1700,35.822,1.79089e+09,0.3563,9.612,0.3563,3.4248,546.874,556.611,True,0.162427,0.00248497,0.106794,6.05728
FS 0.20,1,v1_Ra80_20261001,1700,35.822,1.79089e+09,0.3741,8.9802,0.3741,3.3595,537.499,537.358,True,0.159643,0.00243759,0.11213,6.25548
FS 0.20,1,v1_Ra80_20261001,1700,35.822,1.79089e+09,0.392,8.7932,0.392,3.4469,534.146,526.83,True,0.158647,0.002501,0.117495,6.62053
FS 0.20,1,v1_Ra80_20261001,1700,35.822,1.79089e+09,0.4098,7.9115,0.4098,3.2421,517.522,522.498,True,0.153709,0.0023524,0.12283,6.70442
FS 0.20,1,v1_Ra80_20261001,1700,35.822,1.79089e+09,0.4276,7.3427,0.4276,3.1397,509.524,514.85,True,0.151334,0.0022781,0.128165,6.90327
FS 0.20,1,v1_Ra80_20261001,1700,35.822,1.79089e+09,0.4454,6.7164,0.4454,2.9915,500,509.917,True,0.148505,0.00217057,0.1335,7.06888
FS 0.20,1,v1_Ra80_20261001,1700,35.822,1.79089e+09,0.4632,6.1426,0.4632,2.8453,495.361,502.326,True,0.147128,0.00206449,0.138836,7.24905
FS 0.20,1,v1_Ra80_20261001,1700,35.822,1.79089e+09,0.481,5.7116,0.481,2.7473,477.777,481.415,True,0.141905,0.00199339,0.144171,7.48998
FS 0.20,1,v1_Ra80_20261001,1700,35.822,1.79089e+09,0.4988,4.8393,0.4988,2.4138,465.602,479.444,True,0.138289,0.00175141,0.149506,7.50798
FS 0.20,1,v1_Ra80_20261001,1800,37.9542,1.79089e+09,0.01,26.8908,0.01,0.2689,848,852,True,0.237716,0.00016404,0.00299732,0.274144
FS 0.20,1,v1_Ra80_20261001,1800,37.9542,1.79089e+09,0.02,26.1835,0.02,0.5237,846.154,853.947,True,0.237199,0.000319478,0.00599463,0.538152
FS 0.20,1,v1_Ra80_20261001,1800,37.9542,1.79089e+09,0.04,25.2671,0.04,1.0107,826.924,830.77,True,0.231808,0.000616567,0.0119893,1.05546
FS 0.20,1,v1_Ra80_20261001,1800,37.9542,1.79089e+09,0.06,24.1955,0.06,1.4517,815.225,819.471,True,0.228528,0.000885595,0.0179839,1.54263
FS 0.20,1,v1_Ra80_20261001,1800,37.9542,1.79089e+09,0.08,23.3013,0.08,1.8641,804.695,806.418,True,0.225577,0.00113717,0.0239785,2.01705
FS 0.20,1,v1_Ra80_20261001,1800,37.9542,1.79089e+09,0.1,22.1872,0.1,2.2187,792.592,800,True,0.222184,0.0013535,0.0299732,2.44953
FS 0.20,1,v1_Ra80_20261001,1800,37.9542,1.79089e+09,0.12,21.859,0.12,2.6231,785.185,780.246,True,0.220108,0.0016002,0.0359678,2.94766
FS 0.20,1,v1_Ra80_20261001,1800,37.9542,1.79089e+09,0.14,21.1377,0.14,2.9593,782.143,782.144,True,0.219255,0.00180529,0.0419624,3.39346
FS 0.20,1,v1_Ra80_20261001,1800,37.9542,1.79089e+09,0.16,19.9616,0.16,3.1939,758.621,768.74,True,0.212661,0.00194841,0.0479571,3.75351
FS 0.20,1,v1_Ra80_20261001,1800,37.9542,1.79089e+09,0.18,19.1307,0.18,3.4435,744.827,750,True,0.208794,0.00210067,0.0539517,4.14441
FS 0.20,1,v1_Ra80_20261001,1800,37.9542,1.79089e+09,0.2,18.3723,0.2,3.6745,732.897,739.655,True,0.20545,0.00224159,0.0599463,4.53257
FS 0.20,1,v1_Ra80_20261001,1800,37.9542,1.79089e+09,0.22,17.9058,0.22,3.9393,737.931,734.482,True,0.206861,0.00240313,0.0659409,4.97039
FS 0.20,1,v1_Ra80_20261001,1800,37.9542,1.79089e+09,0.24,16.725,0.24,4.014,706.761,720.001,True,0.198123,0.0024487,0.0719356,5.23397
FS 0.20,1,v1_Ra80_20261001,1800,37.9542,1.79089e+09,0.26,16.057,0.26,4.1748,706.452,707.078,True,0.198037,0.00254679,0.0779302,5.5995
FS 0.20,1,v1_Ra80_20261001,1800,37.9542,1.79089e+09,0.28,15.3485,0.28,4.2976,700.017,705.001,True,0.196233,0.00262171,0.0839248,5.94289
FS 0.20,1,v1_Ra80_20261001,1800,37.9542,1.79089e+09,0.3,14.3918,0.3,4.3175,671.875,685.972,True,0.188344,0.00263385,0.0899195,6.19924
FS 0.20,1,v1_Ra80_20261001,1800,37.9542,1.79089e+09,0.32,13.6152,0.32,4.3569,662.461,660.995,True,0.185705,0.00265788,0.0959141,6.49094
FS 0.20,1,v1_Ra80_20261001,1800,37.9542,1.79089e+09,0.34,13.1063,0.34,4.4561,647.248,651.856,True,0.18144,0.0027184,0.101909,6.8583
FS 0.20,1,v1_Ra80_20261001,1800,37.9542,1.79089e+09,0.36,12.001,0.36,4.3204,632.353,644.059,True,0.177265,0.00263562,0.107903,7.00662
FS 0.20,1,v1_Ra80_20261001,1800,37.9542,1.79089e+09,0.38,11.7889,0.38,4.4798,634.025,632.786,True,0.177733,0.00273286,0.113898,7.46589
FS 0.20,1,v1_Ra80_20261001,1800,37.9542,1.79089e+09,0.4,11.1297,0.4,4.4519,629.768,630.883,True,0.17654,0.00271584,0.119893,7.75372
FS 0.20,1,v1_Ra80_20261001,1800,37.9542,1.79089e+09,0.42,10.1336,0.42,4.2561,605.714,617.607,True,0.169797,0.00259639,0.125887,7.88951
FS 0.20,1,v1_Ra80_20261001,1800,37.9542,1.79089e+09,0.44,9.1111,0.44,4.0089,581.081,594.792,True,0.162892,0.00244559,0.131882,7.98975
FS 0.20,1,v1_Ra80_20261001,1800,37.9542,1.79089e+09,0.46,8.5822,0.46,3.9478,573.685,576.499,True,0.160819,0.00240831,0.137877,8.29195
FS 0.20,1,v1_Ra80_20261001,1800,37.9542,1.79089e+09,0.48,8.11,0.48,3.8928,569.869,572.223,True,0.159749,0.00237476,0.143871,8.61611
FS 0.20,1,v1_Ra80_20261001,1800,37.9542,1.79089e+09,0.5,7.331,0.5,3.6655,559.319,564.474,True,0.156792,0.0022361,0.149866,8.78382
FS 0.20,1,v1_Ra80_20261001,1800,37.9542,1.79089e+09,0.52,6.8439,0.52,3.5588,548.377,553.847,True,0.153724,0.00217101,0.15586,9.08799
FS 0.20,1,v1_Ra80_20261001,1800,37.9542,1.79089e+09,0.54,6.312,0.54,3.4085,540,551.25,True,0.151376,0.00207932,0.161855,9.36442
FS 0.20,2,v1_Ra80_repeat_20261001,500,10.2365,1.79089e+09,0.001,3.0043,0.001,0.003,102.547,97.7375,True,0.106584,9.32819e-05,0.000299732,0.00334601
FS 0.20,2,v1_Ra80_repeat_20261001,500,10.2365,1.79089e+09,0.002,3.1981,0.002,0.0064,109.595,107.88,True,0.113909,0.000199001,0.000599463,0.00713166
FS 0.20,2,v1_Ra80_repeat_20261001,500,10.2365,1.79089e+09,0.004,3.0958,0.004,0.0124,110.204,110.204,True,0.114542,0.000385565,0.00119893,0.0140219
FS 0.20,2,v1_Ra80_repeat_20261001,500,10.2365,1.79089e+09,0.006,2.9306,0.006,0.0176,108.417,109.311,True,0.112685,0.000547254,0.00179839,0.0202707
FS 0.20,2,v1_Ra80_repeat_20261001,500,10.2365,1.79089e+09,0.008,2.7489,0.008,0.022,105.366,106.221,True,0.109514,0.000684067,0.00239785,0.025878
FS 0.20,2,v1_Ra80_repeat_20261001,500,10.2365,1.79089e+09,0.01,2.6214,0.01,0.0262,101.101,103.513,True,0.105081,0.000814662,0.00299732,0.031444
FS 0.20,2,v1_Ra80_repeat_20261001,500,10.2365,1.79089e+09,0.012,2.3068,0.012,0.0277,97.0524,100.026,True,0.100873,0.000861303,0.00359678,0.0344685
FS 0.20,2,v1_Ra80_repeat_20261001,500,10.2365,1.79089e+09,0.014,2.2099,0.014,0.0309,91.7227,93.5065,True,0.0953336,0.000960804,0.00419624,0.0393515
FS 0.20,2,v1_Ra80_repeat_20261001,500,10.2365,1.79089e+09,0.016,2.1212,0.016,0.0339,88.983,90.206,True,0.092486,0.00105409,0.00479571,0.0441932
FS 0.20,2,v1_Ra80_repeat_20261001,500,10.2365,1.79089e+09,0.018,1.7658,0.018,0.0318,83.4543,87.4494,True,0.0867396,0.000988788,0.00539517,0.0440934
FS 0.20,2,v1_Ra80_repeat_20261001,500,10.2365,1.79089e+09,0.02,1.48,0.02,0.0296,78.0638,79.9049,True,0.0811369,0.000920381,0.00599463,0.0440521
FS 0.20,2,v1_Ra80_repeat_20261001,500,10.2365,1.79089e+09,0.022,1.3165,0.022,0.029,73.1685,76.0563,True,0.0760489,0.000901725,0.00659409,0.0457695
FS 0.20,2,v1_Ra80_repeat_20261001,500,10.2365,1.79089e+09,0.024,1.2781,0.024,0.0307,69.0096,71.5211,True,0.0717263,0.000954585,0.00719356,0.0499454
FS 0.20,2,v1_Ra80_repeat_20261001,500,10.2365,1.79089e+09,0.026,0.8117,0.026,0.0211,62.2478,65.4109,True,0.0646983,0.000656083,0.00779302,0.0429798
FS 0.20,2,v1_Ra80_repeat_20261001,500,10.2365,1.79089e+09,0.028,0.7757,0.028,0.0217,57.9088,58.9828,True,0.0601885,0.000674739,0.00839248,0.0463729
FS 0.20,2,v1_Ra80_repeat_20261001,600,12.3687,1.79089e+09,0.0011,4.7628,0.0011,0.0052,155.959,155.629,True,0.134156,9.16581e-05,0.000329705,0.00558279
FS 0.20,2,v1_Ra80_repeat_20261001,600,12.3687,1.79089e+09,0.0021,4.6477,0.0021,0.0098,154.642,154.368,True,0.133023,0.00017274,0.000629436,0.0105724
FS 0.20,2,v1_Ra80_repeat_20261001,600,12.3687,1.79089e+09,0.0042,4.3445,0.0042,0.0182,151.972,153.971,True,0.130726,0.000320803,0.00125887,0.0199196
FS 0.20,2,v1_Ra80_repeat_20261001,600,12.3687,1.79089e+09,0.0064,4.1561,0.0064,0.0266,146.805,148.589,True,0.126282,0.000468866,0.00191828,0.0294995
FS 0.20,2,v1_Ra80_repeat_20261001,600,12.3687,1.79089e+09,0.0085,4.0457,0.0085,0.0344,144.212,145.001,True,0.124051,0.000606353,0.00254772,0.0386047
FS 0.20,2,v1_Ra80_repeat_20261001,600,12.3687,1.79089e+09,0.0106,3.8151,0.0106,0.0404,140.26,141.224,True,0.120651,0.000712113,0.00317715,0.0460847
FS 0.20,2,v1_Ra80_repeat_20261001,600,12.3687,1.79089e+09,0.0127,3.6503,0.0127,0.0464,136.604,137.63,True,0.117507,0.000817872,0.00380659,0.0537395
FS 0.20,2,v1_Ra80_repeat_20261001,600,12.3687,1.79089e+09,0.0149,3.4586,0.0149,0.0515,132.191,135.014,True,0.11371,0.000907767,0.004466,0.0607606
FS 0.20,2,v1_Ra80_repeat_20261001,600,12.3687,1.79089e+09,0.017,3.2914,0.017,0.056,130.121,130.352,True,0.11193,0.000987087,0.00509544,0.0672734
FS 0.20,2,v1_Ra80_repeat_20261001,600,12.3687,1.79089e+09,0.0191,3.2573,0.0191,0.0622,128.309,130.477,True,0.110371,0.00109637,0.00572487,0.0756611
FS 0.20,2,v1_Ra80_repeat_20261001,600,12.3687,1.79089e+09,0.0212,2.9792,0.0212,0.0632,124.618,126.53,True,0.107196,0.001114,0.00635431,0.0790235
FS 0.20,2,v1_Ra80_repeat_20261001,600,12.3687,1.79089e+09,0.0234,2.6589,0.0234,0.0622,115.343,119.337,True,0.0992178,0.00109637,0.00701372,0.0806859
FS 0.20,2,v1_Ra80_repeat_20261001,600,12.3687,1.79089e+09,0.0255,2.5081,0.0255,0.064,111.459,113.684,True,0.0958772,0.0011281,0.00764316,0.0852063
FS 0.20,2,v1_Ra80_repeat_20261001,600,12.3687,1.79089e+09,0.0276,2.2969,0.0276,0.0634,105.911,109.645,True,0.0911045,0.00111752,0.00827259,0.0875016
FS 0.20,2,v1_Ra80_repeat_20261001,600,12.3687,1.79089e+09,0.0297,2.2227,0.0297,0.066,101.887,101.887,True,0.087643,0.00116335,0.00890203,0.0931716
FS 0.20,2,v1_Ra80_repeat_20261001,600,12.3687,1.79089e+09,0.0319,1.9375,0.0319,0.0618,97.4247,99.58,True,0.0838047,0.00108932,0.00956144,0.0923754
FS 0.20,2,v1_Ra80_repeat_20261001,600,12.3687,1.79089e+09,0.034,1.687,0.034,0.0574,93.5599,95.447,True,0.0804802,0.00101176,0.0101909,0.0914034
FS 0.20,2,v1_Ra80_repeat_20261001,600,12.3687,1.79089e+09,0.0361,1.6831,0.0361,0.0608,88.9374,90.7564,True,0.0765039,0.00107169,0.0108203,0.0984062
FS 0.20,2,v1_Ra80_repeat_20261001,600,12.3687,1.79089e+09,0.0382,1.5984,0.0382,0.0611,86.0127,87.1159,True,0.0739881,0.00107698,0.0114497,0.102484
FS 0.20,2,v1_Ra80_repeat_20261001,600,12.3687,1.79089e+09,0.0404,1.3943,0.0404,0.0563,83.3477,85.0393,True,0.0716957,0.000992375,0.0121092,0.101829
FS 0.20,2,v1_Ra80_repeat_20261001,600,12.3687,1.79089e+09,0.0425,1.0954,0.0425,0.0466,79.8478,81.3328,True,0.068685,0.000821397,0.0127386,0.0962645
FS 0.20,2,v1_Ra80_repeat_20261001,600,12.3687,1.79089e+09,0.0446,0.8846,0.0446,0.0395,78.6193,77.6979,True,0.0676283,0.000696249,0.013368,0.093475
FS 0.20,2,v1_Ra80_repeat_20261001,700,14.5008,1.79089e+09,0.0015,5.7524,0.0015,0.0086,187.826,189.635,True,0.137812,9.40718e-05,0.000449597,0.00913388
FS 0.20,2,v1_Ra80_repeat_20261001,700,14.5008,1.79089e+09,0.0029,5.6908,0.0029,0.0165,187.826,187.826,True,0.137812,0.000180487,0.000869222,0.0176126
FS 0.20,2,v1_Ra80_repeat_20261001,700,14.5008,1.79089e+09,0.0058,5.441,0.0058,0.0316,183.761,186.044,True,0.134829,0.000345659,0.00173844,0.0341587
FS 0.20,2,v1_Ra80_repeat_20261001,700,14.5008,1.79089e+09,0.0088,5.3033,0.0088,0.0467,182.476,184.616,True,0.133886,0.000510832,0.00263764,0.0511054
FS 0.20,2,v1_Ra80_repeat_20261001,700,14.5008,1.79089e+09,0.0117,4.9862,0.0117,0.0583,177.741,179.858,True,0.130412,0.000637719,0.00350686,0.0648297
FS 0.20,2,v1_Ra80_repeat_20261001,700,14.5008,1.79089e+09,0.0146,4.885,0.0146,0.0713,176.423,178.911,True,0.129445,0.000779921,0.00437608,0.0802874
FS 0.20,2,v1_Ra80_repeat_20261001,700,14.5008,1.79089e+09,0.0175,4.5999,0.0175,0.0805,170.991,174.69,True,0.125459,0.000880556,0.0052453,0.0922784
FS 0.20,2,v1_Ra80_repeat_20261001,700,14.5008,1.79089e+09,0.0204,4.3681,0.0204,0.0891,166.335,168.75,True,0.122044,0.000974628,0.00611452,0.104003
FS 0.20,2,v1_Ra80_repeat_20261001,700,14.5008,1.79089e+09,0.0234,4.2119,0.0234,0.0986,162.406,164.246,True,0.119161,0.00107854,0.00701372,0.117086
FS 0.20,2,v1_Ra80_repeat_20261001,700,14.5008,1.79089e+09,0.0263,4.0369,0.0263,0.1062,157.813,159.879,True,0.11579,0.00116168,0.00788294,0.128489
FS 0.20,2,v1_Ra80_repeat_20261001,700,14.5008,1.79089e+09,0.0292,3.83,0.0292,0.1118,152.103,155.573,True,0.111601,0.00122293,0.00875216,0.138225
FS 0.20,2,v1_Ra80_repeat_20261001,700,14.5008,1.79089e+09,0.0321,3.5506,0.0321,0.114,148.57,151.049,True,0.109009,0.001247,0.00962138,0.144894
FS 0.20,2,v1_Ra80_repeat_20261001,700,14.5008,1.79089e+09,0.035,3.3938,0.035,0.1188,142.105,144.397,True,0.104265,0.0012995,0.0104906,0.154497
FS 0.20,2,v1_Ra80_repeat_20261001,700,14.5008,1.79089e+09,0.038,3.0412,0.038,0.1156,137.801,142.105,True,0.101108,0.0012645,0.0113898,0.156617
FS 0.20,2,v1_Ra80_repeat_20261001,700,14.5008,1.79089e+09,0.0409,2.9777,0.0409,0.1218,134.56,135.156,True,0.0987293,0.00133232,0.012259,0.168298
FS 0.20,2,v1_Ra80_repeat_20261001,700,14.5008,1.79089e+09,0.0438,2.7137,0.0438,0.1189,130.21,132.04,True,0.0955379,0.0013006,0.0131282,0.171212
FS 0.20,2,v1_Ra80_repeat_20261001,700,14.5008,1.79089e+09,0.0467,2.3503,0.0467,0.1098,121.048,123.535,True,0.0888151,0.00120106,0.0139975,0.16826
FS 0.20,2,v1_Ra80_repeat_20261001,700,14.5008,1.79089e+09,0.0496,2.2281,0.0496,0.1105,118.478,117.391,True,0.08693,0.00120871,0.0148667,0.175442
FS 0.20,2,v1_Ra80_repeat_20261001,700,14.5008,1.79089e+09,0.0525,1.9463,0.0525,0.1022,115.454,117.391,True,0.0847112,0.00111792,0.0157359,0.173956
FS 0.20,2,v1_Ra80_repeat_20261001,700,14.5008,1.79089e+09,0.0555,1.6867,0.0555,0.0936,106.167,110.656,True,0.0778972,0.00102385,0.0166351,0.172757
FS 0.20,2,v1_Ra80_repeat_20261001,700,14.5008,1.79089e+09,0.0584,1.5352,0.0584,0.0897,101.253,103.349,True,0.0742913,0.000981191,0.0175043,0.17635
FS 0.20,2,v1_Ra80_repeat_20261001,800,16.6329,1.79089e+09,0.0019,6.9844,0.0019,0.0133,226.042,226.685,True,0.144591,9.64012e-05,0.00056949,0.0139913
FS 0.20,2,v1_Ra80_repeat_20261001,800,16.6329,1.79089e+09,0.0038,6.7598,0.0038,0.0257,222.031,222.281,True,0.142026,0.000186279,0.00113898,0.0272257
FS 0.20,2,v1_Ra80_repeat_20261001,800,16.6329,1.79089e+09,0.0077,6.5568,0.0077,0.0505,220.87,222.156,True,0.141283,0.000366035,0.00230793,0.0541868
FS 0.20,2,v1_Ra80_repeat_20261001,800,16.6329,1.79089e+09,0.0115,6.2409,0.0115,0.0718,215.653,216.379,True,0.137946,0.000520422,0.00344691,0.0781725
FS 0.20,2,v1_Ra80_repeat_20261001,800,16.6329,1.79089e+09,0.0154,5.9878,0.0154,0.0922,212.781,215.319,True,0.136109,0.000668285,0.00461587,0.101924
FS 0.20,2,v1_Ra80_repeat_20261001,800,16.6329,1.79089e+09,0.0192,5.8461,0.0192,0.1122,209.201,211.765,True,0.133819,0.00081325,0.00575485,0.12577
FS 0.20,2,v1_Ra80_repeat_20261001,800,16.6329,1.79089e+09,0.023,5.6174,0.023,0.1292,202.83,206.601,True,0.129744,0.000936469,0.00689383,0.147188
FS 0.20,2,v1_Ra80_repeat_20261001,800,16.6329,1.79089e+09,0.0269,5.3177,0.0269,0.143,199.946,203.746,True,0.127899,0.00103649,0.00806278,0.166117
FS 0.20,2,v1_Ra80_repeat_20261001,800,16.6329,1.79089e+09,0.0307,5.1561,0.0307,0.1583,194.187,195.668,True,0.124215,0.00114739,0.00920176,0.186995
FS 0.20,2,v1_Ra80_repeat_20261001,800,16.6329,1.79089e+09,0.0346,4.9569,0.0346,0.1715,189.555,191.643,True,0.121252,0.00124307,0.0103707,0.206515
FS 0.20,2,v1_Ra80_repeat_20261001,800,16.6329,1.79089e+09,0.0384,4.6155,0.0384,0.1772,187.315,189.474,True,0.119819,0.00128438,0.0115097,0.218953
FS 0.20,2,v1_Ra80_repeat_20261001,800,16.6329,1.79089e+09,0.0423,4.4331,0.0423,0.1875,179.754,181.785,True,0.114982,0.00135904,0.0126786,0.236763
FS 0.20,2,v1_Ra80_repeat_20261001,800,16.6329,1.79089e+09,0.0461,4.2212,0.0461,0.1946,175.46,177.626,True,0.112236,0.0014105,0.0138176,0.251761
FS 0.20,2,v1_Ra80_repeat_20261001,800,16.6329,1.79089e+09,0.0499,3.9475,0.0499,0.197,169.87,172.298,True,0.10866,0.0014279,0.0149566,0.262631
FS 0.20,2,v1_Ra80_repeat_20261001,800,16.6329,1.79089e+09,0.0538,3.7608,0.0538,0.2023,165.725,167.874,True,0.106009,0.00146631,0.0161256,0.277219
FS 0.20,2,v1_Ra80_repeat_20261001,800,16.6329,1.79089e+09,0.0576,3.3397,0.0576,0.1924,159.282,162.911,True,0.101887,0.00139456,0.0172645,0.276949
FS 0.20,2,v1_Ra80_repeat_20261001,800,16.6329,1.79089e+09,0.0615,3.1167,0.0615,0.1917,152.952,155.643,True,0.0978382,0.00138948,0.0184335,0.286728
FS 0.20,2,v1_Ra80_repeat_20261001,800,16.6329,1.79089e+09,0.0653,2.8726,0.0653,0.1876,147.191,149.836,True,0.0941531,0.00135976,0.0195725,0.293418
FS 0.20,2,v1_Ra80_repeat_20261001,800,16.6329,1.79089e+09,0.0691,2.7203,0.0691,0.188,138.455,141.353,True,0.0885651,0.00136266,0.0207115,0.305181
FS 0.20,2,v1_Ra80_repeat_20261001,800,16.6329,1.79089e+09,0.073,2.5313,0.073,0.1848,135,136.633,True,0.086355,0.00133947,0.0218804,0.314237
FS 0.20,2,v1_Ra80_repeat_20261001,800,16.6329,1.79089e+09,0.0768,2.0957,0.0768,0.1609,129.368,133.596,True,0.0827526,0.00116624,0.0230194,0.30286
FS 0.20,2,v1_Ra80_repeat_20261001,800,16.6329,1.79089e+09,0.0807,1.5524,0.0807,0.1253,120.601,125.581,True,0.0771446,0.000908201,0.0241883,0.280707
FS 0.20,2,v1_Ra80_repeat_20261001,900,18.765,1.79089e+09,0.0024,8.2936,0.0024,0.0199,265.432,267.069,True,0.150496,0.000100448,0.000719356,0.020797
FS 0.20,2,v1_Ra80_repeat_20261001,900,18.765,1.79089e+09,0.0049,8.0608,0.0049,0.0395,263.31,266.667,True,0.149293,0.000199381,0.00146868,0.0415742
FS 0.20,2,v1_Ra80_repeat_20261001,900,18.765,1.79089e+09,0.0098,7.7459,0.0098,0.0759,261.009,265.044,True,0.147989,0.000383115,0.00293737,0.0810002
FS 0.20,2,v1_Ra80_repeat_20261001,900,18.765,1.79089e+09,0.0147,7.3258,0.0147,0.1077,254.118,254.631,True,0.144081,0.00054363,0.00440605,0.116778
FS 0.20,2,v1_Ra80_repeat_20261001,900,18.765,1.79089e+09,0.0196,7.1047,0.0196,0.1393,249.584,251.163,True,0.141511,0.000703135,0.00587474,0.153308
FS 0.20,2,v1_Ra80_repeat_20261001,900,18.765,1.79089e+09,0.0244,6.9711,0.0244,0.1701,247.385,247.888,True,0.140264,0.000858602,0.00731345,0.18986
FS 0.20,2,v1_Ra80_repeat_20261001,900,18.765,1.79089e+09,0.0293,6.6464,0.0293,0.1947,242.696,244.658,True,0.137606,0.000982774,0.00878214,0.221273
FS 0.20,2,v1_Ra80_repeat_20261001,900,18.765,1.79089e+09,0.0342,6.2499,0.0342,0.2137,233.588,239.724,True,0.132441,0.00107868,0.0102508,0.248039
FS 0.20,2,v1_Ra80_repeat_20261001,900,18.765,1.79089e+09,0.0391,6.0149,0.0391,0.2352,230.107,232.258,True,0.130468,0.0011872,0.0117195,0.278256
FS 0.20,2,v1_Ra80_repeat_20261001,900,18.765,1.79089e+09,0.044,6.0105,0.044,0.2645,229.787,232.211,True,0.130286,0.0013351,0.0131882,0.317226
FS 0.20,2,v1_Ra80_repeat_20261001,900,18.765,1.79089e+09,0.0489,5.7843,0.0489,0.2829,226.316,229.683,True,0.128318,0.00142797,0.0146569,0.346247
FS 0.20,2,v1_Ra80_repeat_20261001,900,18.765,1.79089e+09,0.0538,5.4894,0.0538,0.2953,222.449,224.048,True,0.126126,0.00149057,0.0161256,0.370219
FS 0.20,2,v1_Ra80_repeat_20261001,900,18.765,1.79089e+09,0.0587,5.1766,0.0587,0.3039,216.08,221.847,True,0.122514,0.00153398,0.0175942,0.391344
FS 0.20,2,v1_Ra80_repeat_20261001,900,18.765,1.79089e+09,0.0636,4.9293,0.0636,0.3135,208.254,212.81,True,0.118077,0.00158243,0.0190629,0.41442
FS 0.20,2,v1_Ra80_repeat_20261001,900,18.765,1.79089e+09,0.0684,4.6713,0.0684,0.3195,202.444,203.263,True,0.114783,0.00161272,0.0205016,0.434545
FS 0.20,2,v1_Ra80_repeat_20261001,900,18.765,1.79089e+09,0.0733,4.3923,0.0733,0.322,194.437,196.332,True,0.110243,0.00162534,0.0219703,0.452405
FS 0.20,2,v1_Ra80_repeat_20261001,900,18.765,1.79089e+09,0.0782,3.8978,0.0782,0.3048,190.325,194.182,True,0.107912,0.00153852,0.023439,0.451518
FS 0.20,2,v1_Ra80_repeat_20261001,900,18.765,1.79089e+09,0.0831,3.6447,0.0831,0.3029,182.824,185.307,True,0.103659,0.00152893,0.0249077,0.466882
FS 0.20,2,v1_Ra80_repeat_20261001,900,18.765,1.79089e+09,0.088,3.3291,0.088,0.293,173.014,176.364,True,0.0980966,0.00147896,0.0263764,0.475198
FS 0.20,2,v1_Ra80_repeat_20261001,900,18.765,1.79089e+09,0.0929,2.9469,0.0929,0.2738,166.294,170.644,True,0.0942867,0.00138204,0.0278451,0.475166
FS 0.20,2,v1_Ra80_repeat_20261001,900,18.765,1.79089e+09,0.0978,2.7527,0.0978,0.2692,155.562,160.99,True,0.0882014,0.00135882,0.0293137,0.490685
FS 0.20,2,v1_Ra80_repeat_20261001,900,18.765,1.79089e+09,0.1027,2.3823,0.1027,0.2447,151.049,152.167,True,0.0856427,0.00123516,0.0307824,0.487256
FS 0.20,2,v1_Ra80_repeat_20261001,900,18.765,1.79089e+09,0.1076,1.9724,0.1076,0.2122,144.732,147.528,True,0.0820611,0.00107111,0.0322511,0.47678
FS 0.20,2,v1_Ra80_repeat_20261001,1000,20.8972,1.79089e+09,0.003,10.2704,0.003,0.0308,325.757,329.546,True,0.165855,0.000112571,0.000899195,0.031957
FS 0.20,2,v1_Ra80_repeat_20261001,1000,20.8972,1.79089e+09,0.0061,9.9693,0.0061,0.0608,322.388,326.795,True,0.16414,0.000222217,0.00182836,0.0635273
FS 0.20,2,v1_Ra80_repeat_20261001,1000,20.8972,1.79089e+09,0.0121,9.5929,0.0121,0.1161,320.768,324.627,True,0.163315,0.000424333,0.00362675,0.122949
FS 0.20,2,v1_Ra80_repeat_20261001,1000,20.8972,1.79089e+09,0.0182,9.1317,0.0182,0.1662,314.464,319.026,True,0.160105,0.000607442,0.00545511,0.178702
FS 0.20,2,v1_Ra80_repeat_20261001,1000,20.8972,1.79089e+09,0.0243,8.7672,0.0243,0.213,307.143,308.571,True,0.156378,0.000778491,0.00728348,0.23263
FS 0.20,2,v1_Ra80_repeat_20261001,1000,20.8972,1.79089e+09,0.0303,8.7243,0.0303,0.2643,305.634,305.369,True,0.155609,0.000965987,0.00908187,0.292381
FS 0.20,2,v1_Ra80_repeat_20261001,1000,20.8972,1.79089e+09,0.0364,8.2469,0.0364,0.3002,300.151,304.458,True,0.152818,0.0010972,0.0109102,0.338335
FS 0.20,2,v1_Ra80_repeat_20261001,1000,20.8972,1.79089e+09,0.0424,7.8783,0.0424,0.334,290.482,295.606,True,0.147895,0.00122073,0.0127086,0.383464
FS 0.20,2,v1_Ra80_repeat_20261001,1000,20.8972,1.79089e+09,0.0485,7.717,0.0485,0.3743,285.621,285.569,True,0.14542,0.00136802,0.014537,0.436744
FS 0.20,2,v1_Ra80_repeat_20261001,1000,20.8972,1.79089e+09,0.0546,7.4399,0.0546,0.4062,285.415,285.54,True,0.145316,0.00148462,0.0163653,0.483099
FS 0.20,2,v1_Ra80_repeat_20261001,1000,20.8972,1.79089e+09,0.0606,7.1482,0.0606,0.4332,279.086,282.468,True,0.142093,0.0015833,0.0181637,0.525757
FS 0.20,2,v1_Ra80_repeat_20261001,1000,20.8972,1.79089e+09,0.0667,6.9025,0.0667,0.4604,275.45,277.302,True,0.140242,0.00168271,0.0199921,0.570338
FS 0.20,2,v1_Ra80_repeat_20261001,1000,20.8972,1.79089e+09,0.0728,6.5259,0.0728,0.4751,266.667,269.587,True,0.13577,0.00173644,0.0218205,0.603894
FS 0.20,2,v1_Ra80_repeat_20261001,1000,20.8972,1.79089e+09,0.0788,6.394,0.0788,0.5038,265.432,264.815,True,0.135141,0.00184133,0.0236188,0.65258
FS 0.20,2,v1_Ra80_repeat_20261001,1000,20.8972,1.79089e+09,0.0849,6.1269,0.0849,0.5202,260.241,261.23,True,0.132498,0.00190127,0.0254472,0.690763
FS 0.20,2,v1_Ra80_repeat_20261001,1000,20.8972,1.79089e+09,0.0909,5.651,0.0909,0.5137,252.754,260.178,True,0.128686,0.00187752,0.0272456,0.707127
FS 0.20,2,v1_Ra80_repeat_20261001,1000,20.8972,1.79089e+09,0.097,5.4417,0.097,0.5278,246.591,245.799,True,0.125549,0.00192905,0.029074,0.745935
FS 0.20,2,v1_Ra80_repeat_20261001,1000,20.8972,1.79089e+09,0.1031,5.0856,0.1031,0.5243,237.691,238.713,True,0.121017,0.00191626,0.0309023,0.768619
FS 0.20,2,v1_Ra80_repeat_20261001,1000,20.8972,1.79089e+09,0.1091,5.0555,0.1091,0.5516,238.454,241,True,0.121406,0.00201604,0.0327007,0.823112
FS 0.20,2,v1_Ra80_repeat_20261001,1000,20.8972,1.79089e+09,0.1152,4.6318,0.1152,0.5336,229.308,231.641,True,0.116749,0.00195025,0.0345291,0.834221
FS 0.20,2,v1_Ra80_repeat_20261001,1000,20.8972,1.79089e+09,0.1213,4.2938,0.1213,0.5208,221.265,225.283,True,0.112654,0.00190347,0.0363574,0.852005
FS 0.20,2,v1_Ra80_repeat_20261001,1000,20.8972,1.79089e+09,0.1273,3.73,0.1273,0.4748,209.586,217.118,True,0.106708,0.00173534,0.0381558,0.837527
FS 0.20,2,v1_Ra80_repeat_20261001,1000,20.8972,1.79089e+09,0.1334,3.5761,0.1334,0.4771,205.05,207.693,True,0.104399,0.00174375,0.0399842,0.873338
FS 0.20,2,v1_Ra80_repeat_20261001,1000,20.8972,1.79089e+09,0.1394,3.3626,0.1394,0.4687,202.121,200.986,True,0.102907,0.00171305,0.0417826,0.899338
FS 0.20,2,v1_Ra80_repeat_20261001,1000,20.8972,1.79089e+09,0.1455,2.8406,0.1455,0.4133,190.012,196.368,True,0.0967419,0.00151057,0.0436109,0.880374
FS 0.20,2,v1_Ra80_repeat_20261001,1000,20.8972,1.79089e+09,0.1516,2.2541,0.1516,0.3417,176.195,183.864,True,0.0897073,0.00124888,0.0454393,0.846686
FS 0.20,2,v1_Ra80_repeat_20261001,1100,23.0293,1.79089e+09,0.0037,12.3217,0.0037,0.0456,389.286,389.994,True,0.17985,0.000124526,0.00110901,0.0470782
FS 0.20,2,v1_Ra80_repeat_20261001,1100,23.0293,1.79089e+09,0.0074,12.0819,0.0074,0.0894,389.135,387.207,True,0.17978,0.000244136,0.00221801,0.0928992
FS 0.20,2,v1_Ra80_repeat_20261001,1100,23.0293,1.79089e+09,0.0147,11.7469,0.0147,0.1727,387.03,388.393,True,0.178808,0.000471614,0.00440605,0.181778
FS 0.20,2,v1_Ra80_repeat_20261001,1100,23.0293,1.79089e+09,0.0221,11.2813,0.0221,0.2493,381.31,385.714,True,0.176165,0.000680796,0.00662407,0.266189
FS 0.20,2,v1_Ra80_repeat_20261001,1100,23.0293,1.79089e+09,0.0295,10.8107,0.0295,0.3189,372.072,377.691,True,0.171897,0.000870862,0.00884208,0.345772
FS 0.20,2,v1_Ra80_repeat_20261001,1100,23.0293,1.79089e+09,0.0368,10.2789,0.0368,0.3783,361.667,363.712,True,0.16709,0.00103307,0.0110301,0.417146
FS 0.20,2,v1_Ra80_repeat_20261001,1100,23.0293,1.79089e+09,0.0442,9.9365,0.0442,0.4392,350.82,356.866,True,0.162079,0.00119938,0.0132481,0.49234
FS 0.20,2,v1_Ra80_repeat_20261001,1100,23.0293,1.79089e+09,0.0515,9.744,0.0515,0.5018,350.91,354.098,True,0.16212,0.00137033,0.0154362,0.571169
FS 0.20,2,v1_Ra80_repeat_20261001,1100,23.0293,1.79089e+09,0.0589,9.1643,0.0589,0.5398,336.641,344.638,True,0.155528,0.0014741,0.0176542,0.627775
FS 0.20,2,v1_Ra80_repeat_20261001,1100,23.0293,1.79089e+09,0.0663,8.9929,0.0663,0.5962,339.062,339.307,True,0.156647,0.00162812,0.0198722,0.704953
FS 0.20,2,v1_Ra80_repeat_20261001,1100,23.0293,1.79089e+09,0.0736,8.8065,0.0736,0.6482,335.938,337.5,True,0.155203,0.00177012,0.0220602,0.779577
FS 0.20,2,v1_Ra80_repeat_20261001,1100,23.0293,1.79089e+09,0.081,8.2401,0.081,0.6674,323.472,330.039,True,0.149444,0.00182256,0.0242783,0.823866
FS 0.20,2,v1_Ra80_repeat_20261001,1100,23.0293,1.79089e+09,0.0884,7.902,0.0884,0.6985,321.476,325.07,True,0.148522,0.00190748,0.0264963,0.882227
FS 0.20,2,v1_Ra80_repeat_20261001,1100,23.0293,1.79089e+09,0.0957,7.5304,0.0957,0.7207,313.044,315.849,True,0.144626,0.00196811,0.0286843,0.933446
FS 0.20,2,v1_Ra80_repeat_20261001,1100,23.0293,1.79089e+09,0.1031,7.2541,0.1031,0.7479,307.143,308.571,True,0.1419,0.00204239,0.0309023,0.992219
FS 0.20,2,v1_Ra80_repeat_20261001,1100,23.0293,1.79089e+09,0.1104,7.0546,0.1104,0.7788,305.634,304.626,True,0.141203,0.00212677,0.0330904,1.05639
FS 0.20,2,v1_Ra80_repeat_20261001,1100,23.0293,1.79089e+09,0.1178,6.5764,0.1178,0.7747,295.89,299.622,True,0.136701,0.00211557,0.0353084,1.08818
FS 0.20,2,v1_Ra80_repeat_20261001,1100,23.0293,1.79089e+09,0.1252,6.3332,0.1252,0.7929,290.541,293.075,True,0.13423,0.00216527,0.0375264,1.14443
FS 0.20,2,v1_Ra80_repeat_20261001,1100,23.0293,1.79089e+09,0.1325,6.2188,0.1325,0.824,288.49,290.914,True,0.133282,0.0022502,0.0397144,1.2152
FS 0.20,2,v1_Ra80_repeat_20261001,1100,23.0293,1.79089e+09,0.1399,5.7474,0.1399,0.8041,282.983,286.72,True,0.130738,0.00219586,0.0419324,1.23767
FS 0.20,2,v1_Ra80_repeat_20261001,1100,23.0293,1.79089e+09,0.1473,5.4339,0.1473,0.8004,277.547,280.519,True,0.128227,0.00218576,0.0441505,1.27851
FS 0.20,2,v1_Ra80_repeat_20261001,1100,23.0293,1.79089e+09,0.1546,5.1462,0.1546,0.7956,273.265,276.176,True,0.126248,0.00217265,0.0463385,1.31977
FS 0.20,2,v1_Ra80_repeat_20261001,1100,23.0293,1.79089e+09,0.162,4.7159,0.162,0.764,262.593,267.861,True,0.121318,0.00208635,0.0485565,1.33702
FS 0.20,2,v1_Ra80_repeat_20261001,1100,23.0293,1.79089e+09,0.1694,4.5305,0.1694,0.7675,258.333,258.916,True,0.11935,0.00209591,0.0507745,1.39154
FS 0.20,2,v1_Ra80_repeat_20261001,1100,23.0293,1.79089e+09,0.1767,4.2863,0.1767,0.7574,254.118,254.682,True,0.117402,0.00206833,0.0529626,1.4339
FS 0.20,2,v1_Ra80_repeat_20261001,1100,23.0293,1.79089e+09,0.1841,3.6516,0.1841,0.6723,242.42,246.898,True,0.111998,0.00183594,0.0551806,1.40414
FS 0.20,2,v1_Ra80_repeat_20261001,1100,23.0293,1.79089e+09,0.1914,3.2473,0.1914,0.6215,228.723,232.445,True,0.10567,0.00169721,0.0573686,1.41005
FS 0.20,2,v1_Ra80_repeat_20261001,1100,23.0293,1.79089e+09,0.1988,2.4427,0.1988,0.4856,214.882,225.018,True,0.0992753,0.00132609,0.0595866,1.3338
FS 0.20,2,v1_Ra80_repeat_20261001,1200,25.1614,1.79089e+09,0.0044,14.0472,0.0044,0.0618,444.976,445.035,True,0.188159,0.000129396,0.00131882,0.063619
FS 0.20,2,v1_Ra80_repeat_20261001,1200,25.1614,1.79089e+09,0.0088,13.7206,0.0088,0.1207,437.999,440.26,True,0.185208,0.000252719,0.00263764,0.125105
FS 0.20,2,v1_Ra80_repeat_20261001,1200,25.1614,1.79089e+09,0.0176,13.0267,0.0176,0.2293,431.525,437.755,True,0.182471,0.000480104,0.00527528,0.241181
FS 0.20,2,v1_Ra80_repeat_20261001,1200,25.1614,1.79089e+09,0.0264,12.6196,0.0264,0.3332,425.798,432,True,0.180049,0.000697648,0.00791291,0.355626
FS 0.20,2,v1_Ra80_repeat_20261001,1200,25.1614,1.79089e+09,0.0352,12.3139,0.0352,0.4334,423.529,420.589,True,0.17909,0.000907444,0.0105506,0.469441
FS 0.20,2,v1_Ra80_repeat_20261001,1200,25.1614,1.79089e+09,0.0439,11.9713,0.0439,0.5255,417.308,418.55,True,0.176459,0.00110028,0.0131582,0.578019
FS 0.20,2,v1_Ra80_repeat_20261001,1200,25.1614,1.79089e+09,0.0527,11.4935,0.0527,0.6057,409.991,410.378,True,0.173365,0.0012682,0.0157959,0.677939
FS 0.20,2,v1_Ra80_repeat_20261001,1200,25.1614,1.79089e+09,0.0615,11.0725,0.0615,0.681,403.002,408.523,True,0.17041,0.00142586,0.0184335,0.776028
FS 0.20,2,v1_Ra80_repeat_20261001,1200,25.1614,1.79089e+09,0.0703,10.5408,0.0703,0.741,390.909,398.776,True,0.165296,0.00155149,0.0210711,0.861888
FS 0.20,2,v1_Ra80_repeat_20261001,1200,25.1614,1.79089e+09,0.0791,10.1187,0.0791,0.8004,387.5,386.457,True,0.163855,0.00167586,0.0237088,0.950217
FS 0.20,2,v1_Ra80_repeat_20261001,1200,25.1614,1.79089e+09,0.0879,9.7477,0.0879,0.8568,380.753,383.036,True,0.161002,0.00179395,0.0263464,1.03862
FS 0.20,2,v1_Ra80_repeat_20261001,1200,25.1614,1.79089e+09,0.0967,9.3428,0.0967,0.9034,369.622,373.888,True,0.156295,0.00189152,0.028984,1.12029
FS 0.20,2,v1_Ra80_repeat_20261001,1200,25.1614,1.79089e+09,0.1055,8.9783,0.1055,0.9472,366.01,368.644,True,0.154768,0.00198323,0.0316217,1.20222
FS 0.20,2,v1_Ra80_repeat_20261001,1200,25.1614,1.79089e+09,0.1143,8.5736,0.1143,0.98,356.666,360,True,0.150817,0.0020519,0.0342593,1.27623
FS 0.20,2,v1_Ra80_repeat_20261001,1200,25.1614,1.79089e+09,0.1231,8.2303,0.1231,1.0131,354.098,352.425,True,0.149731,0.00212121,0.036897,1.35361
FS 0.20,2,v1_Ra80_repeat_20261001,1200,25.1614,1.79089e+09,0.1318,8.2462,0.1318,1.0868,352.614,351.408,True,0.149103,0.00227552,0.0395046,1.47411
FS 0.20,2,v1_Ra80_repeat_20261001,1200,25.1614,1.79089e+09,0.1406,7.6097,0.1406,1.0699,344.445,347.853,True,0.145649,0.00224014,0.0421423,1.50759
FS 0.20,2,v1_Ra80_repeat_20261001,1200,25.1614,1.79089e+09,0.1494,7.2962,0.1494,1.0901,335.385,336.91,True,0.141818,0.00228243,0.0447799,1.58124
FS 0.20,2,v1_Ra80_repeat_20261001,1200,25.1614,1.79089e+09,0.1582,6.8499,0.1582,1.0837,328.568,336.923,True,0.138935,0.00226903,0.0474175,1.63137
FS 0.20,2,v1_Ra80_repeat_20261001,1200,25.1614,1.79089e+09,0.167,6.4711,0.167,1.0807,324.242,327.273,True,0.137106,0.00226275,0.0500552,1.68796
FS 0.20,2,v1_Ra80_repeat_20261001,1200,25.1614,1.79089e+09,0.1758,6.3158,0.1758,1.1103,319.82,329.546,True,0.135236,0.00232472,0.0526928,1.78022
FS 0.20,2,v1_Ra80_repeat_20261001,1200,25.1614,1.79089e+09,0.1846,6.0359,0.1846,1.1142,316.857,317.648,True,0.133983,0.00233289,0.0553305,1.84985
FS 0.20,2,v1_Ra80_repeat_20261001,1200,25.1614,1.79089e+09,0.1934,5.6197,0.1934,1.0868,310,311.103,True,0.131084,0.00227552,0.0579681,1.89126
FS 0.20,2,v1_Ra80_repeat_20261001,1200,25.1614,1.79089e+09,0.2022,5.1831,0.2022,1.048,300.914,309.981,True,0.127242,0.00219428,0.0606057,1.92433
FS 0.20,2,v1_Ra80_repeat_20261001,1200,25.1614,1.79089e+09,0.211,4.8209,0.211,1.0172,295.13,296.659,True,0.124796,0.00212979,0.0632434,1.96847
FS 0.20,2,v1_Ra80_repeat_20261001,1200,25.1614,1.79089e+09,0.2197,4.3255,0.2197,0.9503,280.86,290.131,True,0.118762,0.00198972,0.065851,1.97868
FS 0.20,2,v1_Ra80_repeat_20261001,1200,25.1614,1.79089e+09,0.2285,4.0536,0.2285,0.9262,274.076,277.482,True,0.115893,0.00193926,0.0684887,2.03563
FS 0.20,2,v1_Ra80_repeat_20261001,1200,25.1614,1.79089e+09,0.2373,3.3527,0.2373,0.7956,266.546,270.812,True,0.112709,0.00166581,0.0711263,1.98915
FS 0.20,2,v1_Ra80_repeat_20261001,1200,25.1614,1.79089e+09,0.2461,3.133,0.2461,0.771,255.072,256.286,True,0.107857,0.0016143,0.0737639,2.05173
FS 0.20,2,v1_Ra80_repeat_20261001,1300,27.2935,1.79089e+09,0.0052,16.3072,0.0052,0.0848,514.286,514.286,True,0.200478,0.000139108,0.0015586,0.0870321
FS 0.20,2,v1_Ra80_repeat_20261001,1300,27.2935,1.79089e+09,0.0103,15.6579,0.0103,0.1613,504.651,508.2,True,0.196722,0.000264601,0.00308724,0.166763
FS 0.20,2,v1_Ra80_repeat_20261001,1300,27.2935,1.79089e+09,0.0207,14.9958,0.0207,0.3104,497.674,505.12,True,0.194003,0.000509188,0.00620444,0.325645
FS 0.20,2,v1_Ra80_repeat_20261001,1300,27.2935,1.79089e+09,0.031,14.8833,0.031,0.4614,500,498.908,True,0.194909,0.000756893,0.00929168,0.49056
FS 0.20,2,v1_Ra80_repeat_20261001,1300,27.2935,1.79089e+09,0.0414,14.0086,0.0414,0.58,482.222,494.847,True,0.187979,0.000951447,0.0124089,0.627476
FS 0.20,2,v1_Ra80_repeat_20261001,1300,27.2935,1.79089e+09,0.0517,13.3593,0.0517,0.6907,465.218,471.344,True,0.18135,0.00113304,0.0154961,0.760543
FS 0.20,2,v1_Ra80_repeat_20261001,1300,27.2935,1.79089e+09,0.0621,12.7717,0.0621,0.7931,458.011,463.043,True,0.178541,0.00130102,0.0186133,0.889794
FS 0.20,2,v1_Ra80_repeat_20261001,1300,27.2935,1.79089e+09,0.0724,12.228,0.0724,0.8853,447.45,450.801,True,0.174424,0.00145227,0.0217006,1.01281
FS 0.20,2,v1_Ra80_repeat_20261001,1300,27.2935,1.79089e+09,0.0827,11.8648,0.0827,0.9812,442.855,443.878,True,0.172633,0.00160959,0.0247878,1.14374
FS 0.20,2,v1_Ra80_repeat_20261001,1300,27.2935,1.79089e+09,0.0931,11.398,0.0931,1.0612,434,435,True,0.169181,0.00174082,0.027905,1.26337
FS 0.20,2,v1_Ra80_repeat_20261001,1300,27.2935,1.79089e+09,0.1034,11.0043,0.1034,1.1378,428.028,431.957,True,0.166853,0.00186648,0.0309922,1.38344
FS 0.20,2,v1_Ra80_repeat_20261001,1300,27.2935,1.79089e+09,0.1138,10.6234,0.1138,1.2089,425.49,427.339,True,0.165864,0.00198311,0.0341095,1.50271
FS 0.20,2,v1_Ra80_repeat_20261001,1300,27.2935,1.79089e+09,0.1241,10.2106,0.1241,1.2671,421.125,420.588,True,0.164162,0.00207858,0.0371967,1.61284
FS 0.20,2,v1_Ra80_repeat_20261001,1300,27.2935,1.79089e+09,0.1345,9.6449,0.1345,1.2972,408.563,414.3,True,0.159265,0.00212796,0.0403139,1.69964
FS 0.20,2,v1_Ra80_repeat_20261001,1300,27.2935,1.79089e+09,0.1448,9.2957,0.1448,1.346,400,400,True,0.155927,0.00220801,0.0434011,1.80882
FS 0.20,2,v1_Ra80_repeat_20261001,1300,27.2935,1.79089e+09,0.1551,8.9477,0.1551,1.3878,389.713,394.522,True,0.151917,0.00227658,0.0464884,1.9152
FS 0.20,2,v1_Ra80_repeat_20261001,1300,27.2935,1.79089e+09,0.1655,8.6657,0.1655,1.4342,390.022,388.603,True,0.152038,0.0023527,0.0496056,2.03108
FS 0.20,2,v1_Ra80_repeat_20261001,1300,27.2935,1.79089e+09,0.1758,8.0993,0.1758,1.4239,383.929,389.038,True,0.149662,0.0023358,0.0526928,2.09382
FS 0.20,2,v1_Ra80_repeat_20261001,1300,27.2935,1.79089e+09,0.1862,7.7734,0.1862,1.4474,375.862,377.35,True,0.146518,0.00237435,0.05581,2.19534
FS 0.20,2,v1_Ra80_repeat_20261001,1300,27.2935,1.79089e+09,0.1965,7.1032,0.1965,1.3958,363.333,369.224,True,0.141634,0.00228971,0.0588973,2.22523
FS 0.20,2,v1_Ra80_repeat_20261001,1300,27.2935,1.79089e+09,0.2069,6.9722,0.2069,1.4425,359.471,358.294,True,0.140128,0.00236631,0.0620145,2.35847
FS 0.20,2,v1_Ra80_repeat_20261001,1300,27.2935,1.79089e+09,0.2172,6.5136,0.2172,1.4148,352.459,355.064,True,0.137395,0.00232088,0.0651017,2.42072
FS 0.20,2,v1_Ra80_repeat_20261001,1300,27.2935,1.79089e+09,0.2275,6.0651,0.2275,1.3798,342.857,345.741,True,0.133652,0.00226346,0.0681889,2.47986
FS 0.20,2,v1_Ra80_repeat_20261001,1300,27.2935,1.79089e+09,0.2379,5.7679,0.2379,1.3722,337.5,339.952,True,0.131564,0.00225099,0.0713061,2.57159
FS 0.20,2,v1_Ra80_repeat_20261001,1300,27.2935,1.79089e+09,0.2482,5.4863,0.2482,1.3617,333.846,337.131,True,0.130139,0.00223377,0.0743934,2.66369
FS 0.20,2,v1_Ra80_repeat_20261001,1300,27.2935,1.79089e+09,0.2586,4.9457,0.2586,1.279,325.366,332.297,True,0.126834,0.00209811,0.0775106,2.68886
FS 0.20,2,v1_Ra80_repeat_20261001,1300,27.2935,1.79089e+09,0.2689,4.6036,0.2689,1.2379,319.701,322.388,True,0.124625,0.00203068,0.0805978,2.75881
FS 0.20,2,v1_Ra80_repeat_20261001,1300,27.2935,1.79089e+09,0.2793,3.9085,0.2793,1.0916,302.226,311.385,True,0.117813,0.00179069,0.083715,2.7289
FS 0.20,2,v1_Ra80_repeat_20261001,1300,27.2935,1.79089e+09,0.2896,3.5684,0.2896,1.0334,296.653,302.666,True,0.115641,0.00169522,0.0868023,2.79021
FS 0.20,2,v1_Ra80_repeat_20261001,1400,29.4257,1.79089e+09,0.006,17.94,0.006,0.1076,565.169,568.421,True,0.20435,0.000140854,0.00179839,0.110271
FS 0.20,2,v1_Ra80_repeat_20261001,1400,29.4257,1.79089e+09,0.012,17.4334,0.012,0.2092,560.208,563.534,True,0.202556,0.000273854,0.00359678,0.215968
FS 0.20,2,v1_Ra80_repeat_20261001,1400,29.4257,1.79089e+09,0.024,16.6656,0.024,0.4,548.718,553.846,True,0.198401,0.000523621,0.00719356,0.419245
FS 0.20,2,v1_Ra80_repeat_20261001,1400,29.4257,1.79089e+09,0.0361,16.0144,0.0361,0.5781,542.5,549.165,True,0.196153,0.000756764,0.0108203,0.615706
FS 0.20,2,v1_Ra80_repeat_20261001,1400,29.4257,1.79089e+09,0.0481,15.8956,0.0481,0.7646,542.5,540.001,True,0.196153,0.0010009,0.0144171,0.826148
FS 0.20,2,v1_Ra80_repeat_20261001,1400,29.4257,1.79089e+09,0.0601,15.1325,0.0601,0.9095,529.268,535.566,True,0.191369,0.00119058,0.0180139,1.0007
FS 0.20,2,v1_Ra80_repeat_20261001,1400,29.4257,1.79089e+09,0.0721,14.7731,0.0721,1.0651,524.39,526.83,True,0.189605,0.00139427,0.0216106,1.19166
FS 0.20,2,v1_Ra80_repeat_20261001,1400,29.4257,1.79089e+09,0.0842,13.9564,0.0842,1.1751,510.133,520.819,True,0.18445,0.00153827,0.0252374,1.34309
FS 0.20,2,v1_Ra80_repeat_20261001,1400,29.4257,1.79089e+09,0.0962,13.439,0.0962,1.2928,504.104,510.715,True,0.18227,0.00169234,0.0288342,1.50761
FS 0.20,2,v1_Ra80_repeat_20261001,1400,29.4257,1.79089e+09,0.1082,12.9161,0.1082,1.3975,495.454,494.096,True,0.179143,0.0018294,0.032431,1.66484
FS 0.20,2,v1_Ra80_repeat_20261001,1400,29.4257,1.79089e+09,0.1202,12.1522,0.1202,1.4607,478.261,481.221,True,0.172926,0.00191213,0.0360277,1.78628
FS 0.20,2,v1_Ra80_repeat_20261001,1400,29.4257,1.79089e+09,0.1322,11.6077,0.1322,1.5345,467.391,472.432,True,0.168996,0.00200874,0.0396245,1.92403
FS 0.20,2,v1_Ra80_repeat_20261001,1400,29.4257,1.79089e+09,0.1443,11.1693,0.1443,1.6117,461.702,461.27,True,0.166939,0.0021098,0.0432513,2.07149
FS 0.20,2,v1_Ra80_repeat_20261001,1400,29.4257,1.79089e+09,0.1563,10.5971,0.1563,1.6563,445.833,454.431,True,0.161201,0.00216819,0.046848,2.1915
FS 0.20,2,v1_Ra80_repeat_20261001,1400,29.4257,1.79089e+09,0.1683,10.0169,0.1683,1.6858,439.916,443.75,True,0.159062,0.0022068,0.0504448,2.30212
FS 0.20,2,v1_Ra80_repeat_20261001,1400,29.4257,1.79089e+09,0.1803,9.5312,0.1803,1.7185,432.748,435.448,True,0.15647,0.00224961,0.0540416,2.42165
FS 0.20,2,v1_Ra80_repeat_20261001,1400,29.4257,1.79089e+09,0.1923,9.2913,0.1923,1.7867,427.451,426.471,True,0.154555,0.00233889,0.0576384,2.58239
FS 0.20,2,v1_Ra80_repeat_20261001,1400,29.4257,1.79089e+09,0.2044,8.7434,0.2044,1.7872,418.412,426.47,True,0.151286,0.00233954,0.0612651,2.68198
FS 0.20,2,v1_Ra80_repeat_20261001,1400,29.4257,1.79089e+09,0.2164,8.3552,0.2164,1.8081,407.547,410.364,True,0.147358,0.0023669,0.0648619,2.80688
FS 0.20,2,v1_Ra80_repeat_20261001,1400,29.4257,1.79089e+09,0.2284,8.1048,0.2284,1.8511,413.461,412.5,True,0.149496,0.00242319,0.0684587,2.95959
FS 0.20,2,v1_Ra80_repeat_20261001,1400,29.4257,1.79089e+09,0.2404,7.6307,0.2404,1.8344,405.944,405.864,True,0.146778,0.00240133,0.0720555,3.05831
FS 0.20,2,v1_Ra80_repeat_20261001,1400,29.4257,1.79089e+09,0.2525,7.272,0.2525,1.8362,396.27,400,True,0.143281,0.00240368,0.0756822,3.18227
FS 0.20,2,v1_Ra80_repeat_20261001,1400,29.4257,1.79089e+09,0.2645,6.651,0.2645,1.7592,389.285,390.123,True,0.140755,0.00230289,0.079279,3.23215
FS 0.20,2,v1_Ra80_repeat_20261001,1400,29.4257,1.79089e+09,0.2765,6.103,0.2765,1.6875,377.815,385.715,True,0.136608,0.00220903,0.0828758,3.29304
FS 0.20,2,v1_Ra80_repeat_20261001,1400,29.4257,1.79089e+09,0.2885,5.8531,0.2885,1.6886,370.69,372.413,True,0.134031,0.00221047,0.0864726,3.43244
FS 0.20,2,v1_Ra80_repeat_20261001,1400,29.4257,1.79089e+09,0.3005,5.4709,0.3005,1.644,366.46,369.828,True,0.132502,0.00215208,0.0900693,3.53185
FS 0.20,2,v1_Ra80_repeat_20261001,1400,29.4257,1.79089e+09,0.3126,4.9998,0.3126,1.5629,358.437,363.56,True,0.129601,0.00204592,0.0936961,3.60174
FS 0.20,2,v1_Ra80_repeat_20261001,1400,29.4257,1.79089e+09,0.3246,4.2317,0.3246,1.3736,344.066,346.971,True,0.124405,0.00179812,0.0972929,3.56791
FS 0.20,2,v1_Ra80_repeat_20261001,1400,29.4257,1.79089e+09,0.3366,4.1185,0.3366,1.3863,341.845,337.5,True,0.123602,0.00181474,0.10089,3.7418
FS 0.20,2,v1_Ra80_repeat_20261001,1500,31.5578,1.79089e+09,0.0069,19.4643,0.0069,0.1343,617.143,617.143,True,0.208066,0.000142526,0.00206815,0.137494
FS 0.20,2,v1_Ra80_repeat_20261001,1500,31.5578,1.79089e+09,0.0138,19.0273,0.0138,0.2626,614.286,612.857,True,0.207103,0.000278684,0.0041363,0.270876
FS 0.20,2,v1_Ra80_repeat_20261001,1500,31.5578,1.79089e+09,0.0277,18.5279,0.0277,0.5132,608.013,605.123,True,0.204988,0.000544632,0.00830256,0.537444
FS 0.20,2,v1_Ra80_repeat_20261001,1500,31.5578,1.79089e+09,0.0415,17.8148,0.0415,0.7393,598.532,606.242,True,0.201792,0.00078458,0.0124389,0.786973
FS 0.20,2,v1_Ra80_repeat_20261001,1500,31.5578,1.79089e+09,0.0553,17.1741,0.0553,0.9497,594.465,595.833,True,0.20042,0.00100787,0.0165752,1.02835
FS 0.20,2,v1_Ra80_repeat_20261001,1500,31.5578,1.79089e+09,0.0691,16.7512,0.0691,1.1575,588.889,587.501,True,0.198541,0.00122839,0.0207115,1.27468
FS 0.20,2,v1_Ra80_repeat_20261001,1500,31.5578,1.79089e+09,0.083,15.923,0.083,1.3216,571.234,579.73,True,0.192588,0.00140254,0.0248777,1.48522
FS 0.20,2,v1_Ra80_repeat_20261001,1500,31.5578,1.79089e+09,0.0968,15.5203,0.0968,1.5024,565.603,564.753,True,0.19069,0.00159442,0.029014,1.7197
FS 0.20,2,v1_Ra80_repeat_20261001,1500,31.5578,1.79089e+09,0.1106,14.8137,0.1106,1.6384,558.974,561.057,True,0.188455,0.00173875,0.0331503,1.91693
FS 0.20,2,v1_Ra80_repeat_20261001,1500,31.5578,1.79089e+09,0.1244,14.0939,0.1244,1.7533,545.926,550,True,0.184056,0.00186068,0.0372866,2.10061
FS 0.20,2,v1_Ra80_repeat_20261001,1500,31.5578,1.79089e+09,0.1383,13.7842,0.1383,1.9064,540.001,539.999,True,0.182058,0.00202316,0.0414529,2.33062
FS 0.20,2,v1_Ra80_repeat_20261001,1500,31.5578,1.79089e+09,0.1521,13.0392,0.1521,1.9833,530.3,528.94,True,0.178787,0.00210477,0.0455892,2.49146
FS 0.20,2,v1_Ra80_repeat_20261001,1500,31.5578,1.79089e+09,0.1659,12.5324,0.1659,2.0791,524.09,530.489,True,0.176694,0.00220644,0.0497255,2.67874
FS 0.20,2,v1_Ra80_repeat_20261001,1500,31.5578,1.79089e+09,0.1797,11.9109,0.1797,2.1404,509.135,517.857,True,0.171652,0.00227149,0.0538618,2.83907
FS 0.20,2,v1_Ra80_repeat_20261001,1500,31.5578,1.79089e+09,0.1936,11.229,0.1936,2.1739,500.084,505.815,True,0.168601,0.00230705,0.058028,2.97996
FS 0.20,2,v1_Ra80_repeat_20261001,1500,31.5578,1.79089e+09,0.2074,10.749,0.2074,2.2293,490.909,492.961,True,0.165507,0.00236584,0.0621643,3.14954
FS 0.20,2,v1_Ra80_repeat_20261001,1500,31.5578,1.79089e+09,0.2212,9.984,0.2212,2.2085,470.694,483.334,True,0.158692,0.00234376,0.0663006,3.25048
FS 0.20,2,v1_Ra80_repeat_20261001,1500,31.5578,1.79089e+09,0.2351,9.4855,0.2351,2.23,462.463,467.176,True,0.155917,0.00236658,0.0704669,3.40223
FS 0.20,2,v1_Ra80_repeat_20261001,1500,31.5578,1.79089e+09,0.2489,9.0118,0.2489,2.243,460.656,463.418,True,0.155308,0.00238038,0.0746032,3.55212
FS 0.20,2,v1_Ra80_repeat_20261001,1500,31.5578,1.79089e+09,0.2627,8.5267,0.2627,2.24,450,450,True,0.151715,0.00237719,0.0787395,3.69356
FS 0.20,2,v1_Ra80_repeat_20261001,1500,31.5578,1.79089e+09,0.2765,8.1065,0.2765,2.2414,449.338,450,True,0.151492,0.00237868,0.0828758,3.84694
FS 0.20,2,v1_Ra80_repeat_20261001,1500,31.5578,1.79089e+09,0.2904,7.7525,0.2904,2.2513,437.369,442.927,True,0.147456,0.00238919,0.0870421,4.01757
FS 0.20,2,v1_Ra80_repeat_20261001,1500,31.5578,1.79089e+09,0.3042,7.2194,0.3042,2.1961,423.53,429.52,True,0.142791,0.00233061,0.0911783,4.12951
FS 0.20,2,v1_Ra80_repeat_20261001,1500,31.5578,1.79089e+09,0.318,6.6376,0.318,2.1108,419.566,426.47,True,0.141454,0.00224008,0.0953146,4.2189
FS 0.20,2,v1_Ra80_repeat_20261001,1500,31.5578,1.79089e+09,0.3318,6.4034,0.3318,2.1246,410.369,409.199,True,0.138354,0.00225473,0.0994509,4.41494
FS 0.20,2,v1_Ra80_repeat_20261001,1500,31.5578,1.79089e+09,0.3457,6.0124,0.3457,2.0785,410.543,416.435,True,0.138412,0.0022058,0.103617,4.56003
FS 0.20,2,v1_Ra80_repeat_20261001,1500,31.5578,1.79089e+09,0.3595,5.2207,0.3595,1.8768,390.909,400.724,True,0.131793,0.00199175,0.107754,4.55572
FS 0.20,2,v1_Ra80_repeat_20261001,1500,31.5578,1.79089e+09,0.3733,5.0117,0.3733,1.8709,390.14,388.426,True,0.131533,0.00198549,0.11189,4.75477
FS 0.20,2,v1_Ra80_repeat_20261001,1500,31.5578,1.79089e+09,0.3872,4.4002,0.3872,1.7038,384.21,382.394,True,0.129534,0.00180815,0.116056,4.80173
FS 0.20,2,v1_Ra80_repeat_20261001,1500,31.5578,1.79089e+09,0.401,3.9468,0.401,1.5827,370.69,381.232,True,0.124976,0.00167964,0.120192,4.90072
FS 0.20,2,v1_Ra80_repeat_20261001,1600,33.6899,1.79089e+09,0.0079,21.5355,0.0079,0.1701,681.166,684.502,True,0.215117,0.000148368,0.00236788,0.173914
FS 0.20,2,v1_Ra80_repeat_20261001,1600,33.6899,1.79089e+09,0.0158,21.0737,0.0158,0.333,678.169,684.309,True,0.214171,0.000290456,0.00473576,0.343102
FS 0.20,2,v1_Ra80_repeat_20261001,1600,33.6899,1.79089e+09,0.0315,20.2616,0.0315,0.6382,665.624,675.001,True,0.210209,0.000556664,0.00944154,0.668142
FS 0.20,2,v1_Ra80_repeat_20261001,1600,33.6899,1.79089e+09,0.0473,19.497,0.0473,0.9222,657.575,663.637,True,0.207667,0.000804381,0.0141773,0.981974
FS 0.20,2,v1_Ra80_repeat_20261001,1600,33.6899,1.79089e+09,0.063,19.035,0.063,1.1992,654.546,649.999,True,0.20671,0.00104599,0.0188831,1.29842
FS 0.20,2,v1_Ra80_repeat_20261001,1600,33.6899,1.79089e+09,0.0788,18.4839,0.0788,1.4565,645.323,649.999,True,0.203798,0.00127042,0.0236188,1.60528
FS 0.20,2,v1_Ra80_repeat_20261001,1600,33.6899,1.79089e+09,0.0946,17.4536,0.0946,1.6511,629.043,643.753,True,0.198656,0.00144016,0.0283546,1.85934
FS 0.20,2,v1_Ra80_repeat_20261001,1600,33.6899,1.79089e+09,0.1103,16.8198,0.1103,1.8552,620,621.429,True,0.1958,0.00161818,0.0330604,2.13232
FS 0.20,2,v1_Ra80_repeat_20261001,1600,33.6899,1.79089e+09,0.1261,16.2763,0.1261,2.0524,611.178,608.572,True,0.193014,0.00179019,0.0377962,2.40871
FS 0.20,2,v1_Ra80_repeat_20261001,1600,33.6899,1.79089e+09,0.1418,15.6323,0.1418,2.2167,603.682,606.976,True,0.190647,0.0019335,0.0425019,2.6615
FS 0.20,2,v1_Ra80_repeat_20261001,1600,33.6899,1.79089e+09,0.1576,14.8092,0.1576,2.3339,586.486,590.794,True,0.185217,0.00203572,0.0472377,2.87761
FS 0.20,2,v1_Ra80_repeat_20261001,1600,33.6899,1.79089e+09,0.1733,14.1978,0.1733,2.4605,578.378,583.784,True,0.182656,0.00214615,0.0519435,3.11231
FS 0.20,2,v1_Ra80_repeat_20261001,1600,33.6899,1.79089e+09,0.1891,13.595,0.1891,2.5708,571.052,569.168,True,0.180343,0.00224236,0.0566792,3.34125
FS 0.20,2,v1_Ra80_repeat_20261001,1600,33.6899,1.79089e+09,0.2049,13.0814,0.2049,2.6804,568.421,568.421,True,0.179512,0.00233796,0.061415,3.5794
FS 0.20,2,v1_Ra80_repeat_20261001,1600,33.6899,1.79089e+09,0.2206,12.2735,0.2206,2.7075,548.718,554.603,True,0.173289,0.00236159,0.0661208,3.74403
FS 0.20,2,v1_Ra80_repeat_20261001,1600,33.6899,1.79089e+09,0.2364,11.7618,0.2364,2.7805,542.5,554.999,True,0.171326,0.00242527,0.0708565,3.9653
FS 0.20,2,v1_Ra80_repeat_20261001,1600,33.6899,1.79089e+09,0.2521,11.1024,0.2521,2.7989,534.256,540.001,True,0.168722,0.00244132,0.0755623,4.14084
FS 0.20,2,v1_Ra80_repeat_20261001,1600,33.6899,1.79089e+09,0.2679,10.6517,0.2679,2.8536,524.39,526.829,True,0.165606,0.00248903,0.0802981,4.36354
FS 0.20,2,v1_Ra80_repeat_20261001,1600,33.6899,1.79089e+09,0.2837,10.0541,0.2837,2.8523,514.286,517.819,True,0.162415,0.00248789,0.0850339,4.54014
FS 0.20,2,v1_Ra80_repeat_20261001,1600,33.6899,1.79089e+09,0.2994,9.3815,0.2994,2.8088,504.651,509.302,True,0.159373,0.00244995,0.0897396,4.68321
FS 0.20,2,v1_Ra80_repeat_20261001,1600,33.6899,1.79089e+09,0.3152,9.0573,0.3152,2.8549,502.325,502.326,True,0.158638,0.00249016,0.0944754,4.92694
FS 0.20,2,v1_Ra80_repeat_20261001,1600,33.6899,1.79089e+09,0.3309,8.5401,0.3309,2.8259,499.201,502.326,True,0.157651,0.00246487,0.0991812,5.10412
FS 0.20,2,v1_Ra80_repeat_20261001,1600,33.6899,1.79089e+09,0.3467,7.8615,0.3467,2.7256,480.379,484.091,True,0.151707,0.00237738,0.103917,5.22118
FS 0.20,2,v1_Ra80_repeat_20261001,1600,33.6899,1.79089e+09,0.3624,7.034,0.3624,2.5491,462.765,475.211,True,0.146145,0.00222343,0.108623,5.27047
FS 0.20,2,v1_Ra80_repeat_20261001,1600,33.6899,1.79089e+09,0.3782,6.8035,0.3782,2.5731,461.477,457.785,True,0.145738,0.00224436,0.113358,5.53155
FS 0.20,2,v1_Ra80_repeat_20261001,1600,33.6899,1.79089e+09,0.394,6.0697,0.394,2.3915,447.917,450,True,0.141455,0.00208597,0.118094,5.59694
FS 0.20,2,v1_Ra80_repeat_20261001,1600,33.6899,1.79089e+09,0.4097,5.6493,0.4097,2.3145,440.767,444.949,True,0.139197,0.0020188,0.1228,5.77516
FS 0.20,2,v1_Ra80_repeat_20261001,1600,33.6899,1.79089e+09,0.4255,5.0846,0.4255,2.1635,431.333,436.002,True,0.136218,0.00188709,0.127536,5.89088
FS 0.20,2,v1_Ra80_repeat_20261001,1600,33.6899,1.79089e+09,0.4412,4.7986,0.4412,2.1171,430.726,429.043,True,0.136027,0.00184662,0.132242,6.1193
FS 0.20,2,v1_Ra80_repeat_20261001,1700,35.822,1.79089e+09,0.0089,24.1564,0.0089,0.215,762.542,755.173,True,0.226483,0.000156,0.00266761,0.219473
FS 0.20,2,v1_Ra80_repeat_20261001,1700,35.822,1.79089e+09,0.0178,23.5454,0.0178,0.4191,754.133,755.173,True,0.223985,0.000304091,0.00533522,0.431186
FS 0.20,2,v1_Ra80_repeat_20261001,1700,35.822,1.79089e+09,0.0356,22.5752,0.0356,0.8037,744.828,755.172,True,0.221222,0.000583149,0.0106704,0.840433
FS 0.20,2,v1_Ra80_repeat_20261001,1700,35.822,1.79089e+09,0.0534,21.2728,0.0534,1.136,723.333,731.718,True,0.214838,0.000824259,0.0160057,1.20994
FS 0.20,2,v1_Ra80_repeat_20261001,1700,35.822,1.79089e+09,0.0713,20.509,0.0713,1.4623,706.667,715,True,0.209888,0.00106102,0.0213709,1.58632
FS 0.20,2,v1_Ra80_repeat_20261001,1700,35.822,1.79089e+09,0.0891,20.0608,0.0891,1.7874,705.182,702.227,True,0.209447,0.0012969,0.0267061,1.97382
FS 0.20,2,v1_Ra80_repeat_20261001,1700,35.822,1.79089e+09,0.1069,19.0713,0.1069,2.0387,690.323,701.613,True,0.205033,0.00147924,0.0320413,2.30008
FS 0.20,2,v1_Ra80_repeat_20261001,1700,35.822,1.79089e+09,0.1247,18.5592,0.1247,2.3143,684.375,685.845,True,0.203267,0.00167921,0.0373765,2.66319
FS 0.20,2,v1_Ra80_repeat_20261001,1700,35.822,1.79089e+09,0.1425,17.7687,0.1425,2.532,677.42,680.746,True,0.201201,0.00183717,0.0427118,2.98097
FS 0.20,2,v1_Ra80_repeat_20261001,1700,35.822,1.79089e+09,0.1603,17.1141,0.1603,2.7434,665.624,670.313,True,0.197698,0.00199056,0.048047,3.30501
FS 0.20,2,v1_Ra80_repeat_20261001,1700,35.822,1.79089e+09,0.1782,16.3561,0.1782,2.9147,651.515,659.091,True,0.193507,0.00211485,0.0534122,3.60224
FS 0.20,2,v1_Ra80_repeat_20261001,1700,35.822,1.79089e+09,0.196,15.7525,0.196,3.0875,644.117,649.289,True,0.19131,0.00224023,0.0587474,3.91287
FS 0.20,2,v1_Ra80_repeat_20261001,1700,35.822,1.79089e+09,0.2138,15.0814,0.2138,3.2244,633.979,641.679,True,0.188298,0.00233956,0.0640826,4.20016
FS 0.20,2,v1_Ra80_repeat_20261001,1700,35.822,1.79089e+09,0.2316,14.4627,0.2316,3.3496,623.314,631.206,True,0.185131,0.0024304,0.0694178,4.48831
FS 0.20,2,v1_Ra80_repeat_20261001,1700,35.822,1.79089e+09,0.2494,13.9479,0.2494,3.4786,628.629,630.882,True,0.186709,0.002524,0.0747531,4.79282
FS 0.20,2,v1_Ra80_repeat_20261001,1700,35.822,1.79089e+09,0.2672,13.057,0.2672,3.4888,605.784,612.857,True,0.179924,0.0025314,0.0800883,4.99109
FS 0.20,2,v1_Ra80_repeat_20261001,1700,35.822,1.79089e+09,0.2851,12.1035,0.2851,3.4507,588.444,600.666,True,0.174774,0.00250376,0.0854535,5.15478
FS 0.20,2,v1_Ra80_repeat_20261001,1700,35.822,1.79089e+09,0.3029,11.7253,0.3029,3.5516,581.081,579.731,True,0.172587,0.00257697,0.0907887,5.46894
FS 0.20,2,v1_Ra80_repeat_20261001,1700,35.822,1.79089e+09,0.3207,10.9778,0.3207,3.5206,568.421,576.315,True,0.168827,0.00255448,0.0961239,5.66376
FS 0.20,2,v1_Ra80_repeat_20261001,1700,35.822,1.79089e+09,0.3385,10.2428,0.3385,3.4672,556.41,562.465,True,0.16526,0.00251573,0.101459,5.84874
FS 0.20,2,v1_Ra80_repeat_20261001,1700,35.822,1.79089e+09,0.3563,9.7337,0.3563,3.4681,546.928,550,True,0.162443,0.00251638,0.106794,6.10058
FS 0.20,2,v1_Ra80_repeat_20261001,1700,35.822,1.79089e+09,0.3741,9.168,0.3741,3.4297,542.5,549.781,True,0.161128,0.00248852,0.11213,6.32568
FS 0.20,2,v1_Ra80_repeat_20261001,1700,35.822,1.79089e+09,0.392,8.6929,0.392,3.4076,538.99,541.515,True,0.160086,0.00247249,0.117495,6.58123
FS 0.20,2,v1_Ra80_repeat_20261001,1700,35.822,1.79089e+09,0.4098,7.903,0.4098,3.2386,524.39,526.83,True,0.15575,0.00234986,0.12283,6.70092
FS 0.20,2,v1_Ra80_repeat_20261001,1700,35.822,1.79089e+09,0.4276,7.4522,0.4276,3.1866,516.666,518.836,True,0.153455,0.00231213,0.128165,6.95017
FS 0.20,2,v1_Ra80_repeat_20261001,1700,35.822,1.79089e+09,0.4454,6.7811,0.4454,3.0203,506.976,509.861,True,0.150577,0.00219147,0.1335,7.09768
FS 0.20,2,v1_Ra80_repeat_20261001,1700,35.822,1.79089e+09,0.4632,6.3009,0.4632,2.9186,493.342,491.382,True,0.146528,0.00211768,0.138836,7.32235
FS 0.20,2,v1_Ra80_repeat_20261001,1700,35.822,1.79089e+09,0.481,5.5584,0.481,2.6736,478.281,492.65,True,0.142055,0.00193991,0.144171,7.41628
FS 0.20,2,v1_Ra80_repeat_20261001,1700,35.822,1.79089e+09,0.4988,5.3836,0.4988,2.6853,480.029,476.666,True,0.142574,0.0019484,0.149506,7.77948
FS 0.20,2,v1_Ra80_repeat_20261001,1800,37.9542,1.79089e+09,0.01,26.965,0.01,0.2697,852,864,True,0.238837,0.000164528,0.00299732,0.274944
FS 0.20,2,v1_Ra80_repeat_20261001,1800,37.9542,1.79089e+09,0.02,26.1058,0.02,0.5221,844.363,851.456,True,0.236697,0.000318502,0.00599463,0.536552
FS 0.20,2,v1_Ra80_repeat_20261001,1800,37.9542,1.79089e+09,0.04,25.0247,0.04,1.001,819.812,829.897,True,0.229814,0.00061065,0.0119893,1.04576
FS 0.20,2,v1_Ra80_repeat_20261001,1800,37.9542,1.79089e+09,0.06,24.2933,0.06,1.4576,823.076,830.77,True,0.230729,0.000889194,0.0179839,1.54853
FS 0.20,2,v1_Ra80_repeat_20261001,1800,37.9542,1.79089e+09,0.08,23.0334,0.08,1.8427,796.296,807.317,True,0.223222,0.00112412,0.0239785,1.99565
FS 0.20,2,v1_Ra80_repeat_20261001,1800,37.9542,1.79089e+09,0.1,22.6193,0.1,2.2619,792.752,794.206,True,0.222229,0.00137985,0.0299732,2.49273
FS 0.20,2,v1_Ra80_repeat_20261001,1800,37.9542,1.79089e+09,0.12,21.9407,0.12,2.6329,785.799,788.888,True,0.22028,0.00160617,0.0359678,2.95746
FS 0.20,2,v1_Ra80_repeat_20261001,1800,37.9542,1.79089e+09,0.14,20.3862,0.14,2.8541,765.905,783.334,True,0.214703,0.00174111,0.0419624,3.28826
FS 0.20,2,v1_Ra80_repeat_20261001,1800,37.9542,1.79089e+09,0.16,19.9464,0.16,3.1914,755.171,758.683,True,0.211694,0.00194688,0.0479571,3.75101
FS 0.20,2,v1_Ra80_repeat_20261001,1800,37.9542,1.79089e+09,0.18,19.0748,0.18,3.4335,744.828,746.645,True,0.208794,0.00209457,0.0539517,4.13441
FS 0.20,2,v1_Ra80_repeat_20261001,1800,37.9542,1.79089e+09,0.2,18.3454,0.2,3.6691,734.483,739.656,True,0.205894,0.0022383,0.0599463,4.52717
FS 0.20,2,v1_Ra80_repeat_20261001,1800,37.9542,1.79089e+09,0.22,17.7982,0.22,3.9156,726.666,726.607,True,0.203703,0.00238867,0.0659409,4.94669
FS 0.20,2,v1_Ra80_repeat_20261001,1800,37.9542,1.79089e+09,0.24,16.8636,0.24,4.0473,716.666,725.001,True,0.2009,0.00246901,0.0719356,5.26727
FS 0.20,2,v1_Ra80_repeat_20261001,1800,37.9542,1.79089e+09,0.26,16.0875,0.26,4.1827,703.226,711.291,True,0.197132,0.00255161,0.0779302,5.6074
FS 0.20,2,v1_Ra80_repeat_20261001,1800,37.9542,1.79089e+09,0.28,15.4943,0.28,4.3384,696.774,696.774,True,0.195324,0.0026466,0.0839248,5.98369
FS 0.20,2,v1_Ra80_repeat_20261001,1800,37.9542,1.79089e+09,0.3,14.421,0.3,4.3263,678.125,689.051,True,0.190096,0.00263921,0.0899195,6.20804
FS 0.20,2,v1_Ra80_repeat_20261001,1800,37.9542,1.79089e+09,0.32,13.7604,0.32,4.4033,671.231,679.687,True,0.188163,0.00268619,0.0959141,6.53734
FS 0.20,2,v1_Ra80_repeat_20261001,1800,37.9542,1.79089e+09,0.34,13.3041,0.34,4.5234,656.943,659.091,True,0.184158,0.00275945,0.101909,6.9256
FS 0.20,2,v1_Ra80_repeat_20261001,1800,37.9542,1.79089e+09,0.36,12.4327,0.36,4.4758,650.748,655.696,True,0.182421,0.00273042,0.107903,7.16202
FS 0.20,2,v1_Ra80_repeat_20261001,1800,37.9542,1.79089e+09,0.38,11.9716,0.38,4.5492,646.866,652.428,True,0.181333,0.00277519,0.113898,7.53529
FS 0.20,2,v1_Ra80_repeat_20261001,1800,37.9542,1.79089e+09,0.4,11.4706,0.4,4.5882,641.751,647.668,True,0.179899,0.00279898,0.119893,7.89002
FS 0.20,2,v1_Ra80_repeat_20261001,1800,37.9542,1.79089e+09,0.42,10.3343,0.42,4.3404,614.286,630.746,True,0.1722,0.00264782,0.125887,7.97381
FS 0.20,2,v1_Ra80_repeat_20261001,1800,37.9542,1.79089e+09,0.44,9.573,0.44,4.2121,597.223,605.209,True,0.167417,0.00256955,0.131882,8.19295
FS 0.20,2,v1_Ra80_repeat_20261001,1800,37.9542,1.79089e+09,0.46,8.335,0.46,3.8341,576.316,587.079,True,0.161556,0.00233895,0.137877,8.17825
FS 0.20,2,v1_Ra80_repeat_20261001,1800,37.9542,1.79089e+09,0.48,7.6051,0.48,3.6504,561.538,565.875,True,0.157413,0.00222689,0.143871,8.37371
FS 0.20,2,v1_Ra80_repeat_20261001,1800,37.9542,1.79089e+09,0.5,7.2452,0.5,3.6226,553.984,557.692,True,0.155296,0.00220993,0.149866,8.74092
