# first initial residual per time step; decimated
t_s,Ux_initial,Uy_initial,p_initial,k_initial,omega_initial
2.5043488e-08,0.99999999,1,1,0.99999894,4.7558306e-07
5.511576e-06,2.8356862e-06,4.7726042e-05,0.064582933,5.0265954e-06,2.1279183e-08
2.0181461e-05,2.2002237e-06,4.9910024e-05,0.059731527,5.9592502e-06,9.9768001e-09
3.7580367e-05,2.011506e-06,5.5750854e-05,0.0402387,6.6226243e-06,9.8653992e-09
5.9702209e-05,1.9382479e-06,6.7108283e-05,0.037979233,5.4083983e-06,9.774619e-09
8.4404455e-05,1.6427828e-06,9.2271384e-05,0.027194204,4.0146118e-06,1.0203932e-08
0.00010939359,1.475591e-06,0.00019439076,0.022035271,3.6986851e-06,1.0791387e-08
0.00013459346,1.4545419e-06,0.00011821853,0.020930983,3.1852876e-06,1.0809657e-08
0.0001600508,1.428301e-06,6.9318631e-05,0.020219669,3.1266465e-06,8.2387461e-09
0.00018699475,1.4136618e-06,5.0139875e-05,0.017717273,3.211631e-06,1.0951717e-08
0.0002132817,1.4198911e-06,4.0745957e-05,0.016866634,3.1343745e-06,9.3618839e-09
0.00024005356,1.4217672e-06,3.5039141e-05,0.016197211,3.0251432e-06,1.0065609e-08
0.00026728162,1.4141411e-06,3.0959934e-05,0.015141079,2.8844548e-06,1.0610703e-08
0.00029495536,1.4071761e-06,2.8177263e-05,0.015922856,2.751542e-06,9.5526743e-09
0.00032307636,1.4254643e-06,2.6436533e-05,0.014309977,2.7096579e-06,1.0042452e-08
0.00035171283,1.4586436e-06,2.5281301e-05,0.013248402,2.5412565e-06,7.9225081e-09
0.00038101438,1.5132639e-06,2.4585537e-05,0.013335885,2.2417189e-06,1.041902e-08
0.00041113204,1.6015494e-06,2.4270592e-05,0.012388738,2.1007669e-06,8.6654576e-09
0.00044230645,1.6911231e-06,2.419845e-05,0.012791011,2.1175186e-06,7.967747e-09
0.00047480213,1.7925158e-06,2.4554937e-05,0.013201733,2.2182502e-06,1.0192306e-08
0.00050884481,1.8960585e-06,2.4801609e-05,0.013134963,2.2641336e-06,8.4037399e-09
0.00054452881,2.0004684e-06,2.4960675e-05,0.013859015,2.1558162e-06,9.7381309e-09
0.00058176687,2.0795028e-06,2.4904584e-05,0.013570056,2.1678794e-06,9.8760407e-09
0.00062045511,2.1455492e-06,2.4880306e-05,0.01290414,2.365862e-06,9.1611284e-09
0.00066034308,2.1404141e-06,2.4264011e-05,0.015639988,2.5756355e-06,9.7500947e-09
0.00070269842,2.0660757e-06,2.3344173e-05,0.014650814,2.6978831e-06,9.5249297e-09
0.00074342138,1.9974849e-06,2.2671882e-05,0.015652038,2.8016677e-06,8.3541064e-09
0.00078411666,1.9795843e-06,2.2514755e-05,0.01498091,3.0117172e-06,8.0917852e-09
0.00082504344,2.0102988e-06,2.2771307e-05,0.015891891,3.1458849e-06,8.1302164e-09
0.00086648764,2.0861514e-06,2.3317652e-05,0.01531974,3.1452564e-06,9.7010116e-09
0.00090803671,2.16476e-06,2.3662251e-05,0.013890684,3.083639e-06,7.4896209e-09
0.00094964751,2.2411344e-06,2.3714139e-05,0.012967555,3.2370061e-06,8.5268898e-09
0.00099131359,2.2806437e-06,2.3219164e-05,0.012696911,3.5495928e-06,7.2750669e-09
0.0010330768,2.2809123e-06,2.2476189e-05,0.012785798,3.8034761e-06,7.6486445e-09
0.001074959,2.2515195e-06,2.1858076e-05,0.011791053,3.8850577e-06,9.419883e-09
0.0011170008,2.2123593e-06,2.1395057e-05,0.011518508,3.794894e-06,7.7814093e-09
0.001159216,2.1739311e-06,2.1122574e-05,0.010968223,3.6041131e-06,9.9639502e-09
0.0012016078,2.1530176e-06,2.1030361e-05,0.01169774,3.3717343e-06,9.6915784e-09
0.0012441763,2.1485989e-06,2.1094307e-05,0.01143224,3.1731549e-06,9.4367145e-09
0.0012869216,2.1519265e-06,2.1306369e-05,0.011991235,2.9792863e-06,9.4050808e-09
0.0013298421,2.1571248e-06,2.1625063e-05,0.011353574,2.8557566e-06,9.3852015e-09
0.0013729333,2.169862e-06,2.2068234e-05,0.011363174,2.8075529e-06,9.9412291e-09
0.0014180751,2.1889534e-06,2.253614e-05,0.010885839,2.8015611e-06,1.0391509e-08
0.0014614942,2.2078271e-06,2.2950753e-05,0.01140733,2.8310033e-06,7.4754874e-09
0.0015050654,2.2222837e-06,2.334176e-05,0.011672977,2.858896e-06,9.9878403e-09
0.0015487902,2.231278e-06,2.3702224e-05,0.010923214,2.8583888e-06,1.006933e-08
0.0015926734,2.2393762e-06,2.4034643e-05,0.010870233,2.8635764e-06,8.9446355e-09
0.0016367214,2.2515472e-06,2.4499338e-05,0.0095615218,2.8299807e-06,7.2948477e-09
0.0016809511,2.2658573e-06,2.5108565e-05,0.009462724,2.8186933e-06,7.7605224e-09
0.0017253729,2.2786012e-06,2.5824951e-05,0.01023991,2.8125269e-06,9.8415504e-09
0.0017700007,2.2891005e-06,2.6660373e-05,0.01032612,2.8328223e-06,7.7890219e-09
0.0018148477,2.2994263e-06,2.7652161e-05,0.0094385862,2.8540471e-06,7.8694812e-09
0.0018599292,2.3109032e-06,2.8759435e-05,0.010524318,2.8623071e-06,9.6161029e-09
0.0019052602,2.3274686e-06,2.9940752e-05,0.010649826,2.8459163e-06,8.8635787e-09
0.0019508531,2.3476128e-06,3.1175317e-05,0.010066974,2.8221519e-06,9.3265172e-09
0.0019967221,2.3746346e-06,3.2516929e-05,0.0098319622,2.8192133e-06,7.9888886e-09
0.0020428762,2.4055572e-06,3.3938446e-05,0.010018289,2.8631438e-06,9.0602252e-09
0.0020893232,2.4389717e-06,3.5453515e-05,0.010135757,2.9086478e-06,7.5125385e-09
0.0021381042,2.4750658e-06,3.7126567e-05,0.0092778686,2.9664098e-06,7.3805197e-09
0.0021851505,2.5097358e-06,3.8809062e-05,0.010270494,3.0382317e-06,9.4322779e-09
0.0022324976,2.5439874e-06,4.0576134e-05,0.0091725794,3.1295184e-06,9.0750059e-09
0.0022801626,2.5776439e-06,4.2414143e-05,0.010234458,3.2340582e-06,9.5660737e-09
0.0023281352,2.6070724e-06,4.4226994e-05,0.0093478726,3.3601137e-06,7.9968041e-09
0.0023764212,2.6338116e-06,4.6101115e-05,0.0098393875,3.4837468e-06,9.7519057e-09
0.002425026,2.6567261e-06,4.8025802e-05,0.0095631931,3.5708287e-06,7.5344516e-09
0.00247397,2.6845725e-06,5.0227012e-05,0.010044214,3.6382315e-06,7.4826434e-09
0.0025232636,2.7136168e-06,5.2740816e-05,0.0098008488,3.6899096e-06,7.5296018e-09
0.0025729214,2.7469694e-06,5.5800923e-05,0.010742259,3.7377529e-06,7.3666391e-09
0.0026229387,2.784375e-06,5.9570594e-05,0.009544057,3.8034767e-06,8.4493346e-09
0.0026733458,2.8287261e-06,6.4308861e-05,0.010623768,3.872053e-06,7.6547734e-09
0.0027241412,2.8736411e-06,7.0133791e-05,0.011291952,3.9501878e-06,9.1234051e-09
0.0027753225,2.9161183e-06,7.7314799e-05,0.011031159,4.0315727e-06,8.11635e-09
0.0028269024,2.9564549e-06,8.6321354e-05,0.010304792,4.0928261e-06,1.0034374e-08
0.002878886,2.9918497e-06,9.7840675e-05,0.010414498,4.1395222e-06,7.7826285e-09
0.0029312722,3.0278736e-06,0.00011309227,0.011012287,4.1638416e-06,8.6659829e-09
0.0029863603,3.0604479e-06,0.00013476987,0.011143805,4.1670838e-06,8.0620279e-09
0.0030395519,3.0922083e-06,0.00016402659,0.010558659,4.1601918e-06,7.5974608e-09
0.0030931266,3.1194039e-06,0.00020649139,0.010199771,4.1366408e-06,9.0087356e-09
0.0031470754,3.1468124e-06,0.00027166359,0.010811706,4.1081287e-06,9.5833545e-09
0.003201386,3.1745548e-06,0.00036892258,0.01140233,4.0783831e-06,9.559474e-09
0.0032560536,3.2018771e-06,0.00042655857,0.011336309,4.060773e-06,1.0399905e-08
0.0033110764,3.2325253e-06,0.00035458448,0.010829597,4.0535569e-06,9.5026674e-09
0.0033664538,3.2620784e-06,0.00027685472,0.011022525,4.059129e-06,9.4515316e-09
0.0034221831,3.2913959e-06,0.00022676693,0.01152968,4.0770338e-06,9.9090799e-09
0.0034782681,3.3179142e-06,0.0001931229,0.011740377,4.0878632e-06,8.3569795e-09
0.0035347109,3.33878e-06,0.00016906253,0.011720063,4.0962401e-06,9.3958115e-09
0.0035915264,3.3546115e-06,0.00015105519,0.012038205,4.1017667e-06,7.7999044e-09
0.0036487128,3.3642051e-06,0.00013701292,0.012520092,4.1012602e-06,6.9876922e-09
0.0037063004,3.3730835e-06,0.00012561862,0.011914857,4.1030131e-06,7.8920302e-09
0.0037642849,3.3817234e-06,0.00011599526,0.011538428,4.1118877e-06,8.6188356e-09
0.0038226852,3.3941925e-06,0.00010779513,0.01180186,4.1193691e-06,9.2259687e-09
0.0038814925,3.4101258e-06,0.00010059432,0.011480837,4.1264944e-06,9.3793391e-09
0.0039432577,3.4240083e-06,9.3839418e-05,0.012221351,4.1232487e-06,8.4251873e-09
0.0040028332,3.4434607e-06,8.8174867e-05,0.011999299,4.1208279e-06,9.156576e-09
0.0040627708,3.4658856e-06,8.3197235e-05,0.011642887,4.1071063e-06,1.0235761e-08
0.0041230682,3.488152e-06,7.8827457e-05,0.011783137,4.0909433e-06,9.1625227e-09
0.0041837194,3.5136104e-06,7.5114425e-05,0.011629831,4.0747996e-06,7.6236568e-09
0.0042447273,3.5357695e-06,7.1918456e-05,0.011640325,4.0634523e-06,8.8513747e-09
0.0043060762,3.5584106e-06,6.9236204e-05,0.01118825,4.0586716e-06,7.5391502e-09
0.0043677879,3.5769158e-06,6.6949165e-05,0.011066272,4.0567097e-06,7.5075456e-09
0.0044298493,3.5973532e-06,6.5094792e-05,0.011218115,4.0659611e-06,8.5741196e-09
0.0044922912,3.6106364e-06,6.3479114e-05,0.010998919,4.0787582e-06,1.0083646e-08
0.0045550976,3.6237639e-06,6.2220385e-05,0.011617228,4.0989743e-06,7.2073319e-09
0.0046183009,3.6330188e-06,6.1233995e-05,0.011978498,4.1134223e-06,8.7273611e-09
0.0046818847,3.6404481e-06,6.0511012e-05,0.012085281,4.1334982e-06,8.7407812e-09
0.0047458739,3.6377829e-06,5.9898295e-05,0.012046431,4.1531913e-06,9.5919061e-09
0.0048102674,3.634676e-06,5.9430031e-05,0.011898137,4.1685346e-06,9.195424e-09
0.0048750616,3.6217187e-06,5.8882303e-05,0.012212527,4.1780389e-06,1.0033222e-08
0.0049431073,3.6137507e-06,5.8406144e-05,0.01161421,4.1963977e-06,8.0514289e-09
0.0050087304,3.6029342e-06,5.7948131e-05,0.01190258,4.2171873e-06,7.5205781e-09
0.0050747527,3.5861451e-06,5.7444785e-05,0.011356039,4.2266057e-06,9.2583251e-09
0.0051411818,3.5688682e-06,5.6956467e-05,0.011714269,4.2384295e-06,1.0040746e-08
0.0052080062,3.5497636e-06,5.6380377e-05,0.011315401,4.2448314e-06,8.1298493e-09
0.0052752445,3.5317397e-06,5.5869499e-05,0.011649561,4.2530743e-06,9.9870609e-09
0.0053428785,3.5105683e-06,5.5301982e-05,0.01131989,4.2558752e-06,7.8439122e-09
0.0054109221,3.4928987e-06,5.4773788e-05,0.011415822,4.2623931e-06,9.1699452e-09
0.0054793706,3.4724992e-06,5.421997e-05,0.011941716,4.2618566e-06,7.1561324e-09
0.0055482215,3.455467e-06,5.3719838e-05,0.011713302,4.265448e-06,8.9090811e-09
0.0056174723,3.4384493e-06,5.3211046e-05,0.012216018,4.263918e-06,7.3504791e-09
0.0056871321,3.4265385e-06,5.276646e-05,0.012081709,4.2725013e-06,9.8087524e-09
0.005757196,3.4150888e-06,5.2309817e-05,0.012427656,4.2749631e-06,7.5521083e-09
0.0058276694,3.4084526e-06,5.1912236e-05,0.01237577,4.2819077e-06,9.5395495e-09
0.0058985508,3.4012798e-06,5.1477389e-05,0.012612853,4.2979876e-06,8.1492564e-09
0.0059698419,3.3999715e-06,5.1116639e-05,0.012697317,4.3151721e-06,8.4472139e-09
0.0060415435,3.3956453e-06,5.0704244e-05,0.013154717,4.3278495e-06,8.455051e-09
0.0061168086,3.3932433e-06,5.0327872e-05,0.01278908,4.3324546e-06,8.4240109e-09
0.0061893464,3.3875404e-06,4.9943242e-05,0.012729824,4.3344514e-06,8.4772184e-09
0.006262306,3.3855362e-06,4.9605001e-05,0.012974859,4.3509618e-06,8.3444715e-09
0.0063356688,3.3828504e-06,4.9288871e-05,0.012705173,4.3686535e-06,9.7644793e-09
0.0064094469,3.3787974e-06,4.8988901e-05,0.013150578,4.3886259e-06,7.2030323e-09
0.0064836321,3.3751331e-06,4.8727243e-05,0.013372288,4.402352e-06,8.055061e-09
0.0065582354,3.3733026e-06,4.8520872e-05,0.013826284,4.4138319e-06,8.6354918e-09
0.006633264,3.3719468e-06,4.8357419e-05,0.013867347,4.4278797e-06,8.7912803e-09
0.00670873,3.3710115e-06,4.8238012e-05,0.014090682,4.438931e-06,7.0786198e-09
0.0067846196,3.3690407e-06,4.8120665e-05,0.013879264,4.4477204e-06,9.1673916e-09
0.0068609383,3.369013e-06,4.8073662e-05,0.01421573,4.4557727e-06,9.848159e-09
0.0069376766,3.3668261e-06,4.8036866e-05,0.014089678,4.4615285e-06,9.6004173e-09
0.0070148391,3.3656005e-06,4.8052941e-05,0.013814879,4.4701194e-06,9.0949486e-09
0.0070924281,3.3657831e-06,4.8130379e-05,0.014001626,4.4798334e-06,8.0928393e-09
0.0071704439,3.3627677e-06,4.8232528e-05,0.013738955,4.4901558e-06,8.1653846e-09
0.0072488828,3.3620331e-06,4.8410792e-05,0.013598485,4.505228e-06,8.2953755e-09
0.0073311906,3.3610923e-06,4.8652235e-05,0.013999115,4.5224402e-06,8.4070406e-09
0.0074105191,3.3581289e-06,4.8927985e-05,0.013989736,4.5406519e-06,8.3364105e-09
0.007490276,3.356013e-06,4.9269124e-05,0.013890787,4.5583264e-06,9.0545402e-09
0.0075704638,3.3534127e-06,4.9672998e-05,0.014250805,4.5769081e-06,1.0325472e-08
0.0076510918,3.3493261e-06,5.0144615e-05,0.014019279,4.5956634e-06,9.9677693e-09
0.0077321573,3.3467205e-06,5.0697289e-05,0.014705749,4.6179015e-06,1.0883714e-08
0.007813686,3.3455162e-06,5.1332116e-05,0.014311314,4.6367434e-06,7.1144725e-09
0.0078956646,3.3414579e-06,5.2005818e-05,0.014048196,4.6498438e-06,8.0663915e-09
0.0079780803,3.3411973e-06,5.2823571e-05,0.014324048,4.668701e-06,9.1623851e-09
0.0080606248,3.3143004e-06,5.3297369e-05,0.014058208,4.6492837e-06,7.1529778e-09
0.0081428787,3.2799409e-06,5.3711205e-05,0.014192983,4.623073e-06,7.7174208e-09
0.0082248662,3.2529365e-06,5.4336796e-05,0.014360806,4.6083495e-06,8.0318845e-09
0.0083065613,3.2239352e-06,5.5003308e-05,0.014054403,4.5948781e-06,8.4699128e-09
0.0083879851,3.1902563e-06,5.5653644e-05,0.014394185,4.5740725e-06,7.0609282e-09
0.0084691338,3.1681686e-06,5.6570748e-05,0.014156816,4.5720662e-06,8.4239793e-09
0.0085499943,3.1385464e-06,5.7417031e-05,0.013990746,4.5571776e-06,8.1384586e-09
0.0086305879,3.1123853e-06,5.8399005e-05,0.014171759,4.543721e-06,8.2764535e-09
0.0087143734,3.0883468e-06,5.9548377e-05,0.013766377,4.5327195e-06,8.2642796e-09
0.0087943754,3.0612454e-06,6.0652197e-05,0.014136285,4.5120646e-06,7.583332e-09
0.0088741068,3.03954e-06,6.1945092e-05,0.013761795,4.4980509e-06,1.0235099e-08
0.0089535398,3.0192097e-06,6.3342704e-05,0.01357079,4.4810645e-06,9.2670511e-09
0.0090326885,2.9954725e-06,6.4745823e-05,0.014216468,4.4527772e-06,8.4975198e-09
0.0091115471,2.9817906e-06,6.6468263e-05,0.013544233,4.4368172e-06,7.7406326e-09
0.009190109,2.9619688e-06,6.8164098e-05,0.013455465,4.4085413e-06,7.4244972e-09
0.009268392,2.9469258e-06,7.011208e-05,0.013605646,4.3864542e-06,8.2043227e-09
0.0093463758,2.9329537e-06,7.2213873e-05,0.013467519,4.3630093e-06,7.2810946e-09
0.0094241148,2.9165354e-06,7.4407825e-05,0.013761089,4.3329889e-06,8.8967009e-09
0.0095015863,2.9080554e-06,7.6999128e-05,0.013601408,4.3129447e-06,9.7734023e-09
0.0095787555,2.8922986e-06,7.9570069e-05,0.013860314,4.28141e-06,8.1200396e-09
0.0096556495,2.8833912e-06,8.2579735e-05,0.013958204,4.2587092e-06,6.9704405e-09
0.0097322448,2.8714574e-06,8.5762682e-05,0.013750818,4.231748e-06,7.0112141e-09
0.009808575,2.8611199e-06,8.9274025e-05,0.014080159,4.2049299e-06,1.0115247e-08
0.0098846166,2.8524103e-06,9.3161601e-05,0.013683986,4.1810939e-06,9.6497791e-09
0.0099636576,2.8407392e-06,9.7470377e-05,0.014135045,4.1498654e-06,7.2842412e-09
0.010039121,2.8352921e-06,0.00010224335,0.013975464,4.1292992e-06,7.5509258e-09
0.01011429,2.8266074e-06,0.00010735308,0.014369146,4.1022555e-06,9.042828e-09
0.01018919,2.8195636e-06,0.00011308791,0.01429573,4.0782386e-06,8.9798997e-09
0.01026379,2.8138043e-06,0.00011950115,0.014032856,4.0562578e-06,7.0427738e-09
0.010338118,2.804419e-06,0.00012650718,0.014551116,4.0288399e-06,6.9190228e-09
0.010412156,2.8003818e-06,0.00013463622,0.014395485,4.010981e-06,9.9470742e-09
0.010485909,2.7905767e-06,0.00014347825,0.014472853,3.9839955e-06,6.8185188e-09
0.010559385,2.7880495e-06,0.00015395793,0.014337114,3.9698326e-06,6.7805427e-09
0.010632576,2.7788969e-06,0.00016541664,0.014719805,3.9459132e-06,6.7280735e-09
0.010705502,2.7755036e-06,0.00017880806,0.014582266,3.9324051e-06,9.9435946e-09
0.010778143,2.7681021e-06,0.0001936442,0.014515461,3.9145973e-06,8.9364013e-09
0.01085053,2.7633093e-06,0.00021030347,0.014540589,3.9018132e-06,7.1667134e-09
0.010922637,2.7582537e-06,0.00022757858,0.014256475,3.8909644e-06,6.833987e-09
0.010994483,2.7500176e-06,0.00024306462,0.014543699,3.8779904e-06,8.2592106e-09
0.011066061,2.7480458e-06,0.00025466661,0.014290746,3.874618e-06,6.8254163e-09
0.011137379,2.7402964e-06,0.0002587177,0.014958627,3.8629772e-06,8.0336681e-09
0.011211528,2.73977e-06,0.0002552398,0.01461944,3.8627155e-06,6.7987991e-09
0.011282313,2.7340778e-06,0.00024434612,0.014802269,3.854668e-06,9.0266073e-09
0.011352852,2.7326007e-06,0.00022943879,0.014458027,3.8529614e-06,6.7672523e-09
0.011423124,2.7282356e-06,0.00021262516,0.014520919,3.8465854e-06,8.6564881e-09
0.011493149,2.7258027e-06,0.00019604186,0.014509201,3.8408594e-06,6.8740185e-09
0.011562915,2.7236246e-06,0.00018082342,0.014461318,3.8356291e-06,8.8895902e-09
0.011632435,2.7215758e-06,0.00016722357,0.014807594,3.8280277e-06,6.4558036e-09
0.011701696,2.7220412e-06,0.00015538856,0.014540975,3.8252468e-06,8.3149193e-09
0.011770717,2.7174872e-06,0.0001447506,0.014782795,3.8153239e-06,6.7053474e-09
0.011839492,2.7186514e-06,0.0001355977,0.014509015,3.8135036e-06,7.2831554e-09
0.011908032,2.7156121e-06,0.00012726652,0.014969064,3.8049071e-06,9.4324638e-09
0.011976334,2.7168777e-06,0.00012010104,0.014431494,3.8031027e-06,6.3169351e-09
0.012044411,2.7128211e-06,0.00011340218,0.014642299,3.7925695e-06,6.9907193e-09
0.012112259,2.7150308e-06,0.00010766357,0.014279104,3.7918092e-06,8.2912907e-09
0.012179883,2.7105109e-06,0.00010221052,0.01485293,3.7803011e-06,9.6600636e-09
0.012247296,2.7133591e-06,9.7567607e-05,0.014430793,3.7803069e-06,6.8846378e-09
0.012317407,2.7102165e-06,9.2962435e-05,0.014912533,3.7717206e-06,7.2717981e-09
0.012384391,2.7115897e-06,8.910179e-05,0.014586362,3.7706322e-06,8.4912874e-09
0.012451163,2.7080279e-06,8.5406721e-05,0.014629857,3.7616069e-06,9.9392646e-09
0.012517749,2.7102551e-06,8.2223748e-05,0.014507021,3.7618589e-06,6.8132045e-09
0.012584142,2.7070277e-06,7.9135127e-05,0.01457244,3.7548693e-06,7.1513965e-09
0.012650363,2.7082072e-06,7.6445761e-05,0.0143567,3.7561004e-06,8.0826428e-09
0.012716409,2.7065839e-06,7.3870491e-05,0.014489442,3.7523476e-06,9.4817002e-09
0.012782295,2.7076429e-06,7.1598632e-05,0.014192482,3.7543982e-06,6.7739991e-09
0.01284802,2.7050849e-06,6.9398027e-05,0.014408057,3.7511291e-06,7.1325718e-09
0.012913607,2.7079462e-06,6.7507429e-05,0.01401584,3.7555559e-06,8.5392774e-09
0.012979049,2.7059869e-06,6.5640076e-05,0.014263083,3.7532439e-06,7.438664e-09
0.013044371,2.7081619e-06,6.4027737e-05,0.013837645,3.7572106e-06,6.8141097e-09
0.013109566,2.7068592e-06,6.244392e-05,0.014129356,3.75591e-06,7.6233986e-09
0.013174657,2.7098959e-06,6.1081518e-05,0.013693673,3.7615723e-06,8.3788278e-09
0.013239642,2.7083376e-06,5.9719509e-05,0.014030836,3.7602206e-06,9.2139446e-09
0.013304538,2.711863e-06,5.8573139e-05,0.013577568,3.767406e-06,6.7702806e-09
0.013369345,2.7109013e-06,5.7418078e-05,0.013822193,3.7677218e-06,7.3683111e-09
0.0134369,2.7136006e-06,5.6380931e-05,0.013658369,3.7742443e-06,8.1676672e-09
0.013501564,2.7150257e-06,5.5443237e-05,0.013385831,3.7789597e-06,7.2712111e-09
0.013566184,2.7186954e-06,5.4620133e-05,0.013636872,3.7866254e-06,8.001731e-09
0.013630747,2.7200328e-06,5.3819228e-05,0.013306145,3.7915959e-06,7.5271247e-09
0.013695286,2.7243298e-06,5.3144904e-05,0.013322529,3.8013542e-06,6.5097587e-09
0.013759784,2.7267769e-06,5.2485756e-05,0.013491578,3.8076136e-06,7.9755388e-09
0.013824281,2.7318145e-06,5.193851e-05,0.013210206,3.8191564e-06,6.8160858e-09
0.013888755,2.7351997e-06,5.1405463e-05,0.013311908,3.8275719e-06,7.0668227e-09
0.013953247,2.7406082e-06,5.0957785e-05,0.013356309,3.8390982e-06,8.0692231e-09
0.014017737,2.7441512e-06,5.0515233e-05,0.013271033,3.8479406e-06,9.4802013e-09
0.014082255,2.7519515e-06,5.0198751e-05,0.013211093,3.8634364e-06,7.2338682e-09
0.014146798,2.7561675e-06,4.9848164e-05,0.013497888,3.8729166e-06,8.7739711e-09
0.014211387,2.7654185e-06,4.9632089e-05,0.013230089,3.8908538e-06,6.8569334e-09
0.014276017,2.7707851e-06,4.9380393e-05,0.013415058,3.901788e-06,9.8002819e-09
0.01434071,2.7804945e-06,4.9246298e-05,0.013327429,3.9199675e-06,7.9703921e-09
0.014405459,2.7863411e-06,4.9068237e-05,0.013385548,3.9317116e-06,6.9568055e-09
0.014470293,2.797521e-06,4.9028665e-05,0.012985801,3.9522207e-06,8.2368196e-09
0.014538029,2.8060284e-06,4.896297e-05,0.013395337,3.968442e-06,6.9455968e-09
0.014603045,2.8177948e-06,4.9004934e-05,0.013111535,3.9898749e-06,9.0069872e-09
0.014668152,2.8264056e-06,4.9020365e-05,0.013178064,4.0061228e-06,7.3778298e-09
0.014733383,2.8387641e-06,4.9140697e-05,0.013261776,4.0283253e-06,9.8664261e-09
0.014798723,2.8480262e-06,4.9234361e-05,0.013444246,4.0450955e-06,7.5282064e-09
0.014864202,2.8631066e-06,4.9474445e-05,0.013216634,4.0718095e-06,7.072606e-09
0.014929809,2.8715992e-06,4.9640388e-05,0.013561984,4.0891379e-06,7.5739587e-09
0.01499557,2.8874844e-06,4.9962329e-05,0.013459152,4.1164576e-06,6.6890755e-09
0.015061472,2.8981196e-06,5.0236312e-05,0.013546299,4.1359611e-06,8.0050486e-09
0.015127542,2.9127713e-06,5.0615859e-05,0.013399931,4.1625015e-06,6.5110493e-09
0.01519378,2.9246319e-06,5.0973195e-05,0.013958775,4.1825035e-06,7.6645258e-09
0.015260195,2.9431618e-06,5.1495835e-05,0.01345095,4.2138559e-06,6.8821188e-09
0.01532679,2.9543357e-06,5.1938386e-05,0.013818366,4.2350471e-06,8.1212106e-09
0.015393581,2.9730378e-06,5.2558458e-05,0.013759565,4.2675692e-06,6.5622684e-09
0.015460567,2.9848909e-06,5.3097876e-05,0.013944736,4.289432e-06,1.0409818e-08
0.015527764,3.0043292e-06,5.3828478e-05,0.013705893,4.3236268e-06,8.3886047e-09
0.015598105,3.0201229e-06,5.456515e-05,0.014239368,4.3520706e-06,6.5132874e-09
0.015665752,3.0390472e-06,5.5396902e-05,0.013980418,4.3854827e-06,7.5931451e-09
0.015733621,3.0535531e-06,5.6206685e-05,0.014506149,4.4117484e-06,8.2277754e-09
0.01580173,3.0751721e-06,5.7218012e-05,0.014024582,4.4513856e-06,8.6976386e-09
0.015870074,3.0899674e-06,5.8176861e-05,0.014631168,4.4782504e-06,7.7743107e-09
0.015938669,3.1114245e-06,5.9346183e-05,0.014449177,4.5164484e-06,8.0721883e-09
0.01600751,3.1275277e-06,6.0480883e-05,0.014855229,4.544123e-06,9.9935234e-09
0.016076622,3.1500148e-06,6.1863616e-05,0.014545153,4.583861e-06,6.6675771e-09
0.016145996,3.1669777e-06,6.3213352e-05,0.015100298,4.6128018e-06,6.0132363e-09
0.016215651,3.1923542e-06,6.4873046e-05,0.014746029,4.6570634e-06,9.9524536e-09
0.016285583,3.2099617e-06,6.6473249e-05,0.015148848,4.6872471e-06,8.9881505e-09
0.016355806,3.235542e-06,6.8385158e-05,0.01521974,4.7304196e-06,7.247709e-09
0.01642632,3.2533097e-06,7.0286492e-05,0.015439639,4.7614974e-06,6.8618668e-09
0.016497142,3.2817124e-06,7.2592386e-05,0.015318982,4.8100168e-06,7.5639145e-09
0.016568262,3.2981012e-06,7.4802766e-05,0.015886589,4.8393665e-06,8.7311084e-09
0.016639706,3.3284881e-06,7.7555768e-05,0.01565534,4.8905067e-06,8.2388417e-09
0.016711462,3.3482703e-06,8.0268061e-05,0.015913363,4.9250186e-06,8.7024851e-09
0.016786697,3.3788355e-06,8.362936e-05,0.015833546,4.9766192e-06,9.157748e-09
0.016859122,3.3989592e-06,8.6944489e-05,0.016208521,5.0136626e-06,6.7829082e-09
0.016931911,3.4306877e-06,9.0901234e-05,0.016449601,5.0680007e-06,7.5021455e-09
0.017005015,3.4509418e-06,9.4988399e-05,0.016570797,5.1075645e-06,9.9080481e-09
0.017078496,3.4835786e-06,9.989524e-05,0.016748019,5.1653533e-06,8.7387782e-09
0.017152329,3.5051023e-06,0.00010509343,0.017039281,5.2061428e-06,7.7828654e-09
0.017226535,3.5355918e-06,0.00011128141,0.017230714,5.2614541e-06,7.2312216e-09
0.017301108,3.557769e-06,0.00011805213,0.017246012,5.3040541e-06,7.1876737e-09
0.017376084,3.5906965e-06,0.00012623636,0.017466151,5.3631248e-06,6.9831019e-09
0.017451443,3.6172952e-06,0.00013550769,0.017324029,5.4146665e-06,7.0387481e-09
0.017527215,3.6528022e-06,0.00014668929,0.017540513,5.4793228e-06,7.4037214e-09
0.017603389,3.6783331e-06,0.00015938572,0.01804847,5.5332616e-06,8.1921252e-09
0.017679995,3.7125109e-06,0.0001747954,0.018280383,5.5986105e-06,7.7106503e-09
0.017757006,3.7441132e-06,0.00019293928,0.018048282,5.6621503e-06,9.9222439e-09
0.017834485,3.7192119e-06,0.00021273662,0.012980407,5.7337871e-06,9.0806766e-09
0.01791239,3.7535468e-06,0.00023751877,0.012926386,5.8004093e-06,7.6133525e-09
0.017994181,3.786014e-06,0.00026653579,0.013338103,5.8633855e-06,6.6294679e-09
0.018073037,3.8285228e-06,0.00029433676,0.012907528,5.9410742e-06,7.0839896e-09
0.018152331,3.8535159e-06,0.00031339763,0.013610093,5.9907416e-06,9.0924617e-09
0.018231408,3.8429544e-06,0.00031456656,0.01303533,5.9870381e-06,7.8727047e-09
0.018310004,3.8381866e-06,0.00030111789,0.013333703,5.989567e-06,6.7594681e-09
0.018388137,3.8275693e-06,0.00027737737,0.012829551,5.9816667e-06,9.7776971e-09
0.018465813,3.8234212e-06,0.00025133523,0.012741347,5.9797525e-06,7.5139005e-09
0.01854303,3.8182516e-06,0.00022621144,0.013060324,5.9762763e-06,7.2444245e-09
0.018619825,3.8551396e-06,0.00020506338,0.018524708,5.9732399e-06,8.4060966e-09
0.0186962,3.8528282e-06,0.00018601843,0.018109876,5.9774992e-06,7.4199284e-09
0.018772202,3.8499077e-06,0.00016991447,0.018231738,5.9802568e-06,6.9875376e-09
0.01884781,3.8400784e-06,0.00015593925,0.018209783,5.9717616e-06,8.8990179e-09
0.018923051,3.841296e-06,0.00014442112,0.018115283,5.9804269e-06,7.3977707e-09
0.018997932,3.8354994e-06,0.00013422874,0.017799563,5.9778322e-06,7.0637981e-09
0.01907249,3.8284488e-06,0.00012533614,0.017270787,5.9730518e-06,7.7025399e-09
0.019146723,3.8272039e-06,0.00011773297,0.017365387,5.9769321e-06,6.8024052e-09
0.019220661,3.8265011e-06,0.00011101806,0.017480377,5.9790191e-06,7.8676561e-09
0.019297513,3.8246881e-06,0.00010481683,0.017181687,5.9800749e-06,8.0387259e-09
0.019370924,3.8298149e-06,9.9722281e-05,0.017129845,5.9911563e-06,6.8408771e-09
0.01944405,3.8257873e-06,9.4934226e-05,0.017083955,5.9861664e-06,8.0766455e-09
0.019516985,3.8295048e-06,9.0814886e-05,0.016922003,5.994871e-06,1.0053712e-08
0.01958972,3.8321832e-06,8.7103282e-05,0.016802118,6.00266e-06,6.4522299e-09
0.019662238,3.8342087e-06,8.3737818e-05,0.016791782,6.009526e-06,8.0507737e-09
0.019734568,3.8353767e-06,8.0666839e-05,0.016787885,6.0149276e-06,9.9626012e-09
0.019806739,3.8363913e-06,7.7874362e-05,0.016378457,6.0184645e-06,6.6270654e-09
0.019878752,3.83554e-06,7.5312447e-05,0.016414203,6.0204664e-06,8.4321589e-09
0.019950641,3.8462645e-06,7.3200866e-05,0.016179017,6.0406864e-06,7.4662322e-09
0.020022429,3.8435536e-06,7.1021721e-05,0.015875585,6.0399874e-06,7.4235527e-09
0.020094062,3.8540194e-06,6.9273728e-05,0.015668658,6.0607903e-06,9.2059037e-09
0.020165695,3.8647122e-06,6.7691758e-05,0.015765811,6.0813005e-06,7.2096046e-09
0.020237269,3.8569005e-06,6.5922264e-05,0.01561282,6.0734282e-06,7.7773678e-09
0.020308557,3.866671e-06,6.4603032e-05,0.015318931,6.0947878e-06,9.9454678e-09
0.020379845,3.8767078e-06,6.3405549e-05,0.01516974,6.1156029e-06,6.4833339e-09
0.020454233,3.8869845e-06,6.2266553e-05,0.015073231,6.1376492e-06,8.1524029e-09
0.020525522,3.89705e-06,6.1279745e-05,0.015148095,6.1586526e-06,9.8728947e-09
0.02059681,3.9066494e-06,6.0385993e-05,0.014931174,6.1794546e-06,7.1181329e-09
0.020668098,3.9154059e-06,5.9579866e-05,0.014921593,6.2006136e-06,7.7933856e-09
0.020739387,3.924098e-06,5.8853069e-05,0.014837561,6.2221654e-06,9.4222044e-09
0.020810675,3.9324352e-06,5.8199963e-05,0.014887271,6.243203e-06,6.7392552e-09
0.020882025,3.9603431e-06,5.790137e-05,0.014685872,6.2955146e-06,6.288914e-09
0.020953727,3.974315e-06,5.7463559e-05,0.014722495,6.3268822e-06,6.2434357e-09
0.021025538,3.9880011e-06,5.7092278e-05,0.014586097,6.3599727e-06,7.4793687e-09
0.021097477,4.002245e-06,5.6791116e-05,0.014301994,6.3944182e-06,6.7721191e-09
0.021169572,4.0195336e-06,5.6584798e-05,0.014494474,6.4341576e-06,8.3227108e-09
0.021241836,4.0362924e-06,5.6421043e-05,0.014631161,6.4726386e-06,9.9365351e-09
0.02131427,4.0535358e-06,5.6320976e-05,0.014563587,6.5126626e-06,7.246477e-09
0.021386891,4.0696891e-06,5.6272036e-05,0.014315673,6.5534743e-06,8.5443967e-09
0.021459721,4.0890663e-06,5.6311873e-05,0.014163839,6.5986543e-06,6.6668827e-09
0.021532777,4.1081012e-06,5.6393055e-05,0.013826235,6.6435619e-06,8.9000166e-09
0.021606061,4.1280548e-06,5.6533144e-05,0.01395063,6.6896461e-06,8.2496164e-09
0.02168279,4.1502355e-06,5.6757599e-05,0.013845107,6.7405883e-06,9.600479e-09
0.021756595,4.1726584e-06,5.7038977e-05,0.014129136,6.7921428e-06,6.667388e-09
0.021830681,4.1960006e-06,5.7382221e-05,0.014343726,6.8453046e-06,8.3959872e-09
0.021905049,4.2179913e-06,5.7756963e-05,0.014445691,6.8967656e-06,9.2494502e-09
0.021979715,4.241345e-06,5.8201774e-05,0.014551527,6.950172e-06,6.6771841e-09
0.022054691,4.2649888e-06,5.8710017e-05,0.014245555,7.0050248e-06,7.1511867e-09
0.022129983,4.2878911e-06,5.9261943e-05,0.014411211,7.0587421e-06,8.6104617e-09
0.022205584,4.3120826e-06,5.988878e-05,0.014143712,7.1150238e-06,7.2698337e-09
0.022281514,4.336989e-06,6.0586327e-05,0.014342783,7.1715143e-06,6.4503712e-09
0.022357791,4.3619046e-06,6.1356191e-05,0.014012692,7.2290032e-06,8.8340012e-09
0.022434407,4.3892853e-06,6.2211029e-05,0.014368122,7.2880463e-06,7.300297e-09
0.02251139,4.4154114e-06,6.3123435e-05,0.014365527,7.346179e-06,8.1933566e-09
0.02258874,4.4418412e-06,6.4115578e-05,0.014738542,7.4043323e-06,8.4131805e-09
0.022666288,4.4378311e-06,6.476644e-05,0.014728373,7.4149846e-06,7.9900397e-09
0.022743494,4.4210996e-06,6.5286407e-05,0.014354235,7.4043707e-06,7.6331108e-09
0.022820354,4.3995285e-06,6.5797825e-05,0.014264033,7.3852302e-06,7.2867334e-09
0.022900184,4.3864366e-06,6.6533971e-05,0.014039857,7.3803886e-06,7.7032517e-09
0.022976344,4.3666095e-06,6.7207147e-05,0.013981194,7.3632131e-06,6.2197187e-09
0.023052196,4.3504389e-06,6.8002365e-05,0.014125485,7.3517973e-06,8.0442542e-09
0.023127724,4.3357838e-06,6.8890643e-05,0.013579188,7.3432939e-06,6.8455649e-09
0.023202959,4.3150487e-06,6.9760435e-05,0.013769745,7.322636e-06,8.0358253e-09
0.023277902,4.3049375e-06,7.0883054e-05,0.013794007,7.3207674e-06,6.8049758e-09
0.023352554,4.2821123e-06,7.1871789e-05,0.01398797,7.2959449e-06,8.9273188e-09
0.023426945,4.2739681e-06,7.3205239e-05,0.013606509,7.2961987e-06,7.8427804e-09
0.023501063,4.2551111e-06,7.4456086e-05,0.013930897,7.2781082e-06,7.1481064e-09
0.023574939,4.2414583e-06,7.590985e-05,0.013726219,7.2698779e-06,9.5314834e-09
0.023648559,4.228737e-06,7.7487271e-05,0.01386743,7.2625454e-06,7.92676e-09
0.023721951,4.2102108e-06,7.9078288e-05,0.013794796,7.2441512e-06,7.2544858e-09
0.023795108,4.2001949e-06,8.0976312e-05,0.013872982,7.2415696e-06,1.0214085e-08
0.023868045,4.1794282e-06,8.2800088e-05,0.013832054,7.2196987e-06,8.7170688e-09
0.023940769,4.172001e-06,8.5059388e-05,0.013782972,7.2208866e-06,7.4991909e-09
0.024013275,4.1518812e-06,8.7243045e-05,0.013775079,7.1997283e-06,6.6674182e-09
0.024085585,4.1420112e-06,8.983861e-05,0.0137383,7.1963715e-06,8.8131183e-09
0.024160807,4.1281812e-06,9.2665414e-05,0.013514316,7.1851161e-06,7.3137129e-09
0.024232693,4.1105732e-06,9.5493247e-05,0.013999963,7.1649416e-06,9.534906e-09
0.024304386,4.1037984e-06,9.8836177e-05,0.013742597,7.163003e-06,6.9734877e-09
0.024375907,4.0850844e-06,0.00010218411,0.01396597,7.1391333e-06,8.482814e-09
0.024447224,4.0787286e-06,0.00010612586,0.013808814,7.1362823e-06,6.8239031e-09
0.024518317,4.0588436e-06,0.0001100241,0.014253112,7.1074538e-06,7.4136094e-09
0.024589189,4.0516798e-06,0.00011466694,0.013961665,7.1013587e-06,8.2119854e-09
0.024659826,4.0338474e-06,0.00011946447,0.013971896,7.0754516e-06,6.7235125e-09
0.024730245,4.0242291e-06,0.00012503537,0.014045091,7.0611653e-06,7.1386956e-09
0.024800406,4.0083477e-06,0.00013096108,0.014129722,7.0327923e-06,8.0376548e-09
0.024870329,3.9952215e-06,0.00013764685,0.014120849,7.0095884e-06,9.849551e-09
0.024939982,3.9811321e-06,0.00014502563,0.013830879,6.9835507e-06,6.693172e-09
0.025009372,3.9671576e-06,0.00015323826,0.014055595,6.9552219e-06,7.7479323e-09
0.025078476,3.9556271e-06,0.00016253517,0.014079865,6.9300967e-06,8.8573835e-09
0.025147296,3.9380127e-06,0.00017268544,0.014228223,6.8919478e-06,6.8450871e-09
0.025215819,3.9298115e-06,0.00018446047,0.014040535,6.8698147e-06,6.7420306e-09
0.025287003,3.9101677e-06,0.00019767678,0.014281974,6.8245939e-06,9.7569235e-09
0.025354919,3.9038772e-06,0.00021242846,0.013925341,6.803895e-06,7.5286059e-09
0.025422525,3.8859515e-06,0.00022782223,0.014436819,6.7610083e-06,6.8256401e-09
0.025489841,3.8791372e-06,0.00024436587,0.014107089,6.7373587e-06,7.696105e-09
0.025556844,3.8626263e-06,0.00025909471,0.014322237,6.6954225e-06,9.9687812e-09
0.025623561,3.8561125e-06,0.00027156847,0.014068339,6.6715131e-06,6.7964698e-09
0.025689974,3.8400096e-06,0.00027783571,0.01426768,6.627971e-06,8.7656747e-09
0.025756107,3.8322749e-06,0.00027690123,0.014024527,6.6011611e-06,6.7132345e-09
0.025821941,3.8187288e-06,0.00026856213,0.014163276,6.5644517e-06,7.6019329e-09
0.025887505,3.8099977e-06,0.00025545003,0.013927765,6.5366851e-06,9.6096535e-09
0.025952777,3.7967418e-06,0.00023926833,0.014031578,6.5007718e-06,6.4554808e-09
0.026017794,3.7875164e-06,0.00022226994,0.01390363,6.4733555e-06,7.1936722e-09
0.026082533,3.7752515e-06,0.00020583859,0.013766471,6.4400625e-06,9.1787688e-09
0.026147031,3.766732e-06,0.00019114188,0.013657543,6.4137444e-06,6.6167336e-09
0.026211263,3.7549984e-06,0.00017787722,0.013558256,6.3822518e-06,6.9002096e-09
0.026275272,3.7473803e-06,0.00016631595,0.013606553,6.3575115e-06,8.4295257e-09
0.026339037,3.7369203e-06,0.00015596026,0.013598184,6.3290667e-06,9.9123153e-09
0.026405347,3.7265162e-06,0.00014643008,0.013531516,6.3013385e-06,6.6397695e-09
0.026468668,3.7215489e-06,0.0001384969,0.013294954,6.2835287e-06,7.7821025e-09
0.02653179,3.7108708e-06,0.00013125195,0.013545735,6.2568175e-06,9.2576774e-09
0.026594712,3.7068091e-06,0.00012498399,0.013058837,6.2422169e-06,6.7789926e-09
0.026657455,3.6966953e-06,0.00011915398,0.01350029,6.2181602e-06,6.7189866e-09
0.026720015,3.6934507e-06,0.00011408781,0.012899484,6.2061878e-06,7.602995e-09
0.026782417,3.6849052e-06,0.00010936444,0.013397047,6.1867573e-06,9.1042269e-09
0.026844654,3.6811358e-06,0.00010521729,0.012900712,6.17695e-06,6.7209214e-09
0.026906754,3.6744443e-06,0.00010135448,0.013208359,6.1621285e-06,6.6901862e-09
0.026968702,3.6714467e-06,9.7919762e-05,0.012885027,6.1545578e-06,7.2637734e-09
0.027030535,3.6656567e-06,9.4703748e-05,0.013078082,6.1433467e-06,8.2122623e-09
0.027092237,3.6627913e-06,9.1839736e-05,0.012825956,6.1382892e-06,9.7355001e-09
0.02715384,3.6573962e-06,8.9136646e-05,0.012921937,6.1294723e-06,6.5716933e-09
0.027215327,3.6560672e-06,8.6717257e-05,0.012761066,6.1263219e-06,6.8795015e-09
0.027276734,3.6537683e-06,8.4457989e-05,0.01266385,6.1223974e-06,7.8210303e-09
0.027338045,3.6523233e-06,8.236258e-05,0.012371913,6.1187259e-06,9.1824228e-09
0.02739929,3.6514884e-06,8.0461526e-05,0.01268916,6.118721e-06,6.8050726e-09
0.027463118,3.6501726e-06,7.8608913e-05,0.012153893,6.1179488e-06,6.8501871e-09
0.027524237,3.6483363e-06,7.695044e-05,0.012485052,6.1173728e-06,7.4143376e-09
0.027585295,3.6490512e-06,7.5446049e-05,0.01229249,6.120399e-06,8.5122128e-09
0.027646326,3.6484778e-06,7.4028737e-05,0.012334905,6.1225816e-06,9.6916714e-09
0.027707312,3.6487403e-06,7.2737772e-05,0.011963134,6.1271479e-06,6.4805935e-09
0.027768283,3.6495326e-06,7.1545097e-05,0.012008672,6.1328578e-06,7.0235502e-09
0.027829222,3.6484691e-06,7.0417926e-05,0.012190244,6.1354326e-06,7.6348649e-09
0.027890169,3.6527544e-06,6.9470434e-05,0.012006289,6.1475476e-06,8.3995058e-09
0.027951103,3.6526052e-06,6.8493877e-05,0.011881609,6.1516102e-06,9.6858215e-09
0.02801206,3.6582475e-06,6.7687583e-05,0.011843211,6.1654268e-06,6.6489836e-09
0.028073025,3.657549e-06,6.6821329e-05,0.01199462,6.168987e-06,7.0912149e-09
0.028134026,3.6656791e-06,6.6175035e-05,0.011775053,6.1882566e-06,7.8872959e-09
0.02819505,3.663973e-06,6.5417345e-05,0.011929744,6.1918135e-06,8.722336e-09
0.028256129,3.6726903e-06,6.4889083e-05,0.011584531,6.2138374e-06,9.9940363e-09
0.028317251,3.6714574e-06,6.4237353e-05,0.01178358,6.219025e-06,6.6080472e-09
0.028378437,3.6799015e-06,6.3818834e-05,0.011498505,6.2431131e-06,7.5370277e-09
0.028442348,3.6804457e-06,6.3266032e-05,0.011814233,6.2530857e-06,8.7871373e-09
0.028503681,3.6907117e-06,6.2949355e-05,0.011426582,6.2793268e-06,7.4576359e-09
0.028565088,3.6900981e-06,6.2513203e-05,0.011612856,6.2880957e-06,6.4398856e-09
0.028626589,3.7012398e-06,6.2313772e-05,0.011116926,6.3177797e-06,7.5178098e-09
0.028688184,3.7009611e-06,6.1948604e-05,0.011415977,6.3269592e-06,9.044584e-09
0.028749887,3.7142223e-06,6.1849293e-05,0.010931827,6.3596169e-06,6.8951345e-09
0.028811701,3.7163646e-06,6.1599065e-05,0.011323032,6.3732242e-06,7.1715304e-09
0.028873632,3.7288649e-06,6.1541835e-05,0.011001899,6.4057759e-06,9.182726e-09
0.028935691,3.7325547e-06,6.1370861e-05,0.011315376,6.4229637e-06,6.7912051e-09
0.028997879,3.7458339e-06,6.1392558e-05,0.01099722,6.4564886e-06,8.8883886e-09
0.02906022,3.7526186e-06,6.134024e-05,0.011333208,6.4794043e-06,6.1887324e-09
0.029122697,3.7632113e-06,6.1371102e-05,0.011121262,6.509369e-06,8.2630524e-09
0.029185339,3.7718899e-06,6.1407938e-05,0.011319599,6.5367942e-06,6.489739e-09
0.029248135,3.7824853e-06,6.1507132e-05,0.011109581,6.5677798e-06,6.8074986e-09
0.029311108,3.7926317e-06,6.1638621e-05,0.011000299,6.5970588e-06,8.3493247e-09
0.029374249,3.802408e-06,6.1800668e-05,0.010953801,6.6267552e-06,6.5277586e-09
0.029437585,3.8153098e-06,6.2051289e-05,0.010950071,6.661208e-06,6.8354053e-09
0.029503869,3.828062e-06,6.2328006e-05,0.010754768,6.6950372e-06,8.3614117e-09
0.029567602,3.8406346e-06,6.2640582e-05,0.010869243,6.7286789e-06,6.6525018e-09
0.02963153,3.8524253e-06,6.2972492e-05,0.010941585,6.7609146e-06,7.0711931e-09
0.029695684,3.8672169e-06,6.3379003e-05,0.010807569,6.7980717e-06,8.6769303e-09
0.029760042,3.8790885e-06,6.3769195e-05,0.010764035,6.8308592e-06,6.5744526e-09
0.029824637,3.895331e-06,6.4265517e-05,0.010760526,6.8716915e-06,7.2179419e-09
0.029889454,3.9057288e-06,6.4692762e-05,0.01102315,6.901545e-06,9.3483922e-09
0.029954518,3.9233034e-06,6.5286205e-05,0.011082953,6.9442575e-06,6.8573418e-09
0.030019814,3.9348889e-06,6.5812894e-05,0.011411469,6.9755362e-06,6.6458847e-09
0.030085369,3.9528283e-06,6.6488652e-05,0.010994372,7.0190696e-06,8.4223796e-09
0.030151174,3.9641002e-06,6.7087783e-05,0.01121595,7.0494317e-06,6.9998262e-09
0.030217244,3.9847547e-06,6.7906516e-05,0.010935463,7.0971845e-06,9.4122084e-09
0.030283578,3.9959668e-06,6.8613714e-05,0.011341401,7.127542e-06,6.9624911e-09
0.030350191,4.018588e-06,6.9570925e-05,0.011251304,7.1774515e-06,9.9716431e-09
0.030417076,4.029081e-06,7.0401597e-05,0.01143338,7.2078906e-06,7.2909531e-09
0.030484248,4.051529e-06,7.1477469e-05,0.011205962,7.2587793e-06,6.5561244e-09
0.030554656,4.0656475e-06,7.2487515e-05,0.011747212,7.2935282e-06,8.0706064e-09
0.030622438,4.0871554e-06,7.3676391e-05,0.011361461,7.3435523e-06,9.600838e-09
0.030690519,4.0996848e-06,7.4765607e-05,0.011661506,7.376444e-06,6.7731226e-09
0.030758911,4.1219165e-06,7.6088769e-05,0.011589076,7.4267146e-06,6.632335e-09
0.030827611,4.1362619e-06,7.7324628e-05,0.011667615,7.4613607e-06,7.2930937e-09
0.030896629,4.1590285e-06,7.8810073e-05,0.011554104,7.5124819e-06,6.3242623e-09
0.03096597,4.1739954e-06,8.0225587e-05,0.011779729,7.5467207e-06,1.0004446e-08
0.031035639,4.1976361e-06,8.1920082e-05,0.011806204,7.598841e-06,9.645077e-09
0.031105646,4.2131172e-06,8.3553573e-05,0.011763252,7.6364258e-06,9.3668284e-09
0.031175989,4.2359916e-06,8.5447776e-05,0.01196237,7.6875252e-06,8.7541008e-09
0.031246683,4.2517354e-06,8.7339381e-05,0.012046506,7.726042e-06,9.1496455e-09
0.031317725,4.2754504e-06,8.9523994e-05,0.011909422,7.7787934e-06,6.9970792e-09
0.031389126,4.2944439e-06,9.1747061e-05,0.012287875,7.8203072e-06,6.2113576e-09
0.031460885,4.3172734e-06,9.4204988e-05,0.012138017,7.8695453e-06,9.0801456e-09
0.031533018,4.3387128e-06,9.6809038e-05,0.012279576,7.9155583e-06,7.169351e-09
0.031605521,4.3622903e-06,9.9658251e-05,0.012342591,7.9673739e-06,9.6659533e-09
0.031678416,4.3849772e-06,0.00010267367,0.012618023,8.0155191e-06,8.5294885e-09
0.031754892,4.4115421e-06,0.00010615211,0.01259578,8.0722286e-06,7.7625406e-09
0.031828595,4.4314826e-06,0.00010958736,0.013307653,8.1170854e-06,7.1828083e-09
0.031902702,4.4631498e-06,0.00011360446,0.012833419,8.1817378e-06,7.1096439e-09
0.031977233,4.4845196e-06,0.00011767439,0.013162627,8.2260552e-06,6.8681773e-09
0.032052186,4.5186383e-06,0.00012243055,0.013029224,8.2929931e-06,7.2657785e-09
0.032127579,4.5429258e-06,0.00012730734,0.013457415,8.3391143e-06,9.4803663e-09
0.032203422,4.5836832e-06,0.00013307045,0.013551468,8.4123556e-06,8.8333716e-09
0.032279728,4.6111593e-06,0.00013902776,0.013859899,8.4609192e-06,7.8653321e-09
0.032356507,4.6563858e-06,0.00014620569,0.013800551,8.5411421e-06,7.1613408e-09
0.032433779,4.6866843e-06,0.00015370468,0.013989089,8.5907953e-06,7.6793951e-09
0.032511562,4.7374124e-06,0.00016269489,0.014053549,8.6695719e-06,8.8766529e-09
0.032589871,4.7763343e-06,0.00017226913,0.014702461,8.7224249e-06,7.4581744e-09
0.032668727,4.8332959e-06,0.00018372334,0.014284286,8.8071067e-06,7.0438488e-09
0.032748152,4.8773862e-06,0.00019620723,0.014871036,8.8668172e-06,9.2103069e-09
0.032828171,4.9425122e-06,0.00021118784,0.015045051,8.9582861e-06,7.5136776e-09
0.032908769,4.9820572e-06,0.00022721917,0.015070319,9.0019239e-06,6.8692369e-09
0.032992638,4.9660417e-06,0.00024340723,0.015305365,8.9413609e-06,9.5795609e-09
0.033072429,4.9512245e-06,0.00026072256,0.01528173,8.8833957e-06,7.4812886e-09
0.033151638,4.9376648e-06,0.00027960064,0.015243015,8.8245688e-06,7.1963682e-09
0.033230284,4.9240941e-06,0.00029856574,0.01545658,8.7653482e-06,8.3342091e-09
0.033308352,4.9103481e-06,0.00031465443,0.015235461,8.7054681e-06,6.7280003e-09
0.033385863,4.8951961e-06,0.00032588757,0.015353615,8.6420926e-06,8.6383609e-09
0.033462808,4.883272e-06,0.00032911545,0.014939041,8.5849617e-06,6.8593791e-09
0.033539197,4.8698017e-06,0.00032213606,0.015168146,8.5253051e-06,9.4750806e-09
0.033615046,4.855538e-06,0.0003072767,0.015261227,8.4668594e-06,6.8499367e-09
0.033690359,4.8422374e-06,0.00028811887,0.015062468,8.4122232e-06,9.6333336e-09
0.033765166,4.8297003e-06,0.00026676186,0.014529602,8.3582271e-06,7.2100018e-09
0.033839468,4.8187847e-06,0.00024535877,0.014668547,8.3082692e-06,9.1012558e-09
0.03391329,4.8085049e-06,0.00022578669,0.014574818,8.2625903e-06,6.4829383e-09
0.03398664,4.7964153e-06,0.00020824123,0.014514956,8.2145059e-06,7.8841554e-09
0.034059539,4.7869694e-06,0.00019280803,0.014258072,8.1713542e-06,1.0034017e-08
0.034132025,4.7772845e-06,0.00017920901,0.014442441,8.1310613e-06,9.0046323e-09
0.034204098,4.7663497e-06,0.00016716269,0.014389678,8.0911637e-06,8.0927801e-09
0.034278885,4.7579836e-06,0.00015619599,0.014161046,8.0561237e-06,6.8280674e-09
0.03435019,4.7502928e-06,0.00014692608,0.01411735,8.0247031e-06,9.6381925e-09
0.034421149,4.7445419e-06,0.00013871465,0.013833924,7.9968588e-06,7.6506139e-09
0.034491774,4.7376073e-06,0.00013136452,0.013664106,7.9701387e-06,7.1699802e-09
0.0345621,4.7333033e-06,0.00012483153,0.013743782,7.9468599e-06,7.1809392e-09
0.034632138,4.7281874e-06,0.00011897196,0.013648675,7.923901e-06,9.7534777e-09
0.034701909,4.7263688e-06,0.00011378118,0.013485344,7.9083381e-06,8.5778056e-09
0.03477143,4.7239853e-06,0.00010906333,0.013122046,7.8934201e-06,7.5513929e-09
0.034840731,4.7228516e-06,0.00010481986,0.012980591,7.8821262e-06,7.2888995e-09
0.034909813,4.7212771e-06,0.00010094421,0.012969015,7.8710781e-06,7.2003218e-09
0.03497871,4.7231093e-06,9.7483963e-05,0.013039495,7.8675203e-06,6.7921259e-09
0.035047438,4.720634e-06,9.4251817e-05,0.013171641,7.8601464e-06,6.957456e-09
0.03511602,4.7217964e-06,9.1382945e-05,0.01308564,7.8598607e-06,7.0073074e-09
0.035184484,4.7227452e-06,8.8748787e-05,0.012918817,7.859574e-06,6.4901394e-09
0.035252845,4.7253363e-06,8.6352107e-05,0.012581294,7.8632676e-06,6.9103907e-09
0.035321117,4.730488e-06,8.4174569e-05,0.012636464,7.8714691e-06,8.9237331e-09
0.035392301,4.7376297e-06,8.2112209e-05,0.012631227,7.883607e-06,6.8082973e-09
0.035460478,4.7440819e-06,8.0287049e-05,0.012622816,7.8957283e-06,7.7096955e-09
0.035528628,4.7486952e-06,7.8601696e-05,0.012555669,7.9082802e-06,9.5763058e-09
0.035596783,4.7568381e-06,7.7091265e-05,0.012211414,7.9247049e-06,6.6848187e-09
0.035664958,4.7665859e-06,7.5738612e-05,0.012162751,7.9456678e-06,8.3382922e-09
0.035733172,4.7777835e-06,7.4529676e-05,0.012261298,7.9702736e-06,7.2373949e-09
0.035801451,4.7886765e-06,7.3426644e-05,0.01236769,7.9956486e-06,7.7811737e-09
0.035869799,4.7995218e-06,7.2413763e-05,0.012030863,8.0220593e-06,1.0027504e-08
0.035938249,4.8130093e-06,7.1540327e-05,0.012064553,8.053468e-06,7.4591409e-09
0.036006808,4.8264715e-06,7.0773701e-05,0.01201983,8.0853369e-06,9.8103841e-09
0.036075494,4.841391e-06,7.0135029e-05,0.012110301,8.1223981e-06,7.4874688e-09
0.036144326,4.8586742e-06,6.9602716e-05,0.011936543,8.1662328e-06,9.8939173e-09
0.036213335,4.8762539e-06,6.9150742e-05,0.01201976,8.2108034e-06,7.7097083e-09
0.036282526,4.8937312e-06,6.8771975e-05,0.011824237,8.2560271e-06,7.1686278e-09
0.036351918,4.9117204e-06,6.847625e-05,0.011666801,8.3016697e-06,8.2924801e-09
0.036421522,4.932532e-06,6.828666e-05,0.011811593,8.3530988e-06,6.8872247e-09
0.036491364,4.9504718e-06,6.8123353e-05,0.012052496,8.4003994e-06,9.0282546e-09
0.036564501,4.9745276e-06,6.8084253e-05,0.011992813,8.4589085e-06,7.5855728e-09
0.036634862,4.9988826e-06,6.812556e-05,0.011856866,8.5169266e-06,6.835967e-09
0.0367055,5.0203791e-06,6.8183091e-05,0.012184599,8.5708359e-06,9.4448448e-09
0.036776429,5.0447842e-06,6.8355526e-05,0.011920517,8.6307184e-06,9.1535095e-09
0.036847676,5.0719381e-06,6.8656607e-05,0.012034637,8.6964417e-06,7.0999815e-09
0.036919258,5.0980978e-06,6.8986478e-05,0.012175812,8.7578465e-06,6.9194115e-09
0.036991185,5.124536e-06,6.9383994e-05,0.011873519,8.8213471e-06,8.3157451e-09
0.037063468,5.1554301e-06,6.9904751e-05,0.011919955,8.8935095e-06,9.7629057e-09
0.037136121,5.1823551e-06,7.0445944e-05,0.011465615,8.9605238e-06,6.7709986e-09
0.037209162,5.2133037e-06,7.112469e-05,0.011669454,9.0335624e-06,7.2563083e-09
0.037282592,5.2436753e-06,7.1898099e-05,0.011844282,9.1073949e-06,8.5617499e-09
0.037356439,5.2745189e-06,7.2759128e-05,0.011836654,9.180989e-06,9.9689935e-09
0.037430699,5.3022148e-06,7.3656266e-05,0.011941997,9.2486166e-06,7.9652318e-09
0.03750541,5.335112e-06,7.4697823e-05,0.012208299,9.3232059e-06,9.8060345e-09
0.037580595,5.373093e-06,7.589347e-05,0.011971209,9.4054949e-06,9.4509106e-09
0.037656235,5.4031267e-06,7.7092199e-05,0.012113856,9.4736788e-06,8.2765768e-09
0.037732325,5.4272623e-06,7.8356234e-05,0.011905788,9.534259e-06,7.2626447e-09
0.037811484,5.3814578e-06,7.8694057e-05,0.012063269,9.4686798e-06,7.1686075e-09
0.037886836,5.3428402e-06,7.9184535e-05,0.012072743,9.4160537e-06,1.0138377e-08
0.037961696,5.3114324e-06,7.9875826e-05,0.01158863,9.3770621e-06,9.5307346e-09
0.038036087,5.2661026e-06,8.0443946e-05,0.011897156,9.3121564e-06,9.5910318e-09
0.038110044,5.2373505e-06,8.1356249e-05,0.011595292,9.277049e-06,6.7600633e-09
0.038183555,5.1941374e-06,8.2128888e-05,0.011553425,9.2165428e-06,6.7415286e-09
0.038256667,5.1592464e-06,8.3108653e-05,0.011392441,9.1713759e-06,8.1881699e-09
0.038329354,5.1293332e-06,8.4263032e-05,0.01128843,9.1324728e-06,9.9287919e-09
0.038401651,5.0908373e-06,8.5357997e-05,0.011446518,9.0754449e-06,6.4010671e-09
0.038473551,5.0663964e-06,8.6785135e-05,0.011439513,9.0434028e-06,7.0550222e-09
0.038545055,5.0230262e-06,8.7998668e-05,0.011310472,8.9761533e-06,8.5449944e-09
0.038616171,4.998662e-06,8.9675246e-05,0.011288101,8.9431469e-06,9.9983661e-09
0.038686866,4.9597024e-06,9.1230521e-05,0.011298373,8.8822932e-06,7.1570724e-09
0.038757168,4.9309421e-06,9.3119737e-05,0.011163723,8.8385852e-06,8.1270999e-09
0.038827037,4.8978411e-06,9.5069865e-05,0.011192404,8.7852275e-06,9.7548833e-09
0.038896496,4.8594095e-06,9.7087732e-05,0.011444811,8.7203112e-06,6.7419939e-09
0.038968504,4.8307715e-06,9.9612658e-05,0.010959379,8.6711394e-06,7.8154941e-09
0.039037059,4.7921635e-06,0.00010200255,0.011398808,8.6001142e-06,9.4191794e-09
0.039105179,4.7644521e-06,0.00010482331,0.011399516,8.544918e-06,6.8242151e-09
0.039172822,4.7253282e-06,0.00010766814,0.011383556,8.4672847e-06,7.2448459e-09
0.039240027,4.6994564e-06,0.0001110074,0.011351591,8.4066815e-06,8.8282481e-09
0.039306751,4.6657779e-06,0.00011452442,0.011105708,8.3338464e-06,7.257426e-09
0.03937301,4.6284107e-06,0.00011836598,0.011483708,8.2602333e-06,7.2242022e-09
0.039438782,4.6002674e-06,0.00012250671,0.01097168,8.183457e-06,8.6754904e-09
0.039504081,4.5621701e-06,0.00012689975,0.011278011,8.0937045e-06,7.255496e-09
0.039568904,4.5401233e-06,0.00013221006,0.011079665,8.034958e-06,7.2732881e-09
0.039633251,4.5016125e-06,0.00013748982,0.011678608,7.9434552e-06,8.6446051e-09
0.039697141,4.4794399e-06,0.00014378373,0.011194916,7.8782794e-06,7.339008e-09
0.039760557,4.4390417e-06,0.00015007286,0.011435936,7.7854032e-06,7.1620925e-09
0.039823535,4.4160812e-06,0.00015756722,0.010993216,7.7229192e-06,8.5391678e-09
0.039886066,4.3868364e-06,0.00016552837,0.011006792,7.6486051e-06,7.3728461e-09
0.039948166,4.3635582e-06,0.00017445823,0.010896596,7.5861222e-06,6.9363423e-09
0.040009837,4.3329969e-06,0.00018392209,0.010965023,7.5111855e-06,8.1558995e-09
0.040073763,4.3025086e-06,0.00019462757,0.011179939,7.4353126e-06,9.7275673e-09
0.040134619,4.2842413e-06,0.00020614114,0.010636195,7.3848343e-06,6.8235614e-09
0.04019511,4.2591175e-06,0.00021786772,0.0109815,7.3224361e-06,7.8739673e-09
0.040255224,4.2400573e-06,0.00023013563,0.010513841,7.2725406e-06,9.2646955e-09
0.040314989,4.2131067e-06,0.00024103929,0.010854656,7.210469e-06,6.9397138e-09
0.040374415,4.2010846e-06,0.00025122161,0.010510169,7.1753688e-06,7.2876442e-09
0.040433511,4.1724626e-06,0.00025818598,0.01101325,7.1126582e-06,8.3031794e-09
0.040492289,4.1590053e-06,0.00026251972,0.010272345,7.0787033e-06,9.4284686e-09
0.040550771,4.1371445e-06,0.00026152979,0.010860433,7.0310702e-06,7.0571013e-09
0.040608977,4.1311458e-06,0.00025679149,0.010110558,7.0145608e-06,7.2427252e-09
0.040666906,4.1070063e-06,0.00024732125,0.010753008,6.9674727e-06,8.1396836e-09
0.04072457,4.0998124e-06,0.00023691569,0.010038053,6.9525212e-06,9.2260442e-09
0.040781994,4.0824366e-06,0.00022428996,0.010696195,6.9210083e-06,7.2716675e-09
0.040839204,4.0738803e-06,0.00021133645,0.010091418,6.9082494e-06,7.3881225e-09
0.040896182,4.0532349e-06,0.00019804942,0.010872332,6.8767431e-06,8.2624328e-09
0.040952963,4.0430203e-06,0.00018596627,0.010147856,6.8641786e-06,9.4578164e-09
0.041011992,4.0313415e-06,0.00017432102,0.01051397,6.8525642e-06,7.1652928e-09
0.041068382,4.0184839e-06,0.00016397115,0.010433052,6.838735e-06,7.1948633e-09
0.041124593,4.0045254e-06,0.00015445214,0.010664621,6.823177e-06,7.8895022e-09
0.041180651,4.0056474e-06,0.00014633594,0.010234482,6.8344176e-06,9.0056436e-09
0.041236509,3.9896132e-06,0.0001383473,0.010551992,6.8157364e-06,7.3755645e-09
0.041292295,3.9905786e-06,0.00013161162,0.010241619,6.8281179e-06,6.8343225e-09
0.041347847,3.9712437e-06,0.00012477085,0.010789828,6.8035687e-06,6.9926956e-09
0.0414034,3.971672e-06,0.0001191416,0.010211113,6.8156009e-06,7.4403192e-09
0.04145879,3.9418029e-06,0.00011310245,0.010536251,6.7731838e-06,8.0594304e-09
0.0415139,3.9451134e-06,0.00010844153,0.010003041,6.7858595e-06,8.9204126e-09
0.041569009,3.9406873e-06,0.00010412867,0.01045053,6.7987511e-06,9.7361158e-09
0.041624119,3.9418335e-06,0.00010016674,0.010030149,6.8117002e-06,7.1764092e-09
0.041679229,3.9413859e-06,9.6502423e-05,0.010425886,6.8248673e-06,7.029213e-09
0.041734338,3.9415001e-06,9.3105484e-05,0.010174418,6.8380023e-06,7.2943824e-09
0.041789187,3.917999e-06,8.9443183e-05,0.010344702,6.810108e-06,8.1867298e-09
0.041843949,3.9151972e-06,8.6489985e-05,0.010065573,6.8177759e-06,7.5231218e-09
0.041898671,3.911919e-06,8.3740899e-05,0.01014912,6.8249096e-06,7.1902302e-09
0.041955711,3.908048e-06,8.1052802e-05,0.0099105048,6.8312785e-06,8.7454767e-09
0.042010349,3.9049143e-06,7.8676198e-05,0.01026112,6.8364558e-06,7.2591905e-09
0.042064947,3.9016634e-06,7.6459954e-05,0.010054951,6.8433211e-06,7.5106258e-09
0.042119535,3.9015415e-06,7.4443456e-05,0.010023061,6.8557868e-06,9.0135771e-09
0.042174099,3.8968139e-06,7.2452037e-05,0.010233185,6.8576023e-06,7.0070092e-09
0.042228667,3.9003632e-06,7.0739695e-05,0.01025894,6.8751959e-06,7.3172213e-09
0.042283227,3.8938211e-06,6.8944477e-05,0.010372935,6.8736395e-06,8.5582461e-09
0.042337804,3.9005507e-06,6.7499519e-05,0.0099212559,6.8959715e-06,8.3454699e-09
0.042392393,3.8933963e-06,6.5904565e-05,0.010191914,6.8921432e-06,7.230731e-09
0.04244701,3.9004847e-06,6.4647785e-05,0.0099309485,6.9139739e-06,8.2519151e-09
0.042501662,3.8971572e-06,6.3299044e-05,0.010069037,6.9174069e-06,9.512219e-09
0.042556348,3.9016167e-06,6.2147551e-05,0.0097847073,6.9343492e-06,7.004221e-09
0.042611089,3.9015508e-06,6.0998855e-05,0.010204306,6.9438193e-06,8.1029267e-09
0.042665874,3.9043181e-06,5.9937992e-05,0.010018266,6.9571312e-06,9.5326523e-09
0.042720735,3.9095586e-06,5.8987806e-05,0.0099304272,6.9733362e-06,7.1531783e-09
0.04277565,3.9100799e-06,5.8014744e-05,0.010190967,6.9807237e-06,8.1433442e-09
0.042833048,3.9174301e-06,5.7154973e-05,0.010186446,7.0000266e-06,9.5614777e-09
0.042888129,3.9186395e-06,5.6323039e-05,0.0099873201,7.0094035e-06,7.2564206e-09
0.042943314,3.9267985e-06,5.5628241e-05,0.0098634789,7.029337e-06,8.2369102e-09
0.042998587,3.9266501e-06,5.4853386e-05,0.010356663,7.0340551e-06,9.7659965e-09
0.043053973,3.9366879e-06,5.4283665e-05,0.0097868719,7.0587323e-06,7.2393308e-09
0.043109468,3.9366279e-06,5.3594689e-05,0.010194844,7.061104e-06,8.4531721e-09
0.043165086,3.9484151e-06,5.3122674e-05,0.0097193963,7.0867865e-06,7.028695e-09
0.043220832,3.9502224e-06,5.2565285e-05,0.010129739,7.0935734e-06,7.4511267e-09
0.043276708,3.9619247e-06,5.2160103e-05,0.0095984453,7.1165933e-06,9.1513915e-09
0.043332733,3.9667163e-06,5.1729363e-05,0.010258317,7.1291461e-06,7.1866056e-09
0.043388894,3.9760954e-06,5.1350906e-05,0.0098571682,7.1470798e-06,8.4679695e-09
0.043445221,3.9860689e-06,5.102021e-05,0.0098399619,7.1653293e-06,6.8049343e-09
0.043501697,3.9927208e-06,5.0678379e-05,0.0098754227,7.1785626e-06,7.7157196e-09
0.043558351,4.0055381e-06,5.0433427e-05,0.0099911706,7.2028235e-06,9.8429636e-09
0.043615169,4.0094589e-06,5.0119387e-05,0.0099951792,7.2113307e-06,7.1183851e-09
0.043672175,4.0241908e-06,4.995241e-05,0.0098271426,7.2383751e-06,8.7600294e-09
0.043729364,4.0268964e-06,4.9674681e-05,0.01025189,7.2443284e-06,7.0293501e-09
0.043789247,4.043922e-06,4.9590418e-05,0.0097441591,7.2766838e-06,7.9079083e-09
0.043846833,4.0479482e-06,4.93712e-05,0.010045783,7.284244e-06,9.5691629e-09
0.043904629,4.0635598e-06,4.9329095e-05,0.0097605939,7.3139379e-06,7.16873e-09
0.043962636,4.0693913e-06,4.9181623e-05,0.010005187,7.3237137e-06,8.2903197e-09
0.044020857,4.0838445e-06,4.9171277e-05,0.0096238579,7.3507148e-06,7.9671898e-09
0.044079308,4.0935893e-06,4.91158e-05,0.010168757,7.3677572e-06,7.1340702e-09
0.044137976,4.1065163e-06,4.9115047e-05,0.0098254764,7.3903493e-06,8.7340633e-09
0.044196888,4.1171626e-06,4.9146686e-05,0.0097878356,7.4106203e-06,6.6991159e-09
0.044256027,4.1280551e-06,4.9185076e-05,0.0099882202,7.4286232e-06,7.5189415e-09
0.044315419,4.1439861e-06,4.9301884e-05,0.0098279845,7.4555405e-06,9.6037018e-09
0.044375049,4.1552214e-06,4.9356734e-05,0.0099239509,7.467907e-06,6.8458958e-09
0.044434937,4.1725024e-06,4.9533333e-05,0.0097884808,7.4970136e-06,8.267733e-09
0.044495077,4.1811124e-06,4.9608667e-05,0.010149936,7.5052921e-06,7.0287921e-09
0.044555481,4.2019496e-06,4.9863007e-05,0.0096070771,7.5430655e-06,7.1628326e-09
0.044616148,4.211398e-06,4.9995732e-05,0.0097235893,7.5553795e-06,9.1704893e-09
0.044677085,4.2310335e-06,5.0286161e-05,0.0096392518,7.5879206e-06,6.4354693e-09
0.044740966,4.2424739e-06,5.0482479e-05,0.0099865932,7.6032564e-06,7.8196363e-09
0.044802466,4.263105e-06,5.0836819e-05,0.0098436341,7.638247e-06,1.0066676e-08
0.044864257,4.2752846e-06,5.1111284e-05,0.0099600104,7.6586013e-06,6.85379e-09
0.044926329,4.2929505e-06,5.1474667e-05,0.0097194985,7.6898516e-06,8.2092907e-09
0.044988705,4.3077784e-06,5.1836567e-05,0.009753731,7.717738e-06,7.1414976e-09
0.04505137,4.3202792e-06,5.2192046e-05,0.0099181132,7.7419141e-06,6.8005951e-09
0.045114349,4.3385616e-06,5.2640378e-05,0.0099634305,7.7755725e-06,8.7397922e-09
0.045177626,4.3516727e-06,5.305594e-05,0.010028282,7.7983793e-06,6.7969624e-09
0.045241227,4.3720605e-06,5.3591059e-05,0.0099811996,7.8352065e-06,7.5718024e-09
0.045305139,4.3840457e-06,5.403831e-05,0.010140096,7.8555762e-06,9.9330529e-09
0.04536938,4.4066356e-06,5.4667146e-05,0.0097764425,7.8986705e-06,7.3891569e-09
0.045433946,4.4168914e-06,5.5167242e-05,0.010191401,7.9183501e-06,1.0069673e-08
0.045498843,4.4427522e-06,5.5852905e-05,0.0099421437,7.9626695e-06,8.2139275e-09
0.045564082,4.4560336e-06,5.6446514e-05,0.010044721,7.9877882e-06,6.9039786e-09
0.045629657,4.4793811e-06,5.7205094e-05,0.010004988,8.030217e-06,7.9504987e-09
0.045695587,4.4959536e-06,5.7905946e-05,0.010194067,8.0605281e-06,9.1046424e-09
0.045761861,4.5175462e-06,5.8717165e-05,0.010105036,8.1007474e-06,7.8854293e-09
0.045831408,4.5368101e-06,5.956173e-05,0.010378388,8.1359009e-06,7.0197016e-09
0.045898419,4.5599357e-06,6.0478845e-05,0.010360127,8.1781404e-06,6.8555483e-09
0.045965811,4.5805504e-06,6.138653e-05,0.010484142,8.2131779e-06,9.4229543e-09
0.046033569,4.6019838e-06,6.2359118e-05,0.010645361,8.2508643e-06,8.4120686e-09
0.046101722,4.6258041e-06,6.3412382e-05,0.010778425,8.291678e-06,7.8829957e-09
0.046170251,4.6469317e-06,6.4488602e-05,0.010976293,8.3256901e-06,7.8925404e-09
0.04623919,4.6693139e-06,6.569592e-05,0.010860297,8.3718373e-06,8.514341e-09
0.046308518,4.6858992e-06,6.6845776e-05,0.010974424,8.4026113e-06,8.1587376e-09
0.046378265,4.7141432e-06,6.8267707e-05,0.01091218,8.4582213e-06,7.5750197e-09
0.04644841,4.7294537e-06,6.9573944e-05,0.011129938,8.4882379e-06,9.6383951e-09
0.046518974,4.758763e-06,7.1162701e-05,0.011244918,8.543564e-06,9.9206823e-09
0.046589961,4.7742497e-06,7.2613768e-05,0.011544253,8.5712945e-06,9.4809627e-09
0.046661382,4.8082959e-06,7.4438862e-05,0.011145777,8.6323986e-06,8.2163344e-09
0.046733248,4.825327e-06,7.6103637e-05,0.011399181,8.662069e-06,6.7840003e-09
0.046805568,4.8592464e-06,7.8139981e-05,0.011472826,8.7231969e-06,6.6632545e-09
0.046878364,4.8792016e-06,8.0088048e-05,0.011621136,8.7601648e-06,6.8734226e-09
0.046951633,4.9128532e-06,8.2376986e-05,0.011614756,8.8215058e-06,6.816628e-09
0.047028619,4.9360538e-06,8.4694795e-05,0.012157649,8.8600323e-06,6.6619951e-09
0.04710291,4.9742872e-06,8.7363025e-05,0.011954874,8.9289997e-06,8.8307709e-09
0.047177724,4.9982593e-06,8.9940567e-05,0.012296449,8.9675862e-06,7.4150531e-09
0.047253067,5.0410658e-06,9.3040033e-05,0.012435665,9.0392633e-06,7.7229349e-09
0.047328968,5.0709515e-06,9.612818e-05,0.012584033,9.0831178e-06,9.0111059e-09
0.047405429,5.1190235e-06,9.9827291e-05,0.012589455,9.1583076e-06,8.1431261e-09
0.047482485,5.1572574e-06,0.0001035701,0.013158608,9.2087772e-06,7.8285742e-09
0.047560148,5.2060639e-06,0.00010797494,0.013124469,9.2846716e-06,8.0954755e-09
0.047638445,5.2546893e-06,0.00011258751,0.013397687,9.3426639e-06,8.3873871e-09
0.04771738,5.3103192e-06,0.00011793774,0.013303832,9.4177562e-06,9.0050176e-09
0.047796996,5.359915e-06,0.00012368796,0.013736354,9.4792579e-06,9.927613e-09
0.047877296,5.4245805e-06,0.00013037511,0.013816755,9.5592887e-06,7.1530721e-09
0.047958336,5.4838437e-06,0.00013765804,0.014302004,9.6243615e-06,6.7927226e-09
0.048040124,5.559605e-06,0.00014623085,0.01444539,9.7125819e-06,7.083755e-09
0.04812272,5.6292788e-06,0.00015574537,0.014692537,9.7820663e-06,7.1885638e-09
0.048206146,5.7151403e-06,0.00016698138,0.014763411,9.8740873e-06,8.3451363e-09
0.048293926,5.7451548e-06,0.00017860468,0.01508322,9.8614949e-06,9.5975064e-09
0.048377456,5.7130083e-06,0.00018944429,0.014820795,9.7447865e-06,8.162069e-09
0.048460145,5.6823547e-06,0.00020180537,0.015193507,9.6237003e-06,7.3456774e-09
0.04854201,5.6507524e-06,0.00021598319,0.014530818,9.4975477e-06,1.0100278e-08
0.048623023,5.6221359e-06,0.0002323372,0.014993301,9.3788685e-06,8.1328613e-09
0.048703181,5.5937246e-06,0.00025096212,0.014464205,9.2550486e-06,7.0648165e-09
0.048782476,5.565209e-06,0.00027167489,0.014415707,9.1315294e-06,8.7106274e-09
0.048860906,5.5308379e-06,0.00029400654,0.01404385,9.0094058e-06,8.7258326e-09
0.048938458,5.5191513e-06,0.0003150489,0.014284145,8.8844627e-06,7.08735e-09
0.049015138,5.4930679e-06,0.00032989116,0.013717609,8.7613671e-06,7.2214667e-09
0.04909096,5.4735889e-06,0.00033442873,0.013630813,8.6433241e-06,9.9210964e-09
0.049165934,5.4515912e-06,0.00032650176,0.01374741,8.528094e-06,8.8684987e-09
0.049240071,5.4299211e-06,0.00030980754,0.013610567,8.4154206e-06,7.2393008e-09
0.049313395,5.4054564e-06,0.00028844792,0.013228454,8.3063262e-06,7.3358505e-09
0.049385931,5.3836369e-06,0.00026494724,0.013063388,8.2025659e-06,8.3229467e-09
0.049457693,5.3634962e-06,0.0002423148,0.013203163,8.1067039e-06,6.9015477e-09
0.049528719,5.3409281e-06,0.00022161965,0.013060854,8.0122266e-06,8.8371475e-09
0.04960207,5.319933e-06,0.0002027333,0.012745286,7.9263846e-06,9.4537992e-09
0.049671661,5.2979532e-06,0.00018690957,0.012400724,7.8470169e-06,8.9962918e-09
0.049740588,5.2767257e-06,0.00017318158,0.012179797,7.7775385e-06,6.9606402e-09
0.049808878,5.2545616e-06,0.00016108537,0.01218954,7.7141247e-06,6.7181864e-09
0.04987657,5.2341641e-06,0.00015047579,0.011898134,7.6603263e-06,6.8316761e-09
0.049943692,5.2135759e-06,0.0001411335,0.011630178,7.6117736e-06,7.8589629e-09
0.050010274,5.1954756e-06,0.00013291768,0.011127508,7.5679197e-06,8.9541589e-09
0.050076349,5.1793084e-06,0.00012557472,0.010686472,7.5315559e-06,8.9119682e-09
0.050141955,5.1648643e-06,0.00011903555,0.010976276,7.5000388e-06,7.9335146e-09
0.050207104,5.1511418e-06,0.00011313666,0.011012318,7.4721894e-06,8.867928e-09
0.050271845,5.138909e-06,0.00010783898,0.010862081,7.4471217e-06,7.5669343e-09
0.050336188,5.1284522e-06,0.00010304736,0.010458368,7.4281764e-06,7.8577269e-09
0.050400167,5.1178005e-06,9.8672867e-05,0.010159981,7.4133168e-06,8.9556705e-09
0.050463808,5.1092115e-06,9.470239e-05,0.0099090432,7.4042926e-06,8.5147689e-09
0.050527144,5.1015365e-06,9.1081577e-05,0.0098399063,7.3992946e-06,7.6705021e-09
0.0505902,5.0952563e-06,8.7776788e-05,0.010040652,7.3975156e-06,6.8563779e-09
0.050655727,5.0892719e-06,8.4597992e-05,0.0096875141,7.397174e-06,8.0012497e-09
0.050718282,5.0831375e-06,8.1787916e-05,0.009902931,7.3990854e-06,7.8292804e-09
0.05078064,5.0807767e-06,7.9221398e-05,0.009833538,7.4062152e-06,7.4060506e-09
0.050842836,5.0810528e-06,7.6876321e-05,0.0097781212,7.4184048e-06,7.4154602e-09
0.050904892,5.0845725e-06,7.4703052e-05,0.0099562258,7.4338606e-06,7.7152733e-09
0.050966827,5.0801556e-06,7.2690647e-05,0.0095990679,7.4505823e-06,7.442099e-09
0.051028665,5.081848e-06,7.085034e-05,0.0094080369,7.4703867e-06,7.0734892e-09
0.051090424,5.0855529e-06,6.9178383e-05,0.0094865833,7.4940765e-06,7.2897414e-09
0.051152144,5.0938262e-06,6.7647165e-05,0.0093259698,7.5218723e-06,8.2535204e-09
0.051213839,5.0987488e-06,6.6241951e-05,0.0096473864,7.5490376e-06,7.259839e-09
0.051275529,5.1069496e-06,6.4988079e-05,0.0097465463,7.582169e-06,7.2334356e-09
0.051337242,5.1162128e-06,6.3846479e-05,0.0095498482,7.6171304e-06,7.3688553e-09
0.051399003,5.1283322e-06,6.2844245e-05,0.0095559538,7.658042e-06,7.3506928e-09
0.051460838,5.1398256e-06,6.1929195e-05,0.0095592305,7.700184e-06,7.3343984e-09
0.051522769,5.1537006e-06,6.1124368e-05,0.0096795054,7.7469746e-06,7.2473194e-09
0.051584827,5.1705399e-06,6.0421189e-05,0.0094680576,7.8004342e-06,7.1017417e-09
0.051647029,5.1879944e-06,5.9776942e-05,0.0095306249,7.8525109e-06,7.2102513e-09
0.051712112,5.2084183e-06,5.9216657e-05,0.0093238455,7.9157686e-06,7.1996153e-09
0.051774681,5.2292903e-06,5.8759249e-05,0.0093794368,7.9779946e-06,7.1907384e-09
0.051837477,5.2529423e-06,5.8410626e-05,0.0093985971,8.0468313e-06,7.2765179e-09
0.051900513,5.2737661e-06,5.8098013e-05,0.0096336387,8.1126212e-06,7.0278209e-09
0.051963819,5.3001308e-06,5.7905977e-05,0.0098775352,8.1875657e-06,7.2697304e-09
0.05202742,5.3270276e-06,5.7774658e-05,0.0098377415,8.2642857e-06,7.1788771e-09
0.052091335,5.3561665e-06,5.7731648e-05,0.010128642,8.3464223e-06,7.1091463e-09
0.052155595,5.3864807e-06,5.7737812e-05,0.0098208217,8.4293477e-06,7.1294219e-09
0.052220217,5.4191332e-06,5.7826082e-05,0.010066344,8.5174575e-06,7.1844549e-09
0.052285232,5.453772e-06,5.7981603e-05,0.0098914618,8.6084887e-06,7.4644929e-09
0.052350661,5.485715e-06,5.8189e-05,0.010123272,8.6996538e-06,7.514706e-09
0.052416529,5.522787e-06,5.8481221e-05,0.0098852637,8.7961663e-06,7.5927315e-09
0.052482857,5.5588283e-06,5.8840916e-05,0.0098804345,8.8928233e-06,7.8641799e-09
0.052549669,5.5939487e-06,5.9274289e-05,0.009812083,8.9891805e-06,8.3620768e-09
0.052616996,5.6337673e-06,5.9822029e-05,0.0099649196,9.0908175e-06,9.7514308e-09
0.052684865,5.6761381e-06,6.0460203e-05,0.010052772,9.1945022e-06,8.3785411e-09
0.05275628,5.7233188e-06,6.1213159e-05,0.010085176,9.3051089e-06,9.1945106e-09
0.052825321,5.7666954e-06,6.2021252e-05,0.010293923,9.4069787e-06,9.5263348e-09
0.052894986,5.8147975e-06,6.296411e-05,0.01039849,9.5141297e-06,9.2280314e-09
0.052965293,5.860598e-06,6.3954658e-05,0.010842223,9.6142735e-06,7.4912185e-09
0.053035809,5.8199385e-06,6.4067488e-05,0.010472757,9.5684745e-06,9.7281567e-09
0.053105414,5.7337622e-06,6.3718467e-05,0.010234193,9.4402501e-06,7.4296066e-09
0.053174094,5.642562e-06,6.3407917e-05,0.0103349,9.3062106e-06,9.530913e-09
0.053241843,5.5708366e-06,6.3351885e-05,0.0097108657,9.1951941e-06,7.370169e-09
0.053308678,5.47859e-06,6.3101224e-05,0.0096463311,9.0423498e-06,9.2648843e-09
0.053374636,5.4080302e-06,6.3143151e-05,0.0094783341,8.9239274e-06,7.2536462e-09
0.053439703,5.3285915e-06,6.3108371e-05,0.0089975395,8.7880231e-06,9.0100022e-09
0.053503943,5.2470396e-06,6.3082948e-05,0.0091760689,8.6472974e-06,7.332468e-09
0.053567366,5.1863286e-06,6.3335499e-05,0.0089520241,8.5390261e-06,8.8624905e-09
0.053629993,5.1031747e-06,6.3355122e-05,0.0089445801,8.3925294e-06,7.2815888e-09
0.053691874,5.041447e-06,6.370388e-05,0.0087007666,8.2843744e-06,8.4586044e-09
0.053753017,4.9759546e-06,6.4011683e-05,0.0084540622,8.1645637e-06,7.5781581e-09
0.05381348,4.9090105e-06,6.4347137e-05,0.008540233,8.0459903e-06,7.8442188e-09
0.05387586,4.8563168e-06,6.4964084e-05,0.0085178507,7.9517912e-06,9.7222266e-09
0.053934987,4.7962761e-06,6.5382712e-05,0.0086464115,7.8355212e-06,7.5161148e-09
0.053993524,4.7460263e-06,6.6083175e-05,0.0084458082,7.7492914e-06,9.4034556e-09
0.054051469,4.6897141e-06,6.6708371e-05,0.0080070208,7.6515427e-06,7.3622242e-09
0.054108881,4.6398416e-06,6.7455015e-05,0.008289059,7.5667189e-06,8.5620293e-09
0.054165757,4.5966028e-06,6.8317247e-05,0.0077521988,7.4932821e-06,7.5890439e-09
0.054222148,4.5468199e-06,6.9120512e-05,0.0083734742,7.4113321e-06,7.7819428e-09
0.054278061,4.5152264e-06,7.0233234e-05,0.0078845171,7.3603927e-06,9.2754581e-09
0.054333524,4.4671565e-06,7.1143318e-05,0.0081456448,7.2849646e-06,7.3341279e-09
0.054388561,4.438776e-06,7.2433318e-05,0.0077623395,7.2453503e-06,8.370418e-09
0.054443183,4.3939974e-06,7.3501522e-05,0.0080691342,7.1788934e-06,9.2243486e-09
0.054497426,4.3691111e-06,7.4978533e-05,0.0078950378,7.1492616e-06,7.5044902e-09
0.054551289,4.3285248e-06,7.6250543e-05,0.0078883192,7.0945204e-06,8.6948622e-09
0.05460481,4.3045701e-06,7.7923425e-05,0.0076848024,7.0711606e-06,7.5788549e-09
0.054657989,4.2682803e-06,7.9451034e-05,0.0078028393,7.0274484e-06,7.5655091e-09
0.054710859,4.2481965e-06,8.138194e-05,0.0076044636,7.0114661e-06,8.914322e-09
0.054765694,4.2158884e-06,8.3260595e-05,0.0076826785,6.9725852e-06,7.3498257e-09
0.054817966,4.1918406e-06,8.5428807e-05,0.0074722361,6.9552161e-06,7.736947e-09
0.054869949,4.1655729e-06,8.7581429e-05,0.0076297418,6.9257934e-06,8.8917764e-09
0.054921691,4.1486626e-06,9.0100061e-05,0.0074116024,6.9143948e-06,7.4744635e-09
0.054973172,4.1196932e-06,9.2515675e-05,0.0075209019,6.8818486e-06,7.525754e-09
0.055024431,4.1097939e-06,9.5472941e-05,0.0074671215,6.8762183e-06,8.6250578e-09
0.055075457,4.0773704e-06,9.8244655e-05,0.0076341762,6.8406866e-06,1.0012731e-08
0.055126282,4.0681401e-06,0.00010168283,0.0072889285,6.8389233e-06,7.2764193e-09
0.055176899,4.0342739e-06,0.00010483857,0.0078152673,6.8007499e-06,8.174519e-09
0.055227329,4.0345869e-06,0.00010871856,0.0072873952,6.7968802e-06,9.5506724e-09
0.05527758,4.0088989e-06,0.00011236468,0.0077535842,6.7612432e-06,7.3720643e-09
0.055327655,3.9978231e-06,0.00011668101,0.0071349119,6.7505284e-06,8.1835743e-09
0.055377576,3.9795128e-06,0.00012104897,0.0077343209,6.7245527e-06,9.450556e-09
0.05542733,3.9610497e-06,0.00012573848,0.0074442442,6.6980824e-06,7.4956819e-09
0.055476954,3.9495696e-06,0.00013099207,0.0073576504,6.6821371e-06,8.0961243e-09
0.05552642,3.928101e-06,0.00013623248,0.0075859539,6.6458324e-06,9.0899868e-09
0.055575768,3.9236325e-06,0.00014248194,0.0073369455,6.6378027e-06,7.6001325e-09
0.055627113,3.904091e-06,0.00014861036,0.007733835,6.593898e-06,7.7009394e-09
0.055676204,3.8991382e-06,0.00015568603,0.0071954215,6.5829688e-06,8.62412e-09
0.055725174,3.8777059e-06,0.00016247505,0.0076951156,6.5398231e-06,9.6824058e-09
0.055774028,3.8743603e-06,0.00017035396,0.0072558237,6.5241181e-06,7.4569718e-09
0.055822784,3.8574124e-06,0.0001780199,0.0076689142,6.4860127e-06,7.8829673e-09
0.055871425,3.8434716e-06,0.00018609108,0.0074267915,6.4533471e-06,8.6460358e-09
0.055919986,3.8354585e-06,0.0001945484,0.0074833064,6.4286917e-06,9.4399351e-09
0.05596844,3.8180118e-06,0.00020192751,0.0077226523,6.3860768e-06,7.5152262e-09
0.056016816,3.8151556e-06,0.00020936165,0.0072577332,6.3701894e-06,7.6039151e-09
0.056065097,3.7944805e-06,0.00021475279,0.0077007994,6.3234664e-06,8.1865768e-09
0.056113291,3.7904744e-06,0.00021974219,0.0072953482,6.3047777e-06,9.0436184e-09
0.056161414,3.7738834e-06,0.0002225164,0.0077417066,6.2649595e-06,9.8400887e-09
0.056209447,3.7619979e-06,0.00022339064,0.0074903643,6.232333e-06,7.4992287e-09
0.056257418,3.7540598e-06,0.00022200384,0.0076241665,6.2061586e-06,7.8065966e-09
0.056305299,3.7362688e-06,0.00021777049,0.0077591335,6.1636385e-06,8.4273953e-09
0.056353116,3.7418228e-06,0.00021262575,0.0072624344,6.1454482e-06,9.0692435e-09
0.056400861,3.7216915e-06,0.00020549248,0.007879257,6.1022162e-06,9.6978711e-09
0.056450608,3.7180986e-06,0.00019790331,0.0074295783,6.0795051e-06,7.6315301e-09
0.056498218,3.7036303e-06,0.00018932778,0.0077573826,6.0378495e-06,7.6681567e-09
0.056545758,3.6973658e-06,0.00018109748,0.0074498164,6.012506e-06,8.0611727e-09
0.056593248,3.6882393e-06,0.00017296107,0.007751278,5.9805816e-06,8.5667225e-09
0.056640669,3.6768261e-06,0.00016511654,0.0079519913,5.9446916e-06,9.1896768e-09
0.056688049,3.6743164e-06,0.00015814566,0.0074465628,5.9251965e-06,9.9590155e-09
0.056735374,3.6605081e-06,0.00015115251,0.0080292651,5.8852981e-06,7.5940742e-09
0.056782648,3.6587015e-06,0.00014507354,0.007410318,5.8665534e-06,7.8117343e-09
0.056829885,3.6492116e-06,0.0001390282,0.0081062641,5.8333629e-06,8.2751901e-09
0.05687707,3.6401153e-06,0.00013341723,0.0077765539,5.8023041e-06,8.734695e-09
0.056924239,3.6403276e-06,0.00012847478,0.0077242588,5.7860854e-06,9.1962924e-09
0.056971389,3.6297355e-06,0.00012344855,0.0082259351,5.7516263e-06,9.73484e-09
0.057018522,3.6271437e-06,0.00011916866,0.0076331184,5.7380061e-06,7.6498226e-09
0.057065638,3.6197654e-06,0.0001148658,0.0081587048,5.7086174e-06,7.5979166e-09
0.057112725,3.6133125e-06,0.00011089058,0.0078954145,5.6839308e-06,7.8205341e-09
0.057159813,3.6137479e-06,0.00010734828,0.0077941647,5.6699497e-06,8.205177e-09
0.057208932,3.6035352e-06,0.00010354453,0.008150081,5.6383027e-06,9.8680634e-09
0.057256005,3.606463e-06,0.00010050643,0.0075886487,5.6289854e-06,8.1350705e-09
0.057303073,3.5971609e-06,9.72742e-05,0.0081269002,5.5983309e-06,7.854739e-09
0.057350132,3.5972641e-06,9.4546705e-05,0.0077776613,5.585617e-06,8.224576e-09
0.057397205,3.597109e-06,9.1854486e-05,0.0080759277,5.5663751e-06,9.9706943e-09
0.057444267,3.5888249e-06,8.9230451e-05,0.0081594641,5.5401682e-06,7.7576853e-09
0.057491349,3.5936812e-06,8.7071883e-05,0.0076995393,5.5341106e-06,9.1394193e-09
0.057538443,3.5845191e-06,8.4703764e-05,0.0081554014,5.5054671e-06,7.4983353e-09
0.05758555,3.5850707e-06,8.268296e-05,0.0078245842,5.4928298e-06,8.3425431e-09
0.057632689,3.5863249e-06,8.0786057e-05,0.0081013206,5.479573e-06,1.0057699e-08
0.05767984,3.5793884e-06,7.8800179e-05,0.0083492106,5.4543007e-06,7.4991497e-09
0.057727029,3.5870482e-06,7.7232716e-05,0.0078344056,5.4512754e-06,8.7990534e-09
0.057774248,3.5823668e-06,7.5473056e-05,0.0084095086,5.427213e-06,7.5328817e-09
0.057821497,3.5847144e-06,7.3960185e-05,0.0080130078,5.4149312e-06,7.6538465e-09
0.057868795,3.5873521e-06,7.250874e-05,0.0079899218,5.4027252e-06,9.1426157e-09
0.057916127,3.5820863e-06,7.1033669e-05,0.0085097743,5.3813302e-06,7.4167716e-09
0.05796351,3.5891402e-06,6.9835087e-05,0.0079310038,5.3764199e-06,7.9014288e-09
0.058013001,3.5852681e-06,6.8435009e-05,0.0083754407,5.353746e-06,9.6713477e-09
0.058060486,3.5929335e-06,6.738368e-05,0.0080972005,5.3486864e-06,6.999516e-09
0.058108027,3.5929702e-06,6.6175477e-05,0.0083843443,5.3292835e-06,8.0458564e-09
0.058155621,3.5965229e-06,6.5128002e-05,0.008206963,5.3174761e-06,9.9334806e-09
0.058203288,3.6019371e-06,6.4193414e-05,0.0081327101,5.3108962e-06,7.0859854e-09
0.058251015,3.5983014e-06,6.3128763e-05,0.0085681286,5.2896876e-06,8.2101424e-09
0.058298816,3.6115493e-06,6.2368414e-05,0.0079372557,5.2909723e-06,9.9990679e-09
0.058346698,3.6104481e-06,6.1452258e-05,0.0084517798,5.2747029e-06,7.2555691e-09
0.058394643,3.6128883e-06,6.0622319e-05,0.0084382624,5.2634847e-06,8.7587266e-09
0.058442683,3.6212138e-06,5.9903873e-05,0.0084919343,5.257461e-06,7.2017612e-09
0.058490801,3.6165473e-06,5.9069785e-05,0.0086403918,5.2413287e-06,8.3953112e-09
0.058539015,3.6261873e-06,5.8473265e-05,0.0082466646,5.2418793e-06,7.0727402e-09
0.058587322,3.6247396e-06,5.7739452e-05,0.0086164825,5.226558e-06,8.0405148e-09
0.058635717,3.6311203e-06,5.7149571e-05,0.0084073985,5.2227713e-06,7.3210736e-09
0.058684218,3.6324927e-06,5.6563162e-05,0.0083937159,5.2157307e-06,6.9969691e-09
0.058732813,3.6345477e-06,5.5971749e-05,0.0087137797,5.2064098e-06,8.662537e-09
0.058783647,3.6426526e-06,5.5467391e-05,0.0085282327,5.2055033e-06,7.0681687e-09
0.058832466,3.6438218e-06,5.4903506e-05,0.0087781576,5.194315e-06,7.2235966e-09
0.05888141,3.6548552e-06,5.4521672e-05,0.0083295785,5.1979944e-06,8.5046324e-09
0.058930474,3.656165e-06,5.4016346e-05,0.0086883852,5.1873446e-06,9.9957395e-09
0.058979658,3.6630776e-06,5.3620062e-05,0.0084130201,5.1866172e-06,7.3454176e-09
0.059028976,3.6710892e-06,5.3251981e-05,0.008652893,5.1859247e-06,8.2811508e-09
0.059078417,3.6749101e-06,5.2839842e-05,0.0086812268,5.1790395e-06,9.6513687e-09
0.059128002,3.6872691e-06,5.257963e-05,0.0087147727,5.1855013e-06,7.1194735e-09
0.059177715,3.6863001e-06,5.2151949e-05,0.0089538532,5.1726861e-06,7.9172394e-09
0.059227575,3.6985646e-06,5.1932989e-05,0.0084155296,5.1797586e-06,9.2493932e-09
0.059277585,3.7051434e-06,5.1644779e-05,0.0088587187,5.1778759e-06,6.8884389e-09
0.059327734,3.7134654e-06,5.1431754e-05,0.0085950801,5.1792068e-06,7.441145e-09
0.059378048,3.7236192e-06,5.1239646e-05,0.0085817366,5.1807663e-06,8.5989622e-09
0.059428513,3.7276268e-06,5.1008205e-05,0.008915525,5.1760203e-06,9.9010752e-09
0.059479144,3.7397287e-06,5.0896048e-05,0.0086698649,5.1829826e-06,7.3018718e-09
0.059529939,3.7448954e-06,5.0695134e-05,0.0087578672,5.1791046e-06,8.2444136e-09
0.059580904,3.7623802e-06,5.0645753e-05,0.0084953235,5.1911725e-06,9.6983044e-09
0.059634276,3.7658541e-06,5.0454004e-05,0.0088980009,5.1885672e-06,6.9700589e-09
0.059685601,3.7792838e-06,5.04171e-05,0.0085759195,5.1988338e-06,8.0282451e-09
0.059737113,3.7871896e-06,5.0322449e-05,0.0088625725,5.2016606e-06,9.4091022e-09
0.059788805,3.795341e-06,5.0238113e-05,0.0088447668,5.2053396e-06,6.807793e-09
0.059840696,3.8095296e-06,5.0254501e-05,0.0086421267,5.2173793e-06,7.4386708e-09
0.05989277,3.8155458e-06,5.0179818e-05,0.0090924731,5.2171575e-06,8.9354861e-09
0.059945044,3.8308475e-06,5.025554e-05,0.0085568292,5.2317209e-06,6.9671434e-09
0.059997526,3.8373386e-06,5.0230113e-05,0.0088374635,5.2334201e-06,6.9860938e-09
0.060050209,3.8493368e-06,5.0305515e-05,0.0086864055,5.245389e-06,8.1838531e-09
0.060103111,3.8665475e-06,5.0379873e-05,0.0087841244,5.2578711e-06,9.7422969e-09
0.060156226,3.876958e-06,5.0437771e-05,0.0088001666,5.2671576e-06,7.0736871e-09
0.06020957,3.8914415e-06,5.0575747e-05,0.0087868066,5.2818138e-06,7.9122378e-09
0.060263132,3.8987071e-06,5.0630596e-05,0.0091151924,5.2865746e-06,9.3083904e-09
0.060316924,3.9193717e-06,5.086075e-05,0.0085850918,5.3087531e-06,7.0033885e-09
0.060370952,3.9292059e-06,5.0954687e-05,0.008937776,5.3153038e-06,7.5370779e-09
0.060425217,3.9469454e-06,5.1173341e-05,0.0086482655,5.3340727e-06,9.0131355e-09
0.060482109,3.9611828e-06,5.1366105e-05,0.0090950605,5.3486744e-06,6.8241206e-09
0.060536874,3.9759985e-06,5.1579516e-05,0.0088973587,5.364527e-06,7.5886128e-09
0.060591898,3.9906294e-06,5.1810491e-05,0.0089287075,5.3818177e-06,9.2152982e-09
0.060647172,4.0064636e-06,5.2066873e-05,0.0090790469,5.4012117e-06,6.8467116e-09
0.060702722,4.0226769e-06,5.233251e-05,0.0089828971,5.4215183e-06,7.842678e-09
0.060758534,4.0352154e-06,5.2564356e-05,0.0093595494,5.4361112e-06,9.7648874e-09
0.06081462,4.0530126e-06,5.2906922e-05,0.0088645733,5.4597233e-06,7.0339257e-09
0.060870993,4.0670904e-06,5.3205239e-05,0.009269591,5.4769768e-06,8.5308277e-09
0.060927636,4.0858463e-06,5.3611097e-05,0.0089158989,5.5040886e-06,7.1243562e-09
0.060984578,4.1068319e-06,5.4062043e-05,0.0092065689,5.5330334e-06,7.4107459e-09
0.061041807,4.1225787e-06,5.4465895e-05,0.0091366834,5.5560372e-06,9.488939e-09
0.061099351,4.1454135e-06,5.4997433e-05,0.009209347,5.5906338e-06,6.8364107e-09
0.06115719,4.1553217e-06,5.5382016e-05,0.0093530515,5.6083892e-06,8.6026227e-09
0.061215345,4.1795652e-06,5.598404e-05,0.0092923236,5.6474316e-06,6.9481033e-09
0.061273822,4.1896741e-06,5.6424415e-05,0.0094183844,5.6672228e-06,9.0538856e-09
0.061332607,4.2087498e-06,5.7011053e-05,0.0093051719,5.7001619e-06,7.3340472e-09
0.061391747,4.2290316e-06,5.7641528e-05,0.0095975758,5.7355207e-06,6.8705555e-09
0.06145381,4.249658e-06,5.8338637e-05,0.0092321661,5.7733684e-06,7.0135236e-09
0.061513627,4.2641425e-06,5.8938093e-05,0.0096022836,5.8007945e-06,9.3708007e-09
0.061573791,4.2902156e-06,5.9733454e-05,0.009550472,5.8449858e-06,7.9675964e-09
0.061634335,4.3075443e-06,6.0444382e-05,0.0096413836,5.8813128e-06,6.9504035e-09
0.061695252,4.3262881e-06,6.1226313e-05,0.0099486957,5.9162488e-06,7.9931679e-09
0.061756508,4.346143e-06,6.2069496e-05,0.0097363682,5.953954e-06,8.8049649e-09
0.061818175,4.369668e-06,6.2990391e-05,0.009975234,5.9944199e-06,7.24933e-09
0.061880217,4.3961816e-06,6.3988354e-05,0.0098867888,6.0399497e-06,6.88313e-09
0.06194266,4.4084227e-06,6.4822068e-05,0.010244525,6.0665897e-06,9.4847475e-09
0.06200555,4.4407183e-06,6.6036345e-05,0.010058035,6.1218907e-06,8.0684339e-09
0.062068813,4.4559207e-06,6.7065782e-05,0.010173874,6.1550904e-06,7.2657242e-09
0.062132529,4.5028346e-06,6.8568956e-05,0.010290646,6.2267533e-06,1.1121999e-08
0.062196684,4.5275302e-06,6.9898494e-05,0.010452508,6.2720735e-06,1.0341241e-08
0.062261339,4.5576012e-06,7.1408822e-05,0.01069038,6.3236814e-06,9.3486038e-09
0.062326402,4.5967022e-06,7.3137424e-05,0.010944521,6.3882373e-06,8.6794331e-09
0.062391985,4.5930426e-06,7.4257338e-05,0.011044699,6.3917299e-06,7.1627094e-09
0.062460999,4.6612042e-06,7.6724886e-05,0.011241069,6.4955981e-06,6.5364604e-09
0.062527607,4.6596207e-06,7.8073704e-05,0.011383523,6.4995462e-06,8.8730029e-09
0.062594216,4.6588676e-06,7.9513802e-05,0.011207628,6.5033908e-06,7.1731181e-09
0.062661767,4.7550562e-06,8.2732502e-05,0.011716101,6.6391153e-06,7.0391203e-09
0.062730119,4.808493e-06,8.5396811e-05,0.01155236,6.7155469e-06,9.4581359e-09
0.062799101,4.8505022e-06,8.8046194e-05,0.011774224,6.7739846e-06,8.6122675e-09
0.062868741,4.9110362e-06,9.1182594e-05,0.011817986,6.8521482e-06,7.9967696e-09
0.062939087,4.9665719e-06,9.4481328e-05,0.012447873,6.9214042e-06,8.3520727e-09
0.063010148,5.0307012e-06,9.8182441e-05,0.012434624,6.9985679e-06,9.6285215e-09
0.063081984,5.0965677e-06,0.00010223173,0.012640794,7.0755242e-06,7.3742675e-09
0.063154602,5.1689693e-06,0.00010679412,0.013066808,7.1566641e-06,7.9894229e-09
0.063228072,5.2481936e-06,0.0001119243,0.013173987,7.2408134e-06,6.3491673e-09
0.063302405,5.3308425e-06,0.00011761437,0.013711742,7.3249832e-06,7.184524e-09
0.063377683,5.4251095e-06,0.00012414494,0.013648481,7.4205835e-06,6.6180361e-09
0.063453933,5.5222131e-06,0.00013140031,0.013991228,7.5140147e-06,9.6714258e-09
0.063531255,5.6363295e-06,0.00013984394,0.01461361,7.6250053e-06,8.0613018e-09
0.063609678,5.7494249e-06,0.00014931452,0.015002743,7.7258759e-06,7.124803e-09
0.063691763,5.7156979e-06,0.00015640547,0.014872104,7.6293097e-06,7.0703991e-09
0.063769147,5.6554124e-06,0.00016319539,0.01464697,7.4987392e-06,8.8215886e-09
0.063845287,5.6001924e-06,0.00017086619,0.014200184,7.3764778e-06,9.2913182e-09
0.063920211,5.544727e-06,0.00017951044,0.014051343,7.2548543e-06,8.1931589e-09
0.063993953,5.4891237e-06,0.00018931767,0.014005211,7.1366182e-06,7.3016696e-09
0.064066545,5.4357858e-06,0.00020042362,0.01381055,7.0232673e-06,6.9302296e-09
0.064138029,5.3856205e-06,0.00021302048,0.013383477,6.9189246e-06,8.8375597e-09
0.064208443,5.3382956e-06,0.00022707109,0.013384393,6.8198086e-06,9.3309162e-09
0.064277828,5.2920616e-06,0.00024273262,0.013200056,6.7273212e-06,7.8272748e-09
0.064346219,5.24643e-06,0.00025954058,0.012566607,6.6403594e-06,7.5730503e-09
0.064413668,5.2028292e-06,0.00027577528,0.012997316,6.5604382e-06,6.7919833e-09
0.0644802,5.15727e-06,0.00028814297,0.012525592,6.483942e-06,5.8419429e-09
0.064545843,5.117737e-06,0.00029424548,0.012496514,6.4142877e-06,1.0008185e-08
0.064610648,5.0718137e-06,0.00029180312,0.012226945,6.3529843e-06,8.6797472e-09
0.064674657,5.0430123e-06,0.00028243638,0.011844032,6.2939792e-06,6.8797147e-09
0.064737883,4.9977672e-06,0.00026862135,0.011846399,6.2410376e-06,8.4040853e-09
0.064800371,4.9583221e-06,0.00025192484,0.011599165,6.1946785e-06,9.2410626e-09
0.064864838,4.9206962e-06,0.00023306455,0.011390704,6.1536551e-06,7.3562526e-09
0.06492595,4.8876796e-06,0.00021479338,0.011428551,6.1195953e-06,1.0163423e-08
0.064986438,4.8545076e-06,0.00019779516,0.011315125,6.0885427e-06,7.3202925e-09
0.065046341,4.8241639e-06,0.00018246711,0.011219726,6.0634321e-06,9.4269358e-09
0.065105686,4.7969391e-06,0.00016882649,0.0107851,6.0421068e-06,7.2527118e-09
0.0651645,4.7708626e-06,0.00015675082,0.010518167,6.0260744e-06,9.0469173e-09
0.065222812,4.7469827e-06,0.00014600357,0.010754843,6.0089635e-06,9.1207465e-09
0.065280644,4.7227848e-06,0.00013642654,0.010521037,5.9952729e-06,1.0196829e-08
0.065338022,4.6984976e-06,0.00012790198,0.01031482,5.9860132e-06,8.1243809e-09
0.065394971,4.6815151e-06,0.00012025923,0.010015998,5.9808643e-06,9.873828e-09
0.065451535,4.6610298e-06,0.00011346357,0.0098115299,5.9786158e-06,7.5769458e-09
0.06550773,4.6422978e-06,0.00010737887,0.0098450113,5.9775069e-06,7.1252261e-09
0.06556358,4.6236519e-06,0.0001018816,0.0097183086,5.9753398e-06,7.2609064e-09
0.065619106,4.6066639e-06,9.6933533e-05,0.0097919678,5.9752671e-06,8.7997885e-09
0.06567433,4.5904623e-06,9.2444711e-05,0.0097025551,5.9752134e-06,9.4828276e-09
0.065729271,4.5770736e-06,8.8412019e-05,0.0094733201,5.9767337e-06,9.1774097e-09
0.06578632,4.5634917e-06,8.4554626e-05,0.0094313581,5.976835e-06,8.6724765e-09
0.065840745,4.5524667e-06,8.1208996e-05,0.0090710141,5.9809406e-06,7.5299647e-09
0.065894945,4.5417123e-06,7.8150295e-05,0.0092119272,5.9847039e-06,1.0317024e-08
0.065948937,4.530212e-06,7.5322079e-05,0.0092720934,5.9878938e-06,6.7958493e-09
0.066002745,4.5227737e-06,7.2766589e-05,0.0087443498,5.9953809e-06,8.5674157e-09
0.066056393,4.5135025e-06,7.0448683e-05,0.0090351558,6.0035301e-06,8.6389663e-09
0.066109898,4.5054926e-06,6.8298379e-05,0.0089075123,6.0107332e-06,6.7659479e-09
0.066163283,4.500113e-06,6.6359108e-05,0.0086698196,6.0215157e-06,7.9260922e-09
0.066216566,4.4962929e-06,6.4581508e-05,0.0089983315,6.0334784e-06,1.0034565e-08
0.066269768,4.4893011e-06,6.2905808e-05,0.0088997981,6.0446464e-06,6.4241713e-09
0.066322912,4.4875544e-06,6.1393718e-05,0.0084892457,6.0602723e-06,8.400954e-09
0.066376017,4.4880426e-06,6.0010244e-05,0.0085786855,6.0770602e-06,7.3860342e-09
0.066429106,4.4866107e-06,5.8697609e-05,0.0087359142,6.0927593e-06,6.3309187e-09
0.066482193,4.4892901e-06,5.7509676e-05,0.0086033576,6.112787e-06,6.6231981e-09
0.066535304,4.4933326e-06,5.6422688e-05,0.0087988993,6.1360259e-06,1.0118699e-08
0.066588462,4.4981687e-06,5.5417406e-05,0.0088215664,6.1604173e-06,8.7869869e-09
0.066641684,4.503241e-06,5.4484964e-05,0.0084340487,6.1848139e-06,7.6633232e-09
0.06669731,4.5106507e-06,5.3612637e-05,0.0084335464,6.2149047e-06,7.0714822e-09
0.066750728,4.5189437e-06,5.2851211e-05,0.0088034251,6.247296e-06,9.3229914e-09
0.066804271,4.5265773e-06,5.213201e-05,0.0089055757,6.2780439e-06,7.7929785e-09
0.066857964,4.5366826e-06,5.1496446e-05,0.0086765539,6.312817e-06,7.4619289e-09
0.066911824,4.548177e-06,5.0932823e-05,0.0089124236,6.351366e-06,8.7109785e-09
0.066965874,4.5602391e-06,5.044666e-05,0.009041427,6.3916471e-06,7.3793461e-09
0.067020138,4.580601e-06,5.0011304e-05,0.0087722514,6.4340173e-06,9.6120048e-09
0.067074639,4.5862782e-06,4.9636293e-05,0.0086026731,6.4776854e-06,8.0093651e-09
0.067129393,4.6023084e-06,4.9329427e-05,0.0087772394,6.5259135e-06,7.4064924e-09
0.067184424,4.620335e-06,4.9082197e-05,0.0092409725,6.5786733e-06,9.0508127e-09
0.06723976,4.637247e-06,4.8877457e-05,0.0094435924,6.6334897e-06,7.8605342e-09
0.067295421,4.6553859e-06,4.8718258e-05,0.009490789,6.6900056e-06,7.5816259e-09
0.067351434,4.6738761e-06,4.8607703e-05,0.009378058,6.7507344e-06,9.1826749e-09
0.067407823,4.6941454e-06,4.856928e-05,0.0092467462,6.8146798e-06,8.134497e-09
0.067464613,4.7161543e-06,4.8587262e-05,0.0091991983,6.8818765e-06,7.677423e-09
0.067521835,4.7403553e-06,4.8655898e-05,0.0093035959,6.9523865e-06,9.260533e-09
0.067582037,4.7679164e-06,4.8788626e-05,0.0094341454,7.0303328e-06,9.5683516e-09
0.067640237,4.7971087e-06,4.8981818e-05,0.0095741341,7.1128877e-06,9.1438908e-09
0.067698963,4.8296846e-06,4.9239606e-05,0.0098193536,7.1956871e-06,8.987521e-09
0.06775825,4.8639959e-06,4.9557576e-05,0.0099104714,7.2813475e-06,9.2286394e-09
0.067818131,4.9015272e-06,4.9943051e-05,0.010149601,7.3694275e-06,9.0924799e-09
0.067878638,4.9416922e-06,5.0396177e-05,0.010004706,7.4620574e-06,8.0004969e-09
0.067939806,4.9829872e-06,5.0907574e-05,0.0098633109,7.55503e-06,8.0615412e-09
0.068001668,5.0254541e-06,5.1486952e-05,0.0099470192,7.6498397e-06,7.738984e-09
0.068064261,5.0712943e-06,5.2163749e-05,0.010206028,7.7502826e-06,9.8422261e-09
0.068127623,5.1198483e-06,5.2922706e-05,0.010623292,7.8552401e-06,8.4985573e-09
0.068191765,5.1649874e-06,5.37222e-05,0.01076488,7.9562585e-06,7.3996637e-09
0.068256698,5.221064e-06,5.4607944e-05,0.011041047,8.0598454e-06,8.886057e-09
0.068322465,5.2683365e-06,5.5564424e-05,0.010789829,8.1615079e-06,7.5759964e-09
0.068389088,5.3188098e-06,5.6612153e-05,0.011322768,8.2651454e-06,9.7908315e-09
0.068456537,5.3392486e-06,5.74021e-05,0.011539419,8.3157308e-06,8.4323554e-09
0.068523586,5.2558056e-06,5.714002e-05,0.010887787,8.2040138e-06,7.7104094e-09
0.0685898,5.1672158e-06,5.6836008e-05,0.011010367,8.0779122e-06,9.6485095e-09
0.068658019,5.0905771e-06,5.6750357e-05,0.010848948,7.9723503e-06,8.2321234e-09
0.068722568,5.0121536e-06,5.6606658e-05,0.010472847,7.8581535e-06,7.7927771e-09
0.068786355,4.9345469e-06,5.6528958e-05,0.010359002,7.744079e-06,8.8976817e-09
0.068849386,4.8756656e-06,5.6681029e-05,0.010062856,7.6552032e-06,7.8119307e-09
0.068911694,4.8014206e-06,5.6674423e-05,0.010059989,7.5401582e-06,9.8768124e-09
0.06897332,4.7465889e-06,5.6891332e-05,0.0098101121,7.45229e-06,8.1903354e-09
0.069034274,4.6840918e-06,5.7049694e-05,0.0096741509,7.3533071e-06,7.8853781e-09
0.069094613,4.62998e-06,5.733336e-05,0.0098789811,7.2670192e-06,8.5497081e-09
0.069154341,4.5830097e-06,5.7739961e-05,0.0094442199,7.1931494e-06,7.7567823e-09
0.069213503,4.5260115e-06,5.8057763e-05,0.0096040222,7.1047738e-06,8.8114518e-09
0.069272116,4.4891109e-06,5.8655352e-05,0.0091647474,7.0476187e-06,7.7297733e-09
0.069330208,4.4404298e-06,5.9084107e-05,0.0092140755,6.9642443e-06,8.9360051e-09
0.069387816,4.4053725e-06,5.981371e-05,0.0090216029,6.9145089e-06,7.780845e-09
0.069444943,4.3591775e-06,6.0423736e-05,0.0090639883,6.847006e-06,8.8970033e-09
0.06950164,4.3239128e-06,6.1238381e-05,0.009120863,6.7991358e-06,7.7805579e-09
0.0695579,4.286187e-06,6.2069338e-05,0.0086568901,6.7491614e-06,8.9558964e-09
0.069616192,4.245713e-06,6.298455e-05,0.0087916649,6.695804e-06,7.6264683e-09
0.069671663,4.2198994e-06,6.4149282e-05,0.0084650746,6.6695371e-06,8.6840684e-09
0.069726775,4.1786843e-06,6.5120531e-05,0.0088848383,6.6177772e-06,7.7855019e-09
0.069781552,4.1552593e-06,6.646309e-05,0.008264294,6.5994842e-06,8.1815043e-09
0.069835998,4.114773e-06,6.7594084e-05,0.008633288,6.5547483e-06,9.6638608e-09
0.069890145,4.0927633e-06,6.9113606e-05,0.008322037,6.5422659e-06,7.7072432e-09
0.069943993,4.0596897e-06,7.046998e-05,0.0084078357,6.5078626e-06,8.8490882e-09
0.069997576,4.0388942e-06,7.2188812e-05,0.0082920666,6.4981497e-06,7.5613667e-09
0.070050885,4.0089515e-06,7.3774659e-05,0.0082763957,6.4686339e-06,7.8766292e-09
0.070103959,3.9858315e-06,7.5728137e-05,0.0083148865,6.4621993e-06,9.440316e-09
0.070156783,3.9559492e-06,7.7558541e-05,0.0082891316,6.4355629e-06,7.5152528e-09
0.070209398,3.9396137e-06,7.9790182e-05,0.0080928014,6.4330655e-06,8.3207347e-09
0.070261787,3.9117509e-06,8.1887669e-05,0.0082630676,6.4088e-06,9.5949659e-09
0.070313989,3.8978728e-06,8.4428789e-05,0.0079678499,6.4087184e-06,7.6289027e-09
0.070365985,3.8700549e-06,8.6763487e-05,0.0082963701,6.3820578e-06,8.5438051e-09
0.070417811,3.8595202e-06,8.9681096e-05,0.0078043514,6.3850818e-06,9.9026988e-09
0.070469456,3.8322239e-06,9.233752e-05,0.0082199707,6.3552627e-06,7.6181708e-09
0.07052318,3.8217452e-06,9.5780534e-05,0.0079476034,6.3559522e-06,8.9287902e-09
0.070574495,3.7993273e-06,9.892711e-05,0.0080640066,6.3298399e-06,7.6853532e-09
0.070625673,3.7919707e-06,0.0001027268,0.0079095185,6.3304627e-06,7.656623e-09
0.070676699,3.767359e-06,0.00010627455,0.0081972374,6.2992091e-06,8.7763621e-09
0.0707276,3.7620716e-06,0.00011063392,0.0076202531,6.2996538e-06,7.7720113e-09
0.070778369,3.7399613e-06,0.00011475578,0.0083502099,6.269896e-06,7.6525299e-09
0.070829016,3.7332212e-06,0.00011970104,0.0078119597,6.2664176e-06,8.6417651e-09
0.070879551,3.7140232e-06,0.0001245963,0.0080693247,6.2380743e-06,9.8468082e-09
0.070929969,3.7074628e-06,0.00013026665,0.0076511003,6.229585e-06,7.5602702e-09
0.070980289,3.6903275e-06,0.00013607284,0.0081268062,6.2046755e-06,8.2725445e-09
0.071030494,3.6828945e-06,0.00014251453,0.0078959143,6.1874666e-06,9.2837877e-09
0.071080619,3.6729678e-06,0.00014947814,0.0080474784,6.1695915e-06,7.7207038e-09
0.071130632,3.6564551e-06,0.00015675139,0.00787176,6.1423192e-06,7.6215216e-09
0.071180563,3.6505767e-06,0.00016500134,0.0077772647,6.1302183e-06,8.2321057e-09
0.071230391,3.6330345e-06,0.00017318181,0.0080707754,6.097096e-06,9.122095e-09
0.07128014,3.6298912e-06,0.00018246734,0.0076470809,6.0877311e-06,7.8227022e-09
0.071331952,3.6113968e-06,0.00019155106,0.0081061093,6.0513104e-06,7.5869932e-09
0.071381524,3.6078006e-06,0.00020076836,0.0077609509,6.0403029e-06,8.3014013e-09
0.071431009,3.5906882e-06,0.00020849791,0.0081904552,6.0049506e-06,9.1392431e-09
0.071480413,3.5868939e-06,0.0002159329,0.0078683046,5.9911911e-06,9.7256543e-09
0.071529744,3.5740222e-06,0.00022138636,0.00823206,5.9602171e-06,7.5925163e-09
0.071578987,3.5654713e-06,0.00022556054,0.0079846823,5.93755e-06,7.8231947e-09
0.071628171,3.5587341e-06,0.00022765711,0.0080300179,5.9154147e-06,8.4426932e-09
0.071677273,3.5471449e-06,0.00022674545,0.0080646066,5.885782e-06,9.1413724e-09
0.07172634,3.5465437e-06,0.0002234085,0.0079787947,5.8752319e-06,9.8792405e-09
0.071775352,3.5337596e-06,0.00021688921,0.0084398398,5.8410113e-06,7.6507762e-09
0.071824306,3.5326699e-06,0.00020948974,0.0079221947,5.8284352e-06,7.7363463e-09
0.071873203,3.5216249e-06,0.00020044749,0.0082136829,5.7988105e-06,8.3457502e-09
0.07192204,3.516112e-06,0.00019106498,0.0080211556,5.778008e-06,7.7903732e-09
0.07197084,3.5107384e-06,0.00018151388,0.0081109363,5.7579827e-06,7.6541964e-09
0.072019576,3.4999911e-06,0.00017190551,0.0083499933,5.7285115e-06,7.5674589e-09
0.072068274,3.5009971e-06,0.00016337272,0.0078056758,5.7164962e-06,9.1022796e-09
0.072116922,3.488267e-06,0.00015487441,0.0082945396,5.6851461e-06,7.8050396e-09
0.072167642,3.4886083e-06,0.00014726634,0.0080381831,5.6742358e-06,7.5235849e-09
0.072216213,3.4766807e-06,0.00014000122,0.0082122086,5.6433821e-06,8.9340807e-09
0.072264747,3.4743663e-06,0.00013367913,0.0081078561,5.6295159e-06,7.634383e-09
0.072313266,3.4690864e-06,0.00012771968,0.0082899437,5.6113708e-06,9.8841508e-09
0.072361752,3.4619677e-06,0.00012216328,0.0083959345,5.589625e-06,8.1464957e-09
0.072410229,3.4630012e-06,0.00011729944,0.0079652934,5.5813337e-06,7.3819877e-09
0.072458688,3.4511509e-06,0.0001123931,0.0085513197,5.553435e-06,8.1408469e-09
0.072507141,3.4532747e-06,0.00010828895,0.0079558714,5.5493223e-06,9.8870645e-09
0.072555598,3.4446878e-06,0.00010415849,0.0083981041,5.5280967e-06,7.5761991e-09
0.072604047,3.4402761e-06,0.00010041411,0.0082866236,5.5136129e-06,8.9116912e-09
0.072652515,3.4400083e-06,9.7025058e-05,0.008127852,5.5053114e-06,7.3121983e-09
0.072700987,3.4308194e-06,9.362115e-05,0.0086415154,5.4843677e-06,7.7316619e-09
0.072749484,3.433434e-06,9.0712426e-05,0.0080190114,5.4814749e-06,9.0894217e-09
0.072798002,3.4243614e-06,8.7699282e-05,0.0084007402,5.4598978e-06,7.3535997e-09
0.072846542,3.4252658e-06,8.5129992e-05,0.0082247842,5.4543885e-06,7.6384888e-09
0.072895123,3.4209511e-06,8.2653324e-05,0.0083711092,5.4437384e-06,8.6558403e-09
0.072945848,3.4214867e-06,8.0214502e-05,0.0083273756,5.4335757e-06,9.7340313e-09
0.072994512,3.4225577e-06,7.808066e-05,0.0083785659,5.4255325e-06,7.390089e-09
0.073043209,3.4194674e-06,7.5983321e-05,0.0085924529,5.4107948e-06,8.1277138e-09
0.073091966,3.4224624e-06,7.4179554e-05,0.0081737541,5.4103528e-06,9.1787173e-09
0.073140776,3.4169364e-06,7.2268097e-05,0.0085840002,5.3930848e-06,7.4283247e-09
0.073189647,3.4210479e-06,7.0667301e-05,0.0081855387,5.3926779e-06,7.7801732e-09
0.073238588,3.4191574e-06,6.9008323e-05,0.0087589567,5.3813586e-06,8.7499661e-09
0.07328759,3.4186753e-06,6.7493003e-05,0.0085773187,5.3741595e-06,9.8857674e-09
0.073336675,3.4219045e-06,6.6130046e-05,0.0084204715,5.3716554e-06,7.4595594e-09
0.07338583,3.4177122e-06,6.470122e-05,0.0087458976,5.3576743e-06,8.2761823e-09
0.073435074,3.4237747e-06,6.3523335e-05,0.0084362703,5.3599411e-06,9.382829e-09
0.073484403,3.4205226e-06,6.2261026e-05,0.0086568426,5.3475193e-06,7.3215327e-09
0.073533819,3.424743e-06,6.1205977e-05,0.0083539029,5.3482117e-06,7.9267152e-09
0.073583337,3.4260478e-06,6.0146735e-05,0.0086813517,5.3443262e-06,8.9429e-09
0.073632943,3.426041e-06,5.9109177e-05,0.0086527808,5.3377267e-06,1.0044783e-08
0.073682662,3.4298546e-06,5.8211254e-05,0.0084667578,5.3401302e-06,7.5581318e-09
0.073732478,3.4279382e-06,5.720623e-05,0.0088248744,5.328578e-06,8.4186531e-09
0.073784581,3.4329437e-06,5.639225e-05,0.0085930671,5.3353656e-06,8.9367552e-09
0.073834625,3.4292393e-06,5.5486261e-05,0.0088909107,5.3240179e-06,7.9807123e-09
0.073884788,3.437188e-06,5.4810511e-05,0.0084164299,5.3319421e-06,7.5666867e-09
0.073935073,3.4366415e-06,5.4044961e-05,0.0088329397,5.3272658e-06,7.5272445e-09
0.073985474,3.439131e-06,5.3362368e-05,0.008680153,5.3282041e-06,9.135973e-09
0.074036012,3.4481957e-06,5.2754996e-05,0.0086015204,5.3332246e-06,7.100674e-09
0.074086671,3.4456007e-06,5.2085422e-05,0.0089131806,5.3281558e-06,7.728699e-09
0.074137476,3.4525411e-06,5.1565995e-05,0.0085612246,5.3369216e-06,8.8638439e-09
0.074188418,3.4517319e-06,5.0948667e-05,0.0088863044,5.3325855e-06,8.8419583e-09
0.074239505,3.4593041e-06,5.0495225e-05,0.008529303,5.3423558e-06,7.2932912e-09
0.074290745,3.4620745e-06,4.9983059e-05,0.0088557995,5.3435642e-06,8.1698072e-09
0.07434213,3.4666874e-06,4.9537542e-05,0.0088527564,5.3479515e-06,9.4936709e-09
0.074393682,3.4750742e-06,4.9177734e-05,0.0087452938,5.3580598e-06,7.6053425e-09
0.074445387,3.4761945e-06,4.8735131e-05,0.008966124,5.3579479e-06,8.3125098e-09
0.074497265,3.4855501e-06,4.8438391e-05,0.0086963225,5.3713499e-06,9.7913369e-09
0.074549309,3.4864995e-06,4.8042003e-05,0.0089053868,5.3720253e-06,7.7079717e-09
0.074601521,3.4943562e-06,4.7757508e-05,0.0086644914,5.3839443e-06,9.5698963e-09
0.074656202,3.4990823e-06,4.7436502e-05,0.0089189362,5.3911312e-06,7.0842059e-09
0.074708782,3.5071252e-06,4.7190298e-05,0.0087000308,5.4030462e-06,8.1654705e-09
0.074761561,3.5160008e-06,4.6961784e-05,0.0087590391,5.4154025e-06,9.4381264e-09
0.074814522,3.5211433e-06,4.67004e-05,0.0088973529,5.4226963e-06,7.7016969e-09
0.074867692,3.5325699e-06,4.6541595e-05,0.0087080167,5.4401707e-06,8.0680443e-09
0.074921061,3.5354272e-06,4.6285444e-05,0.0089797711,5.4455639e-06,9.143309e-09
0.07497464,3.5480677e-06,4.6175848e-05,0.0086004386,5.4668231e-06,7.0856172e-09
0.075028436,3.5541209e-06,4.5992653e-05,0.0089117741,5.4777659e-06,7.8462738e-09
0.075082444,3.5650236e-06,4.5887311e-05,0.0087077607,5.4968517e-06,9.8013094e-09
0.075136685,3.5736562e-06,4.5782246e-05,0.0087820887,5.5140097e-06,7.4952536e-09
0.075191147,3.578396e-06,4.5643295e-05,0.0089990292,5.5268748e-06,9.191678e-09
0.07524585,3.5901038e-06,4.5615463e-05,0.0088302369,5.5520389e-06,6.9374396e-09
0.075300785,3.5924206e-06,4.5475168e-05,0.0090746156,5.5617897e-06,8.1511302e-09
0.075355971,3.6067052e-06,4.5500254e-05,0.0088014613,5.5900829e-06,1.0089459e-08
0.07541141,3.6145084e-06,4.5470375e-05,0.0090795259,5.6100059e-06,7.3074841e-09
0.0754671,3.6288943e-06,4.5485933e-05,0.0088958753,5.6351921e-06,8.9768334e-09
0.075525502,3.6348091e-06,4.5479933e-05,0.0091524179,5.6574137e-06,7.0156322e-09
0.075581737,3.6466376e-06,4.5510685e-05,0.0090589402,5.6822628e-06,7.9958711e-09
0.075638258,3.659415e-06,4.5588154e-05,0.0089452966,5.7117022e-06,9.7199988e-09
0.075695053,3.6681945e-06,4.5620461e-05,0.0092052174,5.7337575e-06,7.3013714e-09
0.075752142,3.6830009e-06,4.574987e-05,0.0089105174,5.7674853e-06,8.5421914e-09
0.075809531,3.6896257e-06,4.5777337e-05,0.0091966021,5.7873769e-06,7.3839184e-09
0.075867219,3.7075303e-06,4.5978293e-05,0.0088621174,5.8272653e-06,7.3616581e-09
0.075925219,3.7190844e-06,4.6092869e-05,0.0090594141,5.8552339e-06,8.8756005e-09
0.075983526,3.7293511e-06,4.6275537e-05,0.0089885655,5.8906711e-06,7.4010781e-09
0.076042164,3.7429026e-06,4.647538e-05,0.008976611,5.9283744e-06,7.6452594e-09
0.076101122,3.7522119e-06,4.6636876e-05,0.0092414359,5.9613537e-06,9.2395909e-09
0.076160423,3.7694221e-06,4.6901548e-05,0.0089386817,6.0063109e-06,7.3189187e-09
0.076220058,3.7776803e-06,4.7067181e-05,0.0093056653,6.0369249e-06,8.3175753e-09
0.076280043,3.7958015e-06,4.7381609e-05,0.0089056378,6.0863735e-06,1.0030799e-08
0.076340386,3.8078252e-06,4.7657952e-05,0.0092353581,6.1273153e-06,7.6365485e-09
0.07640109,3.822429e-06,4.79849e-05,0.0089915457,6.1772758e-06,9.3830561e-09
0.076462168,3.8359538e-06,4.8325007e-05,0.0092112077,6.2232031e-06,7.423529e-09
0.07652629,3.8534225e-06,4.872231e-05,0.0089870495,6.2736334e-06,9.1543576e-09
0.076588142,3.8702441e-06,4.912312e-05,0.0092356411,6.3225819e-06,7.3182539e-09
0.076650375,3.8858868e-06,4.9533033e-05,0.0092367758,6.3707858e-06,8.8511797e-09
0.076713007,3.9027667e-06,5.0007864e-05,0.0092277347,6.4253012e-06,6.9942979e-09
0.076776039,3.9172864e-06,5.0448776e-05,0.0095534627,6.4711361e-06,8.1935574e-09
0.076839489,3.9393578e-06,5.1027913e-05,0.0092179304,6.5333759e-06,7.7374537e-09
0.07690336,3.9552258e-06,5.1550218e-05,0.0095429932,6.5837406e-06,7.4164823e-09
0.076967652,3.9757058e-06,5.2173116e-05,0.0093092935,6.6447522e-06,9.2580937e-09
0.077032395,3.9962647e-06,5.2816439e-05,0.0094839083,6.7051267e-06,7.1943838e-09
0.077097574,4.0155487e-06,5.3479967e-05,0.009628452,6.764522e-06,8.9579369e-09
0.077163233,4.0395786e-06,5.4235385e-05,0.0095397444,6.8321958e-06,7.1804435e-09
0.077229341,4.0577579e-06,5.4945887e-05,0.0098050226,6.8893174e-06,8.9648301e-09
0.077295933,4.0842163e-06,5.5830106e-05,0.0097288522,6.9642025e-06,7.2878391e-09
0.077363002,4.1017111e-06,5.6604667e-05,0.010017511,7.0221512e-06,9.65224e-09
0.077430569,4.1332819e-06,5.7609965e-05,0.0098520403,7.1063557e-06,7.7324491e-09
0.077498643,4.154078e-06,5.851147e-05,0.010012135,7.1727751e-06,7.4361851e-09
0.077570217,4.1855703e-06,5.9649359e-05,0.010007428,7.2613019e-06,8.5493288e-09
0.077639356,4.2089647e-06,6.0636567e-05,0.010307888,7.3295562e-06,7.2222665e-09
0.077709027,4.2412376e-06,6.1876573e-05,0.01045261,7.4219371e-06,7.1495547e-09
0.077779262,4.2681922e-06,6.3104926e-05,0.01066156,7.5004341e-06,7.472749e-09
0.077850041,4.2977137e-06,6.4471382e-05,0.010664426,7.5848316e-06,7.2423166e-09
0.077921403,4.3284437e-06,6.5952676e-05,0.010910764,7.671884e-06,8.2287357e-09
0.077993323,4.3552715e-06,6.7475531e-05,0.010862534,7.7543332e-06,8.118925e-09
0.078065861,4.390699e-06,6.9218684e-05,0.010932978,7.852099e-06,1.0657833e-08
0.078138996,4.4159531e-06,7.0933383e-05,0.010982444,7.9342563e-06,9.1617517e-09
0.078212781,4.4568203e-06,7.2993269e-05,0.010986113,8.0377847e-06,7.322921e-09
0.078287208,4.4871339e-06,7.5052769e-05,0.011410822,8.1246e-06,8.6680829e-09
0.078362315,4.5340263e-06,7.7532614e-05,0.011712675,8.2388266e-06,7.7526615e-09
0.078438125,4.5701397e-06,7.9976068e-05,0.011701065,8.3295583e-06,8.6092757e-09
0.078514667,4.6236368e-06,8.2935256e-05,0.011735317,8.4492326e-06,7.0905928e-09
0.078591963,4.6695815e-06,8.5963697e-05,0.012140865,8.5490883e-06,9.6524713e-09
0.078670054,4.7320211e-06,8.9581748e-05,0.012096951,8.67579e-06,6.6691161e-09
0.07874897,4.7850483e-06,9.3370934e-05,0.012473998,8.7797543e-06,6.6299195e-09
0.078832241,4.8587092e-06,9.8060513e-05,0.012665044,8.9122453e-06,7.4828027e-09
0.078912961,4.9190497e-06,0.00010288191,0.01280485,9.0210402e-06,5.5120612e-09
0.078994643,5.0024376e-06,0.00010872224,0.013095401,9.157002e-06,7.4708246e-09
0.079077324,5.077503e-06,0.00011507198,0.013526362,9.2733464e-06,6.9833305e-09
0.079160853,5.111211e-06,0.00012118614,0.013562243,9.3078836e-06,7.1814514e-09
0.079243541,5.0543902e-06,0.00012580808,0.013497486,9.1787215e-06,1.0009739e-08
0.079324981,5.0013489e-06,0.0001310721,0.013135346,9.0447606e-06,7.6306728e-09
0.079405197,4.9534132e-06,0.00013709269,0.012984978,8.9131681e-06,7.2293034e-09
0.079484168,4.9074469e-06,0.00014397939,0.012843645,8.7827245e-06,7.2674137e-09
0.07956194,4.8647729e-06,0.00015185997,0.013015488,8.6519583e-06,9.2627594e-09
0.079638526,4.8242432e-06,0.00016086729,0.012823271,8.5195986e-06,8.0872292e-09
0.079713961,4.7906672e-06,0.00017131624,0.012500311,8.3929093e-06,6.8551594e-09
0.079788275,4.7579939e-06,0.00018328583,0.012458441,8.267266e-06,6.9437757e-09
0.079861481,4.7227485e-06,0.00019713365,0.012074431,8.1422734e-06,8.2591716e-09
0.079933628,4.6904749e-06,0.00021300805,0.011793265,8.0179632e-06,1.0286862e-08
0.08000475,4.6622096e-06,0.00023107507,0.011802705,7.9014902e-06,7.1232566e-09
0.080077882,4.6307246e-06,0.00025156181,0.011223621,7.7782097e-06,8.4291747e-09
0.080146972,4.6052451e-06,0.0002702125,0.011452457,7.6690837e-06,6.1486495e-09
0.080215113,4.5735517e-06,0.00028372311,0.01083299,7.5547941e-06,6.000873e-09
0.080282344,4.5497973e-06,0.00028856528,0.011022173,7.4561813e-06,8.1599695e-09
0.080348714,4.5246583e-06,0.00028273909,0.010737465,7.3599583e-06,7.2213427e-09
0.080414267,4.5010928e-06,0.00027001037,0.010900724,7.2735182e-06,1.0411281e-08
0.080479043,4.4735898e-06,0.00025297171,0.010623129,7.1894684e-06,6.2247529e-09
0.080543081,4.4497473e-06,0.00023370235,0.010504925,7.114109e-06,8.105245e-09
0.080606416,4.4278274e-06,0.00021384326,0.010511682,7.0471926e-06,9.8157866e-09
0.080669075,4.4034243e-06,0.00019482471,0.010476275,6.9825677e-06,7.2975526e-09
0.080731103,4.3803586e-06,0.00017789031,0.01036389,6.9273382e-06,7.1297874e-09
0.080792539,4.3554736e-06,0.00016297303,0.010260499,6.8817831e-06,6.8208989e-09
0.080853417,4.333535e-06,0.0001500804,0.0098239099,6.8506465e-06,7.2931617e-09
0.080913768,4.3146846e-06,0.00013888292,0.0095139916,6.8297658e-06,9.5266547e-09
0.080973617,4.2945578e-06,0.0001289968,0.0094094955,6.8099833e-06,8.9968154e-09
0.081032985,4.2751915e-06,0.00012022476,0.0096309354,6.7896188e-06,8.2086431e-09
0.081091915,4.2615077e-06,0.00011269293,0.0094093228,6.7831225e-06,7.5941355e-09
0.081152977,4.2465523e-06,0.00010558148,0.0092475416,6.7700395e-06,7.6955112e-09
0.081211108,4.2309744e-06,9.9537571e-05,0.0089706847,6.7608734e-06,6.7662208e-09
0.081268897,4.2187662e-06,9.4186683e-05,0.0088248269,6.7576215e-06,8.2299343e-09
0.081326365,4.2094789e-06,8.9411888e-05,0.0087421323,6.75978e-06,7.1169299e-09
0.081383542,4.1939829e-06,8.4980044e-05,0.0086783893,6.7520901e-06,6.6255328e-09
0.08144046,4.1876161e-06,8.1122441e-05,0.0085438737,6.7590576e-06,7.1459466e-09
0.081497139,4.1789971e-06,7.7592682e-05,0.0079864093,6.7647536e-06,6.6841854e-09
0.081553617,4.1690218e-06,7.4351326e-05,0.0083573372,6.7685478e-06,6.7923949e-09
0.081609913,4.163537e-06,7.1454859e-05,0.0085969722,6.7804462e-06,8.0315577e-09
0.081666057,4.1567606e-06,6.8789236e-05,0.0082114071,6.7915063e-06,9.9534824e-09
0.081722072,4.1486344e-06,6.6337549e-05,0.0078693404,6.801857e-06,8.3340866e-09
0.081777976,4.1440253e-06,6.416083e-05,0.0080206355,6.8201491e-06,6.6226611e-09
0.081833818,4.1390201e-06,6.2151083e-05,0.0079477915,6.836891e-06,6.939889e-09
0.081889603,4.1388232e-06,6.0391485e-05,0.0076780818,6.8634027e-06,8.7628288e-09
0.081945388,4.1371054e-06,5.8756517e-05,0.0079982392,6.8879738e-06,6.0456279e-09
0.082001172,4.1350139e-06,5.7237447e-05,0.0081489357,6.9113582e-06,8.4288983e-09
0.082059383,4.1329335e-06,5.5771183e-05,0.0079073182,6.9360213e-06,6.674288e-09
0.082115243,4.1371746e-06,5.4567386e-05,0.0078289782,6.971308e-06,8.4140905e-09
0.082171178,4.1411696e-06,5.3465928e-05,0.0078635463,7.0057987e-06,7.3104386e-09
0.082227221,4.1463275e-06,5.2450819e-05,0.00796528,7.0416874e-06,8.9086112e-09
0.082283397,4.1503588e-06,5.1513455e-05,0.0080962664,7.0784794e-06,7.7574144e-09
0.082339743,4.1632163e-06,5.0762242e-05,0.0081188316,7.1298947e-06,7.7243232e-09
0.082396265,4.1668776e-06,4.9971556e-05,0.008120591,7.168722e-06,8.5069125e-09
0.08245301,4.1801986e-06,4.9349419e-05,0.0080191344,7.2239268e-06,7.5476725e-09
0.082510013,4.1952919e-06,4.8803127e-05,0.0082153555,7.2826874e-06,9.6260494e-09
0.082567291,4.2110318e-06,4.8334512e-05,0.0083680348,7.3434156e-06,7.8864158e-09
0.08262487,4.2234251e-06,4.7931612e-05,0.0084739228,7.4075314e-06,7.9734433e-09
0.082682781,4.2414066e-06,4.7604927e-05,0.0085447206,7.4765321e-06,8.5084832e-09
0.082741063,4.2603805e-06,4.7346638e-05,0.0086557624,7.549136e-06,7.7624917e-09
0.082799739,4.281278e-06,4.715934e-05,0.0088045298,7.6278525e-06,7.4697301e-09
0.082858851,4.3038798e-06,4.7053507e-05,0.0091140724,7.7138451e-06,7.4884228e-09
0.082918425,4.3302134e-06,4.7050073e-05,0.0091108897,7.8080809e-06,7.9046368e-09
0.082978494,4.3618062e-06,4.7143149e-05,0.0091997921,7.9142712e-06,9.6556803e-09
0.083041773,4.3736327e-06,4.7058834e-05,0.0090857222,7.9857915e-06,9.2353098e-09
0.083103004,4.4172248e-06,4.73787e-05,0.008925946,8.1136646e-06,7.669574e-09
0.083164866,4.4388668e-06,4.7500012e-05,0.008868561,8.2007381e-06,7.7054199e-09
0.083227384,4.4653461e-06,4.7725374e-05,0.0091907685,8.2968032e-06,8.2888215e-09
0.083290622,4.5034052e-06,4.8117599e-05,0.0094920721,8.4107468e-06,9.3339091e-09
0.083354513,4.5743416e-06,4.8899552e-05,0.0099514737,8.5839157e-06,7.8593464e-09
0.083419199,4.5576924e-06,4.879208e-05,0.0096230992,8.5926797e-06,9.2512119e-09
0.083483992,4.6252696e-06,4.9652078e-05,0.0098681163,8.7583869e-06,8.7822648e-09
0.083550343,4.6671838e-06,5.0269978e-05,0.0096643056,8.8693732e-06,1.0219359e-08
0.083617387,4.6580309e-06,5.036899e-05,0.0097059516,8.8741357e-06,9.6218356e-09
0.08368383,4.5798689e-06,4.9768494e-05,0.0095203883,8.7388555e-06,7.7810373e-09
0.083749439,4.5129049e-06,4.9321601e-05,0.0092342368,8.6256292e-06,7.720248e-09
0.083814297,4.438881e-06,4.8803264e-05,0.0093183738,8.4916304e-06,9.5213431e-09
0.083878442,4.3814184e-06,4.8483152e-05,0.0092622293,8.3851726e-06,8.3876575e-09
0.083941897,4.316101e-06,4.8102584e-05,0.0087931319,8.2629155e-06,7.8197366e-09
0.084004716,4.256421e-06,4.7811848e-05,0.0090801967,8.1501763e-06,9.9192985e-09
0.084066893,4.2061194e-06,4.7641772e-05,0.0085021163,8.0508615e-06,8.6627547e-09
0.08413114,4.1449861e-06,4.7414848e-05,0.0087056377,7.9314313e-06,7.5182887e-09
0.084192137,4.0983975e-06,4.7365147e-05,0.0088078307,7.8422128e-06,9.8468645e-09
0.084252584,4.0488044e-06,4.7299074e-05,0.0084147428,7.7451587e-06,8.7080381e-09
0.084312539,4.002813e-06,4.7298054e-05,0.0085697086,7.6562889e-06,7.82881e-09
0.084372005,3.9643114e-06,4.7423295e-05,0.0080377232,7.5857442e-06,9.3291035e-09
0.084431031,3.9180907e-06,4.7494158e-05,0.008462376,7.4986403e-06,7.7678388e-09
0.084489634,3.8872359e-06,4.7796908e-05,0.0081101671,7.4467791e-06,9.9171347e-09
0.084547834,3.8420945e-06,4.7959302e-05,0.0080502223,7.3689382e-06,8.1536025e-09
0.08460567,3.811946e-06,4.8344185e-05,0.0078134391,7.3239996e-06,9.7219921e-09
0.084663145,3.7719832e-06,4.8626963e-05,0.0077161749,7.2611909e-06,8.1865536e-09
0.084720305,3.7408659e-06,4.9065906e-05,0.0078447026,7.2193976e-06,9.7788159e-09
0.084777137,3.7074808e-06,4.9481504e-05,0.0076899152,7.1719046e-06,8.0951663e-09
0.084833692,3.6776053e-06,4.9979842e-05,0.0079338292,7.1350485e-06,9.5392911e-09
0.084889957,3.6514159e-06,5.0557647e-05,0.0073771912,7.1071569e-06,7.8526941e-09
0.084945973,3.6184324e-06,5.1080915e-05,0.0076129986,7.0666699e-06,9.2049294e-09
0.085001733,3.598072e-06,5.1807207e-05,0.0073122732,7.0519666e-06,7.7973202e-09
0.085059671,3.5639709e-06,5.2405942e-05,0.0077118262,7.0118708e-06,8.863262e-09
0.085114973,3.5457136e-06,5.3226613e-05,0.0071244203,7.0043337e-06,7.9441129e-09
0.085170054,3.5142402e-06,5.3869089e-05,0.0075290208,6.9695597e-06,8.3887679e-09
0.085224946,3.4976e-06,5.47956e-05,0.0071034841,6.9667346e-06,9.7547552e-09
0.085279638,3.4678871e-06,5.5534928e-05,0.007250065,6.9355312e-06,7.9338733e-09
0.085334156,3.4519795e-06,5.6557034e-05,0.0070651798,6.9354513e-06,9.1998228e-09
0.085388488,3.4226481e-06,5.7378797e-05,0.0072389933,6.9045081e-06,7.6988036e-09
0.085442659,3.4090998e-06,5.8505843e-05,0.0068400696,6.9048638e-06,8.7882744e-09
0.085496653,3.3828699e-06,5.9434251e-05,0.0071232362,6.8744945e-06,7.8411881e-09
0.085550494,3.369476e-06,6.0664155e-05,0.0068214253,6.8746225e-06,8.1873206e-09
0.085604167,3.3424305e-06,6.1668648e-05,0.0070878957,6.8425215e-06,9.4730583e-09
0.085657694,3.3305651e-06,6.30271e-05,0.006789135,6.8426154e-06,7.8268104e-09
0.085711058,3.3051988e-06,6.4144981e-05,0.0070843953,6.8087366e-06,8.6835876e-09
0.085764279,3.295463e-06,6.5653787e-05,0.0065157493,6.8063872e-06,1.0028089e-08
0.085817344,3.2723242e-06,6.6915547e-05,0.0071393166,6.7711778e-06,7.9572097e-09
0.085870262,3.2625112e-06,6.8551494e-05,0.0065399009,6.765054e-06,9.0710285e-09
0.085923032,3.2402145e-06,6.9976269e-05,0.007065606,6.7282525e-06,7.8727163e-09
0.085977936,3.229806e-06,7.1831723e-05,0.0067030432,6.7168183e-06,7.9474871e-09
0.086030398,3.2074457e-06,7.3429935e-05,0.0070244903,6.6779497e-06,9.2169956e-09
0.086082714,3.1978861e-06,7.5421477e-05,0.0067610001,6.6648467e-06,6.8267239e-09
0.086134877,3.1765315e-06,7.7201138e-05,0.0070681151,6.6240095e-06,8.2781741e-09
0.086186886,3.1673374e-06,7.9423457e-05,0.0065683288,6.608672e-06,9.5569468e-09
0.086238754,3.1489527e-06,8.1523483e-05,0.0069048199,6.5708891e-06,7.7749547e-09
0.086290466,3.1385857e-06,8.3963058e-05,0.0067032344,6.549629e-06,8.0788316e-09
0.086342049,3.1238829e-06,8.6444e-05,0.0071042006,6.5173743e-06,9.2029916e-09
0.086393481,3.1096815e-06,8.9118367e-05,0.0068651055,6.4856159e-06,7.8627807e-09
0.086444793,3.0981359e-06,9.2059141e-05,0.0069660834,6.4598425e-06,8.0551683e-09
0.086495962,3.0824526e-06,9.5069102e-05,0.0070935954,6.4228055e-06,8.9743049e-09
0.08654702,3.0757023e-06,9.8598491e-05,0.0069006351,6.4041562e-06,9.9724324e-09
0.086597946,3.0581635e-06,0.00010196489,0.007247541,6.3589242e-06,7.7472899e-09
0.08664876,3.0539197e-06,0.00010608004,0.006776959,6.3423426e-06,8.3891314e-09
0.086699462,3.0366466e-06,0.00011010232,0.0070053524,6.299499e-06,9.2713353e-09
0.086750054,3.0304295e-06,0.0001148682,0.0066082176,6.2786815e-06,7.9917297e-09
0.086802742,3.0149148e-06,0.00011981887,0.0070438636,6.2357539e-06,7.8782397e-09
0.086853129,3.0096662e-06,0.00012536353,0.0066578527,6.2142385e-06,8.4368758e-09
0.08690343,2.9961321e-06,0.0001310646,0.0070364939,6.1782136e-06,9.0797061e-09
0.086953633,2.9870704e-06,0.00013732142,0.0067333219,6.1463962e-06,9.9286542e-09
0.087003766,2.9807687e-06,0.00014414595,0.0067725774,6.1196208e-06,7.0152606e-09
0.087053803,2.9679315e-06,0.00015108717,0.0070028861,6.0789934e-06,7.9174099e-09
0.087103773,2.9656669e-06,0.00015901944,0.006575624,6.0606218e-06,8.7701195e-09
0.087153687,2.9542865e-06,0.00016661495,0.0070235972,6.0209438e-06,9.5483383e-09
0.087203555,2.9529227e-06,0.00017466317,0.0064489123,6.0024919e-06,7.9046133e-09
0.087253378,2.94274e-06,0.00018177223,0.0071353781,5.9649062e-06,7.7737814e-09
0.087303139,2.9354901e-06,0.00018847612,0.0067632518,5.9339681e-06,8.0005423e-09
0.08735287,2.9325232e-06,0.00019462295,0.0066631575,5.9091784e-06,8.5461331e-09
0.087402556,2.923188e-06,0.00019913148,0.0072470412,5.8662635e-06,9.1029222e-09
0.087452221,2.9226011e-06,0.00020286158,0.0065084195,5.8479381e-06,9.7213988e-09
0.087501855,2.9120869e-06,0.00020373601,0.0070733914,5.8062052e-06,7.8774202e-09
0.087551457,2.9096451e-06,0.00020257097,0.0066914707,5.7820177e-06,8.2371901e-09
0.087601044,2.9041738e-06,0.00019869427,0.0069221359,5.7510283e-06,8.8524841e-09
0.087652754,2.9003887e-06,0.00019270175,0.0069038203,5.7201679e-06,9.6318143e-09
0.087702307,2.8963069e-06,0.00018584516,0.006907429,5.6927585e-06,6.5832571e-09
0.087751831,2.8881321e-06,0.00017792895,0.0071384824,5.6555801e-06,7.4325517e-09
0.08780135,2.8882442e-06,0.00017004987,0.0065518071,5.6355525e-06,7.9322352e-09
0.087850852,2.8788659e-06,0.00016142746,0.0072047083,5.5962033e-06,8.5097843e-09
0.087900347,2.880287e-06,0.00015363426,0.0066236445,5.5758419e-06,9.1864615e-09
0.087949848,2.8743776e-06,0.00014599668,0.007184967,5.5435782e-06,9.8203931e-09
0.08799934,2.8711002e-06,0.00013904548,0.0069077444,5.5155649e-06,7.7463785e-09
0.088048847,2.8700488e-06,0.00013272072,0.0069563073,5.4930652e-06,7.5977355e-09
0.088098351,2.8632728e-06,0.00012657676,0.0072124024,5.4587659e-06,7.7648528e-09
0.088147873,2.8665674e-06,0.00012132443,0.0068825852,5.4437009e-06,8.1485869e-09
0.088197407,2.8579955e-06,0.00011604041,0.0071405466,5.4093109e-06,8.5593864e-09
0.088246954,2.8591445e-06,0.0001114858,0.0070144838,5.391321e-06,9.0193179e-09
0.08829653,2.8569416e-06,0.00010711334,0.0071765278,5.3663726e-06,7.9191802e-09
0.088346117,2.8543603e-06,0.00010306228,0.0072052469,5.3411816e-06,7.958839e-09
0.088395735,2.8564919e-06,9.9445159e-05,0.007037439,5.3250456e-06,9.500965e-09
0.088447526,2.851126e-06,9.5700183e-05,0.0073526074,5.2946625e-06,8.1725021e-09
0.088497193,2.8539487e-06,9.2625993e-05,0.0070490224,5.2823259e-06,9.2878839e-09
0.088546885,2.8487529e-06,8.9497917e-05,0.007382361,5.2544084e-06,7.7923156e-09
0.088596605,2.8515498e-06,8.6819395e-05,0.0070611382,5.2431164e-06,8.9119112e-09
0.088646363,2.8483915e-06,8.4143609e-05,0.0075040858,5.2204035e-06,7.9113561e-09
0.088696146,2.8474009e-06,8.1696901e-05,0.0072696029,5.2032208e-06,9.5617445e-09
0.088745978,2.848789e-06,7.9473024e-05,0.0072934431,5.1906595e-06,7.3520101e-09
0.088795841,2.8462737e-06,7.7216368e-05,0.0074294788,5.167799e-06,7.7274989e-09
0.088845758,2.8500292e-06,7.5321921e-05,0.0070804894,5.1613996e-06,8.683038e-09
0.088895723,2.8454425e-06,7.329101e-05,0.0075408898,5.1389235e-06,9.8487315e-09
0.08894574,2.8484574e-06,7.1578427e-05,0.007154697,5.130435e-06,7.5469513e-09
0.088995819,2.8482552e-06,6.9869574e-05,0.0074664193,5.1172341e-06,7.5721676e-09
0.089045949,2.8481574e-06,6.8245667e-05,0.0074389568,5.1052791e-06,8.0026476e-09
0.089096153,2.8510421e-06,6.674165e-05,0.0073193075,5.098081e-06,8.7241453e-09
0.089146416,2.848497e-06,6.519671e-05,0.0076753608,5.0805894e-06,9.4520541e-09
0.089196758,2.8538562e-06,6.3921872e-05,0.0073374275,5.079402e-06,7.6888823e-09
0.08924717,2.8511935e-06,6.2549477e-05,0.0075588728,5.0639945e-06,7.5772452e-09
0.08929985,2.8576629e-06,6.1322902e-05,0.0072124098,5.0613618e-06,7.6414782e-09
0.089350421,2.8583612e-06,6.0090605e-05,0.00768333,5.0497287e-06,8.0955889e-09
0.089401071,2.8628129e-06,5.9014677e-05,0.0074901203,5.0466416e-06,8.6677114e-09
0.089451821,2.8670322e-06,5.7995466e-05,0.0075324846,5.0431153e-06,9.4445214e-09
0.089502654,2.8682294e-06,5.6956488e-05,0.0077455282,5.0339183e-06,7.7254772e-09
0.089553589,2.8750766e-06,5.6091376e-05,0.0074354816,5.0359771e-06,7.4561304e-09
0.089604618,2.8743897e-06,5.5105743e-05,0.0077439722,5.024523e-06,7.5288929e-09
0.089655749,2.8820574e-06,5.4328527e-05,0.0072890473,5.0339649e-06,8.1739586e-09
0.089706991,2.8837433e-06,5.3493189e-05,0.0077550577,5.0298878e-06,8.8640265e-09
0.089758335,2.8885382e-06,5.2732068e-05,0.0075037536,5.0307573e-06,9.4120232e-09
0.089809804,2.8913778e-06,5.2005052e-05,0.0074973527,5.0317973e-06,7.6128676e-09
0.089861382,2.8940492e-06,5.1264505e-05,0.0077084073,5.0276171e-06,7.5749208e-09
0.08991309,2.9021514e-06,5.0658931e-05,0.0074935588,5.0353624e-06,7.7203792e-09
0.089964921,2.9021647e-06,4.9930923e-05,0.0076609263,5.0288609e-06,8.4443614e-09
0.090016883,2.9113949e-06,4.9389828e-05,0.0072854063,5.0392147e-06,9.0834794e-09
0.090068986,2.9146708e-06,4.8766467e-05,0.0077339556,5.0391543e-06,9.8196208e-09
0.090123495,2.9205616e-06,4.8194982e-05,0.0075171671,5.0441188e-06,8.0937711e-09
0.090175886,2.9260018e-06,4.7662726e-05,0.0076139012,5.0489689e-06,8.4943417e-09
0.090228414,2.9298373e-06,4.7126834e-05,0.0077477887,5.0505637e-06,9.2853951e-09
0.090281103,2.9384334e-06,4.6698235e-05,0.0076675512,5.0606661e-06,7.6438651e-09
0.090333937,2.9388804e-06,4.617073e-05,0.0079124086,5.0576494e-06,8.2826978e-09
0.090386934,2.9479223e-06,4.5802817e-05,0.0074502754,5.07095e-06,9.3345726e-09
0.090440097,2.9520764e-06,4.5352373e-05,0.007854683,5.0735293e-06,7.7056825e-09
0.090493422,2.9602404e-06,4.4987489e-05,0.0076371845,5.0834561e-06,1.00226e-08
0.090546928,2.968928e-06,4.4641524e-05,0.0076704128,5.0943571e-06,8.571162e-09
0.090600602,2.9752599e-06,4.4269699e-05,0.0077636366,5.1004844e-06,7.6572931e-09
0.090654465,2.9856725e-06,4.3980501e-05,0.0076700063,5.114559e-06,9.6188428e-09
0.090708508,2.990706e-06,4.3605493e-05,0.0078855232,5.1174908e-06,7.9414271e-09
0.090762744,3.0032472e-06,4.3380315e-05,0.0074224898,5.136092e-06,7.516276e-09
0.090817179,3.0098347e-06,4.308373e-05,0.0078317591,5.1439384e-06,9.8107184e-09
0.090871811,3.0210642e-06,4.2866661e-05,0.0076767657,5.1597317e-06,8.5261929e-09
0.090926655,3.0318012e-06,4.2668614e-05,0.0077092143,5.1763085e-06,7.4682593e-09
0.090981701,3.0402395e-06,4.2441952e-05,0.0078273094,5.1872813e-06,7.5114286e-09
0.091039379,3.0534838e-06,4.2285499e-05,0.0077204039,5.2055545e-06,8.929302e-09
0.091094873,3.0604319e-06,4.2102465e-05,0.0079746097,5.2173089e-06,8.0009787e-09
0.0911506,3.0768643e-06,4.1984791e-05,0.0076731606,5.2391324e-06,7.8502773e-09
0.091206558,3.0831528e-06,4.1799828e-05,0.0079373944,5.2486593e-06,7.0367666e-09
0.091262753,3.0990875e-06,4.174858e-05,0.0075550312,5.2754481e-06,9.2556828e-09
0.091319196,3.1119338e-06,4.1636483e-05,0.0078358566,5.293136e-06,7.0544421e-09
0.09137588,3.1252128e-06,4.1559386e-05,0.0077939519,5.3144152e-06,8.4732351e-09
0.091432828,3.1398053e-06,4.1504206e-05,0.0077966711,5.3375332e-06,7.2304427e-09
0.09149003,3.1508594e-06,4.1425287e-05,0.00794248,5.3570098e-06,7.9718465e-09
0.091547506,3.1676572e-06,4.1436534e-05,0.0079025675,5.3868093e-06,8.904321e-09
0.091605256,3.1778307e-06,4.1364317e-05,0.0079789286,5.4054097e-06,8.2438963e-09
0.091663283,3.1962828e-06,4.1424556e-05,0.0077165891,5.4399557e-06,7.3687557e-09
0.091721596,3.2099845e-06,4.1431683e-05,0.0080170363,5.4661439e-06,8.8357504e-09
0.091780187,3.2249801e-06,4.1484235e-05,0.007952017,5.4968309e-06,7.1395602e-09
0.091839077,3.24222e-06,4.155852e-05,0.0078007031,5.5292345e-06,9.6455181e-09
0.091898253,3.2544871e-06,4.1608549e-05,0.0080937733,5.5559615e-06,8.0527124e-09
0.091957741,3.2728362e-06,4.1743857e-05,0.0079007979,5.5940658e-06,6.971656e-09
0.092020139,3.2860444e-06,4.1813971e-05,0.0080996747,5.6230843e-06,8.9176234e-09
0.092080259,3.3050378e-06,4.2002519e-05,0.0077121862,5.6657517e-06,7.1570092e-09
0.09214069,3.315937e-06,4.2086654e-05,0.0079330045,5.6930663e-06,8.4473573e-09
0.092201442,3.333661e-06,4.2311677e-05,0.0078065453,5.7372881e-06,7.3029249e-09
0.092262528,3.349822e-06,4.2506958e-05,0.0079562128,5.7747353e-06,8.2853168e-09
0.09232394,3.3659611e-06,4.269764e-05,0.0080215487,5.8135139e-06,7.5497698e-09
0.092385698,3.3824999e-06,4.2932607e-05,0.0078828045,5.8558898e-06,8.2614156e-09
0.092447788,3.3962388e-06,4.3140038e-05,0.0081929046,5.8928669e-06,7.5377379e-09
0.092510228,3.4148054e-06,4.3428078e-05,0.0078157288,5.941188e-06,8.1840807e-09
0.092573023,3.4267853e-06,4.3657533e-05,0.0081022534,5.9782456e-06,7.5665965e-09
0.092636185,3.4478226e-06,4.4034394e-05,0.007858562,6.0338896e-06,8.383863e-09
0.092699714,3.4616811e-06,4.43399e-05,0.0080748507,6.0775655e-06,7.3290902e-09
0.092763608,3.4806839e-06,4.4711257e-05,0.0080021135,6.1279613e-06,8.594599e-09
0.09282789,3.4978601e-06,4.5101521e-05,0.0081501816,6.1780941e-06,7.414944e-09
0.092892544,3.5109663e-06,4.5466347e-05,0.0082112628,6.2227524e-06,8.3897623e-09
0.092957597,3.5311293e-06,4.5930011e-05,0.0081527813,6.2794968e-06,7.4563655e-09
0.093025893,3.5451777e-06,4.6382373e-05,0.0083733702,6.3295473e-06,7.7542702e-09
0.093091762,3.5655047e-06,4.6915049e-05,0.0080700215,6.3886402e-06,9.5176417e-09
0.093158032,3.5782371e-06,4.7360749e-05,0.0083422594,6.4326852e-06,7.2523506e-09
0.093224722,3.6004743e-06,4.7989602e-05,0.0082029633,6.497565e-06,8.3647e-09
0.093291835,3.6140215e-06,4.8538457e-05,0.0083028719,6.5464635e-06,8.0319894e-09
0.09335937,3.6351942e-06,4.9243546e-05,0.0082344769,6.6135342e-06,7.6938228e-09
0.093427355,3.6517662e-06,4.9896636e-05,0.0085646953,6.6701192e-06,9.4552866e-09
0.093495768,3.6694859e-06,5.0596871e-05,0.0084184106,6.7339524e-06,7.4917986e-09
0.093564653,3.6915661e-06,5.1395883e-05,0.0085051014,6.8031685e-06,8.4491004e-09
0.093633983,3.7061304e-06,5.2108352e-05,0.0087627223,6.8568895e-06,9.9902327e-09
0.093703797,3.7329258e-06,5.3038194e-05,0.008790304,6.9368377e-06,7.7758986e-09
0.093774079,3.7475066e-06,5.3825135e-05,0.0089567112,6.9931347e-06,9.6499174e-09
0.093844854,3.776483e-06,5.4873649e-05,0.0089253205,7.079998e-06,7.2859512e-09
0.093916126,3.7917411e-06,5.5770644e-05,0.0090610365,7.1386893e-06,9.2049785e-09
0.093987898,3.8220857e-06,5.6945049e-05,0.00894832,7.226145e-06,7.7401744e-09
0.094060194,3.8440317e-06,5.8063017e-05,0.0090773304,7.2957357e-06,9.5940815e-09
0.09413299,3.8701498e-06,5.9326188e-05,0.0090964132,7.3745902e-06,8.8227561e-09
0.094209522,3.8945384e-06,6.0669615e-05,0.0092185967,7.4495524e-06,7.3261834e-09
0.094283397,3.9247943e-06,6.2194679e-05,0.0092496606,7.5364569e-06,9.5761639e-09
0.094357831,3.9514482e-06,6.3768626e-05,0.0094552231,7.6146786e-06,7.1967861e-09
0.094432803,3.9818084e-06,6.5486772e-05,0.0096228105,7.6968773e-06,8.1962234e-09
0.094508369,4.0156766e-06,6.7373325e-05,0.0099037281,7.7831388e-06,9.8879647e-09
0.0945845,4.0481488e-06,6.9363435e-05,0.010099493,7.8644298e-06,8.4040005e-09
0.094661241,4.0886826e-06,7.1650017e-05,0.0099281344,7.9581614e-06,1.0205449e-08
0.094738565,4.120947e-06,7.4019397e-05,0.010077489,8.0372503e-06,8.4719034e-09
0.094816529,4.1663826e-06,7.686858e-05,0.010288762,8.1405666e-06,9.729762e-09
0.094895119,4.2025382e-06,7.9757166e-05,0.010369537,8.2203333e-06,8.2188037e-09
0.094974377,4.2568114e-06,8.3290955e-05,0.010598545,8.3310786e-06,7.0233128e-09
0.095054303,4.2975515e-06,8.6894658e-05,0.010664276,8.4084972e-06,7.4565887e-09
0.095134922,4.3626599e-06,9.132044e-05,0.010780787,8.5251933e-06,9.0032704e-09
0.095216252,4.4136936e-06,9.5898234e-05,0.010894334,8.6072834e-06,8.3028409e-09
0.095298316,4.4836266e-06,0.00010147094,0.011057467,8.7201788e-06,6.8496765e-09
0.095381124,4.5436854e-06,0.00010750312,0.011564888,8.8068727e-06,8.7670907e-09
0.095468342,4.6263069e-06,0.00011506599,0.011730673,8.92301e-06,7.0415659e-09
0.095552713,4.693794e-06,0.00012305947,0.012102788,9.0038853e-06,6.850124e-09
0.09563721,4.6884866e-06,0.00013021422,0.011821096,8.9383714e-06,8.6938365e-09
0.095720504,4.655015e-06,0.00013747453,0.011753681,8.812078e-06,8.3928839e-09
0.095802568,4.6262545e-06,0.00014588071,0.01142924,8.688637e-06,8.5491889e-09
0.095883418,4.5964806e-06,0.00015551195,0.011194334,8.5617556e-06,9.168071e-09
0.095963069,4.5678483e-06,0.00016658491,0.011369866,8.4318907e-06,8.8975956e-09
0.096041539,4.5425099e-06,0.00017948114,0.011003237,8.3073834e-06,6.9937705e-09
0.096118857,4.5185458e-06,0.00019440796,0.010845924,8.1859713e-06,8.5146155e-09
0.096195042,4.4942628e-06,0.00021139978,0.010886979,8.0641008e-06,8.4089313e-09
0.096270132,4.4731742e-06,0.00023055906,0.010634425,7.9508788e-06,6.836343e-09
0.09634415,4.4494978e-06,0.00025001719,0.010339405,7.8331246e-06,9.7198946e-09
0.096417109,4.4271263e-06,0.00026613074,0.010416637,7.7203653e-06,7.7807791e-09
0.096489039,4.4071427e-06,0.00027536922,0.0099648596,7.6131501e-06,6.8501099e-09
0.096559981,4.3874622e-06,0.00027400894,0.01011728,7.5080721e-06,7.0011594e-09
0.096629967,4.3658148e-06,0.0002639096,0.0096713291,7.4086144e-06,7.5774057e-09
0.096699027,4.3458301e-06,0.00024877124,0.0097157849,7.3144794e-06,6.5687055e-09
0.096770153,4.3242983e-06,0.00023002077,0.0093966785,7.219724e-06,6.5353321e-09
0.096837448,4.3021562e-06,0.00021092871,0.0096327343,7.1300135e-06,1.0037233e-08
0.096903942,4.2816441e-06,0.00019212269,0.0092041219,7.0518947e-06,8.6062352e-09
0.096969671,4.2611564e-06,0.00017501697,0.0094165751,6.978655e-06,6.3870057e-09
0.097034678,4.2373408e-06,0.00016001932,0.0096163187,6.9100987e-06,8.0113301e-09
0.097098999,4.2146712e-06,0.00014704732,0.0092810643,6.8505031e-06,8.964907e-09
0.097162679,4.1934889e-06,0.00013583491,0.0092570075,6.8010771e-06,9.9139662e-09
0.097225752,4.1724839e-06,0.00012603392,0.0091707179,6.7638448e-06,7.0957859e-09
0.097288255,4.1501741e-06,0.0001174501,0.0090573429,6.7340077e-06,7.2456993e-09
0.097350226,4.1289771e-06,0.00010986813,0.0090279735,6.7079704e-06,7.4383342e-09
0.097411702,4.1082786e-06,0.0001031632,0.0090155677,6.685156e-06,8.4079098e-09
0.097472718,4.0893576e-06,9.7232809e-05,0.0085492095,6.6669591e-06,8.4818731e-09
0.097533286,4.0697456e-06,9.1900092e-05,0.0080775668,6.648274e-06,7.9268496e-09
0.097593451,4.0533857e-06,8.7167188e-05,0.0081303527,6.6368724e-06,7.7600289e-09
0.097653254,4.0378843e-06,8.2890896e-05,0.0083050385,6.6272232e-06,7.33881e-09
0.097712725,4.0230038e-06,7.9042104e-05,0.0083120377,6.6225811e-06,7.3095821e-09
0.097774464,4.0078141e-06,7.5382225e-05,0.0081731751,6.6176754e-06,7.2810661e-09
0.097833358,3.9944662e-06,7.2194939e-05,0.007961107,6.6150215e-06,1.0443555e-08
0.097892023,3.9838251e-06,6.9321266e-05,0.0077630509,6.6169506e-06,8.3073806e-09
0.097950483,3.9710544e-06,6.6679035e-05,0.0076296931,6.6178929e-06,7.0666784e-09
0.09800877,3.9628124e-06,6.4315513e-05,0.0077382976,6.6254946e-06,7.2943928e-09
0.09806692,3.9535847e-06,6.2144999e-05,0.0076883742,6.6326644e-06,6.585691e-09
0.098124958,3.9460339e-06,6.0191838e-05,0.0072991781,6.6450857e-06,6.5034197e-09
0.098182918,3.9411408e-06,5.8426146e-05,0.0072197558,6.6630917e-06,7.1196775e-09
0.098240829,3.934528e-06,5.6791208e-05,0.0074845228,6.6803314e-06,7.1041109e-09
0.098298719,3.931095e-06,5.5337011e-05,0.0075400729,6.7027748e-06,7.0056758e-09
0.098356621,3.9286401e-06,5.4014075e-05,0.0071759448,6.7275431e-06,7.786779e-09
0.098414566,3.9275444e-06,5.2809042e-05,0.0071079548,6.7545138e-06,8.9744666e-09
0.098472581,3.9297861e-06,5.1740271e-05,0.0074954241,6.7856463e-06,7.1734984e-09
0.098530698,3.9316153e-06,5.0749559e-05,0.00751857,6.8169649e-06,8.0899649e-09
0.098588941,3.9352782e-06,4.98553e-05,0.0073156112,6.8498175e-06,6.6033712e-09
0.098647346,3.9445751e-06,4.9092882e-05,0.0076022851,6.8920784e-06,7.4551629e-09
0.098705942,3.9526104e-06,4.8365888e-05,0.0074816849,6.9322614e-06,8.2449172e-09
0.098767316,3.9627733e-06,4.7707454e-05,0.0072812056,6.9790888e-06,7.3771679e-09
0.098826395,3.9748325e-06,4.7164086e-05,0.0073911472,7.0300635e-06,1.0246941e-08
0.098885761,3.9863622e-06,4.6687005e-05,0.0078723511,7.0865667e-06,9.3765951e-09
0.098945442,4.0010553e-06,4.6285695e-05,0.0079979162,7.1482906e-06,9.1143679e-09
0.099005477,4.014802e-06,4.5929497e-05,0.0078623524,7.2117463e-06,8.4943331e-09
0.099065899,4.0319193e-06,4.5660235e-05,0.0078209778,7.2859669e-06,1.0045217e-08
0.099126744,4.0493395e-06,4.5440611e-05,0.0080305657,7.3637245e-06,8.1170971e-09
0.099188041,4.0673744e-06,4.5283994e-05,0.0080877219,7.4464449e-06,7.682743e-09
0.099249825,4.0892718e-06,4.519255e-05,0.0079896001,7.5369425e-06,9.7981429e-09
0.099312142,4.1114358e-06,4.5140916e-05,0.0079837619,7.6283525e-06,7.550777e-09
0.099375026,4.1368728e-06,4.5167915e-05,0.0080785929,7.7271632e-06,7.9087959e-09
0.099438523,4.1659805e-06,4.5279964e-05,0.0083659001,7.8332346e-06,9.1834109e-09
0.099502668,4.1973941e-06,4.5466365e-05,0.0084449656,7.9456188e-06,9.0907736e-09
0.099567491,4.2276142e-06,4.5690531e-05,0.0085131727,8.0543329e-06,8.5489275e-09
0.09963304,4.2601699e-06,4.5972926e-05,0.0084928291,8.1630052e-06,8.2005696e-09
0.099699337,4.2961762e-06,4.6338282e-05,0.0081760471,8.2776607e-06,8.5485303e-09
0.09976936,4.3369172e-06,4.6801422e-05,0.0084365223,8.3957539e-06,8.4193009e-09
0.099837338,4.3791158e-06,4.7332207e-05,0.0083356115,8.5129748e-06,9.9737985e-09
0.099906198,4.4218486e-06,4.7889865e-05,0.0088098525,8.6202234e-06,1.0085096e-08
0.099975625,4.4024334e-06,4.7809749e-05,0.0088615544,8.5994743e-06,7.4011854e-09
0.10004424,4.3259889e-06,4.7154374e-05,0.0087038312,8.4608968e-06,8.7013646e-09
0.10011197,4.2560283e-06,4.6591375e-05,0.0084973861,8.3302579e-06,9.4551902e-09
0.10017884,4.1956647e-06,4.6153694e-05,0.008342831,8.2133426e-06,8.5533184e-09
0.1002449,4.125645e-06,4.5623087e-05,0.008424197,8.0702491e-06,7.9038134e-09
0.10031019,4.0739809e-06,4.5326529e-05,0.0082698758,7.9607337e-06,7.9707157e-09
0.10037472,4.008119e-06,4.4908265e-05,0.0080552821,7.8236361e-06,9.3980745e-09
0.10043856,3.9604538e-06,4.47073e-05,0.0080935403,7.7177687e-06,8.627211e-09
0.10050171,3.9038816e-06,4.4444973e-05,0.0077779355,7.5975246e-06,8.025397e-09
0.10056425,3.8531969e-06,4.4288504e-05,0.0081460681,7.4881985e-06,6.6684941e-09
0.10062618,3.8121895e-06,4.4255573e-05,0.0076222906,7.3979603e-06,9.5042689e-09
0.10068757,3.7607213e-06,4.4118116e-05,0.0079487114,7.2880831e-06,8.1264611e-09
0.10074844,3.7280184e-06,4.423706e-05,0.0075686167,7.216592e-06,8.0314646e-09
0.10080882,3.6825902e-06,4.4234134e-05,0.007849786,7.1213878e-06,8.9656083e-09
0.10087136,3.6470248e-06,4.4414633e-05,0.0075544997,7.0480488e-06,7.7303935e-09
0.10093083,3.6099784e-06,4.4583557e-05,0.0072202597,6.9737744e-06,1.006756e-08
0.10098992,3.5774955e-06,4.4850773e-05,0.0073565183,6.9132808e-06,8.3957004e-09
0.10104862,3.5448735e-06,4.5148005e-05,0.006793728,6.8545274e-06,9.9140899e-09
0.10110698,3.5092569e-06,4.5438211e-05,0.0072043986,6.7924868e-06,8.1723502e-09
0.10116501,3.4869884e-06,4.5943534e-05,0.0069052473,6.7594579e-06,1.0083402e-08
0.10122274,3.451561e-06,4.6297835e-05,0.0071360497,6.7032241e-06,7.9501814e-09
0.10128017,3.4277428e-06,4.6863287e-05,0.0066187744,6.6760357e-06,9.3479858e-09
0.10133735,3.3934264e-06,4.7304021e-05,0.0069912813,6.6284596e-06,7.821127e-09
0.10139426,3.37304e-06,4.7970249e-05,0.0065990791,6.6099068e-06,8.9410738e-09
0.10145093,3.3417386e-06,4.8513217e-05,0.0069972008,6.5710588e-06,7.9660812e-09
0.10150739,3.3253974e-06,4.9293163e-05,0.0063795809,6.5611908e-06,8.4945277e-09
0.10156362,3.2938618e-06,4.9901679e-05,0.0065903001,6.5248792e-06,9.8516775e-09
0.10161967,3.2783413e-06,5.0796002e-05,0.0062397695,6.5242953e-06,8.1709194e-09
0.10167551,3.2464288e-06,5.1457832e-05,0.0065312354,6.4890359e-06,9.4916214e-09
0.10173118,3.2343765e-06,5.2476299e-05,0.006011333,6.4953366e-06,7.739218e-09
0.10178667,3.205048e-06,5.3254029e-05,0.0064473677,6.4660384e-06,8.9563e-09
0.1018444,3.1864845e-06,5.4333023e-05,0.0060043888,6.4602837e-06,7.8461129e-09
0.10189956,3.164103e-06,5.5300431e-05,0.0061536706,6.4409315e-06,8.4006192e-09
0.10195458,3.1492648e-06,5.648805e-05,0.0058654488,6.439472e-06,9.7334855e-09
0.10200943,3.1270784e-06,5.7548901e-05,0.006247373,6.4163885e-06,7.4968397e-09
0.10206416,3.1135837e-06,5.8845938e-05,0.0058859715,6.4123758e-06,8.9980859e-09
0.10211873,3.0915179e-06,6.0025234e-05,0.006222348,6.3867315e-06,7.9285063e-09
0.10217318,3.0787221e-06,6.1455122e-05,0.0059356435,6.3801484e-06,8.113258e-09
0.10222747,3.0577876e-06,6.2765003e-05,0.0061164202,6.3506811e-06,8.9621208e-09
0.10228164,3.0498728e-06,6.4416417e-05,0.0058008367,6.3471054e-06,7.9709148e-09
0.10233568,3.0290509e-06,6.585246e-05,0.0063283133,6.3131289e-06,7.9847232e-09
0.10238958,3.0184145e-06,6.7610129e-05,0.0057539245,6.2994636e-06,8.9728047e-09
0.10244336,3.0013078e-06,6.9302988e-05,0.0062800058,6.2683515e-06,1.0037716e-08
0.102497,2.9936533e-06,7.1253373e-05,0.0059944436,6.2507272e-06,7.5866559e-09
0.10255052,2.9714912e-06,7.3157249e-05,0.0063035378,6.2172914e-06,8.9667248e-09
0.10260391,2.9657532e-06,7.5482798e-05,0.0058682341,6.2063677e-06,8.0133359e-09
0.10265718,2.9480431e-06,7.7646726e-05,0.0061329496,6.1702414e-06,7.6793167e-09
0.10271263,2.9383998e-06,8.0293015e-05,0.0058492882,6.1491708e-06,8.1998889e-09
0.10276565,2.9252318e-06,8.2902815e-05,0.006166128,6.1190569e-06,9.1857879e-09
0.10281855,2.916417e-06,8.580672e-05,0.0058708056,6.0965594e-06,7.8888205e-09
0.10287134,2.9032302e-06,8.8781985e-05,0.006295455,6.065098e-06,8.0073112e-09
0.10292402,2.8943031e-06,9.2119631e-05,0.0058685752,6.0379735e-06,9.0444667e-09
0.10297661,2.8853287e-06,9.570313e-05,0.0060803833,6.0127331e-06,6.4286729e-09
0.10302909,2.870946e-06,9.9345173e-05,0.0059784802,5.9763634e-06,7.2402073e-09
0.1030815,2.8680674e-06,0.00010369201,0.0058690571,5.960698e-06,8.2066639e-09
0.10313381,2.8539264e-06,0.00010801438,0.0061405317,5.9234238e-06,9.2310923e-09
0.10318607,2.8563246e-06,0.00011330609,0.0058926835,5.9178172e-06,7.9750102e-09
0.10323827,2.8402141e-06,0.00011830278,0.0063082893,5.8771011e-06,7.690863e-09
0.1032904,2.8421797e-06,0.00012445067,0.0058276,5.871888e-06,7.9363891e-09
0.10334249,2.8320695e-06,0.00013055166,0.0061644861,5.8413973e-06,8.5660973e-09
0.10339451,2.8285126e-06,0.00013740274,0.0058835537,5.8228395e-06,9.2977805e-09
0.10344651,2.817694e-06,0.00014428254,0.0061695261,5.7900119e-06,9.9467062e-09
0.10349847,2.8136836e-06,0.0001515985,0.0060772241,5.7694859e-06,6.8537669e-09
0.10355039,2.8095877e-06,0.00015880964,0.0058535191,5.7500747e-06,7.5698392e-09
0.10360454,2.79749e-06,0.0001656378,0.0059502362,5.7125219e-06,8.4283023e-09
0.10365643,2.8019732e-06,0.00017268414,0.0059555347,5.7097545e-06,9.1856689e-09
0.10370827,2.7889859e-06,0.00017795993,0.0062696423,5.6701806e-06,9.7726762e-09
0.10376012,2.794928e-06,0.00018340296,0.0057885036,5.6707938e-06,8.0207146e-09
0.10381194,2.7802792e-06,0.00018631117,0.0061802836,5.6284366e-06,8.1517516e-09
0.10386372,2.7763466e-06,0.00018829603,0.0058545067,5.6079682e-06,8.5741962e-09
0.10391551,2.7718494e-06,0.00018834893,0.0062014185,5.5868207e-06,6.5515787e-09
0.1039673,2.7673044e-06,0.00018600026,0.0060931179,5.5653393e-06,7.7007818e-09
0.10401909,2.7626704e-06,0.00018197582,0.006107061,5.5446139e-06,7.9111763e-09
0.10407087,2.7582986e-06,0.00017656598,0.0061866481,5.5239569e-06,7.8539575e-09
0.10412266,2.753496e-06,0.00017041689,0.0060157911,5.503167e-06,7.8283073e-09
0.10417445,2.7495726e-06,0.00016367646,0.0062735346,5.4826569e-06,9.1024389e-09
0.10422624,2.7454736e-06,0.00015663548,0.0058315962,5.4619692e-06,7.7577569e-09
0.10427803,2.7415825e-06,0.00014950152,0.0065169293,5.4410537e-06,8.4140828e-09
0.10432981,2.7373087e-06,0.00014246979,0.0060290034,5.4199899e-06,9.9721802e-09
0.10438174,2.7451771e-06,0.00013648014,0.0062731846,5.4228561e-06,7.7755752e-09
0.10443602,2.7423246e-06,0.00013006682,0.0061435479,5.4029201e-06,8.8716992e-09
0.10448809,2.740849e-06,0.00012444962,0.006233097,5.3864724e-06,7.8520854e-09
0.10454017,2.7366763e-06,0.00011912787,0.0065080057,5.3636184e-06,7.8694298e-09
0.10459231,2.7387294e-06,0.00011441159,0.0062303654,5.3521094e-06,9.0153946e-09
0.10464447,2.7336602e-06,0.00010971332,0.0066233086,5.3261134e-06,7.9121057e-09
0.10469668,2.7377818e-06,0.00010574031,0.0060109496,5.3176607e-06,7.9412115e-09
0.10474892,2.7334334e-06,0.0001017145,0.006437516,5.2932295e-06,8.9934253e-09
0.10480121,2.7354674e-06,9.8190579e-05,0.0061324377,5.281619e-06,7.7588414e-09
0.10485355,2.7344908e-06,9.4785981e-05,0.0063425906,5.2648543e-06,8.3450583e-09
0.10490592,2.7342526e-06,9.1591989e-05,0.0062990828,5.2477592e-06,1.003239e-08
0.10495835,2.73674e-06,8.8707432e-05,0.0061937775,5.2366865e-06,8.3482919e-09
0.10501081,2.7338242e-06,8.5823783e-05,0.0064634256,5.2142631e-06,7.9406778e-09
0.10506333,2.7383646e-06,8.3377699e-05,0.0060773774,5.2073842e-06,7.7950201e-09
0.1051159,2.7344983e-06,8.0811293e-05,0.0063337412,5.1845104e-06,8.9043359e-09
0.10516852,2.7400156e-06,7.8653629e-05,0.006044994,5.1797879e-06,9.9283836e-09
0.10522119,2.7395244e-06,7.6438716e-05,0.0063649509,5.1629456e-06,7.4872063e-09
0.10527392,2.7426378e-06,7.4430845e-05,0.0061651523,5.1529307e-06,7.8077856e-09
0.10532901,2.7440055e-06,7.2404213e-05,0.0063152063,5.1397832e-06,8.6202242e-09
0.10538186,2.7475289e-06,7.0583193e-05,0.0061872497,5.1307204e-06,9.4767974e-09
0.10543479,2.7510716e-06,6.8879443e-05,0.0062108678,5.1237136e-06,7.7628851e-09
0.10548777,2.7515999e-06,6.7186143e-05,0.0064063139,5.1116393e-06,7.5937001e-09
0.10554083,2.7571517e-06,6.5705292e-05,0.0061618379,5.1102992e-06,8.3187673e-09
0.10559395,2.7566987e-06,6.4132874e-05,0.006546455,5.0955586e-06,9.0769753e-09
0.10564715,2.7640164e-06,6.2823121e-05,0.0061604468,5.0979813e-06,9.8066187e-09
0.10570043,2.7643976e-06,6.1426006e-05,0.0064447008,5.0882869e-06,7.6862111e-09
0.10575379,2.7695304e-06,6.0200952e-05,0.0062799617,5.0885424e-06,7.7442112e-09
0.10580723,2.7736857e-06,5.9008385e-05,0.0064463869,5.0876745e-06,8.1570386e-09
0.10586076,2.7765301e-06,5.7824318e-05,0.0064330888,5.084602e-06,8.5206472e-09
0.10591438,2.783584e-06,5.6773067e-05,0.0064399545,5.0896054e-06,8.8947053e-09
0.10596809,2.7836581e-06,5.5639537e-05,0.0065910372,5.0838469e-06,9.4472628e-09
0.10602191,2.7925198e-06,5.4716679e-05,0.0062340125,5.0939668e-06,7.9591148e-09
0.10607582,2.7935906e-06,5.3687319e-05,0.0066013227,5.0894745e-06,7.8676232e-09
0.10612984,2.8017105e-06,5.2840602e-05,0.0063214366,5.0993289e-06,7.9440447e-09
0.10618632,2.8054679e-06,5.1891842e-05,0.0067019257,5.1003439e-06,8.1359658e-09
0.10624057,2.8138115e-06,5.1109737e-05,0.0065100823,5.1105388e-06,8.5145113e-09
0.10629494,2.8191981e-06,5.0342034e-05,0.0066852877,5.1184975e-06,9.1083448e-09
0.10634942,2.8249542e-06,4.9585804e-05,0.0066500335,5.1253967e-06,7.8755846e-09
0.10640404,2.8325843e-06,4.891869e-05,0.0066929728,5.138656e-06,7.7052186e-09
0.10645878,2.83494e-06,4.8179388e-05,0.0069029772,5.1410191e-06,7.7286884e-09
0.10651366,2.8450074e-06,4.7606e-05,0.0064497617,5.1580251e-06,8.5857773e-09
0.10656868,2.8470329e-06,4.6926383e-05,0.006872165,5.1613442e-06,9.120229e-09
0.10662384,2.8566488e-06,4.6409075e-05,0.0065886704,5.1790287e-06,7.8647676e-09
0.10667915,2.8630249e-06,4.5865773e-05,0.0068077332,5.1900821e-06,7.7720204e-09
0.10673461,2.8702917e-06,4.5350166e-05,0.0067416441,5.201466e-06,8.7640233e-09
0.10679022,2.8801642e-06,4.4904978e-05,0.0067590922,5.2219676e-06,9.9720238e-09
0.10684598,2.885177e-06,4.4406856e-05,0.0068035783,5.2289123e-06,8.3484614e-09
0.10690192,2.8968117e-06,4.4029746e-05,0.0067071923,5.2482039e-06,9.4732475e-09
0.10695801,2.9012455e-06,4.3571973e-05,0.0068285849,5.2544338e-06,8.2136582e-09
0.10701428,2.910675e-06,4.3268773e-05,0.006658492,5.2762003e-06,9.1337375e-09
0.10707072,2.9245895e-06,4.2892526e-05,0.0069660094,5.2890817e-06,7.9540941e-09
0.10712979,2.9346537e-06,4.2564719e-05,0.0066525625,5.3074953e-06,8.6594307e-09
0.1071866,2.9425962e-06,4.224784e-05,0.0069860128,5.3235694e-06,7.7826162e-09
0.10724358,2.9508747e-06,4.1960836e-05,0.0069482706,5.3406333e-06,7.8391175e-09
0.10730075,2.9618886e-06,4.1736945e-05,0.0067595433,5.3634735e-06,7.5470133e-09
0.10735811,2.967208e-06,4.1453625e-05,0.0070992016,5.3761196e-06,7.8244214e-09
0.10741566,2.9782665e-06,4.1279221e-05,0.0067073881,5.4019486e-06,9.1574756e-09
0.1074734,2.9844381e-06,4.1025276e-05,0.0068532526,5.415922e-06,7.9399033e-09
0.10753134,2.9971506e-06,4.0884464e-05,0.0066780279,5.4438035e-06,7.7192848e-09
0.10758949,3.0054136e-06,4.0708272e-05,0.0067953378,5.463885e-06,9.4596333e-09
0.10764784,3.0144888e-06,4.0552833e-05,0.006697358,5.485772e-06,8.2021727e-09
0.1077064,3.0257006e-06,4.0441294e-05,0.0068693602,5.5121187e-06,7.5506898e-09
0.10776516,3.0311111e-06,4.0277611e-05,0.0067952579,5.5299383e-06,9.320232e-09
0.10782415,3.0432461e-06,4.0210361e-05,0.0066805863,5.560127e-06,7.8502274e-09
0.10788334,3.0489403e-06,4.006357e-05,0.0068835391,5.5761651e-06,1.0102112e-08
0.10794275,3.0629476e-06,4.0047979e-05,0.006695591,5.6099758e-06,8.8707132e-09
0.10800239,3.0700578e-06,3.9959951e-05,0.0069810115,5.6317275e-06,7.7350625e-09
0.10806484,3.0807202e-06,3.9927714e-05,0.0067562088,5.6620798e-06,7.5958193e-09
0.10812492,3.0876057e-06,3.9879501e-05,0.0068984052,5.6879274e-06,9.7404326e-09
0.10818521,3.0954055e-06,3.9850897e-05,0.0070208958,5.7154764e-06,8.7331141e-09
0.10824574,3.1051983e-06,3.987243e-05,0.0068901996,5.7482151e-06,7.8377885e-09
0.10830648,3.1110424e-06,3.9834767e-05,0.0072206638,5.7708541e-06,7.491017e-09
0.10836745,3.1215298e-06,3.9899475e-05,0.0068329551,5.8073949e-06,7.377152e-09
0.10842864,3.125788e-06,3.9891473e-05,0.0070306075,5.8321092e-06,7.4204206e-09
0.10849005,3.1369132e-06,3.9982851e-05,0.0068718773,5.870489e-06,7.5579693e-09
0.10855169,3.1436118e-06,4.0029018e-05,0.0070142085,5.8997763e-06,9.2801478e-09
0.10861355,3.1511831e-06,4.0097554e-05,0.0069672077,5.9325335e-06,7.0418462e-09
0.10867564,3.1605074e-06,4.0193596e-05,0.0068288306,5.9670794e-06,9.3742372e-09
0.10873796,3.1656378e-06,4.0244107e-05,0.0070209862,5.9942929e-06,7.1870064e-09
0.10880052,3.1769542e-06,4.0394078e-05,0.0067925118,6.035078e-06,8.2809189e-09
0.10886332,3.1801705e-06,4.0452293e-05,0.0071156478,6.0605396e-06,7.7719656e-09
0.10892636,3.1893416e-06,4.0630819e-05,0.0068240203,6.1033633e-06,7.685879e-09
0.10898963,3.1987813e-06,4.0739888e-05,0.0069874812,6.137021e-06,9.3173666e-09
0.10905315,3.2056385e-06,4.0900285e-05,0.0068560142,6.1759809e-06,7.6389551e-09
0.10911969,3.2110648e-06,4.1067677e-05,0.0069238265,6.2145841e-06,9.2865809e-09
0.10918369,3.2175271e-06,4.1261284e-05,0.0068107587,6.2553489e-06,7.7270507e-09
0.10924795,3.224489e-06,4.1470035e-05,0.00678495,6.2974137e-06,9.5766489e-09
0.10931243,3.2274024e-06,4.1641442e-05,0.0067801334,6.3320072e-06,8.0016768e-09
0.10937717,3.2364128e-06,4.1909178e-05,0.0066969067,6.3799766e-06,7.865163e-09
0.10944214,3.2370567e-06,4.2079329e-05,0.0068522059,6.4125594e-06,8.9386202e-09
0.10950736,3.2468672e-06,4.2398805e-05,0.0067086859,6.466297e-06,9.4237688e-09
0.10957283,3.2506157e-06,4.2640918e-05,0.0069499977,6.5055466e-06,7.9222631e-09
0.10963854,3.2592494e-06,4.2976776e-05,0.0067999281,6.5557924e-06,7.7942796e-09
0.10970451,3.2653871e-06,4.3298636e-05,0.0068471795,6.6011069e-06,9.3292826e-09
0.10977072,3.2706378e-06,4.3630944e-05,0.0069496991,6.6452521e-06,9.9137284e-09
0.10983719,3.2804264e-06,4.4049761e-05,0.0067740415,6.69785e-06,9.7074916e-09
0.10990391,3.2833068e-06,4.4400173e-05,0.0070305608,6.7358222e-06,9.6283909e-09
0.10997091,3.2951888e-06,4.4901875e-05,0.0066926035,6.7943461e-06,9.501453e-09
0.11003816,3.2967904e-06,4.529254e-05,0.0069385707,6.8330857e-06,9.2190369e-09
0.11010568,3.3107679e-06,4.5868741e-05,0.0068776558,6.8948991e-06,9.2208963e-09
0.11017643,3.3138857e-06,4.636297e-05,0.0069480278,6.9372104e-06,9.2894403e-09
0.1102445,3.3272159e-06,4.7035836e-05,0.0068555442,7.0018196e-06,9.3012234e-09
0.11031286,3.3324872e-06,4.7625606e-05,0.0071509701,7.0495704e-06,9.2329802e-09
0.11038148,3.3432933e-06,4.8322975e-05,0.0069391764,7.1095972e-06,9.3614002e-09
0.1104504,3.3520606e-06,4.9029954e-05,0.0071226269,7.1653303e-06,9.3639906e-09
0.11051958,3.3591718e-06,4.9744121e-05,0.007118618,7.216414e-06,9.2026504e-09
0.11058907,3.3719652e-06,5.0591958e-05,0.0072946346,7.2815418e-06,9.0038785e-09
0.11065882,3.3753414e-06,5.1357289e-05,0.0073925518,7.3293481e-06,8.7440869e-09
0.11072888,3.3911156e-06,5.2347733e-05,0.007284705,7.4013187e-06,8.4617956e-09
0.11079921,3.3956886e-06,5.3223182e-05,0.0073146162,7.4476173e-06,8.0126433e-09
0.11086984,3.412552e-06,5.4358625e-05,0.0073354558,7.5221894e-06,7.8775299e-09
0.11094076,3.4170958e-06,5.5371729e-05,0.0076202487,7.5702497e-06,7.6288325e-09
0.11101197,3.4344034e-06,5.6653137e-05,0.0076268967,7.6454792e-06,7.4586481e-09
0.11108348,3.443153e-06,5.7884987e-05,0.0075565583,7.7011195e-06,7.3675819e-09
0.11115527,3.4592793e-06,5.9286094e-05,0.0074996032,7.7691753e-06,7.5703707e-09
0.11122737,3.4724636e-06,6.0747159e-05,0.0076866094,7.8327628e-06,7.5979591e-09
0.11129975,3.4857902e-06,6.230799e-05,0.0075374356,7.8946404e-06,7.4237229e-09
0.11137562,3.5022227e-06,6.4088541e-05,0.0078152549,7.9621298e-06,7.5791089e-09
0.11144862,3.519527e-06,6.5952689e-05,0.0075467733,8.0283387e-06,8.2915098e-09
0.11152193,3.538415e-06,6.7974029e-05,0.0078531239,8.0947197e-06,8.7561806e-09
0.11159554,3.5550117e-06,7.0097761e-05,0.0077885123,8.1511601e-06,7.4442211e-09
0.11166945,3.5786393e-06,7.256978e-05,0.0081187684,8.2215074e-06,7.5469006e-09
0.11174365,3.5969819e-06,7.5140021e-05,0.0080023472,8.2745761e-06,7.4509714e-09
0.11181817,3.6249042e-06,7.8153399e-05,0.0078655364,8.3478746e-06,7.5169212e-09
0.11189299,3.6447742e-06,8.1259989e-05,0.0082829941,8.3984647e-06,7.1918782e-09
0.11196815,3.6780839e-06,8.4977056e-05,0.0083346401,8.4737075e-06,7.7953988e-09
0.11204363,3.6996841e-06,8.8813554e-05,0.0082413056,8.5193195e-06,8.2229477e-09
0.11211946,3.7388533e-06,9.3530328e-05,0.0083389904,8.6016197e-06,7.3469798e-09
0.11219563,3.7635246e-06,9.8450884e-05,0.0087519824,8.6462019e-06,8.4161236e-09
0.11227217,3.8083623e-06,0.00010450468,0.0082847572,8.7266621e-06,9.5206427e-09
0.11234909,3.8389597e-06,0.00011102261,0.0087572222,8.7709543e-06,7.3152737e-09
0.11242641,3.8885392e-06,0.00011901112,0.0085054681,8.8485822e-06,1.041534e-08
0.11250414,3.9270691e-06,0.00012783702,0.0087140037,8.8944721e-06,7.3632794e-09
0.11258231,3.9838396e-06,0.00013869232,0.0086525422,8.9720804e-06,1.063668e-08
0.11266436,4.0315757e-06,0.00015153126,0.0089658039,9.0185668e-06,9.6287685e-09
0.11274347,4.0971759e-06,0.00016672008,0.0090061616,9.0939942e-06,9.2941239e-09
0.11282307,4.1487747e-06,0.00018381732,0.0092605067,9.1294942e-06,1.0250145e-08
0.11290319,4.222296e-06,0.00020447629,0.0089957432,9.2020356e-06,1.0436111e-08
0.11298381,4.2821726e-06,0.00022702401,0.0094676918,9.2354906e-06,8.0126851e-09
0.11306498,4.3633007e-06,0.00025118491,0.00949226,9.3029645e-06,1.1136562e-08
0.11314616,4.3624258e-06,0.00026746883,0.0096566979,9.1927647e-06,9.912464e-09
0.11322624,4.3426635e-06,0.00027502639,0.0091512136,9.0474795e-06,9.4400566e-09
0.11330518,4.3268826e-06,0.00027170169,0.009103793,8.9097828e-06,6.9316688e-09
0.11338301,4.3109412e-06,0.00026030556,0.0091149399,8.7739711e-06,9.5492548e-09
0.11345978,4.2933746e-06,0.00024410317,0.0090832029,8.6378086e-06,9.225175e-09
0.1135355,4.2793981e-06,0.00022557229,0.0087779357,8.5126288e-06,8.3388385e-09
0.1136102,4.2606801e-06,0.00020619596,0.0088431298,8.3884152e-06,7.1421975e-09
0.11368391,4.2426818e-06,0.00018762216,0.008578079,8.26993e-06,8.1726193e-09
0.11375668,4.2232032e-06,0.00017110052,0.0084434405,8.1570928e-06,8.1453566e-09
0.11382852,4.2020152e-06,0.00015672341,0.0088180916,8.0485929e-06,1.0231897e-08
0.11390253,4.180542e-06,0.00014380894,0.0083813137,7.9465037e-06,7.6118317e-09
0.11397259,4.1604014e-06,0.0001332149,0.0083914035,7.8583137e-06,9.2026872e-09
0.11404185,4.1386216e-06,0.00012400159,0.0080141656,7.7777794e-06,8.6376009e-09
0.11411034,4.1161977e-06,0.00011591992,0.0084333744,7.70331e-06,7.7924104e-09
0.11417813,4.0939455e-06,0.00010884204,0.0080556728,7.6378271e-06,8.1644496e-09
0.11424523,4.070804e-06,0.00010256516,0.0083324494,7.57611e-06,1.0216869e-08
0.11431171,4.0470617e-06,9.6941637e-05,0.0079733586,7.5181426e-06,9.416696e-09
0.11437757,4.0254761e-06,9.193875e-05,0.0079399706,7.4668145e-06,7.435289e-09
0.11444288,4.0040579e-06,8.7458962e-05,0.0075410451,7.4199264e-06,7.5449304e-09
0.11450769,3.9849707e-06,8.3438421e-05,0.0075264936,7.3794845e-06,6.8124893e-09
0.11457205,3.9681312e-06,7.9782486e-05,0.0075552124,7.3425049e-06,8.6610091e-09
0.11463598,3.9524211e-06,7.6430127e-05,0.0074097202,7.3084065e-06,7.5181726e-09
0.11469951,3.9344227e-06,7.3330609e-05,0.0072546366,7.2738292e-06,1.0125142e-08
0.11476269,3.9190132e-06,7.0527308e-05,0.0073372356,7.2461162e-06,8.6167059e-09
0.11482555,3.9048608e-06,6.7963587e-05,0.0072111633,7.2240325e-06,7.1684568e-09
0.11488814,3.8892541e-06,6.5593164e-05,0.0072027758,7.2032443e-06,9.10576e-09
0.11495049,3.8757605e-06,6.3423246e-05,0.0071616166,7.1870484e-06,7.1557215e-09
0.11501534,3.8623308e-06,6.1330718e-05,0.0071275866,7.1723865e-06,7.7701991e-09
0.11507731,3.8498632e-06,5.9477433e-05,0.006896988,7.1611243e-06,8.8399395e-09
0.11513915,3.8392631e-06,5.7790867e-05,0.0066221795,7.1548185e-06,1.0223666e-08
0.1152009,3.8309831e-06,5.6273362e-05,0.006719206,7.1549444e-06,9.7345004e-09
0.11526258,3.8231736e-06,5.4872091e-05,0.0066585931,7.1581503e-06,1.0072244e-08
0.11532422,3.817039e-06,5.3598717e-05,0.0067949552,7.1659243e-06,1.0089317e-08
0.11538586,3.8106804e-06,5.242315e-05,0.0067107056,7.1754599e-06,9.9292042e-09
0.11544754,3.8064085e-06,5.1374239e-05,0.0070953661,7.1903955e-06,8.4190691e-09
0.11550929,3.8064544e-06,5.0419319e-05,0.0069140357,7.208811e-06,7.5052236e-09
0.11557113,3.8055676e-06,4.9564256e-05,0.0069868632,7.2301683e-06,8.3584459e-09
0.11563311,3.8077324e-06,4.8796376e-05,0.006848262,7.2552744e-06,9.7695549e-09
0.11569525,3.8112793e-06,4.8112691e-05,0.0072466387,7.2841153e-06,9.9701416e-09
0.1157576,3.8152615e-06,4.7497969e-05,0.0072958268,7.3133974e-06,9.7872742e-09
0.11582018,3.8207794e-06,4.6961188e-05,0.0074220815,7.3469725e-06,9.9960329e-09
0.11588302,3.8297388e-06,4.6517431e-05,0.0071846849,7.3867877e-06,8.4939813e-09
0.11594616,3.83957e-06,4.6138912e-05,0.0072679183,7.4301005e-06,7.4945811e-09
0.1160124,3.8516637e-06,4.5806365e-05,0.0072777209,7.4811813e-06,8.6832273e-09
0.11607624,3.8607793e-06,4.5529226e-05,0.0076177651,7.5341443e-06,8.5738107e-09
0.11614048,3.8737419e-06,4.5323651e-05,0.0074564786,7.5946025e-06,7.3063401e-09
0.11620515,3.8883272e-06,4.5181288e-05,0.0072305168,7.6604486e-06,8.9480696e-09
0.11627028,3.9055441e-06,4.5105771e-05,0.0073592822,7.7341483e-06,7.8163927e-09
0.11633591,3.9248505e-06,4.5081814e-05,0.0073794774,7.8123343e-06,9.0354536e-09
0.11640206,3.9433423e-06,4.5065641e-05,0.007525098,7.8915619e-06,7.9931053e-09
0.11646877,3.9656454e-06,4.5126644e-05,0.0074407834,7.9786146e-06,7.7906751e-09
0.11653607,3.9897452e-06,4.5236861e-05,0.0073893337,8.0720181e-06,8.3247295e-09
0.11660401,4.0153306e-06,4.5408208e-05,0.0076255486,8.1715766e-06,7.8194469e-09
0.11667261,4.0467078e-06,4.5665369e-05,0.007552871,8.280191e-06,9.1341418e-09
0.11674192,4.0763749e-06,4.5939697e-05,0.0076669036,8.3848772e-06,7.8993509e-09
0.11681197,4.1106638e-06,4.6308328e-05,0.0078387492,8.4976325e-06,1.0144407e-08
0.11688278,4.1443298e-06,4.6710317e-05,0.0078212263,8.6060646e-06,9.3745936e-09
0.11695443,4.1836869e-06,4.7216563e-05,0.0078806447,8.7213496e-06,8.8424154e-09
0.11702695,4.2247116e-06,4.7779838e-05,0.0079838824,8.8343407e-06,8.4149476e-09
0.11710035,4.2662914e-06,4.8404355e-05,0.0080363795,8.9450479e-06,8.1117507e-09
0.11717737,4.2293473e-06,4.8189701e-05,0.0082527333,8.8829387e-06,7.8533026e-09
0.11725049,4.1848409e-06,4.7927492e-05,0.008024638,8.7998033e-06,8.0288681e-09
0.11732291,4.1233719e-06,4.749624e-05,0.0080214277,8.6741743e-06,9.2753566e-09
0.11739466,4.0811603e-06,4.7327916e-05,0.0078659193,8.5865018e-06,8.4613806e-09
0.11746573,4.026933e-06,4.7026252e-05,0.0078327957,8.4660438e-06,7.9904976e-09
0.11753617,3.9826446e-06,4.6870427e-05,0.0077965093,8.36458e-06,9.9824416e-09
0.11760595,3.9355881e-06,4.6713564e-05,0.0073668973,8.2568588e-06,9.3270375e-09
0.11767514,3.8896417e-06,4.6599678e-05,0.0076867156,8.1501903e-06,8.1289638e-09
0.11774371,3.8474079e-06,4.6602729e-05,0.0073465698,8.0580914e-06,7.1062654e-09
0.11781172,3.7989283e-06,4.6542672e-05,0.0075011782,7.948714e-06,1.0096985e-08
0.11787917,3.7638863e-06,4.6692113e-05,0.0072694118,7.8682658e-06,8.7991378e-09
0.11794609,3.7177112e-06,4.6744294e-05,0.007581884,7.7632553e-06,7.5250843e-09
0.11801252,3.6863849e-06,4.7053158e-05,0.0073526004,7.6933092e-06,9.2141114e-09
0.11807846,3.6415085e-06,4.722798e-05,0.0073957464,7.5940533e-06,9.3405872e-09
0.11814395,3.6113162e-06,4.7663725e-05,0.0069193853,7.5286217e-06,8.1659877e-09
0.118209,3.5691649e-06,4.8003775e-05,0.0069420945,7.4398786e-06,9.7330508e-09
0.11827645,3.5337375e-06,4.8540101e-05,0.0069019728,7.3684906e-06,8.0679195e-09
0.11834068,3.4990304e-06,4.9109872e-05,0.0067978031,7.3005792e-06,8.1481436e-09
0.11840456,3.4604814e-06,4.9697096e-05,0.0068138159,7.2290814e-06,8.1383228e-09
0.11846808,3.4299756e-06,5.0453369e-05,0.0066345588,7.1770339e-06,9.7720168e-09
0.11853127,3.3912091e-06,5.1135926e-05,0.0067588796,7.1097885e-06,7.8160847e-09
0.11859415,3.362637e-06,5.2038393e-05,0.0063121546,7.0707929e-06,9.7906376e-09
0.11865673,3.322772e-06,5.2833894e-05,0.0063869678,7.0143287e-06,7.9842703e-09
0.11871902,3.2972495e-06,5.3924109e-05,0.0059927211,6.996338e-06,8.919888e-09
0.11878105,3.2597752e-06,5.4887544e-05,0.0063409408,6.9580813e-06,6.7431388e-09
0.11884282,3.2358455e-06,5.6126594e-05,0.0059068922,6.9525606e-06,8.3049268e-09
0.11890434,3.201181e-06,5.7242379e-05,0.0064807215,6.9237873e-06,9.9162115e-09
0.11896563,3.1793689e-06,5.8654316e-05,0.005873502,6.9266383e-06,8.056269e-09
0.11902668,3.1466128e-06,5.9895877e-05,0.0061283394,6.9016376e-06,9.1482551e-09
0.11908752,3.1286107e-06,6.1486728e-05,0.0058202625,6.9081502e-06,7.7749064e-09
0.11914814,3.0986497e-06,6.2887974e-05,0.0060336471,6.8851738e-06,8.6072258e-09
0.11920856,3.0831234e-06,6.4640146e-05,0.0056647486,6.8911003e-06,6.5646141e-09
0.11926879,3.0581235e-06,6.6236014e-05,0.00604278,6.8729461e-06,8.0505075e-09
0.11933145,3.0456023e-06,6.826211e-05,0.0057366195,6.8783399e-06,1.0000756e-08
0.11939129,3.0229012e-06,7.0051533e-05,0.0059593113,6.856828e-06,7.7594691e-09
0.11945096,3.0126738e-06,7.2202527e-05,0.0059412933,6.8578743e-06,8.6481752e-09
0.11951043,2.9927875e-06,7.4210832e-05,0.0059935435,6.8320132e-06,9.8605214e-09
0.11956973,2.9830025e-06,7.6603254e-05,0.0058224686,6.8292645e-06,7.8355432e-09
0.11962885,2.9632709e-06,7.8861221e-05,0.0059291459,6.8009322e-06,8.6261691e-09
0.1196878,2.9557777e-06,8.1592793e-05,0.0056847012,6.7995504e-06,9.9728371e-09
0.11974657,2.938262e-06,8.4170305e-05,0.0060066079,6.7702231e-06,7.647952e-09
0.11980517,2.9318934e-06,8.7266848e-05,0.0055128956,6.7663129e-06,9.0379828e-09
0.11986361,2.9159484e-06,9.0264603e-05,0.0062264544,6.7367839e-06,8.0132812e-09
0.11992189,2.9118772e-06,9.3837418e-05,0.0055995278,6.7325385e-06,7.8331176e-09
0.11997999,2.8963158e-06,9.7342106e-05,0.005861691,6.702486e-06,8.4397825e-09
0.12003793,2.8929425e-06,0.00010153295,0.0056546365,6.6982375e-06,9.3994255e-09
0.12009571,2.8796272e-06,0.00010569617,0.0059357924,6.6690711e-06,6.7869094e-09
0.12015333,2.8763102e-06,0.00011054487,0.0055309059,6.6632509e-06,7.9784723e-09
0.1202108,2.8632116e-06,0.00011541729,0.0057622219,6.6331932e-06,9.1590806e-09
0.12027059,2.858712e-06,0.00012132319,0.0056001324,6.6208424e-06,8.0063238e-09
0.12032773,2.8484381e-06,0.00012715599,0.0060710913,6.5914903e-06,7.8825917e-09
0.12038472,2.8462182e-06,0.00013384889,0.0057689211,6.5763462e-06,8.3874035e-09
0.12044156,2.8357212e-06,0.00014058859,0.0060777679,6.5444462e-06,9.3427761e-09
0.12049825,2.8314955e-06,0.00014810031,0.0057166479,6.526443e-06,7.1599633e-09
0.12055481,2.8240593e-06,0.0001555406,0.0059304551,6.4978365e-06,8.6559076e-09
0.1206112,2.8183837e-06,0.00016299435,0.0056164972,6.4745497e-06,8.0520834e-09
0.12066748,2.8116877e-06,0.00017008882,0.0058087765,6.4464737e-06,9.5620521e-09
0.1207236,2.8046907e-06,0.00017648689,0.0056114177,6.4170499e-06,8.2663729e-09
0.1207796,2.8012503e-06,0.00018219999,0.0054678281,6.3933262e-06,7.8294706e-09
0.12083548,2.7925353e-06,0.00018638265,0.0058440007,6.3587081e-06,8.3939783e-09
0.12089123,2.7914371e-06,0.0001899054,0.0056420849,6.3409533e-06,9.9607968e-09
0.12094686,2.7808335e-06,0.00019099183,0.0059370495,6.3001622e-06,7.9383748e-09
0.12100239,2.7808137e-06,0.0001904562,0.0054592577,6.2842842e-06,9.4590764e-09
0.12105781,2.7716789e-06,0.0001864874,0.0057139924,6.2453646e-06,8.0108777e-09
0.12111314,2.7724783e-06,0.0001814239,0.0053820751,6.2271832e-06,8.5380101e-09
0.12116837,2.7616175e-06,0.00017446368,0.0058189389,6.1907253e-06,1.0036206e-08
0.1212259,2.7606449e-06,0.0001669433,0.0055854327,6.1685205e-06,7.999684e-09
0.12128097,2.7520861e-06,0.00015888858,0.0057858349,6.1310316e-06,9.2305166e-09
0.12133595,2.7525366e-06,0.0001512786,0.0054588736,6.1108679e-06,7.9009003e-09
0.12139087,2.7476848e-06,0.00014341982,0.0059053221,6.0798406e-06,8.1027185e-09
0.12144573,2.7460903e-06,0.00013619368,0.0055824013,6.0562348e-06,8.9639354e-09
0.12150053,2.7438942e-06,0.00012946155,0.005518911,6.0322195e-06,7.7939426e-09
0.12155528,2.7376033e-06,0.00012308856,0.0059485835,6.0012188e-06,7.7248102e-09
0.12161,2.7386881e-06,0.00011747614,0.0056904796,5.985694e-06,9.0277611e-09
0.12166467,2.7319307e-06,0.00011199536,0.0058969164,5.9540051e-06,7.8412343e-09
0.12171932,2.7342968e-06,0.00010730642,0.0056250372,5.9435939e-06,8.2037931e-09
0.12177395,2.7262881e-06,0.0001025846,0.0057751228,5.9088026e-06,9.1390485e-09
0.12182855,2.7288474e-06,9.8649408e-05,0.0054645526,5.8984729e-06,7.7319505e-09
0.12188313,2.7243228e-06,9.4755507e-05,0.0059492179,5.8719836e-06,8.4716367e-09
0.12193771,2.7243865e-06,9.1341634e-05,0.0056209137,5.858952e-06,9.8234346e-09
0.1219923,2.7230876e-06,8.8114017e-05,0.0057362233,5.8427655e-06,7.6176658e-09
0.12204687,2.721571e-06,8.5113191e-05,0.0057351749,5.8279461e-06,8.6907113e-09
0.12210146,2.7222561e-06,8.2376812e-05,0.0055652734,5.817347e-06,9.9332518e-09
0.12215842,2.7188941e-06,7.9610507e-05,0.0057977916,5.797156e-06,7.5827403e-09
0.12221304,2.7218535e-06,7.7314872e-05,0.0056344624,5.7915779e-06,8.3066021e-09
0.12226767,2.7185283e-06,7.4979668e-05,0.0058509009,5.7730887e-06,9.6120221e-09
0.12232233,2.7214135e-06,7.2966353e-05,0.0054184763,5.7687275e-06,7.5482271e-09
0.122377,2.7155354e-06,7.0849228e-05,0.0060140837,5.7466446e-06,7.6944514e-09
0.12243171,2.7213357e-06,6.9151145e-05,0.0053664664,5.7491831e-06,9.0333518e-09
0.12248646,2.7182548e-06,6.7333276e-05,0.0058179991,5.7335849e-06,7.7499523e-09
0.12254124,2.7225785e-06,6.5792054e-05,0.0055134065,5.7338307e-06,8.2053896e-09
0.12259606,2.7244127e-06,6.4269748e-05,0.0057907001,5.7294692e-06,8.9076803e-09
0.12265092,2.7243391e-06,6.2775069e-05,0.0055826326,5.7210705e-06,7.5212289e-09
0.12270583,2.7294489e-06,6.1473729e-05,0.005566898,5.725125e-06,7.639038e-09
0.12276077,2.7288561e-06,6.0134021e-05,0.0057162835,5.7237841e-06,8.4989992e-09
0.12281577,2.7336514e-06,5.8972762e-05,0.0056350982,5.7290886e-06,9.6021748e-09
0.12287081,2.7299026e-06,5.7705053e-05,0.0057832172,5.7176752e-06,7.7836329e-09
0.12292591,2.7339468e-06,5.667228e-05,0.0054645504,5.723933e-06,8.8591381e-09
0.12298106,2.732803e-06,5.5571661e-05,0.0056241513,5.7188535e-06,7.5658192e-09
0.12303867,2.7374908e-06,5.4602963e-05,0.005418605,5.7265075e-06,7.9485446e-09
0.12309394,2.7371091e-06,5.3600839e-05,0.0057388214,5.7216419e-06,8.9607952e-09
0.12314926,2.742447e-06,5.2764952e-05,0.0055930389,5.7300555e-06,7.7732369e-09
0.12320466,2.7450972e-06,5.1918022e-05,0.0058093147,5.7325412e-06,7.9699997e-09
0.12326011,2.7473773e-06,5.1106147e-05,0.005766289,5.7365561e-06,8.8045345e-09
0.12331563,2.7495745e-06,5.0328711e-05,0.0059370889,5.7413147e-06,9.5974981e-09
0.12337123,2.7497775e-06,4.951996e-05,0.0059913106,5.7389e-06,8.6123986e-09
0.1234269,2.7564794e-06,4.8873174e-05,0.0058132298,5.7514552e-06,9.1738461e-09
0.12348265,2.7563977e-06,4.8122126e-05,0.0060932497,5.7485029e-06,9.6750209e-09
0.12353848,2.7635942e-06,4.7537494e-05,0.0057237851,5.7621764e-06,8.1983923e-09
0.12359439,2.7670497e-06,4.6921758e-05,0.006092861,5.7686252e-06,8.4913703e-09
0.12365037,2.7707226e-06,4.632154e-05,0.0058437609,5.7758636e-06,9.3625582e-09
0.12370646,2.7747443e-06,4.5753762e-05,0.0058443934,5.7834736e-06,7.959608e-09
0.12376263,2.7786101e-06,4.521686e-05,0.0061299722,5.7926406e-06,9.1963677e-09
0.1238189,2.7853518e-06,4.4704179e-05,0.005838087,5.8022387e-06,7.6747407e-09
0.12387527,2.7845212e-06,4.4142371e-05,0.0061444163,5.80211e-06,9.4958068e-09
0.12393175,2.7934878e-06,4.3765239e-05,0.0058279558,5.8240778e-06,9.8186482e-09
0.12399079,2.7925394e-06,4.3238013e-05,0.0061119289,5.8251038e-06,8.2507289e-09
0.12404748,2.8028274e-06,4.2925787e-05,0.0057870131,5.8502023e-06,9.5529877e-09
0.12410428,2.801855e-06,4.2461617e-05,0.0061245675,5.850847e-06,8.136085e-09
0.12416119,2.8142677e-06,4.2214662e-05,0.0059015306,5.8786369e-06,9.8226796e-09
0.12421824,2.8210729e-06,4.19017e-05,0.006051883,5.8935722e-06,8.3173663e-09
0.1242754,2.8205549e-06,4.1499253e-05,0.0061248075,5.8942519e-06,7.5897264e-09
0.12433271,2.8357938e-06,4.1343193e-05,0.0059818522,5.9277748e-06,8.8660061e-09
0.12439015,2.8353317e-06,4.0981016e-05,0.0061912869,5.929341e-06,7.6393817e-09
0.12444772,2.8434074e-06,4.0761615e-05,0.0058791677,5.9499077e-06,9.1373479e-09
0.12450544,2.8426714e-06,4.0427614e-05,0.0060272215,5.9511979e-06,7.8697142e-09
0.12456329,2.8521334e-06,4.0249556e-05,0.0058931529,5.9749009e-06,9.7222997e-09
0.12462133,2.8628766e-06,4.0110107e-05,0.006155323,6.0002859e-06,7.8085412e-09
0.12467947,2.8753086e-06,4.0009579e-05,0.0061184491,6.0302926e-06,9.4270871e-09
0.12473782,2.8745121e-06,3.9740211e-05,0.006207055,6.0322635e-06,7.5001639e-09
0.12479621,2.8754361e-06,3.9478489e-05,0.0062802838,6.0345825e-06,8.5917013e-09
0.12485492,2.8909066e-06,3.9468829e-05,0.0060597378,6.0743417e-06,7.6631096e-09
0.12491618,2.8900501e-06,3.9222316e-05,0.0063064882,6.078142e-06,8.3280223e-09
0.12497506,2.9174477e-06,3.9383479e-05,0.0060015577,6.1417037e-06,7.9162337e-09
0.12503436,2.9162777e-06,3.9174129e-05,0.0062270465,6.1456546e-06,7.8993363e-09
0.12509365,2.9150804e-06,3.8981411e-05,0.006007994,6.149208e-06,7.5482056e-09
0.12515294,2.9145727e-06,3.8803665e-05,0.0061149306,6.1537631e-06,7.769566e-09
0.12521224,2.9136256e-06,3.8637407e-05,0.0061050078,6.1587443e-06,9.7044555e-09
0.12527199,2.942338e-06,3.8887693e-05,0.0059803753,6.2276892e-06,8.9064039e-09
0.12533195,2.9462103e-06,3.8822192e-05,0.0062021775,6.2443981e-06,8.4837323e-09
0.12539209,2.9564026e-06,3.8859559e-05,0.0060244294,6.2766215e-06,9.0741674e-09
0.12545241,2.9593633e-06,3.8807636e-05,0.0061564347,6.2921817e-06,9.2011898e-09
0.12551291,2.9706156e-06,3.8877918e-05,0.0059380873,6.3257213e-06,8.3104668e-09
0.1255736,2.9763697e-06,3.8884922e-05,0.0060871277,6.3465762e-06,7.074484e-09
0.12563447,2.9854041e-06,3.8950592e-05,0.0059548417,6.3743979e-06,9.9529616e-09
0.12569554,2.9945526e-06,3.9025371e-05,0.0061035125,6.4005518e-06,8.0091366e-09
0.1257568,2.9986012e-06,3.9079995e-05,0.0061535178,6.4218417e-06,7.9307499e-09
0.12581825,3.0116126e-06,3.9209916e-05,0.0060858361,6.453536e-06,7.54859e-09
0.1258799,3.0144653e-06,3.9273903e-05,0.0061868753,6.4722214e-06,7.6336814e-09
0.12594444,3.0265537e-06,3.9473108e-05,0.0059517162,6.5122377e-06,9.6549625e-09
0.12600649,3.0297714e-06,3.9562796e-05,0.0061434376,6.5305421e-06,8.5159437e-09
0.12606873,3.0411778e-06,3.9781873e-05,0.0057943143,6.5682304e-06,7.6958207e-09
0.12613117,3.0481655e-06,3.9942603e-05,0.0061166085,6.5952508e-06,7.5983607e-09
0.1261938,3.0575254e-06,4.0147856e-05,0.0058339161,6.6280336e-06,7.9322373e-09
0.12625663,3.0655555e-06,4.0348582e-05,0.0060739305,6.6584995e-06,9.3893286e-09
0.12631965,3.0717295e-06,4.0540573e-05,0.0058923976,6.6858203e-06,8.5999755e-09
0.12638288,3.0813e-06,4.0805401e-05,0.0060946809,6.7226436e-06,8.1454185e-09
0.12644629,3.0846208e-06,4.0997918e-05,0.0061027705,6.7455654e-06,7.7116839e-09
0.12650991,3.0951634e-06,4.1305835e-05,0.00599692,6.785759e-06,7.7030697e-09
0.12657373,3.0985709e-06,4.153825e-05,0.0059779745,6.8104088e-06,7.7416609e-09
0.12663775,3.108137e-06,4.1881141e-05,0.0059283644,6.8515083e-06,7.68543e-09
0.12670199,3.1135688e-06,4.2191385e-05,0.0059537775,6.8835368e-06,7.757998e-09
0.12676643,3.1222146e-06,4.2538523e-05,0.0059871697,6.9191621e-06,7.8375384e-09
0.12683109,3.1291575e-06,4.2914307e-05,0.0059305823,6.9553744e-06,9.3323024e-09
0.12689596,3.1337484e-06,4.3271577e-05,0.0060937829,6.9852509e-06,7.8439456e-09
0.12696389,3.1430358e-06,4.3748728e-05,0.0057686906,7.0292128e-06,7.665369e-09
0.1270292,3.1476806e-06,4.4177251e-05,0.0060024059,7.0616315e-06,7.5658532e-09
0.12709474,3.1577194e-06,4.4720795e-05,0.0057221428,7.1074878e-06,7.9132386e-09
0.12716049,3.1605347e-06,4.5180435e-05,0.0059875376,7.1345659e-06,7.7737575e-09
0.12722648,3.1739635e-06,4.5815759e-05,0.0057901502,7.1855194e-06,7.680868e-09
0.12729268,3.1795218e-06,4.63627e-05,0.0058602444,7.2172878e-06,7.5212363e-09
0.12735911,3.1899885e-06,4.7045406e-05,0.0059016899,7.2665373e-06,7.6453712e-09
0.12742577,3.1966197e-06,4.7688495e-05,0.0058960781,7.3039138e-06,9.4893553e-09
0.12749265,3.2060492e-06,4.8402455e-05,0.0059722326,7.3453381e-06,9.3804293e-09
0.12755978,3.2160364e-06,4.9181095e-05,0.006070203,7.38967e-06,8.5156748e-09
0.12762713,3.220741e-06,4.9913824e-05,0.0061624513,7.4225535e-06,7.7763551e-09
0.12769473,3.2342004e-06,5.0809357e-05,0.0060518182,7.4730275e-06,7.534779e-09
0.12776256,3.2381223e-06,5.1602263e-05,0.0063927341,7.5026466e-06,7.6783476e-09
0.12783065,3.2550762e-06,5.2635938e-05,0.0062101425,7.5609317e-06,9.3779435e-09
0.12789898,3.2608031e-06,5.3563118e-05,0.0062755429,7.5972584e-06,9.9194552e-09
0.12796757,3.2766985e-06,5.4721565e-05,0.0061334492,7.656199e-06,9.1161303e-09
0.12803641,3.2855106e-06,5.5819107e-05,0.0062782331,7.699694e-06,8.2991393e-09
0.12810851,3.2998537e-06,5.7105993e-05,0.0062662242,7.756461e-06,7.5838184e-09
0.12817789,3.3098637e-06,5.8351566e-05,0.0065713379,7.8012708e-06,7.240854e-09
0.12824752,3.325572e-06,5.9763788e-05,0.0062864516,7.859477e-06,7.3918018e-09
0.12831743,3.3388279e-06,6.1210775e-05,0.0063063803,7.9123413e-06,7.4524486e-09
0.1283876,3.3526734e-06,6.2744884e-05,0.0062926326,7.9652946e-06,7.8031424e-09
0.12845807,3.3711116e-06,6.4454005e-05,0.006473938,8.0246489e-06,7.5985666e-09
0.1285288,3.3855521e-06,6.6190666e-05,0.0063846358,8.0754383e-06,7.4626126e-09
0.12859984,3.4084217e-06,6.8211828e-05,0.0063618165,8.1375165e-06,9.738132e-09
0.12867115,3.4226784e-06,7.0193998e-05,0.0066598099,8.1831159e-06,8.6265483e-09
0.12874278,3.4495534e-06,7.2618141e-05,0.0064794616,8.2567256e-06,7.716168e-09
0.12881471,3.4665204e-06,7.4993391e-05,0.0066875804,8.3008295e-06,8.6605431e-09
0.12888698,3.496716e-06,7.7919812e-05,0.0066520349,8.3792785e-06,9.2636256e-09
0.12895958,3.5161225e-06,8.0834167e-05,0.0067267791,8.4273329e-06,8.3680508e-09
0.12903254,3.5518554e-06,8.4361519e-05,0.0068867021,8.5063137e-06,8.305699e-09
0.12910587,3.5771359e-06,8.796067e-05,0.007032382,8.5569382e-06,7.147551e-09
0.12917958,3.6152363e-06,9.2291652e-05,0.0068810262,8.6351455e-06,8.6014068e-09
0.12925694,3.6451673e-06,9.7073913e-05,0.007083614,8.6904834e-06,1.0190268e-08
0.12933149,3.6895131e-06,0.00010262514,0.0071424647,8.7734061e-06,8.4293135e-09
0.12940649,3.7240605e-06,0.00010852973,0.0071303446,8.8252208e-06,1.0063894e-08
0.12948194,3.77512e-06,0.0001156623,0.0073133212,8.9082888e-06,8.1058638e-09
0.12955787,3.8185205e-06,0.00012348026,0.007274952,8.967413e-06,8.3907002e-09
0.1296343,3.874159e-06,0.00013286934,0.0072707209,9.048132e-06,7.779915e-09
0.12971125,3.9268677e-06,0.00014341378,0.0076032265,9.1080371e-06,8.7613661e-09
0.12978873,3.9879254e-06,0.00015592447,0.0075715552,9.184676e-06,9.2576407e-09
0.12986677,4.0472703e-06,0.00017020776,0.0076597606,9.248507e-06,9.8399738e-09
0.12994536,4.1150063e-06,0.00018691619,0.0075430518,9.3243109e-06,1.0081377e-08
0.13002456,4.1829342e-06,0.0002058792,0.0079305335,9.3947309e-06,8.8723627e-09
0.13010432,4.2560279e-06,0.00022735095,0.0081395764,9.4702964e-06,1.0583785e-08
0.1301847,4.3285529e-06,0.00024935078,0.0084337141,9.5396459e-06,6.9196899e-09
0.13026485,4.3123022e-06,0.00026380076,0.008100184,9.4141948e-06,7.9913288e-09
0.13034385,4.2939276e-06,0.0002727341,0.0079134819,9.2870452e-06,6.9548516e-09
0.13042173,4.2744987e-06,0.00027334161,0.0078209921,9.1632079e-06,7.204686e-09
0.1304985,4.2540661e-06,0.00026597177,0.0080757278,9.0391436e-06,7.4449689e-09
0.13057747,4.2339371e-06,0.00025289687,0.0077140117,8.9199921e-06,7.2062833e-09
0.1306521,4.2139936e-06,0.00023738241,0.0073961458,8.8116295e-06,8.3128625e-09
0.13072571,4.1938881e-06,0.00022039027,0.0078044671,8.7027688e-06,7.256894e-09
0.13079836,4.1757909e-06,0.00020337424,0.0074433162,8.6031616e-06,7.2211967e-09
0.13087008,4.1554877e-06,0.00018696717,0.007526916,8.505668e-06,9.5014135e-09
0.1309409,4.1360644e-06,0.00017223117,0.0074554451,8.4163719e-06,6.750714e-09
0.13101088,4.1142204e-06,0.00015915969,0.0070685422,8.330073e-06,7.1787778e-09
0.13108004,4.0929784e-06,0.00014772251,0.0073499676,8.2499635e-06,6.7133489e-09
0.13114843,4.0718599e-06,0.00013766527,0.0071462914,8.174313e-06,7.8270377e-09
0.13121609,4.0512933e-06,0.00012884173,0.0073104245,8.1047315e-06,1.0013288e-08
0.13128307,4.0287085e-06,0.00012094786,0.0072344019,8.0363536e-06,1.0070815e-08
0.1313494,4.0068067e-06,0.0001139268,0.0069971493,7.9743071e-06,7.7120569e-09
0.13141513,3.9877359e-06,0.00010771808,0.006709086,7.9214985e-06,9.7844462e-09
0.13148031,3.9672782e-06,0.00010207456,0.0066875917,7.8693282e-06,7.9109088e-09
0.13154498,3.9482281e-06,9.6966439e-05,0.0065802477,7.8226043e-06,7.5159713e-09
0.13160917,3.9312948e-06,9.235677e-05,0.0066901472,7.7788358e-06,7.2009724e-09
0.13167293,3.9141646e-06,8.8166558e-05,0.0063489031,7.7402622e-06,9.0251051e-09
0.13173906,3.8979239e-06,8.4202767e-05,0.0063149322,7.7036183e-06,7.9118397e-09
0.13180208,3.883542e-06,8.0739632e-05,0.0065473738,7.6716209e-06,8.2751889e-09
0.13186479,3.8692417e-06,7.7563412e-05,0.0064082785,7.6436692e-06,8.0508653e-09
0.13192723,3.8550572e-06,7.4640905e-05,0.0066524016,7.6195282e-06,9.9364511e-09
0.13198944,3.8414635e-06,7.195186e-05,0.0064750612,7.5977645e-06,7.4942062e-09
0.13205147,3.8297016e-06,6.9508947e-05,0.006049447,7.582765e-06,8.4934218e-09
0.13211333,3.8188109e-06,6.7257401e-05,0.0060060838,7.5701811e-06,7.5083432e-09
0.13217507,3.8082949e-06,6.5199746e-05,0.0062541893,7.5633322e-06,7.1037284e-09
0.13223671,3.7985904e-06,6.3325949e-05,0.0062894502,7.5592489e-06,1.0176755e-08
0.1322983,3.7903451e-06,6.1617457e-05,0.0062015984,7.5616444e-06,8.8940793e-09
0.13235986,3.7840681e-06,6.0073793e-05,0.0061024467,7.5681507e-06,7.8590713e-09
0.13242143,3.7798626e-06,5.8679356e-05,0.0062216385,7.5791523e-06,7.4953069e-09
0.13248305,3.7762133e-06,5.7424201e-05,0.0061115101,7.5943752e-06,7.9707515e-09
0.13254474,3.7755322e-06,5.6297378e-05,0.005966049,7.6165187e-06,9.1391424e-09
0.13260655,3.7753354e-06,5.5259728e-05,0.0063313223,7.6385508e-06,1.04351e-08
0.1326685,3.7777782e-06,5.4341029e-05,0.0066189219,7.6667086e-06,9.5668099e-09
0.13273334,3.7815225e-06,5.347131e-05,0.0068176067,7.6981436e-06,9.5780478e-09
0.1327957,3.7863205e-06,5.2732344e-05,0.0068436341,7.732393e-06,9.7695277e-09
0.13285831,3.7931256e-06,5.2090507e-05,0.0066198992,7.7712556e-06,1.0414125e-08
0.13292121,3.7997328e-06,5.1528854e-05,0.0066129564,7.8154343e-06,7.3530515e-09
0.13298444,3.8092887e-06,5.1049619e-05,0.0069257926,7.8650239e-06,7.6858045e-09
0.13304801,3.8222138e-06,5.0666948e-05,0.0070587821,7.9251384e-06,8.5513174e-09
0.13311198,3.8346455e-06,5.0330063e-05,0.0071870162,7.9884236e-06,1.008585e-08
0.13317637,3.849111e-06,5.0069067e-05,0.0066949288,8.058513e-06,9.4151987e-09
0.13324122,3.8674103e-06,4.9896849e-05,0.0065816357,8.1387162e-06,7.2252822e-09
0.13330658,3.8866116e-06,4.9775182e-05,0.0067940841,8.2250917e-06,9.641223e-09
0.13337246,3.9089767e-06,4.9730611e-05,0.0071259264,8.3208934e-06,7.6609078e-09
0.13343891,3.9324545e-06,4.973414e-05,0.0070056093,8.4203964e-06,9.8981079e-09
0.13350597,3.9566652e-06,4.9785285e-05,0.0069157344,8.5253895e-06,8.1056238e-09
0.13357367,3.9856344e-06,4.992826e-05,0.0068928421,8.6408696e-06,7.7428392e-09
0.13364204,4.0181985e-06,5.0145176e-05,0.0070834843,8.7654646e-06,9.032272e-09
0.13371116,4.0550429e-06,5.0435394e-05,0.007329316,8.8956863e-06,7.9745387e-09
0.13378104,4.0930416e-06,5.077462e-05,0.0074642341,9.0249223e-06,9.2761406e-09
0.13385482,4.1346032e-06,5.1218686e-05,0.0074842529,9.1639716e-06,9.7129084e-09
0.13392643,4.1797869e-06,5.1746655e-05,0.0073406411,9.300551e-06,9.225289e-09
0.13399895,4.2259309e-06,5.2353917e-05,0.0075242397,9.4366171e-06,8.9256406e-09
0.13407211,4.2205665e-06,5.2365964e-05,0.0075250897,9.4500455e-06,8.7134766e-09
0.13414464,4.1611074e-06,5.1754828e-05,0.0078436723,9.3323e-06,8.4725321e-09
0.1342164,4.1164113e-06,5.1361212e-05,0.0072418554,9.2396518e-06,8.0246348e-09
0.1342874,4.0561119e-06,5.0836492e-05,0.0074346736,9.1061275e-06,7.9634849e-09
0.13435768,4.0142235e-06,5.0595622e-05,0.0072877572,9.0075145e-06,9.3055015e-09
0.13442723,3.957457e-06,5.0228071e-05,0.007088415,8.8707491e-06,8.3157798e-09
0.1344961,3.9119256e-06,5.0057675e-05,0.0071919626,8.7524704e-06,7.3130236e-09
0.13456428,3.8605634e-06,4.9891323e-05,0.0071837811,8.6217474e-06,6.8418176e-09
0.13463183,3.814248e-06,4.9827318e-05,0.0070388763,8.4991348e-06,9.8336019e-09
0.13469874,3.7706225e-06,4.984187e-05,0.0066351236,8.3811208e-06,8.5254683e-09
0.13476508,3.724008e-06,4.9856297e-05,0.0069994483,8.255215e-06,7.2914725e-09
0.13483085,3.6892004e-06,5.004979e-05,0.0067168434,8.1550359e-06,8.1416748e-09
0.1348961,3.6429542e-06,5.0162642e-05,0.0069707893,8.0344746e-06,8.6261783e-09
0.13496365,3.6081079e-06,5.0530892e-05,0.0065548723,7.9411202e-06,7.4056686e-09
0.13502791,3.566288e-06,5.0796501e-05,0.0066313405,7.8303547e-06,9.9297406e-09
0.13509174,3.5355895e-06,5.1317007e-05,0.0063715124,7.7520556e-06,8.7803005e-09
0.13515515,3.4959335e-06,5.176947e-05,0.006523258,7.6536909e-06,8.0788815e-09
0.1352182,3.4651016e-06,5.2425337e-05,0.0061712739,7.5788532e-06,8.9708909e-09
0.13528088,3.4275262e-06,5.3061718e-05,0.0063296262,7.4943317e-06,6.7433114e-09
0.13534324,3.39564e-06,5.3850409e-05,0.0061994697,7.4250464e-06,8.6631373e-09
0.13540528,3.3600304e-06,5.4682446e-05,0.0061361942,7.35296e-06,6.7490022e-09
0.13546704,3.3278734e-06,5.5646901e-05,0.0061700593,7.2916471e-06,8.5402242e-09
0.13552853,3.2957193e-06,5.6695285e-05,0.0059208577,7.2338932e-06,1.004272e-08
0.13558977,3.2660853e-06,5.7854895e-05,0.0062294089,7.1847978e-06,8.3616579e-09
0.13565077,3.2366414e-06,5.909695e-05,0.0058935507,7.1413447e-06,9.100133e-09
0.13571156,3.2073731e-06,6.0416712e-05,0.0059093777,7.1036515e-06,6.7102824e-09
0.13577213,3.182444e-06,6.1859922e-05,0.0055848165,7.0797578e-06,8.2484329e-09
0.13583252,3.1549614e-06,6.3337322e-05,0.0059318058,7.0540856e-06,9.8146923e-09
0.13589271,3.1326419e-06,6.4979668e-05,0.0055078597,7.043254e-06,7.8597097e-09
0.13595272,3.1074046e-06,6.663153e-05,0.0058244949,7.026286e-06,8.8424381e-09
0.13601516,3.0844411e-06,6.8558241e-05,0.005319258,7.0220028e-06,7.8618831e-09
0.13607483,3.0571952e-06,7.0321024e-05,0.0058587923,7.0017903e-06,8.4078833e-09
0.13613436,3.0451272e-06,7.2476399e-05,0.0053103561,7.0105535e-06,9.9225711e-09
0.13619375,3.020176e-06,7.4443314e-05,0.0057931889,6.9917177e-06,7.8932309e-09
0.136253,3.0071091e-06,7.6771447e-05,0.0052654719,6.9965008e-06,9.3747605e-09
0.1363121,2.9848734e-06,7.8959487e-05,0.0057409178,6.9756402e-06,7.7723348e-09
0.13637106,2.973682e-06,8.1560817e-05,0.0054731735,6.9788755e-06,8.2569795e-09
0.13642988,2.9534539e-06,8.403897e-05,0.0059579798,6.9565955e-06,9.5922519e-09
0.13648857,2.9427564e-06,8.6894961e-05,0.0054647033,6.9525687e-06,7.7876417e-09
0.13654712,2.9258576e-06,8.9740175e-05,0.0057635994,6.9324463e-06,8.4383505e-09
0.13660553,2.9155095e-06,9.2891557e-05,0.0054943736,6.9219145e-06,9.6523911e-09
0.13666383,2.9015597e-06,9.6085581e-05,0.0055707381,6.8994433e-06,7.1881724e-09
0.13672197,2.8924065e-06,9.9602477e-05,0.0055892377,6.8871257e-06,8.46277e-09
0.13678,2.879918e-06,0.00010327743,0.0057340247,6.8673484e-06,9.7352546e-09
0.13683788,2.8728899e-06,0.00010725878,0.005372731,6.8505375e-06,7.7826532e-09
0.13689564,2.8645851e-06,0.00011155932,0.0056872559,6.8348208e-06,8.1508313e-09
0.13695576,2.8562114e-06,0.00011636707,0.0055272024,6.8193663e-06,9.2217332e-09
0.13701325,2.8474095e-06,0.00012120277,0.005597631,6.798258e-06,7.074667e-09
0.13707059,2.8418357e-06,0.00012651664,0.0053040267,6.7851913e-06,8.3227144e-09
0.13712781,2.8365153e-06,0.00013220514,0.0056263007,6.7652252e-06,9.5865258e-09
0.13718489,2.8303921e-06,0.00013823661,0.0057119367,6.746154e-06,7.8851284e-09
0.13724185,2.8262299e-06,0.00014478898,0.0056164209,6.7313434e-06,8.0026551e-09
0.13729868,2.8193875e-06,0.00015154054,0.005636085,6.7055905e-06,8.0892798e-09
0.13735538,2.8185085e-06,0.00015866517,0.0054383189,6.6925311e-06,9.5535099e-09
0.13741195,2.8107574e-06,0.000165252,0.005680596,6.6607744e-06,8.1479652e-09
0.13746841,2.8103683e-06,0.00017205937,0.0053119865,6.6488037e-06,9.8845073e-09
0.13752474,2.8005287e-06,0.00017772864,0.0057867126,6.6129538e-06,8.011849e-09
0.13758096,2.8021814e-06,0.00018347695,0.0054208041,6.603118e-06,9.5932778e-09
0.13763707,2.7921806e-06,0.0001874108,0.0054367271,6.5636696e-06,7.90634e-09
0.13769306,2.7948403e-06,0.00019108136,0.0051380111,6.5558406e-06,9.2638247e-09
0.13774895,2.7849016e-06,0.00019234316,0.005417252,6.5161688e-06,7.817458e-09
0.13780472,2.7847763e-06,0.00019245982,0.0052910726,6.5001746e-06,8.7148247e-09
0.13786041,2.7784551e-06,0.00018991287,0.0055159919,6.4672999e-06,1.0037671e-08
0.1379184,2.7775795e-06,0.00018577607,0.0051744089,6.4467628e-06,8.2091838e-09
0.1379739,2.7712881e-06,0.00018005951,0.0054869493,6.412751e-06,9.0202179e-09
0.13802931,2.7695311e-06,0.00017375298,0.0053393428,6.3892665e-06,7.7424695e-09
0.13808466,2.7675466e-06,0.00016684377,0.0052313562,6.365227e-06,7.9453967e-09
0.13813993,2.7622409e-06,0.00015925493,0.0051314942,6.3333317e-06,9.4735982e-09
0.13819516,2.7640034e-06,0.00015201582,0.0052659192,6.317949e-06,7.7965145e-09
0.13825031,2.755227e-06,0.00014423935,0.0054149963,6.2770039e-06,8.2725339e-09
0.13830543,2.7592487e-06,0.00013758614,0.0050233792,6.2668038e-06,9.8430772e-09
0.13836051,2.7515694e-06,0.00013079559,0.0054312034,6.2265788e-06,8.1697944e-09
0.13841555,2.7562804e-06,0.00012510538,0.0049728452,6.216902e-06,9.5132129e-09
0.13847056,2.7498913e-06,0.00011934502,0.0053298787,6.1819298e-06,7.76913e-09
0.13852555,2.7518622e-06,0.00011437429,0.0051571956,6.1677366e-06,8.2654486e-09
0.13858053,2.7479925e-06,0.00010956038,0.0052888709,6.1415687e-06,9.3667309e-09
0.13863548,2.7468432e-06,0.00010518238,0.0053653077,6.1188466e-06,7.8273759e-09
0.13869045,2.7475656e-06,0.00010124051,0.005223508,6.104336e-06,8.4420726e-09
0.1387454,2.7422897e-06,9.7323786e-05,0.0055690146,6.0735696e-06,9.7737876e-09
0.13880276,2.7457897e-06,9.3837769e-05,0.0052628517,6.0620645e-06,8.1021361e-09
0.13885773,2.7418584e-06,9.051616e-05,0.0054540081,6.036154e-06,9.0125989e-09
0.13891272,2.746048e-06,8.7658905e-05,0.0053722358,6.026738e-06,9.8555255e-09
0.13896773,2.7412375e-06,8.4752875e-05,0.0056900258,6.0000597e-06,8.1855327e-09
0.13902277,2.7452311e-06,8.2305584e-05,0.0053023262,5.9944083e-06,8.6628553e-09
0.13907783,2.7391394e-06,7.979297e-05,0.0056855704,5.9727352e-06,9.4556416e-09
0.13913292,2.7415665e-06,7.7591323e-05,0.005313455,5.9636512e-06,8.0590556e-09
0.13918805,2.7407863e-06,7.544649e-05,0.0055607486,5.950005e-06,8.1608576e-09
0.13924321,2.7404415e-06,7.3443267e-05,0.0054214174,5.9385695e-06,8.805141e-09
0.13929841,2.7412564e-06,7.1591851e-05,0.0056828865,5.929307e-06,9.802815e-09
0.13935364,2.7391531e-06,6.9777854e-05,0.0055030723,5.9155033e-06,8.0571076e-09
0.13940891,2.7424471e-06,6.8177082e-05,0.0054030709,5.9130062e-06,9.1619063e-09
0.13946422,2.7379438e-06,6.6472375e-05,0.0055140522,5.8947569e-06,7.6212589e-09
0.13951957,2.7428798e-06,6.5104739e-05,0.0052290716,5.8992226e-06,8.4505824e-09
0.13957496,2.7395985e-06,6.359756e-05,0.0053203956,5.8850658e-06,9.486149e-09
0.13963039,2.7430989e-06,6.2330601e-05,0.0051044561,5.887968e-06,7.9432885e-09
0.13968586,2.742743e-06,6.1041681e-05,0.0054393384,5.8833126e-06,8.8910738e-09
0.13974379,2.7441583e-06,5.9811668e-05,0.005155522,5.8834689e-06,7.7345193e-09
0.13979935,2.7446597e-06,5.8653329e-05,0.0054479604,5.8802618e-06,8.1950079e-09
0.13985496,2.7459769e-06,5.7564494e-05,0.0053016453,5.8806387e-06,7.6117578e-09
0.13991062,2.7494549e-06,5.6572797e-05,0.0052551677,5.8865831e-06,8.0585765e-09
0.13996632,2.7488046e-06,5.5530463e-05,0.0055302153,5.8841272e-06,9.774988e-09
0.14002208,2.7537992e-06,5.4644529e-05,0.0052267102,5.8936531e-06,7.8843075e-09
0.14007789,2.7525624e-06,5.3666118e-05,0.0056578708,5.8938814e-06,8.9145007e-09
0.14013375,2.7581744e-06,5.2886156e-05,0.0052117887,5.9069711e-06,7.8163217e-09
0.14018967,2.7572555e-06,5.1986185e-05,0.0055634228,5.9037436e-06,9.2564394e-09
0.14024566,2.7621714e-06,5.1251132e-05,0.0053664521,5.9153796e-06,7.5429889e-09
0.14030171,2.7638678e-06,5.0489489e-05,0.005621712,5.9195575e-06,8.0754811e-09
0.14035782,2.7659164e-06,4.9774621e-05,0.005638419,5.9262525e-06,9.9748747e-09
0.140414,2.772091e-06,4.911488e-05,0.0055834004,5.9357868e-06,7.7288865e-09
0.14047025,2.768047e-06,4.8409897e-05,0.005877038,5.9386983e-06,9.0810935e-09
0.14052657,2.7736016e-06,4.7809944e-05,0.0055751474,5.9517206e-06,7.7860621e-09
0.14058297,2.7731456e-06,4.7130088e-05,0.0058311016,5.951954e-06,8.4915441e-09
0.14063945,2.7799185e-06,4.659889e-05,0.005531367,5.9675684e-06,7.5238782e-09
0.14069848,2.7790648e-06,4.5937364e-05,0.0057752715,5.9684017e-06,9.0436539e-09
0.14075513,2.787116e-06,4.5476132e-05,0.0055393992,5.9872923e-06,8.0740523e-09
0.14081188,2.7896681e-06,4.4946806e-05,0.0058678444,5.9931518e-06,8.1618436e-09
0.1408687,2.7946801e-06,4.4487828e-05,0.0056535253,6.0051703e-06,7.6910291e-09
0.14092563,2.79983e-06,4.4046253e-05,0.0057223108,6.0173876e-06,8.9376279e-09
0.14098266,2.8040771e-06,4.3602393e-05,0.0058434583,6.0258869e-06,7.4811141e-09
0.14103979,2.8108761e-06,4.3210524e-05,0.0056341414,6.040532e-06,8.9362183e-09
0.14109703,2.8115678e-06,4.2755752e-05,0.0058890297,6.0433925e-06,7.941061e-09
0.14115439,2.8210484e-06,4.2444563e-05,0.0056554761,6.0649526e-06,9.951264e-09
0.14121187,2.8235823e-06,4.2039096e-05,0.0058502875,6.0706642e-06,8.631601e-09
0.14126946,2.8323955e-06,4.1736426e-05,0.005654415,6.088597e-06,7.6268392e-09
0.14132719,2.836824e-06,4.141272e-05,0.0058877062,6.100691e-06,9.0695133e-09
0.14138504,2.8428162e-06,4.1103792e-05,0.0057622432,6.1122066e-06,7.7950497e-09
0.14144303,2.8497043e-06,4.084227e-05,0.0057957734,6.1273834e-06,9.7524987e-09
0.14150115,2.8548133e-06,4.0537263e-05,0.0059224388,6.1318558e-06,8.2995341e-09
0.14155941,2.8654761e-06,4.0364995e-05,0.005729045,6.1531029e-06,9.3568162e-09
0.14162035,2.8678959e-06,4.0091507e-05,0.0060197705,6.1579077e-06,8.5468497e-09
0.14167891,2.8768066e-06,3.9933912e-05,0.0055818829,6.1780198e-06,7.7984744e-09
0.1417376,2.8792141e-06,3.969546e-05,0.0059105723,6.1848275e-06,8.2837598e-09
0.14179644,2.8895115e-06,3.9585935e-05,0.0056977803,6.2098445e-06,9.9485965e-09
0.14185544,2.893531e-06,3.94027e-05,0.0058505035,6.2200034e-06,8.4631862e-09
0.14191458,2.9012796e-06,3.9278471e-05,0.0058658204,6.2373616e-06,8.5430737e-09
0.14197388,2.9073076e-06,3.9154493e-05,0.0059065622,6.2522311e-06,8.3260466e-09
0.14203333,2.9114439e-06,3.9028437e-05,0.0060055971,6.2646294e-06,7.6113801e-09
0.14209294,2.9209838e-06,3.8991951e-05,0.0058742993,6.2888702e-06,7.4066148e-09
0.14215272,2.9230435e-06,3.8871175e-05,0.0059700787,6.2972878e-06,9.9161853e-09
0.14221266,2.9332534e-06,3.8870586e-05,0.0056932173,6.3221782e-06,8.9568422e-09
0.14227277,2.9376498e-06,3.8810063e-05,0.0059905034,6.3347064e-06,8.3292727e-09
0.14233305,2.9462123e-06,3.8813465e-05,0.005724216,6.3565727e-06,8.3851044e-09
0.14239352,2.9527554e-06,3.8807827e-05,0.0058557614,6.3751887e-06,9.1326572e-09
0.14245415,2.9597409e-06,3.8821016e-05,0.0057878541,6.3940575e-06,8.7093503e-09
0.14251496,2.9684986e-06,3.8876469e-05,0.0056773591,6.4181696e-06,8.5354558e-09
0.14257595,2.9706872e-06,3.8867377e-05,0.0059345451,6.4287277e-06,7.284599e-09
0.14263979,2.9818671e-06,3.8985572e-05,0.0056215555,6.4600887e-06,7.5053382e-09
0.14270115,2.9840711e-06,3.9001988e-05,0.0059862538,6.4728986e-06,7.5800032e-09
0.14276271,2.9928849e-06,3.9120014e-05,0.0055734634,6.5019898e-06,7.5274149e-09
0.14282445,2.9976287e-06,3.9197433e-05,0.00583049,6.5220631e-06,7.8554233e-09
0.14288637,3.0047914e-06,3.9325871e-05,0.0055960945,6.5489421e-06,9.6457783e-09
0.14294848,3.0117999e-06,3.9478706e-05,0.0057220852,6.5766387e-06,8.9732836e-09
0.14301077,3.017256e-06,3.9618184e-05,0.0056867356,6.5997396e-06,8.0729773e-09
0.14307326,3.024566e-06,3.9812442e-05,0.005593944,6.6295942e-06,7.611421e-09
0.14313592,3.0282075e-06,3.9955226e-05,0.0058793145,6.6483888e-06,7.6367342e-09
0.14319878,3.0376547e-06,4.0182456e-05,0.0055904713,6.6806115e-06,1.0000198e-08
0.14326183,3.0423828e-06,4.0349936e-05,0.0059827934,6.7011758e-06,9.3957806e-09
0.14332505,3.0529941e-06,4.0609685e-05,0.0055229835,6.7352082e-06,8.783571e-09
0.14338848,3.0608998e-06,4.0848847e-05,0.005825487,6.763656e-06,8.2402125e-09
0.14345208,3.0678682e-06,4.1107227e-05,0.0055894633,6.7933204e-06,8.1473088e-09
0.14351589,3.0768938e-06,4.1389965e-05,0.0057849681,6.8230373e-06,7.7720973e-09
0.14357988,3.0811798e-06,4.1639237e-05,0.0055896092,6.8456181e-06,7.9013805e-09
0.14364686,3.0885025e-06,4.196877e-05,0.0057294906,6.876955e-06,7.9266683e-09
0.14371124,3.0928145e-06,4.2258142e-05,0.0056533748,6.9024173e-06,8.2724254e-09
0.14377584,3.104791e-06,4.267022e-05,0.0056000971,6.9461483e-06,8.4020633e-09
0.14384064,3.1058644e-06,4.2955587e-05,0.0056984517,6.9659396e-06,8.8615797e-09
0.14390564,3.11819e-06,4.3436411e-05,0.0055397927,7.0137798e-06,9.9932968e-09
0.14397085,3.1194849e-06,4.3781825e-05,0.0055437528,7.0358324e-06,1.0148662e-08
0.14403627,3.1276153e-06,4.4275081e-05,0.0055326736,7.0794767e-06,9.6917599e-09
0.1441019,3.1332135e-06,4.4737897e-05,0.0057238622,7.1138749e-06,9.3879973e-09
0.14416773,3.1429451e-06,4.5300712e-05,0.0056778489,7.1597283e-06,8.7329606e-09
0.14423379,3.1480611e-06,4.5842408e-05,0.0058152239,7.1957608e-06,8.0816472e-09
0.14430007,3.1543979e-06,4.6424349e-05,0.0056688371,7.2328875e-06,7.9097361e-09
0.14436658,3.1610709e-06,4.7039836e-05,0.0055191678,7.271395e-06,7.7046964e-09
0.14443331,3.1622623e-06,4.7613289e-05,0.0058525263,7.2993627e-06,9.9674994e-09
0.14450027,3.1761968e-06,4.8400977e-05,0.0057298176,7.3541645e-06,9.731552e-09
0.14456747,3.1798204e-06,4.9065215e-05,0.0059176502,7.3844198e-06,9.2207986e-09
0.14463489,3.1955e-06,4.9956065e-05,0.0059247709,7.4452469e-06,8.6613666e-09
0.14470256,3.1988013e-06,5.0703302e-05,0.0060232627,7.478647e-06,8.2548508e-09
0.14477343,3.2094982e-06,5.1641675e-05,0.0058148293,7.5302459e-06,7.7320141e-09
0.14484159,3.213333e-06,5.2499899e-05,0.0060702954,7.5671518e-06,7.1593713e-09
0.14490999,3.2262117e-06,5.3565e-05,0.0060560922,7.6256144e-06,7.3788095e-09
0.14497864,3.2329404e-06,5.4581079e-05,0.0062165185,7.6676543e-06,7.8262812e-09
0.14504754,3.2491295e-06,5.5839247e-05,0.0060063147,7.7338896e-06,7.8529188e-09
0.14511672,3.2580911e-06,5.7037363e-05,0.0059904042,7.7805208e-06,9.2225703e-09
0.14518616,3.268788e-06,5.8327758e-05,0.0062378475,7.8292685e-06,7.6617294e-09
0.14525584,3.2810319e-06,5.9715874e-05,0.0061627945,7.8804875e-06,7.517167e-09
0.14532579,3.2946287e-06,6.1227068e-05,0.0062393533,7.9344686e-06,7.5700024e-09
0.14539604,3.3101912e-06,6.2875948e-05,0.0062375719,7.992816e-06,8.9060904e-09
0.14546656,3.3286856e-06,6.4685631e-05,0.0066358744,8.0547746e-06,7.2633963e-09
0.14553738,3.3502487e-06,6.6688874e-05,0.0062614235,8.1227138e-06,9.4614763e-09
0.14560851,3.3768584e-06,6.8941194e-05,0.0065268992,8.1984632e-06,7.3162044e-09
0.14567993,3.3829321e-06,7.093668e-05,0.0064787045,8.2242629e-06,9.9163916e-09
0.14575175,3.4183524e-06,7.3718141e-05,0.0064778338,8.3165198e-06,8.6066278e-09
0.1458238,3.4264336e-06,7.6110702e-05,0.0065888439,8.3405829e-06,7.1311597e-09
0.14589928,3.4909466e-06,8.0073087e-05,0.0065269438,8.4986193e-06,9.5664875e-09
0.14597244,3.5023284e-06,8.3053654e-05,0.0063043642,8.5221532e-06,9.7636923e-09
0.1460456,3.5150339e-06,8.6340592e-05,0.0067158234,8.5421131e-06,9.7071031e-09
0.14611904,3.5645227e-06,9.0899442e-05,0.0066777801,8.6526576e-06,7.704407e-09
0.14619314,3.6019783e-06,9.5636206e-05,0.0066985745,8.7245856e-06,1.0341923e-08
0.14626765,3.6391669e-06,0.00010092735,0.006725259,8.7921181e-06,8.3050538e-09
0.14634264,3.6837154e-06,0.00010706111,0.0070249522,8.8707169e-06,8.7229617e-09
0.14641809,3.7266842e-06,0.00011389169,0.0068253837,8.9371887e-06,9.7349307e-09
0.14649404,3.7793818e-06,0.00012190781,0.0071828512,9.0189926e-06,7.83498e-09
0.14657049,3.829329e-06,0.00013088227,0.0069988787,9.0855865e-06,9.8445731e-09
0.14664749,3.8895125e-06,0.00014157374,0.0074209515,9.1692702e-06,7.4673872e-09
0.14672502,3.9441542e-06,0.00015367256,0.0070987611,9.2342193e-06,8.5589184e-09
0.14680313,4.0166202e-06,0.0001681049,0.007269844,9.3221493e-06,8.6466215e-09
0.14688181,4.0788652e-06,0.00018425695,0.0075011575,9.3872845e-06,7.742111e-09
0.14696109,4.1574817e-06,0.00020326247,0.0076533495,9.477759e-06,7.7223767e-09
0.14704096,4.2260728e-06,0.00022380776,0.0079834612,9.5393285e-06,9.4787195e-09
0.1471213,4.2673774e-06,0.00024322978,0.0080842195,9.5407307e-06,7.9094841e-09
0.14720418,4.2486689e-06,0.00025762341,0.0076253193,9.4061794e-06,8.1166661e-09
0.14728244,4.2314033e-06,0.00026689468,0.0073903203,9.2845346e-06,9.3879342e-09
0.14735959,4.2134799e-06,0.00026868197,0.0074391116,9.1606004e-06,7.2977924e-09
0.14743565,4.1945369e-06,0.00026239936,0.0075306059,9.0399302e-06,8.3590636e-09
0.14751066,4.1732701e-06,0.00025092319,0.0074628837,8.9262114e-06,8.9481342e-09
0.14758464,4.1541627e-06,0.00023679968,0.0070286352,8.8199162e-06,7.8688923e-09
0.14765763,4.1337914e-06,0.00022118023,0.0073051815,8.7136997e-06,8.8911207e-09
0.14772967,4.1126069e-06,0.00020506393,0.0071362214,8.6131438e-06,7.6888407e-09
0.14780081,4.0925117e-06,0.0001892818,0.0069637608,8.520352e-06,6.8738785e-09
0.14787107,4.0711933e-06,0.00017441479,0.0071749584,8.4303382e-06,6.8606253e-09
0.14794052,4.0484622e-06,0.00016120235,0.0066849651,8.3469987e-06,7.4626938e-09
0.14800917,4.0261935e-06,0.00014949026,0.0068511071,8.2666119e-06,7.8617903e-09
0.14807708,4.0032759e-06,0.00013918187,0.0068915193,8.1903835e-06,9.4626076e-09
0.14814429,3.9814569e-06,0.00013007346,0.0069032089,8.121943e-06,8.5603641e-09
0.14821083,3.9608707e-06,0.00012195589,0.0069705874,8.060297e-06,7.044054e-09
0.14827676,3.9389554e-06,0.00011466079,0.0065539544,8.0009461e-06,7.8980135e-09
0.14834495,3.9190269e-06,0.00010790483,0.0066141338,7.9482043e-06,8.3241558e-09
0.14840976,3.8996595e-06,0.00010210017,0.0063341817,7.8996505e-06,9.9427173e-09
0.14847408,3.8815671e-06,9.6897276e-05,0.0060680035,7.8568875e-06,8.5230342e-09
0.14853795,3.8646242e-06,9.2186241e-05,0.0062278165,7.8170187e-06,7.3379164e-09
0.14860143,3.8474282e-06,8.7896242e-05,0.0061100117,7.7801826e-06,9.9276947e-09
0.14866454,3.8307999e-06,8.3995607e-05,0.0057955381,7.7458554e-06,8.7486203e-09
0.14872733,3.8151026e-06,8.0444878e-05,0.0062289949,7.714247e-06,7.2072892e-09
0.14878984,3.7999672e-06,7.7196966e-05,0.0063135874,7.6864283e-06,8.7645915e-09
0.14885211,3.7844447e-06,7.4215328e-05,0.0060328669,7.6621028e-06,1.0093023e-08
0.14891416,3.7700702e-06,7.1494328e-05,0.0057698631,7.6408331e-06,7.4933619e-09
0.14897605,3.7570409e-06,6.9013938e-05,0.0058045433,7.6248598e-06,1.0208424e-08
0.1490378,3.7449186e-06,6.6750022e-05,0.0058999897,7.6128852e-06,1.0021682e-08
0.14909944,3.7336251e-06,6.4700331e-05,0.0058014611,7.6072846e-06,1.0081921e-08
0.14916101,3.7231872e-06,6.2819852e-05,0.0060505595,7.6057133e-06,9.4297237e-09
0.14922255,3.714207e-06,6.1118421e-05,0.0060206862,7.6095395e-06,8.1860785e-09
0.14928409,3.7066191e-06,5.9574325e-05,0.0058901716,7.6172884e-06,7.7034399e-09
0.14934566,3.7011617e-06,5.8181341e-05,0.0056508097,7.6293593e-06,7.5404169e-09
0.14940997,3.6983065e-06,5.687505e-05,0.0056670127,7.647126e-06,8.8990467e-09
0.14947171,3.6961653e-06,5.5752869e-05,0.0058904236,7.6678734e-06,7.0198655e-09
0.14953359,3.6966538e-06,5.4732376e-05,0.0061981235,7.6929156e-06,7.7919994e-09
0.14959563,3.6987126e-06,5.3810237e-05,0.0062781498,7.7220122e-06,8.1175448e-09
0.14965789,3.7022704e-06,5.2988933e-05,0.0064495169,7.7568231e-06,8.1641408e-09
0.14972039,3.70807e-06,5.225504e-05,0.0064699197,7.7960423e-06,8.6971446e-09
0.14978316,3.7157493e-06,5.161497e-05,0.006435024,7.8421522e-06,9.1752087e-09
0.14984625,3.7256849e-06,5.1065322e-05,0.00668093,7.8948433e-06,9.4424039e-09
0.14990969,3.7362778e-06,5.0597532e-05,0.0066592858,7.9523082e-06,8.5208387e-09
0.14997351,3.7473198e-06,5.0185641e-05,0.0069050374,8.0165775e-06,7.4930608e-09
0.15003776,3.7602326e-06,4.9850959e-05,0.0068232192,8.0876378e-06,9.4776657e-09
0.15010246,3.7760291e-06,4.9614931e-05,0.0067383447,8.1689259e-06,1.055182e-08
0.15016767,3.7939936e-06,4.9439026e-05,0.0065159901,8.2603709e-06,9.934414e-09
0.1502334,3.81537e-06,4.9334929e-05,0.0065132363,8.3616436e-06,8.515958e-09
0.1502997,3.8377223e-06,4.9282541e-05,0.0069767451,8.4692766e-06,7.4153573e-09
0.15036661,3.8619554e-06,4.9276423e-05,0.0069904055,8.5845303e-06,9.1173592e-09
0.15043416,3.891625e-06,4.936469e-05,0.007022865,8.7101102e-06,7.7404398e-09
0.15050538,3.9247709e-06,4.9511679e-05,0.0070228023,8.8485297e-06,7.9427536e-09
0.15057439,3.9608347e-06,4.9726199e-05,0.0066579195,8.9881232e-06,8.9443629e-09
0.15064417,3.9998172e-06,5.001473e-05,0.0070626843,9.1333069e-06,8.0669178e-09
0.15071478,4.0415546e-06,5.0384776e-05,0.0071362199,9.2818817e-06,7.0275538e-09
0.15078625,4.0890074e-06,5.0842972e-05,0.0074699921,9.4328404e-06,1.0106704e-08
0.15085866,4.1338191e-06,5.1383376e-05,0.0073212821,9.58135e-06,9.8656629e-09
0.15093156,4.1062778e-06,5.1059456e-05,0.007246307,9.5519234e-06,9.6477978e-09
0.15100374,4.064043e-06,5.0577381e-05,0.0071020007,9.4757465e-06,9.4509939e-09
0.15107513,4.0080752e-06,4.998373e-05,0.0072693011,9.3607376e-06,9.0762539e-09
0.15114578,3.9620862e-06,4.956732e-05,0.0069735804,9.2595436e-06,8.0249934e-09
0.15121567,3.9112091e-06,4.9154489e-05,0.0071858693,9.1409584e-06,1.0068425e-08
0.15128487,3.861516e-06,4.8821005e-05,0.007027074,9.0199573e-06,9.374894e-09
0.15135337,3.816176e-06,4.8601356e-05,0.0067847579,8.9044815e-06,8.1659044e-09
0.15142121,3.764244e-06,4.834765e-05,0.0069491292,8.7652822e-06,7.1563624e-09
0.15148842,3.7265639e-06,4.8311199e-05,0.006437904,8.6557433e-06,8.1220803e-09
0.15155502,3.6776887e-06,4.8166626e-05,0.0069143069,8.5182948e-06,8.7738803e-09
0.15162392,3.6418894e-06,4.825039e-05,0.0065997185,8.4091856e-06,7.6866226e-09
0.15168938,3.599037e-06,4.8283084e-05,0.0066457412,8.2873606e-06,6.8866428e-09
0.15175436,3.5642075e-06,4.8478082e-05,0.0065347286,8.1852902e-06,9.8272891e-09
0.15181885,3.526447e-06,4.869328e-05,0.0062080034,8.0774925e-06,8.1906281e-09
0.15188293,3.4913036e-06,4.9033754e-05,0.0065280552,7.9785896e-06,1.0096528e-08
0.15194659,3.4572714e-06,4.9440418e-05,0.0063621533,7.8850581e-06,8.7827732e-09
0.1520099,3.4212256e-06,4.9899837e-05,0.0064140664,7.7899103e-06,7.1930386e-09
0.15207284,3.3905773e-06,5.0513263e-05,0.0061539912,7.7112783e-06,9.4102298e-09
0.15213548,3.3534403e-06,5.1112014e-05,0.0062525067,7.6195636e-06,8.0005781e-09
0.15219782,3.3272089e-06,5.1942624e-05,0.005968763,7.5577353e-06,8.9295264e-09
0.1522599,3.2884597e-06,5.2672618e-05,0.0059961857,7.4731838e-06,6.7414102e-09
0.15232172,3.2626147e-06,5.366671e-05,0.0057462683,7.4192747e-06,8.3231183e-09
0.15238332,3.2254742e-06,5.457212e-05,0.0059808624,7.3461255e-06,9.7161152e-09
0.1524447,3.2005844e-06,5.5737732e-05,0.005804509,7.303745e-06,7.5880169e-09
0.1525059,3.1657019e-06,5.6804491e-05,0.0060478435,7.2430864e-06,9.0062385e-09
0.1525669,3.1437669e-06,5.8181808e-05,0.0055119406,7.2181496e-06,8.0233916e-09
0.15262774,3.1120159e-06,5.9419739e-05,0.005911615,7.1747069e-06,8.4654196e-09
0.15269106,3.0920022e-06,6.1024246e-05,0.0055685167,7.1640959e-06,9.6156236e-09
0.15275157,3.0637106e-06,6.2416197e-05,0.005534336,7.1353634e-06,7.3763457e-09
0.15281196,3.0433231e-06,6.412407e-05,0.0055047747,7.1370055e-06,8.8329933e-09
0.15287223,3.018852e-06,6.5729024e-05,0.005514388,7.1189397e-06,7.8802248e-09
0.1529324,3.0030086e-06,6.7610123e-05,0.0054268005,7.1234973e-06,8.3690365e-09
0.15299243,2.9790303e-06,6.9362693e-05,0.0056389217,7.105689e-06,9.5897775e-09
0.15305235,2.9654239e-06,7.1427624e-05,0.0054176951,7.1116354e-06,7.8911232e-09
0.15311214,2.9434607e-06,7.335775e-05,0.005725137,7.0936205e-06,9.0620923e-09
0.15317183,2.933666e-06,7.5649031e-05,0.0053405827,7.1005217e-06,6.7334486e-09
0.1532314,2.9138862e-06,7.7746852e-05,0.0057169244,7.0799281e-06,8.1543312e-09
0.15329087,2.9067452e-06,8.0267718e-05,0.0053979848,7.0842784e-06,9.568457e-09
0.15335022,2.8892283e-06,8.2634815e-05,0.0057785476,7.0592096e-06,7.7710631e-09
0.15340947,2.882912e-06,8.5460262e-05,0.0054637284,7.0607862e-06,8.2178531e-09
0.15346859,2.8666425e-06,8.8092898e-05,0.0057383691,7.0307988e-06,9.2812753e-09
0.15352761,2.8624167e-06,9.1219922e-05,0.0053668977,7.0264195e-06,6.9426385e-09
0.1535865,2.8482308e-06,9.4156376e-05,0.0055970602,6.9936587e-06,8.1719232e-09
0.15364782,2.845088e-06,9.7835256e-05,0.005298874,6.9874318e-06,9.6933304e-09
0.15370647,2.8318228e-06,0.00010123413,0.0057686545,6.955306e-06,7.7877583e-09
0.15376499,2.8312475e-06,0.00010526843,0.0053245272,6.9516026e-06,8.2995511e-09
0.15382338,2.8196604e-06,0.00010918013,0.0058249484,6.9200802e-06,6.6178275e-09
0.15388165,2.8207404e-06,0.00011384875,0.0051812886,6.9193676e-06,8.1553589e-09
0.1539398,2.8088024e-06,0.00011831433,0.0053804311,6.8798845e-06,9.393258e-09
0.1539978,2.8118268e-06,0.00012373176,0.0050077066,6.8786857e-06,7.8791489e-09
0.15405568,2.8019212e-06,0.00012898773,0.005255836,6.8455045e-06,7.8791267e-09
0.15411341,2.8030524e-06,0.00013513903,0.0050865522,6.8374892e-06,1.0175464e-08
0.15417103,2.7962898e-06,0.00014128413,0.0054242291,6.8089222e-06,8.6769844e-09
0.1542285,2.7948638e-06,0.00014810873,0.0051692777,6.7951675e-06,7.8213432e-09
0.15428585,2.7902412e-06,0.00015464302,0.0052956029,6.7699144e-06,8.7638034e-09
0.15434307,2.7869631e-06,0.00016114764,0.0052378406,6.7460904e-06,8.0240457e-09
0.15440018,2.7845197e-06,0.00016745987,0.0051716992,6.7256477e-06,8.535283e-09
0.15445714,2.7766649e-06,0.00017299291,0.0053496304,6.6901574e-06,7.8889548e-09
0.15451401,2.7759154e-06,0.00017864939,0.0053241521,6.6761942e-06,8.0012892e-09
0.15457075,2.7652892e-06,0.00018276141,0.0054998798,6.6332481e-06,9.7190616e-09
0.15462985,2.7662109e-06,0.0001869975,0.0051079139,6.6181491e-06,8.2510262e-09
0.15468637,2.7572182e-06,0.00018886009,0.0054216752,6.5761435e-06,8.939709e-09
0.1547428,2.7569585e-06,0.00018963751,0.0051528647,6.5619098e-06,7.7979942e-09
0.15479914,2.7472461e-06,0.00018718084,0.0054506022,6.5175414e-06,8.0547147e-09
0.15485539,2.7503459e-06,0.00018378323,0.0049981451,6.5051143e-06,9.5681781e-09
0.15491157,2.7402796e-06,0.00017818369,0.0052481959,6.460817e-06,7.9496354e-09
0.15496767,2.7430162e-06,0.00017242923,0.0049909982,6.4462644e-06,8.7324572e-09
0.15502371,2.735446e-06,0.00016538849,0.0050617104,6.4073162e-06,9.7979695e-09
0.15507968,2.7350708e-06,0.00015822014,0.005109689,6.3849359e-06,8.1651644e-09
0.15513561,2.7302426e-06,0.00015079288,0.0053375214,6.3545796e-06,9.4407829e-09
0.15519148,2.7257877e-06,0.00014335177,0.0051614066,6.3248231e-06,7.876231e-09
0.15524733,2.7248928e-06,0.00013648149,0.0050268098,6.3024348e-06,9.2356535e-09
0.15530313,2.7165302e-06,0.00012967974,0.0052919324,6.2640088e-06,7.8495232e-09
0.15535892,2.7194597e-06,0.00012386773,0.0048493734,6.2513173e-06,8.3439858e-09
0.15541467,2.7094161e-06,0.00011793726,0.0053231019,6.2102502e-06,9.3324051e-09
0.15547041,2.7137849e-06,0.00011306381,0.0050311003,6.2016923e-06,7.7499706e-09
0.15552856,2.7047657e-06,0.00010784549,0.0052809633,6.1623658e-06,8.2237372e-09
0.15558428,2.7091354e-06,0.00010373412,0.00512592,6.1538621e-06,9.8844326e-09
0.15564,2.6999947e-06,9.9467452e-05,0.0051632554,6.1156958e-06,7.7075991e-09
0.15569571,2.7033965e-06,9.5971688e-05,0.0049229557,6.1087171e-06,8.4708639e-09
0.15575144,2.6980172e-06,9.2380369e-05,0.0053714636,6.0796008e-06,9.958544e-09
0.15580716,2.6987073e-06,8.9259959e-05,0.0049650078,6.0663573e-06,7.9126247e-09
0.15586291,2.6969347e-06,8.6261458e-05,0.005252875,6.0472174e-06,8.3711325e-09
0.15591865,2.6944502e-06,8.3461868e-05,0.0050411004,6.0264687e-06,9.6614055e-09
0.15597443,2.6958575e-06,8.0979097e-05,0.0050319817,6.0161414e-06,7.7415997e-09
0.1560302,2.6890044e-06,7.8424512e-05,0.0052862368,5.9892356e-06,8.2722411e-09
0.156086,2.6936286e-06,7.6338219e-05,0.0047913427,5.9884166e-06,9.1741592e-09
0.1561418,2.6858229e-06,7.4059907e-05,0.0053624505,5.9616516e-06,7.9469897e-09
0.15619763,2.6891956e-06,7.2228497e-05,0.0048615654,5.963859e-06,8.4531251e-09
0.15625348,2.6838571e-06,7.0249842e-05,0.0052024792,5.9447317e-06,9.6918747e-09
0.15630934,2.6840681e-06,6.8581942e-05,0.0048574694,5.9442502e-06,8.022284e-09
0.15636522,2.6820651e-06,6.6916089e-05,0.0052354447,5.9355251e-06,9.379972e-09
0.15642111,2.6802907e-06,6.5329641e-05,0.0049326571,5.9271673e-06,7.8816975e-09
0.15647947,2.6804944e-06,6.3814095e-05,0.0051610555,5.9237081e-06,9.0999332e-09
0.15653541,2.6796424e-06,6.2413492e-05,0.0048850204,5.9191079e-06,7.7150593e-09
0.15659138,2.6813857e-06,6.1144993e-05,0.0049336687,5.9205744e-06,9.9324266e-09
0.15664736,2.6777083e-06,5.9798054e-05,0.0051019402,5.9090787e-06,8.2559532e-09
0.15670338,2.683213e-06,5.8715678e-05,0.0048370182,5.9189166e-06,7.8650517e-09
0.15675941,2.6773583e-06,5.7444468e-05,0.0052720602,5.9054065e-06,8.4555285e-09
0.15681548,2.6846128e-06,5.6499782e-05,0.0047439955,5.9204622e-06,7.5207296e-09
0.15687158,2.6816927e-06,5.537568e-05,0.0050893756,5.9126711e-06,9.9326492e-09
0.15692771,2.6871737e-06,5.4478031e-05,0.0047980365,5.924018e-06,8.4336431e-09
0.15698389,2.6882078e-06,5.3525522e-05,0.0051507984,5.925889e-06,9.906529e-09
0.15704009,2.6898055e-06,5.2614417e-05,0.0052446688,5.9280959e-06,8.3938559e-09
0.15709635,2.6960607e-06,5.1824049e-05,0.0051854617,5.9409255e-06,7.5806116e-09
0.15715265,2.6958209e-06,5.0949857e-05,0.0055231973,5.943395e-06,7.6247849e-09
0.157209,2.7030369e-06,5.0244021e-05,0.0052238236,5.9570883e-06,8.6303743e-09
0.15726541,2.7011176e-06,4.9418998e-05,0.0056454926,5.9528144e-06,9.8838497e-09
0.15732186,2.7077914e-06,4.8769986e-05,0.0051766941,5.9667866e-06,8.087739e-09
0.15738083,2.7070999e-06,4.7981306e-05,0.0056513508,5.9646603e-06,9.1756868e-09
0.1574374,2.7140326e-06,4.7398375e-05,0.0053242014,5.9807138e-06,7.9998285e-09
0.15749404,2.7138431e-06,4.6734765e-05,0.0055571378,5.9835995e-06,9.4228746e-09
0.15755073,2.7182694e-06,4.6153316e-05,0.0054452602,5.9944195e-06,8.2578685e-09
0.15760749,2.7224995e-06,4.559859e-05,0.0054779365,6.0053428e-06,7.879185e-09
0.15766431,2.7243893e-06,4.5031446e-05,0.0055032127,6.0114611e-06,9.4272269e-09
0.15772121,2.7297052e-06,4.4540424e-05,0.0055430754,6.0251523e-06,8.5402098e-09
0.15777818,2.729111e-06,4.3968925e-05,0.0056805139,6.0237831e-06,8.2434982e-09
0.15783523,2.7374469e-06,4.3562311e-05,0.0054413655,6.0416795e-06,8.0372601e-09
0.15789237,2.7364906e-06,4.3031629e-05,0.0057333937,6.039167e-06,7.556326e-09
0.15794959,2.7446973e-06,4.266015e-05,0.00537837,6.0575047e-06,8.6977042e-09
0.15800692,2.7485942e-06,4.2238537e-05,0.0057243935,6.0646328e-06,7.9163328e-09
0.15806434,2.7537803e-06,4.1855168e-05,0.0055403864,6.0748785e-06,9.6669086e-09
0.15812187,2.7603375e-06,4.1509025e-05,0.0055793754,6.0863374e-06,8.4715011e-09
0.15817951,2.7637173e-06,4.1136496e-05,0.0057245001,6.0913981e-06,7.6023104e-09
0.15823728,2.7716106e-06,4.0848829e-05,0.0055759339,6.1075838e-06,9.8054966e-09
0.15829515,2.7741285e-06,4.0486301e-05,0.0057650267,6.1089905e-06,8.8054738e-09
0.15835568,2.7852048e-06,4.0254229e-05,0.0056525461,6.1294371e-06,7.6714797e-09
0.15841381,2.7884441e-06,3.9929011e-05,0.0058190377,6.1299001e-06,1.000557e-08
0.15847206,2.7987093e-06,3.9729199e-05,0.0054345928,6.1491105e-06,8.3689005e-09
0.15853045,2.8029184e-06,3.9465953e-05,0.0057820581,6.1553693e-06,7.5462579e-09
0.15858896,2.8103714e-06,3.9257728e-05,0.00555044,6.1698765e-06,8.7549216e-09
0.15864761,2.8174335e-06,3.9054817e-05,0.0056325351,6.1824147e-06,7.5789116e-09
0.15870638,2.8222724e-06,3.8853283e-05,0.0058527051,6.1917506e-06,8.6739929e-09
0.1587653,2.8296671e-06,3.8716591e-05,0.0056503155,6.2073606e-06,7.8102001e-09
0.15882434,2.8317049e-06,3.8504589e-05,0.0059218916,6.2108085e-06,7.838411e-09
0.15888353,2.8394494e-06,3.8407487e-05,0.0056379245,6.2301714e-06,7.3981905e-09
0.15894287,2.8404086e-06,3.8242602e-05,0.0057608441,6.2362449e-06,7.6360448e-09
0.15900234,2.8519271e-06,3.8181636e-05,0.0056052819,6.2577977e-06,9.314415e-09
0.15906197,2.8541537e-06,3.8080827e-05,0.0058243623,6.2695494e-06,8.281788e-09
0.15912174,2.8582539e-06,3.8014743e-05,0.00569852,6.2865982e-06,8.5154458e-09
0.15918168,2.864926e-06,3.7988935e-05,0.0057263333,6.3087936e-06,9.0121695e-09
0.15924176,2.8665858e-06,3.7901832e-05,0.0057920287,6.3181317e-06,8.9280038e-09
0.15930462,2.874758e-06,3.7914668e-05,0.0055993245,6.3425872e-06,9.4795644e-09
0.15936503,2.8762845e-06,3.7858069e-05,0.0057359261,6.3514824e-06,7.2739995e-09
0.15942561,2.8856609e-06,3.7922348e-05,0.0054570353,6.3785015e-06,8.2883616e-09
0.15948635,2.8877395e-06,3.7899249e-05,0.0057582008,6.3873596e-06,7.9815845e-09
0.15954725,2.8965733e-06,3.7994927e-05,0.0053781115,6.4121816e-06,6.8645252e-09
0.15960833,2.9007983e-06,3.8039115e-05,0.0057246267,6.4262578e-06,7.3496673e-09
0.15966957,2.9088261e-06,3.8140381e-05,0.0055701343,6.4475792e-06,9.8884334e-09
0.15973099,2.9152839e-06,3.8244021e-05,0.0055053216,6.4666011e-06,8.6282434e-09
0.15979258,2.9200167e-06,3.8325631e-05,0.0056565297,6.481428e-06,7.5271452e-09
0.15985435,2.9282361e-06,3.8466514e-05,0.0054450483,6.5036893e-06,7.5951625e-09
0.15991629,2.9313226e-06,3.8549833e-05,0.0058113364,6.5155299e-06,9.3826387e-09
0.15997841,2.9416207e-06,3.8750959e-05,0.0054315818,6.5464271e-06,8.3971469e-09
0.16004071,2.944707e-06,3.8875832e-05,0.0055999315,6.564201e-06,7.6040963e-09
0.16010317,2.9528664e-06,3.9075638e-05,0.005410275,6.5922116e-06,7.5933229e-09
0.16016583,2.958388e-06,3.9262491e-05,0.0056453468,6.6155424e-06,9.2959752e-09
0.16022865,2.9636369e-06,3.9448453e-05,0.0056334631,6.6373833e-06,9.5643766e-09
0.16029164,2.9703009e-06,3.9689665e-05,0.0054708034,6.6657643e-06,9.0129375e-09
0.16035757,2.9755108e-06,3.9911185e-05,0.0055411123,6.6897572e-06,8.6611624e-09
0.16042092,2.9823379e-06,4.0179622e-05,0.0054233769,6.7192351e-06,8.4845215e-09
0.16048445,2.9883886e-06,4.038647e-05,0.0057385145,6.7352228e-06,8.5213963e-09
0.16054817,2.9940263e-06,4.0715989e-05,0.0053071179,6.7722185e-06,8.5525064e-09
0.16061206,2.9970052e-06,4.0966198e-05,0.0055569373,6.7926037e-06,8.5802602e-09
0.16067615,3.0066443e-06,4.1332089e-05,0.0052754788,6.8292083e-06,8.9308715e-09
0.16074043,3.0124324e-06,4.1666117e-05,0.0055611781,6.8578709e-06,9.5594426e-09
0.16080489,3.0196759e-06,4.2032951e-05,0.005368746,6.8899325e-06,9.0942353e-09
0.16086957,3.0272005e-06,4.2426709e-05,0.0055106995,6.923641e-06,9.3087579e-09
0.16093443,3.032987e-06,4.2829667e-05,0.0054024361,6.9545861e-06,9.9301612e-09
0.16099952,3.0403962e-06,4.3300017e-05,0.0054094026,6.9940408e-06,9.6678441e-09
0.16106481,3.0456126e-06,4.3713548e-05,0.0055544458,7.0206116e-06,9.0508212e-09
0.16113033,3.0562182e-06,4.4280974e-05,0.0053068139,7.0691718e-06,8.411747e-09
0.16119606,3.058859e-06,4.4748462e-05,0.0055948059,7.0993986e-06,7.952023e-09
0.16126203,3.0708694e-06,4.538455e-05,0.0054081571,7.1518005e-06,7.3847236e-09
0.16132824,3.07699e-06,4.5967844e-05,0.005696832,7.1907498e-06,7.6783142e-09
0.16139467,3.0872915e-06,4.6629015e-05,0.0056512707,7.2394051e-06,9.7034023e-09
0.16146426,3.0940606e-06,4.7295181e-05,0.0056845384,7.2814276e-06,9.6940045e-09
0.16153119,3.1043583e-06,4.8027093e-05,0.0056818911,7.3315968e-06,9.3160042e-09
0.16159837,3.1118324e-06,4.874933e-05,0.0059935456,7.3758816e-06,8.7053914e-09
0.16166579,3.1200573e-06,4.9510622e-05,0.005806615,7.4215312e-06,8.2117562e-09
0.16173347,3.1293184e-06,5.0391911e-05,0.0056869329,7.4768379e-06,7.6994886e-09
0.16180139,3.1346903e-06,5.1203538e-05,0.0059555834,7.5172531e-06,7.3430413e-09
0.16186958,3.1486632e-06,5.2233387e-05,0.0059612755,7.5801886e-06,7.3798286e-09
0.16193801,3.1522731e-06,5.3165308e-05,0.0058919573,7.6171656e-06,7.5352951e-09
0.16200671,3.1697973e-06,5.439563e-05,0.0058322446,7.6869046e-06,7.4920603e-09
0.16207568,3.1776294e-06,5.5512033e-05,0.0060353696,7.7296906e-06,7.4135496e-09
0.16214491,3.196885e-06,5.6871395e-05,0.0056246028,7.7984105e-06,7.5242259e-09
0.16221443,3.2092448e-06,5.8174917e-05,0.0059035854,7.8498507e-06,8.773397e-09
0.16228422,3.226942e-06,5.9652419e-05,0.0060394735,7.9140379e-06,8.9274404e-09
0.16235431,3.2433966e-06,6.1216385e-05,0.0063155311,7.9745754e-06,8.4460686e-09
0.16242468,3.2602105e-06,6.2911993e-05,0.0060484256,8.036185e-06,1.0250237e-08
0.16249538,3.2799762e-06,6.479014e-05,0.0061149113,8.1033461e-06,8.02324e-09
0.16256948,3.302087e-06,6.6907051e-05,0.0061935892,8.1727591e-06,1.0305947e-08
0.16264084,3.3246366e-06,6.9129312e-05,0.0061636564,8.2419121e-06,8.2403324e-09
0.16271254,3.3474181e-06,7.1496821e-05,0.0062988726,8.3048324e-06,7.4247508e-09
0.16278461,3.3760961e-06,7.4195569e-05,0.0062367834,8.3820578e-06,9.0241144e-09
0.16285704,3.3990777e-06,7.6995598e-05,0.0061383326,8.4401144e-06,9.6743051e-09
0.16292988,3.4344012e-06,8.033186e-05,0.0064483583,8.5241674e-06,1.0281054e-08
0.1630031,3.4584288e-06,8.3701749e-05,0.0063648857,8.5749909e-06,9.6211537e-09
0.16307675,3.4989255e-06,8.7799536e-05,0.0065935216,8.6622121e-06,8.0264739e-09
0.16315081,3.5301996e-06,9.2078943e-05,0.0064059621,8.7255766e-06,1.0188928e-08
0.16322534,3.5789034e-06,9.7325977e-05,0.0064168787,8.8233701e-06,8.0536931e-09
0.16330033,3.6149137e-06,0.00010282964,0.0068495953,8.8827079e-06,7.0295735e-09
0.16337582,3.6657478e-06,0.00010947445,0.0063626995,8.9740328e-06,7.4675322e-09
0.1634518,3.7062372e-06,0.00011662532,0.0070192735,9.0320348e-06,9.355849e-09
0.16352832,3.7695131e-06,0.00012543232,0.0067300597,9.1333022e-06,1.0304479e-08
0.16360537,3.8175532e-06,0.00013494052,0.0071276277,9.1920695e-06,7.7922081e-09
0.16368301,3.8841822e-06,0.00014654734,0.0065264745,9.2886566e-06,6.948016e-09
0.16376123,3.9447794e-06,0.00015960067,0.0068437931,9.3575783e-06,8.8858285e-09
0.1638435,4.0235106e-06,0.00017599752,0.0068089188,9.4603754e-06,9.1259403e-09
0.16392295,4.0870636e-06,0.00019334543,0.007430756,9.5199007e-06,7.2197576e-09
0.16400303,4.1697921e-06,0.00021375085,0.0076704634,9.6164683e-06,6.7856228e-09
0.1640833,4.1845246e-06,0.00023152528,0.0076780208,9.5561282e-06,6.5549352e-09
0.16416246,4.1686797e-06,0.00024566201,0.0072058024,9.4286481e-06,1.0158571e-08
0.16424048,4.1514544e-06,0.00025587839,0.0072679729,9.2969041e-06,8.6726838e-09
0.16431738,4.1331055e-06,0.00026011679,0.0072411147,9.1681578e-06,8.5994792e-09
0.16439319,4.1164702e-06,0.00025681184,0.0071914328,9.0505062e-06,7.2803037e-09
0.16446793,4.097989e-06,0.00024798611,0.0069884219,8.9345803e-06,9.99686e-09
0.16454164,4.0816908e-06,0.00023613963,0.0069094828,8.8304708e-06,7.9437213e-09
0.16461437,4.0571433e-06,0.00022170103,0.0070457893,8.7146563e-06,6.81495e-09
0.16468615,4.0413482e-06,0.00020694032,0.0066333482,8.6215201e-06,7.6284246e-09
0.16475702,4.0207869e-06,0.00019194891,0.0068808353,8.5288952e-06,8.8928132e-09
0.16482702,3.9968852e-06,0.00017720298,0.0067478805,8.4357849e-06,8.5718857e-09
0.16489621,3.9759648e-06,0.00016379457,0.0063775595,8.3538675e-06,9.5121908e-09
0.16496462,3.9567055e-06,0.00015192522,0.0066205398,8.2835127e-06,8.4274015e-09
0.16503521,3.9296732e-06,0.00014070435,0.0064339734,8.1996101e-06,7.1574962e-09
0.16510215,3.9096845e-06,0.00013140997,0.0066813395,8.1388864e-06,1.016551e-08
0.16516844,3.8873547e-06,0.00012307939,0.0065033647,8.0764869e-06,7.9711066e-09
0.16523414,3.8686803e-06,0.00011575409,0.0066934134,8.0255502e-06,8.8032378e-09
0.16529927,3.8407795e-06,0.00010893135,0.0060012419,7.959566e-06,8.979152e-09
0.16536388,3.8243122e-06,0.00010307619,0.0063200616,7.9189748e-06,8.8579739e-09
0.16542802,3.8058825e-06,9.7698477e-05,0.005950817,7.8761591e-06,8.216807e-09
0.16549173,3.791891e-06,9.2940847e-05,0.0058252118,7.8447071e-06,6.9304111e-09
0.16555504,3.7700761e-06,8.8387292e-05,0.0060425903,7.7948867e-06,1.0026699e-08
0.165618,3.7590605e-06,8.4501677e-05,0.0058860136,7.7735964e-06,8.6062063e-09
0.16568065,3.7458932e-06,8.0904325e-05,0.00566955,7.749932e-06,7.3558812e-09
0.16574302,3.7306214e-06,7.756029e-05,0.0058149912,7.7234555e-06,8.8050244e-09
0.16580515,3.7138004e-06,7.4446806e-05,0.0059825569,7.6943255e-06,6.8011318e-09
0.1658671,3.704221e-06,7.1719975e-05,0.0058816962,7.6810662e-06,8.8848145e-09
0.16592887,3.6928534e-06,6.9180887e-05,0.0057431589,7.6659464e-06,7.8744904e-09
0.16599053,3.679108e-06,6.6815649e-05,0.005537093,7.649759e-06,7.229203e-09
0.16605208,3.6749286e-06,6.4804282e-05,0.0056231912,7.655164e-06,8.2671851e-09
0.1661163,3.6683e-06,6.2855766e-05,0.0056619614,7.6621683e-06,9.7507589e-09
0.16617784,3.6609697e-06,6.1146866e-05,0.0056106781,7.6684529e-06,9.0418042e-09
0.16623939,3.6576496e-06,5.9573036e-05,0.0056388614,7.6743943e-06,8.666018e-09
0.16630093,3.6507352e-06,5.8109616e-05,0.0057201103,7.6804458e-06,8.4398448e-09
0.16636248,3.643897e-06,5.6766245e-05,0.0059796185,7.6865171e-06,9.0856757e-09
0.16642424,3.6533825e-06,5.5773345e-05,0.0056910902,7.7278514e-06,1.0612902e-08
0.16648607,3.6457448e-06,5.4611904e-05,0.0055280297,7.734347e-06,7.3047859e-09
0.16654814,3.6598399e-06,5.3863078e-05,0.0059352399,7.7874325e-06,9.6127877e-09
0.16661034,3.6514488e-06,5.2857607e-05,0.0062277803,7.7941008e-06,9.6148095e-09
0.16667291,3.6734141e-06,5.2363046e-05,0.006451894,7.866955e-06,9.8787045e-09
0.16673563,3.6642292e-06,5.1501274e-05,0.0063133707,7.8749752e-06,1.0195539e-08
0.16679865,3.7115676e-06,5.1489551e-05,0.0066684073,8.0084349e-06,8.6670773e-09
0.16686235,3.7012698e-06,5.0740118e-05,0.0063085812,8.0207841e-06,7.4375809e-09
0.16692606,3.6890657e-06,5.0046591e-05,0.0064725148,8.0364882e-06,8.2705148e-09
0.16699015,3.7273376e-06,5.0073428e-05,0.0064472027,8.1644206e-06,1.0386186e-08
0.16705496,3.7435418e-06,4.9853555e-05,0.0064881309,8.249182e-06,7.4981111e-09
0.16712314,3.7624763e-06,4.9702683e-05,0.0066482505,8.3497274e-06,8.3197719e-09
0.16718905,3.783992e-06,4.9629785e-05,0.006792782,8.4581751e-06,7.4806848e-09
0.16725555,3.8059964e-06,4.9616397e-05,0.006518881,8.5714437e-06,8.6841122e-09
0.16732267,3.8320358e-06,4.9660257e-05,0.0064696773,8.6958259e-06,7.635298e-09
0.16739047,3.8624479e-06,4.9785806e-05,0.006623511,8.8330155e-06,9.7165998e-09
0.16745899,3.8943762e-06,4.9957225e-05,0.0069237572,8.9747568e-06,8.329072e-09
0.16752828,3.9310442e-06,5.019904e-05,0.0071613115,9.1212392e-06,7.8157197e-09
0.16759837,3.973606e-06,5.0553748e-05,0.0068819445,9.2779687e-06,1.006621e-08
0.16766933,4.015507e-06,5.0950353e-05,0.0068044572,9.4327204e-06,9.602268e-09
0.16774121,4.0621129e-06,5.1458312e-05,0.0069015062,9.5910715e-06,9.4251787e-09
0.16781375,4.050719e-06,5.1291572e-05,0.0075901262,9.6054847e-06,9.244543e-09
0.16788563,4.0058104e-06,5.076271e-05,0.0071040382,9.5342074e-06,8.8991389e-09
0.1679567,3.9474182e-06,5.0114975e-05,0.0070094396,9.4212611e-06,8.0299129e-09
0.16802699,3.9019232e-06,4.9699711e-05,0.0069425385,9.3319763e-06,6.8987177e-09
0.1680965,3.8488134e-06,4.9212935e-05,0.0068722848,9.2146871e-06,9.8188983e-09
0.1681653,3.801625e-06,4.8874547e-05,0.0067664968,9.1048364e-06,9.2903062e-09
0.16823336,3.7545893e-06,4.859845e-05,0.0064633443,8.9917479e-06,8.0706641e-09
0.16830368,3.7019503e-06,4.8308359e-05,0.0068031019,8.856861e-06,6.8250465e-09
0.16837041,3.6654455e-06,4.8256633e-05,0.0064797345,8.7603391e-06,9.8913783e-09
0.16843652,3.6163625e-06,4.8079416e-05,0.0065784756,8.6275094e-06,8.5228566e-09
0.16850207,3.584342e-06,4.8169146e-05,0.0063543268,8.5327227e-06,7.2579872e-09
0.16856707,3.540422e-06,4.8138293e-05,0.0065709859,8.4088423e-06,1.006677e-08
0.16863158,3.5083137e-06,4.8331555e-05,0.0063235471,8.316943e-06,9.3244212e-09
0.16869562,3.4684595e-06,4.8499711e-05,0.0064087489,8.2091771e-06,8.2161163e-09
0.16875926,3.4371283e-06,4.8825907e-05,0.0062748592,8.1203977e-06,9.9948028e-09
0.16882248,3.4025709e-06,4.9168035e-05,0.0061081683,8.0252237e-06,8.5421481e-09
0.16888536,3.3717588e-06,4.9639582e-05,0.0061879573,7.9408343e-06,7.0784905e-09
0.1689479,3.3401588e-06,5.0164538e-05,0.0059761448,7.8569113e-06,9.0892794e-09
0.16901016,3.3085266e-06,5.0769945e-05,0.0060995657,7.7771139e-06,7.9101073e-09
0.16907213,3.2796104e-06,5.1502441e-05,0.0057399427,7.7071053e-06,8.3850709e-09
0.16913387,3.2458533e-06,5.2242671e-05,0.0058899996,7.62886e-06,1.0024863e-08
0.16919537,3.2194432e-06,5.3153006e-05,0.0056796267,7.5711493e-06,7.7649153e-09
0.16925667,3.1858288e-06,5.4039981e-05,0.0060269393,7.4996514e-06,9.3725773e-09
0.16932044,3.1602886e-06,5.5214803e-05,0.0056856169,7.4519787e-06,7.1838762e-09
0.16938138,3.1259148e-06,5.6246968e-05,0.005827508,7.3850569e-06,8.6023498e-09
0.16944216,3.1055687e-06,5.7611204e-05,0.0057422885,7.3569873e-06,9.9442817e-09
0.1695028,3.0736988e-06,5.881655e-05,0.0059007909,7.3062616e-06,8.0678064e-09
0.16956332,3.056606e-06,6.0347045e-05,0.0053497941,7.2936548e-06,8.9290446e-09
0.16962371,3.0279353e-06,6.1727674e-05,0.0058504293,7.2593012e-06,6.5873655e-09
0.16968401,3.0139195e-06,6.3436418e-05,0.0052098897,7.2609771e-06,7.9453156e-09
0.16974422,2.9881026e-06,6.5007106e-05,0.0057345259,7.2382939e-06,9.4282458e-09
0.16980435,2.9740837e-06,6.6891587e-05,0.0050787901,7.2448851e-06,8.0227871e-09
0.16986438,2.9492088e-06,6.8580061e-05,0.0056220205,7.224172e-06,8.6634052e-09
0.16992433,2.9376401e-06,7.0653497e-05,0.0051156235,7.2359396e-06,1.0000794e-08
0.16998419,2.9151035e-06,7.2501199e-05,0.0053254112,7.2158991e-06,8.2286781e-09
0.17004398,2.9074367e-06,7.4789254e-05,0.0049091859,7.2298221e-06,9.4927439e-09
0.17010368,2.8857031e-06,7.6754915e-05,0.0053889132,7.2026729e-06,7.2584676e-09
0.17016329,2.8805828e-06,7.9250969e-05,0.0049422174,7.2148499e-06,8.5866549e-09
0.17022283,2.8613921e-06,8.146671e-05,0.005185922,7.1869181e-06,1.0029776e-08
0.17028227,2.8580884e-06,8.4203074e-05,0.0051685519,7.1943085e-06,7.7163826e-09
0.17034421,2.8394539e-06,8.6744791e-05,0.0054293272,7.1601617e-06,8.3792301e-09
0.17040348,2.8368708e-06,8.9760495e-05,0.0050946275,7.1626228e-06,7.474019e-09
0.17046265,2.8212958e-06,9.2413633e-05,0.0054039351,7.1237997e-06,8.6743842e-09
0.17052172,2.8201868e-06,9.5762295e-05,0.0049137389,7.1233563e-06,1.0010159e-08
0.1705807,2.8063339e-06,9.8818809e-05,0.0052008968,7.0870497e-06,7.7813462e-09
0.17063956,2.8057655e-06,0.00010254748,0.0050170172,7.0833622e-06,9.2919624e-09
0.17069833,2.7954761e-06,0.00010611039,0.0053625151,7.0522002e-06,7.7404334e-09
0.17075697,2.7931801e-06,0.00011025814,0.0051770238,7.044187e-06,9.1939061e-09
0.17081552,2.7845682e-06,0.00011442283,0.0052223296,7.0140993e-06,7.9077863e-09
0.17087393,2.7823478e-06,0.00011914364,0.0050844918,7.0029203e-06,7.8160877e-09
0.17093223,2.7777411e-06,0.00012412493,0.0052219176,6.9823224e-06,8.8097903e-09
0.1709904,2.7739664e-06,0.00012951951,0.0050827191,6.9628313e-06,7.1913198e-09
0.17104847,2.7715754e-06,0.00013535157,0.0051372547,6.9454774e-06,8.3625507e-09
0.1711064,2.7656828e-06,0.00014138162,0.0052256911,6.9160228e-06,7.9410975e-09
0.17116422,2.7662422e-06,0.00014817314,0.0051766402,6.9043248e-06,9.4818873e-09
0.1712219,2.7568309e-06,0.00015431261,0.0053356766,6.8641323e-06,8.2987121e-09
0.17127949,2.759696e-06,0.00016103075,0.0050798703,6.8553258e-06,9.797563e-09
0.17133944,2.7505155e-06,0.0001670292,0.0054461058,6.8156856e-06,7.8269399e-09
0.1713968,2.7517904e-06,0.00017290155,0.0052036431,6.8035109e-06,9.3626766e-09
0.17145403,2.7395574e-06,0.00017763359,0.0053722383,6.7603982e-06,8.1598786e-09
0.17151118,2.7411972e-06,0.00018243966,0.0050648851,6.7507771e-06,8.7615822e-09
0.17156822,2.7294966e-06,0.00018548899,0.00539023,6.704711e-06,7.7024527e-09
0.17162518,2.7329647e-06,0.00018835559,0.0049340548,6.6940965e-06,8.2794408e-09
0.17168205,2.7228454e-06,0.0001887,0.0052076464,6.6502074e-06,9.9069675e-09
0.17173884,2.7224055e-06,0.00018783033,0.0049688803,6.6338634e-06,7.8818313e-09
0.17179557,2.7159695e-06,0.00018441705,0.0053025257,6.5950517e-06,8.8093238e-09
0.17185221,2.714741e-06,0.00017999524,0.0049451843,6.570761e-06,8.0234786e-09
0.17190882,2.7100978e-06,0.00017430302,0.0049998259,6.5392414e-06,8.4135533e-09
0.17196536,2.7056752e-06,0.00016792904,0.0050464431,6.508661e-06,9.3110513e-09
0.17202186,2.7051721e-06,0.00016121611,0.0050061595,6.4846806e-06,7.7326884e-09
0.17207832,2.6976299e-06,0.00015389207,0.0052232547,6.4438558e-06,8.7542156e-09
0.17213475,2.7007165e-06,0.00014702267,0.0050519705,6.4264777e-06,8.0939453e-09
0.17219114,2.6921815e-06,0.0001396672,0.0053565385,6.3819411e-06,8.1261985e-09
0.17224997,2.6953957e-06,0.00013313304,0.00495126,6.3662377e-06,9.061596e-09
0.17230632,2.6864764e-06,0.00012672183,0.0050746662,6.3226283e-06,8.398516e-09
0.17236266,2.6900698e-06,0.00012139637,0.0049943976,6.3112843e-06,9.5005163e-09
0.17241899,2.6808812e-06,0.00011585447,0.0050387436,6.2670284e-06,7.8894178e-09
0.17247531,2.6851739e-06,0.00011130641,0.0049466762,6.2562476e-06,8.9294016e-09
0.17253163,2.6787614e-06,0.00010665168,0.005214148,6.2205156e-06,7.9422055e-09
0.17258794,2.6803572e-06,0.00010266021,0.0047864479,6.2045573e-06,7.8210942e-09
0.17264426,2.6762729e-06,9.8773111e-05,0.0052251011,6.1770505e-06,9.1281483e-09
0.17270057,2.6740351e-06,9.5240878e-05,0.0049495069,6.1538771e-06,7.8309688e-09
0.17275689,2.6737612e-06,9.2023028e-05,0.0049406943,6.1355661e-06,8.2396791e-09
0.17281321,2.6694193e-06,8.8891734e-05,0.0050745151,6.1081658e-06,9.3507885e-09
0.17286955,2.6716273e-06,8.6201762e-05,0.0048426209,6.0969473e-06,7.9082875e-09
0.17292587,2.663701e-06,8.3391437e-05,0.0051463231,6.0646815e-06,7.9422355e-09
0.17298222,2.6684586e-06,8.1128328e-05,0.0047897701,6.0610695e-06,8.8201734e-09
0.17303856,2.6604757e-06,7.8631894e-05,0.0050175865,6.0292711e-06,9.7923176e-09
0.17309491,2.6653856e-06,7.6665088e-05,0.0049957454,6.0269284e-06,8.1651907e-09
0.17315126,2.6595203e-06,7.4522244e-05,0.0050240794,6.0034368e-06,9.7382094e-09
0.17321006,2.6628445e-06,7.2650679e-05,0.0048150752,5.9991803e-06,7.8869505e-09
0.17326642,2.6581872e-06,7.0754852e-05,0.0050870471,5.9798603e-06,9.6082789e-09
0.17332277,2.6602215e-06,6.9123037e-05,0.0049765203,5.9758585e-06,7.95514e-09
0.17337914,2.6594045e-06,6.7493844e-05,0.00501152,5.9646955e-06,7.5408731e-09
0.1734355,2.6587948e-06,6.5963247e-05,0.005021069,5.9570932e-06,9.4488409e-09
0.17349188,2.6612975e-06,6.4589305e-05,0.0047961694,5.95752e-06,8.2157869e-09
0.17354825,2.6571487e-06,6.311938e-05,0.0050218769,5.9437052e-06,7.9023984e-09
0.17360464,2.6627493e-06,6.195517e-05,0.0046664189,5.9526213e-06,7.6976227e-09
0.17366103,2.6560118e-06,6.0587743e-05,0.005127689,5.9368029e-06,7.6236078e-09
0.17371744,2.6623825e-06,5.9564197e-05,0.0046528467,5.9512473e-06,9.2907588e-09
0.17377386,2.6591711e-06,5.8345654e-05,0.0049554569,5.9416017e-06,7.6521309e-09
0.17383029,2.6621e-06,5.7349688e-05,0.0047667386,5.9532571e-06,8.4463417e-09
0.17388676,2.6628618e-06,5.6314618e-05,0.0049032524,5.9548342e-06,9.7688011e-09
0.17394323,2.6638853e-06,5.5329858e-05,0.0049857173,5.9589363e-06,7.6327251e-09
0.17399975,2.6664549e-06,5.4422901e-05,0.0048673105,5.9673332e-06,8.259872e-09
0.17405628,2.6643474e-06,5.3439554e-05,0.0050730694,5.9637937e-06,9.5926139e-09
0.17411531,2.6701222e-06,5.2616307e-05,0.004971168,5.9783608e-06,7.802019e-09
0.1741719,2.6685951e-06,5.1704283e-05,0.0050788292,5.9751184e-06,9.1288071e-09
0.17422854,2.6751128e-06,5.098133e-05,0.0049733602,5.9903167e-06,7.3416086e-09
0.1742852,2.672281e-06,5.010123e-05,0.0052489146,5.9835863e-06,8.4299705e-09
0.17434191,2.6798898e-06,4.9480974e-05,0.0049288592,6.0086181e-06,9.9972468e-09
0.17439865,2.6779301e-06,4.8696665e-05,0.0052816068,6.0050398e-06,8.2089606e-09
0.17445543,2.6835972e-06,4.8076969e-05,0.0050295671,6.0196009e-06,9.2278918e-09
0.17451227,2.6849978e-06,4.7412199e-05,0.0052708696,6.0246594e-06,7.9280256e-09
0.17456914,2.6865076e-06,4.6779324e-05,0.0052787646,6.0309943e-06,8.7959294e-09
0.17462609,2.6910323e-06,4.6219681e-05,0.0051211469,6.0429737e-06,7.5165831e-09
0.17468309,2.6893939e-06,4.5582572e-05,0.0053451032,6.0405028e-06,8.42899e-09
0.17474016,2.6974274e-06,4.5131512e-05,0.0051607236,6.0593442e-06,8.8729186e-09
0.1747973,2.6944872e-06,4.4524075e-05,0.0053930765,6.0528566e-06,8.7847184e-09
0.17485452,2.7033829e-06,4.4141304e-05,0.0050724271,6.0738988e-06,7.7840122e-09
0.17491184,2.7042107e-06,4.3632368e-05,0.0053737061,6.0742061e-06,9.7164729e-09
0.17496923,2.7114453e-06,4.3242855e-05,0.0052982142,6.0880458e-06,8.4247802e-09
0.17502673,2.7166864e-06,4.2843353e-05,0.0053885487,6.0969176e-06,7.6587721e-09
0.17508683,2.7235396e-06,4.2455383e-05,0.0053098688,6.1069046e-06,9.5714022e-09
0.17514455,2.7294723e-06,4.2102137e-05,0.0054045838,6.1160402e-06,8.1344184e-09
0.17520237,2.7339626e-06,4.1729387e-05,0.0055058352,6.1206313e-06,7.4204132e-09
0.17526031,2.7429792e-06,4.1451196e-05,0.0053581806,6.1367108e-06,9.6369855e-09
0.17531837,2.7459195e-06,4.1089192e-05,0.0057332646,6.1371803e-06,8.3287877e-09
0.17537656,2.7556197e-06,4.0859942e-05,0.0053812784,6.1559619e-06,7.5494583e-09
0.17543488,2.7596168e-06,4.0548809e-05,0.0055760316,6.1605501e-06,9.6091599e-09
0.17549331,2.7685792e-06,4.0332154e-05,0.0054233392,6.1770788e-06,8.4181856e-09
0.17555189,2.7745661e-06,4.0094044e-05,0.0055284716,6.1864458e-06,7.5296397e-09
0.17561057,2.7802508e-06,3.9862892e-05,0.0055449377,6.1955189e-06,9.9383983e-09
0.1756694,2.7889394e-06,3.9694527e-05,0.0055974509,6.2124879e-06,9.5679945e-09
0.17572834,2.7910514e-06,3.945299e-05,0.0057820149,6.2149151e-06,1.0193632e-08
0.17578742,2.798776e-06,3.9319118e-05,0.0055742057,6.2330396e-06,9.3965003e-09
0.17584662,2.8007928e-06,3.9109178e-05,0.0058179892,6.2364807e-06,1.0023477e-08
0.17590596,2.809054e-06,3.902062e-05,0.0053171635,6.257727e-06,9.1403763e-09
0.17596543,2.8114528e-06,3.8863228e-05,0.0056507733,6.2654066e-06,8.5124854e-09
0.17602764,2.8176057e-06,3.8782928e-05,0.0053845672,6.2838813e-06,8.1786489e-09
0.1760874,2.8203525e-06,3.8682537e-05,0.0056004098,6.2961113e-06,7.7407309e-09
0.1761473,2.8246212e-06,3.8614377e-05,0.0056506038,6.3130855e-06,7.4294861e-09
0.17620736,2.8292045e-06,3.8563684e-05,0.0055593562,6.3301332e-06,7.6382555e-09
0.17626757,2.8326282e-06,3.851321e-05,0.0056446734,6.3434777e-06,7.4159039e-09
0.17632794,2.8385171e-06,3.852836e-05,0.0054645829,6.3661874e-06,7.7072463e-09
0.17638845,2.8441444e-06,3.8451199e-05,0.0057397224,6.3732238e-06,9.140541e-09
0.17644912,2.8520208e-06,3.8520515e-05,0.0053411884,6.3994213e-06,6.8784274e-09
0.17650995,2.8546648e-06,3.8521008e-05,0.0054831897,6.4118126e-06,7.6961417e-09
0.17657092,2.8615335e-06,3.8589371e-05,0.005393505,6.4342831e-06,8.505096e-09
0.17663206,2.8676559e-06,3.8662594e-05,0.0055504809,6.4553192e-06,7.3694657e-09
0.17669335,2.8718563e-06,3.8716534e-05,0.0053660845,6.4724668e-06,7.4223181e-09
0.1767548,2.878839e-06,3.8820441e-05,0.0054563192,6.4974704e-06,9.2295267e-09
0.1768164,2.8806329e-06,3.88689e-05,0.0054523909,6.5112933e-06,7.8312887e-09
0.17687818,2.8900417e-06,3.9031973e-05,0.0052415698,6.5410968e-06,7.3727684e-09
0.17694011,2.8920232e-06,3.909956e-05,0.0054680285,6.5555967e-06,9.5768682e-09
0.17700221,2.9030873e-06,3.9296455e-05,0.0052679268,6.5890888e-06,8.2631345e-09
0.17706719,2.9060278e-06,3.9401526e-05,0.0054298231,6.6065442e-06,7.7034395e-09
0.17712964,2.9152291e-06,3.9606412e-05,0.0052524512,6.6385961e-06,7.5654271e-09
0.17719226,2.9200751e-06,3.9768978e-05,0.0054486916,6.6614589e-06,7.7769845e-09
0.17725504,2.9260103e-06,3.9977341e-05,0.0052948213,6.6882765e-06,9.6401466e-09
0.177318,2.9327532e-06,4.0216968e-05,0.0053994768,6.7172937e-06,9.1772408e-09
0.17738114,2.9363123e-06,4.0431635e-05,0.0052537378,6.7397994e-06,8.9191604e-09
0.17744446,2.9442596e-06,4.0732033e-05,0.0053346767,6.7735651e-06,9.1061425e-09
0.17750795,2.9456923e-06,4.0954363e-05,0.005414235,6.7917797e-06,9.2353925e-09
0.17757163,2.955919e-06,4.1308663e-05,0.0052046125,6.8309115e-06,9.5263409e-09
0.1776355,2.9579272e-06,4.1580002e-05,0.0052630246,6.8545249e-06,9.7113316e-09
0.17769955,2.967478e-06,4.1966802e-05,0.0052369935,6.8927429e-06,7.5239126e-09
0.1777638,2.9723172e-06,4.2307149e-05,0.0053318286,6.9211251e-06,7.2871554e-09
0.17782824,2.978918e-06,4.2685957e-05,0.0054055827,6.9539455e-06,7.7980688e-09
0.17789289,2.9875706e-06,4.3111323e-05,0.0052155345,6.9910545e-06,7.687586e-09
0.17795775,2.9925453e-06,4.3510606e-05,0.0055474907,7.0211106e-06,1.009055e-08
0.17802283,3.0038629e-06,4.4002879e-05,0.0052355833,7.0649394e-06,9.2090518e-09
0.17809097,3.009483e-06,4.4464684e-05,0.0054827254,7.0979173e-06,8.4900153e-09
0.17815651,3.0203604e-06,4.5016282e-05,0.0053670612,7.1431359e-06,7.5223246e-09
0.17822228,3.0238064e-06,4.5490107e-05,0.0054142554,7.1728824e-06,7.849161e-09
0.1782883,3.0365744e-06,4.612833e-05,0.0055384689,7.2251315e-06,9.3932496e-09
0.17835455,3.0408346e-06,4.6685549e-05,0.0055624855,7.2592493e-06,9.8343753e-09
0.17842105,3.0562872e-06,4.7403529e-05,0.0054885035,7.3143089e-06,9.2731544e-09
0.17848781,3.0632903e-06,4.8060728e-05,0.0059025688,7.3556331e-06,8.6419868e-09
0.1785548,3.07336e-06,4.8796676e-05,0.0056307121,7.405531e-06,7.9074176e-09
0.17862206,3.0826049e-06,4.956898e-05,0.0056677609,7.4539146e-06,6.9961991e-09
0.17868956,3.0899578e-06,5.0351369e-05,0.0057411885,7.499541e-06,7.9727939e-09
0.17875734,3.1033833e-06,5.1259849e-05,0.0059264469,7.5594665e-06,9.6323356e-09
0.17882536,3.1074989e-06,5.2078295e-05,0.0058120666,7.6005754e-06,8.6353488e-09
0.17889366,3.1216387e-06,5.3103176e-05,0.005626139,7.6645363e-06,7.8077434e-09
0.17896222,3.1261726e-06,5.401593e-05,0.0058457373,7.7040562e-06,7.7542566e-09
0.17903106,3.1446987e-06,5.522072e-05,0.0057452967,7.7765226e-06,7.7898845e-09
0.17910018,3.152712e-06,5.6298223e-05,0.0058512623,7.8212329e-06,8.0474136e-09
0.17916957,3.1732909e-06,5.7642019e-05,0.0057980764,7.8943215e-06,8.6163014e-09
0.1792423,3.1836693e-06,5.8937005e-05,0.0061128609,7.9435329e-06,9.7778841e-09
0.17931231,3.2069383e-06,6.0517298e-05,0.0056892439,8.0231703e-06,7.5399259e-09
0.17938262,3.2203002e-06,6.2024925e-05,0.0059204376,8.0793239e-06,8.4449743e-09
0.17945325,3.2417509e-06,6.3799102e-05,0.0058932542,8.1544408e-06,9.8539214e-09
0.17952422,3.2606351e-06,6.5645287e-05,0.0058444996,8.2220921e-06,7.7473989e-09
0.17959552,3.2835138e-06,6.7701917e-05,0.0058267743,8.2958135e-06,9.827595e-09
0.1796672,3.3065615e-06,6.9939676e-05,0.0060640533,8.365837e-06,7.7480742e-09
0.17973923,3.3297975e-06,7.2356607e-05,0.0060653994,8.4328256e-06,9.5924106e-09
0.17981167,3.3595941e-06,7.5121772e-05,0.0063422063,8.5128584e-06,9.0186914e-09
0.1798845,3.3857074e-06,7.8029712e-05,0.0061198635,8.5792052e-06,8.9063769e-09
0.17995775,3.4210855e-06,8.1399857e-05,0.0060355214,8.6634525e-06,8.1705286e-09
0.18003143,3.4499993e-06,8.4927253e-05,0.0062920796,8.7272005e-06,8.6525437e-09
0.18010556,3.4913476e-06,8.9132171e-05,0.0062759786,8.8162844e-06,8.4772249e-09
0.18018013,3.5239864e-06,9.3603882e-05,0.0063770029,8.8813191e-06,8.4867835e-09
0.18025521,3.5710054e-06,9.8972479e-05,0.0062855599,8.9779351e-06,8.4842155e-09
0.18033077,3.6078326e-06,0.00010471103,0.0064610147,9.0481679e-06,9.7720416e-09
0.18040686,3.6634351e-06,0.00011171503,0.0063850105,9.1486203e-06,8.205828e-09
0.18048683,3.7132228e-06,0.00011972311,0.0066864498,9.2253702e-06,1.0342706e-08
0.18056406,3.7743839e-06,0.00012885282,0.0065541633,9.3226726e-06,7.8129111e-09
0.18064185,3.8286613e-06,0.00013901779,0.0066045374,9.3957283e-06,8.9058026e-09
0.18072026,3.9005166e-06,0.00015132346,0.0067653272,9.5018105e-06,8.5087351e-09
0.18079928,3.9629388e-06,0.00016505805,0.0068997191,9.5770546e-06,7.7310484e-09
0.18087895,4.0415191e-06,0.00018146678,0.0069714051,9.6783722e-06,8.1196822e-09
0.18095925,4.1104978e-06,0.00019973528,0.0073477457,9.7527442e-06,7.3392661e-09
0.18103971,4.1236792e-06,0.00021713418,0.0075329531,9.6893019e-06,6.5803429e-09
0.18111904,4.1063127e-06,0.00023237459,0.0074360716,9.5596643e-06,9.5017183e-09
0.1811972,4.0900242e-06,0.00024533939,0.0070777565,9.4291969e-06,9.4546616e-09
0.18127422,4.0750393e-06,0.00025459393,0.0068813477,9.3072562e-06,7.1619177e-09
0.18135015,4.0601433e-06,0.00025775817,0.0070489901,9.1893221e-06,8.4963689e-09
0.181425,4.0399507e-06,0.00025319897,0.0069597155,9.06853e-06,1.0298445e-08
0.1814988,4.0235731e-06,0.00024400271,0.0066387899,8.9607134e-06,6.934903e-09
0.18157161,4.0082984e-06,0.00023180366,0.0067550474,8.8582123e-06,7.2977309e-09
0.18164346,3.9867851e-06,0.00021755419,0.0066687736,8.7518656e-06,8.7298983e-09
0.18171745,3.9671413e-06,0.00020213711,0.0064880299,8.6515333e-06,8.7637546e-09
0.18178747,3.9450624e-06,0.00018733092,0.0065156634,8.5568996e-06,9.5117572e-09
0.18185663,3.9248472e-06,0.00017308614,0.0062119342,8.4717242e-06,6.7840223e-09
0.18192501,3.9020878e-06,0.00015995123,0.006375201,8.387606e-06,9.2961895e-09
0.18199265,3.8804766e-06,0.00014829028,0.0060282512,8.3132384e-06,9.2282481e-09
0.18205958,3.8592432e-06,0.00013799119,0.0061970378,8.2448087e-06,7.4164525e-09
0.18212585,3.837509e-06,0.00012884926,0.0064020776,8.1802754e-06,9.70346e-09
0.18219151,3.8169075e-06,0.00012071579,0.0062173928,8.1203992e-06,9.6614062e-09
0.18225661,3.7957399e-06,0.00011345669,0.0062838297,8.0658561e-06,6.9543208e-09
0.18232118,3.7776399e-06,0.000107006,0.0061378429,8.0195699e-06,9.4273866e-09
0.18238527,3.7606036e-06,0.00010119377,0.0058725886,7.9768894e-06,8.4359329e-09
0.18244891,3.743825e-06,9.5957804e-05,0.0059752216,7.9369403e-06,7.3318861e-09
0.18251216,3.727336e-06,9.1220992e-05,0.0058194297,7.8994094e-06,7.0275292e-09
0.18257505,3.7136307e-06,8.6971148e-05,0.0055989423,7.8679967e-06,8.0392072e-09
0.18263761,3.7006958e-06,8.3087947e-05,0.0056620788,7.8392265e-06,9.0346868e-09
0.1826999,3.6877223e-06,7.9542075e-05,0.0055497459,7.8129545e-06,7.432984e-09
0.18276195,3.6733252e-06,7.6269824e-05,0.0058279234,7.7846915e-06,7.0322421e-09
0.18282647,3.6625278e-06,7.3239996e-05,0.0056916729,7.7689854e-06,8.9555216e-09
0.18288814,3.6509963e-06,7.0564118e-05,0.0055623877,7.751756e-06,7.5041544e-09
0.18294967,3.6408777e-06,6.8153006e-05,0.0052555308,7.7429523e-06,8.3740726e-09
0.18301111,3.6300803e-06,6.5929585e-05,0.0052951204,7.7352897e-06,8.9859355e-09
0.18307249,3.6240227e-06,6.3944088e-05,0.0054373307,7.7362447e-06,7.8640545e-09
0.18313384,3.6173752e-06,6.2141497e-05,0.0056512468,7.7414661e-06,7.0723295e-09
0.18319519,3.6131242e-06,6.0515328e-05,0.0055517762,7.7513921e-06,6.876909e-09
0.18325659,3.6082724e-06,5.9013319e-05,0.0057343339,7.7608208e-06,6.9779224e-09
0.18331805,3.6052896e-06,5.765172e-05,0.0057307968,7.7746605e-06,6.9711091e-09
0.18337963,3.6066546e-06,5.6471862e-05,0.0054613509,7.7981867e-06,8.1015725e-09
0.18344135,3.6073978e-06,5.5373729e-05,0.0053226131,7.8219611e-06,9.4096483e-09
0.18350324,3.6106403e-06,5.4411649e-05,0.0057624768,7.8510814e-06,7.069962e-09
0.18356535,3.6153236e-06,5.3573955e-05,0.0060769121,7.8869319e-06,1.0431651e-08
0.18362771,3.6218568e-06,5.2846018e-05,0.006277312,7.9296629e-06,8.51489e-09
0.18369037,3.6284815e-06,5.2189905e-05,0.0060336741,7.9746562e-06,7.2036866e-09
0.18375335,3.6393343e-06,5.1664157e-05,0.0059160301,8.0328804e-06,7.4517834e-09
0.18381945,3.6506822e-06,5.1176162e-05,0.006052191,8.0954547e-06,7.8438818e-09
0.18388322,3.6616767e-06,5.078694e-05,0.0062905395,8.1612664e-06,8.491528e-09
0.18394743,3.6773622e-06,5.0519843e-05,0.0064451595,8.2432391e-06,1.0262424e-08
0.18401212,3.6924691e-06,5.0273555e-05,0.0064408826,8.3271824e-06,7.1042379e-09
0.18407734,3.7102856e-06,5.0115192e-05,0.0064135168,8.425804e-06,7.3367277e-09
0.18414313,3.7326603e-06,5.005619e-05,0.0063663616,8.5391683e-06,9.6767306e-09
0.18420952,3.7557175e-06,5.0055177e-05,0.0061883492,8.6582696e-06,8.0750662e-09
0.18427656,3.7813635e-06,5.0102586e-05,0.0064977392,8.7844799e-06,7.7879909e-09
0.18434428,3.8079418e-06,5.0210442e-05,0.0063861558,8.9179451e-06,9.3092245e-09
0.18441273,3.8411956e-06,5.0424067e-05,0.0066886847,9.0660794e-06,8.2111499e-09
0.18448198,3.8804694e-06,5.0732347e-05,0.006645383,9.2267357e-06,7.8816338e-09
0.18455206,3.9203539e-06,5.107836e-05,0.006832616,9.38317e-06,1.0111488e-08
0.18462302,3.9630399e-06,5.150038e-05,0.006522193,9.5417021e-06,9.7952277e-09
0.18469484,3.9751603e-06,5.1594027e-05,0.006828038,9.624692e-06,9.7164303e-09
0.18476618,3.924815e-06,5.0926648e-05,0.006894006,9.5475434e-06,9.4087266e-09
0.18483662,3.8623328e-06,5.0169725e-05,0.0070167993,9.4319857e-06,8.3664896e-09
0.18490622,3.8164901e-06,4.966598e-05,0.0064402324,9.3449561e-06,7.6691718e-09
0.18497794,3.7570816e-06,4.9045064e-05,0.0065544622,9.2208937e-06,7.9998127e-09
0.18504587,3.7063613e-06,4.8575954e-05,0.0065074532,9.1074866e-06,9.4810394e-09
0.18511301,3.6625175e-06,4.8258279e-05,0.0062756225,9.0053313e-06,8.6219633e-09
0.18517944,3.6066089e-06,4.7832247e-05,0.0065766745,8.8684318e-06,7.9299194e-09
0.18524517,3.5657449e-06,4.7652464e-05,0.0060686271,8.7637748e-06,9.8466022e-09
0.18531025,3.5182955e-06,4.7413759e-05,0.006330009,8.6356157e-06,9.1422903e-09
0.18537473,3.4860427e-06,4.7415953e-05,0.006077371,8.543282e-06,8.5466159e-09
0.18543863,3.4423491e-06,4.7303565e-05,0.0064239292,8.4203906e-06,7.8298327e-09
0.18550202,3.4101214e-06,4.7380465e-05,0.0061954197,8.326268e-06,9.3429265e-09
0.18556493,3.3744817e-06,4.7435016e-05,0.0061711345,8.2192681e-06,8.0537645e-09
0.1856274,3.3446937e-06,4.7631724e-05,0.0060644261,8.1313694e-06,8.0319087e-09
0.18568946,3.3148626e-06,4.7868744e-05,0.0060025904,8.0442343e-06,8.7895702e-09
0.18575117,3.2871395e-06,4.8206998e-05,0.0060571267,7.9651719e-06,6.9827934e-09
0.18581252,3.2531206e-06,4.8542367e-05,0.0057758639,7.8759599e-06,9.207498e-09
0.18587359,3.2264857e-06,4.9049184e-05,0.0060234068,7.8063242e-06,7.4890768e-09
0.18593438,3.1988908e-06,4.9624693e-05,0.0057178027,7.738293e-06,9.571337e-09
0.18599754,3.1653772e-06,5.0227331e-05,0.0059250695,7.656817e-06,7.9656242e-09
0.18605788,3.1483095e-06,5.1127632e-05,0.0052766744,7.621711e-06,8.9430967e-09
0.186118,3.1130185e-06,5.1785713e-05,0.0054598427,7.5420439e-06,6.6987747e-09
0.18617794,3.0949104e-06,5.2810897e-05,0.0051812693,7.5096404e-06,8.0814174e-09
0.18623771,3.0575547e-06,5.3577693e-05,0.0053416001,7.4312886e-06,9.3465609e-09
0.18629735,3.0442482e-06,5.4841841e-05,0.0053108117,7.415465e-06,7.0311407e-09
0.18635686,3.0112991e-06,5.5808813e-05,0.0053518676,7.3520485e-06,8.2205026e-09
0.18641626,2.9934045e-06,5.7135151e-05,0.0050910355,7.3299771e-06,9.5168814e-09
0.18647556,2.9648338e-06,5.8323683e-05,0.0054322932,7.2865238e-06,8.0601303e-09
0.18653477,2.9539301e-06,5.9916269e-05,0.0049435387,7.2914145e-06,8.7088005e-09
0.18659389,2.9255353e-06,6.1218239e-05,0.0053504309,7.2572191e-06,9.6107602e-09
0.18665295,2.9101179e-06,6.2829202e-05,0.0049652201,7.2555324e-06,7.8969645e-09
0.18671194,2.8888861e-06,6.4377088e-05,0.0050378737,7.2409013e-06,9.1436178e-09
0.18677091,2.8821172e-06,6.6286108e-05,0.0049381893,7.2621196e-06,6.9909511e-09
0.18682982,2.8547849e-06,6.7761894e-05,0.00510981,7.2300187e-06,8.2742369e-09
0.18688865,2.8504805e-06,6.9856873e-05,0.0048613136,7.252745e-06,9.5731083e-09
0.18694747,2.8322421e-06,7.1649848e-05,0.005127474,7.2349751e-06,8.0021033e-09
0.18700877,2.8219468e-06,7.380633e-05,0.0048011111,7.2367871e-06,8.7771354e-09
0.18706747,2.8035233e-06,7.5705559e-05,0.0051362939,7.2127984e-06,7.6757425e-09
0.18712612,2.8051182e-06,7.8227998e-05,0.0048406339,7.2362762e-06,8.947774e-09
0.18718475,2.7869738e-06,8.0322945e-05,0.0050030873,7.2053008e-06,7.9495649e-09
0.18724328,2.779955e-06,8.2820589e-05,0.0048777726,7.2003807e-06,7.7743139e-09
0.18730182,2.7738303e-06,8.5471512e-05,0.0052689495,7.1928937e-06,7.1133201e-09
0.18736026,2.7688158e-06,8.8258989e-05,0.0049522087,7.1854191e-06,8.3500849e-09
0.18741866,2.7476624e-06,9.0675396e-05,0.0051418084,7.1328497e-06,9.5211589e-09
0.18747686,2.743883e-06,9.3773555e-05,0.0049514841,7.1174333e-06,7.7965165e-09
0.18753507,2.741196e-06,9.7055246e-05,0.0050213976,7.1067265e-06,8.0235244e-09
0.18759327,2.7396801e-06,0.00010056566,0.0051737179,7.0960771e-06,6.7243255e-09
0.18765147,2.7380871e-06,0.00010427426,0.0049912924,7.0867294e-06,7.9899562e-09
0.18770968,2.7370481e-06,0.00010827927,0.0051412093,7.0780571e-06,9.2395118e-09
0.18776788,2.7358443e-06,0.0001125799,0.0049553953,7.0693341e-06,7.927324e-09
0.18782609,2.7368167e-06,0.0001172292,0.0051664845,7.0614208e-06,7.7066225e-09
0.18788379,2.7128564e-06,0.00012117953,0.0048787998,6.9949508e-06,8.3364963e-09
0.1879439,2.7045306e-06,0.00012628983,0.0050782733,6.9596298e-06,8.8470812e-09
0.18800141,2.7067907e-06,0.00013204331,0.0047827418,6.9529919e-06,7.9670954e-09
0.18805882,2.6975411e-06,0.0001375202,0.0051272838,6.914764e-06,8.9318667e-09
0.18811614,2.701368e-06,0.00014398661,0.0047917232,6.9094838e-06,7.7218545e-09
0.18817336,2.6910683e-06,0.0001496727,0.0050889569,6.86627e-06,8.6784735e-09
0.1882305,2.6948241e-06,0.00015618111,0.0047911256,6.8583637e-06,7.6309027e-09
0.18828756,2.6865499e-06,0.00016175564,0.0051680224,6.8190752e-06,8.1316221e-09
0.18834453,2.688872e-06,0.00016761034,0.0048323245,6.8057988e-06,9.8282725e-09
0.18840143,2.683936e-06,0.00017265758,0.0051369295,6.7736661e-06,8.0623334e-09
0.18845826,2.6833834e-06,0.00017734879,0.0049425896,6.752022e-06,9.1480764e-09
0.18851504,2.6789522e-06,0.0001812125,0.0050962674,6.7257517e-06,7.8906782e-09
0.18857176,2.6743053e-06,0.00018416989,0.0052668059,6.696851e-06,8.4753024e-09
0.18862844,2.6726381e-06,0.00018596349,0.0050467641,6.6772691e-06,9.6516794e-09
0.18868507,2.6662605e-06,0.00018554005,0.0051831974,6.6385129e-06,8.7063743e-09
0.18874169,2.6690699e-06,0.00018373579,0.0050285833,6.6246529e-06,9.5675314e-09
0.18879826,2.6609846e-06,0.00017966981,0.0054219141,6.5800846e-06,8.3095339e-09
0.18885483,2.6644299e-06,0.00017527513,0.0046081787,6.5697386e-06,8.9821759e-09
0.18891383,2.6564345e-06,0.00016891279,0.0050156567,6.526168e-06,9.4232276e-09
0.18897038,2.6608337e-06,0.0001630577,0.0048874038,6.5148367e-06,8.8459992e-09
0.18902692,2.6524569e-06,0.00015596137,0.0050549135,6.4708578e-06,9.4705486e-09
0.18908346,2.6576774e-06,0.00014958517,0.0048563452,6.4597201e-06,8.2226274e-09
0.18914001,2.6526547e-06,0.00014256526,0.0051619497,6.4209593e-06,9.6447619e-09
0.18919657,2.6551139e-06,0.00013625126,0.0048976388,6.4019302e-06,7.9521788e-09
0.18925314,2.6524817e-06,0.00013006638,0.0049781801,6.3701471e-06,9.3625301e-09
0.18930971,2.65156e-06,0.00012436333,0.0050682987,6.3429725e-06,7.9191002e-09
0.18936631,2.6526477e-06,0.00011915175,0.004974933,6.3193212e-06,8.6503859e-09
0.18942291,2.647898e-06,0.00011408895,0.0048837213,6.2858761e-06,1.0037687e-08
0.18947954,2.6503399e-06,0.00010970067,0.0051233708,6.2696774e-06,7.827834e-09
0.18953617,2.6433145e-06,0.00010522561,0.0050110539,6.2293898e-06,8.7018905e-09
0.18959282,2.6473796e-06,0.0001015429,0.0048261435,6.2190892e-06,8.0146919e-09
0.18964948,2.6395376e-06,9.768296e-05,0.0051776983,6.1793075e-06,8.0479154e-09
0.18970615,2.6441909e-06,9.4528922e-05,0.0046921286,6.1709799e-06,8.9988403e-09
0.18976283,2.6382902e-06,9.1223058e-05,0.0051162245,6.1371323e-06,7.9003874e-09
0.18981951,2.6397549e-06,8.8403852e-05,0.0046880585,6.1216357e-06,8.1644453e-09
0.18987867,2.6337994e-06,8.5421419e-05,0.0049662377,6.0895057e-06,9.5460779e-09
0.18993536,2.636347e-06,8.3003911e-05,0.0048785321,6.0775345e-06,7.8524858e-09
0.18999205,2.6323642e-06,8.0541173e-05,0.0049305624,6.051821e-06,8.5970712e-09
0.19004872,2.6315284e-06,7.8321189e-05,0.0049922339,6.0345617e-06,7.8718586e-09
0.19010541,2.6310347e-06,7.6221697e-05,0.0049396177,6.0187241e-06,9.3118714e-09
0.19016207,2.6268807e-06,7.4146651e-05,0.0050022754,5.9955805e-06,7.9897429e-09
0.19021874,2.6297953e-06,7.2364125e-05,0.00483497,5.9887425e-06,9.3328368e-09
0.19027539,2.6234097e-06,7.0441347e-05,0.0050306998,5.9622386e-06,8.7162839e-09
0.19033205,2.6288201e-06,6.8919276e-05,0.0047334903,5.9635631e-06,1.002626e-08
0.19038869,2.6229479e-06,6.7167029e-05,0.0049200133,5.9394499e-06,7.719325e-09
0.19044533,2.6292275e-06,6.5818353e-05,0.0045323616,5.9451164e-06,9.4106377e-09
0.19050198,2.6255823e-06,6.4295299e-05,0.0049032291,5.9305903e-06,9.0945179e-09
0.19055861,2.6284066e-06,6.2992425e-05,0.0045807588,5.9322018e-06,8.5081653e-09
0.19061526,2.6289081e-06,6.1694045e-05,0.0047957835,5.9277503e-06,8.0219771e-09
0.1906719,2.628883e-06,6.0454005e-05,0.0047368476,5.9239679e-06,9.8981217e-09
0.19072856,2.6304998e-06,5.933576e-05,0.0047574894,5.9296673e-06,8.3540319e-09
0.19078769,2.6295568e-06,5.8128785e-05,0.0047782166,5.9257805e-06,1.0030623e-08
0.19084437,2.6330144e-06,5.7139384e-05,0.004736997,5.9348608e-06,8.9016724e-09
0.19090106,2.6301641e-06,5.6027456e-05,0.0050392178,5.927578e-06,7.7209805e-09
0.19095778,2.6365659e-06,5.5163806e-05,0.0045831164,5.9426805e-06,8.8788479e-09
0.19101451,2.6324648e-06,5.4110132e-05,0.0050120689,5.9341459e-06,9.9763474e-09
0.19107126,2.6402144e-06,5.3341977e-05,0.0046851343,5.953085e-06,8.1273879e-09
0.19112804,2.638202e-06,5.2412628e-05,0.0049065077,5.9501345e-06,9.3721925e-09
0.19118484,2.6422392e-06,5.1631393e-05,0.004836531,5.9606057e-06,7.9844811e-09
0.19124167,2.6440944e-06,5.0826042e-05,0.0050001681,5.9649698e-06,9.7799731e-09
0.19129852,2.6455608e-06,5.0034914e-05,0.0049602129,5.9682502e-06,7.9806321e-09
0.19135542,2.6514648e-06,4.9360704e-05,0.0050158092,5.9814405e-06,9.1197309e-09
0.19141234,2.6499746e-06,4.8563267e-05,0.0051857754,5.976063e-06,7.4984413e-09
0.19146931,2.658541e-06,4.7996349e-05,0.0049235932,5.9949075e-06,8.1785824e-09
0.19152632,2.6558374e-06,4.7248429e-05,0.0052726589,5.9873814e-06,9.3240416e-09
0.19158338,2.6658958e-06,4.6745366e-05,0.0049238108,6.0077526e-06,7.5260358e-09
0.1916405,2.6671558e-06,4.6113026e-05,0.0050956114,6.0078021e-06,9.3987358e-09
0.19169767,2.6724261e-06,4.559524e-05,0.0050981898,6.0196422e-06,9.9356547e-09
0.19175741,2.6744611e-06,4.5024095e-05,0.0052900681,6.0272401e-06,9.6985825e-09
0.19181472,2.680255e-06,4.4562186e-05,0.0050171417,6.0371183e-06,7.4622379e-09
0.19187212,2.6856884e-06,4.4114626e-05,0.0051948381,6.0457891e-06,9.7493662e-09
0.19192958,2.6879967e-06,4.3637649e-05,0.0053468505,6.0458256e-06,8.2675441e-09
0.19198715,2.6966209e-06,4.329031e-05,0.0051054186,6.0626739e-06,9.9637417e-09
0.1920448,2.6957621e-06,4.2806614e-05,0.0052871317,6.0565597e-06,8.9958025e-09
0.19210256,2.7068428e-06,4.2534298e-05,0.0050119199,6.0781817e-06,7.8972152e-09
0.19216042,2.7076678e-06,4.2112708e-05,0.0053258139,6.0768698e-06,9.9112435e-09
0.19221838,2.718142e-06,4.1859661e-05,0.0050898376,6.0957242e-06,8.5476134e-09
0.19227646,2.7223631e-06,4.1522645e-05,0.0053545415,6.1008403e-06,8.2898609e-09
0.19233465,2.7293942e-06,4.1236158e-05,0.0053585498,6.1122328e-06,8.0152822e-09
0.19239296,2.7371706e-06,4.0985125e-05,0.0052547851,6.1266943e-06,7.4312752e-09
0.19245138,2.7398688e-06,4.0666285e-05,0.0053516107,6.1280716e-06,7.4335009e-09
0.19250994,2.7496727e-06,4.0482471e-05,0.0052228165,6.1484772e-06,1.0033509e-08
0.1925686,2.7498893e-06,4.0172055e-05,0.0054694678,6.1459221e-06,9.1512387e-09
0.19262739,2.761277e-06,4.0041075e-05,0.0052056639,6.1685676e-06,9.8487545e-09
0.19268886,2.7608791e-06,3.9757542e-05,0.0055105136,6.1665508e-06,9.2506645e-09
0.19274789,2.771081e-06,3.9649428e-05,0.0052905767,6.1890298e-06,9.5227019e-09
0.19280706,2.7723576e-06,3.9441512e-05,0.0054578876,6.1933491e-06,8.5381154e-09
0.19286634,2.780038e-06,3.932665e-05,0.0051858173,6.2098118e-06,7.9140714e-09
0.19292576,2.7847132e-06,3.9188367e-05,0.0053330957,6.221729e-06,7.6171856e-09
0.1929853,2.7867582e-06,3.903393e-05,0.0053565127,6.2298212e-06,7.6850982e-09
0.19304498,2.7930399e-06,3.8966946e-05,0.0053368331,6.2488271e-06,9.6600276e-09
0.19310479,2.7931578e-06,3.8830079e-05,0.0056790846,6.2549165e-06,8.5270887e-09
0.19316475,2.8009464e-06,3.8817282e-05,0.0052564739,6.2784346e-06,8.3690286e-09
0.19322486,2.8016273e-06,3.8722603e-05,0.0054951445,6.2877665e-06,8.4745221e-09
0.1932851,2.8064809e-06,3.8713589e-05,0.0053433661,6.3094174e-06,9.6064762e-09
0.1933455,2.80833e-06,3.8684182e-05,0.0053694468,6.3254722e-06,1.0087686e-08
0.19340602,2.8143216e-06,3.866342e-05,0.0054429433,6.3415837e-06,1.0160706e-08
0.1934667,2.8192201e-06,3.8701278e-05,0.0053424511,6.3646422e-06,1.0275682e-08
0.19352751,2.8191925e-06,3.8676395e-05,0.0054413139,6.3754642e-06,7.1499189e-09
0.19358847,2.8264699e-06,3.8745248e-05,0.0052132153,6.4011996e-06,9.5991044e-09
0.19364957,2.8275783e-06,3.8744748e-05,0.0052517344,6.4125843e-06,7.7442084e-09
0.1937135,2.8366249e-06,3.8860194e-05,0.0051592411,6.4430345e-06,7.6029424e-09
0.19377491,2.838805e-06,3.8882705e-05,0.0053300984,6.458615e-06,9.4329084e-09
0.19383647,2.8484739e-06,3.9022442e-05,0.0051585738,6.4913665e-06,8.1142643e-09
0.1938982,2.8524894e-06,3.9096716e-05,0.0054125835,6.511741e-06,7.328638e-09
0.19396009,2.859621e-06,3.9223895e-05,0.0052471315,6.5394567e-06,9.5104992e-09
0.19402215,2.8668691e-06,3.9370349e-05,0.0053311964,6.5676746e-06,8.2941264e-09
0.19408437,2.8708982e-06,3.9487643e-05,0.0052440949,6.5916915e-06,7.3444928e-09
0.19414676,2.8793416e-06,3.9674744e-05,0.0052854264,6.626829e-06,7.6536153e-09
0.19420932,2.8814784e-06,3.9785783e-05,0.0053299478,6.6482772e-06,1.0096108e-08
0.19427206,2.89138e-06,4.0031905e-05,0.0051301438,6.6892448e-06,9.8315288e-09
0.19433498,2.8943127e-06,4.0197047e-05,0.0052060838,6.7145898e-06,9.4126333e-09
0.19439808,2.902998e-06,4.0461932e-05,0.00507253,6.7547781e-06,9.0497684e-09
0.19446135,2.9075105e-06,4.0688323e-05,0.0052540599,6.7867383e-06,8.962697e-09
0.19452481,2.9137573e-06,4.0959638e-05,0.0052018614,6.823442e-06,8.8172506e-09
0.19458846,2.9200643e-06,4.1251486e-05,0.0052122875,6.8608831e-06,8.9626453e-09
0.19465229,2.9240308e-06,4.1530876e-05,0.005332865,6.8943021e-06,9.6271706e-09
0.19471912,2.932535e-06,4.1909008e-05,0.0051869825,6.9394642e-06,7.1466501e-09
0.19478335,2.937926e-06,4.2217073e-05,0.005334018,6.9743234e-06,9.3162995e-09
0.1948478,2.9476981e-06,4.2624873e-05,0.0049926473,7.020604e-06,1.0019507e-08
0.19491245,2.9509929e-06,4.2953115e-05,0.0053895718,7.051622e-06,9.6080562e-09
0.19497733,2.9627197e-06,4.341979e-05,0.005063355,7.102872e-06,8.6917529e-09
0.19504243,2.9682065e-06,4.3818963e-05,0.0054201484,7.1384426e-06,8.181661e-09
0.19510776,2.9800804e-06,4.4343161e-05,0.0051104335,7.1916894e-06,7.4412956e-09
0.19517333,2.9869179e-06,4.4822906e-05,0.0055942557,7.2325827e-06,7.8371099e-09
0.19523914,2.9963869e-06,4.5368874e-05,0.005435279,7.2809662e-06,9.250027e-09
0.19530521,3.0063051e-06,4.5946073e-05,0.0053236335,7.3288649e-06,8.8061368e-09
0.19537152,3.0119331e-06,4.6501502e-05,0.0056877814,7.3698331e-06,8.2266469e-09
0.1954381,3.0273556e-06,4.7179245e-05,0.0055183676,7.4243235e-06,7.6365794e-09
0.19550492,3.0314839e-06,4.7773491e-05,0.0056521005,7.4608463e-06,7.5450445e-09
0.195572,3.0455202e-06,4.8554515e-05,0.0056317834,7.5209114e-06,7.8873872e-09
0.19563934,3.0504763e-06,4.9218157e-05,0.0057964158,7.55885e-06,9.2974673e-09
0.19570695,3.064745e-06,5.0088714e-05,0.0053561024,7.62267e-06,7.9619819e-09
0.19577482,3.0710899e-06,5.0865522e-05,0.005667383,7.6670211e-06,7.6004647e-09
0.19584592,3.0847485e-06,5.1830158e-05,0.0056414525,7.7285133e-06,7.1146931e-09
0.19591434,3.0917083e-06,5.2691872e-05,0.0059325134,7.7719926e-06,7.5375313e-09
0.19598303,3.1070417e-06,5.3735462e-05,0.0054865657,7.834851e-06,7.6707505e-09
0.196052,3.1185761e-06,5.4755426e-05,0.005552148,7.8855284e-06,7.6173359e-09
0.19612124,3.133132e-06,5.5894365e-05,0.0055579431,7.9449067e-06,7.5242314e-09
0.19619078,3.1467516e-06,5.7101502e-05,0.0056690768,8.0024611e-06,7.3555333e-09
0.1962606,3.1599067e-06,5.8343497e-05,0.0057138949,8.0547645e-06,8.028766e-09
0.19633074,3.1797252e-06,5.9802879e-05,0.0059491885,8.1238554e-06,9.3631197e-09
0.19640117,3.1926353e-06,6.1214341e-05,0.00600916,8.172079e-06,7.4032999e-09
0.19647194,3.2168378e-06,6.2967123e-05,0.0058531496,8.2507488e-06,8.5769738e-09
0.19654302,3.2315188e-06,6.46705e-05,0.0061099733,8.3055206e-06,7.3898788e-09
0.19661446,3.2593014e-06,6.6752261e-05,0.005960836,8.3914291e-06,8.487751e-09
0.19668625,3.2757995e-06,6.8767865e-05,0.0062482512,8.4467631e-06,9.9796566e-09
0.19675842,3.3085454e-06,7.1283642e-05,0.0060157737,8.5367506e-06,8.2135363e-09
0.19683098,3.3293033e-06,7.3751616e-05,0.0059547684,8.5955623e-06,1.0113616e-08
0.19690394,3.3636794e-06,7.6726783e-05,0.0057557892,8.685143e-06,1.0054714e-08
0.19698052,3.389214e-06,7.9881632e-05,0.0061769637,8.7464845e-06,9.5857428e-09
0.19705434,3.4306334e-06,8.3594385e-05,0.0061867466,8.8397843e-06,7.2857479e-09
0.19712862,3.4594872e-06,8.7396788e-05,0.0061740525,8.8988243e-06,9.3051734e-09
0.19720335,3.5056013e-06,9.2055276e-05,0.0058987942,8.9955791e-06,7.5091573e-09
0.19727858,3.5405846e-06,9.6929212e-05,0.0064770298,9.0603667e-06,7.5439908e-09
0.19735431,3.5909359e-06,0.00010281203,0.0060927636,9.1565538e-06,8.5543724e-09
0.19743057,3.633087e-06,0.00010919133,0.006550953,9.2250541e-06,6.8338235e-09
0.19750736,3.6893714e-06,0.00011683612,0.0062908476,9.3234143e-06,7.4738666e-09
0.19758473,3.7417751e-06,0.00012527941,0.0067550288,9.4037616e-06,8.5771709e-09
0.19766267,3.8060161e-06,0.00013529477,0.006164429,9.498919e-06,6.9746658e-09
0.19774124,3.8679686e-06,0.00014666997,0.0064450651,9.579794e-06,7.2387326e-09
0.19782041,3.9391019e-06,0.0001600581,0.0066490836,9.6752775e-06,1.1981274e-08
0.19790022,4.0086824e-06,0.00017536304,0.0070506667,9.7587172e-06,9.106791e-09
0.19798068,4.0889052e-06,0.00019318978,0.0071023189,9.8565403e-06,9.3658729e-09
0.19806138,4.1035252e-06,0.00020991963,0.0073006234,9.7974146e-06,1.0304278e-08
0.19814099,4.0886495e-06,0.00022530158,0.0071287517,9.6597827e-06,8.6306492e-09
0.19821943,4.0754938e-06,0.00023909181,0.0069719176,9.5351561e-06,7.3448468e-09
0.19830007,4.0586189e-06,0.00024973339,0.0069786371,9.4044774e-06,8.5211999e-09
0.19837622,4.0400485e-06,0.00025428159,0.0069778141,9.2801747e-06,7.109702e-09
0.19845128,4.0238015e-06,0.00025170043,0.0066315783,9.1660276e-06,7.4480166e-09
0.1985253,4.0070132e-06,0.00024349349,0.0066532187,9.0563381e-06,8.4274409e-09
0.19859832,3.9876996e-06,0.00023197126,0.0066951112,8.9504395e-06,7.5503356e-09
0.19867037,3.9678848e-06,0.00021857269,0.0064425603,8.8492192e-06,9.211442e-09
0.1987415,3.9471792e-06,0.00020450345,0.0067302578,8.7518921e-06,8.1824075e-09
0.19881174,3.926346e-06,0.00019009353,0.0062348229,8.6568376e-06,7.0041223e-09
0.19888114,3.9051857e-06,0.00017610129,0.0061625753,8.5706362e-06,8.0496288e-09
0.19894974,3.88086e-06,0.00016278486,0.0060834644,8.486267e-06,7.0578167e-09
0.19901758,3.8583993e-06,0.00015094885,0.0057151602,8.4113235e-06,6.2802549e-09
0.19908472,3.8362676e-06,0.00014043368,0.0063097003,8.3396488e-06,8.1866426e-09
0.19915117,3.813177e-06,0.00013108005,0.0061554165,8.2741517e-06,9.2246537e-09
0.19921703,3.7932445e-06,0.0001227827,0.0063768231,8.2160092e-06,7.2342378e-09
0.19928232,3.7749799e-06,0.00011539635,0.0060786067,8.1632963e-06,7.8671232e-09
0.19934707,3.756213e-06,0.0001087735,0.0060191935,8.1159429e-06,7.3056663e-09
0.19941133,3.7373942e-06,0.00010279791,0.0057418723,8.0698786e-06,7.1051107e-09
0.19947791,3.7199169e-06,9.7229238e-05,0.0056208098,8.0283137e-06,1.0053297e-08
0.19954129,3.7039879e-06,9.2427284e-05,0.0058587824,7.9919328e-06,1.0111485e-08
0.19960432,3.6877475e-06,8.8042322e-05,0.0057654615,7.956445e-06,8.9658384e-09
0.19966702,3.6729229e-06,8.4081047e-05,0.0054289623,7.925998e-06,8.5635069e-09
0.19972944,3.6604555e-06,8.0509425e-05,0.0053655046,7.9023435e-06,7.774887e-09
0.19979161,3.6482118e-06,7.7240384e-05,0.0056660094,7.8797383e-06,7.0860364e-09
0.19985358,3.6358598e-06,7.4230939e-05,0.0055619619,7.8596595e-06,9.142238e-09
0.19991537,3.6253832e-06,7.1506265e-05,0.0052348671,7.8459278e-06,7.8120999e-09
0.19997702,3.6143569e-06,6.9013409e-05,0.0050166058,7.8340993e-06,7.208404e-09
0.20003856,3.6055504e-06,6.6768006e-05,0.0053348323,7.8305618e-06,9.3485884e-09
0.20010004,3.5978606e-06,6.4710961e-05,0.0048874499,7.829121e-06,7.9770114e-09
0.20016149,3.5928412e-06,6.2872701e-05,0.00506009,7.8350691e-06,7.242572e-09
0.20022294,3.5875919e-06,6.1178923e-05,0.0052051318,7.8408427e-06,7.2495615e-09
0.20028441,3.5826581e-06,5.9643712e-05,0.0050129129,7.8515441e-06,7.1720466e-09
0.20034596,3.58264e-06,5.8286307e-05,0.0052101853,7.869618e-06,7.085358e-09
0.2004076,3.5821302e-06,5.7027088e-05,0.0051350572,7.8867085e-06,7.6192293e-09
0.20047207,3.5849036e-06,5.5885684e-05,0.005329568,7.9138279e-06,9.3283912e-09
0.20053403,3.5884784e-06,5.4889447e-05,0.0053814865,7.9408957e-06,7.009074e-09
0.20059619,3.5937676e-06,5.4005406e-05,0.0055724239,7.9748742e-06,9.6393646e-09
0.20065861,3.6013785e-06,5.3240088e-05,0.0059024172,8.015616e-06,8.4990087e-09
0.20072131,3.6094688e-06,5.2569131e-05,0.0062446014,8.061853e-06,8.6775126e-09
0.20078432,3.6185051e-06,5.1983909e-05,0.0061526964,8.1129836e-06,7.3613092e-09
0.2008477,3.6297529e-06,5.1498575e-05,0.0061653086,8.173541e-06,7.360304e-09
0.20091147,3.642332e-06,5.1093632e-05,0.0061909121,8.2402259e-06,8.1465254e-09
0.20097567,3.6575615e-06,5.0782753e-05,0.0062882019,8.3180391e-06,9.5964186e-09
0.20104034,3.673309e-06,5.053596e-05,0.0063374429,8.4051393e-06,9.1720551e-09
0.20110553,3.6918624e-06,5.0354388e-05,0.0063954836,8.5024751e-06,7.6955484e-09
0.20117129,3.7118213e-06,5.0251459e-05,0.0063472462,8.6113971e-06,7.5904061e-09
0.20123763,3.7347897e-06,5.0212113e-05,0.0064235682,8.7292499e-06,8.4775973e-09
0.2013046,3.7590648e-06,5.0213497e-05,0.0061762629,8.8522976e-06,7.5514549e-09
0.20137224,3.7882325e-06,5.0307274e-05,0.0062708079,8.9893376e-06,9.6401802e-09
0.2014406,3.8200338e-06,5.0474255e-05,0.0064743035,9.1349039e-06,8.4183262e-09
0.20150974,3.8555244e-06,5.072385e-05,0.0066456754,9.2891125e-06,7.8373297e-09
0.20158275,3.8955567e-06,5.1051065e-05,0.0070033336,9.4514818e-06,6.8169802e-09
0.20165361,3.9375922e-06,5.1458748e-05,0.0068309799,9.6134223e-06,1.0043322e-08
0.20172542,3.9850318e-06,5.1989607e-05,0.0070771498,9.7842245e-06,9.961021e-09
0.20179755,3.9515025e-06,5.1515208e-05,0.0065989788,9.7477871e-06,9.7335495e-09
0.20186883,3.8927702e-06,5.0776639e-05,0.0068090027,9.6415474e-06,8.6466933e-09
0.20193928,3.8426963e-06,5.0182415e-05,0.0067906795,9.543536e-06,7.9619309e-09
0.20200889,3.7905327e-06,4.961602e-05,0.006219753,9.4333295e-06,7.8889269e-09
0.20207772,3.7396197e-06,4.9107654e-05,0.0067355139,9.3159279e-06,9.6850569e-09
0.20214577,3.694863e-06,4.8733908e-05,0.0061958234,9.2078515e-06,8.9337995e-09
0.2022131,3.6404621e-06,4.8290616e-05,0.0065091044,9.0699208e-06,8.0356012e-09
0.20227972,3.6030864e-06,4.8117359e-05,0.0064023151,8.9672841e-06,9.3391533e-09
0.20234569,3.550772e-06,4.7806637e-05,0.0063927875,8.8249909e-06,9.7179824e-09
0.20241106,3.5179102e-06,4.780359e-05,0.0059998647,8.7278415e-06,8.5012385e-09
0.20247583,3.4737417e-06,4.7672799e-05,0.006266156,8.5973219e-06,7.1213165e-09
0.20254009,3.4434147e-06,4.7772819e-05,0.006028611,8.5023578e-06,9.8714779e-09
0.20260384,3.4055575e-06,4.7816402e-05,0.0061200293,8.3879475e-06,8.3879885e-09
0.2026699,3.3727505e-06,4.8008536e-05,0.0060942515,8.2862004e-06,6.8692667e-09
0.20273278,3.3450245e-06,4.8286132e-05,0.0058166945,8.1993153e-06,9.4069297e-09
0.20279529,3.3119206e-06,4.8545805e-05,0.0060822113,8.1010858e-06,7.9771908e-09
0.20285745,3.2880749e-06,4.9025715e-05,0.0057232899,8.0289116e-06,8.1193251e-09
0.20291933,3.2526996e-06,4.9392153e-05,0.0056407599,7.9317543e-06,8.3000543e-09
0.20298092,3.2298755e-06,5.0069904e-05,0.0054338751,7.8760714e-06,9.8449907e-09
0.20304225,3.1930726e-06,5.0569401e-05,0.0055450207,7.7851783e-06,7.713737e-09
0.20310335,3.173198e-06,5.1425831e-05,0.0052208768,7.7395514e-06,9.595767e-09
0.20316426,3.1372364e-06,5.2088973e-05,0.0055648828,7.657815e-06,7.4205435e-09
0.20322498,3.1190861e-06,5.3123098e-05,0.0051764818,7.6225415e-06,9.003266e-09
0.20328555,3.0852138e-06,5.3949883e-05,0.0053921816,7.5487269e-06,8.0244473e-09
0.20334598,3.0683986e-06,5.5158647e-05,0.0052670929,7.5212435e-06,8.5068884e-09
0.20340627,3.0360275e-06,5.6141885e-05,0.0053849065,7.4566641e-06,9.2407319e-09
0.20346646,3.0223334e-06,5.7544898e-05,0.0052088653,7.4450525e-06,6.7425729e-09
0.20352654,2.9912761e-06,5.8669351e-05,0.0054042256,7.3942881e-06,8.0168802e-09
0.20358654,2.9771694e-06,6.0199242e-05,0.0050465175,7.3922035e-06,9.3412515e-09
0.20364646,2.9499413e-06,6.1520822e-05,0.0054692625,7.3606796e-06,8.0590761e-09
0.20370894,2.9395484e-06,6.3326882e-05,0.0049099592,7.3755094e-06,8.7600182e-09
0.20376875,2.9141944e-06,6.4783199e-05,0.0053122894,7.3524168e-06,9.9377853e-09
0.20382852,2.9043165e-06,6.6624564e-05,0.0048424097,7.3692887e-06,8.5334042e-09
0.20388821,2.8805058e-06,6.8192525e-05,0.0050990426,7.3465329e-06,9.78381e-09
0.20394787,2.8748613e-06,7.0214323e-05,0.0049545737,7.3669863e-06,7.4125534e-09
0.20400747,2.8531173e-06,7.1887087e-05,0.0049788332,7.3427329e-06,8.719062e-09
0.20406703,2.8500176e-06,7.4076518e-05,0.0048687562,7.3618423e-06,7.9910266e-09
0.20412654,2.831687e-06,7.5939195e-05,0.0049761084,7.3371927e-06,7.7793696e-09
0.204186,2.8282578e-06,7.828438e-05,0.0046731225,7.3485565e-06,1.0125191e-08
0.20424541,2.8110866e-06,8.0316363e-05,0.0050875937,7.3197574e-06,8.102762e-09
0.20430476,2.8077891e-06,8.2846734e-05,0.0047511415,7.3237978e-06,9.4377648e-09
0.20436406,2.7940226e-06,8.5157155e-05,0.0050759276,7.2946614e-06,7.7618318e-09
0.20442328,2.7909662e-06,8.7881304e-05,0.0049393317,7.2899093e-06,8.3636298e-09
0.20448244,2.7805387e-06,9.0479752e-05,0.005151038,7.2619512e-06,7.4808834e-09
0.20454152,2.7774576e-06,9.3438092e-05,0.0049244707,7.251775e-06,8.7708275e-09
0.20460054,2.7681633e-06,9.6371443e-05,0.0050360854,7.2225187e-06,1.0002083e-08
0.20466201,2.7663514e-06,9.9871165e-05,0.0049942795,7.2084159e-06,7.6416757e-09
0.20472085,2.7569522e-06,0.00010313488,0.0051579086,7.1771393e-06,9.2175104e-09
0.20477957,2.7536349e-06,0.0001068776,0.0048642055,7.1639035e-06,7.6001186e-09
0.20483821,2.7459103e-06,0.00011071793,0.004955893,7.1374369e-06,8.9188079e-09
0.20489674,2.7427606e-06,0.00011503548,0.0050596702,7.1199047e-06,9.6906017e-09
0.20495518,2.7411693e-06,0.00011967152,0.0049516844,7.1028516e-06,7.6896734e-09
0.2050135,2.7348467e-06,0.00012445145,0.0048753241,7.0752903e-06,8.1878444e-09
0.20507173,2.7322549e-06,0.00012986263,0.0048603578,7.0608391e-06,6.9561974e-09
0.20512985,2.7249053e-06,0.00013521619,0.0049469952,7.0264462e-06,7.8209904e-09
0.20518787,2.7284212e-06,0.00014154196,0.0049172258,7.0195593e-06,7.9477714e-09
0.20524577,2.7187518e-06,0.00014730918,0.0051287318,6.976321e-06,8.5558517e-09
0.2053036,2.72185e-06,0.0001538129,0.0048273865,6.9665252e-06,7.6776686e-09
0.20536131,2.7113599e-06,0.00015942255,0.0052058481,6.919825e-06,8.4655149e-09
0.20541896,2.7162739e-06,0.0001657104,0.004874251,6.9126508e-06,7.9317344e-09
0.2054765,2.706432e-06,0.00017065087,0.0050052843,6.8692422e-06,8.5901742e-09
0.20553397,2.7088565e-06,0.00017595223,0.0048997707,6.8559262e-06,9.6854453e-09
0.20559137,2.7020953e-06,0.00017994585,0.0050968923,6.8201807e-06,7.8982153e-09
0.20565119,2.7021864e-06,0.00018375596,0.0048891443,6.798538e-06,9.2506477e-09
0.20570847,2.6929446e-06,0.00018560159,0.0050980334,6.7588698e-06,8.2103265e-09
0.2057657,2.6938328e-06,0.00018649812,0.0050028156,6.7419096e-06,8.6926221e-09
0.20582288,2.6880225e-06,0.00018478722,0.0052073387,6.7054839e-06,9.7490109e-09
0.20588002,2.6864076e-06,0.00018173646,0.0048122959,6.6797788e-06,8.0521605e-09
0.20593714,2.68302e-06,0.00017716446,0.0047812225,6.6461049e-06,8.8534299e-09
0.2059942,2.6788856e-06,0.00017164766,0.0049924484,6.6112941e-06,8.7445969e-09
0.20605127,2.6798798e-06,0.00016574363,0.0047318732,6.5892597e-06,9.2821644e-09
0.2061083,2.6733312e-06,0.00015885605,0.0050907091,6.5482576e-06,9.9727981e-09
0.20616533,2.6744637e-06,0.00015229299,0.0050703457,6.526294e-06,8.6672224e-09
0.20622234,2.6679123e-06,0.00014518352,0.005077881,6.484768e-06,9.8198864e-09
0.20627935,2.670432e-06,0.00013875609,0.0048264997,6.4685974e-06,8.4987165e-09
0.20633635,2.6631446e-06,0.00013220026,0.0051106336,6.4262091e-06,9.586636e-09
0.20639336,2.6672769e-06,0.00012660888,0.0046902147,6.4103403e-06,8.594211e-09
0.20645036,2.6601487e-06,0.0001209253,0.0050485919,6.367371e-06,9.6634164e-09
0.20650736,2.6648906e-06,0.00011614828,0.0049780278,6.3525321e-06,8.1337302e-09
0.20656685,2.6569703e-06,0.00011104199,0.0050025931,6.3078389e-06,8.974605e-09
0.20662385,2.6580744e-06,0.00010683058,0.0047917197,6.2863957e-06,8.0351263e-09
0.20668086,2.6556387e-06,0.00010282833,0.005003774,6.2591184e-06,8.9272934e-09
0.20673785,2.6535423e-06,9.9125291e-05,0.0049414895,6.2334438e-06,9.6146713e-09
0.20679487,2.6516603e-06,9.5690487e-05,0.0048306283,6.2083117e-06,8.2479167e-09
0.20685185,2.6499378e-06,9.2500668e-05,0.0049857109,6.1848545e-06,8.7577878e-09
0.20690886,2.6517663e-06,8.964999e-05,0.0047896001,6.171237e-06,7.9128245e-09
0.20696583,2.6423753e-06,8.6620839e-05,0.0050053064,6.1326305e-06,7.8363587e-09
0.20702281,2.6441723e-06,8.4139285e-05,0.0047742419,6.1211217e-06,9.3168382e-09
0.20707977,2.6384441e-06,8.1563498e-05,0.0049900255,6.0929033e-06,8.1085254e-09
0.20713673,2.6409214e-06,7.9411709e-05,0.0046668454,6.0848604e-06,9.2795301e-09
0.20719369,2.6360952e-06,7.7154656e-05,0.0048090054,6.0586399e-06,8.0084819e-09
0.20725061,2.6352298e-06,7.5145955e-05,0.0048527941,6.0444408e-06,9.4967326e-09
0.20730753,2.6348837e-06,7.3258452e-05,0.0049044616,6.0317761e-06,9.0330634e-09
0.20736441,2.6349716e-06,7.1485888e-05,0.0048016883,6.0214544e-06,7.6348864e-09
0.20742129,2.6350844e-06,6.9792726e-05,0.0047891369,6.0131098e-06,1.0016176e-08
0.20747815,2.6309865e-06,6.8089178e-05,0.0049080307,5.9949126e-06,9.3231916e-09
0.20753749,2.6371226e-06,6.6672442e-05,0.0047508592,6.0031553e-06,9.5829801e-09
0.20759434,2.6321208e-06,6.5107672e-05,0.0046245191,5.9876214e-06,8.5040607e-09
0.20765119,2.6393379e-06,6.3909179e-05,0.004699575,5.9988675e-06,7.5423346e-09
0.20770804,2.6343808e-06,6.2462635e-05,0.0048269549,5.9829572e-06,8.0763352e-09
0.20776489,2.6423057e-06,6.1391701e-05,0.0045477677,5.998073e-06,7.4431042e-09
0.20782172,2.6362152e-06,6.0044511e-05,0.0048896028,5.9828713e-06,8.4169073e-09
0.20787857,2.6460127e-06,5.9094843e-05,0.0045983353,6.0022497e-06,9.5976173e-09
0.20793541,2.6395364e-06,5.7829126e-05,0.0048947086,5.9857182e-06,7.8030366e-09
0.20799225,2.6485301e-06,5.6977947e-05,0.0046199627,6.0101054e-06,8.540422e-09
0.20804912,2.640569e-06,5.5786117e-05,0.0049397738,5.9920601e-06,9.5186072e-09
0.20810597,2.6420033e-06,5.4826405e-05,0.0048238541,5.9941137e-06,7.8612759e-09
0.20816288,2.6544452e-06,5.4140358e-05,0.0046945677,6.0239644e-06,8.7048704e-09
0.20821976,2.6429398e-06,5.29848e-05,0.0049836112,5.9972871e-06,7.5463301e-09
0.20827671,2.6573016e-06,5.2406377e-05,0.0046874688,6.032006e-06,7.8420433e-09
0.20833372,2.6586492e-06,5.1575623e-05,0.0049746393,6.0351064e-06,8.4685596e-09
0.20839073,2.6593946e-06,5.0767435e-05,0.0047705309,6.0375417e-06,7.6115761e-09
0.20845023,2.660397e-06,4.9954861e-05,0.0050566262,6.0406052e-06,8.673704e-09
0.20850725,2.6609743e-06,4.9203222e-05,0.0048595179,6.0428453e-06,7.608167e-09
0.20856426,2.6618727e-06,4.8482034e-05,0.0050791314,6.0454258e-06,8.5539668e-09
0.20862128,2.6630069e-06,4.7788565e-05,0.0048363584,6.0477618e-06,9.8072629e-09
0.2086783,2.6645705e-06,4.7123637e-05,0.0050287134,6.0491573e-06,8.227014e-09
0.20873541,2.6740569e-06,4.6604764e-05,0.005070121,6.0667542e-06,9.2824487e-09
0.20879263,2.6806628e-06,4.6075122e-05,0.0050259044,6.0780565e-06,8.01543e-09
0.20884989,2.6811531e-06,4.5469068e-05,0.005279484,6.0739123e-06,9.1706193e-09
0.20890724,2.6909613e-06,4.5048676e-05,0.0049844641,6.0917474e-06,7.4594437e-09
0.20896465,2.6905964e-06,4.4476056e-05,0.0052574904,6.0845856e-06,9.4719026e-09
0.20902215,2.6994663e-06,4.4106704e-05,0.0049283919,6.1034889e-06,8.0508008e-09
0.20907974,2.7014378e-06,4.3637071e-05,0.0052161324,6.1070075e-06,7.4711406e-09
0.20913741,2.710802e-06,4.327332e-05,0.0050378116,6.1200873e-06,8.7436817e-09
0.2091952,2.7173865e-06,4.2909851e-05,0.0051379188,6.1285041e-06,8.3905224e-09
0.20925307,2.7213704e-06,4.2521981e-05,0.0051807803,6.1322197e-06,8.1891783e-09
0.20931107,2.7311534e-06,4.2245891e-05,0.0050728103,6.1487501e-06,7.6571596e-09
0.20936916,2.7320893e-06,4.1842172e-05,0.005281702,6.1444793e-06,7.5996237e-09
0.20942991,2.7438672e-06,4.1621459e-05,0.004954566,6.1684376e-06,9.8119619e-09
0.20948824,2.7451792e-06,4.1260515e-05,0.0053659267,6.165659e-06,8.9316671e-09
0.20954669,2.7569304e-06,4.108464e-05,0.0051017777,6.1897219e-06,8.1805146e-09
0.20960526,2.7578893e-06,4.076361e-05,0.0052493181,6.1898564e-06,7.4478297e-09
0.20966395,2.7681918e-06,4.0598387e-05,0.0050378001,6.2111366e-06,7.6616543e-09
0.20972277,2.7719353e-06,4.0347874e-05,0.0053194266,6.2174623e-06,9.5769514e-09
0.20978169,2.778177e-06,4.0147333e-05,0.005220565,6.228618e-06,1.0108523e-08
0.20984075,2.7845563e-06,3.9975998e-05,0.0051503886,6.2423273e-06,9.5297834e-09
0.20989992,2.7859864e-06,3.9758877e-05,0.0053845689,6.2456543e-06,8.7821285e-09
0.20995922,2.7937611e-06,3.9647419e-05,0.0052365334,6.2645494e-06,7.9355993e-09
0.21001863,2.7922188e-06,3.9420371e-05,0.0053316958,6.2626607e-06,7.5621496e-09
0.21007818,2.8014678e-06,3.9367358e-05,0.005063454,6.2877469e-06,7.7132191e-09
0.21013785,2.8025541e-06,3.9206338e-05,0.005346739,6.2915658e-06,9.6908858e-09
0.21019765,2.8084715e-06,3.914529e-05,0.005110938,6.3105637e-06,8.3804625e-09
0.21025759,2.8113795e-06,3.9058817e-05,0.0052097701,6.3219974e-06,8.0266998e-09
0.21031765,2.8143426e-06,3.8983544e-05,0.0052774978,6.3345325e-06,7.7156649e-09
0.21037786,2.819973e-06,3.8968247e-05,0.0051950054,6.3549658e-06,7.5501011e-09
0.21044082,2.8206844e-06,3.8894245e-05,0.0051639805,6.3652325e-06,8.3279896e-09
0.21050131,2.8257427e-06,3.8902477e-05,0.0051472964,6.3867661e-06,8.5601612e-09
0.21056193,2.8236672e-06,3.8827016e-05,0.0052907043,6.3921275e-06,8.7945238e-09
0.2106227,2.8313046e-06,3.8892444e-05,0.0050339388,6.420546e-06,9.831266e-09
0.21068361,2.8309803e-06,3.8870467e-05,0.0053276644,6.4319818e-06,8.8408803e-09
0.21074468,2.8368819e-06,3.8958255e-05,0.0049291596,6.4590601e-06,7.3414162e-09
0.21080589,2.8451975e-06,3.9002219e-05,0.0052970393,6.4773076e-06,1.0096256e-08
0.21086726,2.8500179e-06,3.9078201e-05,0.0051574315,6.4993275e-06,8.3779373e-09
0.21092879,2.8562705e-06,3.9178522e-05,0.005222891,6.5248314e-06,7.1857231e-09
0.21099046,2.8606501e-06,3.9255192e-05,0.0053542754,6.5461163e-06,9.467632e-09
0.21105231,2.8690414e-06,3.9392136e-05,0.0050632469,6.5758625e-06,7.8167917e-09
0.21111432,2.8716055e-06,3.945769e-05,0.0054085585,6.5912818e-06,7.6210853e-09
0.2111765,2.8821852e-06,3.9646369e-05,0.0049832903,6.6270617e-06,1.0089321e-08
0.21123885,2.8856547e-06,3.9760311e-05,0.0053549081,6.6493681e-06,8.9355535e-09
0.21130136,2.894185e-06,3.9956095e-05,0.0051296299,6.6858102e-06,7.9470742e-09
0.21136406,2.9005608e-06,4.0135268e-05,0.0052071494,6.7168343e-06,7.6728798e-09
0.21142966,2.9066025e-06,4.0335305e-05,0.0049614422,6.7515873e-06,7.7588089e-09
0.21149271,2.9128622e-06,4.0546532e-05,0.0051283006,6.7856518e-06,7.6844899e-09
0.21155594,2.9182202e-06,4.0759805e-05,0.0051319471,6.8181049e-06,7.5285195e-09
0.21161936,2.9265042e-06,4.1050354e-05,0.005162573,6.8597352e-06,7.6461313e-09
0.21168295,2.929476e-06,4.1278404e-05,0.005222009,6.8894823e-06,7.7944806e-09
0.21174674,2.9381539e-06,4.1605671e-05,0.005011968,6.9358518e-06,8.3719905e-09
0.21181072,2.9394665e-06,4.1840248e-05,0.0052690539,6.9656797e-06,9.4610498e-09
0.2118749,2.9495563e-06,4.2229397e-05,0.0049767593,7.0185089e-06,9.3303935e-09
0.21193929,2.9549502e-06,4.2550923e-05,0.0051169756,7.0564044e-06,8.8778014e-09
0.21200388,2.9639154e-06,4.2972953e-05,0.0050864244,7.1056414e-06,8.668529e-09
0.2120687,2.9706565e-06,4.338276e-05,0.0051611332,7.1505995e-06,7.8881919e-09
0.21213372,2.9775924e-06,4.3795811e-05,0.0052328492,7.1930251e-06,8.0419768e-09
0.21219899,2.987709e-06,4.4276166e-05,0.0052116154,7.2447685e-06,1.0024374e-08
0.21226448,2.9937279e-06,4.4718875e-05,0.0055053474,7.2866846e-06,9.0475336e-09
0.21233024,3.0051039e-06,4.5271445e-05,0.0051109014,7.3438623e-06,8.0934261e-09
0.21239622,3.0085488e-06,4.5732181e-05,0.0055408021,7.3810171e-06,7.8383921e-09
0.21246246,3.0220126e-06,4.6365622e-05,0.005298493,7.4433493e-06,7.2232181e-09
0.21253185,3.026889e-06,4.6920326e-05,0.0053353411,7.4848509e-06,7.1904467e-09
0.21259861,3.0408317e-06,4.7638427e-05,0.0052508191,7.5496548e-06,8.02559e-09
0.21266563,3.0462785e-06,4.8256522e-05,0.0056200262,7.59338e-06,9.4723745e-09
0.21273289,3.0595084e-06,4.902923e-05,0.0052436041,7.6570973e-06,8.3131477e-09
0.21280043,3.0707502e-06,4.9752795e-05,0.0054433863,7.7055718e-06,7.3695452e-09
0.21286821,3.0809515e-06,5.0574061e-05,0.0055331166,7.7641558e-06,7.3760761e-09
0.21293627,3.0907816e-06,5.1409194e-05,0.0055761283,7.8181451e-06,7.6179455e-09
0.21300458,3.0992561e-06,5.2264231e-05,0.0054263215,7.8691225e-06,9.8265645e-09
0.21307316,3.1134388e-06,5.3251819e-05,0.00543326,7.9332576e-06,9.0196347e-09
0.21314201,3.1216263e-06,5.4161057e-05,0.0058233762,7.979638e-06,8.6603795e-09
0.21321114,3.138648e-06,5.5296751e-05,0.0056361624,8.0500508e-06,8.6703902e-09
0.21328054,3.1466111e-06,5.6314413e-05,0.0057592404,8.0931767e-06,8.9507743e-09
0.21335024,3.1673914e-06,5.7644364e-05,0.0056253895,8.1707619e-06,9.5702768e-09
0.21342023,3.1767532e-06,5.8833232e-05,0.0059349458,8.2160333e-06,8.9421189e-09
0.21349052,3.1995757e-06,6.0364567e-05,0.0054423047,8.2960155e-06,7.6301304e-09
0.21356113,3.2129023e-06,6.1790951e-05,0.0058328201,8.3486083e-06,8.7153684e-09
0.21363516,3.2377936e-06,6.359189e-05,0.0057371709,8.4315218e-06,8.8246346e-09
0.21370644,3.2525346e-06,6.5255264e-05,0.00579698,8.4856137e-06,7.9080068e-09
0.21377806,3.2811884e-06,6.7352326e-05,0.0057879397,8.5728067e-06,9.4093283e-09
0.21385007,3.3005456e-06,6.9449012e-05,0.005831933,8.6364815e-06,7.1668141e-09
0.21392244,3.3306636e-06,7.1917674e-05,0.0056788426,8.7231089e-06,8.6639747e-09
0.21399522,3.3555903e-06,7.447561e-05,0.0061658769,8.7933642e-06,1.0059616e-08
0.21406839,3.3858946e-06,7.7389094e-05,0.0058149695,8.8717181e-06,7.5878432e-09
0.21414199,3.4178754e-06,8.0597556e-05,0.0058903939,8.9483546e-06,8.909893e-09
0.21421602,3.4525171e-06,8.4184804e-05,0.0059495705,9.0262411e-06,8.5713853e-09
0.21429052,3.4903798e-06,8.8195375e-05,0.0061111281,9.1051719e-06,7.7746162e-09
0.21436547,3.5292856e-06,9.2643035e-05,0.0059287096,9.1796625e-06,9.052272e-09
0.21444093,3.5744509e-06,9.7749652e-05,0.0061765267,9.2627621e-06,9.5514361e-09
0.21451689,3.6173033e-06,0.00010342034,0.0061370028,9.3365225e-06,8.7596435e-09
0.2145934,3.6698277e-06,0.00011006997,0.0063284868,9.4289216e-06,7.9296358e-09
0.21467044,3.7188141e-06,0.00011745622,0.0063416717,9.5057399e-06,9.4189048e-09
0.21474807,3.7786378e-06,0.00012615524,0.0062596845,9.6023658e-06,8.6980489e-09
0.21482627,3.8351916e-06,0.00013588108,0.0061368905,9.6846691e-06,8.9140437e-09
0.21490855,3.9061053e-06,0.00014792082,0.0063587981,9.7847374e-06,1.0418739e-08
0.21498802,3.9762557e-06,0.00016124708,0.0066649767,9.8765364e-06,1.0835424e-08
0.21506815,4.0496268e-06,0.00017657066,0.0069108155,9.9676951e-06,8.5479321e-09
0.21514891,4.1266178e-06,0.00019423228,0.0070806636,1.0063905e-05,9.3666838e-09
0.21522963,4.1208894e-06,0.00020979396,0.0070245066,9.9545124e-06,8.5701378e-09
0.21530915,4.1046166e-06,0.00022504934,0.0070426951,9.8195954e-06,8.5472719e-09
0.21538752,4.0901701e-06,0.0002387389,0.0067330446,9.6917807e-06,7.4501869e-09
0.21546476,4.0738102e-06,0.00024923354,0.0070392993,9.5643285e-06,8.601123e-09
0.21554088,4.0556116e-06,0.00025466562,0.0067317601,9.4400218e-06,8.8605019e-09
0.21561592,4.0390769e-06,0.00025318998,0.0065586728,9.3245161e-06,9.6368512e-09
0.21568992,4.0209088e-06,0.00024579309,0.006527014,9.2145509e-06,1.0425997e-08
0.21576293,4.0007858e-06,0.00023465491,0.0065145929,9.1052795e-06,6.9353057e-09
0.21583497,3.9800587e-06,0.00022155879,0.0063518089,9.0033226e-06,7.7852983e-09
0.21590609,3.9600331e-06,0.00020762876,0.006583281,8.9055269e-06,7.3767394e-09
0.21597632,3.9389216e-06,0.00019334578,0.0060453542,8.8120032e-06,7.1657158e-09
0.21604572,3.9158624e-06,0.00017924603,0.0061769163,8.721968e-06,7.7925538e-09
0.21611727,3.8941327e-06,0.00016529903,0.0058322905,8.6362217e-06,1.0830141e-08
0.21618508,3.8701795e-06,0.00015332974,0.0056146285,8.5608191e-06,6.9605846e-09
0.21625218,3.8465539e-06,0.00014260616,0.0061595841,8.4879163e-06,6.5555968e-09
0.21631862,3.8241963e-06,0.00013309907,0.0061705785,8.4211785e-06,7.294437e-09
0.21638447,3.8038811e-06,0.00012466972,0.0062967543,8.3616378e-06,7.301075e-09
0.21644974,3.78382e-06,0.0001171418,0.0061335322,8.3068453e-06,7.2047368e-09
0.21651449,3.7651848e-06,0.00011040007,0.0060014071,8.2584834e-06,8.0634952e-09
0.21657874,3.7464715e-06,0.00010433535,0.0056936158,8.213588e-06,9.8111054e-09
0.21664256,3.7290226e-06,9.887057e-05,0.0055222003,8.1729206e-06,9.2165752e-09
0.21670598,3.713381e-06,9.3945427e-05,0.0055166087,8.1365479e-06,8.5029142e-09
0.21676904,3.6987035e-06,8.9496404e-05,0.0052426875,8.1034779e-06,7.9656789e-09
0.21683178,3.6836537e-06,8.5434449e-05,0.0050243892,8.0719235e-06,7.9671518e-09
0.21689424,3.6699857e-06,8.1749191e-05,0.0051559422,8.0460513e-06,6.9300893e-09
0.21695646,3.6565374e-06,7.8371972e-05,0.0049897796,8.023019e-06,8.3448834e-09
0.21701847,3.6444577e-06,7.5311428e-05,0.0049610398,8.0041388e-06,9.3527969e-09
0.21708032,3.6337009e-06,7.2536703e-05,0.0051932855,7.9903052e-06,8.3885015e-09
0.21714202,3.6224407e-06,6.998396e-05,0.0048471593,7.9781097e-06,7.0732756e-09
0.21720632,3.6141536e-06,6.7590095e-05,0.0049404312,7.9743288e-06,9.6811626e-09
0.21726787,3.6077436e-06,6.5520407e-05,0.0052456791,7.9768757e-06,7.9840285e-09
0.21732938,3.6017994e-06,6.3619136e-05,0.0047710335,7.9798285e-06,7.0357841e-09
0.21739091,3.5979276e-06,6.1927532e-05,0.0052479824,7.9886488e-06,6.9591625e-09
0.21745247,3.5958673e-06,6.0392843e-05,0.0049880842,7.999993e-06,6.9929865e-09
0.21751411,3.5947109e-06,5.9000154e-05,0.0050171948,8.0152035e-06,7.5704281e-09
0.21757585,3.5971076e-06,5.7767782e-05,0.0052601812,8.0372002e-06,8.5257591e-09
0.21763774,3.5968343e-06,5.661164e-05,0.005061365,8.059034e-06,9.339115e-09
0.2176998,3.6032092e-06,5.5625266e-05,0.0052203846,8.0922853e-06,6.8608685e-09
0.21776208,3.6063594e-06,5.4694981e-05,0.0053180005,8.1228302e-06,9.1785501e-09
0.21782462,3.6159976e-06,5.393741e-05,0.0057577487,8.1672094e-06,6.9589957e-09
0.21788744,3.6231453e-06,5.3218202e-05,0.0055122095,8.2104925e-06,7.1642229e-09
0.21795059,3.6343883e-06,5.2637781e-05,0.0058285585,8.265829e-06,7.1859473e-09
0.2180141,3.6460678e-06,5.21318e-05,0.0057875252,8.3259365e-06,7.2264318e-09
0.21807802,3.6601658e-06,5.1742949e-05,0.0063201432,8.3996385e-06,7.5352289e-09
0.21814239,3.6727426e-06,5.1383038e-05,0.0062734519,8.4740814e-06,8.9764423e-09
0.21821006,3.6909529e-06,5.1144749e-05,0.0062920269,8.569494e-06,8.3162142e-09
0.21827545,3.7089749e-06,5.0983736e-05,0.0060946429,8.6710583e-06,8.3561735e-09
0.2183414,3.730849e-06,5.0859363e-05,0.0058850425,8.7812646e-06,7.3594176e-09
0.21840796,3.7551576e-06,5.0833661e-05,0.0059451482,8.9035848e-06,9.0221839e-09
0.21847516,3.7811674e-06,5.0855984e-05,0.0061039499,9.0324663e-06,7.7193768e-09
0.21854304,3.8105563e-06,5.0950361e-05,0.0064613661,9.1721788e-06,9.7176401e-09
0.21861165,3.8434595e-06,5.1124177e-05,0.0063159642,9.3225126e-06,8.9061505e-09
0.21868106,3.8800497e-06,5.1372469e-05,0.0064155239,9.4798629e-06,8.0482887e-09
0.2187513,3.9207892e-06,5.1701655e-05,0.0063770224,9.6410371e-06,7.2058094e-09
0.21882241,3.9673278e-06,5.2155938e-05,0.0066508899,9.8115255e-06,6.9428666e-09
0.21889449,4.0149485e-06,5.2675087e-05,0.0069364358,9.9817557e-06,9.3773686e-09
0.21896662,3.961185e-06,5.1921982e-05,0.0068655491,9.8907792e-06,9.9547846e-09
0.21903788,3.9100272e-06,5.1256553e-05,0.0065938416,9.7970817e-06,9.0359277e-09
0.21910827,3.8564233e-06,5.0628717e-05,0.0062035369,9.6901021e-06,8.5382108e-09
0.21917784,3.8021841e-06,5.0034732e-05,0.0065417922,9.5690189e-06,7.9277028e-09
0.21924659,3.7553446e-06,4.960164e-05,0.0062446615,9.4619098e-06,1.011632e-08
0.21931458,3.6983001e-06,4.9071333e-05,0.0064569261,9.319935e-06,9.475562e-09
0.21938473,3.6555789e-06,4.8806932e-05,0.006095161,9.2079499e-06,8.8749054e-09
0.21945123,3.6038706e-06,4.8453479e-05,0.0060585702,9.0660741e-06,7.9887143e-09
0.21951709,3.5633526e-06,4.8298479e-05,0.0061558837,8.9482548e-06,6.7704192e-09
0.2195823,3.52061e-06,4.8145728e-05,0.0061088733,8.8213897e-06,9.8132601e-09
0.21964696,3.4818423e-06,4.8105618e-05,0.0061763363,8.703035e-06,8.4100255e-09
0.21971105,3.444616e-06,4.8125558e-05,0.0058533261,8.5859222e-06,6.9683117e-09
0.21977467,3.4095218e-06,4.8214017e-05,0.0060310019,8.4757485e-06,9.6047797e-09
0.21983782,3.3788546e-06,4.8412131e-05,0.0055902912,8.3774948e-06,8.2709719e-09
0.21990056,3.344762e-06,4.8604528e-05,0.0060156994,8.2698846e-06,9.3280813e-09
0.2199629,3.3177384e-06,4.8959772e-05,0.0055948039,8.1834206e-06,8.7660321e-09
0.2200249,3.2850214e-06,4.9311504e-05,0.0057718125,8.0861332e-06,7.386275e-09
0.22008657,3.2588854e-06,4.9841367e-05,0.0052901037,8.0115912e-06,9.4339135e-09
0.22014797,3.2281971e-06,5.0377885e-05,0.0056071467,7.9281863e-06,7.9892035e-09
0.22020911,3.2034425e-06,5.1078048e-05,0.0054487425,7.8631224e-06,8.817933e-09
0.22027004,3.1738093e-06,5.1774833e-05,0.0055824327,7.7894783e-06,6.8164553e-09
0.22033074,3.1462439e-06,5.2590793e-05,0.0051564273,7.7292115e-06,8.2021019e-09
0.22039128,3.119643e-06,5.3498543e-05,0.0053229694,7.6702707e-06,9.7900908e-09
0.22045426,3.0947405e-06,5.4564704e-05,0.0050074324,7.6189152e-06,7.4433456e-09
0.22051448,3.0654391e-06,5.5583618e-05,0.0052475778,7.5599112e-06,8.8299852e-09
0.22057457,3.0458859e-06,5.6850292e-05,0.0050037204,7.5278001e-06,7.9972248e-09
0.22063456,3.0191845e-06,5.8051694e-05,0.0052728417,7.4834873e-06,8.1355949e-09
0.22069443,3.0003032e-06,5.9467211e-05,0.0049290529,7.4644028e-06,9.0364821e-09
0.22075423,2.9754985e-06,6.0810898e-05,0.0052860387,7.4354894e-06,6.5592767e-09
0.22081393,2.9582571e-06,6.2357558e-05,0.0049851876,7.4288238e-06,7.7461415e-09
0.22087359,2.9374773e-06,6.3901643e-05,0.0053458698,7.4147494e-06,9.0789262e-09
0.22093319,2.9234922e-06,6.5651909e-05,0.0049447101,7.4190912e-06,7.9474244e-09
0.22099276,2.9039092e-06,6.7333239e-05,0.0050641954,7.4104548e-06,8.4082698e-09
0.22105225,2.8904572e-06,6.9179395e-05,0.0048473807,7.4127966e-06,9.6361607e-09
0.22111172,2.875993e-06,7.1061292e-05,0.0049391817,7.4096819e-06,8.1061616e-09
0.22117112,2.8627952e-06,7.3017744e-05,0.0049233786,7.4048091e-06,9.2668143e-09
0.2212305,2.852292e-06,7.5073507e-05,0.0048557159,7.403257e-06,7.7021207e-09
0.22128981,2.8397707e-06,7.7153516e-05,0.0047931243,7.3930348e-06,8.9551964e-09
0.2213491,2.8308891e-06,7.9444464e-05,0.004887436,7.3897578e-06,8.0292132e-09
0.2214109,2.8197343e-06,8.1839483e-05,0.0047577129,7.3751878e-06,7.9659231e-09
0.22147009,2.8104647e-06,8.426196e-05,0.0048758509,7.3606657e-06,7.9286738e-09
0.22152921,2.8011697e-06,8.6774823e-05,0.0051104666,7.3418099e-06,9.1822641e-09
0.22158828,2.7942326e-06,8.9511155e-05,0.0048971384,7.3256066e-06,7.8652229e-09
0.22164727,2.784686e-06,9.2267122e-05,0.0049611908,7.2944824e-06,7.9151172e-09
0.22170621,2.781536e-06,9.5364133e-05,0.0049443749,7.2817842e-06,6.591988e-09
0.22176507,2.7710559e-06,9.8319795e-05,0.0051718949,7.2478821e-06,7.9886994e-09
0.22182385,2.7704523e-06,0.00010186498,0.0050008694,7.2404279e-06,9.3137335e-09
0.22188254,2.7594589e-06,0.00010516689,0.0050477088,7.200528e-06,7.784134e-09
0.22194116,2.7612298e-06,0.0001092352,0.004774623,7.197726e-06,7.7932811e-09
0.22199967,2.7503837e-06,0.00011303744,0.005138597,7.1588623e-06,9.8686773e-09
0.2220581,2.7531558e-06,0.00011767354,0.0047966156,7.1563883e-06,7.7696661e-09
0.22211643,2.7436888e-06,0.00012202948,0.0050486439,7.1161488e-06,8.9351063e-09
0.22217466,2.7477734e-06,0.0001273777,0.0048385827,7.1136191e-06,8.0891224e-09
0.22223279,2.7382015e-06,0.0001324187,0.0051322828,7.073775e-06,9.6270712e-09
0.22229082,2.7408218e-06,0.00013839875,0.0049212011,7.0654196e-06,8.8341316e-09
0.22234876,2.7334468e-06,0.00014427788,0.0051352203,7.0310881e-06,7.7849176e-09
0.2224091,2.7331679e-06,0.00015082879,0.0048809997,7.0171555e-06,8.6224163e-09
0.22246684,2.7253105e-06,0.00015655581,0.0051944872,6.9769616e-06,7.8356327e-09
0.22252448,2.7267926e-06,0.00016264258,0.0048246396,6.960778e-06,7.8855601e-09
0.22258205,2.7206125e-06,0.0001679558,0.0052231902,6.9264658e-06,9.6643373e-09
0.22263953,2.7189315e-06,0.00017314553,0.0049243392,6.9029017e-06,7.8242013e-09
0.22269695,2.7152077e-06,0.00017764463,0.0050931736,6.8749868e-06,9.0114721e-09
0.22275428,2.7113408e-06,0.00018142842,0.0050391703,6.8449697e-06,7.7199422e-09
0.22281157,2.7113469e-06,0.00018463827,0.004951937,6.823701e-06,7.7986918e-09
0.22286879,2.7022009e-06,0.00018596678,0.0051502653,6.7834786e-06,9.148142e-09
0.22292598,2.7047747e-06,0.00018630606,0.0049810308,6.7662698e-06,8.4444822e-09
0.22298312,2.6960995e-06,0.00018374536,0.0052037569,6.7209466e-06,9.5362154e-09
0.22304023,2.7004471e-06,0.00018067117,0.0049416147,6.7067774e-06,7.9527637e-09
0.22309731,2.6919206e-06,0.00017557095,0.0049638763,6.6614043e-06,8.8015356e-09
0.22315437,2.6946338e-06,0.00017037891,0.0045601711,6.6458493e-06,9.4400123e-09
0.22321141,2.6875494e-06,0.00016389297,0.0049621706,6.6009729e-06,8.8473462e-09
0.22326844,2.6902682e-06,0.00015759249,0.0046693847,6.5815625e-06,9.7877964e-09
0.22332795,2.6834556e-06,0.00015033631,0.0051236905,6.5376862e-06,8.0787674e-09
0.22338497,2.6870933e-06,0.00014386775,0.0048659236,6.5219008e-06,9.4164186e-09
0.223442,2.6810205e-06,0.0001371909,0.0050475331,6.4844681e-06,7.5539174e-09
0.22349901,2.6804704e-06,0.00013118157,0.0047186412,6.4602298e-06,8.5731699e-09
0.22355605,2.6788268e-06,0.00012544688,0.005012148,6.4301289e-06,7.9818705e-09
0.22361308,2.6763877e-06,0.00012016693,0.0050969588,6.4004547e-06,8.448005e-09
0.22367013,2.677182e-06,0.00011536374,0.0047513551,6.3759677e-06,9.7713966e-09
0.22372717,2.6724368e-06,0.00011067149,0.0050193925,6.3386538e-06,7.5206253e-09
0.22378423,2.6756118e-06,0.00010665589,0.0048562732,6.320382e-06,8.3180007e-09
0.22384129,2.6679005e-06,0.00010251892,0.0050270716,6.2783881e-06,9.8980938e-09
0.22389836,2.6732257e-06,9.9142652e-05,0.0047756197,6.2669359e-06,8.4459806e-09
0.22395542,2.6640585e-06,9.5518212e-05,0.0051122814,6.2237321e-06,9.2839364e-09
0.22401249,2.6683598e-06,9.2585205e-05,0.0048376389,6.2117848e-06,9.7959603e-09
0.22406956,2.6633613e-06,8.9570648e-05,0.0049951485,6.1796192e-06,8.3005904e-09
0.22412662,2.6634805e-06,8.6912211e-05,0.0047129066,6.1631317e-06,9.1994008e-09
0.22418369,2.6597349e-06,8.4286347e-05,0.0049558374,6.1371348e-06,7.9093249e-09
0.22424073,2.6578842e-06,8.1895814e-05,0.0049683875,6.1178949e-06,8.7949067e-09
0.22430025,2.6548731e-06,7.9508987e-05,0.0048743591,6.095863e-06,7.8745497e-09
0.22435727,2.6529738e-06,7.7383703e-05,0.0048243001,6.078538e-06,9.3552525e-09
0.22441429,2.653124e-06,7.5426868e-05,0.0047583996,6.065358e-06,7.8150283e-09
0.22447127,2.6490047e-06,7.3442299e-05,0.0048446875,6.0432796e-06,9.9511436e-09
0.22452826,2.6527876e-06,7.1779082e-05,0.0048163033,6.0409377e-06,8.7162624e-09
0.22458522,2.6469042e-06,6.993276e-05,0.004791472,6.0166524e-06,7.8318023e-09
0.22464218,2.6527592e-06,6.848725e-05,0.0046201899,6.0222827e-06,7.7374357e-09
0.22469912,2.6466426e-06,6.6806324e-05,0.0047094965,6.0032742e-06,9.9380944e-09
0.22475605,2.6531105e-06,6.5517839e-05,0.0045323149,6.0123653e-06,1.0020614e-08
0.22481297,2.6491348e-06,6.402288e-05,0.0045537227,5.9984379e-06,9.5585834e-09
0.22486988,2.6533458e-06,6.2804167e-05,0.0045762832,6.0044708e-06,9.0990884e-09
0.2249268,2.6544995e-06,6.1568921e-05,0.0046907338,6.0046697e-06,7.4179718e-09
0.2249837,2.6546153e-06,6.0349716e-05,0.0046556638,6.0028913e-06,8.6095374e-09
0.22504062,2.6594291e-06,5.9283814e-05,0.0046982025,6.0108631e-06,9.9956529e-09
0.22509752,2.6570102e-06,5.8098708e-05,0.0047336351,6.0035004e-06,7.5369053e-09
0.22515444,2.6630798e-06,5.7142988e-05,0.0045485468,6.0166745e-06,8.7616902e-09
0.22521384,2.6625793e-06,5.6028518e-05,0.0047710781,6.0138257e-06,1.0005296e-08
0.22527078,2.6674218e-06,5.5156972e-05,0.0045895581,6.0283609e-06,8.1176865e-09
0.22532772,2.6634429e-06,5.4111488e-05,0.004879729,6.0191461e-06,9.3657521e-09
0.22538468,2.672684e-06,5.3391421e-05,0.0045436154,6.0413102e-06,7.7883057e-09
0.22544165,2.6693815e-06,5.2441697e-05,0.0048613012,6.0345731e-06,8.1741513e-09
0.22549863,2.6751017e-06,5.1704905e-05,0.0046184028,6.049818e-06,8.750768e-09
0.22555564,2.6744406e-06,5.0870174e-05,0.0048503963,6.0490273e-06,7.840382e-09
0.22561266,2.6773089e-06,5.0123336e-05,0.0048840053,6.0559663e-06,9.0361807e-09
0.22566972,2.6817772e-06,4.9435192e-05,0.0048729786,6.0655545e-06,7.4697494e-09
0.2257268,2.6812687e-06,4.8684329e-05,0.0051039164,6.0641056e-06,8.7489034e-09
0.22578392,2.6873709e-06,4.8081659e-05,0.0049035475,6.0780946e-06,9.6299416e-09
0.22584109,2.6855503e-06,4.7350695e-05,0.0050751019,6.0707775e-06,7.9577929e-09
0.22589831,2.6968346e-06,4.6868756e-05,0.0047865336,6.0921309e-06,9.4943888e-09
0.22595559,2.6975487e-06,4.6219443e-05,0.0050671562,6.0882605e-06,8.0904444e-09
0.22601292,2.7068009e-06,4.5748865e-05,0.00483427,6.1040517e-06,7.560302e-09
0.22607034,2.7105648e-06,4.5212833e-05,0.0050724702,6.1072426e-06,7.4416332e-09
0.22612781,2.7164194e-06,4.4739295e-05,0.0050903168,6.115222e-06,9.9714827e-09
0.22618789,2.7220975e-06,4.4270173e-05,0.0051271704,6.1222182e-06,8.5685863e-09
0.22624554,2.7275236e-06,4.3841922e-05,0.0050612492,6.1282888e-06,7.3237737e-09
0.2263033,2.7356394e-06,4.3463787e-05,0.0050111328,6.1398297e-06,9.2251359e-09
0.22636115,2.7376929e-06,4.3007165e-05,0.0051708186,6.1366865e-06,8.1280912e-09
0.22641911,2.7498474e-06,4.2742494e-05,0.0048491536,6.1583522e-06,7.5354951e-09
0.22647716,2.7493012e-06,4.2301485e-05,0.0051900583,6.1519197e-06,9.3609581e-09
0.22653533,2.7619759e-06,4.2087287e-05,0.0049229034,6.1793806e-06,9.5643264e-09
0.22659362,2.7655141e-06,4.1748574e-05,0.0051466389,6.1820168e-06,8.3815793e-09
0.22665202,2.7739401e-06,4.1495292e-05,0.0049996687,6.1954571e-06,7.8012888e-09
0.22671055,2.7795351e-06,4.1230723e-05,0.0052278286,6.2039818e-06,7.4105989e-09
0.22676919,2.7845235e-06,4.0975846e-05,0.0051777923,6.2136749e-06,7.3417725e-09
0.22682795,2.791901e-06,4.0773589e-05,0.0050791012,6.2298451e-06,9.7502861e-09
0.22688681,2.7941039e-06,4.051296e-05,0.0052137747,6.2335779e-06,7.9807788e-09
0.22694581,2.8044446e-06,4.038401e-05,0.0050456749,6.2561555e-06,7.8687507e-09
0.22700492,2.8008115e-06,4.0073313e-05,0.0052733613,6.2484282e-06,9.5111156e-09
0.22706414,2.8110076e-06,3.9973611e-05,0.0049313086,6.271813e-06,8.692614e-09
0.22712607,2.8123309e-06,3.9763412e-05,0.0053028516,6.2764975e-06,8.0626351e-09
0.22718555,2.8198569e-06,3.9666838e-05,0.0049690872,6.2948645e-06,7.8003313e-09
0.22724515,2.8209943e-06,3.9496863e-05,0.0051530491,6.2993057e-06,7.7641975e-09
0.22730488,2.8283323e-06,3.9432013e-05,0.0051355258,6.3188871e-06,9.7003246e-09
0.22736474,2.8332078e-06,3.9342646e-05,0.0052205842,6.3310344e-06,8.4334138e-09
0.22742473,2.8340918e-06,3.9218364e-05,0.0051862611,6.3363599e-06,8.255819e-09
0.22748486,2.8414508e-06,3.920075e-05,0.0051035751,6.3591382e-06,7.9814385e-09
0.22754512,2.839161e-06,3.9056439e-05,0.0053163558,6.3601893e-06,8.046393e-09
0.22760553,2.8469368e-06,3.9077282e-05,0.0048721698,6.3863055e-06,8.5192139e-09
0.22766606,2.8477606e-06,3.90164e-05,0.0051722697,6.3964703e-06,9.3112738e-09
0.22772673,2.851997e-06,3.9022177e-05,0.0049654219,6.4158581e-06,9.7319458e-09
0.22778755,2.8523075e-06,3.8986741e-05,0.0051003062,6.4269665e-06,7.3833482e-09
0.22784849,2.8582771e-06,3.9024635e-05,0.0050938619,6.4495976e-06,9.6961218e-09
0.2279096,2.8644789e-06,3.9084989e-05,0.0050635316,6.4738391e-06,7.6357737e-09
0.22797082,2.8605717e-06,3.9033501e-05,0.0050001794,6.4796983e-06,7.6076485e-09
0.22803221,2.8717739e-06,3.9198963e-05,0.0049213058,6.519709e-06,9.0147332e-09
0.22809373,2.8736617e-06,3.9174144e-05,0.0051691962,6.5261376e-06,7.6344978e-09
0.22815811,2.8813724e-06,3.9308614e-05,0.0048392008,6.5573134e-06,7.8099776e-09
0.22821995,2.8846722e-06,3.9383646e-05,0.0052819951,6.5779064e-06,9.0214742e-09
0.22828196,2.8944818e-06,3.9555683e-05,0.0049115155,6.61344e-06,7.8411068e-09
0.22834415,2.8998322e-06,3.9663139e-05,0.0053162924,6.6379197e-06,7.6797758e-09
0.22840651,2.9049849e-06,3.9784152e-05,0.0050193437,6.6639098e-06,7.7101968e-09
0.22846903,2.9102095e-06,3.9922846e-05,0.0051616077,6.6922399e-06,9.5068765e-09
0.22853172,2.9151545e-06,4.0079978e-05,0.0051575727,6.7222619e-06,8.5483497e-09
0.2285946,2.9282573e-06,4.036927e-05,0.005080137,6.7744834e-06,8.1910158e-09
0.22865762,2.9261645e-06,4.0453741e-05,0.0052242789,6.7913161e-06,8.1317649e-09
0.22872086,2.9327746e-06,4.0674448e-05,0.0048508277,6.8300461e-06,8.0343805e-09
0.22878425,2.9403917e-06,4.0927545e-05,0.0052340445,6.8723949e-06,8.1459658e-09
0.22884782,2.948467e-06,4.1210522e-05,0.0048389672,6.9180923e-06,8.5562887e-09
0.22891157,2.9457802e-06,4.136354e-05,0.0051895616,6.9388542e-06,9.3032127e-09
0.22897552,2.9556503e-06,4.1711612e-05,0.0048776391,6.9896973e-06,7.3821513e-09
0.22903966,2.9675487e-06,4.2111184e-05,0.0050964444,7.0470803e-06,7.497553e-09
0.22910396,2.9658326e-06,4.2315213e-05,0.0050322302,7.0696871e-06,9.2509894e-09
0.22916854,2.9813849e-06,4.2816572e-05,0.005052016,7.1375431e-06,9.979257e-09
0.22923606,2.9777834e-06,4.307955e-05,0.005143077,7.1605124e-06,9.8359822e-09
0.22930096,3.0048136e-06,4.3793851e-05,0.0051461033,7.2541691e-06,8.6941735e-09
0.22936631,3.0021287e-06,4.4092145e-05,0.005370299,7.2759114e-06,7.6702784e-09
0.22943167,3.0000143e-06,4.4410959e-05,0.0051149878,7.2971846e-06,7.5323595e-09
0.22949702,2.9971841e-06,4.4741799e-05,0.0054506599,7.3195821e-06,1.0102926e-08
0.22956238,2.9944404e-06,4.5093408e-05,0.0049455628,7.3413201e-06,9.6210497e-09
0.2296285,3.0322595e-06,4.6096084e-05,0.005373613,7.4647253e-06,9.5134101e-09
0.22969489,3.0431581e-06,4.6707497e-05,0.0052538756,7.522866e-06,8.9506544e-09
0.22976154,3.0514075e-06,4.7322862e-05,0.0052781082,7.5743249e-06,8.1772787e-09
0.22982843,3.0608642e-06,4.79729e-05,0.0054181554,7.6278535e-06,7.3297161e-09
0.22989559,3.070814e-06,4.8687385e-05,0.0054673004,7.6855089e-06,7.5102158e-09
0.22996298,3.0779033e-06,4.9377451e-05,0.0052352194,7.7338266e-06,1.011655e-08
0.23003064,3.09011e-06,5.0202274e-05,0.0052724567,7.7986417e-06,8.8922468e-09
0.23009854,3.0965793e-06,5.0922538e-05,0.0056303623,7.84102e-06,7.9680329e-09
0.23016671,3.1122714e-06,5.1873667e-05,0.0054252628,7.9115144e-06,7.3037076e-09
0.23023514,3.1180772e-06,5.2687618e-05,0.0054161767,7.9545495e-06,7.8235153e-09
0.23030683,3.1352815e-06,5.3790372e-05,0.0053775362,8.0306636e-06,7.6694853e-09
0.2303758,3.1416734e-06,5.4685834e-05,0.0055874584,8.0747483e-06,9.1845134e-09
0.23044505,3.1616947e-06,5.5870775e-05,0.0054608632,8.1533648e-06,9.1076256e-09
0.23051458,3.1709835e-06,5.6936963e-05,0.0056192827,8.2031116e-06,7.453871e-09
0.23058439,3.191573e-06,5.8274264e-05,0.0055245193,8.2821575e-06,7.2988119e-09
0.23065451,3.2047681e-06,5.9548392e-05,0.005774074,8.3391796e-06,7.7185283e-09
0.23072491,3.2244208e-06,6.103606e-05,0.0053829331,8.4113563e-06,8.9329807e-09
0.23079565,3.241918e-06,6.2575971e-05,0.0055911728,8.4759601e-06,1.0243353e-08
0.23086669,3.2625712e-06,6.4262217e-05,0.0056608786,8.5453113e-06,7.3341314e-09
0.23093809,3.2846521e-06,6.6103241e-05,0.0056118336,8.6191217e-06,8.9278498e-09
0.23100983,3.3044629e-06,6.8042032e-05,0.0057860783,8.6866674e-06,7.3748859e-09
0.23108195,3.3326091e-06,7.0318383e-05,0.0058804723,8.7714962e-06,8.8547476e-09
0.23115444,3.3541751e-06,7.2645344e-05,0.0059687057,8.837014e-06,8.2775703e-09
0.23122734,3.3870698e-06,7.5413139e-05,0.0060414587,8.926739e-06,9.4097607e-09
0.23130063,3.4101175e-06,7.8209608e-05,0.005764289,8.9879946e-06,8.3712747e-09
0.23137436,3.449674e-06,8.1641496e-05,0.0059033124,9.0818682e-06,1.0165829e-08
0.23144851,3.4778598e-06,8.5160264e-05,0.0059391657,9.1423265e-06,7.5418628e-09
0.23152639,3.5247501e-06,8.9650745e-05,0.005825924,9.2433324e-06,9.4377437e-09
0.23160149,3.5602269e-06,9.4164801e-05,0.0060641563,9.3072774e-06,8.4281338e-09
0.2316771,3.6098405e-06,9.956535e-05,0.0060096542,9.4030027e-06,7.6560428e-09
0.23175321,3.6499337e-06,0.00010534288,0.0059972205,9.4696727e-06,8.5077214e-09
0.23182986,3.706906e-06,0.00011232197,0.0063709477,9.5698056e-06,1.0048944e-08
0.23190705,3.7531218e-06,0.0001198663,0.0062254127,9.6378748e-06,7.2093571e-09
0.23198483,3.8177019e-06,0.00012902566,0.0063017031,9.7433138e-06,8.6491573e-09
0.23206318,3.872219e-06,0.00013906443,0.006142432,9.8163801e-06,7.7452716e-09
0.23214216,3.9454409e-06,0.00015117629,0.0061623369,9.9248545e-06,8.9972895e-09
0.23222175,4.0070423e-06,0.0001645978,0.0065870254,9.9973806e-06,1.166361e-08
0.23230198,4.0875825e-06,0.00018073406,0.0066104525,1.0112027e-05,8.6391259e-09
0.23238285,4.1562326e-06,0.00019847224,0.0069520346,1.0188293e-05,7.850873e-09
0.23246363,4.1543241e-06,0.00021461709,0.0067438254,1.0087602e-05,8.2438881e-09
0.23254322,4.1378396e-06,0.00022959575,0.0069866328,9.9548206e-06,8.8064551e-09
0.23262167,4.1204663e-06,0.00024244686,0.006917061,9.8211646e-06,9.38127e-09
0.23269897,4.1028131e-06,0.00025179726,0.0069271948,9.6886734e-06,7.2710907e-09
0.23277846,4.0851338e-06,0.00025570393,0.0064836025,9.5611785e-06,8.1579171e-09
0.23285355,4.0684322e-06,0.00025203951,0.0065956336,9.4457426e-06,9.0503469e-09
0.23292759,4.0477315e-06,0.00024315963,0.0065048803,9.3293862e-06,1.0039134e-08
0.23300064,4.0291804e-06,0.00023147699,0.0063629603,9.2230155e-06,7.5229404e-09
0.23307273,4.0065308e-06,0.00021785103,0.0064278184,9.1166599e-06,9.2544267e-09
0.23314391,3.9851981e-06,0.00020376758,0.0062366977,9.0175785e-06,6.7296248e-09
0.23321421,3.9635067e-06,0.00018948462,0.0061783028,8.9237925e-06,9.2072285e-09
0.23328367,3.9391449e-06,0.00017540763,0.0061105235,8.8313957e-06,6.5781254e-09
0.23335233,3.9151977e-06,0.00016238758,0.0058564572,8.7469813e-06,1.0834456e-08
0.23342025,3.8935525e-06,0.00015079628,0.0059883582,8.6722648e-06,9.2362335e-09
0.23348746,3.8689571e-06,0.00014041645,0.0058296772,8.5980156e-06,6.8994132e-09
0.23355403,3.8481749e-06,0.00013129694,0.0064270904,8.5342812e-06,6.2353552e-09
0.23361998,3.8261493e-06,0.00012311302,0.0062159431,8.4725008e-06,9.8824917e-09
0.23368538,3.8071633e-06,0.00011583443,0.0060837492,8.4189273e-06,7.0134318e-09
0.23375025,3.7866153e-06,0.00010926008,0.0057815858,8.3692663e-06,9.9859588e-09
0.23381464,3.7688081e-06,0.00010338174,0.0058193856,8.3259939e-06,8.7578753e-09
0.23387859,3.7516077e-06,9.8096738e-05,0.0053987236,8.2861567e-06,7.6930556e-09
0.2339449,3.7341531e-06,9.309991e-05,0.0051544947,8.2470001e-06,7.4708785e-09
0.23400809,3.7200041e-06,8.8796636e-05,0.0052993979,8.2157868e-06,6.8288991e-09
0.23407097,3.7047405e-06,8.4833343e-05,0.0050293407,8.1841506e-06,1.0235917e-08
0.23413358,3.690434e-06,8.1246043e-05,0.0050662609,8.1586915e-06,8.903666e-09
0.23419594,3.6767129e-06,7.7972536e-05,0.005046693,8.1353569e-06,7.521548e-09
0.23425812,3.6633417e-06,7.4969652e-05,0.004807398,8.1161486e-06,6.9416319e-09
0.23432012,3.652089e-06,7.2258781e-05,0.0050123122,8.1014877e-06,1.01495e-08
0.234382,3.6414449e-06,6.9790109e-05,0.0049757058,8.0929121e-06,9.1562892e-09
0.23444379,3.6327757e-06,6.7553419e-05,0.0047146438,8.0897271e-06,7.9813757e-09
0.23450553,3.6261939e-06,6.5518636e-05,0.0050368764,8.091729e-06,6.9615383e-09
0.23456723,3.6208323e-06,6.3662105e-05,0.0048014584,8.0948241e-06,1.0074097e-08
0.23462895,3.6175863e-06,6.2013948e-05,0.0049607184,8.1062757e-06,9.5076507e-09
0.23469071,3.6147178e-06,6.0501481e-05,0.0050874831,8.1184024e-06,9.7838973e-09
0.23475255,3.6141738e-06,5.9145683e-05,0.005143526,8.1352153e-06,8.1990585e-09
0.23481451,3.6155051e-06,5.792173e-05,0.0050769196,8.1560131e-06,7.0820294e-09
0.23487661,3.617658e-06,5.6812257e-05,0.0051113111,8.1803261e-06,8.0911317e-09
0.23494161,3.6221266e-06,5.579682e-05,0.0053926851,8.2147227e-06,6.9602788e-09
0.23500412,3.6276365e-06,5.49185e-05,0.0049747968,8.2502392e-06,8.9727173e-09
0.2350669,3.6364243e-06,5.4162628e-05,0.0056857665,8.2939497e-06,9.8976615e-09
0.23512998,3.6452381e-06,5.3488363e-05,0.0054946624,8.3398355e-06,1.005562e-08
0.23519338,3.6559168e-06,5.2915376e-05,0.0058182001,8.3952971e-06,1.022485e-08
0.23525715,3.6678827e-06,5.243195e-05,0.0055170689,8.4587669e-06,8.6249275e-09
0.23532134,3.6811262e-06,5.2047509e-05,0.0057610483,8.5316924e-06,7.8171526e-09
0.23538597,3.6956801e-06,5.1729492e-05,0.0059193809,8.6126956e-06,9.8070206e-09
0.2354511,3.7125933e-06,5.150245e-05,0.0058698043,8.7060911e-06,8.3982846e-09
0.23551676,3.7320586e-06,5.1345483e-05,0.0058960856,8.8111868e-06,8.4312604e-09
0.23558298,3.7537238e-06,5.1269088e-05,0.0061144932,8.9268627e-06,7.3964839e-09
0.23564981,3.7759198e-06,5.1226374e-05,0.0061264192,9.0457934e-06,9.1634898e-09
0.23571727,3.8023576e-06,5.1260336e-05,0.0063039845,9.1759727e-06,7.8478956e-09
0.23578543,3.8337268e-06,5.1381838e-05,0.0059550088,9.3197466e-06,7.8198969e-09
0.23585433,3.8661784e-06,5.1561464e-05,0.0060699267,9.4690129e-06,9.2016095e-09
0.23592401,3.9034456e-06,5.182554e-05,0.0063337036,9.6276476e-06,8.2712818e-09
0.23599453,3.9449826e-06,5.2176652e-05,0.0065579244,9.7914004e-06,7.4653968e-09
0.23606906,3.9925082e-06,5.2650504e-05,0.0067368704,9.9673429e-06,7.3598497e-09
0.23614144,4.0268031e-06,5.3020177e-05,0.0068955873,1.0103941e-05,7.2758086e-09
0.23621361,3.9764878e-06,5.230513e-05,0.0065049893,1.0016042e-05,8.1673011e-09
0.23628492,3.9152985e-06,5.1525672e-05,0.0064665981,9.8956373e-06,9.3128636e-09
0.23635539,3.8704628e-06,5.1009565e-05,0.00638653,9.8045743e-06,8.7760045e-09
0.23642504,3.8106106e-06,5.0348035e-05,0.0063653824,9.6671031e-06,8.2203501e-09
0.23649392,3.7696017e-06,4.9986838e-05,0.0063922749,9.5711409e-06,7.8826064e-09
0.23656202,3.7151909e-06,4.9487438e-05,0.0060520052,9.4320565e-06,9.7399116e-09
0.23662941,3.6705001e-06,4.9195976e-05,0.0063115347,9.315409e-06,8.8643909e-09
0.2366961,3.6216074e-06,4.8892165e-05,0.0061485299,9.1793159e-06,7.9577768e-09
0.23676215,3.5808955e-06,4.8737575e-05,0.0061848295,9.0595372e-06,6.807846e-09
0.23682757,3.5392633e-06,4.8594926e-05,0.0056954088,8.9333214e-06,9.7343666e-09
0.23689244,3.5019237e-06,4.8566558e-05,0.0062003445,8.817442e-06,8.2863391e-09
0.23695676,3.4650572e-06,4.8594159e-05,0.005589939,8.7025123e-06,6.8510336e-09
0.23702062,3.4287784e-06,4.8674434e-05,0.005671555,8.5888379e-06,9.4711196e-09
0.23708401,3.3985849e-06,4.8887234e-05,0.0054729511,8.4902185e-06,8.2517292e-09
0.23714972,3.3586613e-06,4.9035964e-05,0.0058386345,8.3664328e-06,1.0126406e-08
0.2372123,3.3374588e-06,4.9497707e-05,0.005426611,8.2953017e-06,8.6999223e-09
0.23727454,3.300498e-06,4.979188e-05,0.0055556481,8.1858005e-06,7.228456e-09
0.23733647,3.2801509e-06,5.0417073e-05,0.0053336929,8.1232171e-06,9.313825e-09
0.23739812,3.2439028e-06,5.0876034e-05,0.0056067655,8.0246793e-06,7.8784312e-09
0.23745952,3.2246139e-06,5.1683952e-05,0.0052993675,7.9723207e-06,8.5526178e-09
0.23752069,3.1890858e-06,5.2307594e-05,0.0053327256,7.8835519e-06,6.6375144e-09
0.23758166,3.1698208e-06,5.3258661e-05,0.0050797948,7.8375034e-06,7.9459594e-09
0.23764246,3.1337332e-06,5.406442e-05,0.0052635298,7.7611733e-06,9.5095527e-09
0.23770308,3.1153884e-06,5.5189341e-05,0.0048783141,7.7210953e-06,7.1403167e-09
0.23776357,3.0858147e-06,5.6208045e-05,0.0053305674,7.6588626e-06,8.4343321e-09
0.23782392,3.0662975e-06,5.7490872e-05,0.0049246209,7.6258668e-06,9.815496e-09
0.23788416,3.0401012e-06,5.8703491e-05,0.0053732319,7.5802357e-06,8.102151e-09
0.23794429,3.0202935e-06,6.0111002e-05,0.0049474321,7.557105e-06,8.7373444e-09
0.23800435,2.997175e-06,6.1511393e-05,0.0051482288,7.5307234e-06,9.7360226e-09
0.23806432,2.9811095e-06,6.3092907e-05,0.0050846781,7.5250078e-06,8.3068428e-09
0.23812426,2.9605653e-06,6.4658886e-05,0.005130396,7.5099716e-06,9.5859433e-09
0.23818672,2.9455224e-06,6.6464877e-05,0.004900535,7.5112909e-06,7.3547757e-09
0.23824652,2.9239578e-06,6.8090304e-05,0.0049020009,7.4936907e-06,8.6581289e-09
0.23830626,2.9130622e-06,7.0024091e-05,0.0046968468,7.5023063e-06,1.0039009e-08
0.23836595,2.8952758e-06,7.1844604e-05,0.0049746063,7.4882593e-06,8.1714227e-09
0.23842558,2.8861383e-06,7.3919092e-05,0.0046474846,7.4930473e-06,8.9324812e-09
0.23848518,2.8715173e-06,7.5902311e-05,0.0051230313,7.4777245e-06,8.1716135e-09
0.23854471,2.8628358e-06,7.8105994e-05,0.0047647523,7.4748419e-06,9.0308212e-09
0.23860421,2.8505424e-06,8.0296132e-05,0.0048556177,7.4599144e-06,8.6543681e-09
0.23866363,2.8398801e-06,8.2615954e-05,0.0049250758,7.4453499e-06,9.9346326e-09
0.23872301,2.831318e-06,8.5101495e-05,0.0050252778,7.4307275e-06,7.7713407e-09
0.23878231,2.8218236e-06,8.7664127e-05,0.0050028159,7.4053077e-06,9.7297123e-09
0.23884157,2.8151219e-06,9.0398559e-05,0.00510753,7.3865732e-06,7.5485337e-09
0.23890074,2.8054549e-06,9.3144687e-05,0.0051330892,7.3557459e-06,8.6961413e-09
0.23895985,2.8026856e-06,9.630644e-05,0.0048950435,7.3429151e-06,9.656004e-09
0.23901886,2.7918881e-06,9.9275898e-05,0.0050494321,7.3039179e-06,8.3708288e-09
0.23907781,2.7916422e-06,0.00010286805,0.0049041753,7.2958923e-06,8.9033694e-09
0.23913665,2.7791367e-06,0.00010617322,0.0052889019,7.2547365e-06,8.6892985e-09
0.23919797,2.7804689e-06,0.00011039463,0.0049294159,7.246512e-06,1.0033147e-08
0.23925662,2.7706483e-06,0.0001142999,0.0050204965,7.2112792e-06,7.5520877e-09
0.23931519,2.7730314e-06,0.00011898477,0.0047945063,7.2037574e-06,8.4234586e-09
0.23937364,2.7635068e-06,0.00012342128,0.0051125303,7.1610978e-06,8.2928901e-09
0.239432,2.7674343e-06,0.00012881225,0.0047271362,7.1561863e-06,8.5662884e-09
0.23949025,2.7575052e-06,0.00013389815,0.0051067459,7.1127157e-06,7.6179111e-09
0.23954841,2.7607672e-06,0.00014002015,0.0047706149,7.105593e-06,9.5225203e-09
0.23960646,2.7515633e-06,0.00014576993,0.0049545559,7.0638921e-06,7.6602802e-09
0.23966441,2.7549566e-06,0.00015220641,0.0047662117,7.0536213e-06,9.3488125e-09
0.23972228,2.7441946e-06,0.00015787818,0.0050482394,7.0125e-06,7.8917967e-09
0.23978004,2.7441286e-06,0.00016392162,0.0047528387,6.9941813e-06,9.0752662e-09
0.23983772,2.7390738e-06,0.00016924471,0.0049723281,6.9602034e-06,8.1898863e-09
0.23989531,2.7359777e-06,0.00017427561,0.0048663017,6.9330521e-06,9.0681887e-09
0.23995284,2.7334615e-06,0.00017866952,0.0049063638,6.905923e-06,7.9902786e-09
0.24001028,2.7278933e-06,0.00018219053,0.0050157649,6.8721351e-06,8.4097106e-09
0.24006768,2.727383e-06,0.00018511299,0.004899855,6.8503345e-06,9.5192746e-09
0.24012749,2.7215541e-06,0.00018617795,0.0050219448,6.812394e-06,8.6605809e-09
0.24018478,2.720464e-06,0.0001857426,0.0049453007,6.787362e-06,9.5319478e-09
0.240242,2.7132682e-06,0.00018295031,0.005191306,6.7456162e-06,8.7008959e-09
0.24029921,2.7167021e-06,0.00017945324,0.0047291379,6.7284493e-06,9.6066289e-09
0.24035637,2.7077711e-06,0.00017401582,0.0049128991,6.6801592e-06,9.448582e-09
0.24041352,2.713549e-06,0.00016867802,0.0048106042,6.6639464e-06,9.740075e-09
0.24047064,2.7027891e-06,0.00016206214,0.0048986436,6.6170972e-06,8.2606099e-09
0.24052775,2.7074788e-06,0.00015583514,0.0048170928,6.6021456e-06,9.4159253e-09
0.24058486,2.6997638e-06,0.00014885956,0.0051431642,6.5573099e-06,8.1419496e-09
0.24064195,2.7030973e-06,0.00014242739,0.0047375198,6.5389639e-06,9.5976893e-09
0.24069905,2.6980519e-06,0.00013590788,0.0049625143,6.5019901e-06,7.9634168e-09
0.24075614,2.6966108e-06,0.00012998029,0.0047992704,6.475175e-06,8.7022591e-09
0.24081325,2.6946986e-06,0.00012437479,0.0048526573,6.446215e-06,7.9190285e-09
0.24087035,2.6908636e-06,0.00011911087,0.0048907125,6.4127103e-06,8.56808e-09
0.24092747,2.6919219e-06,0.00011441146,0.0049744103,6.3892073e-06,9.4348459e-09
0.24098457,2.6857151e-06,0.00010975769,0.0050508138,6.349309e-06,7.9162513e-09
0.2410417,2.6898114e-06,0.00010585199,0.0047521286,6.3331457e-06,8.8629997e-09
0.2411013,2.6830939e-06,0.00010163861,0.0050473897,6.2911202e-06,9.6791274e-09
0.24115844,2.6864168e-06,9.8260242e-05,0.0049568629,6.2752661e-06,7.8660343e-09
0.24121556,2.6794102e-06,9.473855e-05,0.0048713316,6.2345931e-06,8.901201e-09
0.24127269,2.6831736e-06,9.1850321e-05,0.0047551047,6.220932e-06,9.9825981e-09
0.24132981,2.6744112e-06,8.8752526e-05,0.0048434419,6.1805748e-06,8.1415153e-09
0.24138692,2.6787593e-06,8.6274669e-05,0.004601254,6.1710577e-06,8.8408832e-09
0.24144403,2.671575e-06,8.3599049e-05,0.0050286263,6.1376273e-06,7.8702883e-09
0.24150112,2.6727874e-06,8.134039e-05,0.004688469,6.1256663e-06,8.3241639e-09
0.24155821,2.6689215e-06,7.9065322e-05,0.0049639574,6.1027416e-06,7.6429504e-09
0.24161527,2.6663288e-06,7.6952357e-05,0.0047497185,6.0842334e-06,8.6481822e-09
0.24167234,2.6657586e-06,7.4998188e-05,0.0047775562,6.0704902e-06,7.7453771e-09
0.24172937,2.6614664e-06,7.302241e-05,0.0048670472,6.0486295e-06,8.8544396e-09
0.24178641,2.6655621e-06,7.135379e-05,0.0046920635,6.046249e-06,7.6494947e-09
0.24184343,2.6597625e-06,6.9538006e-05,0.004952933,6.0239252e-06,1.0070959e-08
0.24190043,2.6662667e-06,6.8105988e-05,0.0045332089,6.0303723e-06,9.3022058e-09
0.24195743,2.6603546e-06,6.6449954e-05,0.0047643386,6.0109928e-06,9.4335162e-09
0.24201689,2.6670432e-06,6.5127882e-05,0.0043336688,6.0231149e-06,8.8693516e-09
0.24207387,2.6612155e-06,6.3616442e-05,0.0047367209,6.0060933e-06,8.355439e-09
0.24213084,2.6677803e-06,6.2487794e-05,0.0043482726,6.0202864e-06,8.1875483e-09
0.24218782,2.6648569e-06,6.1167384e-05,0.0047322155,6.012155e-06,9.901424e-09
0.24224478,2.6697317e-06,6.0060397e-05,0.0045852933,6.019244e-06,8.4341972e-09
0.24230177,2.6692306e-06,5.8911774e-05,0.004740031,6.0198909e-06,9.1850012e-09
0.24235874,2.6708615e-06,5.7839044e-05,0.0047477446,6.0218875e-06,7.547219e-09
0.24241573,2.6755825e-06,5.6861446e-05,0.0045475067,6.0299478e-06,8.1858861e-09
0.24247272,2.6726466e-06,5.5783646e-05,0.0048515819,6.0261554e-06,9.2781178e-09
0.24252974,2.6796651e-06,5.4937682e-05,0.0045837494,6.0412117e-06,8.0223681e-09
0.24258677,2.6764428e-06,5.391987e-05,0.0048443226,6.0344506e-06,9.14015e-09
0.24264381,2.6850526e-06,5.3177859e-05,0.0045296064,6.054249e-06,9.6723029e-09
0.24270088,2.6823493e-06,5.2247506e-05,0.0047450853,6.0484557e-06,7.6871292e-09
0.24275795,2.6888932e-06,5.1531545e-05,0.0045858696,6.0648894e-06,9.1329261e-09
0.24281506,2.6890912e-06,5.0726215e-05,0.0049184205,6.0665395e-06,7.8224829e-09
0.24287217,2.6907838e-06,4.9980129e-05,0.0048045491,6.0726203e-06,8.9544815e-09
0.24292933,2.6952988e-06,4.9312061e-05,0.0049256985,6.0825982e-06,7.5623459e-09
0.24298899,2.6966229e-06,4.8571706e-05,0.0049408431,6.0847479e-06,8.3496107e-09
0.24304623,2.7014318e-06,4.7956195e-05,0.004832141,6.0940778e-06,9.9334779e-09
0.24310349,2.7026483e-06,4.7281176e-05,0.0051172061,6.0922207e-06,8.1428468e-09
0.24316082,2.7114506e-06,4.6761468e-05,0.0049275121,6.1071295e-06,9.8124939e-09
0.2432182,2.7102984e-06,4.6107001e-05,0.0050590157,6.0998527e-06,8.4500877e-09
0.24327565,2.7216014e-06,4.568731e-05,0.0047391359,6.1204857e-06,9.315902e-09
0.24333317,2.722693e-06,4.5121404e-05,0.0050403579,6.1174121e-06,8.852725e-09
0.24339076,2.7309572e-06,4.4698052e-05,0.0048801808,6.1308722e-06,7.664171e-09
0.24344843,2.7354198e-06,4.4241368e-05,0.0049867103,6.1354786e-06,9.4636831e-09
0.24350619,2.7405642e-06,4.381585e-05,0.0050440554,6.1412662e-06,8.1616792e-09
0.24356404,2.7480779e-06,4.3446926e-05,0.0049551381,6.1520449e-06,9.9955903e-09
0.24362198,2.7508699e-06,4.3011813e-05,0.0051277243,6.1509655e-06,9.3526544e-09
0.24368004,2.7627727e-06,4.2743829e-05,0.0049512341,6.1705196e-06,8.0791341e-09
0.24373819,2.7628543e-06,4.2309151e-05,0.0052186397,6.1628279e-06,7.3845594e-09
0.24379646,2.7752542e-06,4.2093589e-05,0.0049179819,6.1894515e-06,7.7107469e-09
0.24385483,2.7775203e-06,4.1746354e-05,0.0050433379,6.1896232e-06,9.8284931e-09
0.24391586,2.7879396e-06,4.1526624e-05,0.0049432699,6.2083944e-06,9.1654381e-09
0.24397447,2.7904165e-06,4.1220919e-05,0.0052362014,6.2105015e-06,8.4467338e-09
0.24403318,2.7982716e-06,4.1015646e-05,0.0049639751,6.2256123e-06,7.6461997e-09
0.24409202,2.8034923e-06,4.078995e-05,0.0050396642,6.236601e-06,7.569304e-09
0.24415095,2.8054963e-06,4.0533851e-05,0.0051938893,6.2404635e-06,7.4641955e-09
0.24421002,2.8138006e-06,4.0391978e-05,0.0049468537,6.2595367e-06,7.1333902e-09
0.24426918,2.8129383e-06,4.0127647e-05,0.0051999098,6.2579332e-06,7.5880161e-09
0.24432848,2.8222965e-06,4.0027264e-05,0.0049577017,6.2800513e-06,1.0040453e-08
0.24438788,2.8222174e-06,3.9806947e-05,0.0052386776,6.2821536e-06,8.9767319e-09
0.2444474,2.8294748e-06,3.9713085e-05,0.0048896238,6.3025916e-06,8.1495696e-09
0.24450706,2.8300972e-06,3.9551996e-05,0.0052360318,6.3089311e-06,7.5001983e-09
0.24456682,2.8365649e-06,3.9469838e-05,0.005162917,6.3231575e-06,7.4381642e-09
0.24462674,2.8394613e-06,3.9377536e-05,0.0050432891,6.3357683e-06,9.277905e-09
0.24468677,2.8406237e-06,3.9261609e-05,0.0051905314,6.3423161e-06,8.4441793e-09
0.24474694,2.848204e-06,3.9245544e-05,0.0050074822,6.3635117e-06,8.5387384e-09
0.24480724,2.845514e-06,3.9096419e-05,0.0051898843,6.3620231e-06,8.6238758e-09
0.24486769,2.8543686e-06,3.9133402e-05,0.0048352645,6.3892165e-06,8.6931238e-09
0.24493089,2.8528653e-06,3.9032796e-05,0.0052768926,6.3945898e-06,9.7515478e-09
0.24499161,2.8618774e-06,3.9100075e-05,0.0048370473,6.4245152e-06,9.1997772e-09
0.24505247,2.8614577e-06,3.9047177e-05,0.0051216098,6.4334543e-06,7.1927397e-09
0.24511346,2.8691001e-06,3.9101061e-05,0.0049642809,6.4587866e-06,9.5318095e-09
0.2451746,2.8709351e-06,3.9095623e-05,0.0049923423,6.4721353e-06,7.6705944e-09
0.24523587,2.8752677e-06,3.9136749e-05,0.0049745229,6.4934491e-06,7.4023303e-09
0.24529729,2.8809501e-06,3.921569e-05,0.0049544294,6.5210907e-06,9.1272866e-09
0.24535886,2.8811877e-06,3.922577e-05,0.0049116713,6.5353536e-06,7.6457077e-09
0.24542059,2.8941051e-06,3.9351668e-05,0.0048843841,6.567689e-06,7.6890778e-09
0.24548248,2.8941693e-06,3.939356e-05,0.0051601845,6.5834987e-06,8.7406064e-09
0.24554453,2.9052826e-06,3.9574831e-05,0.0047341581,6.621483e-06,7.6428481e-09
0.24560675,2.9073093e-06,3.9635198e-05,0.0050974163,6.6387961e-06,7.5349199e-09
0.24566912,2.9151564e-06,3.9794385e-05,0.0049055917,6.6731353e-06,9.5701854e-09
0.24573167,2.9218519e-06,3.9953877e-05,0.0050648142,6.7048279e-06,8.880599e-09
0.2457944,2.9285963e-06,4.0127802e-05,0.005101535,6.7394115e-06,8.5346362e-09
0.2458573,2.9344695e-06,4.0316116e-05,0.0049627268,6.7754446e-06,8.1163553e-09
0.24592312,2.9385726e-06,4.049641e-05,0.004974497,6.8103147e-06,8.0261506e-09
0.24598638,2.9473086e-06,4.0745031e-05,0.0049633541,6.8552163e-06,8.092045e-09
0.24604982,2.9487379e-06,4.0912044e-05,0.0051440963,6.884516e-06,8.1545331e-09
0.24611344,2.9591616e-06,4.1227603e-05,0.0048695273,6.9375831e-06,8.238981e-09
0.24617725,2.9602582e-06,4.1426594e-05,0.0051021966,6.9694384e-06,8.7526932e-09
0.24624125,2.9725449e-06,4.17785e-05,0.0047645562,7.0246315e-06,9.4736828e-09
0.24630545,2.9757901e-06,4.2050617e-05,0.0050462288,7.0614566e-06,9.2508959e-09
0.24636983,2.9828602e-06,4.2395813e-05,0.0049369173,7.1079685e-06,8.807804e-09
0.24643443,2.9908561e-06,4.2772526e-05,0.0050479617,7.1556546e-06,8.3109495e-09
0.24649924,2.9968115e-06,4.3129652e-05,0.0050809404,7.1991163e-06,7.9502289e-09
0.24656428,3.0074593e-06,4.3575053e-05,0.0051055037,7.2531177e-06,7.7060971e-09
0.24662954,3.012021e-06,4.3958291e-05,0.0051741086,7.2920785e-06,9.6727835e-09
0.24669503,3.0254697e-06,4.4509045e-05,0.0050410096,7.3525939e-06,8.6240452e-09
0.24676075,3.0271562e-06,4.4915373e-05,0.0054215372,7.3855463e-06,7.8131026e-09
0.24682672,3.0414409e-06,4.5516027e-05,0.0049652398,7.4481695e-06,7.4386921e-09
0.24689293,3.0462943e-06,4.6006108e-05,0.0052655871,7.4892765e-06,7.340112e-09
0.24695939,3.0584607e-06,4.663094e-05,0.005231258,7.5495639e-06,7.8077771e-09
0.24702899,3.0640973e-06,4.7202467e-05,0.0052421055,7.5952465e-06,9.910544e-09
0.24709595,3.0774554e-06,4.7915835e-05,0.0051357414,7.6603751e-06,8.8902535e-09
0.24716317,3.0837815e-06,4.8546773e-05,0.0054470175,7.7067511e-06,7.5324197e-09
0.24723062,3.0948517e-06,4.9302594e-05,0.0052308429,7.7687305e-06,7.58307e-09
0.24729834,3.1046212e-06,5.0051324e-05,0.0052491644,7.8251147e-06,1.0057342e-08
0.2473663,3.111348e-06,5.0787678e-05,0.0054623953,7.8750477e-06,8.7269524e-09
0.24743453,3.1280151e-06,5.1670854e-05,0.0054624394,7.9415394e-06,7.8829853e-09
0.24750301,3.1314599e-06,5.2457408e-05,0.005447826,7.9854446e-06,7.3336783e-09
0.24757177,3.1494384e-06,5.3511935e-05,0.0051618837,8.0637292e-06,7.5066474e-09
0.24764078,3.1521771e-06,5.4339804e-05,0.0054058378,8.1010789e-06,7.5196992e-09
0.24771008,3.1733044e-06,5.5525018e-05,0.0055320286,8.1839844e-06,7.6951422e-09
0.24777964,3.181676e-06,5.6549737e-05,0.0056192488,8.2328896e-06,8.3469948e-09
0.2478495,3.2016458e-06,5.7839075e-05,0.0052940495,8.3125808e-06,9.2452623e-09
0.24791965,3.2149194e-06,5.9088361e-05,0.0055305071,8.3738293e-06,8.8957982e-09
0.2479901,3.2346875e-06,6.0513035e-05,0.0053354101,8.4465015e-06,7.3220999e-09
0.24806088,3.2511782e-06,6.1981956e-05,0.0054545751,8.5103829e-06,8.4335024e-09
0.24813507,3.273581e-06,6.3710096e-05,0.0055693366,8.5882456e-06,9.9628744e-09
0.24820654,3.2923399e-06,6.5438291e-05,0.0054989326,8.6541906e-06,7.4566328e-09
0.24827835,3.3169645e-06,6.7423962e-05,0.0053987313,8.7349372e-06,8.9464011e-09
0.24835054,3.3441066e-06,6.9617307e-05,0.0057167613,8.8183616e-06,7.3440291e-09
0.2484231,3.3681061e-06,7.1921775e-05,0.0055634989,8.8913606e-06,7.9714016e-09
0.24849608,3.3997272e-06,7.4569921e-05,0.0060550765,8.9795649e-06,9.5507137e-09
0.24856943,3.4274922e-06,7.738042e-05,0.0058669507,9.0541723e-06,7.4896873e-09
0.24864325,3.4638414e-06,8.0658176e-05,0.0057421325,9.1460689e-06,9.5633162e-09
0.24871748,3.4909725e-06,8.4031172e-05,0.005792364,9.2052638e-06,7.1713313e-09
0.24879219,3.533365e-06,8.8149554e-05,0.0059565496,9.3002469e-06,7.3863596e-09
0.24886735,3.5729558e-06,9.2608887e-05,0.0058482438,9.379598e-06,8.9961903e-09
0.24894303,3.6167941e-06,9.7646472e-05,0.0060208284,9.4612516e-06,9.2149283e-09
0.24901917,3.662881e-06,0.00010336277,0.0061126726,9.5443486e-06,1.0290547e-08
0.24909588,3.7140492e-06,0.0001098624,0.0060981187,9.6318999e-06,7.4139076e-09
0.2491731,3.7595937e-06,0.0001170198,0.0063192103,9.699683e-06,8.554057e-09
0.24925088,3.8194408e-06,0.00012557579,0.0060648591,9.7957093e-06,1.0333971e-08
0.24932923,3.8744332e-06,0.00013505321,0.0061159641,9.8678459e-06,9.632766e-09
0.24941163,3.9485371e-06,0.00014696988,0.0062792314,9.9753303e-06,8.5625772e-09
0.24949121,4.0139871e-06,0.00015984174,0.0066682203,1.0057298e-05,8.3975882e-09
0.24957151,4.1008809e-06,0.0001754685,0.0067098515,1.0185667e-05,6.0833858e-09
0.24965234,4.1618363e-06,0.00019203484,0.0069359952,1.0243284e-05,7.474571e-09
0.24973334,4.1628328e-06,0.00020764474,0.0070164783,1.0157502e-05,9.4979635e-09
0.24981317,4.1635105e-06,0.00022374455,0.0069766663,1.0065607e-05,1.0272926e-08
0.24989182,4.1333679e-06,0.00023678231,0.0066380349,9.9049301e-06,7.1927325e-09
0.24996932,4.1200075e-06,0.00024784719,0.0068557036,9.7873933e-06,7.3101675e-09
0.25004568,4.0972981e-06,0.0002537613,0.0067323279,9.651965e-06,7.7883353e-09
0.25012105,4.1000535e-06,0.00025481072,0.0065188004,9.5810653e-06,7.2890713e-09
0.25019524,4.0423601e-06,0.00024615108,0.0062794487,9.3806387e-06,8.464206e-09
0.25026864,4.0023306e-06,0.00023456345,0.0066299449,9.2245895e-06,1.0167861e-08
0.25034074,4.034041e-06,0.00022482462,0.0062569445,9.2422937e-06,7.1360481e-09
0.25041284,4.0629086e-06,0.00021365603,0.0065190749,9.2595134e-06,7.9390928e-09
0.25048369,3.9715716e-06,0.0001959634,0.0059782223,9.0095133e-06,9.3069168e-09
0.25055328,3.9467451e-06,0.00018198153,0.0061227434,8.9179921e-06,6.9762771e-09
0.25062205,3.9229708e-06,0.00016859174,0.0059668212,8.8357558e-06,7.2192577e-09
0.25069301,3.8971336e-06,0.00015594406,0.0057157798,8.7538556e-06,6.5042845e-09
0.25076028,3.8724707e-06,0.0001451009,0.0060672961,8.6785726e-06,8.2169645e-09
0.2508269,3.8505458e-06,0.00013552385,0.0060167747,8.6122321e-06,9.5993544e-09
0.2508929,3.8299815e-06,0.00012700477,0.0063085722,8.5515518e-06,9.7843209e-09
0.25095833,3.8093179e-06,0.00011938158,0.005653941,8.4961682e-06,9.3395155e-09
0.25102324,3.789333e-06,0.00011252658,0.0055126467,8.4440367e-06,8.8372523e-09
0.25108765,3.7709283e-06,0.00010637216,0.0052178195,8.3953164e-06,8.3311862e-09
0.25115163,3.7538732e-06,0.00010084165,0.0052379099,8.3549793e-06,7.1672863e-09
0.25121521,3.7368452e-06,9.5851496e-05,0.0050276024,8.3168938e-06,7.0368014e-09
0.25127842,3.7211522e-06,9.1326252e-05,0.0051311316,8.2825158e-06,7.9861036e-09
0.25134131,3.7053424e-06,8.718085e-05,0.0048971067,8.2485739e-06,9.720151e-09
0.25140392,3.6913863e-06,8.3420352e-05,0.0051807933,8.2202973e-06,8.6396935e-09
0.25146627,3.6781989e-06,7.9998318e-05,0.0051670254,8.1972418e-06,7.2965318e-09
0.25152842,3.6640825e-06,7.6874349e-05,0.0048176765,8.1757638e-06,7.3021497e-09
0.25159039,3.6529927e-06,7.4047331e-05,0.0050977669,8.1611691e-06,7.0282293e-09
0.25165223,3.6419513e-06,7.1448362e-05,0.0049415763,8.1490971e-06,9.2565611e-09
0.25171665,3.632239e-06,6.8997807e-05,0.0046947764,8.144172e-06,7.4097663e-09
0.25177833,3.6248256e-06,6.6871836e-05,0.0051425895,8.1444453e-06,1.0171246e-08
0.25183997,3.6181646e-06,6.4942998e-05,0.0050285062,8.1480467e-06,9.5674839e-09
0.25190161,3.6140366e-06,6.3206469e-05,0.0048282846,8.1572611e-06,9.041694e-09
0.2519633,3.6134025e-06,6.1651045e-05,0.0050545558,8.1720741e-06,8.8421995e-09
0.25202505,3.6114572e-06,6.0205961e-05,0.0050168604,8.1865077e-06,9.1102988e-09
0.25208691,3.6136867e-06,5.8942127e-05,0.005145059,8.2086237e-06,9.9285562e-09
0.25214891,3.6143801e-06,5.776028e-05,0.005064016,8.2285959e-06,1.0108448e-08
0.25221108,3.6195293e-06,5.6751729e-05,0.0053250662,8.2600796e-06,6.9928609e-09
0.25227346,3.624161e-06,5.5819857e-05,0.0049277738,8.2917325e-06,9.9071375e-09
0.25233609,3.6316055e-06,5.5007913e-05,0.0057443892,8.3331224e-06,7.3662663e-09
0.25239901,3.6414967e-06,5.4293549e-05,0.0053967668,8.3794909e-06,7.4616476e-09
0.25246225,3.6518482e-06,5.3679151e-05,0.0055222804,8.432052e-06,7.8347319e-09
0.25252585,3.6637638e-06,5.3148866e-05,0.0055830145,8.4913204e-06,8.1740038e-09
0.25258984,3.6764363e-06,5.2713707e-05,0.0059421689,8.559758e-06,8.2244235e-09
0.25265428,3.6917001e-06,5.2360716e-05,0.0053959609,8.6382493e-06,9.6240497e-09
0.25271919,3.7077865e-06,5.2096906e-05,0.0057130759,8.7275253e-06,1.0020103e-08
0.25278747,3.7277689e-06,5.1914351e-05,0.0056572185,8.8362935e-06,7.2578004e-09
0.25285349,3.7493256e-06,5.1799617e-05,0.0056926022,8.9519615e-06,9.8416304e-09
0.25292012,3.7713839e-06,5.1747136e-05,0.0057417825,9.0729849e-06,7.974364e-09
0.25298737,3.7978356e-06,5.1775893e-05,0.0061165301,9.2051619e-06,7.6146349e-09
0.25305529,3.8265781e-06,5.1853651e-05,0.0060768107,9.3450001e-06,9.1326007e-09
0.25312395,3.8580408e-06,5.1997765e-05,0.0059334095,9.4925895e-06,7.936248e-09
0.25319338,3.8975466e-06,5.2259699e-05,0.0062348572,9.6549284e-06,7.8519257e-09
0.25326364,3.9375371e-06,5.2576556e-05,0.0061253736,9.817968e-06,9.61681e-09
0.25333477,3.9795391e-06,5.2972654e-05,0.0065309967,9.9824169e-06,9.2113847e-09
0.25340685,4.0287732e-06,5.3503082e-05,0.0066242392,1.0155762e-05,9.0479894e-09
0.2534793,3.9946639e-06,5.2995235e-05,0.0067836771,1.0116568e-05,8.8179473e-09
0.25355095,3.9449401e-06,5.2317891e-05,0.006658636,1.0025188e-05,8.0694117e-09
0.25362173,3.8916597e-06,5.1653873e-05,0.0062442258,9.9144667e-06,7.1618008e-09
0.25369171,3.8400393e-06,5.1064227e-05,0.0063672706,9.7986068e-06,9.9845425e-09
0.25376087,3.7927381e-06,5.0594911e-05,0.0060060639,9.686327e-06,9.023325e-09
0.25382927,3.7372834e-06,5.0057017e-05,0.0064867594,9.5438874e-06,8.1502298e-09
0.25389985,3.6937172e-06,4.9759207e-05,0.0059187984,9.4295895e-06,7.9207162e-09
0.25396676,3.6398424e-06,4.9360384e-05,0.0062628253,9.2822273e-06,9.8138045e-09
0.25403303,3.6021203e-06,4.9241221e-05,0.0061311989,9.1717817e-06,9.2491422e-09
0.25409866,3.5544043e-06,4.900535e-05,0.0061778623,9.029102e-06,8.7213007e-09
0.25416373,3.5210472e-06,4.9019029e-05,0.0059227248,8.9216384e-06,7.8659536e-09
0.25422825,3.4784896e-06,4.8943783e-05,0.0055514146,8.7907106e-06,9.744999e-09
0.25429229,3.4487825e-06,4.9089667e-05,0.0057076497,8.6888714e-06,8.5376929e-09
0.25435584,3.4106577e-06,4.9170966e-05,0.0055621614,8.5663397e-06,8.0526824e-09
0.25441899,3.3837998e-06,4.9464398e-05,0.0055731905,8.474148e-06,9.3741054e-09
0.25448174,3.3493906e-06,4.9707503e-05,0.0055093405,8.3643773e-06,7.6275091e-09
0.25454416,3.3243017e-06,5.0163748e-05,0.0054083508,8.2818714e-06,9.9541322e-09
0.25460624,3.2918124e-06,5.0577053e-05,0.005387683,8.1829011e-06,8.342135e-09
0.25466806,3.2679835e-06,5.121742e-05,0.0054184241,8.113147e-06,8.0227904e-09
0.25472961,3.2362955e-06,5.1790298e-05,0.0055338365,8.0242088e-06,8.0990992e-09
0.25479095,3.2132776e-06,5.2620849e-05,0.0053579884,7.9658804e-06,9.5026917e-09
0.25485207,3.1802274e-06,5.3331797e-05,0.0052512512,7.8841159e-06,7.2297937e-09
0.25491302,3.1594958e-06,5.4341722e-05,0.0051550858,7.8392109e-06,8.7804667e-09
0.25497643,3.1283204e-06,5.5313422e-05,0.005154211,7.7704787e-06,9.9869691e-09
0.25503707,3.1039395e-06,5.6438385e-05,0.0051114475,7.7242419e-06,8.4795545e-09
0.25509757,3.0777102e-06,5.7575627e-05,0.0051827138,7.6706967e-06,9.2416333e-09
0.25515796,3.0590737e-06,5.8904844e-05,0.0051416755,7.6398625e-06,6.7103261e-09
0.25521824,3.0310998e-06,6.0130078e-05,0.0049976549,7.595783e-06,7.8878836e-09
0.25527845,3.0164644e-06,6.1678825e-05,0.0050812238,7.5886138e-06,9.2197263e-09
0.25533858,2.99252e-06,6.3090602e-05,0.0051277943,7.5606545e-06,7.8992423e-09
0.25539868,2.9806646e-06,6.4823566e-05,0.0051036817,7.5673194e-06,8.7154225e-09
0.25545871,2.956396e-06,6.6305271e-05,0.0050761807,7.5415358e-06,9.7732768e-09
0.25551869,2.9469188e-06,6.8188743e-05,0.0047555565,7.5546575e-06,8.233926e-09
0.25557862,2.9240669e-06,6.9816747e-05,0.0050344807,7.5303683e-06,9.5383445e-09
0.2556385,2.917236e-06,7.1877532e-05,0.004627649,7.5469757e-06,7.1426324e-09
0.25569834,2.8974965e-06,7.3616679e-05,0.0050599848,7.5225854e-06,8.3954494e-09
0.25575814,2.8930678e-06,7.5838078e-05,0.00462278,7.5378767e-06,9.8310067e-09
0.25581789,2.8744539e-06,7.7720448e-05,0.0049635853,7.5087219e-06,7.9296636e-09
0.2558776,2.8715826e-06,8.0124146e-05,0.004741277,7.5188695e-06,9.9851673e-09
0.25593985,2.8539851e-06,8.2268693e-05,0.0049164147,7.4839737e-06,8.2200348e-09
0.25599947,2.8516153e-06,8.4858468e-05,0.0048353112,7.4867327e-06,9.6020854e-09
0.25605902,2.8355111e-06,8.7136596e-05,0.005052053,7.4426287e-06,7.7360828e-09
0.25611852,2.8347393e-06,9.0008543e-05,0.0047864818,7.4405739e-06,9.1169643e-09
0.25617795,2.8197813e-06,9.2501869e-05,0.0052346207,7.3962701e-06,7.6901181e-09
0.25623731,2.8204042e-06,9.5617224e-05,0.0048947676,7.3905995e-06,8.9998121e-09
0.2562966,2.8066991e-06,9.8403377e-05,0.0049905799,7.3463544e-06,9.9362131e-09
0.25635581,2.8081362e-06,0.00010188482,0.004758097,7.3407402e-06,8.007288e-09
0.25641494,2.7967718e-06,0.0001050986,0.0050011833,7.3009212e-06,9.3888797e-09
0.25647398,2.796936e-06,0.00010894327,0.004924954,7.29124e-06,8.4710652e-09
0.25653293,2.7888469e-06,0.00011270491,0.0051527684,7.2580981e-06,9.7820669e-09
0.25659177,2.7884166e-06,0.00011702044,0.0049132127,7.2429145e-06,7.5526968e-09
0.25665052,2.7830765e-06,0.00012139498,0.005090131,7.2124666e-06,7.9648278e-09
0.25670916,2.7805918e-06,0.00012624706,0.0048841893,7.1902159e-06,9.7813338e-09
0.25676771,2.7792304e-06,0.00013145366,0.0049472224,7.1662056e-06,8.8784946e-09
0.25682615,2.775396e-06,0.000136913,0.0049000881,7.1377092e-06,7.7655842e-09
0.2568845,2.7745779e-06,0.00014289388,0.0047658924,7.1178732e-06,9.9247111e-09
0.25694527,2.7698118e-06,0.00014905501,0.004942411,7.0845723e-06,8.1290426e-09
0.25700342,2.7677567e-06,0.00015512707,0.0049419156,7.0599119e-06,1.0036991e-08
0.25706146,2.7626465e-06,0.00016092676,0.0049762472,7.0260297e-06,8.2701181e-09
0.25711943,2.7620027e-06,0.0001668069,0.0048635082,7.0073944e-06,9.6183113e-09
0.2571773,2.7519391e-06,0.00017174293,0.005005572,6.9658186e-06,8.0226075e-09
0.2572351,2.7531119e-06,0.00017688221,0.0048968688,6.9505511e-06,9.344819e-09
0.25729282,2.7424297e-06,0.00018046816,0.0050873215,6.9025837e-06,8.1279663e-09
0.25735049,2.7458352e-06,0.00018426303,0.0047904713,6.8919043e-06,9.0916182e-09
0.25740809,2.7353558e-06,0.00018589596,0.0053040477,6.8440399e-06,8.3131013e-09
0.25746564,2.7391118e-06,0.00018691849,0.0049372279,6.8305559e-06,8.9763916e-09
0.25752314,2.7306415e-06,0.00018512298,0.0050258959,6.7845816e-06,9.7463303e-09
0.2575806,2.7315798e-06,0.00018239927,0.0047989286,6.7636335e-06,8.6822087e-09
0.25763804,2.7265545e-06,0.0001779589,0.0049463864,6.7254602e-06,9.2087639e-09
0.25769544,2.7256283e-06,0.00017284522,0.0046058143,6.6970111e-06,9.001059e-09
0.25775284,2.723879e-06,0.00016691125,0.0047642802,6.6643975e-06,7.9028124e-09
0.25781019,2.7197114e-06,0.0001604407,0.0048083568,6.6304459e-06,8.5994083e-09
0.25787005,2.7176447e-06,0.00015358088,0.0051955713,6.599192e-06,9.9730553e-09
0.25792739,2.7149362e-06,0.00014688715,0.004850729,6.5659141e-06,8.655873e-09
0.25798475,2.7144168e-06,0.00014037821,0.0048614008,6.5391933e-06,7.8744338e-09
0.25804208,2.7092532e-06,0.00013402855,0.0049786562,6.5012856e-06,8.3646199e-09
0.25809943,2.7110653e-06,0.00012841538,0.0048081136,6.4815138e-06,9.0687073e-09
0.25815677,2.7026915e-06,0.00012268669,0.0050261136,6.4361188e-06,7.9350955e-09
0.25821412,2.706367e-06,0.00011790154,0.0046761193,6.4209043e-06,9.5340599e-09
0.25827146,2.6981784e-06,0.00011295549,0.0052268497,6.3764796e-06,7.7905058e-09
0.25832882,2.7017589e-06,0.00010887618,0.0046302229,6.3618949e-06,8.4385308e-09
0.25838617,2.6939071e-06,0.00010464504,0.0050148484,6.3207442e-06,9.6471691e-09
0.25844352,2.6963428e-06,0.00010108246,0.0047044106,6.304017e-06,7.9711443e-09
0.25850087,2.6916483e-06,9.7509152e-05,0.0048343441,6.2699168e-06,9.0868178e-09
0.25855821,2.6906417e-06,9.43077e-05,0.0050074721,6.2460944e-06,9.6993286e-09
0.25861555,2.6903685e-06,9.1305933e-05,0.0047673057,6.2214378e-06,8.5316398e-09
0.25867286,2.6854793e-06,8.8430203e-05,0.0047010752,6.1924631e-06,9.3607347e-09
0.25873018,2.6855412e-06,8.5875371e-05,0.0048851456,6.1748033e-06,8.006707e-09
0.25878747,2.6785234e-06,8.3265946e-05,0.0048737815,6.1419661e-06,8.0005741e-09
0.25884724,2.6806586e-06,8.0991353e-05,0.0047980404,6.1302701e-06,9.598469e-09
0.2589045,2.6745772e-06,7.8694522e-05,0.0049921102,6.1020477e-06,8.186796e-09
0.25896175,2.6768671e-06,7.6773883e-05,0.004620547,6.0956066e-06,7.543746e-09
0.25901897,2.6693348e-06,7.4658779e-05,0.0050288328,6.0668243e-06,9.0682231e-09
0.25907618,2.6742585e-06,7.2974727e-05,0.0045080535,6.0681063e-06,7.7095128e-09
0.25913337,2.6670897e-06,7.1048518e-05,0.0048575055,6.0437232e-06,7.4918094e-09
0.25919053,2.6723685e-06,6.9542105e-05,0.0045466167,6.0485022e-06,9.3345946e-09
0.25924769,2.6691896e-06,6.7885213e-05,0.0047901927,6.0346646e-06,9.8040282e-09
0.25930482,2.6722342e-06,6.647066e-05,0.0045051483,6.0362224e-06,8.7902699e-09
0.25936195,2.6724732e-06,6.5058583e-05,0.0046550527,6.0326462e-06,7.6178976e-09
0.25941906,2.6725724e-06,6.3705937e-05,0.0045368693,6.0307729e-06,7.7871805e-09
0.25947618,2.6755591e-06,6.249878e-05,0.0045898345,6.0375922e-06,9.9126406e-09
0.25953327,2.6717623e-06,6.1168884e-05,0.0047249286,6.0282474e-06,8.0963017e-09
0.25959038,2.6775844e-06,6.0120594e-05,0.0046461467,6.0423941e-06,9.3588986e-09
0.25964747,2.672499e-06,5.8875701e-05,0.0047921819,6.0304374e-06,7.7115981e-09
0.25970457,2.6803027e-06,5.7955851e-05,0.0044998441,6.0475513e-06,8.3210216e-09
0.25976168,2.6781161e-06,5.6839646e-05,0.0047376783,6.0402119e-06,9.4429921e-09
0.25982127,2.6851291e-06,5.5913516e-05,0.0044889303,6.0544696e-06,7.6836433e-09
0.25987839,2.682237e-06,5.4864175e-05,0.0047766494,6.0485109e-06,8.7374888e-09
0.25993552,2.6874015e-06,5.404033e-05,0.0045021447,6.0635407e-06,7.6600372e-09
0.25999266,2.6874314e-06,5.3137608e-05,0.0047974563,6.0641851e-06,7.6798334e-09
0.26004981,2.6913365e-06,5.232912e-05,0.0046945223,6.0725175e-06,8.2874799e-09
0.26010699,2.6949981e-06,5.1546232e-05,0.0046974581,6.0811351e-06,7.6346642e-09
0.26016417,2.6950138e-06,5.0723223e-05,0.0048698167,6.082004e-06,8.4017447e-09
0.26022139,2.7015419e-06,5.0074974e-05,0.0047293017,6.0982075e-06,9.8057811e-09
0.26027863,2.6981201e-06,4.9256851e-05,0.0050027559,6.0892202e-06,8.1128416e-09
0.26033591,2.70749e-06,4.8701114e-05,0.0047574693,6.1088943e-06,9.5592935e-09
0.26039323,2.7057396e-06,4.7959796e-05,0.0049311155,6.1007856e-06,8.0485843e-09
0.26045059,2.7151688e-06,4.7439496e-05,0.0046131864,6.1185171e-06,9.1872367e-09
0.26050801,2.7174599e-06,4.6819672e-05,0.0050674566,6.1191221e-06,8.1897685e-09
0.26056549,2.7233374e-06,4.6282374e-05,0.0049635978,6.1260358e-06,1.004799e-08
0.26062304,2.7296136e-06,4.5784394e-05,0.0048599366,6.1346136e-06,7.5397837e-09
0.26068065,2.73185e-06,4.5234331e-05,0.0049644623,6.1334258e-06,9.1833211e-09
0.26074086,2.7405566e-06,4.4802302e-05,0.0049565715,6.1470917e-06,7.9068336e-09
0.26079863,2.7431643e-06,4.431049e-05,0.0050333927,6.1457378e-06,9.7380396e-09
0.2608565,2.7528862e-06,4.3968467e-05,0.0048168463,6.1611515e-06,8.6647978e-09
0.26091446,2.7529327e-06,4.3481761e-05,0.0051650125,6.1536007e-06,7.6422137e-09
0.26097252,2.7644099e-06,4.3203e-05,0.0048517503,6.1724924e-06,7.5182295e-09
0.26103068,2.7658187e-06,4.2774727e-05,0.0050348436,6.1673899e-06,7.8395431e-09
0.26108895,2.7768449e-06,4.2508831e-05,0.0050015298,6.1842648e-06,9.1676611e-09
0.26114734,2.7816447e-06,4.2177662e-05,0.0051382093,6.1911759e-06,8.4720507e-09
0.26120582,2.7887099e-06,4.1897054e-05,0.0050582824,6.2004378e-06,7.8929621e-09
0.26126443,2.7970269e-06,4.1659096e-05,0.0050344583,6.2123939e-06,7.414708e-09
0.26132314,2.797819e-06,4.1339297e-05,0.0052098005,6.2126784e-06,7.6201159e-09
0.26138198,2.8063075e-06,4.1159124e-05,0.005007942,6.2309746e-06,9.0493419e-09
0.26144092,2.8057726e-06,4.0860348e-05,0.005133957,6.2281674e-06,8.7912704e-09
0.26149998,2.8160996e-06,4.0734007e-05,0.0049476726,6.2506441e-06,8.7725056e-09
0.26155915,2.8169672e-06,4.0482954e-05,0.0051093237,6.251703e-06,8.0207187e-09
0.26161843,2.8243147e-06,4.0342278e-05,0.0050088217,6.2677221e-06,7.5989618e-09
0.26167784,2.8285812e-06,4.0175626e-05,0.00511945,6.2777536e-06,7.4086352e-09
0.26173995,2.8339187e-06,4.0025996e-05,0.0050221787,6.291321e-06,7.8418505e-09
0.2617996,2.83767e-06,3.988115e-05,0.0050822963,6.3016346e-06,9.4202439e-09
0.26185936,2.8396082e-06,3.9722648e-05,0.0050756893,6.3079582e-06,8.4017297e-09
0.26191926,2.8452415e-06,3.965393e-05,0.0051233941,6.3242946e-06,7.535427e-09
0.26197928,2.8426407e-06,3.9484646e-05,0.0052303536,6.3235134e-06,7.7108203e-09
0.26203943,2.8523058e-06,3.9491525e-05,0.0050056215,6.3478697e-06,9.2237895e-09
0.26209971,2.8503277e-06,3.9347421e-05,0.005170783,6.347844e-06,7.7224927e-09
0.26216013,2.8583885e-06,3.9359642e-05,0.004871822,6.37174e-06,7.705982e-09
0.26222068,2.8586905e-06,3.9276561e-05,0.0050552302,6.3783255e-06,7.7047224e-09
0.26228135,2.8637397e-06,3.9274537e-05,0.0049619191,6.3971685e-06,7.2473688e-09
0.26234217,2.8671152e-06,3.9252484e-05,0.0049914176,6.4123827e-06,7.3725517e-09
0.26240311,2.8687448e-06,3.9220712e-05,0.0049597333,6.424522e-06,8.294768e-09
0.2624642,2.8750007e-06,3.9274575e-05,0.0049018517,6.4486833e-06,7.0848463e-09
0.26252542,2.8746007e-06,3.9231426e-05,0.0050888372,6.4566517e-06,1.0142846e-08
0.26258679,2.8837914e-06,3.9337807e-05,0.0046942224,6.488912e-06,8.3347384e-09
0.2626483,2.8827838e-06,3.9319954e-05,0.0050176787,6.4988962e-06,6.9579377e-09
0.26271265,2.8930107e-06,3.9446268e-05,0.0046806097,6.5356174e-06,9.7971125e-09
0.26277448,2.8927405e-06,3.9472247e-05,0.0049812501,6.5505583e-06,8.0402406e-09
0.26283646,2.9017432e-06,3.9623572e-05,0.0048356433,6.587108e-06,7.6334145e-09
0.26289861,2.9029382e-06,3.9694112e-05,0.0049798206,6.6083806e-06,9.6517819e-09
0.26296091,2.9150213e-06,3.9835051e-05,0.0049569301,6.6402676e-06,8.5911735e-09
0.26302339,2.9200802e-06,3.9966905e-05,0.0050217309,6.6692239e-06,7.9575105e-09
0.26308602,2.9238972e-06,4.0082463e-05,0.0049289407,6.6951946e-06,7.634383e-09
0.26314883,2.9318639e-06,4.0280094e-05,0.0049396176,6.7345771e-06,7.5188029e-09
0.2632118,2.9332402e-06,4.0403041e-05,0.0050386613,6.760015e-06,7.5660986e-09
0.26327495,2.9429998e-06,4.0653137e-05,0.0049400631,6.8058146e-06,9.240467e-09
0.26333828,2.9455334e-06,4.0818039e-05,0.005049876,6.836905e-06,1.0042678e-08
0.26340178,2.9536913e-06,4.1080572e-05,0.0048318843,6.8848268e-06,9.9518221e-09
0.26346547,2.9584168e-06,4.1317322e-05,0.0050479967,6.9243561e-06,1.0075998e-08
0.26352933,2.964294e-06,4.158275e-05,0.0049280497,6.9669934e-06,7.3682589e-09
0.26359339,2.970752e-06,4.1883808e-05,0.004929124,7.013409e-06,7.2776506e-09
0.26365763,2.9770462e-06,4.2160149e-05,0.0049970207,7.0550932e-06,9.9422654e-09
0.26372208,2.9848865e-06,4.251449e-05,0.0048682005,7.1039431e-06,9.5254313e-09
0.26378954,2.9902429e-06,4.2856079e-05,0.0051465054,7.1458441e-06,9.0210523e-09
0.26385442,3.002056e-06,4.3300271e-05,0.0048714201,7.2003945e-06,7.8702086e-09
0.26391951,3.0051346e-06,4.3640898e-05,0.0052137974,7.2367913e-06,7.8492949e-09
0.26398483,3.017521e-06,4.4129048e-05,0.0049748386,7.295979e-06,9.6163377e-09
0.26405038,3.0211079e-06,4.4511973e-05,0.0051771558,7.3319512e-06,9.1179427e-09
0.26411616,3.03451e-06,4.506973e-05,0.0050454342,7.3914276e-06,8.6042661e-09
0.26418218,3.041765e-06,4.5553583e-05,0.0054163558,7.4338801e-06,7.7934678e-09
0.26424844,3.0500179e-06,4.611017e-05,0.0050363255,7.4864841e-06,7.5723997e-09
0.26431494,3.058658e-06,4.6678956e-05,0.0052702815,7.5374588e-06,7.4709005e-09
0.26438168,3.0650214e-06,4.7231429e-05,0.0054573376,7.5835454e-06,7.9413498e-09
0.26444868,3.0765418e-06,4.7906944e-05,0.0052820562,7.6434032e-06,8.9700637e-09
0.26451591,3.0815344e-06,4.8493965e-05,0.0052662589,7.6852105e-06,7.6322421e-09
0.26458341,3.0951558e-06,4.9261366e-05,0.0052121281,7.7523686e-06,7.6468925e-09
0.26465114,3.0989316e-06,4.9906197e-05,0.0054713604,7.7934784e-06,7.7251655e-09
0.26471914,3.1145313e-06,5.0778397e-05,0.0050516726,7.8666777e-06,9.2118315e-09
0.26478739,3.1201249e-06,5.1512696e-05,0.005188558,7.9119978e-06,8.298739e-09
0.26485889,3.1364906e-06,5.2484053e-05,0.0053367082,7.9852635e-06,7.546297e-09
0.26492768,3.1412433e-06,5.3274401e-05,0.0056526424,8.0287544e-06,7.3881841e-09
0.26499673,3.1633489e-06,5.4353902e-05,0.0051863595,8.1073749e-06,7.6487206e-09
0.26506607,3.1701911e-06,5.5289163e-05,0.0053134273,8.155992e-06,7.8738041e-09
0.26513567,3.1879377e-06,5.6452034e-05,0.0053322368,8.2293055e-06,8.6023971e-09
0.26520558,3.2006447e-06,5.7585179e-05,0.0053702269,8.2885095e-06,9.5227036e-09
0.26527577,3.2188839e-06,5.8882099e-05,0.0052592802,8.3615194e-06,7.5284861e-09
0.26534628,3.2346575e-06,6.021285e-05,0.0055571268,8.427068e-06,7.8705189e-09
0.2654171,3.2509737e-06,6.1651267e-05,0.0054637446,8.4932175e-06,9.0400838e-09
0.26548826,3.273607e-06,6.3265354e-05,0.0055771793,8.5692391e-06,8.8425402e-09
0.26555974,3.2913114e-06,6.492336e-05,0.005740156,8.6330085e-06,8.2525334e-09
0.2656316,3.3188555e-06,6.6910813e-05,0.0055783338,8.7205892e-06,1.0057624e-08
0.26570381,3.3368029e-06,6.884086e-05,0.0055722272,8.7808021e-06,7.6707715e-09
0.26577641,3.3676982e-06,7.11861e-05,0.0054340902,8.8718493e-06,8.4525491e-09
0.2658494,3.3898768e-06,7.3553237e-05,0.0054746499,8.9407215e-06,7.5777221e-09
0.26592279,3.4238562e-06,7.6396709e-05,0.0056589472,9.0361168e-06,8.2730697e-09
0.2659966,3.4477637e-06,7.9264347e-05,0.00583237,9.0984437e-06,1.0120831e-08
0.26607408,3.4925347e-06,8.3000822e-05,0.0057430967,9.2071205e-06,7.1687143e-09
0.26614878,3.5223599e-06,8.6661592e-05,0.0056539354,9.2750639e-06,8.7899333e-09
0.26622395,3.5665605e-06,9.1072011e-05,0.0059691983,9.3707412e-06,1.0228183e-08
0.2662996,3.6020014e-06,9.5721172e-05,0.0058804549,9.4368768e-06,8.4854058e-09
0.26637575,3.6546589e-06,0.00010135559,0.0057949156,9.5404064e-06,7.6956915e-09
0.26645242,3.695222e-06,0.00010729309,0.0061715042,9.6059264e-06,8.9991292e-09
0.26652962,3.755743e-06,0.0001145192,0.0058824856,9.712263e-06,9.9108329e-09
0.26660737,3.8024128e-06,0.00012230316,0.0062838309,9.7841596e-06,7.2127952e-09
0.2666857,3.8677553e-06,0.00013162073,0.0058425056,9.8851651e-06,8.9856993e-09
0.2667646,3.9242635e-06,0.00014191843,0.0061305693,9.9560743e-06,8.5745375e-09
0.26684412,3.9974466e-06,0.00015425038,0.006172025,1.0060221e-05,9.0936681e-09
0.26692424,4.0609508e-06,0.00016796472,0.006633866,1.0136438e-05,9.0326498e-09
0.26700499,4.1427592e-06,0.00018432496,0.0065167535,1.0247124e-05,6.5211833e-09
0.26708628,4.1880675e-06,0.0002012341,0.0069699755,1.0269315e-05,7.1289678e-09
0.26716685,4.1674319e-06,0.000216234,0.0067038861,1.0130354e-05,7.9404848e-09
0.26724624,4.1497504e-06,0.00023055854,0.0068464273,1.0000913e-05,8.3114856e-09
0.26732785,4.1307858e-06,0.00024321104,0.0068963885,9.8642464e-06,9.0590069e-09
0.2674049,4.1110927e-06,0.00025176728,0.0066613234,9.7367103e-06,7.067434e-09
0.26748085,4.0892175e-06,0.0002547877,0.0064501104,9.6121948e-06,7.3405174e-09
0.26755575,4.0708785e-06,0.00025104329,0.0064334758,9.4973402e-06,7.6344743e-09
0.26762961,4.0498456e-06,0.00024232534,0.0064734224,9.3846919e-06,9.2673625e-09
0.26770248,4.029027e-06,0.00023066038,0.0064149292,9.2805106e-06,9.8405077e-09
0.26777441,4.0064081e-06,0.0002172829,0.0063742108,9.1770077e-06,8.4195608e-09
0.26784543,3.9838729e-06,0.00020360714,0.0060645257,9.0810639e-06,7.8010774e-09
0.26791558,3.9613427e-06,0.00018977017,0.006324797,8.9941821e-06,8.2356839e-09
0.26798491,3.9363267e-06,0.00017618459,0.0057468996,8.9065802e-06,8.0535241e-09
0.26805345,3.9078362e-06,0.00016329716,0.0057826594,8.8199256e-06,8.4530663e-09
0.26812126,3.8840874e-06,0.00015192034,0.0060877117,8.7487716e-06,8.3344038e-09
0.26818837,3.8591922e-06,0.00014169294,0.0057721186,8.6773811e-06,6.5101744e-09
0.26825486,3.8404202e-06,0.000132731,0.0062705668,8.6214005e-06,8.2393419e-09
0.26832075,3.8156096e-06,0.00012450031,0.0054835946,8.5555844e-06,7.9907378e-09
0.2683861,3.7974355e-06,0.00011727475,0.005564541,8.5056447e-06,8.0068762e-09
0.26845093,3.7771769e-06,0.00011070458,0.0053666008,8.4541292e-06,8.6882422e-09
0.2685181,3.761017e-06,0.00010461432,0.0054671706,8.4100529e-06,8.0884454e-09
0.26858203,3.7440286e-06,9.9340782e-05,0.005053147,8.3726288e-06,7.0635551e-09
0.2686456,3.7263886e-06,9.4519695e-05,0.0052626046,8.3326278e-06,7.2514779e-09
0.2687088,3.709477e-06,9.0164347e-05,0.0049556404,8.2985881e-06,7.1302066e-09
0.2687717,3.6958452e-06,8.6221888e-05,0.0052440273,8.2707033e-06,7.1123236e-09
0.26883433,3.6799539e-06,8.257085e-05,0.0051229964,8.2405035e-06,9.7252116e-09
0.26889674,3.6663641e-06,7.9273991e-05,0.0051127904,8.2184002e-06,8.7808707e-09
0.26895897,3.65541e-06,7.6305238e-05,0.0051835843,8.2042815e-06,8.0818222e-09
0.26902104,3.6426646e-06,7.3561441e-05,0.0049594523,8.1895395e-06,7.0275549e-09
0.269083,3.6338326e-06,7.1109013e-05,0.0050385063,8.1859064e-06,8.8232073e-09
0.26914487,3.6242204e-06,6.8830813e-05,0.0050605026,8.1823582e-06,7.42417e-09
0.26920671,3.6138525e-06,6.6717707e-05,0.0049530748,8.179034e-06,8.3133093e-09
0.26926853,3.6128474e-06,6.4929781e-05,0.0050916793,8.1927147e-06,9.7778204e-09
0.26933038,3.6073397e-06,6.3214027e-05,0.00472621,8.1995975e-06,9.6695768e-09
0.26939226,3.6066375e-06,6.1705019e-05,0.0049944556,8.2176806e-06,9.536552e-09
0.26945423,3.6053319e-06,6.0316334e-05,0.0049181254,8.2346657e-06,1.0459873e-08
0.26951633,3.6040221e-06,5.9030374e-05,0.0050318918,8.2549114e-06,8.4702516e-09
0.26958129,3.6081628e-06,5.7883066e-05,0.0051422717,8.2836366e-06,7.8630586e-09
0.26964374,3.6123552e-06,5.6886342e-05,0.0050779829,8.3129452e-06,9.9745563e-09
0.26970642,3.6231598e-06,5.6062765e-05,0.0054198039,8.3576733e-06,7.0699156e-09
0.26976937,3.6290354e-06,5.5237128e-05,0.0051578887,8.3922804e-06,8.6227635e-09
0.26983263,3.6390895e-06,5.4575326e-05,0.0056501039,8.4452247e-06,8.8416068e-09
0.26989622,3.6507404e-06,5.3992475e-05,0.0054415043,8.5027817e-06,8.9562909e-09
0.26996019,3.6633041e-06,5.3490355e-05,0.0056328427,8.5647409e-06,9.5464241e-09
0.27002458,3.675232e-06,5.3051962e-05,0.0054276557,8.6333447e-06,1.0089812e-08
0.27008944,3.6970816e-06,5.2821988e-05,0.0056753033,8.7314188e-06,8.5828392e-09
0.27015477,3.7114249e-06,5.2543192e-05,0.0052011816,8.8202767e-06,7.0367223e-09
0.27022064,3.7285435e-06,5.2341026e-05,0.0056585519,8.9202914e-06,7.4137414e-09
0.27028708,3.746708e-06,5.22037e-05,0.0055076679,9.0316173e-06,8.6688769e-09
0.27035415,3.7810525e-06,5.2285182e-05,0.005763785,9.1792941e-06,7.4490572e-09
0.27042187,3.8080925e-06,5.2306317e-05,0.005828948,9.3125274e-06,9.4763447e-09
0.27049026,3.8392416e-06,5.241161e-05,0.0061407816,9.4582069e-06,8.0928963e-09
0.27055939,3.8604142e-06,5.239575e-05,0.0059647832,9.5781447e-06,7.8633591e-09
0.27063237,3.9016785e-06,5.2689033e-05,0.0060639213,9.7487231e-06,9.5963986e-09
0.27070318,3.9518188e-06,5.3143118e-05,0.0061793176,9.9336242e-06,8.7095817e-09
0.27077488,3.9893772e-06,5.3477106e-05,0.0064617132,1.0080922e-05,8.091981e-09
0.2708475,4.0332289e-06,5.3945006e-05,0.0064021231,1.0241426e-05,7.870555e-09
0.27092043,3.9949594e-06,5.3364398e-05,0.0069140487,1.0184173e-05,7.6361277e-09
0.27099258,3.9517932e-06,5.2785584e-05,0.0062845581,1.0103978e-05,7.9911868e-09
0.27106387,3.9022288e-06,5.2164815e-05,0.0062836863,9.9955314e-06,9.6219724e-09
0.27113439,3.8352138e-06,5.1354654e-05,0.0063434888,9.8330077e-06,8.8698469e-09
0.2712042,3.8268704e-06,5.1421906e-05,0.0061994105,9.8169949e-06,8.0961795e-09
0.271274,3.8193971e-06,5.1542171e-05,0.0064376199,9.7926496e-06,7.1652218e-09
0.27134284,3.7092512e-06,5.0335906e-05,0.0057744886,9.5006301e-06,9.960665e-09
0.27141044,3.6635542e-06,5.0067162e-05,0.0062997581,9.3700922e-06,8.7729456e-09
0.27147739,3.6212994e-06,4.9884399e-05,0.0059352715,9.2420324e-06,7.882328e-09
0.27154374,3.5776706e-06,4.9732831e-05,0.0059642634,9.1065332e-06,7.9397692e-09
0.27160952,3.5446491e-06,4.9769868e-05,0.0055328869,8.9950734e-06,9.1698508e-09
0.2716748,3.5028777e-06,4.971712e-05,0.005584142,8.8593869e-06,8.0883746e-09
0.27173957,3.4745518e-06,4.9912181e-05,0.0054283197,8.7601368e-06,8.0762001e-09
0.27180668,3.4312106e-06,4.9964854e-05,0.0056863877,8.6197497e-06,9.2169277e-09
0.27187058,3.4079135e-06,5.0356163e-05,0.0054238748,8.5368954e-06,7.6792968e-09
0.27193409,3.3680145e-06,5.0564822e-05,0.0057618914,8.4115855e-06,1.0014876e-08
0.27199727,3.3471441e-06,5.1141017e-05,0.0054437363,8.3410496e-06,8.6310076e-09
0.27206014,3.3085237e-06,5.1537306e-05,0.0058140264,8.2281218e-06,7.9440942e-09
0.27212274,3.2891014e-06,5.2310677e-05,0.0054143582,8.1687872e-06,8.3884348e-09
0.27218508,3.2506819e-06,5.2868643e-05,0.0055210666,8.0664037e-06,9.9453617e-09
0.27224721,3.2305412e-06,5.3796658e-05,0.0051713165,8.0156025e-06,7.843312e-09
0.27230914,3.1930114e-06,5.4518845e-05,0.0053410184,7.9253309e-06,9.4588628e-09
0.27237089,3.1738459e-06,5.5641503e-05,0.0048214684,7.8858668e-06,7.1758838e-09
0.27243248,3.1382275e-06,5.654998e-05,0.0053169825,7.8085862e-06,8.6395588e-09
0.27249393,3.1196407e-06,5.7886643e-05,0.0049912015,7.7801623e-06,1.0043518e-08
0.27255526,3.0875221e-06,5.8990268e-05,0.0050709236,7.7171334e-06,8.07457e-09
0.27261647,3.0728187e-06,6.0488184e-05,0.0051356846,7.7005988e-06,8.925063e-09
0.2726776,3.0467817e-06,6.1805393e-05,0.005208072,7.6593403e-06,9.9824157e-09
0.27273867,3.032185e-06,6.3462528e-05,0.0050078499,7.6611408e-06,8.4616447e-09
0.27280232,3.0037865e-06,6.4930198e-05,0.0052765579,7.6250807e-06,9.705942e-09
0.27286324,2.9930383e-06,6.6738798e-05,0.0049156028,7.6377236e-06,7.5164867e-09
0.2729241,2.9667609e-06,6.8262697e-05,0.005032291,7.6107477e-06,8.8127835e-09
0.2729849,2.9585432e-06,7.0255513e-05,0.0046812792,7.6283747e-06,7.9671224e-09
0.27304564,2.9366174e-06,7.1912069e-05,0.0050800208,7.6020651e-06,8.0742643e-09
0.27310634,2.9315045e-06,7.4053718e-05,0.0045491992,7.6179288e-06,9.1049938e-09
0.27316698,2.9114195e-06,7.5862624e-05,0.0050357551,7.5902802e-06,7.8109319e-09
0.27322758,2.9072948e-06,7.8140258e-05,0.0047502719,7.6023331e-06,8.2786891e-09
0.27328812,2.8898788e-06,8.010933e-05,0.0048512741,7.5731537e-06,6.9644605e-09
0.27334861,2.8863425e-06,8.2537034e-05,0.0048372818,7.5782988e-06,8.2565422e-09
0.27340904,2.8720056e-06,8.4708885e-05,0.0049071126,7.5462492e-06,9.5856644e-09
0.27346941,2.8686682e-06,8.7310019e-05,0.0048560062,7.5401392e-06,7.7751644e-09
0.27352971,2.8562032e-06,8.9728865e-05,0.0050929538,7.5044718e-06,9.1814958e-09
0.27358994,2.8522295e-06,9.253201e-05,0.004903163,7.4851487e-06,8.0281083e-09
0.27365011,2.8423757e-06,9.523149e-05,0.0051956061,7.4507185e-06,9.3994169e-09
0.27371017,2.8385279e-06,9.8286123e-05,0.0050357991,7.4323429e-06,7.7245026e-09
0.27377017,2.830773e-06,0.00010133696,0.0050877036,7.4029329e-06,8.2444459e-09
0.27383266,2.828135e-06,0.00010488373,0.0048541456,7.383832e-06,7.2834785e-09
0.27389246,2.8204865e-06,0.00010827283,0.0051979578,7.3501526e-06,8.6450864e-09
0.27395214,2.8200209e-06,0.00011220987,0.0049532177,7.3351128e-06,9.9749369e-09
0.27401174,2.8137243e-06,0.00011618558,0.0050842801,7.304207e-06,7.5982955e-09
0.27407121,2.8121638e-06,0.00012063341,0.0048269368,7.2839728e-06,8.7467985e-09
0.27413058,2.8093954e-06,0.00012531129,0.0049946235,7.258299e-06,9.3557302e-09
0.27418983,2.8063417e-06,0.00013032539,0.004990174,7.2303496e-06,9.3746505e-09
0.27424899,2.8058142e-06,0.00013578315,0.0049830311,7.2081626e-06,8.5952552e-09
0.27430802,2.798935e-06,0.00014132068,0.0050995399,7.1731285e-06,7.7695148e-09
0.27436695,2.7996518e-06,0.00014751683,0.005072596,7.1557134e-06,7.7346059e-09
0.27442576,2.7913517e-06,0.00015325719,0.0052032907,7.1134246e-06,7.8934824e-09
0.27448448,2.7933159e-06,0.00015957916,0.005029426,7.0992609e-06,9.0816377e-09
0.27454307,2.7824707e-06,0.0001650343,0.0051450519,7.0507904e-06,7.9788206e-09
0.27460158,2.7856324e-06,0.00017091079,0.0048052127,7.0382191e-06,9.355922e-09
0.27465998,2.7716076e-06,0.00017555622,0.0052238993,6.9891193e-06,7.5330568e-09
0.2747183,2.7749588e-06,0.0001804853,0.0049754954,6.975328e-06,9.1067814e-09
0.27477906,2.76273e-06,0.00018382877,0.005229318,6.9240689e-06,7.9019084e-09
0.27483722,2.7657403e-06,0.00018682399,0.0049843665,6.9095143e-06,8.1528747e-09
0.2748953,2.7554189e-06,0.00018735811,0.0051253203,6.8575746e-06,9.6600714e-09
0.27495332,2.7576134e-06,0.00018701091,0.0047868423,6.8402149e-06,8.6738633e-09
0.27501129,2.750996e-06,0.00018388051,0.004995451,6.7919278e-06,9.5202254e-09
0.27506919,2.7494531e-06,0.00018004767,0.004576728,6.767267e-06,8.1897723e-09
0.27512706,2.7439168e-06,0.00017481009,0.0049039297,6.7270167e-06,8.7656516e-09
0.27518487,2.7413439e-06,0.00016901413,0.00475426,6.6961364e-06,8.2566731e-09
0.27524267,2.7381985e-06,0.00016256624,0.0049583666,6.6604096e-06,8.8601063e-09
0.27530041,2.7336906e-06,0.00015571997,0.0050429818,6.6238903e-06,9.5846028e-09
0.27535814,2.7328755e-06,0.00014904351,0.0048536531,6.5951837e-06,9.1442932e-09
0.27541583,2.7253967e-06,0.00014202057,0.0051139544,6.5513649e-06,9.793422e-09
0.27547351,2.7278413e-06,0.0001358573,0.0047734686,6.5302245e-06,8.5381723e-09
0.27553116,2.717983e-06,0.00012953016,0.0051033941,6.4811783e-06,9.7819173e-09
0.27558881,2.7213591e-06,0.00012424494,0.0047446587,6.4638443e-06,8.3134997e-09
0.27564643,2.712597e-06,0.00011876489,0.0049464429,6.41676e-06,9.5356987e-09
0.27570405,2.7159782e-06,0.00011420819,0.0048138565,6.4004282e-06,7.6800073e-09
0.27576415,2.7067725e-06,0.00010927749,0.0051503248,6.3538278e-06,8.7108577e-09
0.27582174,2.7098434e-06,0.00010538658,0.0045020485,6.3396149e-06,7.9748467e-09
0.27587932,2.7009334e-06,0.00010136282,0.005031939,6.2984058e-06,8.2272827e-09
0.27593688,2.7028651e-06,9.8008335e-05,0.0046602253,6.2831018e-06,9.5391994e-09
0.27599444,2.6970198e-06,9.4583801e-05,0.0047582318,6.248076e-06,8.1519794e-09
0.27605197,2.6980545e-06,9.1576183e-05,0.0048221886,6.2288303e-06,8.9703093e-09
0.2761095,2.6930759e-06,8.8704764e-05,0.004942486,6.2025459e-06,9.727065e-09
0.276167,2.6907852e-06,8.6013323e-05,0.0047423709,6.1786234e-06,8.0904891e-09
0.27622449,2.6905377e-06,8.3585835e-05,0.0048603291,6.1627571e-06,8.6672624e-09
0.27628195,2.684431e-06,8.1124519e-05,0.0048877607,6.1340595e-06,9.9325385e-09
0.2763394,2.6864127e-06,7.9052115e-05,0.0046793106,6.1251106e-06,8.2686193e-09
0.27639682,2.6785283e-06,7.6809993e-05,0.0050021328,6.0953526e-06,7.6225489e-09
0.27645422,2.6828202e-06,7.5022399e-05,0.0045897546,6.0957353e-06,9.5362839e-09
0.2765116,2.6745631e-06,7.2976789e-05,0.0049992636,6.0698888e-06,7.7629407e-09
0.27656896,2.6812108e-06,7.1395995e-05,0.004417678,6.0759179e-06,7.5181725e-09
0.2766263,2.6767231e-06,6.9603066e-05,0.0048716128,6.0583506e-06,7.4991462e-09
0.27668611,2.6810823e-06,6.8068197e-05,0.00457288,6.062522e-06,9.2032267e-09
0.27674341,2.676485e-06,6.6450578e-05,0.0047480689,6.0493214e-06,1.0134394e-08
0.27680069,2.6803619e-06,6.5122317e-05,0.0044799367,6.0557061e-06,9.3861162e-09
0.27685796,2.6793957e-06,6.3750115e-05,0.0046576896,6.051802e-06,8.0254174e-09
0.2769152,2.6800759e-06,6.2491496e-05,0.0045695718,6.0540161e-06,7.501642e-09
0.27697246,2.6821304e-06,6.1298472e-05,0.0046638725,6.059123e-06,8.3583312e-09
0.27702969,2.6805716e-06,6.0073304e-05,0.004583264,6.0553978e-06,9.4561156e-09
0.27708693,2.6855694e-06,5.9048174e-05,0.0046728343,6.0672672e-06,7.7704039e-09
0.27714416,2.6819771e-06,5.7867154e-05,0.0048177496,6.0578602e-06,8.4309468e-09
0.2772014,2.6894344e-06,5.696966e-05,0.0045669881,6.0755807e-06,9.4032425e-09
0.27725864,2.6863527e-06,5.5864656e-05,0.004721692,6.0647228e-06,7.9062225e-09
0.27731588,2.6941629e-06,5.5036377e-05,0.0044692033,6.082232e-06,8.9030363e-09
0.27737313,2.6911458e-06,5.4047795e-05,0.0048852001,6.0796677e-06,9.8190796e-09
0.27743038,2.6959532e-06,5.3230655e-05,0.0046465635,6.090222e-06,7.5738193e-09
0.27748765,2.6976253e-06,5.2383781e-05,0.0048585861,6.0948154e-06,7.8775409e-09
0.27754491,2.698826e-06,5.1545694e-05,0.0047069139,6.0974257e-06,8.6611117e-09
0.2776022,2.7043205e-06,5.0824817e-05,0.0047390303,6.1099347e-06,7.7967968e-09
0.27766199,2.7041236e-06,5.0000519e-05,0.0049039557,6.1104125e-06,8.8402617e-09
0.27771932,2.7100427e-06,4.9354938e-05,0.0047140614,6.1221518e-06,7.6017972e-09
0.27777667,2.7083715e-06,4.8586645e-05,0.0049719308,6.1159434e-06,8.4142163e-09
0.27783406,2.7174288e-06,4.8046719e-05,0.0047829682,6.1345831e-06,9.5311533e-09
0.27789149,2.7145378e-06,4.731733e-05,0.0048866375,6.1246022e-06,8.1405743e-09
0.27794898,2.7249546e-06,4.6835495e-05,0.0046740958,6.1445654e-06,9.5267868e-09
0.27800652,2.7257628e-06,4.6218293e-05,0.0051395835,6.1412383e-06,9.1725978e-09
0.27806411,2.7334354e-06,4.5739193e-05,0.0047447157,6.1530691e-06,8.1702605e-09
0.27812178,2.7382863e-06,4.523015e-05,0.0049686476,6.1578671e-06,7.5066094e-09
0.27817951,2.7430904e-06,4.4745358e-05,0.0050069424,6.1613177e-06,9.7521854e-09
0.27823734,2.7513855e-06,4.4354391e-05,0.0049979785,6.1737279e-06,8.603738e-09
0.27829523,2.7522578e-06,4.3855558e-05,0.0050408454,6.1672743e-06,7.3650744e-09
0.27835323,2.7633352e-06,4.3554944e-05,0.0048409235,6.1856507e-06,9.135343e-09
0.27841133,2.7626524e-06,4.3074255e-05,0.005138725,6.1763234e-06,9.369842e-09
0.27846952,2.7745167e-06,4.2803706e-05,0.0049892502,6.1953331e-06,8.972112e-09
0.27852782,2.7775488e-06,4.2413608e-05,0.0050546493,6.1936873e-06,7.9866738e-09
0.27858622,2.7867888e-06,4.2137644e-05,0.0050170316,6.2067338e-06,7.5248669e-09
0.27864729,2.7914647e-06,4.179774e-05,0.0052455655,6.2141772e-06,9.1351839e-09
0.27870592,2.8004963e-06,4.1566908e-05,0.0049420141,6.2279666e-06,9.4631564e-09
0.27876468,2.8065792e-06,4.1316201e-05,0.0050437956,6.2372156e-06,8.2720015e-09
0.27882354,2.8097633e-06,4.1045181e-05,0.0050576231,6.2411275e-06,7.6011492e-09
0.27888252,2.8182843e-06,4.0872817e-05,0.0049631648,6.257048e-06,7.6743348e-09
0.27894161,2.8176457e-06,4.058594e-05,0.005139851,6.2543509e-06,9.1734717e-09
0.27900083,2.8278316e-06,4.0471335e-05,0.0049402688,6.2756861e-06,9.8333825e-09
0.27906015,2.8270286e-06,4.0210687e-05,0.0051599403,6.2731313e-06,9.3735147e-09
0.27911959,2.8371355e-06,4.0116767e-05,0.0048971809,6.2937068e-06,8.2299881e-09
0.27917915,2.8389099e-06,3.9921599e-05,0.005208706,6.296877e-06,7.6210255e-09
0.27923882,2.8444493e-06,3.9803953e-05,0.0050366756,6.3099132e-06,7.4810471e-09
0.27929863,2.8491323e-06,3.9679242e-05,0.0050203766,6.320506e-06,9.9568407e-09
0.27935854,2.8497537e-06,3.9522402e-05,0.0051671777,6.3231716e-06,8.6585523e-09
0.27941859,2.8537677e-06,3.9463747e-05,0.0050259591,6.3404391e-06,7.8670437e-09
0.27947875,2.8540046e-06,3.9314236e-05,0.005220853,6.3393306e-06,7.5681175e-09
0.27953905,2.8628842e-06,3.9325856e-05,0.0049349045,6.3647284e-06,7.7131401e-09
0.27960211,2.8603469e-06,3.9185616e-05,0.0052894731,6.3636961e-06,7.4304097e-09
0.27966268,2.8688746e-06,3.921921e-05,0.0047761102,6.3885312e-06,7.635486e-09
0.27972339,2.8665441e-06,3.9113975e-05,0.0050167766,6.3899512e-06,7.6752822e-09
0.27978422,2.8746625e-06,3.915421e-05,0.0048537405,6.4145131e-06,6.9834059e-09
0.2798452,2.8761578e-06,3.9114517e-05,0.0050714771,6.4253104e-06,7.7978647e-09
0.2799063,2.879929e-06,3.9126192e-05,0.0050356046,6.4430652e-06,7.4836055e-09
0.27996756,2.884668e-06,3.9155872e-05,0.0049222945,6.4627434e-06,7.1076816e-09
0.28002895,2.885882e-06,3.9144592e-05,0.0049291551,6.4752144e-06,9.1694348e-09
0.28009049,2.8935313e-06,3.9241009e-05,0.0048467435,6.5043328e-06,7.6253167e-09
0.28015218,2.893255e-06,3.9232319e-05,0.0050493751,6.5143499e-06,7.5997214e-09
0.28021402,2.9026889e-06,3.9377273e-05,0.0046462885,6.549117e-06,9.0662431e-09
0.28027601,2.9046987e-06,3.940294e-05,0.004983215,6.5647897e-06,7.7243736e-09
0.28033816,2.9133286e-06,3.9547756e-05,0.004784583,6.599787e-06,7.4303865e-09
0.28040048,2.9162877e-06,3.96325e-05,0.0049636911,6.6228759e-06,9.3078185e-09
0.28046295,2.9268541e-06,3.976117e-05,0.0049457428,6.6526788e-06,8.2322804e-09
0.28052559,2.9329322e-06,3.9911629e-05,0.0048386268,6.685084e-06,7.7081319e-09
0.28058839,2.9360049e-06,4.0019857e-05,0.0049735129,6.7096599e-06,7.4643817e-09
0.28065411,2.9448388e-06,4.023473e-05,0.0048144636,6.7512216e-06,7.7070988e-09
0.28071726,2.9479095e-06,4.0383652e-05,0.0050717939,6.782518e-06,9.7253605e-09
0.28078059,2.9569194e-06,4.0625366e-05,0.0049216718,6.8283986e-06,9.4259725e-09
0.28084409,2.9585589e-06,4.0772098e-05,0.0051248872,6.8576583e-06,9.3199183e-09
0.28090778,2.9676082e-06,4.1057369e-05,0.0047968797,6.9084772e-06,9.3254037e-09
0.28097165,2.9707603e-06,4.1276506e-05,0.0049399585,6.944955e-06,9.7950817e-09
0.2810357,2.9786818e-06,4.1584571e-05,0.0048377594,6.9938259e-06,7.3574344e-09
0.28109994,2.9842553e-06,4.1862984e-05,0.0048734393,7.0365811e-06,7.5259988e-09
0.28116437,2.9907671e-06,4.2177678e-05,0.0050243088,7.0814735e-06,9.8275991e-09
0.281229,2.9990059e-06,4.2535053e-05,0.0048078856,7.1289947e-06,9.3968719e-09
0.28129384,3.0041444e-06,4.2858977e-05,0.0051196013,7.1677873e-06,8.7696686e-09
0.28135889,3.0140507e-06,4.3289473e-05,0.0049349544,7.2196353e-06,7.6313294e-09
0.28142416,3.0168704e-06,4.3636506e-05,0.0051604025,7.2554023e-06,7.7182835e-09
0.28148965,3.0289549e-06,4.4135969e-05,0.0048714734,7.3148134e-06,8.9080182e-09
0.28155537,3.0331845e-06,4.4531355e-05,0.005344704,7.3512213e-06,7.9817433e-09
0.28162132,3.0456156e-06,4.5080427e-05,0.0050184872,7.4083631e-06,7.7196245e-09
0.28169039,3.0506971e-06,4.5568332e-05,0.0050584655,7.4503007e-06,7.4942823e-09
0.28175682,3.0619639e-06,4.6168636e-05,0.0052303222,7.510326e-06,7.4043505e-09
0.2818235,3.0684107e-06,4.6707504e-05,0.0053939024,7.5551619e-06,9.3200546e-09
0.28189041,3.0785497e-06,4.7330618e-05,0.0050157425,7.6118019e-06,9.0974129e-09
0.28195757,3.0868154e-06,4.795632e-05,0.0053708322,7.6623392e-06,7.6879707e-09
0.28202497,3.0943026e-06,4.8593856e-05,0.0053434725,7.7123895e-06,7.4833809e-09
0.28209263,3.1052727e-06,4.9335918e-05,0.0051896151,7.7730395e-06,9.2771076e-09
0.28216053,3.111699e-06,5.00218e-05,0.00531205,7.8214065e-06,8.9066143e-09
0.28222868,3.124926e-06,5.0861068e-05,0.0054035941,7.8880085e-06,7.6834351e-09
0.28229708,3.129157e-06,5.1570245e-05,0.0053593531,7.9294258e-06,7.2585092e-09
0.28236575,3.1445065e-06,5.2519497e-05,0.0050064646,8.0035742e-06,7.9010112e-09
0.28243467,3.1488452e-06,5.3310411e-05,0.0053197762,8.0475028e-06,1.0157416e-08
0.28250387,3.169382e-06,5.4374302e-05,0.0053866138,8.1237956e-06,9.1379519e-09
0.28257334,3.1768338e-06,5.5312822e-05,0.0054755579,8.1744136e-06,7.7880997e-09
0.28264308,3.1949848e-06,5.6502545e-05,0.0051436558,8.2514061e-06,7.5120703e-09
0.28271312,3.2060896e-06,5.7621093e-05,0.0052839479,8.3083335e-06,7.2086014e-09
0.28278344,3.224244e-06,5.8905621e-05,0.0053028676,8.3811174e-06,7.7558402e-09
0.28285717,3.2389275e-06,6.0280131e-05,0.0053361416,8.4469669e-06,8.9846037e-09
0.28292813,3.2600801e-06,6.1791059e-05,0.0052506481,8.524512e-06,7.4509092e-09
0.28299944,3.2792599e-06,6.3353625e-05,0.0055334126,8.5941318e-06,7.9865035e-09
0.28307107,3.3016607e-06,6.5100957e-05,0.0052199822,8.6701775e-06,9.0613154e-09
0.28314309,3.3253571e-06,6.6999452e-05,0.0055075765,8.7467761e-06,7.4342418e-09
0.28321545,3.3473794e-06,6.9013684e-05,0.0052979314,8.8182213e-06,1.0376597e-08
0.28328821,3.3754859e-06,7.1318538e-05,0.0054797948,8.9039916e-06,8.2071714e-09
0.28336135,3.3991728e-06,7.369746e-05,0.0055862152,8.9751717e-06,1.0479293e-08
0.28343491,3.4321714e-06,7.6486125e-05,0.0056506894,9.0675067e-06,7.9660415e-09
0.28350886,3.4600581e-06,7.9418258e-05,0.0058102661,9.1399472e-06,8.6824145e-09
0.28358326,3.4997251e-06,8.2930711e-05,0.0054756299,9.2387381e-06,8.3474951e-09
0.2836581,3.5297981e-06,8.6559385e-05,0.0057600273,9.3058071e-06,8.6529798e-09
0.28373341,3.5764922e-06,9.0976869e-05,0.0057747668,9.4078304e-06,9.8895255e-09
0.28380919,3.6100477e-06,9.5552973e-05,0.0056704903,9.474534e-06,1.0013083e-08
0.28388548,3.6631529e-06,0.00010114935,0.0059503674,9.5832687e-06,7.2678795e-09
0.28396228,3.7040545e-06,0.00010704395,0.0059638316,9.6532168e-06,8.0586134e-09
0.284043,3.7654779e-06,0.00011449231,0.006224802,9.7634763e-06,9.5407057e-09
0.2841209,3.8153975e-06,0.00012226605,0.0058210756,9.8394522e-06,1.0419285e-08
0.28419939,3.8792857e-06,0.00013155677,0.0060566037,9.9436801e-06,7.8786576e-09
0.28427845,3.9350592e-06,0.00014179116,0.0061441827,1.001872e-05,9.1079919e-09
0.28435813,4.0087563e-06,0.00015400917,0.0061003463,1.012507e-05,1.1456005e-08
0.28443841,4.0707423e-06,0.00016752895,0.0063495908,1.0197953e-05,1.1269534e-08
0.28451932,4.1499329e-06,0.00018364363,0.0063506027,1.0305568e-05,7.4016546e-09
0.2846008,4.2026786e-06,0.00020066828,0.0067702178,1.0345536e-05,8.5462678e-09
0.2846816,4.1817546e-06,0.0002156032,0.0066154903,1.0208298e-05,7.462114e-09
0.28476121,4.1619112e-06,0.00022986173,0.0069988919,1.007268e-05,7.3288651e-09
0.28483966,4.1426256e-06,0.00024203027,0.0066754328,9.939758e-06,7.8442791e-09
0.28491698,4.1264661e-06,0.00025105592,0.0064894969,9.8191127e-06,8.999363e-09
0.2849932,4.1039652e-06,0.00025458361,0.0065422017,9.6927894e-06,8.6372453e-09
0.28506835,4.0824544e-06,0.00025127295,0.0064537482,9.574045e-06,9.5230852e-09
0.28514246,4.0618306e-06,0.00024315385,0.0061617931,9.4667923e-06,7.1607695e-09
0.28521558,4.0385756e-06,0.00023169938,0.0065768204,9.356105e-06,7.065059e-09
0.28528775,4.0170435e-06,0.00021855516,0.0059655534,9.2560619e-06,8.7972855e-09
0.28536208,3.9918837e-06,0.00020429452,0.0062770338,9.1544853e-06,8.3663073e-09
0.28543243,3.9662972e-06,0.00019032459,0.0058737575,9.0573892e-06,7.2940299e-09
0.28550194,3.9429224e-06,0.00017686846,0.0057852267,8.9744651e-06,7.9298228e-09
0.28557066,3.918513e-06,0.00016416354,0.0057518162,8.8968538e-06,7.6203005e-09
0.28563865,3.8914424e-06,0.00015267927,0.00570715,8.8195624e-06,6.8150976e-09
0.28570595,3.8675895e-06,0.00014248285,0.0061083305,8.750285e-06,8.0934903e-09
0.2857726,3.8446615e-06,0.00013336301,0.0057139704,8.6842868e-06,9.97819e-09
0.28583866,3.8240158e-06,0.00012522484,0.0056538219,8.6264463e-06,8.2435608e-09
0.28590418,3.8042376e-06,0.00011794489,0.0055523047,8.5730433e-06,7.1138338e-09
0.28596917,3.7852673e-06,0.0001113687,0.0054377299,8.5236292e-06,9.998819e-09
0.2860337,3.7703238e-06,0.00010554289,0.0053526613,8.4853262e-06,9.2895122e-09
0.28609781,3.751484e-06,0.00010015797,0.0050834839,8.4415873e-06,8.5678084e-09
0.28616153,3.7361448e-06,9.5362831e-05,0.0051371661,8.4074712e-06,7.9700484e-09
0.28622489,3.7192155e-06,9.0935937e-05,0.0048642172,8.3708204e-06,7.3802335e-09
0.28628795,3.7039345e-06,8.6935165e-05,0.0051708087,8.3396993e-06,7.0313839e-09
0.28635073,3.689657e-06,8.3336218e-05,0.0052004374,8.3140775e-06,1.0322015e-08
0.286416,3.6743025e-06,7.9857726e-05,0.0047879098,8.2882275e-06,9.485889e-09
0.28647835,3.6628929e-06,7.6863856e-05,0.0050266469,8.2731384e-06,9.1016591e-09
0.28654055,3.6504851e-06,7.4111354e-05,0.0051122255,8.2532252e-06,8.0870945e-09
0.28660264,3.6385642e-06,7.1595076e-05,0.0047545691,8.243491e-06,6.9377318e-09
0.28666464,3.6320141e-06,6.9363022e-05,0.0050053919,8.2462857e-06,9.0449133e-09
0.28672659,3.6234731e-06,6.7255886e-05,0.004703142,8.2449293e-06,7.0801657e-09
0.28678852,3.6184247e-06,6.5379043e-05,0.0047954859,8.2511238e-06,8.3660913e-09
0.28685047,3.6163966e-06,6.3715939e-05,0.004949339,8.2651757e-06,1.0350022e-08
0.28691247,3.6111777e-06,6.2165804e-05,0.0048753359,8.2750533e-06,1.0195949e-08
0.28697456,3.6134445e-06,6.0795905e-05,0.0049876324,8.296666e-06,1.0252978e-08
0.28703677,3.6148263e-06,5.9537167e-05,0.0049743978,8.3176398e-06,7.170645e-09
0.28709914,3.6184842e-06,5.8409576e-05,0.0051449083,8.3430225e-06,7.7498939e-09
0.28716168,3.6223136e-06,5.7408046e-05,0.0049031952,8.3725332e-06,8.7644054e-09
0.28722446,3.6289159e-06,5.6509405e-05,0.005429508,8.4075103e-06,7.2021717e-09
0.28728749,3.6373973e-06,5.5728616e-05,0.0054192875,8.4548543e-06,8.2456526e-09
0.28735084,3.6467145e-06,5.5039327e-05,0.0053617312,8.504454e-06,8.8346643e-09
0.28741451,3.6586256e-06,5.4455315e-05,0.0056768799,8.5619685e-06,9.0425084e-09
0.28748136,3.6696587e-06,5.3898821e-05,0.0053614022,8.6243278e-06,9.6640741e-09
0.28754584,3.6857351e-06,5.3521792e-05,0.0055983368,8.7012184e-06,7.3526687e-09
0.28761077,3.6991552e-06,5.3162e-05,0.005306407,8.779355e-06,9.0677491e-09
0.28767619,3.7172842e-06,5.2937537e-05,0.005387518,8.8761648e-06,1.0759073e-08
0.28774214,3.736773e-06,5.2763103e-05,0.0055270964,8.9817719e-06,7.7247359e-09
0.28780868,3.7602386e-06,5.2667237e-05,0.0054659889,9.1011872e-06,7.6322327e-09
0.28787581,3.7820304e-06,5.2591386e-05,0.0054184746,9.2212123e-06,8.3650203e-09
0.28794359,3.8088839e-06,5.2604002e-05,0.0059548206,9.3533466e-06,7.6789948e-09
0.28801205,3.8389019e-06,5.2703736e-05,0.0061622341,9.499614e-06,9.1983261e-09
0.28808126,3.8734153e-06,5.2873028e-05,0.0060122597,9.6511888e-06,8.0132578e-09
0.28815125,3.9094936e-06,5.3100294e-05,0.0059237321,9.8055792e-06,7.9052644e-09
0.28822206,3.9511273e-06,5.3445077e-05,0.0058176696,9.9710054e-06,9.6464654e-09
0.28829376,3.9950061e-06,5.3865886e-05,0.0063681822,1.0138292e-05,9.0964809e-09
0.2883664,4.042012e-06,5.4367228e-05,0.0065269172,1.0305574e-05,8.8323334e-09
0.28843957,4.0204473e-06,5.3992875e-05,0.0068630048,1.0287574e-05,8.6350927e-09
0.28851199,3.976096e-06,5.3385413e-05,0.0062707027,1.0206393e-05,8.0370045e-09
0.2885836,3.9196847e-06,5.2652286e-05,0.0063193911,1.0079841e-05,6.8873202e-09
0.28865751,3.8721131e-06,5.2115325e-05,0.0065025176,9.9689708e-06,1.000206e-08
0.28872752,3.8218214e-06,5.1590328e-05,0.0060446026,9.8402355e-06,8.8761546e-09
0.28879682,3.772965e-06,5.1155388e-05,0.0063036632,9.7109975e-06,8.0720151e-09
0.28886539,3.7311779e-06,5.0867788e-05,0.0058505509,9.5936182e-06,7.9949571e-09
0.28893331,3.6816638e-06,5.053651e-05,0.0061020152,9.4514857e-06,9.5742663e-09
0.28900058,3.641977e-06,5.0393407e-05,0.006026074,9.3295015e-06,8.9158625e-09
0.28906726,3.5960331e-06,5.0203795e-05,0.0059397616,9.1874224e-06,7.9861816e-09
0.28913337,3.5631966e-06,5.0245648e-05,0.0054480899,9.076358e-06,9.9972705e-09
0.28919897,3.5176856e-06,5.0141963e-05,0.0056928194,8.9306294e-06,8.9724015e-09
0.28926407,3.4950398e-06,5.0409319e-05,0.0054610443,8.8430085e-06,7.9792468e-09
0.28932872,3.452581e-06,5.0426198e-05,0.0057645933,8.703029e-06,9.8423028e-09
0.28939296,3.431559e-06,5.0838877e-05,0.0054722912,8.6231359e-06,8.389234e-09
0.28945681,3.3890841e-06,5.100902e-05,0.0056895242,8.4913111e-06,7.1962569e-09
0.28952032,3.3692774e-06,5.1603368e-05,0.0053737207,8.4214476e-06,9.4013446e-09
0.28958353,3.3315674e-06,5.2004051e-05,0.0057462873,8.3070657e-06,8.2073067e-09
0.28964647,3.3124925e-06,5.2784014e-05,0.0052208756,8.2470938e-06,9.1571929e-09
0.28971187,3.2739516e-06,5.3371896e-05,0.0054143779,8.142212e-06,7.2121121e-09
0.28977432,3.2524158e-06,5.4280516e-05,0.0051765519,8.08709e-06,8.8444579e-09
0.28983657,3.2153254e-06,5.5029795e-05,0.0053074913,7.9970094e-06,6.8376609e-09
0.28989865,3.1961252e-06,5.616041e-05,0.0048783594,7.9560109e-06,8.187311e-09
0.28996056,3.1625038e-06,5.7109177e-05,0.0052086559,7.8810252e-06,9.6988898e-09
0.29002235,3.1484493e-06,5.8387569e-05,0.0050555607,7.8466164e-06,8.2408866e-09
0.290084,3.107606e-06,5.948505e-05,0.0051563148,7.7779925e-06,8.7417575e-09
0.29014554,3.0944004e-06,6.1013952e-05,0.0049561999,7.7654359e-06,9.7757733e-09
0.29020701,3.069543e-06,6.2377462e-05,0.0050549858,7.729939e-06,8.3417463e-09
0.29026842,3.055903e-06,6.4051165e-05,0.0050323972,7.7326283e-06,9.6128913e-09
0.29032975,3.0278445e-06,6.5430836e-05,0.005041618,7.6966584e-06,7.3122978e-09
0.29039101,3.0163706e-06,6.7252352e-05,0.0049563801,7.7084917e-06,8.6602386e-09
0.29045221,2.9928813e-06,6.8851983e-05,0.0049362406,7.6875154e-06,1.0022349e-08
0.29051334,2.9837429e-06,7.0823633e-05,0.0047019426,7.7028966e-06,8.3019421e-09
0.29057443,2.9619627e-06,7.2543106e-05,0.0048223732,7.6801148e-06,9.2285909e-09
0.29063547,2.9565078e-06,7.4675798e-05,0.0046344658,7.6940323e-06,7.8710086e-09
0.29069645,2.9365032e-06,7.6484592e-05,0.0049300965,7.6669021e-06,8.7141602e-09
0.29076004,2.9320473e-06,7.8881324e-05,0.0045825127,7.6788519e-06,1.0078042e-08
0.29082091,2.9133866e-06,8.0804688e-05,0.0050775559,7.6454059e-06,7.6555993e-09
0.29088175,2.9123762e-06,8.3297936e-05,0.0045900766,7.6542171e-06,9.0182308e-09
0.2909425,2.8940765e-06,8.5394935e-05,0.0050561553,7.6130377e-06,7.9862946e-09
0.29100321,2.8942049e-06,8.8141613e-05,0.0047663367,7.6181174e-06,7.8141914e-09
0.29106384,2.8756248e-06,9.0412847e-05,0.0049631808,7.5676893e-06,7.162008e-09
0.29112441,2.8781775e-06,9.3429275e-05,0.0049451799,7.5641306e-06,8.4774378e-09
0.29118488,2.8601316e-06,9.5898459e-05,0.0051123855,7.5089348e-06,9.8256544e-09
0.29124529,2.8649819e-06,9.9259154e-05,0.0047751609,7.51363e-06,7.6451611e-09
0.2913056,2.8469679e-06,0.00010195714,0.0051705233,7.4555179e-06,9.329429e-09
0.29136581,2.8460618e-06,0.00010539842,0.0049148605,7.4411598e-06,7.7434385e-09
0.29142594,2.8365041e-06,0.00010874297,0.0050279802,7.4030401e-06,9.1320664e-09
0.29148595,2.8380877e-06,0.00011272019,0.0048068949,7.3904878e-06,7.8375081e-09
0.29154588,2.8397786e-06,0.0001170036,0.0051054786,7.379899e-06,7.7185851e-09
0.29160567,2.8301447e-06,0.00012107042,0.0049582946,7.3368283e-06,1.0063752e-08
0.29166535,2.8324504e-06,0.00012596527,0.0049750336,7.3258215e-06,7.6241654e-09
0.29172754,2.8357975e-06,0.00013149297,0.0047754998,7.3146133e-06,8.7412993e-09
0.29178697,2.8209429e-06,0.00013637125,0.004934945,7.2580842e-06,9.6426014e-09
0.2918463,2.8232763e-06,0.00014243002,0.0048133517,7.2434276e-06,8.5108544e-09
0.29190563,2.8254439e-06,0.0001487601,0.0049378832,7.2275203e-06,8.1640726e-09
0.29196496,2.8272917e-06,0.00015512314,0.0049565624,7.2112976e-06,9.0184581e-09
0.29202429,2.8292152e-06,0.00016149376,0.0048820846,7.1930632e-06,8.2148447e-09
0.29208363,2.8310664e-06,0.0001677553,0.0050479799,7.174306e-06,9.3931387e-09
0.29214296,2.8301853e-06,0.00017356029,0.0049491874,7.1536316e-06,7.816447e-09
0.29220197,2.7936682e-06,0.00017680996,0.0050506975,7.0468601e-06,9.1278489e-09
0.29226059,2.7940162e-06,0.00018146044,0.0048300535,7.0254744e-06,8.1599153e-09
0.2923191,2.7838758e-06,0.00018466584,0.0051049084,6.9778276e-06,8.8905447e-09
0.29237754,2.7855313e-06,0.00018745782,0.0048362836,6.9567551e-06,8.2047166e-09
0.2924359,2.775726e-06,0.00018793047,0.00512597,6.9048954e-06,8.899954e-09
0.2924942,2.7783446e-06,0.00018745227,0.0048213554,6.8876998e-06,9.9162917e-09
0.29255244,2.7673674e-06,0.00018411122,0.0049358509,6.8345949e-06,9.5994973e-09
0.29261062,2.7701828e-06,0.00018041229,0.0046303983,6.8150614e-06,9.7279218e-09
0.29266875,2.7630389e-06,0.00017495567,0.0049222009,6.7658638e-06,8.8621841e-09
0.29272936,2.7629689e-06,0.00016911458,0.0045412245,6.7421477e-06,8.8755873e-09
0.2927874,2.7530101e-06,0.00016227817,0.0050751702,6.6911843e-06,9.494833e-09
0.29284541,2.755158e-06,0.0001558446,0.0047964132,6.6697563e-06,9.9427483e-09
0.2929034,2.7477451e-06,0.00014879792,0.0051064912,6.62543e-06,9.9027168e-09
0.29296135,2.7475737e-06,0.00014218548,0.0046720968,6.5972309e-06,9.8735409e-09
0.29301929,2.7426955e-06,0.00013574238,0.0049818547,6.558839e-06,8.3308597e-09
0.2930772,2.7390286e-06,0.00012976522,0.00500765,6.5230425e-06,9.6977726e-09
0.2931351,2.738184e-06,0.00012428033,0.0047826344,6.4936799e-06,8.1385632e-09
0.29319297,2.7326968e-06,0.00011896149,0.0049568741,6.4539675e-06,9.0039949e-09
0.29325084,2.7337021e-06,0.00011431924,0.0048856596,6.4325685e-06,8.2126807e-09
0.29330867,2.7245679e-06,0.0001096172,0.0051310364,6.3882686e-06,8.9426682e-09
0.29336651,2.7273258e-06,0.00010573973,0.0045985499,6.3724335e-06,7.9423275e-09
0.29342432,2.7170914e-06,0.00010169351,0.0051293354,6.3281613e-06,8.2643184e-09
0.29348212,2.71992e-06,9.8394992e-05,0.004590108,6.316002e-06,9.2567771e-09
0.29353991,2.7114081e-06,9.4873465e-05,0.0046900861,6.2750214e-06,8.3456494e-09
0.29359767,2.7144497e-06,9.1992093e-05,0.0047196737,6.2626415e-06,9.1011641e-09
0.29365792,2.7066781e-06,8.8814485e-05,0.0049583645,6.2222387e-06,9.9002313e-09
0.29371564,2.7105679e-06,8.6343542e-05,0.0045548138,6.2129653e-06,8.2948296e-09
0.29377333,2.7042538e-06,8.3696828e-05,0.0049608518,6.1799582e-06,9.1145324e-09
0.293831,2.7040128e-06,8.1461388e-05,0.0047299446,6.1661167e-06,7.6738825e-09
0.29388864,2.6994892e-06,7.9194803e-05,0.0048239702,6.1415406e-06,8.685771e-09
0.29394625,2.6979554e-06,7.713068e-05,0.0048747786,6.125786e-06,7.3642971e-09
0.29400384,2.6981413e-06,7.5215555e-05,0.0047446465,6.115087e-06,9.3580564e-09
0.29406139,2.6944264e-06,7.3268863e-05,0.0048812124,6.0973517e-06,7.9391259e-09
0.29411893,2.6980459e-06,7.1599047e-05,0.0046683863,6.096951e-06,9.635196e-09
0.29417643,2.6921424e-06,6.9778266e-05,0.0048680977,6.0777132e-06,9.750374e-09
0.29423392,2.6974629e-06,6.8340941e-05,0.004525843,6.0857252e-06,1.0043538e-08
0.29429138,2.6907696e-06,6.6677731e-05,0.0046822746,6.0676652e-06,1.0051215e-08
0.29434882,2.6972227e-06,6.5408086e-05,0.0045368907,6.0797834e-06,9.7896461e-09
0.29440623,2.6923463e-06,6.3954507e-05,0.0046362559,6.0678671e-06,8.9046419e-09
0.29446363,2.6964682e-06,6.2769913e-05,0.0044109471,6.0772748e-06,7.1898298e-09
0.29452102,2.695101e-06,6.1499381e-05,0.0047189469,6.0744533e-06,8.5162473e-09
0.29457838,2.6969642e-06,6.0336354e-05,0.0045511234,6.0778505e-06,9.779075e-09
0.29463825,2.6969947e-06,5.9146311e-05,0.0047250809,6.0791684e-06,7.9019607e-09
0.2946956,2.6991168e-06,5.8099679e-05,0.0045515157,6.0845443e-06,8.5745931e-09
0.29475297,2.7020028e-06,5.7103175e-05,0.0047093521,6.0907565e-06,9.6764775e-09
0.29481032,2.7003334e-06,5.6054352e-05,0.0046548965,6.0885678e-06,8.0834274e-09
0.29486768,2.7067754e-06,5.5202813e-05,0.004723983,6.1017905e-06,9.4228587e-09
0.29492504,2.7042267e-06,5.4184604e-05,0.0049626082,6.0933121e-06,9.3519912e-09
0.29498241,2.7126009e-06,5.3435238e-05,0.0045303828,6.1118037e-06,7.6477119e-09
0.29503979,2.708766e-06,5.2466151e-05,0.0049176018,6.1021233e-06,8.0486161e-09
0.29509717,2.7173169e-06,5.1768262e-05,0.0044633486,6.120997e-06,9.6783498e-09
0.29515457,2.716403e-06,5.0929332e-05,0.0048179231,6.1177548e-06,8.1913034e-09
0.29521197,2.7215565e-06,5.0241593e-05,0.0046910237,6.1287356e-06,9.2881433e-09
0.2952694,2.724235e-06,4.9537423e-05,0.0047914309,6.1322783e-06,7.8336084e-09
0.29532685,2.7262963e-06,4.883696e-05,0.0049343728,6.1355596e-06,8.8490399e-09
0.29538434,2.7328588e-06,4.8256071e-05,0.0049110499,6.1475187e-06,9.3653785e-09
0.29544186,2.7317228e-06,4.7554459e-05,0.0049667177,6.1418716e-06,8.4762005e-09
0.29549944,2.7412578e-06,4.7067656e-05,0.0047870689,6.159377e-06,9.7566102e-09
0.29555956,2.7406652e-06,4.6394526e-05,0.0050419465,6.1514168e-06,7.7456691e-09
0.29561726,2.7511062e-06,4.5967247e-05,0.0046670614,6.1690802e-06,8.1810656e-09
0.29567501,2.7497185e-06,4.5365851e-05,0.0050867922,6.1600164e-06,7.2617196e-09
0.29573284,2.7608154e-06,4.4996944e-05,0.0048770689,6.1779876e-06,9.248508e-09
0.29579074,2.7631754e-06,4.4508661e-05,0.0050476496,6.1747855e-06,8.057368e-09
0.29584873,2.7710773e-06,4.4136554e-05,0.0049116439,6.1862911e-06,9.8471346e-09
0.29590681,2.7764121e-06,4.3738545e-05,0.004977411,6.1914625e-06,8.8174738e-09
0.29596498,2.7813356e-06,4.3340008e-05,0.005015689,6.1945972e-06,8.9487018e-09
0.29602325,2.7900212e-06,4.3019452e-05,0.0049488143,6.2064516e-06,8.1596187e-09
0.29608162,2.7907549e-06,4.2599568e-05,0.0051753435,6.2003607e-06,7.5287242e-09
0.29614011,2.8027164e-06,4.2370285e-05,0.0049560206,6.2201496e-06,7.5393328e-09
0.29619869,2.8026578e-06,4.1976385e-05,0.0050828431,6.2132304e-06,9.0003443e-09
0.29625739,2.8150649e-06,4.1801442e-05,0.0048739193,6.2388025e-06,8.252515e-09
0.29631621,2.8175877e-06,4.1495819e-05,0.0052235202,6.2400235e-06,7.5650661e-09
0.29637513,2.8245191e-06,4.1283269e-05,0.0049290631,6.2535805e-06,7.5970686e-09
0.29643418,2.8291842e-06,4.1057496e-05,0.0050002195,6.2619951e-06,9.1236943e-09
0.29649333,2.8329942e-06,4.0830603e-05,0.0050944336,6.2673482e-06,8.0780644e-09
0.29655519,2.8395873e-06,4.0652778e-05,0.0050160819,6.2802332e-06,7.8102327e-09
0.29661457,2.8423217e-06,4.0443836e-05,0.0050572591,6.2847848e-06,7.5165309e-09
0.29667409,2.8500116e-06,4.0318203e-05,0.0050622917,6.2999139e-06,7.2260233e-09
0.29673371,2.8493301e-06,4.0080699e-05,0.0053564666,6.2955068e-06,9.2625942e-09
0.29679346,2.8585758e-06,4.001633e-05,0.0049346695,6.316699e-06,8.7560303e-09
0.29685333,2.8568682e-06,3.9817246e-05,0.0052155047,6.3135744e-06,7.8905318e-09
0.29691331,2.8668109e-06,3.9775594e-05,0.0049971423,6.3344707e-06,7.6710205e-09
0.29697343,2.8661888e-06,3.9636626e-05,0.0051081321,6.3387773e-06,9.7284728e-09
0.29703367,2.8709199e-06,3.9565328e-05,0.004984376,6.3519829e-06,8.4672528e-09
0.29709404,2.8745012e-06,3.9498347e-05,0.0050730902,6.3633187e-06,7.8241589e-09
0.29715454,2.875108e-06,3.9406059e-05,0.0050348469,6.3689649e-06,7.2765318e-09
0.29721518,2.8808228e-06,3.9403632e-05,0.0048947813,6.3879286e-06,7.0541123e-09
0.29727594,2.8777686e-06,3.9283835e-05,0.0052184479,6.388793e-06,7.1846017e-09
0.29733685,2.8872981e-06,3.9345327e-05,0.0048014343,6.4171032e-06,7.0511252e-09
0.29739789,2.885112e-06,3.9262988e-05,0.0050473844,6.4208061e-06,7.7595985e-09
0.29745906,2.8943861e-06,3.9329454e-05,0.0048962143,6.4485447e-06,8.0748043e-09
0.29752306,2.8929452e-06,3.927987e-05,0.0048894513,6.4569076e-06,6.5118686e-09
0.29758452,2.9022928e-06,3.9371037e-05,0.0047944049,6.4862689e-06,9.0702574e-09
0.29764614,2.9045621e-06,3.9382696e-05,0.0050703436,6.5012156e-06,8.0871869e-09
0.2977079,2.9102694e-06,3.945063e-05,0.0047897559,6.5250698e-06,7.4208541e-09
0.29776982,2.9154681e-06,3.9533142e-05,0.0049416096,6.5498563e-06,9.6256685e-09
0.29783189,2.9188564e-06,3.9581251e-05,0.0050592791,6.5700684e-06,8.0128115e-09
0.29789413,2.9267896e-06,3.9717358e-05,0.004747387,6.6046467e-06,7.3997932e-09
0.29795652,2.9258908e-06,3.9750309e-05,0.0050428177,6.6210913e-06,9.2857672e-09
0.29801908,2.941228e-06,3.9941573e-05,0.0047080156,6.6624681e-06,8.1958095e-09
0.29808181,2.9420536e-06,4.0012887e-05,0.0049926278,6.6823406e-06,7.2058077e-09
0.2981447,2.9521091e-06,4.0219936e-05,0.0048425827,6.7257015e-06,7.5132855e-09
0.29820776,2.9552913e-06,4.0349323e-05,0.0048040924,6.7550184e-06,9.8897297e-09
0.29827098,2.9621117e-06,4.0543514e-05,0.0048793041,6.7953246e-06,9.5020183e-09
0.2983344,2.9690676e-06,4.0747733e-05,0.0048883052,6.8359237e-06,8.9963309e-09
0.29839798,2.9727883e-06,4.0935017e-05,0.0050046481,6.871817e-06,8.901909e-09
0.29846175,2.9812088e-06,4.1207592e-05,0.0048238648,6.9206803e-06,9.1615503e-09
0.2985257,2.9833072e-06,4.1400035e-05,0.0050470178,6.9541201e-06,9.3944348e-09
0.29859263,2.9929639e-06,4.1732921e-05,0.004781206,7.0067554e-06,7.3922221e-09
0.29865696,2.9958643e-06,4.1968932e-05,0.0050046368,7.0418709e-06,7.4313927e-09
0.29872149,3.00559e-06,4.2325565e-05,0.0047084693,7.0952843e-06,9.9198487e-09
0.29878622,3.0095127e-06,4.2608582e-05,0.0050208213,7.1315982e-06,9.4101102e-09
0.29885115,3.0209514e-06,4.3021499e-05,0.0048217624,7.1865866e-06,8.7143346e-09
0.2989163,3.0264071e-06,4.3374684e-05,0.005136109,7.2275257e-06,7.6404501e-09
0.29898165,3.0354297e-06,4.3799286e-05,0.0049272539,7.2778266e-06,7.9364718e-09
0.29904724,3.0424157e-06,4.4217339e-05,0.0051387482,7.3237582e-06,8.7706371e-09
0.29911304,3.0495875e-06,4.464582e-05,0.0051385751,7.3676138e-06,7.7612754e-09
0.29917908,3.0595302e-06,4.5150571e-05,0.0051346011,7.42056e-06,7.6632173e-09
0.29924535,3.063911e-06,4.5596672e-05,0.005224429,7.4586337e-06,7.5146314e-09
0.29931186,3.0757602e-06,4.6197333e-05,0.0051630835,7.5194727e-06,7.6413458e-09
0.2993786,3.0784914e-06,4.6671218e-05,0.0054294697,7.5559497e-06,9.615321e-09
0.29944557,3.0922373e-06,4.7341068e-05,0.0050524807,7.620336e-06,8.5897382e-09
0.29951279,3.0977747e-06,4.7906714e-05,0.0053130173,7.6633535e-06,7.3995136e-09
0.29958025,3.109703e-06,4.861148e-05,0.0052203673,7.7257725e-06,7.5660112e-09
0.29964796,3.1166915e-06,4.9271875e-05,0.0050426072,7.775911e-06,9.7641107e-09
0.29971886,3.1279819e-06,5.0043278e-05,0.0049538496,7.8379453e-06,8.5052792e-09
0.29978707,3.1352207e-06,5.0762056e-05,0.0053471768,7.887834e-06,7.4724527e-09
0.29985551,3.1467721e-06,5.1577449e-05,0.0052433218,7.9488187e-06,7.4966638e-09
0.29992422,3.1560331e-06,5.2384413e-05,0.0051022507,8.0040623e-06,1.0105028e-08
0.29999317,3.1634413e-06,5.3236709e-05,0.0050356168,8.0608699e-06,9.7759884e-09
0.3000624,3.1797036e-06,5.4194687e-05,0.0052420235,8.1262284e-06,9.841684e-09
0.30013188,3.1873267e-06,5.5118456e-05,0.0052763245,8.1772619e-06,1.0121808e-08
0.30020165,3.2041015e-06,5.62613e-05,0.0053468473,8.2515395e-06,7.6454671e-09
0.30027169,3.212234e-06,5.7289188e-05,0.0054469276,8.2998174e-06,7.3359284e-09
0.30034203,3.2343063e-06,5.8610586e-05,0.0053896756,8.3840083e-06,7.4193319e-09
0.30041266,3.2438602e-06,5.9772798e-05,0.0053637218,8.4332564e-06,8.0490573e-09
0.3004836,3.2681392e-06,6.132746e-05,0.0052370135,8.523809e-06,8.9410743e-09
0.30055487,3.281031e-06,6.2737006e-05,0.005636043,8.579296e-06,8.8205779e-09
0.30062647,3.3069047e-06,6.4503917e-05,0.005144719,8.6683308e-06,7.9302718e-09
0.30069842,3.324568e-06,6.6228742e-05,0.0055598793,8.7307016e-06,8.8052906e-09
0.30077073,3.3523042e-06,6.8308468e-05,0.0051925802,8.819978e-06,7.3703519e-09
0.30084658,3.3710569e-06,7.0412737e-05,0.0055758404,8.8835239e-06,7.4294327e-09
0.30091966,3.4048678e-06,7.2900468e-05,0.0056328381,8.9822034e-06,9.9029297e-09
0.30099315,3.4280993e-06,7.5350371e-05,0.0057489816,9.0483099e-06,8.590735e-09
0.30106702,3.4655971e-06,7.8353841e-05,0.0056642759,9.1462456e-06,7.8240168e-09
0.30114132,3.4938384e-06,8.1473394e-05,0.0055847296,9.2197392e-06,9.6573418e-09
0.30121605,3.5323996e-06,8.5123347e-05,0.0056087549,9.3130753e-06,8.5013379e-09
0.30129123,3.5682544e-06,8.9074935e-05,0.0059514243,9.3943944e-06,8.2515229e-09
0.30136687,3.6091432e-06,9.3596558e-05,0.0054928413,9.4866293e-06,8.457194e-09
0.30144301,3.6501794e-06,9.859306e-05,0.0058458406,9.5719967e-06,9.5365394e-09
0.30151963,3.6975664e-06,0.00010431403,0.0058942582,9.6640502e-06,1.0273016e-08
0.30159678,3.7469487e-06,0.00011075419,0.0059370203,9.7530859e-06,7.0171527e-09
0.30167445,3.7971775e-06,0.00011807131,0.0058188774,9.8443618e-06,7.1202456e-09
0.30175268,3.854248e-06,0.00012640638,0.0059680306,9.9348927e-06,8.3921976e-09
0.30183147,3.9136144e-06,0.00013595702,0.0058326767,1.0025323e-05,7.5059943e-09
0.30191086,3.9771074e-06,0.00014687332,0.0060056967,1.011574e-05,9.1788194e-09
0.30199084,4.0434232e-06,0.00015942709,0.0063857917,1.0207532e-05,9.6150213e-09
0.30207143,4.1144315e-06,0.00017390088,0.0064576539,1.0300546e-05,8.9639998e-09
0.30215618,4.1929426e-06,0.00019133472,0.0065739467,1.0404808e-05,8.940961e-09
0.30223778,4.2141834e-06,0.00020750618,0.0065396866,1.0370968e-05,8.5930327e-09
0.30231837,4.1958466e-06,0.00022246824,0.006322121,1.0240722e-05,8.8745926e-09
0.30239778,4.1762502e-06,0.00023593222,0.006438599,1.0106533e-05,8.1989269e-09
0.30247603,4.1546211e-06,0.00024673638,0.0068379045,9.9736642e-06,8.9383749e-09
0.30255316,4.1329407e-06,0.00025353725,0.0065574258,9.8485119e-06,8.663323e-09
0.30262919,4.1121101e-06,0.00025447876,0.0062453128,9.730227e-06,9.4850401e-09
0.30270416,4.0887886e-06,0.00024898465,0.0064189931,9.6114638e-06,1.0206694e-08
0.3027781,4.0655167e-06,0.00023928674,0.0061774873,9.4983998e-06,1.0030165e-08
0.30285106,4.0436914e-06,0.00022703256,0.0061662678,9.3946532e-06,7.3572789e-09
0.30292307,4.0193083e-06,0.00021355432,0.0062779572,9.2927988e-06,1.0497052e-08
0.30299418,3.9951479e-06,0.00019973421,0.0057414703,9.1989164e-06,7.5525559e-09
0.30306443,3.9681025e-06,0.00018587973,0.0060570699,9.1041168e-06,8.337197e-09
0.30313386,3.9434197e-06,0.00017260287,0.0056566263,9.0215525e-06,8.8741607e-09
0.30320251,3.9177583e-06,0.0001603875,0.0058029275,8.9427621e-06,1.0095096e-08
0.30327043,3.8915076e-06,0.00014939603,0.0058119337,8.8676633e-06,6.5904357e-09
0.30334058,3.8677567e-06,0.0001392125,0.0055244085,8.7958078e-06,8.3886889e-09
0.30340717,3.847476e-06,0.00013054017,0.0058043776,8.7361761e-06,6.8373624e-09
0.30347318,3.8280163e-06,0.00012274675,0.0055087007,8.6790456e-06,7.9456215e-09
0.30353865,3.8093692e-06,0.00011580772,0.0051945823,8.6311134e-06,7.3748127e-09
0.30360361,3.7919368e-06,0.00010955919,0.0052532232,8.5869854e-06,7.0671853e-09
0.30366811,3.7730454e-06,0.00010385858,0.0050916196,8.5420126e-06,9.5323839e-09
0.30373221,3.7566192e-06,9.8740288e-05,0.0051322859,8.5052739e-06,8.8612387e-09
0.30379591,3.7390929e-06,9.4066388e-05,0.0050297335,8.4656835e-06,8.7844655e-09
0.30385928,3.7248202e-06,8.9862291e-05,0.0052716411,8.4337907e-06,8.9221228e-09
0.30392236,3.7091962e-06,8.5999478e-05,0.0050618488,8.4026396e-06,8.1320369e-09
0.30398517,3.6940734e-06,8.2462192e-05,0.0050995678,8.3747914e-06,7.109127e-09
0.30404777,3.6800361e-06,7.9267645e-05,0.0051854113,8.3499808e-06,7.1416159e-09
0.30411018,3.66701e-06,7.6340108e-05,0.0047300868,8.3318919e-06,8.2583999e-09
0.30417245,3.6553129e-06,7.3675357e-05,0.0050737156,8.3190516e-06,9.0066692e-09
0.30423462,3.6468413e-06,7.1272862e-05,0.005212534,8.31416e-06,7.7704732e-09
0.3042967,3.6366993e-06,6.9032986e-05,0.0047688261,8.3095942e-06,1.021777e-08
0.30435874,3.6322674e-06,6.7038844e-05,0.0051833481,8.3134244e-06,8.8807481e-09
0.30442347,3.6279457e-06,6.5155174e-05,0.0049519066,8.3219202e-06,7.9753342e-09
0.30448553,3.6235705e-06,6.349698e-05,0.0047108333,8.3297351e-06,7.7825759e-09
0.30454765,3.6239821e-06,6.2030315e-05,0.0051513384,8.3482187e-06,7.7697407e-09
0.30460987,3.6244419e-06,6.0674751e-05,0.0048189578,8.3651609e-06,8.3901279e-09
0.30467221,3.6253022e-06,5.9467408e-05,0.0051155789,8.3868959e-06,9.0187704e-09
0.30473472,3.6290721e-06,5.8384496e-05,0.0049508229,8.4137328e-06,1.0096816e-08
0.30479743,3.6351515e-06,5.7429373e-05,0.0051974006,8.4467215e-06,7.03124e-09
0.30486037,3.6427097e-06,5.6569022e-05,0.0052080119,8.4848117e-06,9.5747113e-09
0.30492359,3.6494024e-06,5.5792398e-05,0.0053664304,8.5274553e-06,7.3446869e-09
0.30498712,3.6603308e-06,5.5147979e-05,0.0053654127,8.5861884e-06,7.5240506e-09
0.305051,3.6713998e-06,5.4570105e-05,0.0054179627,8.6436218e-06,7.6803881e-09
0.30511525,3.685576e-06,5.4103849e-05,0.005530426,8.7106221e-06,8.1345496e-09
0.30517993,3.6989055e-06,5.3710166e-05,0.0054342765,8.7856484e-06,9.6179024e-09
0.30524507,3.7154716e-06,5.340572e-05,0.0054681743,8.871841e-06,8.1886747e-09
0.30531072,3.7315502e-06,5.3151077e-05,0.0055609207,8.9622304e-06,8.1066005e-09
0.3053769,3.7543797e-06,5.3010986e-05,0.0052562931,9.0746804e-06,9.0670356e-09
0.30544658,3.7762566e-06,5.2883247e-05,0.0053923066,9.1931449e-06,7.4640538e-09
0.30551398,3.8029731e-06,5.2886356e-05,0.0055988066,9.326083e-06,9.706905e-09
0.30558203,3.8301661e-06,5.2922432e-05,0.0056885625,9.4619476e-06,8.0506653e-09
0.30565079,3.8613855e-06,5.3030982e-05,0.0058817079,9.6072411e-06,7.7372118e-09
0.3057203,3.8959448e-06,5.3220812e-05,0.0059492517,9.7612315e-06,9.2070943e-09
0.30579061,3.9323323e-06,5.3473225e-05,0.0060379742,9.9181886e-06,8.2081777e-09
0.30586175,3.9722496e-06,5.3817332e-05,0.0064179655,1.0080441e-05,7.2437458e-09
0.30593379,4.0193841e-06,5.4278659e-05,0.0063557134,1.0251657e-05,8.1196153e-09
0.30600677,4.0670105e-06,5.4799854e-05,0.0063675846,1.0416615e-05,9.4334234e-09
0.30608005,4.0317332e-06,5.4272272e-05,0.0063789574,1.0368168e-05,8.9859689e-09
0.30615252,3.9797257e-06,5.3563363e-05,0.0063726458,1.0262318e-05,8.729292e-09
0.3062242,3.9295052e-06,5.292701e-05,0.006231832,1.0147547e-05,8.3016969e-09
0.3062951,3.8843093e-06,5.2415405e-05,0.0060859703,1.0036671e-05,7.8320061e-09
0.30636524,3.8294322e-06,5.1853274e-05,0.0062834517,9.8945867e-06,9.887782e-09
0.30643465,3.7880601e-06,5.1526904e-05,0.006159103,9.7816857e-06,8.9389002e-09
0.30650337,3.7350958e-06,5.1094694e-05,0.0060465771,9.63091e-06,8.047764e-09
0.30657142,3.6987559e-06,5.0949616e-05,0.0059135426,9.5186717e-06,7.5604981e-09
0.30664175,3.6472147e-06,5.066494e-05,0.0060565354,9.3618761e-06,7.9947226e-09
0.30670857,3.6132112e-06,5.0663791e-05,0.005720146,9.2477018e-06,8.9895242e-09
0.30677482,3.5706547e-06,5.0557661e-05,0.0054789528,9.1058755e-06,8.1953369e-09
0.30684057,3.5392262e-06,5.0657674e-05,0.0057460231,8.9918085e-06,1.017324e-08
0.30690581,3.5015886e-06,5.0708513e-05,0.0056175374,8.8635474e-06,9.2195721e-09
0.30697064,3.4726182e-06,5.0962185e-05,0.0056834027,8.7587914e-06,8.1546201e-09
0.30703504,3.4394566e-06,5.1232469e-05,0.0056020688,8.6478527e-06,8.0234707e-09
0.30709909,3.4112628e-06,5.1656203e-05,0.0055298902,8.5524492e-06,8.8059446e-09
0.30716279,3.3791712e-06,5.2093143e-05,0.0056616808,8.448514e-06,6.7754492e-09
0.30722622,3.3517791e-06,5.2684355e-05,0.0054605644,8.363407e-06,8.8353961e-09
0.30728935,3.320969e-06,5.3283987e-05,0.0053379618,8.2726359e-06,6.9547301e-09
0.30735227,3.2923706e-06,5.4039911e-05,0.0054298793,8.1964804e-06,8.8871124e-09
0.30741494,3.2625954e-06,5.4845409e-05,0.0052419212,8.1180575e-06,8.0286395e-09
0.30747744,3.2371211e-06,5.5833618e-05,0.0050907925,8.0584524e-06,8.6594886e-09
0.30753975,3.2059041e-06,5.6778928e-05,0.0048943226,7.9858337e-06,9.5180178e-09
0.30760193,3.1833285e-06,5.7963445e-05,0.0050015598,7.9407034e-06,7.2280644e-09
0.30766664,3.1538247e-06,5.9177742e-05,0.0050239319,7.8830371e-06,8.6306624e-09
0.30772856,3.130723e-06,6.0506273e-05,0.0050230435,7.8438995e-06,9.9048915e-09
0.30779035,3.108934e-06,6.1900445e-05,0.0050118937,7.811866e-06,8.0542594e-09
0.30785211,3.0906691e-06,6.3434428e-05,0.0049075023,7.7961182e-06,9.0911709e-09
0.30791377,3.0666982e-06,6.4920267e-05,0.0050897055,7.7742311e-06,7.8812218e-09
0.30797537,3.0495016e-06,6.6572466e-05,0.0049059141,7.7686417e-06,8.9078489e-09
0.30803689,3.0295589e-06,6.8234173e-05,0.0052229674,7.7584872e-06,9.184651e-09
0.30809837,3.0152679e-06,7.0053628e-05,0.0047756448,7.7619352e-06,7.827927e-09
0.30815977,2.9979432e-06,7.1844725e-05,0.0049391453,7.7540505e-06,9.1551067e-09
0.30822114,2.9860956e-06,7.3812172e-05,0.0046364949,7.7564928e-06,7.7299915e-09
0.30828244,2.9692463e-06,7.5683475e-05,0.0047468099,7.7403801e-06,8.2968833e-09
0.30834371,2.9615498e-06,7.7850017e-05,0.0047242981,7.744207e-06,9.5036834e-09
0.30840492,2.9459942e-06,7.9855855e-05,0.0049714876,7.7237522e-06,7.7599941e-09
0.30846609,2.9420723e-06,8.2237188e-05,0.0047748689,7.728275e-06,8.7740185e-09
0.30852719,2.9264007e-06,8.4362454e-05,0.0048731986,7.698601e-06,7.2562176e-09
0.30858824,2.9218416e-06,8.687536e-05,0.0049166709,7.6936131e-06,8.6254306e-09
0.30864921,2.9080912e-06,8.9213387e-05,0.0050423466,7.6578099e-06,9.8578287e-09
0.30871278,2.9038541e-06,9.2106077e-05,0.0049326409,7.6408961e-06,7.7993533e-09
0.30877361,2.8927798e-06,9.4721674e-05,0.0051835406,7.6035073e-06,1.0233715e-08
0.30883438,2.8891399e-06,9.7677048e-05,0.0048970349,7.5864084e-06,8.3271574e-09
0.30889504,2.8783602e-06,0.00010050025,0.0050777789,7.5466419e-06,9.6631139e-09
0.30895563,2.8768957e-06,0.00010381903,0.0050968373,7.5324893e-06,7.660804e-09
0.3090161,2.8682836e-06,0.00010704026,0.0051222302,7.4951859e-06,8.7542968e-09
0.30907648,2.8684746e-06,0.00011081747,0.0048569295,7.4831102e-06,7.4333382e-09
0.30913675,2.8600428e-06,0.00011440448,0.0052165506,7.4432599e-06,8.7502283e-09
0.30919692,2.8637222e-06,0.00011884248,0.0049594002,7.4380364e-06,9.9237777e-09
0.30925697,2.8528208e-06,0.00012293022,0.0051110967,7.3914286e-06,7.6481992e-09
0.30931691,2.8565078e-06,0.00012806175,0.0047025342,7.384521e-06,8.3885408e-09
0.30937673,2.8476639e-06,0.00013291628,0.0050694922,7.3399003e-06,7.3560706e-09
0.30943644,2.8528351e-06,0.000138748,0.004763436,7.3320861e-06,8.3496822e-09
0.30949604,2.8423247e-06,0.00014424584,0.0050380453,7.2863283e-06,9.3120925e-09
0.30955551,2.8444671e-06,0.00015057553,0.0047670364,7.2694725e-06,8.8312435e-09
0.30961487,2.8364275e-06,0.00015638468,0.0051232037,7.2245152e-06,8.1940511e-09
0.30967412,2.8369711e-06,0.00016265165,0.0049380229,7.2063883e-06,9.6654773e-09
0.30973583,2.8269276e-06,0.00016843196,0.0050814557,7.1585032e-06,7.86937e-09
0.30979486,2.8297994e-06,0.00017429059,0.004857213,7.1443389e-06,9.3664536e-09
0.3098538,2.8165554e-06,0.0001787861,0.0051447674,7.0937319e-06,7.6549406e-09
0.30991262,2.8165446e-06,0.00018321427,0.0048626234,7.0705432e-06,9.1312275e-09
0.30997138,2.8087012e-06,0.00018635906,0.0052100166,7.0283581e-06,8.4399949e-09
0.31003003,2.8069345e-06,0.00018851762,0.0049640809,6.9969565e-06,8.7998251e-09
0.31008863,2.8053524e-06,0.00018912895,0.0050502963,6.9631491e-06,8.32725e-09
0.31014715,2.7988947e-06,0.00018751839,0.0049939649,6.9228233e-06,9.1975853e-09
0.31020562,2.7989716e-06,0.0001845025,0.0047426664,6.8932977e-06,7.9580913e-09
0.31026401,2.7886363e-06,0.00017975413,0.0047527655,6.8448005e-06,8.6742167e-09
0.31032236,2.7889391e-06,0.00017465755,0.0046696719,6.8209181e-06,9.2074961e-09
0.31038064,2.7805073e-06,0.00016830246,0.0049822097,6.7696357e-06,1.0032633e-08
0.31043889,2.7807977e-06,0.00016198514,0.004892707,6.7445908e-06,8.2884412e-09
0.31049711,2.7709478e-06,0.00015483671,0.0050658386,6.6927274e-06,9.5571663e-09
0.31055529,2.7739259e-06,0.00014838254,0.0047696812,6.6731435e-06,8.3465309e-09
0.31061344,2.763242e-06,0.00014129174,0.0050148953,6.6199232e-06,9.7086982e-09
0.31067408,2.7665125e-06,0.00013507135,0.0046394123,6.5998366e-06,8.0516776e-09
0.31073218,2.7554743e-06,0.00012881541,0.0050209286,6.5460357e-06,9.3468105e-09
0.31079024,2.7591445e-06,0.00012365036,0.0046250436,6.5284539e-06,8.0504824e-09
0.31084829,2.7498763e-06,0.00011829155,0.0051073888,6.48433e-06,8.9301679e-09
0.31090632,2.7509147e-06,0.0001137498,0.0046318319,6.4622824e-06,7.76044e-09
0.31096433,2.745844e-06,0.00010929436,0.0050687383,6.4256072e-06,8.3188228e-09
0.3110223,2.7429988e-06,0.00010529069,0.0048188619,6.3974558e-06,9.5921377e-09
0.31108028,2.7406503e-06,0.00010157205,0.0047985483,6.3706654e-06,7.8100201e-09
0.31113821,2.7343517e-06,9.7989742e-05,0.0048355393,6.3371e-06,8.7605413e-09
0.31119613,2.7364853e-06,9.4896154e-05,0.0049213713,6.320889e-06,9.6760669e-09
0.31125401,2.7279369e-06,9.1645917e-05,0.0048182005,6.2805094e-06,8.3984029e-09
0.31131187,2.7304674e-06,8.8983878e-05,0.004673199,6.2672087e-06,9.5376454e-09
0.31136969,2.7212549e-06,8.6116819e-05,0.0050467784,6.2272912e-06,7.8079919e-09
0.31142749,2.7245645e-06,8.3827386e-05,0.0046565413,6.2168724e-06,8.3958529e-09
0.31148526,2.718815e-06,8.1413202e-05,0.0049161379,6.1891571e-06,9.5816529e-09
0.31154301,2.7224611e-06,7.9388337e-05,0.0047103482,6.1838253e-06,7.7092519e-09
0.31160071,2.7112072e-06,7.7102118e-05,0.0047917432,6.150216e-06,7.7631632e-09
0.31166088,2.7158223e-06,7.5235009e-05,0.00473609,6.151327e-06,9.2359877e-09
0.31171854,2.7116695e-06,7.3293101e-05,0.0048292053,6.1325726e-06,8.2994443e-09
0.31177614,2.7126958e-06,7.1587411e-05,0.0045409518,6.1271565e-06,7.5701232e-09
0.31183372,2.7131789e-06,6.9962306e-05,0.0048382123,6.1243011e-06,7.9025064e-09
0.31189126,2.7083464e-06,6.8285806e-05,0.0045449437,6.1097615e-06,8.115356e-09
0.31194881,2.7089139e-06,6.6836005e-05,0.0048510233,6.1093082e-06,7.2783922e-09
0.31200631,2.7101695e-06,6.5462613e-05,0.0046476491,6.1105725e-06,9.5462483e-09
0.31206378,2.7111781e-06,6.4151955e-05,0.0046073905,6.1127318e-06,8.0590563e-09
0.31212122,2.705624e-06,6.2733663e-05,0.0046372085,6.099771e-06,9.5291544e-09
0.31217867,2.7139456e-06,6.1695606e-05,0.0044999441,6.1199656e-06,7.7828627e-09
0.31223611,2.7069965e-06,6.0358976e-05,0.0046537057,6.1056758e-06,8.459157e-09
0.31229354,2.7170769e-06,5.9446203e-05,0.0044793877,6.1291356e-06,9.9881477e-09
0.31235098,2.7079644e-06,5.8164449e-05,0.0047621397,6.1113866e-06,7.651272e-09
0.3124084,2.721099e-06,5.7375734e-05,0.0044513364,6.138521e-06,8.7715402e-09
0.31246584,2.7237903e-06,5.6398696e-05,0.0047504155,6.1423045e-06,7.6967293e-09
0.31252325,2.7270065e-06,5.5476125e-05,0.0046652557,6.1479076e-06,7.7663192e-09
0.31258319,2.7308846e-06,5.4539448e-05,0.0048356764,6.1536645e-06,8.2987878e-09
0.31264062,2.7339896e-06,5.3677315e-05,0.0047219835,6.1598517e-06,8.8720148e-09
0.31269809,2.7361085e-06,5.2837092e-05,0.0047281535,6.1650612e-06,9.454137e-09
0.31275563,2.7400074e-06,5.203298e-05,0.0048025521,6.1694686e-06,8.3327814e-09
0.3128132,2.741688e-06,5.1252863e-05,0.0046972461,6.1733579e-06,9.9839231e-09
0.31287077,2.7434834e-06,5.0500918e-05,0.0050011698,6.1767091e-06,8.5934105e-09
0.31292834,2.7461023e-06,4.978007e-05,0.0046782117,6.1795829e-06,9.9822337e-09
0.31298591,2.7478874e-06,4.9097137e-05,0.0048857241,6.1819004e-06,8.7000098e-09
0.31304348,2.7500524e-06,4.8422659e-05,0.0047080629,6.1836228e-06,9.7103728e-09
