t_unix,t_local,fan_rpm,wind_mps,blade,demand_a,held_a,volts,amps,watts,tracking,note,fan_rpm_actual,motor_amps,turbine_rpm,rotor_rpm,rotor_rpm_early,speed_ok,tsr,cp_el,torque_el_nm,stem,rotor,run,torque_gen_nm,p_gen_in_w,cp_gen_in,settle_pct
1790884227.844,2026-10-01T15:50:27,500,10.236546349466778,v1_smooth,0.001,0.001,2.839,0.001,0.0028,1,,500,4.5,,97.24058246011467,93.5987458557559,True,0.10106863965092946,8.706310539412018e-05,0.0002749678144966439,v1_smooth_20261001,Plain,1,0.00030019398758353484,0.003118859671391958,9.697771724281038e-05,3.8909032071553273
1790884228.899,2026-10-01T15:50:28,500,10.236546349466778,v1_smooth,0.002,0.002,2.925,0.002,0.0059,1,,500,4.5,,101.99340238677372,100.89652362134593,True,0.10600856321309333,0.0001834544006518961,0.0005523970034932093,v1_smooth_20261001,Plain,1,0.0006003879751670697,0.006577466815794538,0.00020451953093208856,1.0871323669626731
1790884229.954,2026-10-01T15:50:29,500,10.236546349466778,v1_smooth,0.004,0.004,2.8495,0.004,0.0114,1,,500,4.5,,102.85718256115643,102.37312412691608,True,0.10690634770773182,0.0003544712148189179,0.0010583799630145387,v1_smooth_20261001,Plain,1,0.0012007759503341394,0.012913923523631564,0.00040154510171055096,0.4728374154531423
1790884231.008,2026-10-01T15:50:31,500,10.236546349466778,v1_smooth,0.006,0.006,2.7369,0.006,0.0164,1,,501,4.5,,102.85704481750884,102.85722343293493,True,0.10690620454154819,0.0005099410458798468,0.0015225837401831163,v1_smooth_20261001,Plain,1,0.001801163925501209,0.018909370123511078,0.0005879673157141687,-0.00017365375044597897
1790884232.059,2026-10-01T15:50:32,500,10.236546349466778,v1_smooth,0.008,0.008,2.5249,0.008,0.0202,1,,500,4.5,,98.54972495803409,99.45528373588566,True,0.10242931898898469,0.0006280981174861526,0.001957344793296165,v1_smooth_20261001,Plain,1,0.0024015519006682787,0.023863806615433077,0.0007420203965944115,-0.9105185203195254
1790884233.115,2026-10-01T15:50:33,500,10.236546349466778,v1_smooth,0.01,0.01,2.358,0.01,0.0236,1,,501,4.4,,94.68579607640706,97.0843003681722,True,0.09841327932844317,0.0007338176026075844,0.002380118336189157,v1_smooth_20261001,Plain,1,0.003001939875835348,0.028577232999397566,0.0008885795173210284,-2.4705377519014915
1790884234.283,2026-10-01T15:50:34,500,10.236546349466778,v1_smooth,0.012,0.012,2.1121,0.012,0.0253,1,,501,4.5,,89.14003960353298,91.01380079919181,True,0.0926492037915795,0.0007866773451683001,0.002710310705358063,v1_smooth_20261001,Plain,1,0.003602327851002418,0.031749649275404544,0.0009872225218181775,-2.0587660104350536
1790884235.34,2026-10-01T15:50:35,500,10.236546349466778,v1_smooth,0.014,0.014,1.8472,0.014,0.0259,1,,500,4.4,,83.35444442618893,85.37550412801416,True,0.08663584785158412,0.0008053337248956116,0.0029671696964379064,v1_smooth_20261001,Plain,1,0.004202715826169488,0.033981055443454006,0.0010566057898131706,-2.367259464488547
1790884236.396,2026-10-01T15:50:36,500,10.236546349466778,v1_smooth,0.016,0.016,1.835,0.016,0.0294,1,,500,4.5,,79.12078031014715,81.3744140747179,True,0.08223551763839557,0.0009141626066382618,0.0035483638876359458,v1_smooth_20261001,Plain,1,0.004803103801336557,0.03927145150354596,0.0012211051861547506,-2.7694623552084408
1790884237.45,2026-10-01T15:50:37,500,10.236546349466778,v1_smooth,0.018,0.018,1.5908,0.018,0.0286,1,,500,4.5,,75.98326403899804,77.98580444224399,True,0.07897448717780813,0.0008892874336685133,0.003594342593725904,v1_smooth_20261001,Plain,1,0.005403491776503627,0.0404208374556804,0.0012568441541151796,-2.567826821263375
1790884238.506,2026-10-01T15:50:38,500,10.236546349466778,v1_smooth,0.02,0.02,1.3388,0.02,0.0268,1,,500,4.5,,70.04462101375921,72.72730688090618,True,0.07280205837546566,0.0008333182944865789,0.0036536873893784918,v1_smooth_20261001,Plain,1,0.006003879751670696,0.04072921329985733,0.0012664327821946713,-3.68869133507167
1790884239.559,2026-10-01T15:50:39,500,10.236546349466778,v1_smooth,0.022,0.022,1.065,0.022,0.0234,1,,500,4.5,,66.25769810906448,68.8736961095934,True,0.06886605617599888,0.0007275988093651473,0.00337249174779966,v1_smooth_20261001,Plain,1,0.006604267726837766,0.03959657903607674,0.0012312146906659138,-3.798254120653377
1790884240.614,2026-10-01T15:50:40,500,10.236546349466778,v1_smooth,0.024,0.024,1.1113,0.024,0.0267,1,,499,4.6,,63.15788152805695,64.71667863601276,True,0.06564420952428501,0.0008302088978653603,0.004036965975813349,v1_smooth_20261001,Plain,1,0.007204655702004836,0.04532293466433865,0.0014092697990900494,-2.408648189013196
1790884241.668,2026-10-01T15:50:41,500,10.236546349466778,v1_smooth,0.026,0.026,0.9529,0.026,0.0248,1,,500,4.5,,57.908784383155165,59.165621191185735,True,0.06018847186405036,0.0007711303620622072,0.004089579117285504,v1_smooth_20261001,Plain,1,0.007805043677171905,0.04600828018464303,0.0014305799095420668,-2.124268760686665
1790884242.723,2026-10-01T15:50:42,500,10.236546349466778,v1_smooth,0.028,0.028,0.5193,0.028,0.0145,1,,499,4.5,,51.06382374312304,52.35607147105661,True,0.05307404656084979,0.0004508625100766938,0.002711602663883872,v1_smooth_20261001,Plain,1,0.008405431652338976,0.03845261559698992,0.0011956443301429725,-2.468190778309154
1790884243.779,2026-10-01T15:50:43,500,10.236546349466778,v1_smooth,0.03,0.03,0.2262,0.03,0.0068,1,under v_floor,499,4.5,,44.26230430859661,47.54645685646359,True,0.04600477260736533,0.00021143897024286328,0.001467054591843326,v1_smooth_20261001,Plain,1,0.009005819627506044,0.03365594090137928,0.0010464966892268087,-6.907249803663396
1790884244.831,2026-10-01T15:50:44,500,10.236546349466778,v1_smooth,0.032,0.032,0.0569,0.032,0.0018,1,under v_floor,500,4.5,,46.78771361241374,44.262321896858836,True,0.04862959936632978,5.5969139181934396e-05,0.000367377085281726,v1_smooth_20261001,Plain,1,0.009606207602673115,0.03171825609781113,0.0009862463834147948,5.705511160123122
1790884256.537,2026-10-01T15:50:56,600,12.368671041837572,v1_smooth,0.0011,0.0011,4.4994,0.0011,0.0049,1,,600,4.8,,150.6377276327214,150.61695517568978,True,0.1295785281252915,8.637010677114244e-05,0.0003106230690302394,v1_smooth_20261001,Plain,1,0.0003302133863418883,0.005252931749546738,9.259107674895425e-05,0.013791579445610047
1790884257.594,2026-10-01T15:50:57,600,12.368671041837572,v1_smooth,0.0021,0.0021,4.4397,0.0021,0.0093,1,,600,4.9,,149.99999572228262,150.97343658393072,True,0.1290299513272222,0.00016392693734114787,0.0005920564051861837,v1_smooth_20261001,Plain,1,0.0006304073739254231,0.01001551364125038,0.00017653897603318956,-0.6447762491694542
1790884258.65,2026-10-01T15:50:58,600,12.368671041837572,v1_smooth,0.0042,0.0042,4.2434,0.0042,0.0178,1,,600,4.9,,146.45890504098844,148.53057828801184,True,0.12598390618533695,0.0003137526327604766,0.001160581387485956,v1_smooth_20261001,Plain,1,0.0012608147478508462,0.019406313638477602,0.00034206640428358944,-1.3947789545438072
1790884259.732,2026-10-01T15:50:59,600,12.368671041837572,v1_smooth,0.0064,0.0064,4.0186,0.0064,0.0257,1,,600,4.8,,143.47892657116574,145.87725117233603,True,0.12342052959945166,0.00045300239673844097,0.0017104736431518776,v1_smooth_20261001,Plain,1,0.001921241520534623,0.028427538230532078,0.0005010794922881202,-1.6440703275502289
1790884260.783,2026-10-01T15:51:00,600,12.368671041837572,v1_smooth,0.0085,0.0085,3.8812,0.0085,0.033,1,,600,4.8,,139.7086397421205,141.36001874812294,True,0.12017733000001922,0.000581676229275041,0.0022555998534065304,v1_smooth_20261001,Plain,1,0.002551648894460046,0.036977257909045214,0.000651781574226185,-1.1682079704197545
1790884261.839,2026-10-01T15:51:01,600,12.368671041837572,v1_smooth,0.0106,0.0106,3.6144,0.0106,0.0383,1,,600,4.9,,135.45260390455098,139.06322455455964,True,0.11651628924915652,0.000675096957007093,0.0027001183342543872,v1_smooth_20261001,Plain,1,0.003182056268385469,0.0437022639435352,0.0007703202454987313,-2.59638783839079
1790884262.892,2026-10-01T15:51:02,600,12.368671041837572,v1_smooth,0.0127,0.0127,3.4814,0.0127,0.0442,1,,600,4.8,,131.50270931271422,133.5341174545512,True,0.11311859110604486,0.0007790936161805094,0.003209659415274862,v1_smooth_20261001,Plain,1,0.0038124636423108923,0.051202556334002024,0.0009025245423516714,-1.521265262061866
1790884263.946,2026-10-01T15:51:03,600,12.368671041837572,v1_smooth,0.0149,0.0149,3.1757,0.0149,0.0473,1,,600,4.9,,124.58096526010536,126.31584495059514,True,0.10716450894819492,0.0008337359286275587,0.0036256078731751592,v1_smooth_20261001,Plain,1,0.004472890414994669,0.05616705867135513,0.0009900316029522376,-1.3734458184310294
1790884265.015,2026-10-01T15:51:05,600,12.368671041837572,v1_smooth,0.017,0.017,3.1171,0.017,0.053,1,,600,4.8,,122.08574250239366,122.72727937737642,True,0.10501811908046314,0.0009342072773205202,0.004145551385922923,v1_smooth_20261001,Plain,1,0.005103297788920092,0.06382627074310787,0.0011250371058951166,-0.5227337216610839
1790884266.072,2026-10-01T15:51:06,600,12.368671041837572,v1_smooth,0.0191,0.0191,2.8835,0.0191,0.0551,1,,600,4.8,,117.52249307226208,119.69270268858381,True,0.10109281328942846,0.0009712230373652957,0.004477153505740196,v1_smooth_20261001,Plain,1,0.005733705162845515,0.06806076917083745,0.0011996767143288387,-1.8131511508835851
1790884267.133,2026-10-01T15:51:07,600,12.368671041837572,v1_smooth,0.0212,0.0212,2.6629,0.0212,0.0565,1,,600,4.8,,114.35697112629413,115.87894772877121,True,0.09836983226101752,0.0009959002107284792,0.004717991844027335,v1_smooth_20261001,Plain,1,0.006364112536770938,0.07177055395454388,0.0012650674302199987,-1.3134194194095117
1790884268.185,2026-10-01T15:51:08,600,12.368671041837572,v1_smooth,0.0234,0.0234,2.5457,0.0234,0.0596,1,,600,4.8,,111.83280881386253,113.39887269818547,True,0.09619854859699621,0.0010505425231755283,0.00508918699738559,v1_smooth_20261001,Plain,1,0.007024539309454715,0.07747833403719562,0.0013656759149475153,-1.3810224449859132
1790884269.242,2026-10-01T15:51:09,600,12.368671041837572,v1_smooth,0.0255,0.0255,2.4734,0.0255,0.0631,1,,600,4.8,,106.70477857872527,109.00346341603182,True,0.09178741852690386,0.0011122354565834874,0.0056469880971765024,v1_smooth_20261001,Plain,1,0.007654946683380137,0.08364703850218795,0.001474408907453844,-2.1088181652845317
1790884270.314,2026-10-01T15:51:10,600,12.368671041837572,v1_smooth,0.0276,0.0276,2.1084,0.0276,0.0582,1,,600,4.9,,101.47196014168145,104.31527571444335,True,0.08728614967696312,0.0010258653498123448,0.005477070320716179,v1_smooth_20261001,Plain,1,0.008285354057305561,0.08159102932315715,0.0014381685539201013,-2.7256943465742256
1790884271.368,2026-10-01T15:51:11,600,12.368671041837572,v1_smooth,0.0297,0.0297,2.2146,0.0297,0.0658,1,,600,4.8,,99.5488943657719,100.00000000000071,True,0.08563192907335682,0.0011598271480696269,0.006311910537329358,v1_smooth_20261001,Plain,1,0.008915761431230984,0.09221030650010317,0.0016253497995538124,-0.45110563422881
1790884272.424,2026-10-01T15:51:12,600,12.368671041837572,v1_smooth,0.0319,0.0319,1.8384,0.0319,0.0586,1,,600,4.8,,94.10295081667925,96.42863711535057,True,0.08094733006595939,0.0010329159707732545,0.005946559327360858,v1_smooth_20261001,Plain,1,0.009576188203914761,0.08836136432805354,0.0015575062186648572,-2.4118211853282445
1790884273.476,2026-10-01T15:51:13,600,12.368671041837572,v1_smooth,0.034,0.034,1.7914,0.034,0.0609,1,,600,4.8,,90.9214807122325,92.42427779020588,True,0.07821063043640869,0.0010734570412984847,0.0063962020581077505,v1_smooth_20261001,Plain,1,0.010206595577840184,0.09403956118628548,0.00165759325313691,-1.6259765441549723
1790884274.53,2026-10-01T15:51:14,600,12.368671041837572,v1_smooth,0.0361,0.0361,1.4207,0.0361,0.0513,1,,600,4.8,,86.2475680581909,88.52458151397684,True,0.07419013217336048,0.0009042421382366544,0.005679915687667095,v1_smooth_20261001,Plain,1,0.010837002951765607,0.08799304440049426,0.0015510140081609319,-2.572182118055466
1790884275.583,2026-10-01T15:51:15,600,12.368671041837572,v1_smooth,0.0382,0.0382,1.4467,0.0382,0.0553,1,,600,4.9,,82.14123509086306,84.2431337421317,True,0.07065786578657574,0.0009747483478457504,0.00642887948537371,v1_smooth_20261001,Plain,1,0.01146741032569103,0.0957218139706799,0.0016872455699949095,-2.495038536556049
1790884276.639,2026-10-01T15:51:16,600,12.368671041837572,v1_smooth,0.0404,0.0404,1.019,0.0404,0.0412,1,,600,4.8,,74.04586045390715,78.83214491229182,True,0.06369422695210553,0.0007262139589736874,0.005313342527339153,v1_smooth_20261001,Plain,1,0.012127837098374807,0.0857161495439289,0.0015108802016572144,-6.071488304307671
1790884277.723,2026-10-01T15:51:17,600,12.368671041837572,v1_smooth,0.0425,0.0425,0.8027,0.0425,0.0341,1,,600,4.8,,70.5882319942063,72.05893548209943,True,0.060719975988200024,0.0006010654369175422,0.00461310624117551,v1_smooth_20261001,Plain,1,0.01275824447230023,0.08270383879540044,0.0014577835483963444,-2.040973097997645
1790884287.851,2026-10-01T15:51:27,700,14.500795734208369,v1_smooth,0.0015,0.0015,5.6106,0.0015,0.0084,1,,700,5.3,,185.34484353276355,186.20702961742097,True,0.13599126044484128,9.188408084743408e-05,0.00043278296708662274,v1_smooth_20261001,Plain,1,0.00045029098137530226,0.008893194809466919,9.727893224583805e-05,-0.4630255293953556
1790884288.908,2026-10-01T15:51:28,700,14.500795734208369,v1_smooth,0.0029,0.0029,5.6801,0.0029,0.0165,1,,700,5.3,,186.68641931346883,186.78073020928565,True,0.13697560172956727,0.0001804865873788884,0.0008440002986848692,v1_smooth_20261001,Plain,1,0.000870562563992251,0.01753419733518094,0.00019179923875483677,-0.05049284030057555
1790884289.986,2026-10-01T15:51:29,700,14.500795734208369,v1_smooth,0.0058,0.0058,5.5002,0.0058,0.0319,1,,700,5.3,,184.61537496847313,185.1833816808039,True,0.13545603460514746,0.00034894073559918416,0.0016500389587265317,v1_smooth_20261001,Plain,1,0.001741125127984502,0.03430267091838121,0.00037522254618422207,-0.30672661184567573
1790884291.042,2026-10-01T15:51:31,700,14.500795734208369,v1_smooth,0.0088,0.0088,5.0334,0.0088,0.0443,1,,700,5.3,,177.83992255966155,183.15234052093814,True,0.13048474813396246,0.00048457914065968215,0.002378733822245896,v1_smooth_20261001,Plain,1,0.0026417070907351066,0.048470098381973775,0.0005301940998109955,-2.900546040616536
1790884292.096,2026-10-01T15:51:32,700,14.500795734208369,v1_smooth,0.0117,0.0117,4.8653,0.0117,0.0569,1,,700,5.3,,174.19348855074475,174.24922788101185,True,0.127809285749632,0.0006224052619308333,0.0031192611172572307,v1_smooth_20261001,Plain,1,0.0035122696547273576,0.0631186512283858,0.0006904284824345232,-0.03198827962965778
1790884293.149,2026-10-01T15:51:33,700,14.500795734208369,v1_smooth,0.0146,0.0146,4.6418,0.0146,0.0678,1,,700,5.3,,170.00539874287313,173.71767165226544,True,0.12473639955019489,0.0007416357954114323,0.003808363224258912,v1_smooth_20261001,Plain,1,0.004382832218719608,0.07640148032281714,0.0008357237851006398,-2.1369575553736753
1790884294.206,2026-10-01T15:51:34,700,14.500795734208369,v1_smooth,0.0175,0.0175,4.4338,0.0175,0.0776,1,,700,5.3,,166.14256154800557,167.44164689114314,True,0.12190215777140814,0.0008488338897334387,0.004460178103259539,v1_smooth_20261001,Plain,1,0.00525339478271186,0.08891858566526782,0.000972643156441305,-0.7758436250821843
1790884295.259,2026-10-01T15:51:35,700,14.500795734208369,v1_smooth,0.0204,0.0204,4.1575,0.0204,0.0848,1,,700,5.3,,160.68344513629143,163.4747200694079,True,0.11789669364522169,0.0009275916733169536,0.005039600375537811,v1_smooth_20261001,Plain,1,0.006123957346704111,0.0991699672557378,0.0010847787248766195,-1.7074657977278473
1790884296.316,2026-10-01T15:51:36,700,14.500795734208369,v1_smooth,0.0234,0.0234,4.114,0.0234,0.0963,1,,700,5.3,,157.05082184419723,159.00021658478352,True,0.1152313644631565,0.0010533853554295122,0.005855411964015449,v1_smooth_20261001,Plain,1,0.007024539309454715,0.1141783340371956,0.0012489489613927399,-1.2260327579785457
1790884297.396,2026-10-01T15:51:37,700,14.500795734208369,v1_smooth,0.0263,0.0263,3.9301,0.0263,0.1034,1,,700,5.3,,151.1531974922633,153.86984666138943,True,0.11090415819206373,0.0011310492809077006,0.006532427254756938,v1_smooth_20261001,Plain,1,0.007895101873446966,0.12500979489087738,0.0013674297738660154,-1.7655500593982354
1790884298.449,2026-10-01T15:51:38,700,14.500795734208369,v1_smooth,0.0292,0.0292,3.4225,0.0292,0.0999,1,,700,5.2,,142.10531154722048,146.57135873364524,True,0.10426554127359502,0.0010927642472212697,0.006713153213670148,v1_smooth_20261001,Plain,1,0.008765664437439216,0.12557553199257845,0.0013736181350078125,-3.0470122028005586
1790884299.501,2026-10-01T15:51:39,700,14.500795734208369,v1_smooth,0.0321,0.0321,3.369,0.0321,0.1081,1,,700,5.3,,138.44379758502043,140.4972405648877,True,0.10157901442253672,0.0011824606118580505,0.0074563034162660495,v1_smooth_20261001,Plain,1,0.009636227001431467,0.13817554534229884,0.001511444402305962,-1.4615539576515069
1790884300.557,2026-10-01T15:51:40,700,14.500795734208369,v1_smooth,0.035,0.035,3.0666,0.035,0.1073,1,,700,5.3,,133.45173072940497,136.03441271622216,True,0.09791623400210353,0.0011737097470154378,0.007677978532202366,v1_smooth_20261001,Plain,1,0.01050678956542372,0.1421098349400386,0.0015544799479578594,-1.8985504735517633
1790884301.61,2026-10-01T15:51:41,700,14.500795734208369,v1_smooth,0.038,0.038,2.8307,0.038,0.1076,1,,700,5.3,,130.1113279253741,131.98964757838922,True,0.09546531290251899,0.0011769913213314175,0.00789711648466616,v1_smooth_20261001,Plain,1,0.011407371528174323,0.14765914103936162,0.0016151814825146875,-1.4230810427004026
1790884302.665,2026-10-01T15:51:42,700,14.500795734208369,v1_smooth,0.0409,0.0409,2.7876,0.0409,0.114,1,,700,5.3,,125.67669292590722,128.57705743073637,True,0.09221153150943857,0.0012469982400723197,0.008662066015616443,v1_smooth_20261001,Plain,1,0.012277934092166574,0.1594735099003131,0.0017444139138933865,-2.2557403029631162
1790884303.722,2026-10-01T15:51:43,700,14.500795734208369,v1_smooth,0.0438,0.0438,2.3826,0.0438,0.1044,1,,700,5.3,,117.43690325591558,122.46639315627448,True,0.08616583117235602,0.0011419878619609665,0.008489210255784004,v1_smooth_20261001,Plain,1,0.013148496656158824,0.15562215500928392,0.0017022855562529718,-4.106832716091313
1790884304.78,2026-10-01T15:51:44,700,14.500795734208369,v1_smooth,0.0467,0.0467,2.1994,0.0467,0.1027,1,,700,5.3,,114.22200714902431,114.97192105844931,True,0.08380699687493422,0.0011233922741704144,0.00858602281478676,v1_smooth_20261001,Plain,1,0.014019059220151077,0.16000507636627403,0.0017502284967664985,-0.6522583101344903
1790884305.832,2026-10-01T15:51:45,700,14.500795734208369,v1_smooth,0.0496,0.0496,2.048,0.0496,0.1016,1,,700,5.3,,106.7308070805467,109.38857758242762,True,0.0783105518692944,0.0011113598350118218,0.009090238888159116,v1_smooth_20261001,Plain,1,0.014889621784143327,0.16532227397128352,0.0018083910937451266,-2.4296599888395165
1790884306.885,2026-10-01T15:51:46,700,14.500795734208369,v1_smooth,0.0525,0.0525,1.727,0.0525,0.0907,1,,700,5.3,,103.94343065084684,105.36579545097737,True,0.07626539740594879,0.0009921293015312227,0.008332620877364106,v1_smooth_20261001,Plain,1,0.01576018434813558,0.16117374782431232,0.001763012104234889,-1.349930301425295
1790884307.953,2026-10-01T15:51:47,700,14.500795734208369,v1_smooth,0.0555,0.0555,1.5948,0.0555,0.0885,1,,700,5.3,,101.54544519351703,100.46520262043259,True,0.07450594697476895,0.0009680644232140376,0.008322507683209397,v1_smooth_20261001,Plain,1,0.016660766310886182,0.166309796256693,0.0018191931863059847,1.0752405259816245
1790884316.343,2026-10-01T15:51:56,800,16.632920426579165,v1_smooth,0.0019,0.0019,6.7568,0.0019,0.0128,1,,800,5.9,,218.49640357505962,220.4079998839262,True,0.13976489707597448,9.277713006206028e-05,0.0005594188018412206,v1_smooth_20261001,Plain,1,0.0005703685764087161,0.013439817465068803,9.741466351304981e-05,-0.867298968219532
1790884317.399,2026-10-01T15:51:57,800,16.632920426579165,v1_smooth,0.0038,0.0038,6.7175,0.0038,0.0255,1,,800,5.9,,219.19194885888658,218.18186431980422,True,0.14020981430763205,0.0001848294387955107,0.0011109306897369988,v1_smooth_20261001,Plain,1,0.0011407371528174323,0.026923123307705948,0.00019514454006218135,0.4629553158468802
1790884318.455,2026-10-01T15:51:58,800,16.632920426579165,v1_smooth,0.0077,0.0077,6.3335,0.0077,0.0488,1,,800,5.9,,214.47755356960272,216.09442404086963,True,0.13719417212038723,0.0003537128083616048,0.002172747989788313,v1_smooth_20261001,Plain,1,0.002311493704393218,0.052280505536027075,0.0003789402548301755,-0.7482240592015965
1790884319.534,2026-10-01T15:51:59,800,16.632920426579165,v1_smooth,0.0115,0.0115,6.0506,0.0115,0.0696,1,,800,5.9,,210.374256274838,210.26428012651337,True,0.13456942903678815,0.0005044756447124527,0.0031592793439681366,v1_smooth_20261001,Plain,1,0.0034522308572106503,0.07566663990402381,0.0005484479446667732,0.05230377135785336
1790884320.59,2026-10-01T15:52:00,800,16.632920426579165,v1_smooth,0.0154,0.0154,5.7128,0.0154,0.088,1,,800,5.9,,204.98137872575342,208.99989863912367,True,0.1311197842680027,0.0006378427691766644,0.0040995826291592265,v1_smooth_20261001,Plain,1,0.004622987408786436,0.09731763874685391,0.0007053790021366767,-1.9227377331454854
1790884321.651,2026-10-01T15:52:01,800,16.632920426579165,v1_smooth,0.0192,0.0192,5.5498,0.0192,0.1066,1,,800,5.9,,199.5426542275908,200.00007947287344,True,0.12764081272763517,0.0007726595362980958,0.005101440691746647,v1_smooth_20261001,Plain,1,0.005763724561603868,0.11966678417514146,0.0008673703749629371,-0.2287125317591121
1790884322.707,2026-10-01T15:52:02,800,16.632920426579165,v1_smooth,0.023,0.023,5.266,0.023,0.1211,1,,800,5.9,,195.45447806671348,196.7956327228464,True,0.12502574213148607,0.0008777586289465234,0.005916568542937127,v1_smooth_20261001,Plain,1,0.0069044617144213005,0.13848988311370236,0.00100380421077496,-0.6814961478447623
1790884323.76,2026-10-01T15:52:03,800,16.632920426579165,v1_smooth,0.0269,0.0269,5.1895,0.0269,0.1396,1,,800,5.9,,192.47857333024285,194.59444744880585,True,0.12312215464722875,0.001011850574739345,0.006925871177621915,v1_smooth_20261001,Plain,1,0.008075218265997088,0.16202355612105887,0.0011743812921375782,-1.087325022015151
1790884324.813,2026-10-01T15:52:04,800,16.632920426579165,v1_smooth,0.0307,0.0307,4.9353,0.0307,0.1515,1,,800,5.9,,188.11361585120778,189.69087508725835,True,0.12033003622872689,0.0010981043128439165,0.0076906630397750655,v1_smooth_20261001,Plain,1,0.00921595541881452,0.1794096661199106,0.0013003995256248247,-0.8314892507744642
1790884325.868,2026-10-01T15:52:05,800,16.632920426579165,v1_smooth,0.0346,0.0346,4.5527,0.0346,0.1575,1,,799,5.9,,180.7276834080028,183.27903672960275,True,0.11560550039727086,0.0011415935925605074,0.008321991317860336,v1_smooth_20261001,Plain,1,0.010386711970390304,0.19163695574177605,0.0013890255287150035,-1.3920595432657334
1790884326.936,2026-10-01T15:52:06,800,16.632920426579165,v1_smooth,0.0384,0.0384,4.3187,0.0384,0.1658,1,,800,5.9,,176.15249876214705,178.1781522240621,True,0.11267890663797386,0.0012017537628351246,0.008988083535596148,v1_smooth_20261001,Plain,1,0.011527449123207736,0.20658607680091856,0.0014973799465913746,-1.1368697209115486
1790884327.993,2026-10-01T15:52:07,800,16.632920426579165,v1_smooth,0.0423,0.0423,4.049,0.0423,0.1713,1,,800,5.9,,171.33036513473598,172.38180171953843,True,0.10959434781185945,0.0012416189359086662,0.009547604149516022,v1_smooth_20261001,Plain,1,0.012698205674783523,0.21950698303729305,0.0015910334308422967,-0.6099463947552342
1790884329.047,2026-10-01T15:52:09,800,16.632920426579165,v1_smooth,0.0461,0.0461,3.7774,0.0461,0.1741,1,,800,5.9,,165.13645586216512,168.35170910009936,True,0.10563230963725215,0.0012619139331097417,0.010067628779229761,v1_smooth_20261001,Plain,1,0.013838942827600956,0.23011911515672634,0.0016679524278642051,-1.9098429443460518
1790884330.101,2026-10-01T15:52:10,800,16.632920426579165,v1_smooth,0.0499,0.0499,3.4213,0.0499,0.1707,1,,800,5.9,,158.79768593078438,161.1938571609528,True,0.10157760890739156,0.001237270007937007,0.010265042072827768,v1_smooth_20261001,Plain,1,0.014979679980418388,0.23510520078643304,0.00170409263997107,-1.4865152260584158
1790884331.158,2026-10-01T15:52:11,800,16.632920426579165,v1_smooth,0.0538,0.0538,3.4242,0.0538,0.1842,1,,800,5.9,,155.7163728646401,156.5214599150721,True,0.09960659521333518,0.0013351208872993362,0.011296053193973763,v1_smooth_20261001,Plain,1,0.016150436531994175,0.25780878118733386,0.0018686530330748838,-0.514362088667486
1790884332.212,2026-10-01T15:52:12,800,16.632920426579165,v1_smooth,0.0576,0.0576,3.1667,0.0576,0.1824,1,,800,5.9,,148.141745091948,151.99907315593748,True,0.09476135724274568,0.001322074103384359,0.011757602127048083,v1_smooth_20261001,Plain,1,0.017291173684811607,0.26555787787733137,0.0019248201386585853,-2.5377313057904027
1790884333.269,2026-10-01T15:52:13,800,16.632920426579165,v1_smooth,0.0615,0.0615,2.7926,0.0615,0.1717,1,,800,5.9,,143.51085432137438,144.66632220021154,True,0.09179913012445373,0.0012445182212231054,0.011425018905266895,v1_smooth_20261001,Plain,1,0.01846193023638739,0.2652550748927412,0.0019226253580426087,-0.7987124171429771
1790884334.324,2026-10-01T15:52:14,800,16.632920426579165,v1_smooth,0.0653,0.0653,2.8451,0.0653,0.1858,1,,800,5.9,,140.4323796094502,142.23578199843416,True,0.08982993203138184,0.0013467180285570938,0.012634260777484203,v1_smooth_20261001,Plain,1,0.019602667389204822,0.29006718264302944,0.0021024688070943546,-1.2678964207500254
1790884335.381,2026-10-01T15:52:15,800,16.632920426579165,v1_smooth,0.0691,0.0691,2.4763,0.0691,0.1711,1,,800,5.9,,131.5764732306718,135.13190790016836,True,0.08416510266443426,0.0012401692932514463,0.012417756804569241,v1_smooth_20261001,Plain,1,0.020743404542022253,0.28665324390359115,0.0020777238509652315,-2.6310844897736496
1790884336.433,2026-10-01T15:52:16,800,16.632920426579165,v1_smooth,0.073,0.073,2.037,0.073,0.1487,1,,800,5.9,,125.65855424755341,127.89447030475287,True,0.08037960631737259,0.001077809315642841,0.011300308289943082,v1_smooth_20261001,Plain,1,0.02191416109359804,0.27643311508352736,0.0020036461774660076,-1.7482507663322822
1790884337.515,2026-10-01T15:52:17,800,16.632920426579165,v1_smooth,0.0768,0.0768,1.7477,0.0768,0.1342,1,,800,5.9,,117.65229024475161,118.9257723277592,True,0.0752582649771694,0.0009727102229944133,0.010892398261946363,v1_smooth_20261001,Plain,1,0.023054898246415472,0.2743821874043798,0.0019887806162131832,-1.0708209482952813
1790884338.569,2026-10-01T15:52:18,800,16.632920426579165,v1_smooth,0.0807,0.0807,1.3215,0.0807,0.1066,1,,800,5.9,,111.92862263061443,114.893684046163,True,0.07159702478329061,0.0007726595362980958,0.00909468009246577,v1_smooth_20261001,Plain,1,0.02422565479799126,0.260155675198825,0.0018856638214300387,-2.580700096932431
1790884346.996,2026-10-01T15:52:26,900,18.76504511894996,v1_smooth,0.0024,0.0024,7.8886,0.0024,0.0189,1,,900,6.7,,255.29418379830418,255.67426056234694,True,0.14474835391669472,9.540023821209632e-05,0.0007069558059685345,v1_smooth_20261001,Plain,1,0.0007204655702004835,0.019732038965998545,9.960006443209672e-05,-0.1486566395877298
1790884348.05,2026-10-01T15:52:28,900,18.76504511894996,v1_smooth,0.0049,0.0049,7.8415,0.0049,0.0384,1,,900,6.7,,255.2939677968709,252.3529658174624,True,0.1447482314467996,0.00019382905541505283,0.0014363558686803462,v1_smooth_20261001,Plain,1,0.0014709505391593207,0.040342199494437084,0.00020363256305657194,1.1654319060136809
1790884349.105,2026-10-01T15:52:29,900,18.76504511894996,v1_smooth,0.0098,0.0098,7.4538,0.0098,0.073,1,,900,6.6,,252.32557847918997,252.7609632758555,True,0.14306519479815555,0.00036847711055465774,0.002762695145470531,v1_smooth_20261001,Plain,1,0.0029419010783186413,0.07783873581585919,0.00039290126661171434,-0.1722515973284766
1790884350.161,2026-10-01T15:52:30,900,18.76504511894996,v1_smooth,0.0147,0.0147,7.347,0.0147,0.108,1,,900,6.7,,249.06156647965076,249.0823437423586,True,0.1412145440819179,0.0005451442183548362,0.0041408397361852485,v1_smooth_20261001,Plain,1,0.004412851617477962,0.11668960896426636,0.0005890061636014488,-0.008341523688781827
1790884351.212,2026-10-01T15:52:31,900,18.76504511894996,v1_smooth,0.0196,0.0196,6.9691,0.0196,0.1366,1,,900,6.6,,244.32284435256406,247.49097791607824,True,0.13852775264249234,0.000689506483585839,0.005338976455672081,v1_smooth_20261001,Plain,1,0.005883802156637283,0.15009481893965854,0.000757623358796026,-1.2801006283907679
1790884352.268,2026-10-01T15:52:32,900,18.76504511894996,v1_smooth,0.0244,0.0244,6.5809,0.0244,0.1606,1,,900,6.6,,238.64116649883726,241.28692574910815,True,0.13530631804270668,0.000810649643220247,0.00642645631570434,v1_smooth_20261001,Plain,1,0.00732473329703825,0.17972728457703613,0.0009071971302572737,-1.0965199386816171
1790884353.322,2026-10-01T15:52:33,900,18.76504511894996,v1_smooth,0.0293,0.0293,6.3284,0.0293,0.1854,1,,900,6.7,,233.33075369479843,234.06225413876598,True,0.13229538571136126,0.000935830908175802,0.007587682116134663,v1_smooth_20261001,Plain,1,0.00879568383619757,0.21122169194462317,0.0010661692977290518,-0.3125238824427723
1790884354.379,2026-10-01T15:52:34,900,18.76504511894996,v1_smooth,0.0342,0.0342,5.9458,0.0342,0.2033,1,,900,6.6,,225.94053976507098,230.33143899357924,True,0.12810523423393705,0.0010261835147364648,0.008592402221635586,v1_smooth_20261001,Plain,1,0.010266634375356892,0.23677043613919527,0.001195129947579956,-1.9063395113120718
1790884355.434,2026-10-01T15:52:35,900,18.76504511894996,v1_smooth,0.0391,0.0391,5.7804,0.0391,0.226,1,,900,6.7,,221.3703385299027,223.34870192462972,True,0.1255139918639922,0.001140764753224009,0.009749007218663936,v1_smooth_20261001,Plain,1,0.011737584914516213,0.26807351716075234,0.00135313637013176,-0.8857734017163055
1790884356.489,2026-10-01T15:52:36,900,18.76504511894996,v1_smooth,0.044,0.044,5.4943,0.044,0.2417,1,,900,6.7,,218.18179995105993,218.97331221052525,True,0.12370613355785856,0.0012200125701515175,0.010578632063886104,v1_smooth_20261001,Plain,1,0.013208535453675532,0.29333093500929447,0.001480626511897547,-0.36146517193125227
1790884357.574,2026-10-01T15:52:37,900,18.76504511894996,v1_smooth,0.0489,0.0489,5.4961,0.0489,0.2688,1,,900,6.7,,215.8416876498336,215.5436254594946,True,0.1223793214913121,0.00135680338790537,0.011892285267665099,v1_smooth_20261001,Plain,1,0.014679485992834853,0.33094268968482166,0.0016704767952636962,0.13828392730408368
1790884358.626,2026-10-01T15:52:38,900,18.76504511894996,v1_smooth,0.0538,0.0538,5.0915,0.0538,0.2739,1,,900,6.7,,209.34890825919865,212.9129365613892,True,0.11869800327577,0.0013825463093276814,0.01249374719228937,v1_smooth_20261001,Plain,1,0.016150436531994175,0.3475087811873338,0.001754096323072323,-1.673936943311527
1790884359.695,2026-10-01T15:52:39,900,18.76504511894996,v1_smooth,0.0587,0.0587,4.5285,0.0587,0.2658,1,,900,6.7,,197.07396750210933,201.52370628787253,True,0.11173827766597165,0.0013416604929510688,0.012879443513524332,v1_smooth_20261001,Plain,1,0.017621387071153495,0.3518292095168311,0.001775904253856044,-2.2080473149927338
1790884360.751,2026-10-01T15:52:40,900,18.76504511894996,v1_smooth,0.0636,0.0636,4.3288,0.0636,0.2753,1,,900,6.7,,190.56728655882011,191.84818001934048,True,0.10804907745784495,0.0013896129936396887,0.0137952394530238,v1_smooth_20261001,Plain,1,0.019092337610312815,0.3747039746733134,0.001891367642479016,-0.66765994881538
1790884361.808,2026-10-01T15:52:41,900,18.76504511894996,v1_smooth,0.0684,0.0684,3.9662,0.0684,0.2713,1,,900,6.7,,183.01864649828303,189.06377364500884,True,0.10376910050413723,0.001369422467033954,0.014155520288333993,v1_smooth_20261001,Plain,1,0.020533268750713783,0.38473110661053433,0.001941980911018434,-3.1974010833383137
1790884362.86,2026-10-01T15:52:42,900,18.76504511894996,v1_smooth,0.0733,0.0733,3.7166,0.0733,0.2724,1,,900,6.7,,179.91481730454666,181.13088027479876,True,0.10200927127517653,0.001374974861850531,0.014458110948642812,v1_smooth_20261001,Plain,1,0.022004219289873103,0.40109506915921145,0.0020245801663220115,-0.6713725282001426
1790884363.913,2026-10-01T15:52:43,900,18.76504511894996,v1_smooth,0.0782,0.0782,3.4674,0.0782,0.2712,1,,900,6.7,,174.3335394464225,177.40512203418177,True,0.09884476211677974,0.0013689177038688108,0.014855255289457532,v1_smooth_20261001,Plain,1,0.023475169829032427,0.41611336853487363,0.0021003870096013106,-1.7313945350278304
1790884364.996,2026-10-01T15:52:44,900,18.76504511894996,v1_smooth,0.0831,0.0831,3.1627,0.0831,0.2628,1,,900,6.7,,167.80079820323976,170.08330812226404,True,0.0951407860706138,0.0013265175979967677,0.014955561412964443,v1_smooth_20261001,Plain,1,0.024946120368191743,0.4248860047375208,0.0021446680457643053,-1.341995251752448
1790884366.048,2026-10-01T15:52:46,900,18.76504511894996,v1_smooth,0.088,0.088,2.8489,0.088,0.2507,1,,900,6.6,,158.78850127205624,160.85038991579665,True,0.0900309354410831,0.0012654412550144203,0.015076712953456093,v1_smooth_20261001,Plain,1,0.026417070907351063,0.430912977767153,0.002175089985591014,-1.2818673581206697
1790884367.102,2026-10-01T15:52:47,900,18.76504511894996,v1_smooth,0.0929,0.0929,2.6158,0.0929,0.243,1,,900,6.7,,152.11377049409975,156.87896213464398,True,0.08624645324657446,0.0012265744912983813,0.015254891537711516,v1_smooth_20261001,Plain,1,0.027888021446510383,0.44229428762377027,0.002232538645458049,-3.0374956435869516
1790884368.159,2026-10-01T15:52:48,900,18.76504511894996,v1_smooth,0.0978,0.0978,2.2625,0.0978,0.2213,1,,900,6.7,,141.35412061071406,143.69941745980555,True,0.08014587709490428,0.0011170408844622707,0.01495010775238773,v1_smooth_20261001,Plain,1,0.029358971985669707,0.44062993430737263,0.002224137602979032,-1.6320851472814701
1790884369.211,2026-10-01T15:52:49,900,18.76504511894996,v1_smooth,0.1027,0.1027,2.0721,0.1027,0.2128,1,,900,6.7,,137.54714907682342,140.18313226412715,True,0.07798737565652547,0.0010741360154250844,0.014773772681121497,v1_smooth_20261001,Plain,1,0.030829922524829027,0.4531199178179599,0.002287182439072957,-1.8803854249291097
1790884370.268,2026-10-01T15:52:50,900,18.76504511894996,v1_smooth,0.1076,0.1076,1.5347,0.1076,0.1651,1,,900,6.7,,134.40656146861443,133.90282048361257,True,0.07620670490306022,0.0008333639856516985,0.011729999257785253,v1_smooth_20261001,Plain,1,0.03230087306398835,0.42736423815553226,0.002157177255204701,0.37619893530436155
1790884378.862,2026-10-01T15:52:58,1000,20.897169811320758,v1_smooth,0.003,0.003,9.3034,0.003,0.0279,1,,1000,7.4,,295.89038884949446,295.6561118635278,True,0.150648812503436,0.00010197137646231461,0.0009004191578231725,v1_smooth_20261001,Plain,1,0.0009005819627506045,0.02897582143320774,0.00010590338335736311,0.0792396898173342
1790884379.947,2026-10-01T15:52:59,1000,20.897169811320758,v1_smooth,0.0061,0.0061,8.9453,0.0061,0.0546,1,,1000,7.5,,291.73571429726053,293.4278137105139,True,0.14853351301680534,0.00019955688727033613,0.0017872052272550477,v1_smooth_20261001,Plain,1,0.0018311833242595625,0.05716331593817117,0.00020892552004894198,-0.5766663329750732
1790884381.003,2026-10-01T15:53:01,1000,20.897169811320758,v1_smooth,0.0121,0.0121,8.4404,0.0121,0.1021,1,,1000,7.5,,282.89471158026913,287.386128615114,True,0.14403222939676905,0.000373164069419438,0.00344645248380441,v1_smooth_20261001,Plain,1,0.0036323472497607713,0.10862744357387101,0.0003970211449035856,-1.5628510173711474
1790884382.059,2026-10-01T15:53:02,1000,20.897169811320758,v1_smooth,0.0182,0.0182,8.2627,0.0182,0.1504,1,,1000,7.5,,282.7241114878859,284.21075147783483,True,0.14394537053855996,0.0005496951620047354,0.005079914121589881,v1_smooth_20261001,Plain,1,0.005463530574020334,0.1624245204949562,0.0005936434382115452,-0.5230766190999825
1790884383.115,2026-10-01T15:53:03,1000,20.897169811320758,v1_smooth,0.0243,0.0243,7.9779,0.0243,0.1939,1,,1000,7.5,,279.143289412508,280.5193871465747,True,0.14212224071153418,0.0007086827919728602,0.006633183308214403,v1_smooth_20261001,Plain,1,0.007294713898279896,0.21290060088676657,0.0007781278610063607,-0.49055352218762005
1790884384.17,2026-10-01T15:53:04,1000,20.897169811320758,v1_smooth,0.0303,0.0303,7.787,0.0303,0.2359,1,,1000,7.5,,275.64085907599747,276.92321942091667,True,0.14033902303716858,0.0008621880898731188,0.008172515033054648,v1_smooth_20261001,Plain,1,0.009095877823781105,0.2632051525752263,0.0009619853655938837,-0.46307433071187676
1790884385.226,2026-10-01T15:53:05,1000,20.897169811320758,v1_smooth,0.0364,0.0364,7.2737,0.0364,0.2648,1,,1000,7.5,,266.6730096882759,271.5293408523337,True,0.13577315705475876,0.0009678143543806776,0.009482225962049446,v1_smooth_20261001,Plain,1,0.010927061148040668,0.3020149939499508,0.00110383099087219,-1.7885106444901044
1790884386.305,2026-10-01T15:53:06,1000,20.897169811320758,v1_smooth,0.0424,0.0424,7.0405,0.0424,0.2985,1,,1000,7.5,,264.55448180527696,268.1599773057485,True,0.13469453564001743,0.001090984081505409,0.010774586056243438,v1_smooth_20261001,Plain,1,0.012728225073541877,0.3469052121789817,0.0012678997128258804,-1.3445315504187483
1790884387.36,2026-10-01T15:53:07,1000,20.897169811320758,v1_smooth,0.0485,0.0485,6.7291,0.0485,0.3264,1,,1000,7.5,,257.1427122364298,259.4700033843111,True,0.1309209278238343,0.0011929554579677235,0.012121247296504573,v1_smooth_20261001,Plain,1,0.014559408397801439,0.38764881453662015,0.0014168130180029989,-0.8969403466782433
1790884388.417,2026-10-01T15:53:08,1000,20.897169811320758,v1_smooth,0.0546,0.0546,6.4034,0.0546,0.3496,1,,1000,7.5,,252.38247248326502,255.44479219738037,True,0.12849731254915667,0.0012777488606173903,0.01322767802949138,v1_smooth_20261001,Plain,1,0.016390591722061,0.4251714203649838,0.0015539539414714974,-1.1988186127314449
1790884389.468,2026-10-01T15:53:09,1000,20.897169811320758,v1_smooth,0.0606,0.0606,6.3103,0.0606,0.3824,1,,1000,7.5,,247.31315230772566,250.52755094704935,True,0.12591633292486354,0.0013976291885014016,0.014765292424710141,v1_smooth_20261001,Plain,1,0.01819175564756221,0.4735020626467746,0.001730597028166191,-1.283051954634351
1790884390.642,2026-10-01T15:53:10,1000,20.897169811320758,v1_smooth,0.0667,0.0667,5.6299,0.0667,0.3755,1,,1000,7.4,,237.65966035958286,243.1487502644245,True,0.12100138078953443,0.0013724104609892163,0.01508779766172807,v1_smooth_20261001,Plain,1,0.020022938971821773,0.48385842945805224,0.0017684483894168939,-2.2575028244530393
1790884391.696,2026-10-01T15:53:11,1000,20.897169811320758,v1_smooth,0.0728,0.0728,5.379,0.0728,0.3916,1,,1000,7.4,,231.5736378727479,232.6297314375836,True,0.11790276016831087,0.0014312541585176487,0.016148230762527766,v1_smooth_20261001,Plain,1,0.021854122296081337,0.5186937997400551,0.001895767767812243,-0.45398047717690737
1790884392.751,2026-10-01T15:53:12,1000,20.897169811320758,v1_smooth,0.0788,0.0788,5.2813,0.0788,0.4162,1,,999,7.5,,228.3663610333292,229.78736809234306,True,0.11626981612742156,0.0015211644044306573,0.017403689496592538,v1_smooth_20261001,Plain,1,0.02365528622158254,0.5631648660746059,0.0020583045365176566,-0.6184008593730805
1790884393.808,2026-10-01T15:53:13,1000,20.897169811320758,v1_smooth,0.0849,0.0849,4.8001,0.0849,0.4075,1,,1000,7.5,,220.45969317310323,222.8558149181481,True,0.1122442371668018,0.001489366878437032,0.017651019570009984,v1_smooth_20261001,Plain,1,0.02548646954584211,0.5761339973395228,0.0021057052593350047,-1.075189241045793
1790884394.859,2026-10-01T15:53:14,1000,20.897169811320758,v1_smooth,0.0909,0.0909,4.1383,0.0909,0.3762,1,,1000,7.4,,204.91552368330304,210.8120045948624,True,0.1043301217942283,0.0013749688826208873,0.01753134809358019,v1_smooth_20261001,Plain,1,0.027287633471343314,0.5675907302146446,0.0020744805744529592,-2.7970327984363164
1790884395.915,2026-10-01T15:53:15,1000,20.897169811320758,v1_smooth,0.097,0.097,4.0593,0.097,0.3938,1,,1000,7.4,,198.39746894367636,199.99999047535368,True,0.10101153746921793,0.001439294912217186,0.018954440373646533,v1_smooth_20261001,Plain,1,0.029118816795602877,0.6097936224624756,0.0022287274208042883,-0.8012608039972946
1790884396.968,2026-10-01T15:53:16,1000,20.897169811320758,v1_smooth,0.1031,0.1031,3.5908,0.1031,0.3702,1,,1000,7.5,,194.43223989749185,198.89171194662367,True,0.09899269174247932,0.0013530395543494217,0.018181910560825576,v1_smooth_20261001,Plain,1,0.03095000011986244,0.6122755181810318,0.0022377984717955822,-2.2421608248455294
1790884398.047,2026-10-01T15:53:18,1000,20.897169811320758,v1_smooth,0.1091,0.1091,3.5968,0.1091,0.3924,1,,1000,7.5,,189.95237263337117,193.83613553151235,True,0.09671182453980692,0.001434178068953844,0.019726755334548946,v1_smooth_20261001,Plain,1,0.03275116404536365,0.6615726751089136,0.0024179740613158272,-2.00363203047339
1790884399.104,2026-10-01T15:53:19,1000,20.897169811320758,v1_smooth,0.1152,0.1152,2.9012,0.1152,0.3342,1,,1000,7.5,,174.97931551099555,182.0948453653159,True,0.0890884837351167,0.0012214635847206286,0.01823858385523369,v1_smooth_20261001,Plain,1,0.03458234736962321,0.6323883318103838,0.0023113085538857265,-3.907595429209043
1790884400.161,2026-10-01T15:53:20,1000,20.897169811320758,v1_smooth,0.1213,0.1213,2.7693,0.1213,0.3359,1,,1000,7.5,,170.7899524485356,172.75016471696176,True,0.08695552303653054,0.001227676894397544,0.018781015376420417,v1_smooth_20261001,Plain,1,0.03641353069388278,0.6645829919825791,0.002428976432469784,-1.1347093484037174
1790884401.215,2026-10-01T15:53:21,1000,20.897169811320758,v1_smooth,0.1273,0.1273,2.3101,0.1273,0.2941,1,,1000,7.4,,164.33535604270446,167.35217503496642,True,0.08366924771171082,0.001074902574106334,0.017089737676837947,v1_smooth_20261001,Plain,1,0.03821469461938398,0.6542205729632209,0.00239110295107612,-1.8026768947769112
1790884402.272,2026-10-01T15:53:22,1000,20.897169811320758,v1_smooth,0.1334,0.1334,2.1908,0.1334,0.2923,1,,1000,7.5,,162.91831917488935,159.35442136727147,True,0.08294778148822184,0.0010683237756248945,0.017132876192696923,v1_smooth_20261001,Plain,1,0.040045877943643546,0.6858489941183302,0.0025067012894458797,2.2364599469781865
1790884409.62,2026-10-01T15:53:29,1100,23.029294503691553,v1_smooth,0.0037,0.0037,10.9126,0.0037,0.0404,1,,1101,8.2,,346.03196444701325,345.2383028407155,True,0.1598666632877179,0.00011032551361801602,0.0011149015746891478,v1_smooth_20261001,Plain,1,0.0011107177540590788,0.0417783194118383,0.00011408946899031162,0.22988805117141187
1790884410.698,2026-10-01T15:53:30,1100,23.029294503691553,v1_smooth,0.0074,0.0074,10.5275,0.0074,0.0779,1,,1100,8.2,,342.1035960872132,345.9673706263743,True,0.15805175828941842,0.0002127316215555309,0.0021744588847346616,v1_smooth_20261001,Plain,1,0.0022214355081181577,0.08120078172919203,0.00022174549382320599,-1.1168031633057574
1790884411.753,2026-10-01T15:53:31,1100,23.029294503691553,v1_smooth,0.0147,0.0147,9.9049,0.0147,0.1456,1,,1100,8.3,,332.3076437865552,340.53359369994496,True,0.1535260312788097,0.00039760878175205776,0.004184007225978384,v1_smooth_20261001,Plain,1,0.004412851617477962,0.15428960896426636,0.0004213386226461766,-2.4156059976384814
1790884412.81,2026-10-01T15:53:32,1100,23.029294503691553,v1_smooth,0.0221,0.0221,9.5727,0.0221,0.2116,1,,1101,8.3,,327.36005465216067,330.0001188429519,True,0.15124024658981938,0.000577843531722084,0.006172503727254515,v1_smooth_20261001,Plain,1,0.00663428712559612,0.22791412080755385,0.0006223946148240577,-0.8000191636438947
1790884413.861,2026-10-01T15:53:33,1100,23.029294503691553,v1_smooth,0.0295,0.0295,9.2434,0.0295,0.2727,1,,1100,8.3,,321.8990865929186,324.74815091165397,True,0.1487172809922712,0.0007446972169216082,0.008089781199543417,v1_smooth_20261001,Plain,1,0.008855722633714277,0.298815204272903,0.0008160133883237722,-0.8773150241925265
1790884414.917,2026-10-01T15:53:34,1100,23.029294503691553,v1_smooth,0.0368,0.0368,8.8074,0.0368,0.3241,1,,1100,8.3,,314.49245081371373,316.13698036985056,True,0.14529541749448377,0.0008850618555346285,0.00984102166954158,v1_smooth_20261001,Plain,1,0.011047138743074081,0.36201649132878094,0.0009886053302980149,-0.5201952502402185
1790884415.995,2026-10-01T15:53:35,1100,23.029294503691553,v1_smooth,0.0442,0.0442,8.5779,0.0442,0.3791,1,,1101,8.3,,310.91431837514847,316.8538519752815,True,0.14364232138624097,0.0010352574805096502,0.011643524024519838,v1_smooth_20261001,Plain,1,0.01326857425119224,0.43114130490822555,0.001177373413513407,-1.8745341308321506
1790884417.051,2026-10-01T15:53:37,1100,23.029294503691553,v1_smooth,0.0515,0.0515,8.0765,0.0515,0.4159,1,,1100,8.3,,302.81706316058035,304.7242299076231,True,0.139901391917454,0.001135752007765665,0.0131153522475353,v1_smooth_20261001,Plain,1,0.015459990360552043,0.4840078932928733,0.0013217430550175777,-0.6258664588703389
1790884418.106,2026-10-01T15:53:38,1100,23.029294503691553,v1_smooth,0.0589,0.0589,7.8511,0.0589,0.4624,1,,1101,8.3,,299.6705587671613,301.8547570328792,True,0.13844770783598503,0.0012627355816081833,0.014734830005680948,v1_smooth_20261001,Plain,1,0.017681425868670202,0.5489564369864134,0.001499106457040646,-0.7235924612180256
1790884419.162,2026-10-01T15:53:39,1100,23.029294503691553,v1_smooth,0.0663,0.0663,7.5148,0.0663,0.4982,1,,1100,8.3,,289.96998835561953,291.20478139532224,True,0.13396604722940192,0.0013604992793191976,0.0164067308685352,v1_smooth_20261001,Plain,1,0.01990286137678836,0.6053815523020151,0.0016531938290245457,-0.42402910892676005
1790884420.215,2026-10-01T15:53:40,1100,23.029294503691553,v1_smooth,0.0736,0.0736,7.1645,0.0736,0.5273,1,,1100,8.3,,285.63285984810136,292.8917512578721,True,0.1319622951660484,0.001439966419078709,0.017628728334055,v1_smooth_20261001,Plain,1,0.022094277486148162,0.6569606005074665,0.001794047417766992,-2.4783529678102045
1790884421.272,2026-10-01T15:53:41,1100,23.029294503691553,v1_smooth,0.081,0.081,6.8824,0.081,0.5575,1,,1100,8.3,,279.86128521208684,279.36550826273674,True,0.1292958294236417,0.001522437471337721,0.019022755656929905,v1_smooth_20261001,Plain,1,0.024315712994266322,0.7121094459371636,0.001944649514239069,0.17746534009626114
1790884422.327,2026-10-01T15:53:42,1100,23.029294503691553,v1_smooth,0.0884,0.0884,6.4246,0.0884,0.5679,1,,1100,8.3,,272.0833208626914,273.4180779085307,True,0.1257024122383369,0.001550838098605725,0.019931561823482803,v1_smooth_20261001,Plain,1,0.02653714850238448,0.7496348629889225,0.0020471250318124736,-0.4881743943375372
1790884423.383,2026-10-01T15:53:43,1100,23.029294503691553,v1_smooth,0.0957,0.0957,6.008,0.0957,0.575,1,,1100,8.3,,264.6339114688544,269.59037467494795,True,0.12226078734348053,0.0015702269883752279,0.020748835650704664,v1_smooth_20261001,Plain,1,0.028728564611744282,0.7856263710151774,0.0021454117052996896,-1.8385163832609575
1790884424.434,2026-10-01T15:53:44,1100,23.029294503691553,v1_smooth,0.1031,0.1031,5.9099,0.1031,0.6093,1,,1100,8.3,,261.44586378842405,263.8818883315423,True,0.12078791027593262,0.0016638944417687416,0.02225465082997855,v1_smooth_20261001,Plain,1,0.03095000011986244,0.8513755181810317,0.002324961418938784,-0.9231495797307754
1790884425.49,2026-10-01T15:53:45,1100,23.029294503691553,v1_smooth,0.1104,0.1104,5.5149,0.1104,0.6088,1,,1100,8.3,,258.3330097662724,257.8428158445547,True,0.11934977265584773,0.0016625290269962414,0.02250433177904998,v1_smooth_20261001,Plain,1,0.033141416229222245,0.8840323275360568,0.0024141415987709316,0.19011346897996884
1790884426.556,2026-10-01T15:53:46,1100,23.029294503691553,v1_smooth,0.1178,0.1178,5.1075,0.1178,0.6017,1,,1100,8.3,,246.61052897322406,252.69627611581313,True,0.1139339900623701,0.0016431401372267386,0.023299133980315422,v1_smooth_20261001,Plain,1,0.035362851737340405,0.9127052048160065,0.002492442339187189,-2.408324822246255
1790884427.612,2026-10-01T15:53:47,1100,23.029294503691553,v1_smooth,0.1252,0.1252,4.4303,0.1252,0.5547,1,,1100,8.3,,233.4680085714922,240.4044752960715,True,0.10786214959765095,0.0015147911486117199,0.02268831112405888,v1_smooth_20261001,Plain,1,0.037584287245458564,0.9036546537180178,0.0024677268268502653,-2.8853317793009703
1790884428.687,2026-10-01T15:53:48,1100,23.029294503691553,v1_smooth,0.1325,0.1325,3.9607,0.1325,0.5248,1,,1100,8.3,,221.7711271080475,228.72721261707625,True,0.10245819388673512,0.0014331393452162082,0.022597490094533355,v1_smooth_20261001,Plain,1,0.039775703354818365,0.9133239228938465,0.00249413195279418,-3.0412146545388485
1790884429.743,2026-10-01T15:53:49,1100,23.029294503691553,v1_smooth,0.1399,0.1399,3.7246,0.1399,0.5211,1,,1100,8.3,,216.61824964145353,218.21818517300926,True,0.10007756605013828,0.0014230352758997067,0.02297192622942759,v1_smooth_20261001,Plain,1,0.041997138862936524,0.9518971019099531,0.0025994687296959536,-0.7331815770932448
1790884430.799,2026-10-01T15:53:50,1100,23.029294503691553,v1_smooth,0.1473,0.1473,3.4821,0.1473,0.5129,1,,1100,8.3,,208.73782119870157,212.370729340239,True,0.09643681048458332,0.0014006424736307036,0.023464047821250583,v1_smooth_20261001,Plain,1,0.04421857437105468,0.9881468525481216,0.002698460619737561,-1.7106444719682368
1790884431.855,2026-10-01T15:53:51,1100,23.029294503691553,v1_smooth,0.1546,0.1546,2.9514,0.1546,0.4563,1,,1100,8.3,,201.82936813573633,207.74346776708512,True,0.09324510725155674,0.001246077521383681,0.021589246759368862,v1_smooth_20261001,Plain,1,0.04640999048041448,0.9775285815447537,0.002669463931564743,-2.8468282035127412
1790884432.911,2026-10-01T15:53:52,1100,23.029294503691553,v1_smooth,0.162,0.162,2.7084,0.162,0.4388,1,,1100,8.3,,199.79776951115582,197.4948405467444,True,0.0923065092992819,0.001198288004346174,0.02097236296468994,v1_smooth_20261001,Plain,1,0.048631425988532644,1.0088020622970177,0.0027548664767780267,1.1660704441878167
1790884443.047,2026-10-01T15:54:03,1200,25.161419196062347,v1_smooth,0.0044,0.0044,12.3094,0.0044,0.0542,1,,1200,9.1,,390.9091868884616,395.45423813840443,True,0.16529627613649694,0.0001134828882895215,0.001324020750329725,v1_smooth_20261001,Plain,1,0.0013208535453675533,0.05590029365224407,0.00011704292951824836,-1.1493241977475366
1790884444.103,2026-10-01T15:54:04,1200,25.161419196062347,v1_smooth,0.0088,0.0088,11.9439,0.0088,0.1051,1,,1200,9.0,,385.4680572254665,389.22744764058734,True,0.16299548991443885,0.000220056301830788,0.002603668585048156,v1_smooth_20261001,Plain,1,0.0026417070907351066,0.10927009838197378,0.0002287875713665416,-0.9658595348065679
1790884445.16,2026-10-01T15:54:05,1200,25.161419196062347,v1_smooth,0.0176,0.0176,11.3392,0.0176,0.1996,1,,1200,9.1,,378.8569266808622,381.71415228478054,True,0.16019996784248725,0.0004179185332580903,0.005031027451885892,v1_smooth_20261001,Plain,1,0.005283414181470213,0.2110182410738901,0.00044182582064279685,-0.7485249333345823
1790884446.217,2026-10-01T15:54:06,1200,25.161419196062347,v1_smooth,0.0264,0.0264,10.7145,0.0264,0.2829,1,,1200,9.1,,366.60143684756576,374.46095568018904,True,0.15501772373152797,0.0005923304261458603,0.007369027320984351,v1_smooth_20261001,Plain,1,0.00792512127220532,0.30464442807574904,0.0006378584796927195,-2.0988887395073985
1790884447.273,2026-10-01T15:54:07,1200,25.161419196062347,v1_smooth,0.0352,0.0352,10.6219,0.0352,0.3739,1,,1200,9.1,,366.10130040543254,363.55990438818253,True,0.15480624061929207,0.0007828644267795588,0.009752715954216803,v1_smooth_20261001,Plain,1,0.010566828362940426,0.4090486593875505,0.0008564579948017697,0.6990308850275406
1790884448.354,2026-10-01T15:54:08,1200,25.161419196062347,v1_smooth,0.0439,0.0439,10.2497,0.0439,0.45,1,,1200,9.1,,359.50244340032214,359.9999318655364,True,0.15201590842376553,0.0009422011020347726,0.011953141188239622,v1_smooth_20261001,Plain,1,0.01317851605491718,0.5014263462719242,0.0010498765689926142,-0.1381912664917051
1790884449.41,2026-10-01T15:54:09,1200,25.161419196062347,v1_smooth,0.0527,0.0527,9.8199,0.0527,0.5175,1,,1200,9.1,,355.73769369703996,351.6393876557174,True,0.15042398086767028,0.0010835312673399885,0.013891586611600245,v1_smooth_20261001,Plain,1,0.015820223145652283,0.5884516884273614,0.0012320885096232946,1.1654854903043743
1790884450.466,2026-10-01T15:54:10,1200,25.161419196062347,v1_smooth,0.0615,0.0615,9.6221,0.0615,0.5918,1,,1200,9.1,,354.09815869287513,356.5577267680908,True,0.1497307021219313,0.0012390991381870632,0.01595962469889209,v1_smooth_20261001,Plain,1,0.01846193023638739,0.6853550748927412,0.001434982904109033,-0.6898092203777684
1790884451.521,2026-10-01T15:54:11,1200,25.161419196062347,v1_smooth,0.0703,0.0703,9.2385,0.0703,0.6495,1,,1200,9.1,,348.46879517928073,350.4968822716876,True,0.14735032105894713,0.0013599102572701884,0.01779863281330602,v1_smooth_20261001,Plain,1,0.021103637327122497,0.7687365056680635,0.0016095652951440215,-0.57863199217697
1790884452.603,2026-10-01T15:54:12,1200,25.161419196062347,v1_smooth,0.0791,0.0791,8.8133,0.0791,0.6971,1,,1200,9.1,,342.37655294598426,345.23757246566333,True,0.1447742113427722,0.0014595741960632001,0.019442962996393746,v1_smooth_20261001,Plain,1,0.023745344417857604,0.8450959807533286,0.001769445254202096,-0.8287103571160803
1790884453.66,2026-10-01T15:54:13,1200,25.161419196062347,v1_smooth,0.0879,0.0879,8.5091,0.0879,0.7479,1,,1200,9.1,,334.30643182912263,333.92549355041297,True,0.14136175388889213,0.0015659382315817922,0.02136339069885509,v1_smooth_20261001,Plain,1,0.026387051508592715,0.927733500148536,0.0019424700582989498,0.11407882478795539
1790884454.717,2026-10-01T15:54:14,1200,25.161419196062347,v1_smooth,0.0967,0.0967,8.044,0.0967,0.7779,1,,1200,9.1,,326.0090856327224,330.98355695636883,True,0.1378532141203663,0.0016287516383841104,0.02278586131872367,v1_smooth_20261001,Plain,1,0.029028758599327815,0.992649063853686,0.0020783889819927298,-1.5029360882426457
1790884455.774,2026-10-01T15:54:15,1200,25.161419196062347,v1_smooth,0.1055,0.1055,7.7446,0.1055,0.8171,1,,1200,9.1,,320.79222186600873,326.5309705778009,True,0.13564725891984233,0.0017108278232724728,0.024323314931502214,v1_smooth_20261001,Plain,1,0.031670465690062925,1.0698426718687786,0.0022400154320857527,-1.7574898643266001
1790884456.828,2026-10-01T15:54:16,1200,25.161419196062347,v1_smooth,0.1143,0.1143,7.1826,0.1143,0.821,1,,1200,9.1,,313.0434123666191,315.2173062609336,True,0.13237066835174785,0.0017189935661567738,0.02504436185842819,v1_smooth_20261001,Plain,1,0.03431217278079803,1.1148143241938138,0.002334176188487915,-0.6896492835691381
1790884457.881,2026-10-01T15:54:17,1200,25.161419196062347,v1_smooth,0.1231,0.1231,7.0908,0.1231,0.8729,1,,1200,9.0,,310.1085694832818,310.8694339133308,True,0.1311296675875479,0.0018276607599247846,0.02687955706410849,v1_smooth_20261001,Plain,1,0.03695387987153314,1.2108640208287915,0.002535283144086985,-0.2447536962611463
1790884458.943,2026-10-01T15:54:18,1200,25.161419196062347,v1_smooth,0.1318,0.1318,6.748,0.1318,0.8894,1,,1200,9.0,,302.9690601917878,304.2257760735197,True,0.12811072012120808,0.0018622081336660595,0.02803304198052272,v1_smooth_20261001,Plain,1,0.03956556756350989,1.274037792748578,0.002667555138581465,-0.4130865891614044
1790884459.996,2026-10-01T15:54:19,1200,25.161419196062347,v1_smooth,0.1406,0.1406,6.0687,0.1406,0.8533,1,,1200,9.0,,294.309467011135,295.55472958362543,True,0.124449003912867,0.0017866226674806032,0.027686553406420216,v1_smooth_20261001,Plain,1,0.042207274654244994,1.2882086002271915,0.0026972256950771817,-0.42133061928826265
1790884461.049,2026-10-01T15:54:21,1200,25.161419196062347,v1_smooth,0.1494,0.1494,5.5418,0.1494,0.8279,1,,1200,9.1,,281.5788171237955,285.5168657630202,True,0.11906583797623434,0.001733440649721307,0.028076908355187155,v1_smooth_20261001,Plain,1,0.0448489817449801,1.3161574520157477,0.0027557444483122576,-1.3792700577251682
1790884462.114,2026-10-01T15:54:22,1200,25.161419196062347,v1_smooth,0.1582,0.1582,5.2612,0.1582,0.8323,1,,1200,9.1,,277.5191661775352,282.23692011977164,True,0.1173492111832644,0.0017426532827189806,0.028639029360006917,v1_smooth_20261001,Plain,1,0.04749068883571521,1.3769843481142465,0.002883102600617502,-1.671558044296384
1790884463.17,2026-10-01T15:54:23,1200,25.161419196062347,v1_smooth,0.167,0.167,4.7551,0.167,0.7941,1,,1200,9.1,,267.7484618847643,275.0814464245991,True,0.11321766071323991,0.001662670878057362,0.028321717948169272,v1_smooth_20261001,Plain,1,0.05013239592645032,1.3982892885226874,0.0029277104635766537,-2.6657503205490762
1790884464.247,2026-10-01T15:54:24,1200,25.161419196062347,v1_smooth,0.1758,0.1758,4.2739,0.1758,0.7514,1,,1201,9.0,,252.8114765505279,263.31406875949597,True,0.10690154399030591,0.0015732664623753958,0.02838218245571188,v1_smooth_20261001,Plain,1,0.05277410301718543,1.418172273241071,0.0029693410638286575,-3.9886179490701057
1790884465.303,2026-10-01T15:54:25,1200,25.161419196062347,v1_smooth,0.1846,0.1846,3.6408,0.1846,0.6721,1,,1200,9.1,,239.1917111033763,240.65291747559172,True,0.10114241479667797,0.0014072296903946016,0.02683237728229613,v1_smooth_20261001,Plain,1,0.05541581010792052,1.4045333022693975,0.002940784056095033,-0.6071841503287101
1790884466.359,2026-10-01T15:54:26,1200,25.161419196062347,v1_smooth,0.1934,0.1934,3.5199,0.1934,0.6807,1,,1200,9.1,,255.47242516979622,242.51713071421364,True,0.10802672833620645,0.0014252362003445993,0.025443866129344163,v1_smooth_20261001,Plain,1,0.05805751719865563,1.4818723756076664,0.0031027150786053993,5.3420120951576555
1790884474.284,2026-10-01T15:54:34,1300,27.293543888433145,v1_smooth,0.0052,0.0052,14.0402,0.0052,0.073,1,,1300,9.8,,445.8337127684558,446.87490023099485,True,0.173794209263192,0.00011975111480324171,0.001563584427955856,v1_smooth_20261001,Plain,1,0.001561008735434381,0.07509211269651417,0.0001231830713470991,-0.23299305062800535
1790884475.34,2026-10-01T15:54:35,1300,27.293543888433145,v1_smooth,0.0103,0.0103,13.6197,0.0103,0.1403,1,,1300,9.8,,438.9061577363236,442.0410857720185,True,0.17109372046107676,0.00023015180009444951,0.0030525119944943917,v1_smooth_20261001,Plain,1,0.0030919980721104087,0.14548795983518092,0.00023866226548920782,-0.7091938140138643
1790884476.396,2026-10-01T15:54:36,1300,27.293543888433145,v1_smooth,0.0207,0.0207,12.9272,0.0207,0.2676,1,,1300,9.9,,427.00174593931024,431.9997528075248,True,0.16645316104227875,0.00043897805919654087,0.005984499573092306,v1_smooth_20261001,Plain,1,0.006214015542979171,0.28230470620731435,0.00046310004496613046,-1.1569466963193942
1790884477.452,2026-10-01T15:54:37,1300,27.293543888433145,v1_smooth,0.031,0.031,12.4676,0.031,0.3865,1,,1300,9.9,,425.4941904041516,426.47087974103215,True,0.16586548807217896,0.0006340247379651086,0.008674156342288433,v1_smooth_20261001,Plain,1,0.00930601361508958,0.4148672247630899,0.0006805590775439324,-0.2290166534872573
1790884478.527,2026-10-01T15:54:38,1300,27.293543888433145,v1_smooth,0.0414,0.0414,12.0229,0.0414,0.4977,1,,1300,9.8,,418.4531449410656,427.78807643733217,True,0.1631207586055701,0.0008164401347612795,0.011357746902056478,v1_smooth_20261001,Plain,1,0.012428031085958342,0.5441408071249499,0.0008926228529198423,-2.182139243807102
1790884479.584,2026-10-01T15:54:39,1300,27.293543888433145,v1_smooth,0.0517,0.0517,11.6988,0.0517,0.6048,1,,1300,9.9,,415.7379057721073,423.5085045116534,True,0.1620623082667671,0.0009921297840137066,0.013891960523043033,v1_smooth_20261001,Plain,1,0.015520029158068752,0.6733778844013203,0.00110462674439598,-1.8348152768517312
1790884480.639,2026-10-01T15:54:40,1300,27.293543888433145,v1_smooth,0.0621,0.0621,11.2934,0.0621,0.7013,1,,1300,9.9,,407.54706897836286,407.54769378189053,True,0.15886936891964337,0.0011504309152262113,0.01643226563304353,v1_smooth_20261001,Plain,1,0.018642046628937512,0.7965083027529071,0.0013066131123931313,-0.0001533080758897576
1790884481.695,2026-10-01T15:54:41,1300,27.293543888433145,v1_smooth,0.0724,0.0724,10.892,0.0724,0.7886,1,,1300,9.9,,401.4475647362815,401.8864251867967,True,0.15649166959747354,0.0012936401251210468,0.018758552669968485,v1_smooth_20261001,Plain,1,0.021734044701047922,0.914419938749872,0.0015000384529261532,-0.10920011799633311
1790884482.749,2026-10-01T15:54:42,1300,27.293543888433145,v1_smooth,0.0827,0.0827,10.5185,0.0827,0.8699,1,,1299,9.9,,398.14784058027044,394.44516853004075,True,0.15520537622383082,0.001427006777634794,0.02086394111200417,v1_smooth_20261001,Plain,1,0.02482604277315833,1.030548384158534,0.00169053860084471,0.9387038670110259
1790884483.833,2026-10-01T15:54:43,1300,27.293543888433145,v1_smooth,0.0931,0.0931,9.9533,0.0931,0.9267,1,,1300,9.9,,385.0237221353268,390.59359253975003,True,0.15008935264353232,0.0015201829875090972,0.0229838647258343,v1_smooth_20261001,Plain,1,0.027948060244027094,1.126793387808745,0.0018484214293564205,-1.4260014784693076
1790884484.889,2026-10-01T15:54:44,1300,27.293543888433145,v1_smooth,0.1034,0.1034,9.4812,0.1034,0.9804,1,,1300,9.9,,377.3166800594822,382.6173098710626,True,0.14708500540605637,0.0016082738760698381,0.024812394646750724,v1_smooth_20261001,Plain,1,0.031040058316137504,1.223796391938002,0.0020075477017364473,-1.385360691957882
1790884485.944,2026-10-01T15:54:45,1300,27.293543888433145,v1_smooth,0.1138,0.1138,9.0436,0.1138,1.0292,1,,1300,9.9,,372.4138359935637,372.41352210075434,True,0.1451737863053609,0.0016883266761026899,0.026390362268872786,v1_smooth_20261001,Plain,1,0.034162075787006266,1.3205982315779397,0.0021663439786116143,8.428609348243299e-05
1790884486.996,2026-10-01T15:54:46,1300,27.293543888433145,v1_smooth,0.1241,0.1241,8.7118,0.1241,1.0811,1,,1300,9.9,,367.79637695225347,371.65068633274814,True,0.14337381555414397,0.0017734647974491043,0.028069184977151333,v1_smooth_20261001,Plain,1,0.03725407385911667,1.4242757944277908,0.00233641937219179,-1.0370785046913134
1790884488.053,2026-10-01T15:54:48,1300,27.293543888433145,v1_smooth,0.1345,0.1345,8.5136,0.1345,1.1451,1,,1300,9.9,,366.10202778290386,366.10151949589635,True,0.14271332697809094,0.0018784520761807135,0.02986844838389173,v1_smooth_20261001,Plain,1,0.04037609132998544,1.5448344700574557,0.0025341869859706228,0.00013883772134182237
1790884489.11,2026-10-01T15:54:49,1300,27.293543888433145,v1_smooth,0.1448,0.1448,7.9433,0.1448,1.1502,1,,1299,9.9,,355.42501634786277,360.53159468518743,True,0.1385512308725173,0.0018868182499546385,0.03090272329595386,v1_smooth_20261001,Plain,1,0.043468089402095844,1.6101865916279017,0.0026413923203927854,-1.416402449217713
1790884490.166,2026-10-01T15:54:50,1300,27.293543888433145,v1_smooth,0.1551,0.1551,7.6909,0.1551,1.1929,1,,1300,9.9,,351.76862787673144,355.2097344787967,True,0.1371259031664689,0.0019568644499833843,0.03238309216378197,v1_smooth_20261001,Plain,1,0.04656008747420625,1.7173555226100445,0.002817195045836392,-0.9687534625464123
1790884491.223,2026-10-01T15:54:51,1300,27.293543888433145,v1_smooth,0.1655,0.1655,7.2626,0.1655,1.202,1,,1300,9.8,,343.4428432798313,348.3871019567516,True,0.13388035867516343,0.001971792328678035,0.033421149167563835,v1_smooth_20261001,Plain,1,0.049682104945075016,1.7958287835383338,0.0029459246414310263,-1.4191853398562548
1790884492.278,2026-10-01T15:54:52,1300,27.293543888433145,v1_smooth,0.1758,0.1758,7.2276,0.1758,1.2706,1,,1300,9.9,,346.5590094499021,342.066546158685,True,0.1350950977582561,0.0020843255680684783,0.03501088100642123,v1_smooth_20261001,Plain,1,0.05277410301718543,1.9373722732410712,0.0031781162946508067,1.3133302106465017
1790884493.335,2026-10-01T15:54:53,1300,27.293543888433145,v1_smooth,0.1862,0.1862,6.6112,0.1862,1.231,1,,1300,9.9,,332.2510024986059,337.0756628528966,True,0.12951757258908117,0.0020193646893532954,0.03538043228873843,v1_smooth_20261001,Plain,1,0.05589612048805419,1.9757023701590872,0.0032409939910405154,-1.4313285965104616
1790884494.414,2026-10-01T15:54:54,1300,27.293543888433145,v1_smooth,0.1965,0.1965,6.1874,0.1965,1.2158,1,,1300,9.9,,327.27271814287633,327.27263456556557,True,0.1275769454711389,0.0019944302106545382,0.035475107288347296,v1_smooth_20261001,Plain,1,0.058988118560164594,2.041920418582419,0.0033496198145855707,2.5537518855145436e-05
1790884495.471,2026-10-01T15:54:55,1300,27.293543888433145,v1_smooth,0.2069,0.2069,5.4578,0.2069,1.1292,1,,1300,9.9,,313.2192570761845,319.31362287292586,True,0.12209864698552117,0.0018523692991208294,0.03442657327336461,v1_smooth_20261001,Plain,1,0.06211013603103335,2.041807351490162,0.0033494343363616613,-1.9085830857791808
1790884496.522,2026-10-01T15:54:56,1300,27.293543888433145,v1_smooth,0.2172,0.2172,5.2788,0.2172,1.1466,1,,1300,9.8,,308.8496329348118,312.55396119187253,True,0.12039528685218458,0.0018809127155259857,0.035451631788926435,v1_smooth_20261001,Plain,1,0.06520213410314377,2.1490999586340886,0.0035254399434251063,-1.1851803902708236
1790884497.576,2026-10-01T15:54:57,1300,27.293543888433145,v1_smooth,0.2275,0.2275,4.7607,0.2275,1.0831,1,,1300,9.9,,297.03484361696155,295.8900441366154,True,0.11578966392978034,0.001776745649909467,0.03482030258075522,v1_smooth_20261001,Plain,1,0.06829413217525418,2.179709375189713,0.003575652433233501,0.38690030402563913
1790884498.777,2026-10-01T15:54:58,1300,27.293543888433145,v1_smooth,0.2379,0.2379,4.1882,0.2379,0.9964,1,,1300,9.9,,284.1935733056971,290.16453402553,True,0.11078389977205691,0.0016345206957527403,0.03348041620762129,v1_smooth_20261001,Plain,1,0.07141614964612293,2.1923108933960798,0.0035963242942393336,-2.0577844704161907
1790884499.83,2026-10-01T15:54:59,1300,27.293543888433145,v1_smooth,0.2482,0.2482,3.496,0.2482,0.8677,1,,1300,9.9,,289.8583322116792,269.72957126063193,True,0.1129921273388293,0.0014233978399283951,0.02858611854979959,v1_smooth_20261001,Plain,1,0.07450814771823334,2.166194868672298,0.0035534828822543765,7.462571069598245
1790884509.914,2026-10-01T15:55:09,1400,29.42566858080394,v1_smooth,0.006,0.006,16.1628,0.006,0.097,1,,1400,10.4,,508.82468135218915,517.8576019146021,True,0.18397726399269373,0.00012697821288460684,0.001820434036991405,v1_smooth_20261001,Plain,1,0.001801163925501209,0.09950937012351108,0.00013026311323253943,-1.744286562370978
1790884510.969,2026-10-01T15:55:10,1400,29.42566858080394,v1_smooth,0.012,0.012,15.6342,0.012,0.1876,1,,1400,10.4,,505.2004347009188,512.7906465445903,True,0.18266683427618813,0.00024557848182631174,0.0035460144457376015,v1_smooth_20261001,Plain,1,0.003602327851002418,0.19404964927540452,0.0002540214193389238,-1.4801775139265394
1790884512.025,2026-10-01T15:55:12,1400,29.42566858080394,v1_smooth,0.024,0.024,15.1234,0.024,0.363,1,,1400,10.5,,497.53847414992833,503.2752734945234,True,0.17989647625179922,0.00047518650801146677,0.006967088658749466,v1_smooth_20261001,Plain,1,0.007204655702004836,0.3816229346643386,0.0004995649303036783,-1.1398929466097663
1790884513.081,2026-10-01T15:55:13,1400,29.42566858080394,v1_smooth,0.0361,0.0361,14.2188,0.0361,0.5133,1,,1400,10.5,,482.2223663330078,488.2402022639326,True,0.17435858527590184,0.0006719372852955534,0.01016471710886853,v1_smooth_20261001,Plain,1,0.010837002951765607,0.5499930444004942,0.000719970452339577,-1.2325564144493928
1790884514.266,2026-10-01T15:55:14,1400,29.42566858080394,v1_smooth,0.0481,0.0481,13.8004,0.0481,0.6638,1,,1400,10.4,,473.3325958251953,473.3342170715332,True,0.17114428432807058,0.0008689498733278557,0.013391900598802145,v1_smooth_20261001,Plain,1,0.014439330802768024,0.7241612989841001,0.0009479660575793451,-0.0003425161924530684
1790884515.319,2026-10-01T15:55:15,1400,29.42566858080394,v1_smooth,0.0601,0.0601,13.194,0.0601,0.793,1,,1401,10.3,,465.95717812510884,471.09530231424515,True,0.1684775324604936,0.0010380796166751878,0.016251691245067913,v1_smooth_20261001,Plain,1,0.018041658653770443,0.8827531896812358,0.0011555713654011306,-1.0906761676237053
1790884516.374,2026-10-01T15:55:16,1400,29.42566858080394,v1_smooth,0.0721,0.0721,12.5853,0.0721,0.9074,1,,1400,10.4,,456.9038843362023,459.5746955322511,True,0.16520410591015652,0.001187835364654559,0.01896467073000234,v1_smooth_20261001,Plain,1,0.02164398650477286,1.0322687164919007,0.0013512952251219423,-0.5811484448584925
1790884517.431,2026-10-01T15:55:17,1400,29.42566858080394,v1_smooth,0.0842,0.0842,12.091,0.0842,1.0181,1,,1400,10.4,,447.2473679276618,447.87898163621094,True,0.16171257035055547,0.0013327476137919402,0.021737721786400738,v1_smooth_20261001,Plain,1,0.02527633375453363,1.1841722529949685,0.0015501451178643259,-0.14102329746346065
1790884518.487,2026-10-01T15:55:18,1400,29.42566858080394,v1_smooth,0.0962,0.0962,11.6281,0.0962,1.1186,1,,1400,10.3,,440.8165481677088,445.1584116633626,True,0.1593873595893122,0.0014643075147703216,0.024231946838102224,v1_smooth_20261001,Plain,1,0.02887866160553605,1.3312827490003054,0.0017427206630120141,-0.9753524547430503
1790884519.575,2026-10-01T15:55:19,1400,29.42566858080394,v1_smooth,0.1082,0.1082,11.3119,0.1082,1.2239,1,,1401,10.3,,440.8162207438181,439.5978984323847,True,0.15938724120167538,0.0016021508737058792,0.02651305360607954,v1_smooth_20261001,Plain,1,0.03248098945653847,1.4889168811191718,0.0019490722133838662,0.2771447078746325
1790884520.629,2026-10-01T15:55:20,1400,29.42566858080394,v1_smooth,0.1202,0.1202,10.7975,0.1202,1.2979,1,,1400,10.4,,430.0001888272618,434.99998951966745,True,0.15547645614703226,0.0016990208505456826,0.028823317664442114,v1_smooth_20261001,Plain,1,0.036083317307540885,1.620974649351568,0.0021219429289269518,-1.1493794972102123
1790884521.685,2026-10-01T15:55:21,1400,29.42566858080394,v1_smooth,0.1322,0.1322,10.3431,0.1322,1.3674,1,,1400,10.4,,423.46560175978993,426.6065847087475,True,0.15311372592962094,0.0017900000855506327,0.030835345531650578,v1_smooth_20261001,Plain,1,0.03968564515854331,1.7542560536974936,0.002296415449902171,-0.7362715582793888
1790884522.74,2026-10-01T15:55:22,1400,29.42566858080394,v1_smooth,0.1443,0.1443,9.6269,0.1443,1.3892,1,,1400,10.3,,413.46139223280716,415.38459666106746,True,0.1494964739278259,0.0018185374571061423,0.03208493722946218,v1_smooth_20261001,Plain,1,0.04331799240830408,1.8461643500486158,0.002416728349076752,-0.4629936795247924
1790884523.795,2026-10-01T15:55:23,1400,29.42566858080394,v1_smooth,0.1563,0.1563,9.7445,0.1563,1.5231,1,,1400,10.4,,415.3843559791767,418.2693194031003,True,0.15019176568897638,0.001993819753036543,0.035014639863146575,v1_smooth_20261001,Plain,1,0.046920320259306494,2.0553407235892127,0.0026905514634052875,-0.6897382356517712
1790884524.848,2026-10-01T15:55:24,1400,29.42566858080394,v1_smooth,0.1683,0.1683,8.9764,0.1683,1.5107,1,,1400,10.4,,400.90215168008854,407.44709413642113,True,0.1449553917056057,0.0019775874866471703,0.03598414798044616,v1_smooth_20261001,Plain,1,0.05052264811030891,2.12394073324334,0.0027803525626810387,-1.6063293984718507
1790884525.905,2026-10-01T15:55:25,1400,29.42566858080394,v1_smooth,0.1803,0.1803,8.4718,0.1803,1.5275,1,,1401,10.4,,391.8078581624286,397.2220279553653,True,0.14166714076054696,0.001999579589497288,0.037228836100385666,v1_smooth_20261001,Plain,1,0.05412497596131133,2.2274643790109967,0.002915870578463267,-1.3630084466375814
1790884526.963,2026-10-01T15:55:26,1400,29.42566858080394,v1_smooth,0.1923,0.1923,8.2103,0.1923,1.5788,1,,1400,10.4,,389.82977598986963,390.0002586003893,True,0.14095191966495663,0.002066734046414611,0.03867439169038962,v1_smooth_20261001,Plain,1,0.057727303812313745,2.371211660892183,0.003104043495579688,-0.0437134608914147
1790884528.02,2026-10-01T15:55:28,1400,29.42566858080394,v1_smooth,0.2044,0.2044,7.5899,0.2044,1.5514,1,,1400,10.4,,381.5397001334304,383.03593604556454,True,0.13795445210833882,0.002030865973909062,0.038828931085244926,v1_smooth_20261001,Plain,1,0.06135965106207452,2.442824717091359,0.0031977888347072786,-0.390625466524408
1790884529.072,2026-10-01T15:55:29,1400,29.42566858080394,v1_smooth,0.2164,0.2164,7.1826,0.2164,1.5543,1,,1400,10.4,,370.8805711801688,375.84125696511137,True,0.13410039892806663,0.0020346622297581895,0.04001954493230572,v1_smooth_20261001,Plain,1,0.06496197891307694,2.5496669681672173,0.003337651083183371,-1.3198885681151018
1790884530.158,2026-10-01T15:55:30,1400,29.42566858080394,v1_smooth,0.2284,0.2284,6.7578,0.2284,1.5435,1,,1401,10.3,,364.40689554844994,364.61572686730506,True,0.1317596926409134,0.002020524449354543,0.04044747632329244,v1_smooth_20261001,Plain,1,0.06856430676407935,2.648532855356605,0.003467071842673676,-0.05727435858275953
1790884531.215,2026-10-01T15:55:31,1400,29.42566858080394,v1_smooth,0.2404,0.2404,6.1523,0.2404,1.479,1,,1400,10.4,,355.30182947338744,362.88324971475276,True,0.12846754663001023,0.0019360904830549846,0.03975045574887099,v1_smooth_20261001,Plain,1,0.07216663461508177,2.699422378659522,0.003533688963535057,-2.089217467966553
1790884532.269,2026-10-01T15:55:32,1400,29.42566858080394,v1_smooth,0.2525,0.2525,5.9512,0.2525,1.5027,1,,1400,10.4,,354.09833066930787,351.63969921113676,True,0.12803239396287813,0.001967115056718543,0.04052469818744406,v1_smooth_20261001,Plain,1,0.07579898186484255,2.8452688616256103,0.003724609847684945,0.6991905247577979
1790884533.324,2026-10-01T15:55:33,1400,29.42566858080394,v1_smooth,0.2645,0.2645,5.4142,0.2645,1.4321,1,,1401,10.4,,342.85704554340555,345.88770644614897,True,0.1239678488316765,0.0018746958625984066,0.03988702527153661,v1_smooth_20261001,Plain,1,0.07940130971584497,2.9015533541231995,0.0037982892731536146,-0.8761979238528617
1790884534.377,2026-10-01T15:55:34,1400,29.42566858080394,v1_smooth,0.2765,0.2765,4.8757,0.2765,1.3481,1,,1400,10.4,,332.82410356293894,338.88641262924466,True,0.12034020795062011,0.0017647353483478193,0.03867931014947243,v1_smooth_20261001,Plain,1,0.0830036375668474,2.950161482734318,0.00386191992575882,-1.7888911565593246
1790884535.434,2026-10-01T15:55:35,1400,29.42566858080394,v1_smooth,0.2885,0.2885,4.3952,0.2885,1.268,1,,1401,10.4,,325.01081280902326,327.2725676698201,True,0.11751513301151774,0.0016598801436874377,0.037255708404835046,v1_smooth_20261001,Plain,1,0.08660596541784979,3.0083932474589656,0.003938148435221218,-0.6910921000499726
1790884536.486,2026-10-01T15:55:36,1400,29.42566858080394,v1_smooth,0.3005,0.3005,3.9216,0.3005,1.1784,1,,1400,10.4,,314.49279148162077,315.1538109317812,True,0.11371210053815207,0.001542588928486811,0.03578107798069195,v1_smooth_20261001,Plain,1,0.09020829326885221,3.0628486482971438,0.004009433481410361,-0.20974502837394216
1790884537.569,2026-10-01T15:55:37,1400,29.42566858080394,v1_smooth,0.3126,0.3126,3.4113,0.3126,1.0664,1,,1400,10.4,,345.0643645057653,309.1813742755562,True,0.12476595575993113,0.001395974909486028,0.029511508362729495,v1_smooth_20261001,Plain,1,0.09384064051861299,3.101899891111286,0.004060553656909976,11.60580591708884
1790884545.511,2026-10-01T15:55:45,1500,31.557793273174738,v1_smooth,0.0069,0.0069,18.0083,0.0069,0.1243,1,,1500,10.9,,566.6531081235689,564.4740408462212,True,0.19104381156863123,0.00013191304390392967,0.002094716412144895,v1_smooth_20261001,Plain,1,0.0020713385143263903,0.12730919154573572,0.00013510654041630274,0.38603498472329356
1790884546.566,2026-10-01T15:55:46,1500,31.557793273174738,v1_smooth,0.0138,0.0138,17.3971,0.0138,0.2401,1,,1500,11.0,,558.9745028367588,560.7799137841084,True,0.18845501429479128,0.00025480548544918355,0.004101772260713335,v1_smooth_20261001,Plain,1,0.004142677028652781,0.24801076028150715,0.00026320075872615797,-0.3219464361993274
1790884547.649,2026-10-01T15:55:47,1500,31.557793273174738,v1_smooth,0.0277,0.0277,16.8314,0.0277,0.4662,1,,1499,11.1,,557.5078871140477,553.8455190080754,True,0.18796055330312558,0.00049475350818996,0.007985325716577332,v1_smooth_20261001,Plain,1,0.008315373456063915,0.48973082967952014,0.000519725538508628,0.6612616659843251
1790884548.705,2026-10-01T15:55:48,1500,31.557793273174738,v1_smooth,0.0415,0.0415,16.3582,0.0415,0.6789,1,,1500,11.0,,548.10704611657,549.9998899604179,True,0.18479111424003455,0.000720480816624118,0.01182801333761083,v1_smooth_20261001,Plain,1,0.012458050484716696,0.7255354589940676,0.0007699725732593903,-0.3441534950096359
1790884549.758,2026-10-01T15:55:49,1500,31.557793273174738,v1_smooth,0.0553,0.0553,15.4879,0.0553,0.8565,1,,1500,11.0,,535.7992613652641,538.8004553102064,True,0.18064161593649217,0.0009089583435536266,0.015264994029017051,v1_smooth_20261001,Plain,1,0.016600727513369478,0.933809597068758,0.0009910029475144165,-0.5570139956942777
1790884550.813,2026-10-01T15:55:50,1500,31.557793273174738,v1_smooth,0.0691,0.0691,15.1606,0.0691,1.0476,1,,1499,11.0,,529.9143085392188,533.1770419589589,True,0.17865753819532834,0.001111762709523385,0.0188782279356848,v1_smooth_20261001,Plain,1,0.020743404542022253,1.1631532439035912,0.0012343932818186054,-0.6119418435107993
1790884551.869,2026-10-01T15:55:51,1500,31.557793273174738,v1_smooth,0.083,0.083,14.1425,0.083,1.1738,1,,1501,11.0,,511.6803909548935,515.9358457770395,True,0.17251007854991482,0.0012456921233663127,0.02190618309831638,v1_smooth_20261001,Plain,1,0.02491610096943339,1.3355260033806788,0.0014173234136668964,-0.8248030946050977
1790884552.955,2026-10-01T15:55:52,1500,31.557793273174738,v1_smooth,0.0968,0.0968,13.6531,0.0968,1.3216,1,,1499,11.0,,508.8853608538557,502.9511670884176,True,0.17156775034894625,0.0014025444796736404,0.024799987066319463,v1_smooth_20261001,Plain,1,0.02905877799808617,1.5367635192485525,0.0016308861913482847,1.1798747380965535
1790884554.011,2026-10-01T15:55:54,1500,31.557793273174738,v1_smooth,0.1106,0.1106,12.9774,0.1106,1.4353,1,,1500,11.0,,493.18210113144687,498.58544435537624,True,0.16627348733615618,0.001523208301812633,0.027791165489874058,v1_smooth_20261001,Plain,1,0.033201455026738956,1.7114705438765687,0.0018162935558702512,-1.0837346507207801
1790884555.062,2026-10-01T15:55:55,1500,31.557793273174738,v1_smooth,0.1244,0.1244,12.2822,0.1244,1.5279,1,,1500,11.0,,482.22217559814453,488.5579996056208,True,0.16257841195692813,0.0016214798051553834,0.030256531099816464,v1_smooth_20261001,Plain,1,0.03734413205539173,1.872647077264728,0.001987341722604889,-1.2968417286362666
1790884556.118,2026-10-01T15:55:56,1500,31.557793273174738,v1_smooth,0.1383,0.1383,11.7986,0.1383,1.6317,1,,1500,11.0,,475.764249679105,476.6667366027832,True,0.16040115965792173,0.0017316372786648597,0.03275064750891278,v1_smooth_20261001,Plain,1,0.041516828482802866,2.0531725268208905,0.002178923875083398,-0.18933289327262015
1790884557.172,2026-10-01T15:55:57,1500,31.557793273174738,v1_smooth,0.1521,0.1521,11.3377,0.1521,1.7245,1,,1500,11.0,,471.3407448567068,469.56450176132876,True,0.15890980064188878,0.0018301210314748731,0.034938125212843216,v1_smooth_20261001,Plain,1,0.04565950551145565,2.22974292924209,0.002366308744324928,0.3782745690347866
1790884558.238,2026-10-01T15:55:58,1500,31.557793273174738,v1_smooth,0.1659,0.1659,10.8781,0.1659,1.8047,1,,1501,10.9,,462.12423878805566,465.32376501297676,True,0.1558025090318045,0.0019152330678473201,0.03729216972706873,v1_smooth_20261001,Plain,1,0.049802182540108424,2.4012828404234323,0.0025483550181378055,-0.6875914074218614
1790884559.29,2026-10-01T15:55:59,1500,31.557793273174738,v1_smooth,0.1797,0.1797,10.1551,0.1797,1.8249,1,,1500,11.0,,448.1341803272926,459.57523416366257,True,0.15108584189613375,0.0019366702640408791,0.03888681583309852,v1_smooth_20261001,Plain,1,0.05394485956876121,2.5203922603649174,0.0026747595727807075,-2.489484416450438
1790884560.344,2026-10-01T15:56:00,1500,31.557793273174738,v1_smooth,0.1936,0.1936,9.7371,0.1936,1.8851,1,,1500,11.0,,439.2416271101183,446.8757995622582,True,0.1480877691125721,0.00200055735368703,0.040982862011024634,v1_smooth_20261001,Plain,1,0.05811755599617234,2.687870400000155,0.0028524953023595615,-1.708343226376996
1790884561.398,2026-10-01T15:56:01,1500,31.557793273174738,v1_smooth,0.2074,0.2074,9.127,0.2074,1.8929,1,,1500,10.9,,435.99988998207664,436.288678703977,True,0.14699483622617987,0.0020088350829102855,0.041458412999741796,v1_smooth_20261001,Plain,1,0.062260233024825126,2.8097736889746803,0.0029818648430717898,-0.06619211911668144
1790884562.454,2026-10-01T15:56:02,1500,31.557793273174738,v1_smooth,0.2212,0.2212,8.6091,0.2212,1.9043,1,,1500,11.0,,426.21983590104264,428.67055827584863,True,0.14369754766956147,0.0020209333025442743,0.042665131831207896,v1_smooth_20261001,Plain,1,0.06640291005347791,2.9428464867093487,0.003123087995203665,-0.5717029843763988
1790884563.514,2026-10-01T15:56:03,1500,31.557793273174738,v1_smooth,0.2351,0.2351,8.3464,0.2351,1.9622,1,,1501,11.0,,421.80553821795,427.01770669588086,True,0.14220929278718875,0.002082379523316901,0.044422436555143455,v1_smooth_20261001,Plain,1,0.07057560648088904,3.130952956150763,0.0033227154848419474,-1.2205977401407608
1790884564.568,2026-10-01T15:56:04,1500,31.557793273174738,v1_smooth,0.2489,0.2489,7.9546,0.2489,1.9799,1,,1499,11.0,,416.6379793110764,423.5292416787729,True,0.14046708024847399,0.002101163601169673,0.04537908987779113,v1_smooth_20261001,Plain,1,0.07471828350954182,3.285519622918472,0.003486748948232236,-1.6271042680267245
1790884565.622,2026-10-01T15:56:05,1500,31.557793273174738,v1_smooth,0.2627,0.2627,7.2878,0.2627,1.9145,1,,1500,11.0,,401.8864113857262,410.37787967443364,True,0.13549367460987313,0.0020317580253746853,0.04549078494574685,v1_smooth_20261001,Plain,1,0.0788609605381946,3.364555798446323,0.0035706258789836767,-2.0691827482134273
1790884566.707,2026-10-01T15:56:06,1500,31.557793273174738,v1_smooth,0.2765,0.2765,6.8449,0.2765,1.8926,1,,1501,11.0,,398.79849484350416,402.8473467601316,True,0.13445260144257784,0.002008516708709391,0.04531862319298734,v1_smooth_20261001,Plain,1,0.0830036375668474,3.494661482734318,0.003708700189873726,-1.0050586032624986
1790884567.762,2026-10-01T15:56:07,1500,31.557793273174738,v1_smooth,0.2904,0.2904,6.3639,0.2904,1.8481,1,,1500,11.0,,390.8149959677985,390.04766725809077,True,0.13176101106214336,0.0019612912022433826,0.04515705692404401,v1_smooth_20261001,Plain,1,0.08717633399425852,3.6109206422548072,0.0038320799132370424,0.19672690650909264
1790884568.82,2026-10-01T15:56:08,1500,31.557793273174738,v1_smooth,0.3042,0.3042,5.6139,0.3042,1.7077,1,,1500,11.0,,373.86445743393324,377.84327316694544,True,0.12604623522622857,0.0018122920762247846,0.04361830458827047,v1_smooth_20261001,Plain,1,0.0913190110229113,3.6377201955758425,0.0038605208678134176,-1.0530333647766676
1790884569.872,2026-10-01T15:56:09,1500,31.557793273174738,v1_smooth,0.318,0.318,5.4084,0.318,1.7199,1,,1500,10.9,,375.2340210151715,368.64419931946486,True,0.12650797565082758,0.001825239293727825,0.04376957918951864,v1_smooth_20261001,Plain,1,0.09546168805156408,3.8246892576570195,0.004058941286920343,1.7875831785422847
1790884570.928,2026-10-01T15:56:10,1500,31.557793273174738,v1_smooth,0.3318,0.3318,4.9799,0.3318,1.6523,1,,1500,11.0,,367.79641344471656,373.5882968508008,True,0.12400042936044077,0.0017534989737929448,0.042899555763656075,v1_smooth_20261001,Plain,1,0.09960436508021685,3.9394278284983395,0.004180707289598261,-1.5503385558133131
1790884571.982,2026-10-01T15:56:11,1500,31.557793273174738,v1_smooth,0.3457,0.3457,4.4414,0.3457,1.5354,1,,1500,11.0,,356.5269050873667,358.71237303728094,True,0.12020097992616156,0.0016294391601777447,0.04112449795003509,v1_smooth_20261001,Plain,1,0.10377706150762799,4.013839678097904,0.004259676666776057,-0.6092535731091475
1790884573.039,2026-10-01T15:56:13,1500,31.557793273174738,v1_smooth,0.3595,0.3595,3.9634,0.3595,1.4248,1,,1500,11.0,,400.7445085008385,350.80635393820785,True,0.1351086886697226,0.0015120652047813277,0.03395140166970368,v1_smooth_20261001,Plain,1,0.10791973853628077,4.100772117972265,0.004351933487032068,14.235248022738745
1790884580.412,2026-10-01T15:56:20,1600,33.68991796554553,v1_smooth,0.0079,0.0079,19.5847,0.0079,0.1547,1,,1600,11.8,,620.0002769879347,621.4287760243565,True,0.19580070715115605,0.00013493572509465644,0.0023827024545147427,v1_smooth_20261001,Plain,1,0.0023715325019099255,0.15830230878090099,0.00013807780749521055,-0.22987333247755926
1790884581.47,2026-10-01T15:56:21,1600,33.68991796554553,v1_smooth,0.0158,0.0158,19.0086,0.0158,0.3003,1,,1600,11.8,,613.8888491524085,613.0643357262215,True,0.19387067270389308,0.00026193405459550955,0.004671291502670422,v1_smooth_20261001,Plain,1,0.004743065003819851,0.30998525735239485,0.0002703819358080096,0.1344905221423831
1790884582.545,2026-10-01T15:56:22,1600,33.68991796554553,v1_smooth,0.0315,0.0315,18.2159,0.0315,0.5738,1,,1600,11.8,,597.7954392995343,607.9483904295898,True,0.18878825395889715,0.0005004920430466313,0.009165988932916974,v1_smooth_20261001,Plain,1,0.009456110608881347,0.6029377719963241,0.0005259072104155181,-1.6700350374940887
1790884583.598,2026-10-01T15:56:23,1600,33.68991796554553,v1_smooth,0.0473,0.0473,17.548,0.0473,0.83,1,,1601,11.8,,595.596557353042,598.272784312303,True,0.1880938306561258,0.0007239602574567863,0.013307525149575825,v1_smooth_20261001,Plain,1,0.014199175612701198,0.8886053466661056,0.0007750782596986393,-0.44732553935863395
1790884584.656,2026-10-01T15:56:24,1600,33.68991796554553,v1_smooth,0.063,0.063,17.0455,0.063,1.0739,1,,1600,11.8,,589.4353615314458,591.6661898290613,True,0.18614807910803613,0.0009366999041961963,0.01739798843513411,v1_smooth_20261001,Plain,1,0.018912221217762693,1.171614974087438,0.0010219309376874308,-0.3770417062803677
1790884585.712,2026-10-01T15:56:25,1600,33.68991796554553,v1_smooth,0.0788,0.0788,16.6026,0.0788,1.3083,1,,1601,11.9,,585.782547961071,584.8399231655208,True,0.18499449336506615,0.001141153258832185,0.021327615113002418,v1_smooth_20261001,Plain,1,0.02365528622158254,1.4552648660746057,0.0012693420808568522,0.16117654732736852
1790884586.767,2026-10-01T15:56:26,1600,33.68991796554553,v1_smooth,0.0946,0.0946,15.5846,0.0946,1.4743,1,,1601,11.8,,568.4208604131527,577.6321590085445,True,0.17951154307392306,0.0012859453103235422,0.0247677890388998,v1_smooth_20261001,Plain,1,0.028398351225402397,1.6804373172241456,0.0014657467865272094,-1.5946651258479383
1790884587.836,2026-10-01T15:56:27,1600,33.68991796554553,v1_smooth,0.1103,0.1103,14.8362,0.1103,1.6364,1,,1601,11.8,,553.8459168825057,562.0446841921762,True,0.1749086673077169,0.0014273356208461267,0.028214469866444266,v1_smooth_20261001,Plain,1,0.03311139683046389,1.9111638155778958,0.0016669959614070693,-1.458739409919796
1790884588.893,2026-10-01T15:56:28,1600,33.68991796554553,v1_smooth,0.1261,0.1261,14.2231,0.1261,1.7935,1,,1600,11.8,,545.0000321865673,548.6516342287359,True,0.1721150710092494,0.0015643647249984896,0.031425068650740864,v1_smooth_20261001,Plain,1,0.03785446183428374,2.147218584044822,0.0018728926733988982,-0.6655593120217129
1790884589.949,2026-10-01T15:56:29,1600,33.68991796554553,v1_smooth,0.1418,0.1418,13.6497,0.1418,1.9355,1,,1601,11.8,,534.2880231205754,542.5309492960764,True,0.16873213873005685,0.0016882229859127831,0.03459307104305187,v1_smooth_20261001,Plain,1,0.04256750743934524,2.3775021951759756,0.0020737555437634627,-1.5193467185966147
1790884591.005,2026-10-01T15:56:31,1600,33.68991796554553,v1_smooth,0.1576,0.1576,13.0121,0.1576,2.0507,1,,1600,11.9,,529.2684084622351,526.8293550259386,True,0.16714690701934834,0.0017887051806826889,0.03699964364925868,v1_smooth_20261001,Plain,1,0.04731057244316508,2.5914392809602877,0.0022603603000333,0.4629684001143719
1790884592.061,2026-10-01T15:56:32,1600,33.68991796554553,v1_smooth,0.1733,0.1733,12.4811,0.1733,2.163,1,,1600,11.9,,524.3898510443614,523.5180067964393,True,0.1656062222362095,0.0018866578757578659,0.0393888792342757,v1_smooth_20261001,Plain,1,0.05202361804822659,2.8116800048688444,0.002452463349651743,0.16653567529743007
1790884593.147,2026-10-01T15:56:33,1600,33.68991796554553,v1_smooth,0.1891,0.1891,11.9244,0.1891,2.2549,1,,1600,11.8,,509.1663970020136,521.4283703785668,True,0.1607985420182975,0.0019668168488425394,0.04229012165268584,v1_smooth_20261001,Plain,1,0.056766683052046435,3.022099407970544,0.0026359998378968153,-2.3516122392133743
1790884594.202,2026-10-01T15:56:34,1600,33.68991796554553,v1_smooth,0.2049,0.2049,11.3973,0.2049,2.3353,1,,1600,11.8,,502.32581344323535,505.81365415775963,True,0.15863823476062605,0.0020369450472757025,0.044394438269635586,v1_smooth_20261001,Plain,1,0.06150974805586629,3.2309413702346146,0.002818160417135944,-0.6895505263360135
1790884595.259,2026-10-01T15:56:35,1600,33.68991796554553,v1_smooth,0.2206,0.2206,10.7894,0.2206,2.3801,1,,1600,11.9,,491.52728313001717,496.0020883709831,True,0.15522797842688177,0.002076021456352888,0.046240120504499445,v1_smooth_20261001,Plain,1,0.06622279366092779,3.413198965075589,0.0029771330138642894,-0.902174677462042
1790884596.312,2026-10-01T15:56:36,1600,33.68991796554553,v1_smooth,0.2364,0.2364,10.0794,0.2364,2.3828,1,,1600,11.9,,479.9999237060547,486.1105236531557,True,0.15158755242939254,0.0020783765077928076,0.04740430733463276,v1_smooth_20261001,Plain,1,0.07096585866474764,3.5641232446570466,0.003108775399770641,-1.2570392225166094
1790884597.367,2026-10-01T15:56:37,1600,33.68991796554553,v1_smooth,0.2521,0.2521,9.5002,0.2521,2.395,1,,1600,11.9,,473.9133111915635,477.20068019258406,True,0.14966535484541363,0.0020890178513361486,0.048258963785595604,v1_smooth_20261001,Plain,1,0.07567890426980912,3.7334379522754237,0.003256458676058136,-0.6888860677427999
1790884598.424,2026-10-01T15:56:38,1600,33.68991796554553,v1_smooth,0.2679,0.2679,9.1063,0.2679,2.4396,1,,1601,11.8,,469.14738403859246,473.3342170715332,True,0.1481602395391494,0.002127919812158525,0.049657026219510764,v1_smooth_20261001,Plain,1,0.08042196927362899,3.946044549174268,0.0034419029250074115,-0.8845405385742522
1790884599.479,2026-10-01T15:56:39,1600,33.68991796554553,v1_smooth,0.2837,0.2837,8.6464,0.2837,2.453,1,,1600,11.8,,,,False,,0.002139607845230719,,v1_smooth_20261001,Plain,1,0.08516503427744883,4.137373705235483,0.00360878811185207,
1790884600.535,2026-10-01T15:56:40,1600,33.68991796554553,v1_smooth,0.2994,0.2994,8.0178,0.2994,2.4005,1,,1601,11.8,,,,False,,0.0020938151783433923,,v1_smooth_20261001,Plain,1,0.08987807988251033,4.271505283786279,0.0037257832108167927,
1790884601.588,2026-10-01T15:56:41,1600,33.68991796554553,v1_smooth,0.3152,0.3152,7.2118,0.3152,2.2732,1,,1601,11.8,,436.60256027080777,441.03984474049867,True,0.1378823416988457,0.0019827788641575503,0.04971904192390784,v1_smooth_20261001,Plain,1,0.09462114488633017,4.3419167571648805,0.0037871990040638814,-1.0060960529091667
1790884602.645,2026-10-01T15:56:42,1600,33.68991796554553,v1_smooth,0.3309,0.3309,6.9698,0.3309,2.3063,1,,1600,11.8,,435.8701638539969,432.19441432993335,True,0.13765104545326462,0.002011650050328417,0.05052775927683708,v1_smooth_20261001,Plain,1,0.09933419049139168,4.5813054484930795,0.003996003701179793,0.850485198834039
1790884603.729,2026-10-01T15:56:43,1600,33.68991796554553,v1_smooth,0.3467,0.3467,6.4187,0.3467,2.2254,1,,1600,11.9,,421.51599913277096,434.81183785418125,True,0.1331178932801166,0.0019410857312582316,0.05041565365282493,v1_smooth_20261001,Plain,1,0.10407725549521153,4.717899239189069,0.004115146443203006,-3.057837336496161
1790884604.786,2026-10-01T15:56:44,1600,33.68991796554553,v1_smooth,0.3624,0.3624,6.117,0.3624,2.2168,1,,1600,11.9,,416.63137839880164,419.28380020613076,True,0.13157529365657644,0.0019335844563014507,0.05080961676992043,v1_smooth_20261001,Plain,1,0.10879030110027302,4.935245043294669,0.004304724424284262,-0.632607748266234
1790884605.841,2026-10-01T15:56:45,1600,33.68991796554553,v1_smooth,0.3782,0.3782,5.5018,0.3782,2.0808,1,,1600,11.8,,410.0421238520312,415.3843633326005,True,0.1294943579735723,0.001814959643031423,0.04845886600252649,v1_smooth_20261001,Plain,1,0.11353336610409287,5.036521151308045,0.004393061625768099,-1.2860954701589877
1790884606.895,2026-10-01T15:56:46,1600,33.68991796554553,v1_smooth,0.394,0.394,4.7105,0.394,1.8559,1,,1600,11.8,,393.0920764958046,397.2220279553653,True,0.12414140672213389,0.0016187925804988553,0.04508495742534781,v1_smooth_20261001,Plain,1,0.11827643110791272,5.0588198184837925,0.004412511443634963,-1.0397085682329776
1790884607.95,2026-10-01T15:56:47,1600,33.68991796554553,v1_smooth,0.4097,0.4097,4.2018,0.4097,1.7215,1,,1600,11.9,,456.14822003865356,387.53862606134817,True,0.14405500669001725,0.0015015633532672985,0.03603897450387691,v1_smooth_20261001,Plain,1,0.12298947671297422,5.179882493521811,0.004518107305549338,17.703936940325615
1790884615.354,2026-10-01T15:56:55,1700,35.82204265791633,v1_smooth,0.0089,0.0089,21.349,0.0089,0.19,1,,1701,12.7,,672.6444870271735,682.2581850903248,True,0.19978255651952478,0.0001378602477604087,0.002697362999682639,v1_smooth_20261001,Plain,1,0.00267172648949346,0.19423517348907685,0.00014093320600521103,-1.409099703491068
1790884616.414,2026-10-01T15:56:56,1700,35.82204265791633,v1_smooth,0.0178,0.0178,20.806,0.0178,0.3703,1,,1700,12.7,,667.7590561023408,671.0888359112005,True,0.198331531648755,0.0002686823670825228,0.005295479699303078,v1_smooth_20261001,Plain,1,0.00534345297898692,0.3819187443153251,0.0002771126985034468,-0.4961757118695842
1790884617.471,2026-10-01T15:56:57,1700,35.82204265791633,v1_smooth,0.0356,0.0356,20.0926,0.0356,0.7153,1,,1699,12.7,,663.6363684784556,663.6357370440237,True,0.19710704963914044,0.0005190075538053702,0.010292702708983187,v1_smooth_20261001,Plain,1,0.01068690595797384,0.7511310779793355,0.000545005876372495,9.51477439503634e-05
1790884618.527,2026-10-01T15:56:58,1700,35.82204265791633,v1_smooth,0.0534,0.0534,19.3857,0.0534,1.0352,1,,1700,12.7,,657.5754306916906,659.0921638139775,True,0.19530688674581578,0.0007511206762188161,0.015033152645203779,v1_smooth_20261001,Plain,1,0.01603035893696076,1.1078370009920315,0.0008038246496574189,-0.23012458735817143
1790884619.596,2026-10-01T15:56:59,1700,35.82204265791633,v1_smooth,0.0713,0.0713,18.5219,0.0713,1.3206,1,,1700,12.7,,641.176590224677,648.5293102699984,True,0.19043625696196764,0.0009582012799599774,0.019668218183715072,v1_smooth_20261001,Plain,1,0.021403831314706034,1.4429496126921024,0.0010469757426922052,-1.1337529281845726
1790884620.65,2026-10-01T15:57:00,1700,35.82204265791633,v1_smooth,0.0891,0.0891,17.6029,0.0891,1.5684,1,,1700,12.7,,632.3534358140023,635.293627613089,True,0.18781568639500792,0.001138000066249605,0.023684724264113943,v1_smooth_20261001,Plain,1,0.02674728429369295,1.752813464904128,0.0012718068344708606,-0.4628083253618631
1790884621.707,2026-10-01T15:57:01,1700,35.82204265791633,v1_smooth,0.1069,0.1069,17.3212,0.1069,1.8516,1,,1700,12.7,,626.4705362620134,635.2938316582367,True,0.18606840274828057,0.0013434843934377512,0.028223957128515532,v1_smooth_20261001,Plain,1,0.03209073727267987,2.110670906464839,0.001531461126873311,-1.3888526783256916
1790884622.763,2026-10-01T15:57:02,1700,35.82204265791633,v1_smooth,0.1247,0.1247,16.4377,0.1247,2.0498,1,,1700,12.8,,610.867991564055,617.2594711000102,True,0.1814342812649622,0.0014872943992593984,0.032043172029473564,v1_smooth_20261001,Plain,1,0.0374341902516668,2.3961219373742355,0.00173857875763454,-1.0354607479031386
1790884623.819,2026-10-01T15:57:03,1700,35.82204265791633,v1_smooth,0.1425,0.1425,15.6389,0.1425,2.2285,1,,1700,12.7,,600.5459583225274,604.1656434550532,True,0.1783685277662814,0.0016169555901793197,0.03543543528335333,v1_smooth_20261001,Plain,1,0.04277764323065371,2.674666557632318,0.0019406852332193197,-0.5991213124642125
1790884624.875,2026-10-01T15:57:04,1700,35.82204265791633,v1_smooth,0.1603,0.1603,14.991,0.1603,2.4031,1,,1700,12.8,,591.1534327045956,598.4934925715152,True,0.1755788479037157,0.0017436419020686214,0.03881888077627942,v1_smooth_20261001,Plain,1,0.04812109620964063,2.9617047672390857,0.0021489544894987573,-1.2264226692560887
1790884625.931,2026-10-01T15:57:05,1700,35.82204265791633,v1_smooth,0.1782,0.1782,14.3467,0.1782,2.5566,1,,1700,12.8,,583.7838662006561,583.0409476068098,True,0.1733900083829984,0.0018550184706540044,0.041819812201067195,v1_smooth_20261001,Plain,1,0.0534945685873859,3.240974566019711,0.0023515871402982123,0.12742134097025737
1790884627.007,2026-10-01T15:57:07,1700,35.82204265791633,v1_smooth,0.196,0.196,13.5653,0.196,2.6588,1,,1701,12.7,,571.0523700461181,579.1003294178381,True,0.16960861880926753,0.0019291727723440768,0.04446119321685577,v1_smooth_20261001,Plain,1,0.05883802156637283,3.4808707048258083,0.0025256510409959704,-1.3897348978907598
1790884628.059,2026-10-01T15:57:08,1700,35.82204265791633,v1_smooth,0.2138,0.2138,13.01,0.2138,2.7815,1,,1700,12.8,,563.1578616801562,564.4734266484875,True,0.1672638659803442,0.0020182014691872458,0.04716504955353329,v1_smooth_20261001,Plain,1,0.06418147454535975,3.7538604329805914,0.002723726996572102,-0.23306056693267463
1790884629.115,2026-10-01T15:57:09,1700,35.82204265791633,v1_smooth,0.2316,0.2316,12.5074,0.2316,2.8967,1,,1700,12.8,,558.7876943505307,564.4737198744451,True,0.16596587986974756,0.002101788314145136,0.04950260662308968,v1_smooth_20261001,Plain,1,0.06952492752434666,4.03194375048406,0.002925498759988231,-1.0073144813861568
1790884630.171,2026-10-01T15:57:10,1700,35.82204265791633,v1_smooth,0.2494,0.2494,11.4739,0.2494,2.8616,1,,1701,12.7,,539.9995279304221,546.7865684075377,True,0.16038559490181034,0.002076320447322029,0.05060424258857315,v1_smooth_20261001,Plain,1,0.0748683805033336,4.172320657336214,0.0030273534713486402,-1.2412595460934983
1790884631.258,2026-10-01T15:57:11,1700,35.82204265791633,v1_smooth,0.2672,0.2672,10.9752,0.2672,2.9326,1,,1699,12.8,,531.4784427539507,534.0321850115288,True,0.15785474210555853,0.0021278366451693395,0.052691256905112484,v1_smooth_20261001,Plain,1,0.0802118334823205,4.431391153537053,0.003215329907104744,-0.4782000653243301
1790884632.312,2026-10-01T15:57:12,1700,35.82204265791633,v1_smooth,0.2851,0.2851,10.5237,0.2851,3.0003,1,,1701,12.7,,526.8296052838195,532.6661920413699,True,0.15647398800359402,0.0021769584281871274,0.05438334189682025,v1_smooth_20261001,Plain,1,0.08558530586006578,4.700918139398234,0.0034108933652570524,-1.0957306554753132
1790884633.366,2026-10-01T15:57:13,1700,35.82204265791633,v1_smooth,0.3029,0.3029,9.5861,0.3029,2.9036,1,,1699,12.8,,509.5237024790549,518.892516114397,True,0.15133395107190858,0.002106794817879593,0.05441815058022238,v1_smooth_20261001,Plain,1,0.0909287588390527,4.817546564798403,0.003495516647475861,-1.8055403275996862
1790884634.418,2026-10-01T15:57:14,1700,35.82204265791633,v1_smooth,0.3207,0.3207,9.117,0.3207,2.9238,1,,1700,12.7,,506.97653675129004,506.7839033051996,True,0.1505774157983931,0.0021214515389572784,0.05507204245710878,v1_smooth_20261001,Plain,1,0.09627221181803962,5.063668579547257,0.0036740979208051664,0.03801096381201852
1790884635.474,2026-10-01T15:57:15,1700,35.82204265791633,v1_smooth,0.3385,0.3385,8.2782,0.3385,2.8022,1,,1700,12.7,,481.81828822007446,495.50890450445877,True,0.1431051487895106,0.002033220980390617,0.055537615624303864,v1_smooth_20261001,Plain,1,0.10161566479702655,5.180584183644797,0.003758929574215401,-2.76294051629119
1790884636.529,2026-10-01T15:57:16,1700,35.82204265791633,v1_smooth,0.3563,0.3563,8.1865,0.3563,2.9168,1,,1700,12.7,,490.9091441100827,488.27801711852317,True,0.1458052295389765,0.002116372477197684,0.05673837738573577,v1_smooth_20261001,Plain,1,0.10695911777601345,5.546293377091022,0.004024280942724642,0.538858375621043
1790884637.592,2026-10-01T15:57:17,1700,35.82204265791633,v1_smooth,0.3741,0.3741,7.1711,0.3741,2.6827,1,,1700,12.7,,478.963094189794,483.60244918421813,True,0.14225712583870975,0.0019465141403518336,0.053486162630739784,v1_smooth_20261001,Plain,1,0.11230257075500037,5.575896159885933,0.004045760137306243,-0.9593324025240602
1790884638.646,2026-10-01T15:57:18,1700,35.82204265791633,v1_smooth,0.392,0.392,6.8761,0.392,2.6954,1,,1700,12.8,,,,False,,0.0019557290095442398,,v1_smooth_20261001,Plain,1,0.11767604313274566,5.86648033282767,0.004256602274553618,
1790884639.703,2026-10-01T15:57:19,1700,35.82204265791633,v1_smooth,0.4098,0.4098,6.1929,0.4098,2.5379,1,,1700,12.7,,,,False,,0.0018414501199533748,,v1_smooth_20261001,Plain,1,0.12301949611173257,5.99794104482191,0.004351987571007752,
1790884640.787,2026-10-01T15:57:20,1700,35.82204265791633,v1_smooth,0.4276,0.4276,5.3813,0.4276,2.301,1,,1700,12.8,,,,False,,0.0016695601584036863,,v1_smooth_20261001,Plain,1,0.1283629490907195,6.062595346164836,0.004398899455228342,
1790884641.843,2026-10-01T15:57:21,1700,35.82204265791633,v1_smooth,0.4454,0.4454,4.7947,0.4454,2.1356,1,,1700,12.7,,,,False,,0.0015495491848269937,,v1_smooth_20261001,Plain,1,0.1337064020697064,6.2113432368564485,0.004506827987147204,
1790884649.757,2026-10-01T15:57:29,1800,37.95416735028712,v1_smooth,0.01,0.01,23.3436,0.01,0.2334,1,,1799,13.7,,731.661522629156,739.6555580056202,True,0.2051035013083931,0.00014238326286223008,0.0030462252751106834,v1_smooth_20261001,Plain,1,0.003001939875835348,0.23837723299939756,0.0001454195725215265,-1.0807781121822346
1790884650.812,2026-10-01T15:57:30,1800,37.95416735028712,v1_smooth,0.02,0.02,22.6159,0.02,0.4523,1,,1799,13.7,,732.2020093817173,726.6966998273574,True,0.20525501361556323,0.0002759209502681519,0.005898845933617431,v1_smooth_20261001,Plain,1,0.006003879751670696,0.46622921329985734,0.0002844183231847657,0.7575800957493994
1790884651.864,2026-10-01T15:57:31,1800,37.95416735028712,v1_smooth,0.04,0.04,21.7345,0.04,0.8694,1,,1800,13.7,,719.999921679937,728.4394820559555,True,0.20183445529248228,0.0005303685035665073,0.011530776881301111,v1_smooth_20261001,Plain,1,0.012007759503341393,0.9131574158039634,0.0005570622637918185,-1.1585808545410914
1790884652.945,2026-10-01T15:57:32,1800,37.95416735028712,v1_smooth,0.06,0.06,20.958,0.06,1.2575,1,,1800,13.7,,710.0005257043904,711.7291882994095,True,0.19903136798759863,0.0007671249059522465,0.01691300220428731,v1_smooth_20261001,Plain,1,0.018011639255012087,1.3469846075123182,0.0008217140678783384,-0.24288207136053952
1790884653.996,2026-10-01T15:57:33,1800,37.95416735028712,v1_smooth,0.08,0.08,20.2489,0.08,1.6199,1,,1800,13.7,,694.9924306571575,710.0002901558355,True,0.1948242137954588,0.0009882032883912874,0.022257660452858295,v1_smooth_20261001,Plain,1,0.024015519006682785,1.7710107884249218,0.0010803868664102441,-2.113782164143063
1790884655.054,2026-10-01T15:57:35,1800,37.95416735028712,v1_smooth,0.1,0.1,19.2463,0.1,1.9246,1,,1800,13.6,,684.3746232686499,688.1638094489972,True,0.1918477699013266,0.0011740823809110884,0.02685455536136271,v1_smooth_20261001,Plain,1,0.030019398758353483,2.1532359585417744,0.001313559389414993,-0.5506227046989332
1790884656.106,2026-10-01T15:57:36,1800,37.95416735028712,v1_smooth,0.12,0.12,18.4962,0.12,2.2195,1,,1800,13.6,,675.7901626279363,678.5028721345952,True,0.1894413252820612,0.001353983084501798,0.03136278824942981,v1_smooth_20261001,Plain,1,0.036023278510024175,2.5415601178628755,0.0015504525378827346,-0.3998081095993977
1790884657.162,2026-10-01T15:57:37,1800,37.95416735028712,v1_smooth,0.14,0.14,17.6127,0.14,2.4658,1,,1799,13.7,,658.7298094615562,670.3114918164601,True,0.1846588704723447,0.0015042358593217093,0.03574554420090189,v1_smooth_20261001,Plain,1,0.04202715826169488,2.8971832663882258,0.0017673967719717613,-1.7278060269441342
1790884658.229,2026-10-01T15:57:38,1800,37.95416735028712,v1_smooth,0.16,0.16,16.9614,0.16,2.7138,1,,1800,13.6,,653.9644388150464,656.0283777939048,True,0.183323014787165,0.0016555257016089115,0.03962735515209927,v1_smooth_20261001,Plain,1,0.04803103801336557,3.2704054041178243,0.0019950770879201625,-0.3146112346235852
1790884659.286,2026-10-01T15:57:39,1800,37.95416735028712,v1_smooth,0.18,0.18,16.0922,0.18,2.8966,1,,1800,13.6,,642.4241636084389,650.0007146204325,True,0.1800879794904718,0.001767040956327059,0.043056432270904214,v1_smooth_20261001,Plain,1,0.054034917765036265,3.594326531051671,0.0021926818306915925,-1.1656219511109178
1790884660.339,2026-10-01T15:57:40,1800,37.95416735028712,v1_smooth,0.2,0.2,15.5061,0.2,3.1012,1,,1799,13.7,,635.0251686070351,636.3633771836021,True,0.17801385131232458,0.0018918550762140013,0.04663481076813979,v1_smooth_20261001,Plain,1,0.06003879751670697,3.955946647189768,0.002413284453023901,-0.2102900048223444
1790884661.394,2026-10-01T15:57:41,1800,37.95416735028712,v1_smooth,0.22,0.22,14.5104,0.22,3.1923,1,,1799,13.7,,622.8569374717608,625.7150949782044,True,0.17460278385369107,0.0019474296916670824,0.0489425703656348,v1_smooth_20261001,Plain,1,0.06604267726837766,4.219965752532113,0.002574346585314432,-0.4567825723531871
1790884662.447,2026-10-01T15:57:42,1800,37.95416735028712,v1_smooth,0.24,0.24,13.9485,0.24,3.3476,1,,1801,13.6,,610.7231891122865,621.4288867254709,True,0.1712013828020404,0.0020421688550025766,0.05234323146650371,v1_smooth_20261001,Plain,1,0.07204655702004835,4.564083847078706,0.0027842722798794585,-1.7227550636721323
1790884663.499,2026-10-01T15:57:43,1800,37.95416735028712,v1_smooth,0.26,0.26,13.15,0.26,3.419,1,,1800,13.6,,599.9998139123363,600.0002791314955,True,0.16819534554119053,0.0020857256886288116,0.054415091919747895,v1_smooth_20261001,Plain,1,0.07805043677171906,4.84020093082955,0.0029527146591273113,-7.753649046149391e-05
1790884664.555,2026-10-01T15:57:44,1800,37.95416735028712,v1_smooth,0.28,0.28,12.4153,0.28,3.4763,1,,1800,13.7,,589.8463028888273,598.5639982094426,True,0.16534905583333256,0.002120680962673395,0.056279440182365754,v1_smooth_20261001,Plain,1,0.08405431652338977,5.118117003784641,0.003122254493185595,-1.4564349587836256
1790884665.638,2026-10-01T15:57:45,1800,37.95416735028712,v1_smooth,0.3,0.3,12.1554,0.3,3.6466,1,,1800,13.6,,581.4125307199447,592.0197429397831,True,0.16298485305981614,0.002224570721308518,0.059892869673129984,v1_smooth_20261001,Plain,1,0.09005819627506044,5.52493206594398,0.0033704278262265018,-1.791699068542263
1790884666.695,2026-10-01T15:57:46,1800,37.95416735028712,v1_smooth,0.32,0.32,11.0601,0.32,3.5392,1,,1800,13.6,,571.053011993763,576.3159019555133,True,0.16008081410615546,0.0021590524589631733,0.059183420392885155,v1_smooth_20261001,Plain,1,0.09606207602673114,5.669946117307569,0.003458892152679025,-0.9131953402452764
1790884667.751,2026-10-01T15:57:47,1800,37.95416735028712,v1_smooth,0.34,0.34,10.6514,0.34,3.6215,1,,1799,13.7,,563.2381951062143,576.3155754922536,True,0.15789012038214975,0.0022092587251738055,0.06139991549741471,v1_smooth_20261001,Plain,1,0.10206595577840184,6.020559157875407,0.0036727800220796086,-2.2691353387194857
1790884668.808,2026-10-01T15:57:48,1800,37.95416735028712,v1_smooth,0.36,0.36,9.7021,0.36,3.4928,1,,1800,13.7,,551.2816974170619,553.8463306299491,True,0.15453840724214654,0.002130746617502987,0.06050225006590258,v1_smooth_20261001,Plain,1,0.10806983553007253,6.176071187647493,0.003767648531990825,-0.4630586267440173
1790884669.861,2026-10-01T15:57:49,1800,37.95416735028712,v1_smooth,0.38,0.38,9.642,0.38,3.664,1,,1801,13.6,,550.1032515738643,560.6887042770722,True,0.15420805863002654,0.002235185411856088,0.06360373727880833,v1_smooth_20261001,Plain,1,0.11407371528174323,6.6473822066238295,0.0040551669583180445,-1.8879375707874013
1790884670.944,2026-10-01T15:57:50,1800,37.95416735028712,v1_smooth,0.4,0.4,8.5262,0.4,3.4105,1,,1800,13.6,,532.8705509221436,539.9994206418569,True,0.14937729039724246,0.002080540351292355,0.06111780046492559,v1_smooth_20261001,Plain,1,0.12007759503341393,6.7098922148044124,0.004093300544120513,-1.3201624755892816
1790884671.998,2026-10-01T15:57:51,1800,37.95416735028712,v1_smooth,0.42,0.42,8.2395,0.42,3.4606,1,,1799,13.7,,531.7070873064949,540.2979515663219,True,0.14905114168799102,0.0021111033395931162,0.06215131705547441,v1_smooth_20261001,Plain,1,0.12608147478508464,7.091901212189245,0.00432634119317956,-1.5900234740705677
1790884673.053,2026-10-01T15:57:53,1800,37.95416735028712,v1_smooth,0.44,0.44,7.2981,0.44,3.2112,1,,1800,13.6,,510.2984086314791,524.4626588036681,True,0.1430497396478052,0.001958959441744615,0.060091704533507,v1_smooth_20261001,Plain,1,0.13208535453675532,7.190309198778327,0.0043863739704814286,-2.7007166162217433
1790884674.107,2026-10-01T15:57:54,1800,37.95416735028712,v1_smooth,0.46,0.46,6.5375,0.46,3.0072,1,,1800,13.6,,505.76187566985027,507.1422148743977,True,0.14177803303832343,0.0018345113456696585,0.05677898250816838,v1_smooth_20261001,Plain,1,0.13808923428842604,7.350016174571658,0.004483801563948925,-0.2721799061608965
1790884675.164,2026-10-01T15:57:55,1800,37.95416735028712,v1_smooth,0.48,0.48,6.0573,0.48,2.9075,1,,1800,13.6,,496.30878157950065,500.2454817310081,True,0.13912808817152042,0.0017736903889114565,0.05594214902670165,v1_smooth_20261001,Plain,1,0.1440931140400967,7.629922139569236,0.004654555311125259,-0.7869536648057784
1790884676.228,2026-10-01T15:57:56,1800,37.95416735028712,v1_smooth,0.5,0.5,5.6027,0.5,2.8013,1,,1799,13.6,,594.2911916043613,493.4445810289162,True,0.16659507220878197,0.0017089041741900817,0.045012352366831335,v1_smooth_20261001,Plain,1,0.1500969937917674,7.919227093771064,0.004831042814730504,20.437271874617146
1790887846.612,2026-10-01T16:50:46,500,10.236546349466778,v1_smooth_repeat_20261001,0.001,0.001,2.9404,0.001,0.0029,1,,500,4.5,,100.93720589925894,98.1818713826744,True,0.10491078757768933,9.017250201533875e-05,0.0002743582988182666,v1_smooth_repeat_20261001,Plain,2,0.00030019398758353484,0.003218859671391958,0.00010008711386402896,2.806357709200036
1790887847.669,2026-10-01T16:50:47,500,10.236546349466778,v1_smooth_repeat_20261001,0.002,0.002,2.9313,0.002,0.0059,1,,500,4.5,,103.90392152131298,103.0342450720422,True,0.10799429350254482,0.0001834544006518961,0.0005422398792039258,v1_smooth_repeat_20261001,Plain,2,0.0006003879751670697,0.006577466815794538,0.00020451953093208856,0.8440654353925714
1790887848.746,2026-10-01T16:50:48,500,10.236546349466778,v1_smooth_repeat_20261001,0.004,0.004,2.9311,0.004,0.0117,1,,499,4.6,,104.19589010949011,104.64510487651744,True,0.10829775597964351,0.00036379940468257363,0.00107227617071179,v1_smooth_repeat_20261001,Plain,2,0.0012007759503341394,0.013213923523631564,0.0004108732915742067,-0.4292745155708988
1790887849.8,2026-10-01T16:50:49,500,10.236546349466778,v1_smooth_repeat_20261001,0.006,0.006,2.7268,0.006,0.0164,1,,499,4.6,,102.72602526601133,103.34924280131439,True,0.10677002716063874,0.0005099410458798468,0.0015245256846732258,v1_smooth_repeat_20261001,Plain,2,0.001801163925501209,0.018909370123511078,0.0005879673157141687,-0.6030209011798626
1790887850.855,2026-10-01T16:50:50,500,10.236546349466778,v1_smooth_repeat_20261001,0.008,0.008,2.5601,0.008,0.0205,1,,499,4.5,,99.4850963449835,100.88275093145178,True,0.10340151301801734,0.0006374263073498084,0.0019677377536449704,v1_smooth_repeat_20261001,Plain,2,0.0024015519006682787,0.02416380661543308,0.0007513485864580673,-1.3854247367004913
1790887851.911,2026-10-01T16:50:51,500,10.236546349466778,v1_smooth_repeat_20261001,0.01,0.01,2.4849,0.01,0.0248,1,,499,4.6,,95.58615952470433,96.86105852000857,True,0.09934908726591772,0.0007711303620622072,0.0024775820735797346,v1_smooth_repeat_20261001,Plain,2,0.003001939875835348,0.029777232999397565,0.0009258922767756512,-1.3162141884304202
1790887852.966,2026-10-01T16:50:52,500,10.236546349466778,v1_smooth_repeat_20261001,0.012,0.012,2.2813,0.012,0.0274,1,,500,4.4,,90.90760135935056,93.21821832487949,True,0.09448634891802675,0.0008519746742138904,0.002878205150400914,v1_smooth_repeat_20261001,Plain,2,0.003602327851002418,0.03384964927540454,0.0010525198508637677,-2.4787182238090844
1790887854.023,2026-10-01T16:50:54,500,10.236546349466778,v1_smooth_repeat_20261001,0.014,0.014,1.9088,0.014,0.0267,1,,500,4.5,,85.03942808328446,88.51811282455273,True,0.08838716403818292,0.0008302088978653603,0.0029982118245610954,v1_smooth_repeat_20261001,Plain,2,0.004202715826169488,0.03478105544345401,0.001081480962782919,-3.929912907387889
1790887855.076,2026-10-01T16:50:55,500,10.236546349466778,v1_smooth_repeat_20261001,0.016,0.016,1.8597,0.016,0.0298,1,,501,4.4,,79.96983913989908,81.97136459611833,True,0.0831180012551698,0.0009266001931231362,0.0035584545537284923,v1_smooth_repeat_20261001,Plain,2,0.004803103801336557,0.03967145150354596,0.0012335427726396246,-2.4417373872949177
1790887856.154,2026-10-01T16:50:56,500,10.236546349466778,v1_smooth_repeat_20261001,0.018,0.018,1.6127,0.018,0.029,1,,500,4.5,,74.22648342543923,77.14283875057504,True,0.07714854761342571,0.0009017250201533876,0.0037308732436189666,v1_smooth_repeat_20261001,Plain,2,0.005403491776503627,0.040820837455680395,0.0012692817406000539,-3.7804615079893855
1790887857.21,2026-10-01T16:50:57,500,10.236546349466778,v1_smooth_repeat_20261001,0.02,0.02,1.3604,0.02,0.0272,1,,501,4.5,,70.5882319942063,72.5236374184334,True,0.07336706961771763,0.0008457558809714531,0.003679662456304219,v1_smooth_repeat_20261001,Plain,2,0.006003879751670696,0.041129213299857324,0.0012788703686795455,-2.6686546526349164
1790887858.261,2026-10-01T16:50:58,500,10.236546349466778,v1_smooth_repeat_20261001,0.022,0.022,1.0161,0.022,0.0224,1,,500,4.5,,64.43021133945308,65.36167916692577,True,0.0669666269756395,0.0006965048431529614,0.0033199370150835683,v1_smooth_repeat_20261001,Plain,2,0.006604267726837766,0.03859657903607674,0.001200120724453728,-1.4250977627025652
1790887859.318,2026-10-01T16:50:59,500,10.236546349466778,v1_smooth_repeat_20261001,0.024,0.024,0.9333,0.024,0.0224,1,,501,4.5,,60.482465007842734,59.01644995574813,True,0.06286347023461052,0.0006965048431529614,0.0035366323691961043,v1_smooth_repeat_20261001,Plain,2,0.007204655702004836,0.041022934664338644,0.0012755657443776504,2.4840786817808436
1790887870.62,2026-10-01T16:51:10,600,12.368671041837572,v1_smooth_repeat_20261001,0.0011,0.0011,4.5435,0.0011,0.005,1,,600,4.8,,150.14949408450633,151.0487729994729,True,0.12915854977356442,8.813276201136983e-05,0.0003179929657351771,v1_smooth_repeat_20261001,Plain,2,0.0003302133863418883,0.005352931749546738,9.435373198918164e-05,-0.5953566501130769
1790887871.674,2026-10-01T16:51:11,600,12.368671041837572,v1_smooth_repeat_20261001,0.0021,0.0021,4.4354,0.0021,0.0093,1,,600,4.8,,148.96554812372358,149.56588861840174,True,0.12814011981322831,0.00016392693734114787,0.0005961677674056392,v1_smooth_repeat_20261001,Plain,2,0.0006304073739254231,0.01001551364125038,0.00017653897603318956,-0.40138864564891463
1790887872.73,2026-10-01T16:51:12,600,12.368671041837572,v1_smooth_repeat_20261001,0.0042,0.0042,4.242,0.0042,0.0178,1,,600,4.8,,145.0005319401697,145.94606207821386,True,0.12472941408145738,0.0003137526327604766,0.0011722541769176443,v1_smooth_repeat_20261001,Plain,2,0.0012608147478508462,0.019406313638477602,0.00034206640428358944,-0.6478627272159199
1790887873.787,2026-10-01T16:51:13,600,12.368671041837572,v1_smooth_repeat_20261001,0.0064,0.0064,4.022,0.0064,0.0257,1,,600,4.8,,140.84283584698625,142.499033634747,True,0.12115296514921817,0.00045300239673844097,0.0017424877933750725,v1_smooth_repeat_20261001,Plain,2,0.001921241520534623,0.028427538230532078,0.0005010794922881202,-1.1622519434103085
1790887874.868,2026-10-01T16:51:14,600,12.368671041837572,v1_smooth_repeat_20261001,0.0085,0.0085,3.824,0.0085,0.0325,1,,600,4.8,,136.74699315891843,138.39600073848146,True,0.11762972249750628,0.0005728629530739039,0.0022695353796081275,v1_smooth_repeat_20261001,Plain,2,0.002551648894460046,0.03647725790904521,0.000642968298025048,-1.1915138954622373
1790887875.923,2026-10-01T16:51:15,600,12.368671041837572,v1_smooth_repeat_20261001,0.0106,0.0106,3.5689,0.0106,0.0378,1,,600,4.9,,132.22930240862922,134.57302732713714,True,0.1137436062692065,0.0006662836808059559,0.0027298292009204634,v1_smooth_repeat_20261001,Plain,2,0.003182056268385469,0.0432022639435352,0.0007615069692975943,-1.7416007985095683
1790887876.979,2026-10-01T16:51:16,600,12.368671041837572,v1_smooth_repeat_20261001,0.0127,0.0127,3.4399,0.0127,0.0437,1,,600,4.8,,130.6345699752228,130.21201565729612,True,0.11237181790833652,0.0007702803399793724,0.003194439732653454,v1_smooth_repeat_20261001,Plain,2,0.0038124636423108923,0.05070255633400202,0.0008937112661505345,0.3245125388726011
1790887878.033,2026-10-01T16:51:18,600,12.368671041837572,v1_smooth_repeat_20261001,0.0149,0.0149,3.2807,0.0149,0.0489,1,,600,4.8,,127.62067270617052,128.53176404114492,True,0.10977926438152805,0.000861938412471197,0.0036589730576544995,v1_smooth_repeat_20261001,Plain,2,0.004472890414994669,0.05776705867135513,0.0010182340867958758,-0.7088452739843709
1790887879.09,2026-10-01T16:51:19,600,12.368671041837572,v1_smooth_repeat_20261001,0.017,0.017,3.175,0.017,0.054,1,,600,4.8,,123.36369077599443,126.3109995907655,True,0.10611740980208895,0.0009518338297227942,0.004180014495140935,v1_smooth_repeat_20261001,Plain,2,0.005103297788920092,0.06482627074310787,0.0011426636582973907,-2.333374626374618
1790887880.176,2026-10-01T16:51:20,600,12.368671041837572,v1_smooth_repeat_20261001,0.0191,0.0191,2.9194,0.0191,0.0558,1,,600,4.9,,119.33693221371016,120.11028941900292,True,0.102653593294654,0.0009835616240468873,0.0044650950848764024,v1_smooth_repeat_20261001,Plain,2,0.005733705162845515,0.06876076917083745,0.0012120153010104307,-0.6438725683150404
1790887881.232,2026-10-01T16:51:21,600,12.368671041837572,v1_smooth_repeat_20261001,0.0212,0.0212,2.8699,0.0212,0.0608,1,,600,4.9,,115.39840514291484,117.89658535092045,True,0.09926567348973245,0.0010716943860582572,0.005031241390903064,v1_smooth_repeat_20261001,Plain,2,0.006364112536770938,0.07607055395454387,0.0013408616055497766,-2.1189589168929213
1790887882.284,2026-10-01T16:51:22,600,12.368671041837572,v1_smooth_repeat_20261001,0.0234,0.0234,2.6316,0.0234,0.0616,1,,600,4.8,,110.42083587768019,111.54736763099393,True,0.09498396990081898,0.0010857956279800764,0.0053272252921474925,v1_smooth_repeat_20261001,Plain,2,0.007024539309454715,0.07947833403719562,0.0014009290197520632,-1.0099133464452348
1790887883.34,2026-10-01T16:51:23,600,12.368671041837572,v1_smooth_repeat_20261001,0.0255,0.0255,2.5639,0.0255,0.0654,1,,600,4.9,,110.133454607967,110.60098551002966,True,0.09473676461881282,0.0011527765271087175,0.0056706111591220305,v1_smooth_repeat_20261001,Plain,2,0.007654946683380137,0.08594703850218795,0.001514949977979074,-0.4227185679283707
1790887884.427,2026-10-01T16:51:24,600,12.368671041837572,v1_smooth_repeat_20261001,0.0276,0.0276,2.3895,0.0276,0.066,1,,600,4.8,,106.5824804216021,108.49990607357967,True,0.09168221768883032,0.001163352458550082,0.005913294306445565,v1_smooth_repeat_20261001,Plain,2,0.008285354057305561,0.08939102932315715,0.0015756556626578383,-1.7672141123119989
1790887885.497,2026-10-01T16:51:25,600,12.368671041837572,v1_smooth_repeat_20261001,0.0297,0.0297,2.1871,0.0297,0.065,1,,600,4.8,,99.88650132398931,102.89661198854034,True,0.08592233847754892,0.0011457259061478078,0.006214095696925967,v1_smooth_repeat_20261001,Plain,2,0.008915761431230984,0.09141030650010318,0.0016112485576319933,-2.925373932512254
1790887886.554,2026-10-01T16:51:26,600,12.368671041837572,v1_smooth_repeat_20261001,0.0319,0.0319,1.8383,0.0319,0.0586,1,,600,4.9,,95.73184080013135,97.77926013479572,True,0.08234850074113298,0.0010329159707732545,0.005845377830761781,v1_smooth_repeat_20261001,Plain,2,0.009576188203914761,0.08836136432805354,0.0015575062186648572,-2.093919847462389
1790887887.607,2026-10-01T16:51:27,600,12.368671041837572,v1_smooth_repeat_20261001,0.034,0.034,1.7593,0.034,0.0598,1,,600,4.8,,90.65761642308132,92.70391056513603,True,0.077983654454028,0.0010540678336559831,0.006298951575659696,v1_smooth_repeat_20261001,Plain,2,0.010206595577840184,0.09293956118628548,0.0016382040454944085,-2.2073439292692343
1790887888.663,2026-10-01T16:51:28,600,12.368671041837572,v1_smooth_repeat_20261001,0.0361,0.0361,1.704,0.0361,0.0615,1,,600,4.9,,85.42707231223972,88.02484417746612,True,0.0734843419788042,0.001084032972739849,0.006874656055899389,v1_smooth_repeat_20261001,Plain,2,0.010837002951765607,0.09819304440049427,0.0017308048426641265,-2.9511803054022567
1790887889.718,2026-10-01T16:51:29,600,12.368671041837572,v1_smooth_repeat_20261001,0.0382,0.0382,1.3752,0.0382,0.0525,1,,600,4.8,,80.32813728520978,81.50947392900179,True,0.06909823959799855,0.0009253940011193832,0.006241126555187505,v1_smooth_repeat_20261001,Plain,2,0.01146741032569103,0.09292181397067989,0.0016378912232685422,-1.4493243384456123
1790887890.797,2026-10-01T16:51:30,600,12.368671041837572,v1_smooth_repeat_20261001,0.0404,0.0404,1.0267,0.0404,0.0415,1,,600,4.8,,78.57867491854194,78.86032960606428,True,0.06759335259494893,0.0007315019246943696,0.005043299708345004,v1_smooth_repeat_20261001,Plain,2,0.012127837098374807,0.08601614954392889,0.0015161681673778965,-0.3571563661086796
1790887902.483,2026-10-01T16:51:42,700,14.500795734208369,v1_smooth_repeat_20261001,0.0015,0.0015,5.7326,0.0015,0.0086,1,,700,5.3,,187.05278480764775,186.52172744838964,True,0.13724441150267588,9.407179705808727e-05,0.0004390415824061033,v1_smooth_repeat_20261001,Plain,2,0.00045029098137530226,0.00909319480946692,9.946664845649123e-05,0.28471608456717146
1790887903.554,2026-10-01T16:51:43,700,14.500795734208369,v1_smooth_repeat_20261001,0.0029,0.0029,5.6252,0.0029,0.0163,1,,700,5.3,,184.61540154451086,184.61540154451086,True,0.13545605410452385,0.00017829887116823517,0.0008431232337153924,v1_smooth_repeat_20261001,Plain,2,0.000870562563992251,0.01733419733518094,0.00018961152254418358,0.0
1790887904.608,2026-10-01T16:51:44,700,14.500795734208369,v1_smooth_repeat_20261001,0.0058,0.0058,5.3206,0.0058,0.0309,1,,700,5.3,,181.1920459156795,183.15549162793587,True,0.13294426883959728,0.0003380021545459182,0.001628511135801683,v1_smooth_repeat_20261001,Plain,2,0.001741125127984502,0.03330267091838121,0.0003642839651309561,-1.0720102874364978
1790887905.664,2026-10-01T16:51:45,700,14.500795734208369,v1_smooth_repeat_20261001,0.0088,0.0088,5.0956,0.0088,0.0448,1,,700,5.3,,178.08063508190628,179.07321580607203,True,0.13066136378013302,0.0004900484311863151,0.002402330196285794,v1_smooth_repeat_20261001,Plain,2,0.0026417070907351066,0.048970098381973776,0.0005356633903376285,-0.5542876525100549
1790887906.717,2026-10-01T16:51:46,700,14.500795734208369,v1_smooth_repeat_20261001,0.0117,0.0117,5.0367,0.0117,0.0589,1,,700,5.3,,176.53842183403583,177.04919124639247,True,0.1295298107276978,0.0006442824240373652,0.0031860122178701813,v1_smooth_repeat_20261001,Plain,2,0.0035122696547273576,0.0651186512283858,0.0007123056445410552,-0.28849011326226304
1790887907.774,2026-10-01T16:51:47,700,14.500795734208369,v1_smooth_repeat_20261001,0.0146,0.0146,4.8811,0.0146,0.0713,1,,700,5.3,,173.66551017147458,175.61006058904383,True,0.12742189733398457,0.0007799208290978632,0.003920553055554054,v1_smooth_repeat_20261001,Plain,2,0.004382832218719608,0.07990148032281714,0.0008740088187870707,-1.10731151224861
1790887908.839,2026-10-01T16:51:48,700,14.500795734208369,v1_smooth_repeat_20261001,0.0175,0.0175,4.6533,0.0175,0.0814,1,,700,5.3,,168.20400245927658,170.33921050725098,True,0.12341467866226719,0.0008904004977358493,0.00462124997441134,v1_smooth_repeat_20261001,Plain,2,0.00525339478271186,0.09271858566526782,0.0010142097644437157,-1.2535035483703383
1790887909.892,2026-10-01T16:51:49,700,14.500795734208369,v1_smooth_repeat_20261001,0.0204,0.0204,4.4114,0.0204,0.09,1,,700,5.3,,162.50919587096462,166.33234687846823,True,0.1192362838864922,0.0009844722947939366,0.005288541907367777,v1_smooth_repeat_20261001,Plain,2,0.006123957346704111,0.1043699672557378,0.0011416593463536024,-2.2985012111306435
1790887910.943,2026-10-01T16:51:50,700,14.500795734208369,v1_smooth_repeat_20261001,0.0234,0.0234,3.9604,0.0234,0.0927,1,,700,5.3,,154.8739963282202,158.06554447564878,True,0.1136341835540805,0.0010140064636377547,0.005715741922233995,v1_smooth_repeat_20261001,Plain,2,0.007024539309454715,0.11057833403719561,0.0012095700696009826,-2.0191295693289257
1790887911.995,2026-10-01T16:51:51,700,14.500795734208369,v1_smooth_repeat_20261001,0.0263,0.0263,3.8055,0.0263,0.1001,1,,700,5.3,,149.6205276457971,150.67571206621722,True,0.10977960732626155,0.0010949519634319228,0.006388726221263092,v1_smooth_repeat_20261001,Plain,2,0.007895101873446966,0.12170979489087734,0.0013313324563902374,-0.700301598678621
1790887913.051,2026-10-01T16:51:53,700,14.500795734208369,v1_smooth_repeat_20261001,0.0292,0.0292,3.7417,0.0292,0.1093,1,,700,5.3,,146.5675943784845,148.80049711297545,True,0.10753960844006409,0.0011955869091219695,0.007121206575181846,v1_smooth_repeat_20261001,Plain,2,0.008765664437439216,0.13497553199257845,0.0014764407969085124,-1.5006016631756491
1790887914.107,2026-10-01T16:51:54,700,14.500795734208369,v1_smooth_repeat_20261001,0.0321,0.0321,3.4454,0.0321,0.1106,1,,700,5.3,,144.31556096444638,143.9990912801477,True,0.10588724597504194,0.0012098070644912156,0.007318352887932934,v1_smooth_repeat_20261001,Plain,2,0.009636227001431467,0.14067554534229884,0.0015387908549391268,0.21977200097951233
1790887915.164,2026-10-01T16:51:55,700,14.500795734208369,v1_smooth_repeat_20261001,0.035,0.035,3.2217,0.035,0.1128,1,,700,5.2,,136.7688541216637,141.47213942284083,True,0.10035007452642644,0.0012338719428084005,0.007875774508483866,v1_smooth_repeat_20261001,Plain,2,0.01050678956542372,0.1476098349400386,0.0016146421437508223,-3.324531119954044
1790887916.225,2026-10-01T16:51:56,700,14.500795734208369,v1_smooth_repeat_20261001,0.038,0.038,3.0003,0.038,0.114,1,,700,5.3,,131.9812407054087,133.1350328126632,True,0.09683730572968322,0.0012469982400723197,0.008248291991575068,v1_smooth_repeat_20261001,Plain,2,0.011407371528174323,0.1540591410393616,0.0016851884012555895,-0.8666329837301534
1790887917.276,2026-10-01T16:51:57,700,14.500795734208369,v1_smooth_repeat_20261001,0.0409,0.0409,2.6857,0.0409,0.1098,1,,700,5.3,,125.91851036281412,130.1540067872196,True,0.09238895785384453,0.0012010561996486026,0.008326915257083997,v1_smooth_repeat_20261001,Plain,2,0.012277934092166574,0.15527350990031308,0.0016984718734696694,-3.254219004820824
1790887918.332,2026-10-01T16:51:58,700,14.500795734208369,v1_smooth_repeat_20261001,0.0438,0.0438,2.5595,0.0438,0.1121,1,,700,5.3,,123.42855207131436,123.42864460597411,True,0.09056202509401148,0.0012262149360711145,0.008672840516006296,v1_smooth_repeat_20261001,Plain,2,0.013148496656158824,0.1633221550092839,0.0017865126303631194,-7.497016600854778e-05
1790887919.418,2026-10-01T16:51:59,700,14.500795734208369,v1_smooth_repeat_20261001,0.0467,0.0467,2.5167,0.0467,0.1175,1,,700,5.3,,117.85324394409713,122.04496907592954,True,0.08647130875609182,0.0012852832737587506,0.009520674283094789,v1_smooth_repeat_20261001,Plain,2,0.014019059220151077,0.17480507636627404,0.001912119496354835,-3.4345742914028365
1790887920.474,2026-10-01T16:52:00,700,14.500795734208369,v1_smooth_repeat_20261001,0.0496,0.0496,2.1825,0.0496,0.1083,1,,700,5.3,,112.62915526989445,114.99302693357691,True,0.08263828923453789,0.0011846483280687037,0.009182247862313253,v1_smooth_repeat_20261001,Plain,2,0.014889621784143327,0.1720222739712835,0.0018816795868020083,-2.055665223116443
1790887921.529,2026-10-01T16:52:01,700,14.500795734208369,v1_smooth_repeat_20261001,0.0525,0.0525,2.039,0.0525,0.107,1,,700,5.3,,106.14200910937939,109.35807732287657,True,0.07787853888894809,0.0011704281726994579,0.009626487601125288,v1_smooth_repeat_20261001,Plain,2,0.01576018434813558,0.1774737478243123,0.0019413109754031238,-2.940860238427412
1790887922.585,2026-10-01T16:52:02,700,14.500795734208369,v1_smooth_repeat_20261001,0.0555,0.0555,1.562,0.0555,0.0867,1,,700,5.3,,100.43963259018938,102.12807600485121,True,0.0736945899017801,0.0009483749773181589,0.008243001219868148,v1_smooth_repeat_20261001,Plain,2,0.016660766310886182,0.16450979625669299,0.0017995037404101057,-1.65326076894039
1790887923.641,2026-10-01T16:52:03,700,14.500795734208369,v1_smooth_repeat_20261001,0.0584,0.0584,1.1892,0.0584,0.0694,1,,700,5.2,,97.9813460742065,96.86094667723779,True,0.0718908953642303,0.0007591375250966578,0.006763748505075019,v1_smooth_repeat_20261001,Plain,2,0.017531328874878432,0.15464134937293353,0.0016915569343022528,1.156709112809029
1790887931.55,2026-10-01T16:52:11,800,16.632920426579165,v1_smooth_repeat_20261001,0.0019,0.0019,6.7357,0.0019,0.0128,1,,800,5.9,,217.17160858064517,218.181853649061,True,0.13891746969039054,9.277713006206028e-05,0.0005628313806460847,v1_smooth_repeat_20261001,Plain,2,0.0005703685764087161,0.013439817465068803,9.741466351304981e-05,-0.46302891442143723
1790887932.636,2026-10-01T16:52:12,800,16.632920426579165,v1_smooth_repeat_20261001,0.0038,0.0038,6.5041,0.0038,0.0247,1,,800,5.9,,213.94811012210084,215.3079847942891,True,0.13685550472020627,0.00017903086816663195,0.0011024524849860956,v1_smooth_repeat_20261001,Plain,2,0.0011407371528174323,0.02612312330770595,0.0001893459694333026,-0.6315950955035454
1790887933.692,2026-10-01T16:52:13,800,16.632920426579165,v1_smooth_repeat_20261001,0.0077,0.0077,6.4031,0.0077,0.0493,1,,800,5.9,,214.72054484742102,214.91951094436672,True,0.1373496055754874,0.000357336915004654,0.0021925257408431024,v1_smooth_repeat_20261001,Plain,2,0.002311493704393218,0.05278050553602707,0.0003825643614732247,-0.09257702852171201
1790887934.749,2026-10-01T16:52:14,800,16.632920426579165,v1_smooth_repeat_20261001,0.0115,0.0115,6.1814,0.0115,0.0711,1,,800,5.9,,213.10412291761622,214.6051458569886,True,0.13631563411895992,0.0005153479646416004,0.0031860246434204484,v1_smooth_repeat_20261001,Plain,2,0.0034522308572106503,0.07716663990402381,0.0005593202645959209,-0.699434737866278
1790887935.801,2026-10-01T16:52:15,800,16.632920426579165,v1_smooth_repeat_20261001,0.0154,0.0154,5.7912,0.0154,0.0892,1,,800,5.9,,205.48407683426717,206.251539998064,True,0.1314413435625591,0.0006465406251199826,0.00414532000995308,v1_smooth_repeat_20261001,Plain,2,0.004622987408786436,0.09851763874685392,0.0007140768580799949,-0.37210057379646333
1790887936.858,2026-10-01T16:52:16,800,16.632920426579165,v1_smooth_repeat_20261001,0.0192,0.0192,5.6519,0.0192,0.1085,1,,800,5.9,,201.12902269215454,203.7736076261197,True,0.12865555997997685,0.0007864311415416829,0.005151413086285801,v1_smooth_repeat_20261001,Plain,2,0.005763724561603868,0.12156678417514147,0.0008811419802065243,-1.2978054247424486
1790887937.918,2026-10-01T16:52:17,800,16.632920426579165,v1_smooth_repeat_20261001,0.023,0.023,5.4077,0.023,0.1244,1,,800,5.9,,198.51443398959248,198.16503575357416,True,0.12698309436987787,0.0009016777327906483,0.005984111438970662,v1_smooth_repeat_20261001,Plain,2,0.0069044617144213005,0.14178988311370236,0.001027723314619085,0.1763167930657561
1790887938.971,2026-10-01T16:52:18,800,16.632920426579165,v1_smooth_repeat_20261001,0.0269,0.0269,5.231,0.0269,0.1407,1,,800,5.9,,191.6312470520097,193.55399165253857,True,0.12258014815133536,0.001019823609354053,0.007011309743327633,v1_smooth_repeat_20261001,Plain,2,0.008075218265997088,0.16312355612105886,0.0011823543267522865,-0.9933892781609499
1790887940.028,2026-10-01T16:52:20,800,16.632920426579165,v1_smooth_repeat_20261001,0.0307,0.0307,4.9041,0.0307,0.1506,1,,800,5.9,,185.36262741145606,189.14272186055996,True,0.11857032023410177,0.001091580920886428,0.007758435914841188,v1_smooth_repeat_20261001,Plain,2,0.00921595541881452,0.17850966611991062,0.001293876133667336,-1.9985407907424868
1790887941.084,2026-10-01T16:52:21,800,16.632920426579165,v1_smooth_repeat_20261001,0.0346,0.0346,4.6366,0.0346,0.1604,1,,800,6.0,,182.24056219424938,183.5239905372532,True,0.1165732387416484,0.0011626134110901928,0.00840486417444082,v1_smooth_repeat_20261001,Plain,2,0.010386711970390304,0.19453695574177604,0.0014100453472446891,-0.6993245620077748
1790887942.14,2026-10-01T16:52:22,800,16.632920426579165,v1_smooth_repeat_20261001,0.0384,0.0384,4.4306,0.0384,0.1701,1,,800,5.9,,179.05745743302646,178.51229589173272,True,0.11453711227890077,0.001232921079965348,0.009071587257422329,v1_smooth_repeat_20261001,Plain,2,0.011527449123207736,0.2108860768009186,0.0015285472637215983,0.3053915914141614
1790887943.193,2026-10-01T16:52:23,800,16.632920426579165,v1_smooth_repeat_20261001,0.0423,0.0423,4.1212,0.0423,0.1743,1,,800,5.8,,173.47999883571106,176.22553331716944,True,0.11096939714014104,0.0012633635757669614,0.00959443397524634,v1_smooth_repeat_20261001,Plain,2,0.012698205674783523,0.22250698303729305,0.001612778070700592,-1.5579663342638272
1790887944.249,2026-10-01T16:52:24,800,16.632920426579165,v1_smooth_repeat_20261001,0.0461,0.0461,3.8546,0.0461,0.1777,1,,800,5.9,,167.3990290306449,169.26331591150472,True,0.10707960259423123,0.0012880075009396963,0.010136916642062142,v1_smooth_repeat_20261001,Plain,2,0.013838942827600956,0.23371911515672633,0.0016940459956941596,-1.1014122409338412
1790887945.301,2026-10-01T16:52:25,800,16.632920426579165,v1_smooth_repeat_20261001,0.0499,0.0499,3.6082,0.0499,0.18,1,,800,5.9,,159.96532733597633,164.75691234877274,True,0.10232451035816183,0.0013046783914977226,0.01074528720703523,v1_smooth_repeat_20261001,Plain,2,0.014979679980418388,0.24440520078643305,0.0017715010235317857,-2.9082755585107978
1790887946.387,2026-10-01T16:52:26,800,16.632920426579165,v1_smooth_repeat_20261001,0.0538,0.0538,3.3659,0.0538,0.1811,1,,800,5.9,,151.82578882076996,153.1914388502372,True,0.09711791773599564,0.0013126514261124311,0.011390539282348547,v1_smooth_repeat_20261001,Plain,2,0.016150436531994175,0.25470878118733387,0.0018461835718879785,-0.8914662853988453
1790887947.444,2026-10-01T16:52:27,800,16.632920426579165,v1_smooth_repeat_20261001,0.0576,0.0576,3.072,0.0576,0.1769,1,,800,5.9,,143.65552923418363,146.69375280124086,True,0.09189167386415566,0.0012822089303108175,0.011759175403708763,v1_smooth_repeat_20261001,Plain,2,0.017291173684811607,0.26005787787733137,0.0018849549655850439,-2.071133575247608
1790887948.495,2026-10-01T16:52:28,800,16.632920426579165,v1_smooth_repeat_20261001,0.0615,0.0615,2.5272,0.0615,0.1554,1,,800,5.9,,137.17253808325154,141.3205753038426,True,0.0877447196071113,0.0011263723446597006,0.010818205379331832,v1_smooth_repeat_20261001,Plain,2,0.01846193023638739,0.24895507489274118,0.0018044794814792036,-2.9351969532197764
1790887949.552,2026-10-01T16:52:29,800,16.632920426579165,v1_smooth_repeat_20261001,0.0653,0.0653,2.7695,0.0653,0.1808,1,,800,5.8,,136.88680114998988,136.70885044496117,True,0.08756194317502966,0.0013104769621266014,0.012612704863846606,v1_smooth_repeat_20261001,Plain,2,0.019602667389204822,0.28506718264302944,0.002066227740663862,0.1301676551660691
1790887950.608,2026-10-01T16:52:30,800,16.632920426579165,v1_smooth_repeat_20261001,0.0691,0.0691,2.4811,0.0691,0.1714,1,,800,5.9,,132.4639123161205,134.28850244042678,True,0.08473276799168677,0.0012423437572372758,0.012356191253441211,v1_smooth_repeat_20261001,Plain,2,0.020743404542022253,0.2869532439035911,0.002079898314951061,-1.3587091159317222
1790887951.664,2026-10-01T16:52:31,800,16.632920426579165,v1_smooth_repeat_20261001,0.073,0.073,2.119,0.073,0.1547,1,,800,5.9,,127.94210802456405,131.06740926738212,True,0.0818403198732445,0.0011212985953594316,0.011546442407337426,v1_smooth_repeat_20261001,Plain,2,0.02191416109359804,0.28243311508352736,0.002047135457182598,-2.384499136961149
1790887952.718,2026-10-01T16:52:32,800,16.632920426579165,v1_smooth_repeat_20261001,0.0768,0.0768,1.7962,0.0768,0.1379,1,,800,5.9,,121.59816945203943,122.72727937738068,True,0.0777823129352007,0.0009995286121529776,0.010829505123937998,v1_smooth_repeat_20261001,Plain,2,0.023054898246415472,0.27808218740437984,0.0020155990053717476,-0.9200154448704922
1790887953.774,2026-10-01T16:52:33,800,16.632920426579165,v1_smooth_repeat_20261001,0.0807,0.0807,1.4436,0.0807,0.1165,1,,800,5.9,,118.89133009907482,117.34500301638491,True,0.07605083764600523,0.0008444168478304705,0.009357226059169185,v1_smooth_repeat_20261001,Plain,2,0.02422565479799126,0.270055675198825,0.0019574211329624136,1.3177613387372
1790887962.777,2026-10-01T16:52:42,900,18.76504511894996,v1_smooth_repeat_20261001,0.0024,0.0024,7.9115,0.0024,0.019,1,,900,6.7,,254.11770526930013,257.47123450123013,True,0.1440813064816219,9.590500137723968e-05,0.0007139865950406092,v1_smooth_repeat_20261001,Plain,2,0.0007204655702004835,0.019832038965998545,0.00010010482759724009,-1.3024869509894565
1790887963.833,2026-10-01T16:52:43,900,18.76504511894996,v1_smooth_repeat_20261001,0.0049,0.0049,7.6921,0.0049,0.0377,1,,900,6.7,,251.18065138430552,254.1171498938212,True,0.14241603660005855,0.00019029571325904926,0.0014332651790246996,v1_smooth_repeat_20261001,Plain,2,0.0014709505391593207,0.039642199494437085,0.00020009922090056837,-1.1555688038932588
1790887964.89,2026-10-01T16:52:44,900,18.76504511894996,v1_smooth_repeat_20261001,0.0098,0.0098,7.4393,0.0098,0.0729,1,,900,6.7,,248.68454308823402,249.3869585260171,True,0.1410007769114963,0.00036797234738951445,0.00279930434131146,v1_smooth_repeat_20261001,Plain,2,0.0029419010783186413,0.0777387358158592,0.000392396503446571,-0.2816568444214851
1790887966.066,2026-10-01T16:52:46,900,18.76504511894996,v1_smooth_repeat_20261001,0.0147,0.0147,7.3207,0.0147,0.1076,1,,900,6.7,,247.70868881129786,247.40269888833382,True,0.140447480717484,0.0005431251656942627,0.00414803500649111,v1_smooth_repeat_20261001,Plain,2,0.004412851617477962,0.11628960896426636,0.0005869871109408753,0.1236809155029217
1790887967.122,2026-10-01T16:52:47,900,18.76504511894996,v1_smooth_repeat_20261001,0.0196,0.0196,6.8881,0.0196,0.135,1,,900,6.7,,241.2916053663139,244.0266462721496,True,0.13680908108068948,0.0006814302729435452,0.005342726437114285,v1_smooth_repeat_20261001,Plain,2,0.005883802156637283,0.14849481893965855,0.0007495471481537322,-1.1207960063449263
1790887968.178,2026-10-01T16:52:48,900,18.76504511894996,v1_smooth_repeat_20261001,0.0244,0.0244,6.6582,0.0244,0.1625,1,,900,6.7,,239.46853392808407,241.66688919067383,True,0.1357754241997133,0.0008202401433579711,0.00648001918954411,v1_smooth_repeat_20261001,Plain,2,0.00732473329703825,0.18162728457703614,0.0009167876303949977,-0.9096634089808098
1790887969.234,2026-10-01T16:52:49,900,18.76504511894996,v1_smooth_repeat_20261001,0.0293,0.0293,6.3893,0.0293,0.1872,1,,900,6.7,,233.33336409706362,234.84591482507824,True,0.1322968657741865,0.0009449166451483827,0.007661263221939142,v1_smooth_repeat_20261001,Plain,2,0.00879568383619757,0.21302169194462317,0.0010752550347016324,-0.6440609065485381
1790887970.291,2026-10-01T16:52:50,900,18.76504511894996,v1_smooth_repeat_20261001,0.0342,0.0342,6.0666,0.0342,0.2075,1,,900,6.7,,226.7222210886814,231.6779621688653,True,0.12854843698613694,0.001047383567672486,0.008739677266654202,v1_smooth_repeat_20261001,Plain,2,0.010266634375356892,0.24097043613919525,0.0012163300005159773,-2.139064516016309
1790887971.347,2026-10-01T16:52:51,900,18.76504511894996,v1_smooth_repeat_20261001,0.0391,0.0391,5.767,0.0391,0.2255,1,,900,6.7,,222.68031932496228,224.22699432102604,True,0.12625673328068335,0.0011382409373982922,0.009670214173219721,v1_smooth_repeat_20261001,Plain,2,0.011737584914516213,0.26757351716075234,0.0013506125543060433,-0.6897809074001948
1790887972.404,2026-10-01T16:52:52,900,18.76504511894996,v1_smooth_repeat_20261001,0.044,0.044,5.5722,0.044,0.2452,1,,900,6.7,,217.76641240383015,220.4118584167304,True,0.12347061442928137,0.0012376792809315354,0.010752289560732927,v1_smooth_repeat_20261001,Plain,2,0.013208535453675532,0.29683093500929447,0.001498293222677565,-1.2002285321230488
1790887973.478,2026-10-01T16:52:53,900,18.76504511894996,v1_smooth_repeat_20261001,0.0489,0.0489,5.2783,0.0489,0.2581,1,,900,6.7,,209.5261146214341,212.58234756927834,True,0.1187984768896045,0.0013027937292350296,0.011763084774297439,v1_smooth_repeat_20261001,Plain,2,0.014679485992834853,0.32024268968482167,0.001616467136593356,-1.4376701465526276
1790887974.535,2026-10-01T16:52:54,900,18.76504511894996,v1_smooth_repeat_20261001,0.0538,0.0538,4.8706,0.0538,0.262,1,,900,6.7,,200.45600678019468,205.5178198402558,True,0.11365584825493276,0.001322479492675621,0.012481121147684097,v1_smooth_repeat_20261001,Plain,2,0.016150436531994175,0.33560878118733384,0.0016940295064202624,-2.4629557981860395
1790887975.589,2026-10-01T16:52:55,900,18.76504511894996,v1_smooth_repeat_20261001,0.0587,0.0587,4.55,0.0587,0.2671,1,,900,6.7,,194.59450044924438,196.20356730483763,True,0.11033245333753168,0.0013482224140979326,0.013107344308818153,v1_smooth_repeat_20261001,Plain,2,0.017621387071153495,0.35312920951683113,0.0017824661750029081,-0.8201007136089844
1790887976.646,2026-10-01T16:52:56,900,18.76504511894996,v1_smooth_repeat_20261001,0.0636,0.0636,4.6177,0.0636,0.2937,1,,900,6.6,,194.04358492615188,194.5948291561649,True,0.11002009167723709,0.0014824894160260684,0.01445360024776264,v1_smooth_repeat_20261001,Plain,2,0.019092337610312815,0.3931039746733134,0.0019842440648653956,-0.2832779434085775
1790887977.7,2026-10-01T16:52:57,900,18.76504511894996,v1_smooth_repeat_20261001,0.0684,0.0684,4.204,0.0684,0.2876,1,,900,6.7,,184.66205395731095,189.91413581954077,True,0.10470089033565431,0.001451698862952323,0.014872452889691332,v1_smooth_repeat_20261001,Plain,2,0.020533268750713783,0.40103110661053437,0.002024257306936803,-2.7655033889738667
1790887978.752,2026-10-01T16:52:58,900,18.76504511894996,v1_smooth_repeat_20261001,0.0733,0.0733,3.7273,0.0733,0.2732,1,,900,6.6,,177.8688361646516,179.38017372493107,True,0.10084922760423108,0.001379012967171678,0.014667368851209788,v1_smooth_repeat_20261001,Plain,2,0.022004219289873103,0.40189506915921147,0.0020286182716431587,-0.8425332236532523
1790887979.808,2026-10-01T16:52:59,900,18.76504511894996,v1_smooth_repeat_20261001,0.0782,0.0782,3.4757,0.0782,0.2718,1,,900,6.6,,172.7085085814565,176.5971693801788,True,0.09792339156588037,0.0013719462828596708,0.015028204651066652,v1_smooth_repeat_20261001,Plain,2,0.023475169829032427,0.4167133685348736,0.0021034155885921706,-2.2019949766866165
1790887980.889,2026-10-01T16:53:00,900,18.76504511894996,v1_smooth_repeat_20261001,0.0831,0.0831,2.8996,0.0831,0.241,1,,900,6.6,,160.83279313059506,165.4767065431372,True,0.09119002131231695,0.0012164792279955139,0.014309149473267573,v1_smooth_repeat_20261001,Plain,2,0.024946120368191743,0.40308600473752076,0.002034629675763051,-2.8063849647210204
1790887981.944,2026-10-01T16:53:01,900,18.76504511894996,v1_smooth_repeat_20261001,0.088,0.088,2.9294,0.088,0.2578,1,,900,6.7,,156.5004672423413,158.56740153096212,True,0.08873365105105453,0.0013012794397395994,0.015730359807382053,v1_smooth_repeat_20261001,Plain,2,0.026417070907351063,0.438012977767153,0.002210928170316193,-1.3035051773975237
1790887983.0,2026-10-01T16:53:03,900,18.76504511894996,v1_smooth_repeat_20261001,0.0929,0.0929,2.7337,0.0929,0.254,1,,900,6.6,,148.826480601997,152.30039770704877,True,0.08438260427967126,0.0012820984394641517,0.01629764624487088,v1_smooth_repeat_20261001,Plain,2,0.027888021446510383,0.4532942876237703,0.00228806259362382,-2.2809639090594414
1790887984.05,2026-10-01T16:53:04,900,18.76504511894996,v1_smooth_repeat_20261001,0.0978,0.0978,2.1269,0.0978,0.208,1,,900,6.6,,143.3573305891059,144.87047805558575,True,0.08128167009499394,0.001049907383498203,0.01385526419628934,v1_smooth_repeat_20261001,Plain,2,0.029358971985669707,0.42732993430737254,0.0021570041020149634,-1.04448296629438
1790887985.106,2026-10-01T16:53:05,900,18.76504511894996,v1_smooth_repeat_20261001,0.1027,0.1027,2.1602,0.1027,0.2219,1,,900,6.6,,145.26320646041313,140.23108784153067,True,0.08236227597107305,0.001120069463453131,0.014587237635450084,v1_smooth_repeat_20261001,Plain,2,0.030829922524829027,0.4622199178179599,0.002333115887101003,3.588447252558624
1790887992.976,2026-10-01T16:53:12,1000,20.897169811320758,v1_smooth_repeat_20261001,0.003,0.003,9.2208,0.003,0.0277,1,,1000,7.5,,295.26703976714543,295.6455524918425,True,0.15033144227929282,0.00010124039885326575,0.0008958518215488367,v1_smooth_repeat_20261001,Plain,2,0.0009005819627506045,0.028775821433207737,0.00010517240574831425,-0.12802923010570844
1790887994.05,2026-10-01T16:53:14,1000,20.897169811320758,v1_smooth_repeat_20261001,0.0061,0.0061,8.8998,0.0061,0.0543,1,,1000,7.4,,292.11796286286926,295.890891732401,True,0.14872812999207788,0.00019846042085676284,0.0017750596351954237,v1_smooth_repeat_20261001,Plain,2,0.0018311833242595625,0.05686331593817117,0.0002078290536353687,-1.2751081479533632
1790887995.103,2026-10-01T16:53:15,1000,20.897169811320758,v1_smooth_repeat_20261001,0.0121,0.0121,8.719,0.0121,0.1055,1,,1000,7.5,,289.39333426520193,291.8919670821765,True,0.1473409201393095,0.00038559068877326845,0.003481250846118187,v1_smooth_repeat_20261001,Plain,2,0.0036323472497607713,0.11202744357387101,0.00040944776425741605,-0.8560128741984641
1790887996.164,2026-10-01T16:53:16,1000,20.897169811320758,v1_smooth_repeat_20261001,0.0182,0.0182,8.4176,0.0182,0.1532,1,,999,7.6,,285.5264584443887,287.88300839635497,True,0.1453721497011454,0.0005599288485314193,0.005123701126932998,v1_smooth_repeat_20261001,Plain,2,0.005463530574020334,0.1652245204949562,0.0006038771247382291,-0.8185790349674926
1790887997.218,2026-10-01T16:53:17,1000,20.897169811320758,v1_smooth_repeat_20261001,0.0243,0.0243,7.8818,0.0243,0.1915,1,,1000,7.5,,274.6396797488103,280.45213723109725,True,0.13982928536934439,0.0006999110606642741,0.006658507240462944,v1_smooth_repeat_20261001,Plain,2,0.007294713898279896,0.2105006008867666,0.0007693561296977746,-2.0725309992904006
1790887998.272,2026-10-01T16:53:18,1000,20.897169811320758,v1_smooth_repeat_20261001,0.0303,0.0303,7.6866,0.0303,0.2329,1,,1000,7.5,,275.6409508707918,276.9234413854093,True,0.14033906977331578,0.000851223425737386,0.008068580404109375,v1_smooth_repeat_20261001,Plain,2,0.009095877823781105,0.2602051525752263,0.0009510207014581509,-0.46312096520301216
1790887999.348,2026-10-01T16:53:19,1000,20.897169811320758,v1_smooth_repeat_20261001,0.0364,0.0364,7.448,0.0364,0.2711,1,,1000,7.5,,272.7673459944185,271.56487793079975,True,0.13887601055090246,0.0009908401490657166,0.009490924563916618,v1_smooth_repeat_20261001,Plain,2,0.010927061148040668,0.3083149939499508,0.001126856785557229,0.44279218755423067
1790888000.404,2026-10-01T16:53:20,1000,20.897169811320758,v1_smooth_repeat_20261001,0.0424,0.0424,7.2308,0.0424,0.3066,1,,1000,7.5,,265.6987196486341,270.00023398623796,True,0.13527710972427037,0.0011205886746718872,0.011019301624751197,v1_smooth_repeat_20261001,Plain,2,0.012728225073541877,0.3550052121789817,0.001297504305992359,-1.593152077721205
1790888001.456,2026-10-01T16:53:21,1000,20.897169811320758,v1_smooth_repeat_20261001,0.0485,0.0485,6.9791,0.0485,0.3385,1,,1000,7.5,,260.2408231274296,263.0489270699087,True,0.1324982914163046,0.001237179603315179,0.012420944782416395,v1_smooth_repeat_20261001,Plain,2,0.014559408397801439,0.39974881453662015,0.0014610371633504541,-1.0675215343998734
1790888002.512,2026-10-01T16:53:22,1000,20.897169811320758,v1_smooth_repeat_20261001,0.0546,0.0546,6.3128,0.0546,0.3447,1,,1000,7.5,,249.72277292708327,255.8069845135151,True,0.1271431604886161,0.0012598399091956934,0.01318118685950884,v1_smooth_repeat_20261001,Plain,2,0.016390591722061,0.42027142036498377,0.0015360449900498005,-2.37843841441725
1790888003.568,2026-10-01T16:53:23,1000,20.897169811320758,v1_smooth_repeat_20261001,0.0606,0.0606,6.1435,0.0606,0.3723,1,,1000,7.5,,245.45451824520796,243.75005277972832,True,0.12497003312957297,0.0013607148192444347,0.014484162459927204,v1_smooth_repeat_20261001,Plain,2,0.01819175564756221,0.4634020626467746,0.0016936826589092238,0.6992677318597096
1790888004.621,2026-10-01T16:53:24,1000,20.897169811320758,v1_smooth_repeat_20261001,0.0667,0.0667,6.0017,0.0667,0.4003,1,,1000,7.5,,241.1111831665039,244.11198697737007,True,0.12275867954537763,0.0014630516845112736,0.015854027892772543,v1_smooth_repeat_20261001,Plain,2,0.020022938971821773,0.5086584294580522,0.001859089612938951,-1.22927343635294
1790888005.672,2026-10-01T16:53:25,1000,20.897169811320758,v1_smooth_repeat_20261001,0.0728,0.0728,5.3742,0.0728,0.3912,1,,1000,7.5,,229.3351985482218,233.8603589215836,True,0.11676308737457111,0.001429792203299551,0.01628919087824834,v1_smooth_repeat_20261001,Plain,2,0.021854122296081337,0.5182937997400552,0.0018943058125941456,-1.9349839341002428
1790888006.757,2026-10-01T16:53:26,1000,20.897169811320758,v1_smooth_repeat_20261001,0.0788,0.0788,5.1718,0.0788,0.4075,1,,1000,7.5,,224.05477888502787,223.71176641410386,True,0.1140746291422066,0.001489366878437032,0.017367798972918375,v1_smooth_repeat_20261001,Plain,2,0.02365528622158254,0.5544648660746059,0.0020265070105240316,0.1533278630901691
1790888007.81,2026-10-01T16:53:27,1000,20.897169811320758,v1_smooth_repeat_20261001,0.0849,0.0849,4.8376,0.0849,0.4107,1,,1000,7.4,,220.39449492998529,225.00018946344653,True,0.11221104231400103,0.001501062520181814,0.017794891423746267,v1_smooth_repeat_20261001,Plain,2,0.02548646954584211,0.5793339973395228,0.002117400901079787,-2.046973624530879
1790888008.867,2026-10-01T16:53:28,1000,20.897169811320758,v1_smooth_repeat_20261001,0.0909,0.0909,4.5203,0.0909,0.4109,1,,999,7.6,,209.14147887029344,210.54166656001598,True,0.10648171290568094,0.0015017934977908627,0.018761490968614007,v1_smooth_repeat_20261001,Plain,2,0.027287633471343314,0.6022907302146446,0.002201305189622935,-0.665040660406957
1790888009.923,2026-10-01T16:53:29,1000,20.897169811320758,v1_smooth_repeat_20261001,0.097,0.097,3.9888,0.097,0.3869,1,,1000,7.5,,201.69424940734189,206.34932912923318,True,0.10269005113729238,0.0014140761847050009,0.018317938462755055,v1_smooth_repeat_20261001,Plain,2,0.029118816795602877,0.6028936224624757,0.0022035086932921033,-2.2559219075415027
1790888011.007,2026-10-01T16:53:31,1000,20.897169811320758,v1_smooth_repeat_20261001,0.1031,0.1031,3.7652,0.1031,0.3882,1,,1000,7.5,,191.4407307182671,195.39135307421134,True,0.09746960305009003,0.0014188275391638183,0.019363888345954292,v1_smooth_repeat_20261001,Plain,2,0.03095000011986244,0.6302755181810318,0.002303586456609979,-2.021902348177995
1790888012.064,2026-10-01T16:53:32,1000,20.897169811320758,v1_smooth_repeat_20261001,0.1091,0.1091,3.4815,0.1091,0.3798,1,,1000,7.5,,187.8919222996842,188.46579876216367,True,0.09566277256755736,0.0013881264795837665,0.019302707635261696,v1_smooth_repeat_20261001,Plain,2,0.03275116404536365,0.6489726751089137,0.0023719224719457497,-0.3044989946444754
1790888013.118,2026-10-01T16:53:33,1000,20.897169811320758,v1_smooth_repeat_20261001,0.1152,0.1152,2.9106,0.1152,0.3353,1,,1000,7.5,,177.59408715202198,181.98462877281258,True,0.09041976132145513,0.0012254839615703974,0.018029199037363875,v1_smooth_repeat_20261001,Plain,2,0.03458234736962321,0.6334883318103837,0.0023153289307354945,-2.4125892666856497
1790888014.172,2026-10-01T16:53:34,1000,20.897169811320758,v1_smooth_repeat_20261001,0.1213,0.1213,2.7425,0.1213,0.3327,1,,1000,7.5,,174.19352159295727,175.1469151237984,True,0.08868840679755487,0.0012159812526527623,0.01823862876728743,v1_smooth_repeat_20261001,Plain,2,0.03641353069388278,0.6613829919825791,0.002417280790725003,-0.544339322315357
1790888015.226,2026-10-01T16:53:35,1000,20.897169811320758,v1_smooth_repeat_20261001,0.1273,0.1273,2.5274,0.1273,0.3217,1,,1000,7.5,,170.6359525058815,173.66770551753916,True,0.08687711593254638,0.0011757774841550754,0.01800329102071193,v1_smooth_repeat_20261001,Plain,2,0.03821469461938398,0.681820572963221,0.0024919778611248618,-1.7457206580940743
1790888016.283,2026-10-01T16:53:36,1000,20.897169811320758,v1_smooth_repeat_20261001,0.1334,0.1334,1.9135,0.1334,0.2553,1,,1000,7.5,,160.2793969397112,163.4731755875066,True,0.0816042079353116,0.0009330929179508574,0.015210535257995,v1_smooth_repeat_20261001,Plain,2,0.040045877943643546,0.6488489941183303,0.0023714704317718428,-1.9537019675046174
1790888024.225,2026-10-01T16:53:44,1100,23.029294503691553,v1_smooth_repeat_20261001,0.0037,0.0037,10.6807,0.0037,0.0395,1,,1101,8.2,,341.2697223308328,345.23830284073256,True,0.15766650886528275,0.00010786776702751567,0.0011052759458166361,v1_smooth_repeat_20261001,Plain,2,0.0011107177540590788,0.0408783194118383,0.00011163172239981128,-1.149519180590619
1790888025.276,2026-10-01T16:53:45,1100,23.029294503691553,v1_smooth_repeat_20261001,0.0074,0.0074,10.3426,0.0074,0.0765,1,,1100,8.2,,335.99394084614005,340.4769462795116,True,0.15522909940936502,0.00020890846019253032,0.0021742094126820082,v1_smooth_repeat_20261001,Plain,2,0.0022214355081181577,0.07980078172919203,0.00021792233246020542,-1.3166839876704195
1790888026.356,2026-10-01T16:53:46,1100,23.029294503691553,v1_smooth_repeat_20261001,0.0147,0.0147,9.9938,0.0147,0.1469,1,,1100,8.3,,332.09478008554925,332.3076908148778,True,0.1534276883130976,0.00040115886016055827,0.004224070212878984,v1_smooth_repeat_20261001,Plain,2,0.004412851617477962,0.15558960896426635,0.0004248887010546771,-0.06407035865058086
1790888027.408,2026-10-01T16:53:47,1100,23.029294503691553,v1_smooth_repeat_20261001,0.0221,0.0221,9.7813,0.0221,0.2162,1,,1100,8.3,,330.15520596014767,327.2728790939482,True,0.1525316056517092,0.0005904053476290858,0.006253295070068575,v1_smooth_repeat_20261001,Plain,2,0.00663428712559612,0.23251412080755385,0.0006349564307310595,0.8807105783342539
1790888028.464,2026-10-01T16:53:48,1100,23.029294503691553,v1_smooth_repeat_20261001,0.0295,0.0295,9.0716,0.0295,0.2676,1,,1100,8.3,,320.89556062853717,328.1658230310313,True,0.1482536522991687,0.0007307699862421061,0.007963312927353167,v1_smooth_repeat_20261001,Plain,2,0.008855722633714277,0.293715204272903,0.0008020861576442702,-2.215423390328697
1790888029.52,2026-10-01T16:53:49,1100,23.029294503691553,v1_smooth_repeat_20261001,0.0368,0.0368,8.9526,0.0368,0.3295,1,,1100,8.3,,315.8863280425521,320.06379551422697,True,0.14593938835412165,0.0008998083350776307,0.009960840168121857,v1_smooth_repeat_20261001,Plain,2,0.011047138743074081,0.36741649132878096,0.0010033518098410171,-1.3051983792678468
1790888030.577,2026-10-01T16:53:50,1100,23.029294503691553,v1_smooth_repeat_20261001,0.0442,0.0442,8.5375,0.0442,0.3774,1,,1100,8.3,,311.59401193386884,313.04346011343114,True,0.1439563396055243,0.0010306150702831497,0.011566026282102473,v1_smooth_repeat_20261001,Plain,2,0.01326857425119224,0.4294413049082255,0.0011727310032869061,-0.4630181953129142
1790888031.63,2026-10-01T16:53:51,1100,23.029294503691553,v1_smooth_repeat_20261001,0.0515,0.0515,8.1566,0.0515,0.4201,1,,1100,8.3,,302.8165885869271,308.58512647373004,True,0.1399011726645692,0.0011472214918546665,0.013247819461590425,v1_smooth_repeat_20261001,Plain,2,0.015459990360552043,0.4882078932928733,0.0013332125391065793,-1.8693505914304076
1790888032.686,2026-10-01T16:53:52,1100,23.029294503691553,v1_smooth_repeat_20261001,0.0589,0.0589,7.8385,0.0589,0.4617,1,,1100,8.3,,296.40450099861937,299.30198187707333,True,0.13693879013124022,0.001260824000926683,0.014874639955458104,v1_smooth_repeat_20261001,Plain,2,0.017681425868670202,0.5482564369864134,0.0014971948763591457,-0.9680794160741635
1790888033.766,2026-10-01T16:53:53,1100,23.029294503691553,v1_smooth_repeat_20261001,0.0663,0.0663,7.4008,0.0663,0.4907,1,,1100,8.3,,291.37642348860027,290.6378088496524,True,0.13461581983696888,0.0013400180577316948,0.016081739827844756,v1_smooth_repeat_20261001,Plain,2,0.01990286137678836,0.5978815523020151,0.0016327126074370429,0.254135771898123
1790888034.818,2026-10-01T16:53:54,1100,23.029294503691553,v1_smooth_repeat_20261001,0.0736,0.0736,7.1636,0.0736,0.5272,1,,1101,8.3,,287.22925517308795,288.4348815303838,True,0.13269982932507204,0.0014396933361242091,0.0175274247633621,v1_smooth_repeat_20261001,Plain,2,0.022094277486148162,0.6568606005074665,0.0017937743348124921,-0.4179890971920619
1790888035.871,2026-10-01T16:53:55,1100,23.029294503691553,v1_smooth_repeat_20261001,0.081,0.081,6.8899,0.081,0.5581,1,,1100,8.3,,281.1384687092186,282.8056018793575,True,0.12988588781440016,0.0015240759690647214,0.018956717125351737,v1_smooth_repeat_20261001,Plain,2,0.024315712994266322,0.7127094459371637,0.0019462880119660694,-0.5894979304016945
1790888036.926,2026-10-01T16:53:56,1100,23.029294503691553,v1_smooth_repeat_20261001,0.0884,0.0884,6.3608,0.0884,0.5623,1,,1100,8.3,,270.94793165398414,276.9234206365411,True,0.12517786276609674,0.001535545453153723,0.01981771714312848,v1_smooth_repeat_20261001,Plain,2,0.02653714850238448,0.7440348629889225,0.0020318323863604717,-2.1578127876730635
1790888037.982,2026-10-01T16:53:57,1100,23.029294503691553,v1_smooth_repeat_20261001,0.0957,0.0957,6.2958,0.0957,0.6025,1,,1100,8.3,,267.8351477386627,269.2963616248221,True,0.12373975753534626,0.001645324800862739,0.021481315060209668,v1_smooth_repeat_20261001,Plain,2,0.028728564611744282,0.8131263710151775,0.002220509517787201,-0.542604392180801
1790888039.039,2026-10-01T16:53:59,1100,23.029294503691553,v1_smooth_repeat_20261001,0.1031,0.1031,5.8493,0.1031,0.6031,1,,1101,8.2,,259.44182231984314,265.11765540934675,True,0.11986204372142448,0.001646963298589739,0.022198351519530007,v1_smooth_repeat_20261001,Plain,2,0.03095000011986244,0.8451755181810318,0.0023080302757597813,-2.1408732967029387
1790888040.095,2026-10-01T16:54:00,1100,23.029294503691553,v1_smooth_repeat_20261001,0.1104,0.1104,5.3042,0.1104,0.5856,1,,1100,8.2,,247.0650777683545,252.23561080903778,True,0.11414399146872888,0.0015991737815522322,0.022633988303761392,v1_smooth_repeat_20261001,Plain,2,0.033141416229222245,0.8608323275360568,0.002350786353326922,-2.0498822605178324
1790888041.152,2026-10-01T16:54:01,1100,23.029294503691553,v1_smooth_repeat_20261001,0.1178,0.1178,5.091,0.1178,0.5997,1,,1100,8.3,,246.48910671086242,243.90268548353333,True,0.11387789301375315,0.001637678478136738,0.023233128793193076,v1_smooth_repeat_20261001,Plain,2,0.035362851737340405,0.9107052048160065,0.002486980680097188,1.0604316316573215
1790888042.208,2026-10-01T16:54:02,1100,23.029294503691553,v1_smooth_repeat_20261001,0.1252,0.1252,4.7874,0.1252,0.5994,1,,1101,8.2,,235.63062733377365,242.6263214321807,True,0.10886127881405688,0.0016368592292732378,0.024291614541470555,v1_smooth_repeat_20261001,Plain,2,0.037584287245458564,0.9483546537180179,0.0025897949075117835,-2.88332034921549
1790888043.264,2026-10-01T16:54:03,1100,23.029294503691553,v1_smooth_repeat_20261001,0.1325,0.1325,4.3513,0.1325,0.5765,1,,1100,8.3,,227.0219020107561,230.4476849678167,True,0.10488405030931268,0.0015743232326927287,0.02424950823153543,v1_smooth_repeat_20261001,Plain,2,0.039775703354818365,0.9650239228938464,0.0026353158402707003,-1.4865772930368282
1790888044.347,2026-10-01T16:54:04,1100,23.029294503691553,v1_smooth_repeat_20261001,0.1399,0.1399,3.6851,0.1399,0.5155,1,,1100,8.3,,214.92849776402636,221.1589704467599,True,0.09929690119202284,0.0014077426304477043,0.022903721195860198,v1_smooth_repeat_20261001,Plain,2,0.041997138862936524,0.9462971019099531,0.0025841760842439513,-2.817191936708441
1790888045.403,2026-10-01T16:54:05,1100,23.029294503691553,v1_smooth_repeat_20261001,0.1473,0.1473,3.3163,0.1473,0.4885,1,,1101,8.2,,207.05550705704354,212.79381573032765,True,0.09565958185815163,0.0013340102327326936,0.02252937605150631,v1_smooth_repeat_20261001,Plain,2,0.04421857437105468,0.9637468525481214,0.0026318283788395506,-2.6966519931933663
1790888046.46,2026-10-01T16:54:06,1100,23.029294503691553,v1_smooth_repeat_20261001,0.1546,0.1546,3.0085,0.1546,0.4651,1,,1100,8.3,,197.47724993339943,200.81851155688923,True,0.09123442995371456,0.0012701088213796846,0.02249057976764573,v1_smooth_repeat_20261001,Plain,2,0.04640999048041448,0.9863285815447539,0.002693495231560747,-1.6638215260067146
1790888047.513,2026-10-01T16:54:07,1100,23.029294503691553,v1_smooth_repeat_20261001,0.162,0.162,2.6939,0.162,0.4364,1,,1100,8.3,,199.005225351209,194.60808141386678,True,0.09194035413624273,0.0011917340134381732,0.020940721644688565,v1_smooth_repeat_20261001,Plain,2,0.048631425988532644,1.0064020622970178,0.002748312485870026,2.259486813392364
1790888054.845,2026-10-01T16:54:14,1200,25.161419196062347,v1_smooth_repeat_20261001,0.0044,0.0044,12.2044,0.0044,0.0537,1,,1200,9.0,,387.6611148408756,392.72686005754167,True,0.16392282615860684,0.00011243599817614953,0.0013227976885238444,v1_smooth_repeat_20261001,Plain,2,0.0013208535453675533,0.05540029365224407,0.0001159960394048764,-1.289890183707798
1790888055.902,2026-10-01T16:54:15,1200,25.161419196062347,v1_smooth_repeat_20261001,0.0088,0.0088,11.9719,0.0088,0.1054,1,,1200,9.0,,385.7141981316431,390.66409313572876,True,0.16309957080217571,0.00022068443589881118,0.0026094343039185504,v1_smooth_repeat_20261001,Plain,2,0.0026417070907351066,0.10957009838197378,0.00022941570543456478,-1.2670463170429858
1790888056.955,2026-10-01T16:54:16,1200,25.161419196062347,v1_smooth_repeat_20261001,0.0176,0.0176,11.5748,0.0176,0.2037,1,,1200,9.1,,382.45587617470846,379.0762115370626,True,0.16172178664155748,0.0004265030321877404,0.00508605524361343,v1_smooth_repeat_20261001,Plain,2,0.005283414181470213,0.2151182410738901,0.000450410319572447,0.8915528157100949
1790888058.04,2026-10-01T16:54:18,1200,25.161419196062347,v1_smooth_repeat_20261001,0.0264,0.0264,10.9672,0.0264,0.2895,1,,1200,9.1,,375.0420222778189,378.9474278606974,True,0.1585868323297122,0.0006061493756423703,0.007371230948243861,v1_smooth_repeat_20261001,Plain,2,0.00792512127220532,0.31124442807574904,0.0006516774291892294,-1.030592978273015
1790888059.093,2026-10-01T16:54:19,1200,25.161419196062347,v1_smooth_repeat_20261001,0.0352,0.0352,10.5632,0.0352,0.3718,1,,1200,9.1,,367.9554728562948,370.94800980197533,True,0.15559027898861766,0.0007784674883033967,0.009649070967564118,v1_smooth_repeat_20261001,Plain,2,0.010566828362940426,0.4069486593875505,0.0008520610563256075,-0.8067267828928415
1790888060.15,2026-10-01T16:54:20,1200,25.161419196062347,v1_smooth_repeat_20261001,0.0439,0.0439,10.2177,0.0439,0.4486,1,,1200,9.1,,357.1826880125286,356.90071363170546,True,0.15103499792073544,0.0009392698097173311,0.011993342880355935,v1_smooth_repeat_20261001,Plain,2,0.01317851605491718,0.5000263462719241,0.0010469452766751727,0.07900639310969293
1790888061.206,2026-10-01T16:54:21,1200,25.161419196062347,v1_smooth_repeat_20261001,0.0527,0.0527,9.8251,0.0527,0.5178,1,,1200,9.1,,354.7307792260767,360.0002574915777,True,0.14999820624271712,0.0010841594014080118,0.013939094269650903,v1_smooth_repeat_20261001,Plain,2,0.015820223145652283,0.5887516884273615,0.001232716643691318,-1.4637429156906245
1790888062.261,2026-10-01T16:54:22,1200,25.161419196062347,v1_smooth_repeat_20261001,0.0615,0.0615,9.4999,0.0615,0.5842,1,,1200,9.2,,350.25194832512625,354.0982273242264,True,0.14810432885583594,0.0012231864084638095,0.015927674612329665,v1_smooth_repeat_20261001,Plain,2,0.01846193023638739,0.6777550748927412,0.0014190701743857792,-1.086218089303892
1790888063.315,2026-10-01T16:54:23,1200,25.161419196062347,v1_smooth_repeat_20261001,0.0703,0.0703,9.0867,0.0703,0.6388,1,,1200,9.1,,344.4774056978531,348.3877623252795,True,0.145662558683389,0.0013375068088440285,0.017708246050182626,v1_smooth_repeat_20261001,Plain,2,0.021103637327122497,0.7580365056680636,0.0015871618467178615,-1.1224150358574825
1790888064.371,2026-10-01T16:54:24,1200,25.161419196062347,v1_smooth_repeat_20261001,0.0791,0.0791,8.677,0.0791,0.6864,1,,1200,9.1,,335.9539962435406,340.42574378096333,True,0.14205842787746228,0.00143717074763704,0.019510520040205193,v1_smooth_repeat_20261001,Plain,2,0.023745344417857604,0.8343959807533285,0.0017470418057759357,-1.3135750216058728
1790888065.447,2026-10-01T16:54:25,1200,25.161419196062347,v1_smooth_repeat_20261001,0.0879,0.0879,8.4475,0.0879,0.7425,1,,1200,9.1,,335.31615859013755,337.4996838062941,True,0.1417887176930423,0.001554631818357375,0.021145275982391867,v1_smooth_repeat_20261001,Plain,2,0.026387051508592715,0.922333500148536,0.0019311636450745327,-0.6469710405446749
1790888066.502,2026-10-01T16:54:26,1200,25.161419196062347,v1_smooth_repeat_20261001,0.0967,0.0967,8.1866,0.0967,0.7916,1,,1200,9.1,,330.4551534568759,330.00011884293485,True,0.13973323761286238,0.0016574364274905022,0.02287518623333902,v1_smooth_repeat_20261001,Plain,2,0.029028758599327815,1.0063490638536858,0.0021070737710991213,0.13788922729376374
1790888067.558,2026-10-01T16:54:27,1200,25.161419196062347,v1_smooth_repeat_20261001,0.1055,0.1055,7.7453,0.1055,0.8171,1,,1200,9.1,,322.97539714969616,327.27281084357855,True,0.13657041641178877,0.0017108278232724728,0.024158899745564108,v1_smooth_repeat_20261001,Plain,2,0.031670465690062925,1.0698426718687786,0.0022400154320857527,-1.3130982933795776
1790888068.613,2026-10-01T16:54:28,1200,25.161419196062347,v1_smooth_repeat_20261001,0.1143,0.1143,7.368,0.1143,0.8422,1,,1200,9.1,,316.176548548583,317.64705314016624,True,0.13369551760287307,0.0017633817069637454,0.025436477250569627,v1_smooth_repeat_20261001,Plain,2,0.03431217278079803,1.1360143241938137,0.0023785643292948857,-0.4629366389665046
1790888069.668,2026-10-01T16:54:29,1200,25.161419196062347,v1_smooth_repeat_20261001,0.1231,0.1231,7.2412,0.1231,0.8914,1,,1200,9.1,,315.94220746103474,315.7079222153243,True,0.13359642627829757,0.0018663956941195473,0.02694240520990456,v1_smooth_repeat_20261001,Plain,2,0.03695387987153314,1.2293640208287915,0.002574018078281748,0.07420949213643446
1790888070.746,2026-10-01T16:54:30,1200,25.161419196062347,v1_smooth_repeat_20261001,0.1318,0.1318,6.7561,0.1318,0.8905,1,,1200,9.1,,308.5712721261416,311.9089991067938,True,0.13047962011623518,0.0018645112919154778,0.027558134465361834,v1_smooth_repeat_20261001,Plain,2,0.03956556756350989,1.275137792748578,0.002669858296830884,-1.0700964031850169
1790888071.797,2026-10-01T16:54:31,1200,25.161419196062347,v1_smooth_repeat_20261001,0.1406,0.1406,6.1283,0.1406,0.8616,1,,1200,9.1,,293.8493227155391,300.55329871957497,True,0.12425443151319311,0.001804001043362578,0.02799963553444506,v1_smooth_repeat_20261001,Plain,2,0.042207274654244994,1.2965086002271917,0.0027146040709591568,-2.230544809388668
1790888072.855,2026-10-01T16:54:32,1200,25.161419196062347,v1_smooth_repeat_20261001,0.1494,0.1494,5.8544,0.1494,0.8746,1,,1200,9.1,,286.6910568803519,289.790371319873,True,0.12122755282668846,0.0018312201863102493,0.029131759059983026,v1_smooth_repeat_20261001,Plain,2,0.0448489817449801,1.3628574520157477,0.0028535239849011994,-1.0695022147923727
1790888073.909,2026-10-01T16:54:33,1200,25.161419196062347,v1_smooth_repeat_20261001,0.1582,0.1582,5.6211,0.1582,0.8893,1,,1201,9.0,,284.2201031740615,289.7122143759759,True,0.12018270798841141,0.001861998755643385,0.02987891904428936,v1_smooth_repeat_20261001,Plain,2,0.04749068883571521,1.4339843481142465,0.003002448073541907,-1.8957126863788365
1790888074.965,2026-10-01T16:54:34,1200,25.161419196062347,v1_smooth_repeat_20261001,0.167,0.167,5.1241,0.167,0.8557,1,,1200,9.1,,272.47434343207715,276.88406764441424,True,0.11521600367225532,0.0017916477400247888,0.029989367018186996,v1_smooth_repeat_20261001,Plain,2,0.05013239592645032,1.4598892885226875,0.0030566873255440806,-1.5926247580269726
1790888076.048,2026-10-01T16:54:36,1200,25.161419196062347,v1_smooth_repeat_20261001,0.1758,0.1758,4.5516,0.1758,0.8002,1,,1200,9.0,,262.1571744676544,266.6477658070619,True,0.1108533801594528,0.0016754429374405,0.029147961116245888,v1_smooth_repeat_20261001,Plain,2,0.05277410301718543,1.4669722732410713,0.0030715175388937623,-1.6840911176644768
1790888077.104,2026-10-01T16:54:37,1200,25.161419196062347,v1_smooth_repeat_20261001,0.1846,0.1846,4.1952,0.1846,0.7744,1,,1200,9.1,,250.06293660669598,253.76791881763552,True,0.10573932157966336,0.0016214234075905064,0.029572456343071703,v1_smooth_repeat_20261001,Plain,2,0.05541581010792052,1.5068333022693976,0.003154977773290938,-1.459988413114599
1790888078.158,2026-10-01T16:54:38,1200,25.161419196062347,v1_smooth_repeat_20261001,0.1934,0.1934,3.2846,0.1934,0.6352,1,,1200,9.1,,236.09126282478883,246.8991063395265,True,0.09983138765279419,0.00132996920002775,0.02569223917286546,v1_smooth_repeat_20261001,Plain,2,0.05805751719865563,1.4363723756076665,0.0030074480782885504,-4.377433225649319
1790888079.213,2026-10-01T16:54:39,1200,25.161419196062347,v1_smooth_repeat_20261001,0.2022,0.2022,2.8884,0.2022,0.584,1,,1200,9.0,,229.19423172510278,226.9236073588104,True,0.09691497229236162,0.0012227676524184604,0.0243321534052779,v1_smooth_repeat_20261001,Plain,2,0.06069922428939074,1.4569894932558778,0.003050615791552829,1.000611788575223
1790888088.203,2026-10-01T16:54:48,1300,27.293543888433145,v1_smooth_repeat_20261001,0.0052,0.0052,13.9713,0.0052,0.0727,1,,1300,9.9,,440.8166649191571,440.8157599637377,True,0.17183847142006192,0.0001192589869341873,0.0015748811626578713,v1_smooth_repeat_20261001,Plain,2,0.001561008735434381,0.07479211269651417,0.00012269094347804467,0.00020529107658262546
1790888089.26,2026-10-01T16:54:49,1300,27.293543888433145,v1_smooth_repeat_20261001,0.0103,0.0103,13.5516,0.0103,0.1396,1,,1300,9.8,,438.77482741889935,440.81672333247184,True,0.17104252547959523,0.0002290035017333225,0.0030381911632889076,v1_smooth_repeat_20261001,Plain,2,0.0030919980721104087,0.14478795983518092,0.00023751396712808084,-0.46320745232536487
1790888090.317,2026-10-01T16:54:50,1300,27.293543888433145,v1_smooth_repeat_20261001,0.0207,0.0207,12.8747,0.0207,0.2665,1,,1300,9.8,,432.00033499537085,436.5569015020867,True,0.16840170330714077,0.00043717359034334133,0.005890938811579108,v1_smooth_repeat_20261001,Plain,2,0.006214015542979171,0.28120470620731436,0.000461295576112931,-1.0437508812798035
1790888091.367,2026-10-01T16:54:51,1300,27.293543888433145,v1_smooth_repeat_20261001,0.031,0.031,12.4223,0.031,0.3851,1,,1300,9.9,,421.3652420632343,423.5292857538525,True,0.16425594780762082,0.0006317281412428546,0.00872742634649837,v1_smooth_repeat_20261001,Plain,2,0.00930601361508958,0.4134672247630899,0.0006782624808216784,-0.5109549123070378
1790888092.423,2026-10-01T16:54:52,1300,27.293543888433145,v1_smooth_repeat_20261001,0.0414,0.0414,12.2199,0.0414,0.5059,1,,1300,9.8,,420.1866424157856,421.1543155151446,True,0.16379650791355296,0.0008298916298487669,0.011497245878251888,v1_smooth_repeat_20261001,Plain,2,0.012428031085958342,0.55234080712495,0.0009060743480073299,-0.22976687254774308
1790888093.479,2026-10-01T16:54:53,1300,27.293543888433145,v1_smooth_repeat_20261001,0.0517,0.0517,11.7238,0.0517,0.6061,1,,1300,9.9,,415.38437414375267,412.82111069907614,True,0.1619244951134776,0.0009942623381129425,0.01393366968223235,v1_smooth_repeat_20261001,Plain,2,0.015520029158068752,0.6746778844013203,0.0011067592984952157,0.6209138482128118
1790888094.56,2026-10-01T16:54:54,1300,27.293543888433145,v1_smooth_repeat_20261001,0.0621,0.0621,11.3941,0.0621,0.7076,1,,1300,9.9,,411.7670341590042,415.04176060757345,True,0.1605143892280754,0.001160765600476354,0.016409964138363382,v1_smooth_repeat_20261001,Plain,2,0.018642046628937512,0.802808302752907,0.001316947797643274,-0.789011313891752
1790888095.616,2026-10-01T16:54:55,1300,27.293543888433145,v1_smooth_repeat_20261001,0.0724,0.0724,10.8917,0.0724,0.7886,1,,1300,9.9,,404.1833921472971,412.50002980933687,True,0.15755814561299408,0.0012936401251210468,0.018631580202562458,v1_smooth_repeat_20261001,Plain,2,0.021734044701047922,0.914419938749872,0.0015000384529261532,-2.016154439039386
1790888096.672,2026-10-01T16:54:56,1300,27.293543888433145,v1_smooth_repeat_20261001,0.0827,0.0827,10.3233,0.0827,0.8537,1,,1300,9.9,,393.1060481309032,397.223033593059,True,0.15323999247892328,0.0014004318727058554,0.020738003227918772,v1_smooth_repeat_20261001,Plain,2,0.02482604277315833,1.014348384158534,0.0016639636959157715,-1.0364417755223787
1790888097.727,2026-10-01T16:54:57,1300,27.293543888433145,v1_smooth_repeat_20261001,0.0931,0.0931,10.1234,0.0931,0.9425,1,,1300,9.9,,387.8195233709562,388.3927380851901,True,0.1511792075627264,0.0015461017219459633,0.023207217505751564,v1_smooth_repeat_20261001,Plain,2,0.027948060244027094,1.142593387808745,0.0018743401637932866,-0.14758636246906542
1790888098.784,2026-10-01T16:54:58,1300,27.293543888433145,v1_smooth_repeat_20261001,0.1034,0.1034,9.5987,0.1034,0.9925,1,,1300,9.9,,377.3692750562873,386.58676052100986,True,0.14710550790647112,0.001628123033455033,0.0251151259193232,v1_smooth_repeat_20261001,Plain,2,0.031040058316137504,1.235896391938002,0.002027396859121642,-2.384325177691038
1790888099.836,2026-10-01T16:54:59,1300,27.293543888433145,v1_smooth_repeat_20261001,0.1138,0.1138,9.0342,0.1138,1.0281,1,,1300,9.9,,369.96776486407725,374.42326979149243,True,0.1442202626359398,0.0016865222072494906,0.026536451961358214,v1_smooth_repeat_20261001,Plain,2,0.034162075787006266,1.3194982315779398,0.0021645395097584148,-1.1899647502935262
1790888100.889,2026-10-01T16:55:00,1300,27.293543888433145,v1_smooth_repeat_20261001,0.1241,0.1241,8.9886,0.1241,1.1155,1,,1299,10.0,,371.1866453302264,368.6440936863562,True,0.1446954047365345,0.0018298954597673442,0.028697800621743232,v1_smooth_repeat_20261001,Plain,2,0.03725407385911667,1.4586757944277908,0.00239285003451003,0.689703615876569
1790888101.944,2026-10-01T16:55:01,1300,27.293543888433145,v1_smooth_repeat_20261001,0.1345,0.1345,8.4557,0.1345,1.1373,1,,1300,9.9,,364.9997882684602,364.3984761677416,True,0.14228365367312293,0.0018656567515852986,0.02975457892243169,v1_smooth_repeat_20261001,Plain,2,0.04037609132998544,1.5370344700574556,0.0025213916613752076,0.16501498772507617
1790888102.997,2026-10-01T16:55:02,1300,27.293543888433145,v1_smooth_repeat_20261001,0.1448,0.1448,7.7953,0.1448,1.1288,1,,1300,9.9,,353.1971859671671,357.4552739244325,True,0.1376827814746886,0.0018517131286287568,0.030519059647122773,v1_smooth_repeat_20261001,Plain,2,0.043468089402095844,1.5887865916279018,0.0026062871990669037,-1.191222585840368
1790888104.052,2026-10-01T16:55:04,1300,27.293543888433145,v1_smooth_repeat_20261001,0.1551,0.1551,7.5583,0.1551,1.1723,1,,1300,9.9,,349.69050600678884,348.8509325012842,True,0.13631581290905762,0.0019230716696416472,0.032012994905215995,v1_smooth_repeat_20261001,Plain,2,0.04656008747420625,1.6967555226100444,0.002783402265494655,0.24066827039412875
1790888105.105,2026-10-01T16:55:05,1300,27.293543888433145,v1_smooth_repeat_20261001,0.1655,0.1655,7.3594,0.1655,1.218,1,,1299,10.0,,346.7738305032299,345.9680266241776,True,0.13517883896944527,0.001998039148360937,0.0335407179494399,v1_smooth_repeat_20261001,Plain,2,0.049682104945075016,1.8118287835383338,0.0029721714611139287,0.23291281767132688
1790888106.157,2026-10-01T16:55:06,1300,27.293543888433145,v1_smooth_repeat_20261001,0.1758,0.1758,7.0894,0.1758,1.2463,1,,1300,9.9,,340.62517917739115,339.6904843175548,True,0.1327819812069992,0.0020444632106750705,0.03493954370392502,v1_smooth_repeat_20261001,Plain,2,0.05277410301718543,1.9130722732410712,0.003138253937257399,0.27516074279034797
1790888107.236,2026-10-01T16:55:07,1300,27.293543888433145,v1_smooth_repeat_20261001,0.1862,0.1862,6.4983,0.1862,1.21,1,,1299,9.9,,332.30772181221937,336.51310799831435,True,0.1295396828243036,0.001984915738519486,0.03477093100773899,v1_smooth_repeat_20261001,Plain,2,0.05589612048805419,1.954702370159087,0.003206545040206706,-1.2496946140107101
1790888108.292,2026-10-01T16:55:08,1300,27.293543888433145,v1_smooth_repeat_20261001,0.1965,0.1965,6.0168,0.1965,1.1823,1,,1300,9.9,,325.372979454437,331.11331086566906,True,0.12683639227000518,0.0019394759319434612,0.03469905021610396,v1_smooth_repeat_20261001,Plain,2,0.058988118560164594,2.008420418582419,0.0032946655358744937,-1.7336456200520822
1790888109.346,2026-10-01T16:55:09,1300,27.293543888433145,v1_smooth_repeat_20261001,0.2069,0.2069,5.8211,0.2069,1.2044,1,,1300,9.9,,321.8119472552644,322.500677392884,True,0.12544823619860151,0.00197572935163047,0.0357387999596854,v1_smooth_repeat_20261001,Plain,2,0.06211013603103335,2.117007351490162,0.0034727943888713023,-0.21355928402611024
1790888110.402,2026-10-01T16:55:10,1300,27.293543888433145,v1_smooth_repeat_20261001,0.2172,0.2172,5.1472,0.2172,1.118,1,,1300,9.9,,304.22537895176447,310.7431354822552,True,0.11859266730727534,0.001833996525342798,0.035092777661711975,v1_smooth_repeat_20261001,Plain,2,0.06520213410314377,2.1204999586340887,0.003478523753241919,-2.0974740183320684
1790888111.456,2026-10-01T16:55:11,1300,27.293543888433145,v1_smooth_repeat_20261001,0.2275,0.2275,4.7965,0.2275,1.0912,1,,1300,9.9,,297.47350502741483,300.3282813744022,True,0.11596066224323358,0.0017900331023739363,0.03502897655760051,v1_smooth_repeat_20261001,Plain,2,0.06829413217525418,2.1878093751897127,0.00358893988569797,-0.9505519539894647
1790888112.539,2026-10-01T16:55:12,1300,27.293543888433145,v1_smooth_repeat_20261001,0.2379,0.2379,4.2371,0.2379,1.008,1,,1300,9.9,,285.3069682255864,291.5542836942791,True,0.11121792165994475,0.0016535496400228444,0.033738015647017054,v1_smooth_repeat_20261001,Plain,2,0.07141614964612293,2.20391089339608,0.003615353238509438,-2.1427623664221573
1790888113.595,2026-10-01T16:55:13,1300,27.293543888433145,v1_smooth_repeat_20261001,0.2482,0.2482,3.6683,0.2482,0.9105,1,,1300,9.9,,272.31852105799135,279.40383820330226,True,0.10615478524742031,0.0014936080825801586,0.03192817920474342,v1_smooth_repeat_20261001,Plain,2,0.07450814771823334,2.208994868672298,0.0036236931249061404,-2.5358696540723313
1790888114.649,2026-10-01T16:55:14,1300,27.293543888433145,v1_smooth_repeat_20261001,0.2586,0.2586,3.1701,0.2586,0.8198,1,,1300,9.9,,265.1165860055926,268.3169897890366,True,0.10334733804962046,0.0013448214235027062,0.02952856876573919,v1_smooth_repeat_20261001,Plain,2,0.07763016518910211,2.226153222868392,0.003651840139196155,-1.1927697109155533
1790888122.026,2026-10-01T16:55:22,1400,29.42566858080394,v1_smooth_repeat_20261001,0.006,0.006,16.0714,0.006,0.0964,1,,1400,10.2,,507.2591920648847,509.30311314256187,True,0.18341122534236184,0.00012619278063995978,0.0018147570418512449,v1_smooth_repeat_20261001,Plain,2,0.001801163925501209,0.09890937012351107,0.00012947768098789237,-0.4013172165914125
1790888123.082,2026-10-01T16:55:23,1400,29.42566858080394,v1_smooth_repeat_20261001,0.012,0.012,15.5688,0.012,0.1868,1,,1400,10.3,,504.7017574070878,507.1434140763813,True,0.18248652603349347,0.00024453123883344904,0.0035343815946635567,v1_smooth_repeat_20261001,Plain,2,0.003602327851002418,0.19324964927540453,0.00025297417634606107,-0.48145289902665755
1790888124.159,2026-10-01T16:55:24,1400,29.42566858080394,v1_smooth_repeat_20261001,0.024,0.024,14.8755,0.024,0.357,1,,1400,10.3,,497.67418186172563,498.8374905880846,True,0.17994554449560538,0.00046733218556499625,0.006850061757826099,v1_smooth_repeat_20261001,Plain,2,0.007204655702004836,0.3756229346643386,0.0004917106078572077,-0.23320394884265294
1790888125.215,2026-10-01T16:55:25,1400,29.42566858080394,v1_smooth_repeat_20261001,0.0361,0.0361,14.7004,0.0361,0.5307,1,,1400,10.4,,495.4540843795485,494.31828822011994,True,0.17914281719966801,0.0006947148203903179,0.01022862028532572,v1_smooth_repeat_20261001,Plain,2,0.010837002951765607,0.5673930444004942,0.0007427479874343415,0.2297702080815478
1790888126.275,2026-10-01T16:55:26,1400,29.42566858080394,v1_smooth_repeat_20261001,0.0481,0.0481,13.8029,0.0481,0.6639,1,,1400,10.4,,479.9999237060547,489.47182188322813,True,0.173555010038944,0.0008690807787019636,0.013207872939173533,v1_smooth_repeat_20261001,Plain,2,0.014439330802768024,0.7242612989841003,0.0009480969629534532,-1.9351263451143352
1790888127.327,2026-10-01T16:55:27,1400,29.42566858080394,v1_smooth_repeat_20261001,0.0601,0.0601,13.3424,0.0601,0.8019,1,,1401,10.3,,471.73918722246526,470.7594385683251,True,0.17056815080724044,0.0010497301949707856,0.01623265808594411,v1_smooth_repeat_20261001,Plain,2,0.018041658653770443,0.8916531896812357,0.0011672219436967286,0.20812087318307082
1790888128.379,2026-10-01T16:55:28,1400,29.42566858080394,v1_smooth_repeat_20261001,0.0721,0.0721,12.614,0.0721,0.9095,1,,1400,10.4,,461.7022521633089,463.1097303993215,True,0.16693906613676274,0.0011905843775108238,0.018811009051462723,v1_smooth_repeat_20261001,Plain,2,0.02164398650477286,1.0343687164919007,0.001354044237978207,-0.3039189513031837
1790888129.458,2026-10-01T16:55:29,1400,29.42566858080394,v1_smooth_repeat_20261001,0.0842,0.0842,11.9721,0.0842,1.0081,1,,1400,10.4,,450.03979582040756,456.3833683039661,True,0.16272223686720122,0.001319657076381156,0.02139065473156063,v1_smooth_repeat_20261001,Plain,2,0.02527633375453363,1.1741722529949685,0.0015370545804535417,-1.3899657446179159
1790888130.512,2026-10-01T16:55:30,1400,29.42566858080394,v1_smooth_repeat_20261001,0.0962,0.0962,11.8621,0.0962,1.1411,1,,1400,10.4,,452.0830986394003,452.6905069729082,True,0.16346103998726183,0.001493761223944586,0.02410331721430125,v1_smooth_repeat_20261001,Plain,2,0.02887866160553605,1.3537827490003054,0.0017721743721862786,-0.13417739584812294
1790888131.569,2026-10-01T16:55:31,1400,29.42566858080394,v1_smooth_repeat_20261001,0.1082,0.1082,11.131,0.1082,1.2044,1,,1400,10.4,,433.99972190895824,437.7019711771595,True,0.15692257930218925,0.00157662432575485,0.026500415154656176,v1_smooth_repeat_20261001,Plain,2,0.03248098945653847,1.4694168811191717,0.001923545665432837,-0.8458379244316472
1790888132.625,2026-10-01T16:55:32,1400,29.42566858080394,v1_smooth_repeat_20261001,0.1202,0.1202,10.7319,0.1202,1.29,1,,1400,10.4,,429.2481733510158,430.12751338076214,True,0.15520454765896086,0.0016886793259911629,0.028698066433562253,v1_smooth_repeat_20261001,Plain,2,0.036083317307540885,1.6130746493515682,0.0021116014043724325,-0.2044370570100984
1790888133.677,2026-10-01T16:55:33,1400,29.42566858080394,v1_smooth_repeat_20261001,0.1322,0.1322,10.3136,0.1322,1.3635,1,,1401,10.4,,425.49059378843594,423.5294266144024,True,0.1538459083623741,0.0017848947759604267,0.030601066355939337,v1_smooth_repeat_20261001,Plain,2,0.03968564515854331,1.7503560536974936,0.002291310140311965,0.4630533443002349
1790888134.732,2026-10-01T16:55:34,1400,29.42566858080394,v1_smooth_repeat_20261001,0.1443,0.1443,10.0495,0.1443,1.4501,1,,1400,10.4,,419.6079058354826,420.5881412467761,True,0.15171888726027072,0.001898258829937818,0.033000891513427937,v1_smooth_repeat_20261001,Plain,2,0.04331799240830408,1.9070643500486157,0.0024964497219084275,-0.23306301703793775
1790888135.787,2026-10-01T16:55:35,1400,29.42566858080394,v1_smooth_repeat_20261001,0.1563,0.1563,9.6953,0.1563,1.5154,1,,1400,10.4,,417.3075918724635,418.2689165233569,True,0.15088715585110288,0.001983740039230239,0.03467706873185782,v1_smooth_repeat_20261001,Plain,2,0.046920320259306494,2.047640723589213,0.002680471749598984,-0.22983411219842376
1790888136.867,2026-10-01T16:55:36,1400,29.42566858080394,v1_smooth_repeat_20261001,0.1683,0.1683,8.7032,0.1683,1.4647,1,,1400,10.4,,398.1479656550164,404.787351126231,True,0.14395955241559108,0.001917371014557563,0.03512979071936574,v1_smooth_repeat_20261001,Plain,2,0.05052264811030891,2.07794073324334,0.0027201360905914317,-1.6402156472384855
1790888137.924,2026-10-01T16:55:37,1400,29.42566858080394,v1_smooth_repeat_20261001,0.1803,0.1803,8.706,0.1803,1.5697,1,,1400,10.4,,399.99994841573425,394.4440538143226,True,0.1446291793691678,0.002054821657370797,0.03747383195835249,v1_smooth_repeat_20261001,Plain,2,0.05412497596131133,2.269664379010997,0.0029711126463367763,1.4085380544301307
1790888138.981,2026-10-01T16:55:38,1400,29.42566858080394,v1_smooth_repeat_20261001,0.1923,0.1923,8.1112,0.1923,1.5598,1,,1400,10.4,,388.3344260093736,393.54330909380906,True,0.14041124149385828,0.002041862025334121,0.03835609674668598,v1_smooth_repeat_20261001,Plain,2,0.057727303812313745,2.352211660892183,0.0030791714744991977,-1.3235857309909949
1790888140.067,2026-10-01T16:55:40,1400,29.42566858080394,v1_smooth_repeat_20261001,0.2044,0.2044,7.6732,0.2044,1.5684,1,,1400,10.4,,380.70186671743613,378.94742786068036,True,0.13765151417076343,0.0020531198875073952,0.03934080201355043,v1_smooth_repeat_20261001,Plain,2,0.06135965106207452,2.459824717091359,0.0032200427483056117,0.46297684791274385
1790888141.12,2026-10-01T16:55:41,1400,29.42566858080394,v1_smooth_repeat_20261001,0.2164,0.2164,7.3823,0.2164,1.5975,1,,1400,10.4,,375.99772207981914,376.3159560624558,True,0.13595062250498427,0.0020912133513727774,0.04057205775337049,v1_smooth_repeat_20261001,Plain,2,0.06496197891307694,2.592866968167217,0.0033942022047979583,-0.08456563627183833
1790888142.198,2026-10-01T16:55:42,1400,29.42566858080394,v1_smooth_repeat_20261001,0.2284,0.2284,6.731,0.2284,1.5374,1,,1400,10.4,,368.3985911152604,372.41419878416764,True,0.13320298196233932,0.0020125392215339646,0.03985109857810379,v1_smooth_repeat_20261001,Plain,2,0.06856430676407935,2.642432855356605,0.003459086614853098,-1.0782638476237283
1790888143.251,2026-10-01T16:55:43,1400,29.42566858080394,v1_smooth_repeat_20261001,0.2404,0.2404,6.433,0.2404,1.5465,1,,1400,10.4,,358.3336834626152,360.8771499008867,True,0.12956378315745448,0.002024451610577778,0.041212947180383354,v1_smooth_repeat_20261001,Plain,2,0.07216663461508177,2.766922378659522,0.0036220500910578504,-0.7048011875980587
1790888144.306,2026-10-01T16:55:44,1400,29.42566858080394,v1_smooth_repeat_20261001,0.2525,0.2525,5.9307,0.2525,1.4975,1,,1401,10.4,,352.4588295549165,359.10276776237424,True,0.1274395946345572,0.0019603079772649353,0.040572317779256274,v1_smooth_repeat_20261001,Plain,2,0.07579898186484255,2.8400688616256105,0.0037178027682313376,-1.8501495404385615
1790888145.362,2026-10-01T16:55:45,1400,29.42566858080394,v1_smooth_repeat_20261001,0.2645,0.2645,5.4682,0.2645,1.4463,1,,1400,10.4,,342.8570455434283,347.1253850618382,True,0.12396784883168473,0.00189328442572172,0.040282525417372796,v1_smooth_repeat_20261001,Plain,2,0.07940130971584497,2.9157533541231992,0.0038168778362769277,-1.2296247125947124
1790888146.414,2026-10-01T16:55:46,1400,29.42566858080394,v1_smooth_repeat_20261001,0.2765,0.2765,5.2761,0.2765,1.4588,1,,1400,10.4,,342.0979718698163,341.61473935454296,True,0.123693388290052,0.0019096475974852004,0.0407208314706075,v1_smooth_repeat_20261001,Plain,2,0.0830036375668474,3.0608614827343184,0.004006832174896202,0.14145540563805792
1790888147.475,2026-10-01T16:55:47,1400,29.42566858080394,v1_smooth_repeat_20261001,0.2885,0.2885,4.7134,0.2885,1.3598,1,,1400,10.4,,330.7690465846008,337.9001493246278,True,0.11959715484396066,0.0017800512771184366,0.0392574021996957,v1_smooth_repeat_20261001,Plain,2,0.08660596541784979,3.1001932474589657,0.004058319568652218,-2.1104171614840017
1790888148.531,2026-10-01T16:55:48,1400,29.42566858080394,v1_smooth_repeat_20261001,0.3005,0.3005,4.1894,0.3005,1.2589,1,,1400,10.4,,319.11759854526736,321.72522451647865,True,0.11538430587969065,0.001647967754643624,0.037671408679135994,v1_smooth_repeat_20261001,Plain,2,0.09020829326885221,3.143348648297144,0.004114812307567174,-0.8105133736809988
1790888149.586,2026-10-01T16:55:49,1400,29.42566858080394,v1_smooth_repeat_20261001,0.3126,0.3126,3.5927,0.3126,1.1231,1,,1400,10.4,,311.7753259291476,315.4414687798635,True,0.11272953837939478,0.0014701982566051744,0.03439917820061143,v1_smooth_repeat_20261001,Plain,2,0.09384064051861299,3.1585998911112863,0.004134777004029122,-1.1622260271918816
1790888156.977,2026-10-01T16:55:56,1500,31.557793273174738,v1_smooth_repeat_20261001,0.0069,0.0069,18.1106,0.0069,0.125,1,,1500,10.9,,571.0523700461181,572.3691878193108,True,0.19252699723147115,0.00013265591703935005,0.0020902847721178622,v1_smooth_repeat_20261001,Plain,2,0.0020713385143263903,0.12800919154573573,0.0001358494135517231,-0.2300644061937862
1790888158.031,2026-10-01T16:55:58,1500,31.557793273174738,v1_smooth_repeat_20261001,0.0138,0.0138,17.5465,0.0138,0.2421,1,,1500,10.9,,564.1023246901796,562.2046203805439,True,0.19018382971621622,0.0002569279801218132,0.004098342804424042,v1_smooth_repeat_20261001,Plain,2,0.004142677028652781,0.25001076028150715,0.00026532325339878756,0.3375469074500259
1790888159.087,2026-10-01T16:55:59,1500,31.557793273174738,v1_smooth_repeat_20261001,0.0277,0.0277,16.7396,0.0277,0.4637,1,,1500,10.9,,556.3207651036237,561.5381991364075,True,0.18756032199685177,0.0004921003898491729,0.007959452719471875,v1_smooth_repeat_20261001,Plain,2,0.008315373456063915,0.48723082967952014,0.0005170724201678409,-0.9291325222055558
1790888160.14,2026-10-01T16:56:00,1500,31.557793273174738,v1_smooth_repeat_20261001,0.0415,0.0415,16.0271,0.0415,0.6651,1,,1500,11.0,,541.4286576408813,547.4998551604472,True,0.18253953426766567,0.0007058356033829737,0.011730515312393795,v1_smooth_repeat_20261001,Plain,2,0.012458050484716696,0.7117354589940676,0.0007553273600182461,-1.1088948174765578
1790888161.195,2026-10-01T16:56:01,1500,31.557793273174738,v1_smooth_repeat_20261001,0.0553,0.0553,15.4621,0.0553,0.8551,1,,1500,11.0,,535.00002626688,540.0005149838648,True,0.1803721584547529,0.0009074725972827857,0.015262809550217561,v1_smooth_repeat_20261001,Plain,2,0.016600727513369478,0.9324095970687579,0.0009895172012435757,-0.9260155459544728
1790888162.252,2026-10-01T16:56:02,1500,31.557793273174738,v1_smooth_repeat_20261001,0.0691,0.0691,15.1753,0.0691,1.0486,1,,1500,11.0,,531.7071037800588,532.2051240206406,True,0.17926196872127453,0.0011128239568596995,0.01883253454464234,v1_smooth_repeat_20261001,Plain,2,0.020743404542022253,1.164153243903591,0.0012354545291549202,-0.09357674665351201
1790888163.309,2026-10-01T16:56:03,1500,31.557793273174738,v1_smooth_repeat_20261001,0.083,0.083,14.3178,0.083,1.1884,1,,1500,11.0,,520.4087734781524,530.4875597935961,True,0.17545280213541534,0.0012611863344765086,0.021806673216474753,v1_smooth_repeat_20261001,Plain,2,0.02491610096943339,1.3501260033806788,0.0014328176247770925,-1.899910022275586
1790888164.388,2026-10-01T16:56:04,1500,31.557793273174738,v1_smooth_repeat_20261001,0.0968,0.0968,13.6835,0.0968,1.3246,1,,1500,11.0,,509.52375017122904,516.7427430611838,True,0.17178297960774191,0.0014057282216825846,0.02482513965820178,v1_smooth_repeat_20261001,Plain,2,0.02905877799808617,1.5397635192485524,0.001634069933357229,-1.3970187268019352
1790888165.445,2026-10-01T16:56:05,1500,31.557793273174738,v1_smooth_repeat_20261001,0.1106,0.1106,12.9131,0.1106,1.4282,1,,1500,11.0,,498.4601300623581,502.3253135003529,True,0.16805294420328573,0.0015156734457247977,0.027360875145068318,v1_smooth_repeat_20261001,Plain,2,0.033201455026738956,1.7043705438765686,0.001808758699782416,-0.7694582244046289
1790888166.517,2026-10-01T16:56:06,1500,31.557793273174738,v1_smooth_repeat_20261001,0.1244,0.1244,12.426,0.1244,1.5458,1,,1500,11.0,,485.29634009209985,492.51064712743755,True,0.1636148487008454,0.0016404761324754185,0.03041709042991278,v1_smooth_repeat_20261001,Plain,2,0.03734413205539173,1.890547077264728,0.0020063380499249234,-1.4648022489290424
1790888167.588,2026-10-01T16:56:07,1500,31.557793273174738,v1_smooth_repeat_20261001,0.1383,0.1383,11.9084,0.1383,1.6469,1,,1500,11.0,,477.77748107910156,476.80086068622813,True,0.16107990895746874,0.0017477682381768448,0.03291644577128741,v1_smooth_repeat_20261001,Plain,2,0.041516828482802866,2.0683725268208906,0.002195054834595383,0.20482773279137945
1790888168.645,2026-10-01T16:56:08,1500,31.557793273174738,v1_smooth_repeat_20261001,0.1521,0.1521,11.2891,0.1521,1.7171,1,,1500,11.0,,467.3918722245162,476.0866888084365,True,0.15757846111822338,0.0018222678011861437,0.03508211875603414,v1_smooth_repeat_20261001,Plain,2,0.04565950551145565,2.22234292924209,0.002358455514036199,-1.8263095331822798
1790888169.721,2026-10-01T16:56:09,1500,31.557793273174738,v1_smooth_repeat_20261001,0.1659,0.1659,10.7546,0.1659,1.7842,1,,1500,11.0,,461.85379016676507,469.56459678320925,True,0.15571132884642458,0.0018934774974528668,0.03689014863712949,v1_smooth_repeat_20261001,Plain,2,0.049802182540108424,2.380782840423432,0.002526599447743352,-1.6421183942034179
1790888170.777,2026-10-01T16:56:10,1500,31.557793273174738,v1_smooth_repeat_20261001,0.1797,0.1797,10.3319,0.1797,1.8566,1,,1500,11.0,,454.16656636461994,459.4628894766288,True,0.1531196258900849,0.0019703118046020584,0.03903683219700317,v1_smooth_repeat_20261001,Plain,2,0.05394485956876121,2.5520922603649177,0.0027084011133418867,-1.1527205424668452
1790888171.833,2026-10-01T16:56:11,1500,31.557793273174738,v1_smooth_repeat_20261001,0.1936,0.1936,10.0815,0.1936,1.9518,1,,1500,11.0,,454.13763746880704,453.16823095637346,True,0.15310987268050866,0.0020713425510192275,0.04104111955901447,v1_smooth_repeat_20261001,Plain,2,0.05811755599617234,2.754570400000155,0.0029232804996917588,0.2139175798770543
1790888172.886,2026-10-01T16:56:12,1500,31.557793273174738,v1_smooth_repeat_20261001,0.2074,0.2074,9.3379,0.2074,1.9367,1,,1500,10.9,,444.8977788432103,447.0958713596815,True,0.14999470789118158,0.002055317716240874,0.0415693752062585,v1_smooth_repeat_20261001,Plain,2,0.062260233024825126,2.8535736889746803,0.0030283474764023783,-0.4916378471101712
1790888173.943,2026-10-01T16:56:13,1500,31.557793273174738,v1_smooth_repeat_20261001,0.2212,0.2212,8.9291,0.2212,1.9751,1,,1500,10.9,,427.99999313353965,432.61910434199535,True,0.14429771736423389,0.002096069613955362,0.04406732707624931,v1_smooth_repeat_20261001,Plain,2,0.06640291005347791,3.013646486709349,0.003198224306614753,-1.0677085598152836
1790888174.995,2026-10-01T16:56:14,1500,31.557793273174738,v1_smooth_repeat_20261001,0.2351,0.2351,8.6637,0.2351,2.0368,1,,1500,11.0,,432.0002128598162,428.9996631366307,True,0.14564636826310667,0.0021615485746059853,0.0450231428281399,v1_smooth_repeat_20261001,Plain,2,0.07057560648088904,3.2055529561507634,0.003401884536131032,0.6994293891158243
1790888176.048,2026-10-01T16:56:16,1500,31.557793273174738,v1_smooth_repeat_20261001,0.2489,0.2489,7.9494,0.2489,1.9786,1,,1500,10.9,,420.18420124811655,423.0001905438826,True,0.14166266842368738,0.0020997839796324637,0.04496656030372855,v1_smooth_repeat_20261001,Plain,2,0.07471828350954182,3.284219622918472,0.003485369326695027,-0.6657182097590364
1790888177.103,2026-10-01T16:56:17,1500,31.557793273174738,v1_smooth_repeat_20261001,0.2627,0.2627,7.4436,0.2627,1.9554,1,,1500,11.0,,405.6601359689239,407.5470673843711,True,0.13676596398382837,0.0020751630414299607,0.0460303906833576,v1_smooth_repeat_20261001,Plain,2,0.0788609605381946,3.405455798446323,0.003614030895038952,-0.4629971766347052
1790888178.157,2026-10-01T16:56:18,1500,31.557793273174738,v1_smooth_repeat_20261001,0.2765,0.2765,6.859,0.2765,1.8965,1,,1500,11.0,,401.6714661518108,401.88706287026434,True,0.13542120706989672,0.002012655573321019,0.045087198122213755,v1_smooth_repeat_20261001,Plain,2,0.0830036375668474,3.498561482734318,0.003712839054485353,-0.05364609572493517
1790888179.213,2026-10-01T16:56:19,1500,31.557793273174738,v1_smooth_repeat_20261001,0.2904,0.2904,6.8148,0.2904,1.979,1,,1500,11.0,,399.99998194730324,394.4441265526734,True,0.13485767585683528,0.00210020847856699,0.04724514698908492,v1_smooth_repeat_20261001,Plain,2,0.08717633399425852,3.7418206422548073,0.00397099718956065,1.4085278549300195
1790888180.3,2026-10-01T16:56:20,1500,31.557793273174738,v1_smooth_repeat_20261001,0.3042,0.3042,5.8662,0.3042,1.7845,1,,1500,11.0,,386.5542785688376,396.30086300677476,True,0.13032453488254606,0.0018937958716537613,0.04408364025859469,v1_smooth_repeat_20261001,Plain,2,0.0913190110229113,3.714520195575842,0.003942024663242394,-2.459390162309727
1790888181.357,2026-10-01T16:56:21,1500,31.557793273174738,v1_smooth_repeat_20261001,0.318,0.318,5.4779,0.318,1.742,1,,1501,11.0,,374.1381785248677,376.1528041320048,True,0.12613851870578455,0.0018486928598603822,0.04446184753866073,v1_smooth_repeat_20261001,Plain,2,0.09546168805156408,3.8467892576570195,0.0040823948530529005,-0.5355870234135196
1790888182.414,2026-10-01T16:56:22,1500,31.557793273174738,v1_smooth_repeat_20261001,0.3318,0.3318,4.9428,0.3318,1.64,1,,1499,11.1,,367.2411316083753,367.63226908809656,True,0.12381321930725542,0.0017404456315562725,0.04264458703646294,v1_smooth_repeat_20261001,Plain,2,0.09960436508021685,3.9271278284983397,0.004167653947361589,-0.10639367449746251
1790888183.486,2026-10-01T16:56:23,1500,31.557793273174738,v1_smooth_repeat_20261001,0.3457,0.3457,4.6182,0.3457,1.5965,1,,1500,11.0,,360.0002574934251,363.9097125932494,True,0.12137200056129374,0.001694281372426579,0.04234844748423851,v1_smooth_repeat_20261001,Plain,2,0.10377706150762799,4.074939678097904,0.0043245188790248905,-1.0742925963600158
1790888184.542,2026-10-01T16:56:24,1500,31.557793273174738,v1_smooth_repeat_20261001,0.3595,0.3595,4.1902,0.3595,1.5064,1,,1501,10.9,,355.73753636992933,351.63924070725443,True,0.11993484883758136,0.0015986629874246152,0.04043728565505927,v1_smooth_repeat_20261001,Plain,2,0.10791973853628077,4.182372117972265,0.004438531269675356,1.165483025851155
1790888192.977,2026-10-01T16:56:32,1600,33.68991796554553,v1_smooth_repeat_20261001,0.0079,0.0079,19.5104,0.0079,0.1541,1,,1601,11.8,,620.0001386090889,621.4280166884237,True,0.19580066345008545,0.00013441238033022983,0.002373461733619832,v1_smooth_repeat_20261001,Plain,2,0.0023715325019099255,0.15770230878090097,0.00013755446273078397,-0.229773689146473
1790888194.031,2026-10-01T16:56:34,1600,33.68991796554553,v1_smooth_repeat_20261001,0.0158,0.0158,18.8664,0.0158,0.2981,1,,1600,11.8,,611.4283818714739,612.8569641889612,True,0.19309363880340877,0.00026001512379261206,0.004655729757635004,v1_smooth_repeat_20261001,Plain,2,0.004743065003819851,0.3077852573523948,0.00026846300500511203,-0.2331020778034043
1790888195.099,2026-10-01T16:56:35,1600,33.68991796554553,v1_smooth_repeat_20261001,0.0315,0.0315,18.1386,0.0315,0.5714,1,,1600,11.9,,600.0,608.3338919657422,True,0.1894844706544862,0.000498398663988925,0.0090941134482709,v1_smooth_repeat_20261001,Plain,2,0.009456110608881347,0.6005377719963242,0.0005238138313578117,-1.36995358565547
1790888196.156,2026-10-01T16:56:36,1600,33.68991796554553,v1_smooth_repeat_20261001,0.0473,0.0473,17.5299,0.0473,0.8292,1,,1600,11.9,,594.5941208439308,596.5578121100634,True,0.18777725373730303,0.0007232624644375509,0.01331711238158436,v1_smooth_repeat_20261001,Plain,2,0.014199175612701198,0.8878053466661057,0.000774380466679404,-0.3291703211775743
1790888197.207,2026-10-01T16:56:37,1600,33.68991796554553,v1_smooth_repeat_20261001,0.063,0.063,17.1573,0.063,1.0809,1,,1600,11.8,,592.2467551772797,590.7965464757808,True,0.18703593816933986,0.0009428055931145064,0.01742826716913308,v1_smooth_repeat_20261001,Plain,2,0.018912221217762693,1.1786149740874379,0.001028036626605741,0.24546668563818486
1790888198.263,2026-10-01T16:56:38,1600,33.68991796554553,v1_smooth_repeat_20261001,0.0788,0.0788,16.3294,0.0788,1.2868,1,,1600,11.9,,582.7379343973462,581.002697358565,True,0.18403298171594976,0.0011224000714402322,0.021086725474542944,v1_smooth_repeat_20261001,Plain,2,0.02365528622158254,1.4337648660746056,0.001250588893464899,0.29866247552208236
1790888199.316,2026-10-01T16:56:39,1600,33.68991796554553,v1_smooth_repeat_20261001,0.0946,0.0946,15.8486,0.0946,1.4993,1,,1600,11.9,,576.9848058134585,579.2595121757699,True,0.18221610084207449,0.0013077513421746504,0.024813929632818702,v1_smooth_repeat_20261001,Plain,2,0.028398351225402397,1.7054373172241455,0.0014875528183783172,-0.39269210336614346
1790888200.37,2026-10-01T16:56:40,1600,33.68991796554553,v1_smooth_repeat_20261001,0.1103,0.1103,14.9942,0.1103,1.6539,1,,1601,11.8,,564.6528734641379,564.4740107163216,True,0.17832158471981122,0.0014425998431419024,0.027970426371671023,v1_smooth_repeat_20261001,Plain,2,0.03311139683046389,1.9286638155778957,0.001682260183702845,0.03168662231045616
1790888201.427,2026-10-01T16:56:41,1600,33.68991796554553,v1_smooth_repeat_20261001,0.1261,0.1261,14.3383,0.1261,1.8081,1,,1600,11.9,,550.3960466148555,555.1760764934329,True,0.17381917257189636,0.0015770994475995366,0.03137028919895104,v1_smooth_repeat_20261001,Plain,2,0.03785446183428374,2.1618185840448216,0.001885627395999945,-0.8609934903479055
1790888202.484,2026-10-01T16:56:42,1600,33.68991796554553,v1_smooth_repeat_20261001,0.1418,0.1418,14.1364,0.1418,2.0045,1,,1600,11.9,,552.8671508820707,555.3143323708014,True,0.17459956571190519,0.0017484076338218414,0.034622359051578455,v1_smooth_repeat_20261001,Plain,2,0.04256750743934524,2.4465021951759756,0.0021339401916725207,-0.4406840137337831
1790888203.536,2026-10-01T16:56:43,1600,33.68991796554553,v1_smooth_repeat_20261001,0.1576,0.1576,13.3426,0.1576,2.1028,1,,1600,11.9,,539.9995288789114,542.3052552763579,True,0.17053587480548743,0.0018341489510603978,0.03718570070182601,v1_smooth_repeat_20261001,Plain,2,0.04731057244316508,2.6435392809602876,0.0023058040704110093,-0.4251713172632843
1790888204.597,2026-10-01T16:56:44,1600,33.68991796554553,v1_smooth_repeat_20261001,0.1733,0.1733,12.6618,0.1733,2.1943,1,,1600,11.8,,527.3626487813317,534.3473202542896,True,0.16654505391213056,0.0019139590276354534,0.039733609397659936,v1_smooth_repeat_20261001,Plain,2,0.05202361804822659,2.8429800048688447,0.002479764501529331,-1.3071407319183215
1790888205.681,2026-10-01T16:56:45,1600,33.68991796554553,v1_smooth_repeat_20261001,0.1891,0.1891,12.185,0.1891,2.3042,1,,1600,11.8,,516.7338929499692,519.5119558202919,True,0.1631884136247614,0.002009818343652924,0.04258185788186942,v1_smooth_repeat_20261001,Plain,2,0.056766683052046435,3.0713994079705436,0.0026790013327071998,-0.5347447424835838
1790888206.736,2026-10-01T16:56:46,1600,33.68991796554553,v1_smooth_repeat_20261001,0.2049,0.2049,11.5089,0.2049,2.3582,1,,1600,11.8,,509.16613834972395,517.8572231407088,True,0.1607984603339772,0.0020569193724513176,0.04422751143849836,v1_smooth_repeat_20261001,Plain,2,0.06150974805586629,3.2538413702346145,0.002838134742311559,-1.6782781822130444
1790888207.792,2026-10-01T16:56:47,1600,33.68991796554553,v1_smooth_repeat_20261001,0.2206,0.2206,10.6451,0.2206,2.3483,1,,1600,11.8,,493.2651104632441,502.324963664455,True,0.1557767972474241,0.002048284183838279,0.04546158383410102,v1_smooth_repeat_20261001,Plain,2,0.06622279366092779,3.3813989650755887,0.0029493957413496796,-1.803584105221323
1790888208.845,2026-10-01T16:56:48,1600,33.68991796554553,v1_smooth_repeat_20261001,0.2364,0.2364,10.019,0.2364,2.3685,1,,1600,11.9,,480.94348073891524,487.49941478944265,True,0.15188553477089906,0.002065903457573974,0.047027374044118456,v1_smooth_repeat_20261001,Plain,2,0.07096585866474764,3.549823244657046,0.0030963023495518068,-1.3448085990747316
1790888209.898,2026-10-01T16:56:49,1600,33.68991796554553,v1_smooth_repeat_20261001,0.2521,0.2521,9.7928,0.2521,2.4688,1,,1600,11.9,,484.44480895996094,480.00011444091797,True,0.1529912803118198,0.0021533892573606193,0.04866458051419591,v1_smooth_repeat_20261001,Plain,2,0.07567890426980912,3.807237952275423,0.0033208300820826066,0.925977804030298
1790888210.953,2026-10-01T16:56:50,1600,33.68991796554553,v1_smooth_repeat_20261001,0.2679,0.2679,9.1617,0.2679,2.4544,1,,1600,12.0,,475.0808008093827,476.6664505004883,True,0.15003405676579215,0.0021408289830143813,0.04933433112757771,v1_smooth_repeat_20261001,Plain,2,0.08042196927362899,3.960844549174268,0.0034548120958632672,-0.33265393220787143
1790888212.01,2026-10-01T16:56:52,1600,33.68991796554553,v1_smooth_repeat_20261001,0.2837,0.2837,8.7529,0.2837,2.4832,1,,1601,11.9,,467.39102912895305,472.82598504931457,True,0.14760556957192536,0.0021659495317068577,0.050734421080652174,v1_smooth_repeat_20261001,Plain,2,0.08516503427744883,4.167573705235483,0.003635129798328209,-1.1494621895187684
1790888213.089,2026-10-01T16:56:53,1600,33.68991796554553,v1_smooth_repeat_20261001,0.2994,0.2994,8.253,0.2994,2.4709,1,,1600,11.9,,461.2676094864355,466.30465204801794,True,0.1456717480226625,0.0021552209640361124,0.05115329246598599,v1_smooth_repeat_20261001,Plain,2,0.08987807988251033,4.341905283786279,0.0037871889965095124,-1.0802042268846512
1790888214.146,2026-10-01T16:56:54,1600,33.68991796554553,v1_smooth_repeat_20261001,0.3152,0.3152,7.7549,0.3152,2.4443,1,,1600,11.9,,,,False,,0.0021320193461465335,,v1_smooth_repeat_20261001,Plain,2,0.09462114488633017,4.5130167571648805,0.0039364394860528645,
1790888215.203,2026-10-01T16:56:55,1600,33.68991796554553,v1_smooth_repeat_20261001,0.3309,0.3309,7.2115,0.3309,2.3863,1,,1600,11.9,,,,False,,0.002081429352251963,,v1_smooth_repeat_20261001,Plain,2,0.09933419049139168,4.66130544849308,0.004065783003103339,
1790888216.258,2026-10-01T16:56:56,1600,33.68991796554553,v1_smooth_repeat_20261001,0.3467,0.3467,6.2212,0.3467,2.1569,1,,1600,11.9,,425.65996806761177,156.00388593178423,True,0.13442658954682815,0.0018813372039861956,0.048388101654941014,v1_smooth_repeat_20261001,Plain,2,0.10407725549521153,4.649399239189068,0.00405539791593097,172.85215719160996
1790888217.315,2026-10-01T16:56:57,1600,33.68991796554553,v1_smooth_repeat_20261001,0.3624,0.3624,6.1603,0.3624,2.2325,1,,1600,11.8,,420.32388575141795,419.5141713728731,True,0.13274141499174028,0.0019472786443039463,0.05071994561776451,v1_smooth_repeat_20261001,Plain,2,0.10879030110027302,4.95094504329467,0.004318418612286759,0.1930124019160262
1790888218.386,2026-10-01T16:56:58,1600,33.68991796554553,v1_smooth_repeat_20261001,0.3782,0.3782,5.5699,0.3782,2.1065,1,,1600,11.9,,415.58597157297754,420.58810753833313,True,0.13124514639155999,0.001837376243774362,0.048402965050162484,v1_smooth_repeat_20261001,Plain,2,0.11353336610409287,5.062221151308044,0.004415478226511038,-1.1893194019756415
1790888219.44,2026-10-01T16:56:59,1600,33.68991796554553,v1_smooth_repeat_20261001,0.394,0.394,4.8345,0.394,1.9048,1,,1600,11.9,,403.5428825536428,404.71672016483353,True,0.12744184914510415,0.0016614451787996226,0.04507451604890742,v1_smooth_repeat_20261001,Plain,2,0.11827643110791272,5.107719818483792,0.00445516404193573,-0.2900393170592652
1790888220.494,2026-10-01T16:57:00,1600,33.68991796554553,v1_smooth_repeat_20261001,0.4097,0.4097,4.1418,0.4097,1.6969,1,,1599,11.9,,383.92848808764484,393.862436787731,True,0.12124747722410767,0.0014801062179258082,0.042206301117876585,v1_smooth_repeat_20261001,Plain,2,0.12298947671297422,5.155282493521812,0.004496650170207848,-2.522187386313246
1790888228.999,2026-10-01T16:57:08,1700,35.82204265791633,v1_smooth_repeat_20261001,0.0089,0.0089,21.5138,0.0089,0.1915,1,,1700,12.7,,682.0438529411831,687.0971493122511,True,0.20257426802267348,0.00013894861813746454,0.0026811916686001963,v1_smooth_repeat_20261001,Plain,2,0.00267172648949346,0.19573517348907685,0.0001420215763822669,-0.7354558778370768
1790888230.052,2026-10-01T16:57:10,1700,35.82204265791633,v1_smooth_repeat_20261001,0.0178,0.0178,20.9808,0.0178,0.3735,1,,1700,12.7,,671.8749664724555,670.3115819036725,True,0.19955400074202134,0.00027100422388690867,0.005308520859789462,v1_smooth_repeat_20261001,Plain,2,0.00534345297898692,0.38511874431532506,0.0002794345553078326,0.23323251618940777
1790888231.13,2026-10-01T16:57:11,1700,35.82204265791633,v1_smooth_repeat_20261001,0.0356,0.0356,20.3075,0.0356,0.7229,1,,1700,12.7,,664.575054007696,667.200564822997,True,0.19738584921070662,0.0005245219637157865,0.010387369282127653,v1_smooth_repeat_20261001,Plain,2,0.01068690595797384,0.7587310779793355,0.0005505202862829113,-0.39351147971486977
1790888232.186,2026-10-01T16:57:12,1700,35.82204265791633,v1_smooth_repeat_20261001,0.0534,0.0534,19.409,0.0534,1.0364,1,,1700,12.8,,656.5454374640012,660.937375803428,True,0.1950009678180698,0.0007519913725204608,0.015074190477135213,v1_smooth_repeat_20261001,Plain,2,0.01603035893696076,1.1090370009920316,0.0008046953459590636,-0.6645014339048405
1790888233.242,2026-10-01T16:57:13,1700,35.82204265791633,v1_smooth_repeat_20261001,0.0713,0.0713,18.3346,0.0713,1.3073,1,,1700,12.8,,638.2350297378025,646.2775412199335,True,0.18956258225629677,0.0009485510626167488,0.019559871903882548,v1_smooth_repeat_20261001,Plain,2,0.021403831314706034,1.4296496126921023,0.0010373255253489765,-1.244436170093377
1790888234.298,2026-10-01T16:57:14,1700,35.82204265791633,v1_smooth_repeat_20261001,0.0891,0.0891,18.1087,0.0891,1.6135,1,,1699,12.8,,644.1177044382357,635.2939840000772,True,0.19130979911972404,0.001170723735586418,0.023920767795327442,v1_smooth_repeat_20261001,Plain,2,0.02674728429369295,1.797913464904128,0.0013045305038076732,1.3889192500455616
1790888235.354,2026-10-01T16:57:15,1700,35.82204265791633,v1_smooth_repeat_20261001,0.1069,0.1069,17.2067,0.1069,1.8394,1,,1700,12.8,,626.4705511111288,639.7062053331524,True,0.18606840715862552,0.0013346323143710302,0.028037991743171516,v1_smooth_repeat_20261001,Plain,2,0.03209073727267987,2.098470906464839,0.00152260904780659,-2.0690207647947823
1790888236.411,2026-10-01T16:57:16,1700,35.82204265791633,v1_smooth_repeat_20261001,0.1247,0.1247,16.5163,0.1247,2.0596,1,,1700,12.7,,621.6065935643428,624.9435795210388,True,0.18462376010919523,0.0014944050857228302,0.0316401586649004,v1_smooth_repeat_20261001,Plain,2,0.0374341902516668,2.4059219373742358,0.0017456894440979716,-0.5339659556553134
1790888237.469,2026-10-01T16:57:17,1700,35.82204265791633,v1_smooth_repeat_20261001,0.1425,0.1425,15.6663,0.1425,2.2324,1,,1700,12.7,,607.5547918244865,617.1425733784872,True,0.18045022575421793,0.001619785353159665,0.03508794595049337,v1_smooth_repeat_20261001,Plain,2,0.04277764323065371,2.678566557632318,0.0019435149961996652,-1.5535764291083165
1790888238.521,2026-10-01T16:57:18,1700,35.82204265791633,v1_smooth_repeat_20261001,0.1603,0.1603,15.0105,0.1603,2.4062,1,,1699,12.7,,594.443888133901,600.0003113130788,True,0.17655614811275408,0.0017458912008478705,0.038653803837053385,v1_smooth_repeat_20261001,Plain,2,0.04812109620964063,2.9648047672390856,0.0021512037882780058,-0.9260700493667562
1790888239.572,2026-10-01T16:57:19,1700,35.82204265791633,v1_smooth_repeat_20261001,0.1782,0.1782,14.3443,0.1782,2.5562,1,,1700,12.7,,585.8474790902619,588.7962357558763,True,0.1740029233279706,0.0018547282385534562,0.04166598441252202,v1_smooth_repeat_20261001,Plain,2,0.0534945685873859,3.240574566019711,0.0023512969081976643,-0.5008110593351267
1790888240.629,2026-10-01T16:57:20,1700,35.82204265791633,v1_smooth_repeat_20261001,0.196,0.196,13.5402,0.196,2.6539,1,,1700,12.7,,578.9469324105539,581.6683308291431,True,0.1719533876763111,0.0019256174291123612,0.04377409532644908,v1_smooth_repeat_20261001,Plain,2,0.05883802156637283,3.475970704825809,0.002522095697764255,-0.4678608537463158
1790888241.71,2026-10-01T16:57:21,1700,35.82204265791633,v1_smooth_repeat_20261001,0.2138,0.2138,12.6614,0.2138,2.707,1,,1701,12.7,,556.41014919197,557.6932134046274,True,0.16525972370675399,0.001964145740460138,0.046458436990276776,v1_smooth_repeat_20261001,Plain,2,0.06418147454535975,3.679360432980592,0.0026696712678449946,-0.23006631277157075
1790888242.766,2026-10-01T16:57:22,1700,35.82204265791633,v1_smooth_repeat_20261001,0.2316,0.2316,12.1271,0.2316,2.8086,1,,1700,12.7,,548.7177348158639,549.9994066762383,True,0.16297499493917258,0.0020378646939993887,0.04887787051219334,v1_smooth_repeat_20261001,Plain,2,0.06952492752434666,3.94384375048406,0.002861575139842484,-0.23303149872830886
1790888243.82,2026-10-01T16:57:23,1700,35.82204265791633,v1_smooth_repeat_20261001,0.2494,0.2494,11.9085,0.2494,2.97,1,,1701,12.7,,549.0394976684911,541.8253096296894,True,0.16307056192370997,0.002154973346570599,0.05165641266140803,v1_smooth_repeat_20261001,Plain,2,0.0748683805033336,4.2807206573362135,0.00310600637059721,1.3314601423348504
1790888244.875,2026-10-01T16:57:24,1700,35.82204265791633,v1_smooth_repeat_20261001,0.2672,0.2672,10.9237,0.2672,2.9188,1,,1701,12.7,,536.585010805311,541.0397329066654,True,0.15937144705151082,0.0021178236377004255,0.05194421445348651,v1_smooth_repeat_20261001,Plain,2,0.0802118334823205,4.417591153537053,0.00320531689963583,-0.8233632079888253
1790888245.932,2026-10-01T16:57:25,1700,35.82204265791633,v1_smooth_repeat_20261001,0.2851,0.2851,10.467,0.2851,2.9841,1,,1700,12.7,,524.6784981684868,530.055323913416,True,0.15583508634434184,0.002165204028114924,0.05431146128591823,v1_smooth_repeat_20261001,Plain,2,0.08558530586006578,4.6847181393982344,0.0033991389651848495,-1.0143895367811573
1790888246.988,2026-10-01T16:57:26,1700,35.82204265791633,v1_smooth_repeat_20261001,0.3029,0.3029,9.9914,0.3029,3.0264,1,,1700,12.7,,521.9510765462474,526.8302333127622,True,0.15502501315574582,0.0021958960727478994,0.05536915715861743,v1_smooth_repeat_20261001,Plain,2,0.0909287588390527,4.9403465647984035,0.0035846179023441677,-0.926134541640522
1790888248.044,2026-10-01T16:57:28,1700,35.82204265791633,v1_smooth_repeat_20261001,0.3207,0.3207,9.4397,0.3207,3.0273,1,,1700,12.7,,514.2855173174212,517.8575296779172,True,0.15274826065212369,0.0021965490949741326,0.05621116010444267,v1_smooth_repeat_20261001,Plain,2,0.09627221181803962,5.167168579547257,0.00374919547682202,-0.6897673888642042
1790888249.12,2026-10-01T16:57:29,1700,35.82204265791633,v1_smooth_repeat_20261001,0.3385,0.3385,8.4544,0.3385,2.8618,1,,1700,12.7,,496.3493923646638,495.34860046831,True,0.14742104104916168,0.0020764655633723032,0.055058346779128076,v1_smooth_repeat_20261001,Plain,2,0.10161566479702655,5.240184183644797,0.0038021741571970876,0.20203789723189924
1790888250.174,2026-10-01T16:57:30,1700,35.82204265791633,v1_smooth_repeat_20261001,0.3563,0.3563,7.896,0.3563,2.8133,1,,1700,12.7,,492.76169516410846,487.5239077543256,True,0.146355456877183,0.00204127492118083,0.05451932718731042,v1_smooth_repeat_20261001,Plain,2,0.10695911777601345,5.442793377091022,0.003949183386707788,1.0743652416780103
1790888251.227,2026-10-01T16:57:31,1700,35.82204265791633,v1_smooth_repeat_20261001,0.3741,0.3741,7.7088,0.3741,2.8839,1,,1699,12.8,,484.09109552894733,486.15183198280647,True,0.1437801966987705,0.0020925008869275927,0.05688850027879979,v1_smooth_repeat_20261001,Plain,2,0.11230257075500037,5.777096159885933,0.004191746883882002,-0.4238874191740183
1790888252.281,2026-10-01T16:57:32,1700,35.82204265791633,v1_smooth_repeat_20261001,0.392,0.392,6.7628,0.392,2.651,1,,1700,12.7,,470.839492861478,476.6664505004883,True,0.13984432996686785,0.0019235132463833863,0.05376606175141866,v1_smooth_repeat_20261001,Plain,2,0.11767604313274566,5.822080332827669,0.004224386511392763,-1.2224392198972978
1790888253.338,2026-10-01T16:57:33,1700,35.82204265791633,v1_smooth_repeat_20261001,0.4098,0.4098,6.2151,0.4098,2.5469,1,,1700,12.7,,55.443428996613875,66.0550119178879,True,0.016467287253191742,0.00184798034221571,0.43866521089686333,v1_smooth_repeat_20261001,Plain,2,0.12301949611173257,6.006941044821909,0.004358517793270087,-16.0647657356646
1790888254.394,2026-10-01T16:57:34,1700,35.82204265791633,v1_smooth_repeat_20261001,0.4276,0.4276,5.334,0.4276,2.2808,1,,1700,12.7,,,,False,,0.0016549034373260008,,v1_smooth_repeat_20261001,Plain,2,0.1283629490907195,6.042395346164836,0.004384242734150656,
1790888255.45,2026-10-01T16:57:35,1700,35.82204265791633,v1_smooth_repeat_20261001,0.4454,0.4454,5.0696,0.4454,2.258,1,,1700,12.8,,24.97110283143229,24.971112754110436,True,0.007416682748451561,0.0016383602075947517,0.863490564900021,v1_smooth_repeat_20261001,Plain,2,0.1337064020697064,6.333743236856448,0.004595639009914962,-3.9736627854836115e-05
1790888262.816,2026-10-01T16:57:42,1800,37.95416735028712,v1_smooth_repeat_20261001,0.01,0.01,23.3154,0.01,0.2332,1,,1800,13.6,,737.4901828768088,735.1431227313697,True,0.2067374243558083,0.00014226125492490166,0.0030195601452687845,v1_smooth_repeat_20261001,Plain,2,0.003001939875835348,0.23817723299939755,0.00014529756458419812,0.31926574198488655
1790888263.87,2026-10-01T16:57:43,1800,37.95416735028712,v1_smooth_repeat_20261001,0.02,0.02,22.5475,0.02,0.451,1,,1800,13.6,,730.6419789533265,734.4835942421696,True,0.2048176970516679,0.0002751278986755174,0.0058944502015012236,v1_smooth_repeat_20261001,Plain,2,0.006003879751670696,0.46492921329985737,0.0002836252715921312,-0.5230362283049739
1790888264.922,2026-10-01T16:57:44,1800,37.95416735028712,v1_smooth_repeat_20261001,0.04,0.04,21.7666,0.04,0.8707,1,,1800,13.6,,721.5010069408436,722.748575419746,True,0.2022552480132311,0.0005311615551591419,0.011523992977169212,v1_smooth_repeat_20261001,Plain,2,0.012007759503341393,0.9144574158039634,0.000557855315384453,-0.17261445007731302
1790888265.978,2026-10-01T16:57:45,1800,37.95416735028712,v1_smooth_repeat_20261001,0.06,0.06,20.9839,0.06,1.259,1,,1800,13.6,,714.0768988543186,718.8847899369193,True,0.20017407999285128,0.0007680399654822092,0.016836512174600596,v1_smooth_repeat_20261001,Plain,2,0.018011639255012087,1.348484607512318,0.0008226291274083013,-0.6687985543584185
1790888267.037,2026-10-01T16:57:47,1800,37.95416735028712,v1_smooth_repeat_20261001,0.08,0.08,20.2853,0.08,1.6228,1,,1799,13.6,,704.0899233069013,700.3165403835737,True,0.19737447445271572,0.000989972403482549,0.022009402472611374,v1_smooth_repeat_20261001,Plain,2,0.024015519006682785,1.773910788424922,0.0010821559815015057,0.5388110526792333
1790888268.09,2026-10-01T16:57:48,1800,37.95416735028712,v1_smooth_repeat_20261001,0.1,0.1,19.37,0.1,1.937,1,,1800,13.6,,693.5477274647837,701.6125147089497,True,0.19441922641544399,0.0011816468730254483,0.02667010034587605,v1_smooth_repeat_20261001,Plain,2,0.030019398758353483,2.1656359585417744,0.0013211238815293532,-1.1494645655674263
1790888269.145,2026-10-01T16:57:49,1800,37.95416735028712,v1_smooth_repeat_20261001,0.12,0.12,18.6015,0.12,2.2322,1,,1800,13.6,,686.7474937886982,691.9360805059796,True,0.1925129464027019,0.0013617305885221507,0.031038977252885784,v1_smooth_repeat_20261001,Plain,2,0.036023278510024175,2.5542601178628757,0.0015582000419030874,-0.7498650328347178
1790888270.232,2026-10-01T16:57:50,1800,37.95416735028712,v1_smooth_repeat_20261001,0.14,0.14,17.9297,0.14,2.5102,1,,1800,13.6,,674.999577889821,675.0003314167543,True,0.18921970409131478,0.0015313216214086116,0.035512087820696724,v1_smooth_repeat_20261001,Plain,2,0.04202715826169488,2.9415832663882258,0.0017944825340586636,-0.00011163356493648635
1790888271.288,2026-10-01T16:57:51,1800,37.95416735028712,v1_smooth_repeat_20261001,0.16,0.16,17.1483,0.16,2.7437,1,,1799,13.6,,665.4778810892367,665.6250754371285,True,0.18655052812429235,0.0016737658882395058,0.03937081274405374,v1_smooth_repeat_20261001,Plain,2,0.04803103801336557,3.3003054041178244,0.002013317274550757,-0.022113702341397534
1790888272.345,2026-10-01T16:57:52,1800,37.95416735028712,v1_smooth_repeat_20261001,0.18,0.18,16.5296,0.18,2.9753,1,,1800,13.6,,660.6058522012063,663.6362454125901,True,0.1851847733968606,0.0018150510796657803,0.04300903789484639,v1_smooth_repeat_20261001,Plain,2,0.054034917765036265,3.6730265310516717,0.002240691954030314,-0.4566346748435701
1790888273.401,2026-10-01T16:57:53,1800,37.95416735028712,v1_smooth_repeat_20261001,0.2,0.2,15.4473,0.2,3.0895,1,,1799,13.6,,642.2587909252343,650.000336204721,True,0.18004162128343618,0.0018847176118802905,0.04593561383323915,v1_smooth_repeat_20261001,Plain,2,0.06003879751670697,3.944246647189768,0.00240614698869019,-1.1910063500410906
1790888274.458,2026-10-01T16:57:54,1800,37.95416735028712,v1_smooth_repeat_20261001,0.22,0.22,15.0372,0.22,3.3082,1,,1800,13.6,,639.143344420927,639.7058043930201,True,0.17916828167706153,0.002018133291348884,0.049427070218212736,v1_smooth_repeat_20261001,Plain,2,0.06604267726837766,4.335865752532113,0.0026450501849962335,-0.08792478796200154
1790888275.515,2026-10-01T16:57:55,1800,37.95416735028712,v1_smooth_repeat_20261001,0.24,0.24,13.8823,0.24,3.3318,1,,1800,13.6,,622.561252949572,626.8012426030282,True,0.17451989589401584,0.0020325302279536337,0.05110556786641484,v1_smooth_repeat_20261001,Plain,2,0.07204655702004835,4.548283847078706,0.002774633652830516,-0.6764488270393332
1790888276.571,2026-10-01T16:57:56,1800,37.95416735028712,v1_smooth_repeat_20261001,0.26,0.26,13.331,0.26,3.4661,1,,1799,13.7,,608.4511378041952,608.7521800191098,True,0.17056446851308438,0.0021144585578696472,0.054398479743989876,v1_smooth_repeat_20261001,Plain,2,0.07805043677171906,4.887300930829549,0.0029814475283681465,-0.049452342808053995
1790888277.64,2026-10-01T16:57:57,1800,37.95416735028712,v1_smooth_repeat_20261001,0.28,0.28,12.6462,0.28,3.5409,1,,1799,13.7,,602.7768572184868,605.222364683641,True,0.16897382204673342,0.0021600895264304648,0.056095558206524496,v1_smooth_repeat_20261001,Plain,2,0.08405431652338977,5.182717003784641,0.003161663056942665,-0.4040675969455343
1790888278.697,2026-10-01T16:57:58,1800,37.95416735028712,v1_smooth_repeat_20261001,0.3,0.3,11.9989,0.3,3.5997,1,,1800,13.6,,589.8249693497291,594.4307027595642,True,0.1653430754948441,0.002195959860005011,0.05827932811452707,v1_smooth_repeat_20261001,Plain,2,0.09005819627506044,5.478032065943981,0.0033418169649229953,-0.774814185817374
1790888279.749,2026-10-01T16:57:59,1800,37.95416735028712,v1_smooth_repeat_20261001,0.32,0.32,11.4581,0.32,3.6666,1,,1800,13.7,,582.4325766095171,588.8509562716536,True,0.16327079809994174,0.002236771515041357,0.060115886828079716,v1_smooth_repeat_20261001,Plain,2,0.09606207602673114,5.797346117307569,0.0035366112087572084,-1.0899837376124544
1790888280.806,2026-10-01T16:58:00,1800,37.95416735028712,v1_smooth_repeat_20261001,0.34,0.34,10.5371,0.34,3.5826,1,,1800,13.7,,565.7896163384521,572.3678326037998,True,0.15860534923027075,0.0021855281813634338,0.06046648605653527,v1_smooth_repeat_20261001,Plain,2,0.10206595577840184,5.9816591578754075,0.003649049478269237,-1.1492987359932982
1790888281.861,2026-10-01T16:58:01,1800,37.95416735028712,v1_smooth_repeat_20261001,0.36,0.36,10.0384,0.36,3.6138,1,,1800,13.7,,566.6665933069453,565.188778725701,True,0.15885118838026246,0.0022045614195866626,0.060898680826305424,v1_smooth_repeat_20261001,Plain,2,0.10806983553007253,6.297071187647494,0.0038414633340745005,0.26147273917507263
1790888282.939,2026-10-01T16:58:02,1800,37.95416735028712,v1_smooth_repeat_20261001,0.38,0.38,9.0951,0.38,3.4561,1,,1799,13.7,,545.7578639552594,546.7476601266526,True,0.15298993496552749,0.002108358161003228,0.060472466104308016,v1_smooth_repeat_20261001,Plain,2,0.11407371528174323,6.439482206623829,0.003928339707465184,-0.18103345356136336
1790888283.99,2026-10-01T16:58:03,1800,37.95416735028712,v1_smooth_repeat_20261001,0.4,0.4,8.5622,0.4,3.4249,1,,1800,13.6,,538.0494153817381,544.6158287615617,True,0.150829059009657,0.002089324922779999,0.060785096946015554,v1_smooth_repeat_20261001,Plain,2,0.12007759503341393,6.724292214804413,0.004102085115608157,-1.2056963887288163
1790888285.043,2026-10-01T16:58:05,1800,37.95416735028712,v1_smooth_repeat_20261001,0.42,0.42,7.8622,0.42,3.3021,1,,1799,13.6,,529.2678229377088,533.242662945031,True,0.14836735328695957,0.002014412049260368,0.059578026262775544,v1_smooth_repeat_20261001,Plain,2,0.12608147478508464,6.933401212189245,0.0042296499028468115,-0.745409226142868
1790888286.098,2026-10-01T16:58:06,1800,37.95416735028712,v1_smooth_repeat_20261001,0.44,0.44,7.5484,0.44,3.3213,1,,1800,13.6,,522.0959258914718,522.9540627417464,True,0.14635688649362497,0.0020261248112438935,0.06074760820114032,v1_smooth_repeat_20261001,Plain,2,0.13208535453675532,7.300409198778327,0.004453539339980707,-0.16409411675196717
1790888287.153,2026-10-01T16:58:07,1800,37.95416735028712,v1_smooth_repeat_20261001,0.46,0.46,6.6771,0.46,3.0715,1,,1799,13.7,,506.97625726111255,517.9633783499867,True,0.14211845536283943,0.0018737368975207354,0.05785411849632034,v1_smooth_repeat_20261001,Plain,2,0.13808923428842604,7.414316174571658,0.004523027115800002,-2.1212158133407932
1790888288.209,2026-10-01T16:58:08,1800,37.95416735028712,v1_smooth_repeat_20261001,0.48,0.48,6.1463,0.48,2.9502,1,,1800,13.6,,500.1702062658751,498.83718350777144,True,0.14021054460625015,0.0017997390835310675,0.05632549566858253,v1_smooth_repeat_20261001,Plain,2,0.1440931140400967,7.672622139569236,0.0046806040057448695,0.267226021270095
1790888289.261,2026-10-01T16:58:09,1800,37.95416735028712,v1_smooth_repeat_20261001,0.5,0.5,5.9223,0.5,2.9611,1,,1800,13.6,,502.3249499762642,500.53179179412837,True,0.14081457456512367,0.0018063885161154647,0.0562910962728425,v1_smooth_repeat_20261001,Plain,2,0.1500969937917674,8.079027093771064,0.004928527156655887,0.358250606961108
1790888290.316,2026-10-01T16:58:10,1800,37.95416735028712,v1_smooth_repeat_20261001,0.52,0.52,5.0715,0.52,2.6372,1,,1800,13.6,,,,False,,0.0016087966616121386,,v1_smooth_repeat_20261001,Plain,2,0.15610087354343813,8.16653103717714,0.004981908034871265,
1790888291.427,2026-10-01T16:58:11,1800,37.95416735028712,v1_smooth_repeat_20261001,0.54,0.54,4.3586,0.54,2.3536,1,,1800,13.7,,,,False,,0.001435789406480483,,v1_smooth_repeat_20261001,Plain,2,0.16210475329510882,8.310233969787467,0.005069572526850396,
1790889507.448,2026-10-01T17:18:27,500,10.236546349466778,v1_Ra20_20261001,0.001,0.001,2.9108,0.001,0.0029,1,,501,4.5,,101.65290579777988,98.18183307805252,True,0.10565466233976707,9.017250201533875e-05,0.0002724266451672315,v1_Ra20_20261001,FS 0.05,1,0.00030019398758353484,0.003218859671391958,0.00010008711386402896,3.5353513077800436
1790889508.535,2026-10-01T17:18:28,500,10.236546349466778,v1_Ra20_20261001,0.002,0.002,3.0779,0.002,0.0062,1,,501,4.5,,106.1809038701849,105.31253114963128,True,0.11036091351537801,0.0001927825905155518,0.000557592153317596,v1_Ra20_20261001,FS 0.05,1,0.0006003879751670697,0.006877466815794538,0.00021384772079574427,0.8245673245853347
1790889509.591,2026-10-01T17:18:29,500,10.236546349466778,v1_Ra20_20261001,0.004,0.004,2.973,0.004,0.0119,1,,501,4.5,,106.21368505239985,106.7147128339851,True,0.11039498519007179,0.0003700181979250108,0.0010698868918026087,v1_Ra20_20261001,FS 0.05,1,0.0012007759503341394,0.013413923523631565,0.00041709208481664387,-0.4695020660971938
1790889510.648,2026-10-01T17:18:30,500,10.236546349466778,v1_Ra20_20261001,0.006,0.006,2.7225,0.006,0.0163,1,,501,4.5,,102.14095619542505,104.3438329295757,True,0.10616192575307833,0.0005068316492586281,0.0015239091167901701,v1_Ra20_20261001,FS 0.05,1,0.001801163925501209,0.018809370123511075,0.00058485791909295,-2.111170993342204
1790889511.702,2026-10-01T17:18:31,500,10.236546349466778,v1_Ra20_20261001,0.008,0.008,2.5171,0.008,0.0201,1,,501,4.5,,97.2392087879939,100.17245537321458,True,0.1010672119016394,0.0006249887208649341,0.001973903981338489,v1_Ra20_20261001,FS 0.05,1,0.0024015519006682787,0.023763806615433078,0.000738910999973193,-2.928196752582546
1790889512.754,2026-10-01T17:18:32,500,10.236546349466778,v1_Ra20_20261001,0.01,0.01,2.3232,0.01,0.0232,1,,500,4.5,,94.34232399060392,95.57520208181138,True,0.09805628582231696,0.00072138001612271,0.0023482957745028952,v1_Ra20_20261001,FS 0.05,1,0.003001939875835348,0.028177232999397565,0.000876141930836154,-1.2899560391744003
1790889513.818,2026-10-01T17:18:33,500,10.236546349466778,v1_Ra20_20261001,0.012,0.012,2.1179,0.012,0.0254,1,,500,4.5,,89.60133791082896,91.7770065719715,True,0.09312866196852743,0.0007897867417895187,0.0027070146375876196,v1_Ra20_20261001,FS 0.05,1,0.003602327851002418,0.03184964927540454,0.000990331918439396,-2.370603207064048
1790889514.873,2026-10-01T17:18:34,500,10.236546349466778,v1_Ra20_20261001,0.014,0.014,1.8766,0.014,0.0263,1,,500,4.4,,83.85152027617124,87.44943111964254,True,0.08715249202102489,0.000817771311380486,0.0029951335333198623,v1_Ra20_20261001,FS 0.05,1,0.004202715826169488,0.03438105544345401,0.001069043376298045,-4.114275870530104
1790889515.928,2026-10-01T17:18:35,500,10.236546349466778,v1_Ra20_20261001,0.016,0.016,1.7571,0.016,0.0281,1,,499,4.5,,80.96285345882066,81.96373308982956,True,0.0841501074378787,0.0008737404505624204,0.003314300603170024,v1_Ra20_20261001,FS 0.05,1,0.004803103801336557,0.03797145150354596,0.0011806830300789088,-1.221124994284939
1790889516.982,2026-10-01T17:18:36,500,10.236546349466778,v1_Ra20_20261001,0.018,0.018,1.6144,0.018,0.0291,1,,499,4.5,,76.981472124357,79.70478688026112,True,0.08001199158927307,0.0009048344167746061,0.003609758594763562,v1_Ra20_20261001,FS 0.05,1,0.005403491776503627,0.0409208374556804,0.0012723911372212724,-3.4167518194299973
1790889518.039,2026-10-01T17:18:38,500,10.236546349466778,v1_Ra20_20261001,0.02,0.02,1.5651,0.02,0.0313,1,,499,4.6,,74.22680838073461,75.51261945145029,True,0.07714888536119337,0.0009732411424414149,0.004026752458403646,v1_Ra20_20261001,FS 0.05,1,0.006003879751670696,0.04522921329985733,0.0014063556301495074,-1.702776410163298
1790889519.125,2026-10-01T17:18:39,500,10.236546349466778,v1_Ra20_20261001,0.022,0.022,1.1782,0.022,0.0259,1,,499,4.6,,67.86170911583653,69.677450971977,True,0.07053321207262325,0.0008053337248956116,0.003644570477036335,v1_Ra20_20261001,FS 0.05,1,0.006604267726837766,0.042096579036076734,0.001308949606196378,-2.605924629577394
1790889520.181,2026-10-01T17:18:40,500,10.236546349466778,v1_Ra20_20261001,0.024,0.024,1.0915,0.024,0.0262,1,,499,4.5,,60.08653617018567,63.343138841617375,True,0.062451954918595336,0.0008146619147592674,0.004163854109210609,v1_Ra20_20261001,FS 0.05,1,0.007204655702004836,0.04482293466433865,0.0013937228159839566,-5.141208236577111
1790889521.236,2026-10-01T17:18:41,500,10.236546349466778,v1_Ra20_20261001,0.026,0.026,0.8195,0.026,0.0213,1,,499,4.5,,53.64604224145282,56.39687298449125,True,0.05575791891439828,0.000662301480319557,0.0037915195375638187,v1_Ra20_20261001,FS 0.05,1,0.007805043677171905,0.04250828018464303,0.0013217510277994168,-4.877629906528491
1790889522.324,2026-10-01T17:18:42,500,10.236546349466778,v1_Ra20_20261001,0.028,0.028,0.5684,0.028,0.0159,1,,500,4.4,,54.1861176569121,50.349654966685264,True,0.056319255407541687,0.0004943940627737539,0.0028020796151336726,v1_Ra20_20261001,FS 0.05,1,0.008405431652338976,0.03985261559698992,0.0012391758828400323,7.619640477705958
1790889531.816,2026-10-01T17:18:51,600,12.368671041837572,v1_Ra20_20261001,0.0011,0.0011,4.6016,0.0011,0.0051,1,,600,4.9,,150.7436098836365,151.1965308947211,True,0.12966960800576885,8.989541725159724e-05,0.00032307447475693365,v1_Ra20_20261001,FS 0.05,1,0.0003302133863418883,0.005452931749546738,9.611638722940905e-05,-0.2995578062567783
1790889532.873,2026-10-01T17:18:52,600,12.368671041837572,v1_Ra20_20261001,0.0021,0.0021,4.3784,0.0021,0.0092,1,,600,4.8,,148.63009417630764,148.16008669382512,True,0.12785156242828183,0.0001621642821009205,0.0005910884271022047,v1_Ra20_20261001,FS 0.05,1,0.0006304073739254231,0.00991551364125038,0.00017477632079296218,0.31722948667936013
1790889533.925,2026-10-01T17:18:53,600,12.368671041837572,v1_Ra20_20261001,0.0042,0.0042,4.324,0.0042,0.0182,1,,600,4.8,,146.78277371232582,147.9453055486104,True,0.12626249791927568,0.0003208032537213862,0.0011840435594776843,v1_Ra20_20261001,FS 0.05,1,0.0012608147478508462,0.019806313638477603,0.000349117025244499,-0.78578487635933
1790889534.979,2026-10-01T17:18:54,600,12.368671041837572,v1_Ra20_20261001,0.0064,0.0064,4.0773,0.0064,0.0261,1,,600,4.8,,142.3775912511033,144.98544437876717,True,0.12247316128748377,0.00046005301769935054,0.0017505327818219904,v1_Ra20_20261001,FS 0.05,1,0.001921241520534623,0.028827538230532083,0.0005081301132490299,-1.7986999583564978
1790889536.035,2026-10-01T17:18:56,600,12.368671041837572,v1_Ra20_20261001,0.0085,0.0085,3.9123,0.0085,0.0333,1,,600,4.8,,139.71705037602504,140.25969900196884,True,0.1201845648247811,0.0005869641949957232,0.002275968290497014,v1_Ra20_20261001,FS 0.05,1,0.002551648894460046,0.037277257909045215,0.0006570695399468672,-0.38688848600493264
1790889537.091,2026-10-01T17:18:57,600,12.368671041837572,v1_Ra20_20261001,0.0106,0.0106,3.6397,0.0106,0.0386,1,,600,4.9,,135.3933353668893,137.64245189331348,True,0.11646530647083776,0.0006803849227277752,0.0027224593234370692,v1_Ra20_20261001,FS 0.05,1,0.003182056268385469,0.0440022639435352,0.0007756082112194135,-1.6340282343760282
1790889538.263,2026-10-01T17:18:58,600,12.368671041837572,v1_Ra20_20261001,0.0127,0.0127,3.4467,0.0127,0.0438,1,,600,4.8,,128.70856190062625,131.15096147368774,True,0.11071506634028223,0.0007720429952195997,0.003249660972581078,v1_Ra20_20261001,FS 0.05,1,0.0038124636423108923,0.05080255633400202,0.0008954739213907618,-1.8622811038648046
1790889539.319,2026-10-01T17:18:59,600,12.368671041837572,v1_Ra20_20261001,0.0149,0.0149,3.2112,0.0149,0.0478,1,,600,4.8,,124.85535310116376,125.19628008493981,True,0.10740053728676963,0.0008425492048286956,0.003655881509683555,v1_Ra20_20261001,FS 0.05,1,0.004472890414994669,0.05666705867135513,0.0009988448791533745,-0.2723139885184689
1790889540.377,2026-10-01T17:19:00,600,12.368671041837572,v1_Ra20_20261001,0.017,0.017,2.9515,0.017,0.0502,1,,600,4.8,,119.84986890969367,121.34842025624835,True,0.10309482128668163,0.0008848529305941532,0.0039997931825356894,v1_Ra20_20261001,FS 0.05,1,0.005103297788920092,0.061026270743107874,0.0010756827591687497,-1.2349162382091383
1790889541.43,2026-10-01T17:19:01,600,12.368671041837572,v1_Ra20_20261001,0.0191,0.0191,2.8828,0.0191,0.0551,1,,600,4.8,,117.64944165848874,117.39135302308483,True,0.10120201442522192,0.0009712230373652957,0.004472322472971478,v1_Ra20_20261001,FS 0.05,1,0.005733705162845515,0.06806076917083745,0.0011996767143288387,0.21985319085056076
1790889542.486,2026-10-01T17:19:02,600,12.368671041837572,v1_Ra20_20261001,0.0212,0.0212,2.7933,0.0212,0.0592,1,,600,4.9,,113.78002169481505,115.422376073289,True,0.09787354053311745,0.001043491902214619,0.0049685203908532375,v1_Ra20_20261001,FS 0.05,1,0.006364112536770938,0.07447055395454388,0.0013126591217061385,-1.4229081347546635
1790889543.54,2026-10-01T17:19:03,600,12.368671041837572,v1_Ra20_20261001,0.0234,0.0234,2.5576,0.0234,0.0598,1,,600,4.8,,109.93160111316769,111.28728650756798,True,0.09456313030313321,0.0010540678336559831,0.005194574899585629,v1_Ra20_20261001,FS 0.05,1,0.007024539309454715,0.07767833403719562,0.0013692012254279701,-1.2181853264147113
1790889544.596,2026-10-01T17:19:04,600,12.368671041837572,v1_Ra20_20261001,0.0255,0.0255,2.3615,0.0255,0.0602,1,,600,4.8,,107.42609827431266,107.99992790228856,True,0.09240789751268548,0.0010611184546168927,0.005351284871018965,v1_Ra20_20261001,FS 0.05,1,0.007654946683380137,0.08074703850218794,0.0014232919054872493,-0.5313240843040745
1790889545.649,2026-10-01T17:19:05,600,12.368671041837572,v1_Ra20_20261001,0.0276,0.0276,2.2905,0.0276,0.0632,1,,600,4.8,,104.09721572798531,105.36579545097737,True,0.08954439374484602,0.0011139981118237147,0.005797614662254786,v1_Ra20_20261001,FS 0.05,1,0.008285354057305561,0.08659102932315715,0.0015263013159314712,-1.2039767911041666
1790889546.822,2026-10-01T17:19:06,600,12.368671041837572,v1_Ra20_20261001,0.0297,0.0297,2.1136,0.0297,0.0628,1,,600,4.8,,100.93460629372402,100.93451084373442,True,0.08682391805813153,0.001106947490862805,0.00594142928368018,v1_Ra20_20261001,FS 0.05,1,0.008915761431230984,0.08921030650010317,0.0015724701423469904,9.456625766901539e-05
1790889547.878,2026-10-01T17:19:07,600,12.368671041837572,v1_Ra20_20261001,0.0319,0.0319,1.9996,0.0319,0.0638,1,,600,4.8,,95.10046066074267,97.6213104471455,True,0.08180538773461578,0.001124574043265079,0.0064063319769729656,v1_Ra20_20261001,FS 0.05,1,0.009576188203914761,0.09356136432805352,0.0016491642911566817,-2.582274069930335
1790889548.946,2026-10-01T17:19:08,600,12.368671041837572,v1_Ra20_20261001,0.034,0.034,1.793,0.034,0.061,1,,600,4.8,,88.03131332320362,91.49129942199892,True,0.07572450931528307,0.001075219696538712,0.006617044205369109,v1_Ra20_20261001,FS 0.05,1,0.010206595577840184,0.09413956118628548,0.0016593559083771373,-3.7817651740153835
1790889550.002,2026-10-01T17:19:10,600,12.368671041837572,v1_Ra20_20261001,0.0361,0.0361,1.3294,0.0361,0.048,1,,600,4.8,,82.32734640147896,83.72103003578104,True,0.07081795868014269,0.0008460745153091504,0.005567606101007823,v1_Ra20_20261001,FS 0.05,1,0.010837002951765607,0.08469304440049426,0.0014928463852334278,-1.6646756898552773
1790889551.064,2026-10-01T17:19:11,600,12.368671041837572,v1_Ra20_20261001,0.0382,0.0382,1.4599,0.0382,0.0558,1,,600,4.9,,79.3214157377264,80.80373380171437,True,0.0682322580248234,0.0009835616240468873,0.006717615217982478,v1_Ra20_20261001,FS 0.05,1,0.01146741032569103,0.0962218139706799,0.0016960588461960465,-1.8344672878922386
1790889552.119,2026-10-01T17:19:12,600,12.368671041837572,v1_Ra20_20261001,0.0404,0.0404,1.2159,0.0404,0.0491,1,,600,4.8,,74.6784577179497,75.2613724960689,True,0.06423838692888491,0.0008654637229516517,0.006278523642247448,v1_Ra20_20261001,FS 0.05,1,0.012127837098374807,0.09361614954392888,0.0016501299656351786,-0.774520525983835
1790889553.173,2026-10-01T17:19:13,600,12.368671041837572,v1_Ra20_20261001,0.0425,0.0425,0.9788,0.0425,0.0416,1,,600,4.8,,80.1761379062242,73.97263293911891,True,0.06896748977778797,0.0007332645799345969,0.0049547252877409,v1_Ra20_20261001,FS 0.05,1,0.01275824447230023,0.09020383879540043,0.0015899826914133992,8.386216254071833
1790889565.507,2026-10-01T17:19:25,700,14.500795734208369,v1_Ra20_20261001,0.0015,0.0015,5.6975,0.0015,0.0085,1,,700,5.3,,184.7538227102632,185.80048220811562,True,0.13555761651351303,9.297793895276069e-05,0.00043933608401791206,v1_Ra20_20261001,FS 0.05,1,0.00045029098137530226,0.00899319480946692,9.837279035116465e-05,-0.5633244248957725
1790889566.564,2026-10-01T17:19:26,700,14.500795734208369,v1_Ra20_20261001,0.0029,0.0029,5.4973,0.0029,0.0159,1,,700,5.3,,183.39471670196303,184.72763738935498,True,0.13456041294623802,0.00017392343874692882,0.0008279072507656539,v1_Ra20_20261001,FS 0.05,1,0.000870562563992251,0.016934197335180944,0.00018523609012287723,-0.7215599713336407
1790889567.62,2026-10-01T17:19:27,700,14.500795734208369,v1_Ra20_20261001,0.0058,0.0058,5.3,0.0058,0.0307,1,,700,5.3,,181.0026588465007,182.57161872821968,True,0.13280531171643875,0.0003358144383352651,0.0016196635289423482,v1_Ra20_20261001,FS 0.05,1,0.001741125127984502,0.03310267091838122,0.000362096248920303,-0.8593668022709222
1790889568.676,2026-10-01T17:19:28,700,14.500795734208369,v1_Ra20_20261001,0.0088,0.0088,5.2041,0.0088,0.0458,1,,700,5.3,,177.90715366726033,179.9997954546427,True,0.1305340769574096,0.0005009870122395811,0.0024583484958368707,v1_Ra20_20261001,FS 0.05,1,0.0026417070907351066,0.049970098381973777,0.0005466019713908944,-1.1625800918811047
1790889569.733,2026-10-01T17:19:29,700,14.500795734208369,v1_Ra20_20261001,0.0117,0.0117,4.901,0.0117,0.0573,1,,700,5.3,,173.51690825084347,176.79321868494355,True,0.1273128650992271,0.0006267806943521397,0.0031534373212719824,v1_Ra20_20261001,FS 0.05,1,0.0035122696547273576,0.06351865122838579,0.0006948039148558296,-1.8531878419718484
1790889570.808,2026-10-01T17:19:30,700,14.500795734208369,v1_Ra20_20261001,0.0146,0.0146,4.6888,0.0146,0.0685,1,,700,5.3,,170.62311625048494,171.66754072626702,True,0.12518963137935085,0.0007492928021487185,0.0038337526032955144,v1_Ra20_20261001,FS 0.05,1,0.004382832218719608,0.07710148032281715,0.0008433807918379261,-0.6083995095190864
1790889571.864,2026-10-01T17:19:31,700,14.500795734208369,v1_Ra20_20261001,0.0175,0.0175,4.4867,0.0175,0.0785,1,,700,5.2,,166.13448127704373,167.44194994215889,True,0.12189622911317362,0.000858678612681378,0.004512126418312708,v1_Ra20_20261001,FS 0.05,1,0.00525339478271186,0.08981858566526782,0.0009824878793892444,-0.7808489243984584
1790889572.917,2026-10-01T17:19:32,700,14.500795734208369,v1_Ra20_20261001,0.0204,0.0204,4.3753,0.0204,0.0893,1,,700,5.3,,162.04166065977006,163.64784627795785,True,0.11889324384577236,0.0009768152880566506,0.005262549035934975,v1_Ra20_20261001,FS 0.05,1,0.006123957346704111,0.10366996725573781,0.0011340023396163162,-0.9814890050307556
1790889573.974,2026-10-01T17:19:33,700,14.500795734208369,v1_Ra20_20261001,0.0234,0.0234,4.054,0.0234,0.0949,1,,700,5.3,,155.6209015766484,158.9833640162439,True,0.11418220304159685,0.0010380713419549398,0.005823306745970141,v1_Ra20_20261001,FS 0.05,1,0.007024539309454715,0.11277833403719562,0.0012336349479181677,-2.1149775389404546
1790889575.026,2026-10-01T17:19:35,700,14.500795734208369,v1_Ra20_20261001,0.0263,0.0263,3.6924,0.0263,0.0971,1,,700,5.3,,147.48730114557418,151.23362512309058,True,0.10821441589686862,0.001062136220272125,0.006286891761197618,v1_Ra20_20261001,FS 0.05,1,0.007895101873446966,0.11870979489087737,0.0012985167132304398,-2.477176603065112
1790889576.105,2026-10-01T17:19:36,700,14.500795734208369,v1_Ra20_20261001,0.0292,0.0292,3.4432,0.0292,0.1005,1,,700,5.3,,139.15021294247367,142.59211875923228,True,0.10209732565810492,0.0010993273958532293,0.006896894273822505,v1_Ra20_20261001,FS 0.05,1,0.008765664437439216,0.12617553199257844,0.001380181283639772,-2.4138121003519752
1790889577.162,2026-10-01T17:19:37,700,14.500795734208369,v1_Ra20_20261001,0.0321,0.0321,3.1117,0.0321,0.0999,1,,700,5.3,,133.76008154832277,135.46655292690417,True,0.09814247723458071,0.0010927642472212697,0.007131983756664977,v1_Ra20_20261001,FS 0.05,1,0.009636227001431467,0.12997554534229885,0.0014217480376691812,-1.2596994178350363
1790889578.218,2026-10-01T17:19:38,700,14.500795734208369,v1_Ra20_20261001,0.035,0.035,2.8165,0.035,0.0986,1,,700,5.3,,126.19021550232503,131.7075200341634,True,0.09258831341015326,0.0010785440918520239,0.0074614393800944475,v1_Ra20_20261001,FS 0.05,1,0.01050678956542372,0.13340983494003858,0.0014593142927944453,-4.189058096612275
1790889579.273,2026-10-01T17:19:39,700,14.500795734208369,v1_Ra20_20261001,0.038,0.038,2.8599,0.038,0.1087,1,,700,5.3,,127.16181773265589,125.76509418720434,True,0.09330119761796428,0.0011890237604900101,0.008162894785191286,v1_Ra20_20261001,FS 0.05,1,0.011407371528174323,0.14875914103936164,0.0016272139216732802,1.1105812423378048
1790889580.33,2026-10-01T17:19:40,700,14.500795734208369,v1_Ra20_20261001,0.0409,0.0409,2.7582,0.0409,0.1128,1,,700,5.3,,124.45434461417335,126.5655945045907,True,0.09131466983016598,0.0012338719428084005,0.008655066708882707,v1_Ra20_20261001,FS 0.05,1,0.012277934092166574,0.15827350990031308,0.0017312876166294675,-1.668107275663111
1790889581.409,2026-10-01T17:19:41,700,14.500795734208369,v1_Ra20_20261001,0.0438,0.0438,2.4261,0.0438,0.1063,1,,700,5.3,,120.8544790312601,121.82562684387221,True,0.08867337564187722,0.001162771165962172,0.008399276842503672,v1_Ra20_20261001,FS 0.05,1,0.013148496656158824,0.1575221550092839,0.001723068860254177,-0.7971621716805988
1790889582.464,2026-10-01T17:19:42,700,14.500795734208369,v1_Ra20_20261001,0.0467,0.0467,2.259,0.0467,0.1055,1,,700,5.3,,114.39895659572699,117.42854981976336,True,0.08393682826292134,0.001154020301119559,0.008806468343342632,v1_Ra20_20261001,FS 0.05,1,0.014019059220151077,0.16280507636627406,0.0017808565237156435,-2.579946042667125
1790889583.52,2026-10-01T17:19:43,700,14.500795734208369,v1_Ra20_20261001,0.0496,0.0496,1.9426,0.0496,0.0964,1,,700,5.3,,108.48261852646885,110.20403605411957,True,0.07959589135892818,0.0010544792135348388,0.008485711382592739,v1_Ra20_20261001,FS 0.05,1,0.014889621784143327,0.1601222739712835,0.0017515104722681434,-1.5620276618592777
1790889584.573,2026-10-01T17:19:44,700,14.500795734208369,v1_Ra20_20261001,0.0525,0.0525,1.8842,0.0525,0.0989,1,,700,5.3,,105.49793114330441,107.99994338207028,True,0.07740596585825678,0.0010818256661680038,0.008952075382638881,v1_Ra20_20261001,FS 0.05,1,0.01576018434813558,0.1693737478243123,0.0018527084688716696,-2.316679213353412
1790889585.626,2026-10-01T17:19:45,700,14.500795734208369,v1_Ra20_20261001,0.0555,0.0555,1.7166,0.0555,0.0953,1,,700,5.3,,100.02361517222766,101.87697638003357,True,0.07338934950794299,0.0010424467743762461,0.009098331059445044,v1_Ra20_20261001,FS 0.05,1,0.016660766310886182,0.17310979625669298,0.001893575537468193,-1.8192149724705953
1790889586.683,2026-10-01T17:19:46,700,14.500795734208369,v1_Ra20_20261001,0.0584,0.0584,1.6099,0.0584,0.094,1,,700,5.3,,95.49254004166698,97.9489253206026,True,0.07006480804010175,0.0010282266190070005,0.009400041915804295,v1_Ra20_20261001,FS 0.05,1,0.017531328874878432,0.17924134937293354,0.001960646028212596,-2.5078225931478793
1790889587.735,2026-10-01T17:19:47,700,14.500795734208369,v1_Ra20_20261001,0.0613,0.0613,1.237,0.0613,0.0758,1,,700,5.3,,91.74682234678642,93.50644862962838,True,0.06731649920728919,0.00082914444383756,0.007889501376363402,v1_Ra20_20261001,FS 0.05,1,0.018401891438870686,0.16880717873719342,0.0018465110069899448,-1.8818234556332136
1790889588.791,2026-10-01T17:19:48,700,14.500795734208369,v1_Ra20_20261001,0.0642,0.0642,1.0825,0.0642,0.0695,1,,700,5.3,,98.26508550777362,89.020244409366,True,0.07209908072549114,0.0007602313832019845,0.006753936143888065,v1_Ra20_20261001,FS 0.05,1,0.019272454002862933,0.17060728434947262,0.0018662016081342997,10.385099658786089
1790889596.72,2026-10-01T17:19:56,800,16.632920426579165,v1_Ra20_20261001,0.0019,0.0019,6.6575,0.0019,0.0126,1,,800,5.9,,215.08814299970425,217.02940204168755,True,0.13758474591225514,9.132748740484058e-05,0.0005594038578762491,v1_Ra20_20261001,FS 0.05,1,0.0005703685764087161,0.013239817465068802,9.596502085583012e-05,-0.894468225835332
1790889597.773,2026-10-01T17:19:57,800,16.632920426579165,v1_Ra20_20261001,0.0038,0.0038,6.4501,0.0038,0.0245,1,,800,5.9,,213.37923916107115,211.76495832579434,True,0.13649161684829214,0.00017758122550941226,0.001096441093636486,v1_Ra20_20261001,FS 0.05,1,0.0011407371528174323,0.02592312330770595,0.0001878963267760829,0.7622983745938283
1790889598.857,2026-10-01T17:19:58,800,16.632920426579165,v1_Ra20_20261001,0.0077,0.0077,6.2704,0.0077,0.0483,1,,800,5.9,,209.70879206957136,212.77204853079894,True,0.13414375367264014,0.0003500887017185556,0.002199388115913129,v1_Ra20_20261001,FS 0.05,1,0.002311493704393218,0.051780505536027074,0.00037531614818712625,-1.4396893212146544
1790889599.913,2026-10-01T17:19:59,800,16.632920426579165,v1_Ra20_20261001,0.0115,0.0115,6.0513,0.0115,0.0696,1,,800,5.9,,208.47634784061597,208.25237742867557,True,0.1333554000064314,0.0005044756447124527,0.0031880405102831023,v1_Ra20_20261001,FS 0.05,1,0.0034522308572106503,0.07566663990402381,0.0005484479446667732,0.10754758947091325
1790889600.966,2026-10-01T17:20:00,800,16.632920426579165,v1_Ra20_20261001,0.0154,0.0154,5.7447,0.0154,0.0885,1,,800,5.9,,204.03444247316713,204.73859338080445,True,0.1305140605777509,0.0006414668758197136,0.00414201022912642,v1_Ra20_20261001,FS 0.05,1,0.004622987408786436,0.09781763874685391,0.0007090031087797259,-0.3439268073545998
1790889602.019,2026-10-01T17:20:02,800,16.632920426579165,v1_Ra20_20261001,0.0192,0.0192,5.7652,0.0192,0.1107,1,,800,5.9,,202.95108721678332,203.6368887656053,True,0.12982107417876337,0.0008023772107710995,0.005208679325216988,v1_Ra20_20261001,FS 0.05,1,0.005763724561603868,0.12376678417514148,0.000897088049435941,-0.3367766778303971
1790889603.07,2026-10-01T17:20:03,800,16.632920426579165,v1_Ra20_20261001,0.023,0.023,5.2293,0.023,0.1203,1,,800,5.9,,194.79737868567213,197.0989736682455,True,0.12460541746775136,0.0008719600583176447,0.005897309229663657,v1_Ra20_20261001,FS 0.05,1,0.0069044617144213005,0.13768988311370237,0.0009980056401460815,-1.167735650641888
1790889604.127,2026-10-01T17:20:04,800,16.632920426579165,v1_Ra20_20261001,0.0269,0.0269,5.1079,0.0269,0.1374,1,,800,5.9,,188.1229917808156,194.04621284289476,True,0.12033603369969292,0.0009959045055099283,0.006974550736351768,v1_Ra20_20261001,FS 0.05,1,0.008075218265997088,0.15982355612105886,0.0011584352229081615,-3.0524796002459276
1790889605.179,2026-10-01T17:20:05,800,16.632920426579165,v1_Ra20_20261001,0.0307,0.0307,4.6776,0.0307,0.1436,1,,800,5.9,,181.28296272839748,181.88894694610127,True,0.11596069414780194,0.0010408434278837387,0.007564301515384287,v1_Ra20_20261001,FS 0.05,1,0.00921595541881452,0.17150966611991061,0.001243138640664647,-0.33316165048959956
1790889606.265,2026-10-01T17:20:06,800,16.632920426579165,v1_Ra20_20261001,0.0346,0.0346,4.5502,0.0346,0.1574,1,,800,5.9,,178.29234526964797,181.1653661760161,True,0.11404769542344469,0.0011408687712318975,0.00843030742731352,v1_Ra20_20261001,FS 0.05,1,0.010386711970390304,0.19153695574177607,0.001388300707386394,-1.585855490489707
1790889607.319,2026-10-01T17:20:07,800,16.632920426579165,v1_Ra20_20261001,0.0384,0.0384,4.2812,0.0384,0.1644,1,,800,5.9,,175.00332638838927,178.1225772024385,True,0.11194381921359144,0.0011916062642345867,0.008970711534787216,v1_Ra20_20261001,FS 0.05,1,0.011527449123207736,0.20518607680091855,0.0014872324479908367,-1.7511821707498432
1790889608.375,2026-10-01T17:20:08,800,16.632920426579165,v1_Ra20_20261001,0.0423,0.0423,4.274,0.0423,0.1808,1,,800,5.9,,172.52916026009757,173.30776072765275,True,0.11036117726337392,0.0013104769621266014,0.010007078340021267,v1_Ra20_20261001,FS 0.05,1,0.012698205674783523,0.22900698303729303,0.0016598914570602318,-0.44925885851051506
1790889609.445,2026-10-01T17:20:09,800,16.632920426579165,v1_Ra20_20261001,0.0461,0.0461,3.8469,0.0461,0.1773,1,,800,5.9,,162.74690398000757,166.6071341274403,True,0.10410379261178669,0.0012851082156252569,0.010403210403434577,v1_Ra20_20261001,FS 0.05,1,0.013838942827600956,0.23331911515672635,0.0016911467103797203,-2.316965697567297
1790889610.501,2026-10-01T17:20:10,800,16.632920426579165,v1_Ra20_20261001,0.0499,0.0499,3.4507,0.0499,0.1722,1,,800,5.9,,155.41912354552778,159.35505578189577,True,0.09941645469014178,0.0012481423278661546,0.010580350953682755,v1_Ra20_20261001,FS 0.05,1,0.014979679980418388,0.23660520078643305,0.0017149649599002177,-2.46991362593163
1790889611.576,2026-10-01T17:20:11,800,16.632920426579165,v1_Ra20_20261001,0.0538,0.0538,3.2201,0.0538,0.1732,1,,800,5.9,,150.82221303118786,151.0490555618901,True,0.09647596361389633,0.001255390541152253,0.010966144411824575,v1_Ra20_20261001,FS 0.05,1,0.016150436531994175,0.24680878118733388,0.001788922686927801,-0.15017805298974674
1790889612.632,2026-10-01T17:20:12,800,16.632920426579165,v1_Ra20_20261001,0.0576,0.0576,3.0199,0.0576,0.1739,1,,800,5.9,,142.10531469684042,145.9562625150653,True,0.09090005307904274,0.001260464290452522,0.011685859038865057,v1_Ra20_20261001,FS 0.05,1,0.017291173684811607,0.25705787787733136,0.0018632103257267484,-2.638425889966456
1790889613.688,2026-10-01T17:20:13,800,16.632920426579165,v1_Ra20_20261001,0.0615,0.0615,2.5992,0.0615,0.1599,1,,800,5.9,,136.88961499684638,138.7859909148517,True,0.08756374309946709,0.0011589893044471435,0.01115448037500011,v1_Ra20_20261001,FS 0.05,1,0.01846193023638739,0.25345507489274116,0.0018370964412666466,-1.366402981673276
1790889614.763,2026-10-01T17:20:14,800,16.632920426579165,v1_Ra20_20261001,0.0653,0.0653,2.6131,0.0653,0.1706,1,,800,5.9,,133.61248583216252,135.5204141214017,True,0.08546747234666559,0.0012365451866083973,0.012192797606767447,v1_Ra20_20261001,FS 0.05,1,0.019602667389204822,0.27486718264302945,0.001992295965145658,-1.407853054175312
1790889615.819,2026-10-01T17:20:15,800,16.632920426579165,v1_Ra20_20261001,0.0691,0.0691,2.4834,0.0691,0.1716,1,,800,5.9,,129.84672988571901,132.86350191576446,True,0.08305864325997944,0.0012437933998944955,0.012619950425523808,v1_Ra20_20261001,FS 0.05,1,0.020743404542022253,0.2871532439035911,0.0020813479576082803,-2.2705799459945553
1790889616.875,2026-10-01T17:20:16,800,16.632920426579165,v1_Ra20_20261001,0.073,0.073,1.9995,0.073,0.146,1,,799,5.9,,124.29901199874962,125.35836173384212,True,0.07950995226648007,0.001058239139770375,0.01121647935141293,v1_Ra20_20261001,FS 0.05,1,0.02191416109359804,0.2737331150835273,0.0019840760015935413,-0.84505709905629
1790889617.932,2026-10-01T17:20:17,800,16.632920426579165,v1_Ra20_20261001,0.0768,0.0768,1.7827,0.0768,0.1369,1,,800,5.9,,117.54390354469706,121.34818620220074,True,0.07518893360269521,0.000992280398866879,0.011121790778878777,v1_Ra20_20261001,FS 0.05,1,0.023054898246415472,0.27708218740437984,0.002008350792085649,-3.135014025808891
1790889618.988,2026-10-01T17:20:18,800,16.632920426579165,v1_Ra20_20261001,0.0807,0.0807,1.4452,0.0807,0.1166,1,,800,5.9,,124.14820931534791,113.684414523118,True,0.07941348879532192,0.0008451416691590804,0.008968699492415867,v1_Ra20_20261001,FS 0.05,1,0.02422565479799126,0.270155675198825,0.0019581459542910235,9.204247421357902
1790889626.838,2026-10-01T17:20:26,900,18.76504511894996,v1_Ra20_20261001,0.0024,0.0024,7.981,0.0024,0.0192,1,,900,6.7,,254.6513264397106,251.16264270614863,True,0.1443838624775432,9.691452770752641e-05,0.0007199903373967746,v1_Ra20_20261001,FS 0.05,1,0.0007204655702004835,0.020032038965998544,0.00010111435392752681,1.3890137864346341
1790889627.925,2026-10-01T17:20:27,900,18.76504511894996,v1_Ra20_20261001,0.0049,0.0049,7.6546,0.0049,0.0375,1,,900,6.7,,248.83066219679222,252.9070890221277,True,0.141083624472396,0.00018928618692876255,0.0014391257845608903,v1_Ra20_20261001,FS 0.05,1,0.0014709505391593207,0.039442199494437086,0.00019908969457028164,-1.6118278222635452
1790889628.981,2026-10-01T17:20:28,900,18.76504511894996,v1_Ra20_20261001,0.0098,0.0098,7.386,0.0098,0.0724,1,,900,6.6,,246.19693484772256,246.75064621816318,True,0.13959033663962497,0.0003654485315637976,0.002808195289753783,v1_Ra20_20261001,FS 0.05,1,0.0029419010783186413,0.0772387358158592,0.0003898726876208542,-0.22440118351344518
1790889630.037,2026-10-01T17:20:30,900,18.76504511894996,v1_Ra20_20261001,0.0147,0.0147,6.9812,0.0147,0.1026,1,,900,6.6,,239.09877175233873,242.05947629015157,True,0.13556577404049905,0.0005178870074370943,0.004097711679960247,v1_Ra20_20261001,FS 0.05,1,0.004412851617477962,0.11128960896426636,0.0005617489526837069,-1.2231310185369049
1790889631.089,2026-10-01T17:20:31,900,18.76504511894996,v1_Ra20_20261001,0.0196,0.0196,6.903,0.0196,0.1353,1,,900,6.7,,241.3104606222248,243.03480497730732,True,0.13681977175611018,0.0006829445624389753,0.005354180770649156,v1_Ra20_20261001,FS 0.05,1,0.005883802156637283,0.14879481893965854,0.0007510614376491623,-0.7095051078151227
1790889632.146,2026-10-01T17:20:32,900,18.76504511894996,v1_Ra20_20261001,0.0244,0.0244,6.4995,0.0244,0.1586,1,,900,6.6,,234.11741376224882,237.36243524977567,True,0.13274141134406978,0.0008005543799173797,0.0064690550528654885,v1_Ra20_20261001,FS 0.05,1,0.00732473329703825,0.17772728457703613,0.0008971018669544064,-1.3671166981886307
1790889633.2,2026-10-01T17:20:33,900,18.76504511894996,v1_Ra20_20261001,0.0293,0.0293,6.2131,0.0293,0.182,1,,900,6.6,,227.94667586688888,230.94481779022544,True,0.1292426863064857,0.0009186689605609275,0.00762446730997033,v1_Ra20_20261001,FS 0.05,1,0.00879568383619757,0.20782169194462316,0.0010490073501141773,-1.2982070574364957
1790889634.255,2026-10-01T17:20:34,900,18.76504511894996,v1_Ra20_20261001,0.0342,0.0342,5.9309,0.0342,0.2028,1,,900,6.7,,223.99652290363292,226.2262103381488,True,0.12700300293162983,0.001023659698910748,0.00864565807735926,v1_Ra20_20261001,FS 0.05,1,0.010266634375356892,0.23627043613919527,0.0011926061317542392,-0.9856008422645113
1790889635.313,2026-10-01T17:20:35,900,18.76504511894996,v1_Ra20_20261001,0.0391,0.0391,5.8033,0.0391,0.2269,1,,900,6.7,,222.09817472081,223.71972676654934,True,0.1259266651532437,0.0011453076217102993,0.00975575507532546,v1_Ra20_20261001,FS 0.05,1,0.011737584914516213,0.2689735171607523,0.00135767923861805,-0.7248140649802615
1790889636.365,2026-10-01T17:20:36,900,18.76504511894996,v1_Ra20_20261001,0.044,0.044,5.4189,0.044,0.2384,1,,900,6.7,,214.32247349050613,217.37245251743218,True,0.1215179475832276,0.0012033553857017864,0.010622088616793217,v1_Ra20_20261001,FS 0.05,1,0.013208535453675532,0.2900309350092945,0.001463969327447816,-1.4031120280438736
1790889637.421,2026-10-01T17:20:37,900,18.76504511894996,v1_Ra20_20261001,0.0489,0.0489,5.4179,0.0489,0.2649,1,,900,6.7,,210.63100601469387,215.34644145329196,True,0.11942493538564855,0.0013371176244647788,0.01200966901010821,v1_Ra20_20261001,FS 0.05,1,0.014679485992834853,0.3270426896848217,0.0016507910318231051,-2.1896974042270645
1790889638.476,2026-10-01T17:20:38,900,18.76504511894996,v1_Ra20_20261001,0.0538,0.0538,4.9634,0.0538,0.267,1,,901,6.6,,200.0581905655963,204.86890035297165,True,0.11343029183461893,0.0013477176509327895,0.012744602863416207,v1_Ra20_20261001,FS 0.05,1,0.016150436531994175,0.34060878118733384,0.0017192676646774307,-2.3481893928687603
1790889639.532,2026-10-01T17:20:39,900,18.76504511894996,v1_Ra20_20261001,0.0587,0.0587,4.6086,0.0587,0.2705,1,,900,6.6,,197.7141188488929,198.8417654572089,True,0.11210123483297742,0.0013653843617128074,0.013064745914051983,v1_Ra20_20261001,FS 0.05,1,0.017621387071153495,0.35652920951683115,0.0017996281226177826,-0.567107521763921
1790889640.617,2026-10-01T17:20:40,900,18.76504511894996,v1_Ra20_20261001,0.0636,0.0636,4.5035,0.0636,0.2864,1,,900,6.7,,191.13583388890447,195.19484545946568,True,0.10837143611454847,0.0014456417049706024,0.01430876924774226,v1_Ra20_20261001,FS 0.05,1,0.019092337610312815,0.3858039746733134,0.0019473963538099298,-2.0794665765926257
1790889641.674,2026-10-01T17:20:41,900,18.76504511894996,v1_Ra20_20261001,0.0684,0.0684,4.0829,0.0684,0.2793,1,,900,6.7,,178.85662826345197,184.14148743198382,True,0.10140929238199442,0.0014098035202454234,0.014912047499885627,v1_Ra20_20261001,FS 0.05,1,0.020533268750713783,0.39273110661053434,0.001982361964229903,-2.869999174131743
1790889642.726,2026-10-01T17:20:42,900,18.76504511894996,v1_Ra20_20261001,0.0733,0.0733,3.6019,0.0733,0.264,1,,900,6.7,,167.97163693336188,173.62718334946692,True,0.09523764932304864,0.0013325747559784884,0.01500857135526854,v1_Ra20_20261001,FS 0.05,1,0.022004219289873103,0.3926950691592115,0.0019821800604499693,-3.257293188199617
1790889643.805,2026-10-01T17:20:43,900,18.76504511894996,v1_Ra20_20261001,0.0782,0.0782,3.4626,0.0782,0.2708,1,,900,6.7,,165.15987771214782,165.22626863550727,True,0.093643419823475,0.0013668986512082371,0.01565725012138898,v1_Ra20_20261001,FS 0.05,1,0.023475169829032427,0.4157133685348736,0.002098367956940737,-0.04018182091003464
1790889644.861,2026-10-01T17:20:44,900,18.76504511894996,v1_Ra20_20261001,0.0831,0.0831,2.9655,0.0831,0.2464,1,,900,6.7,,156.37752399089777,157.6644173886251,True,0.08866394388809906,0.0012437364389132558,0.01504657842521882,v1_Ra20_20261001,FS 0.05,1,0.024946120368191743,0.40848600473752084,0.002061886886680793,-0.8162231015989452
1790889645.915,2026-10-01T17:20:45,900,18.76504511894996,v1_Ra20_20261001,0.088,0.088,2.9081,0.088,0.2559,1,,900,6.6,,154.95814896916045,155.39575675207118,True,0.08785917742248592,0.0012916889396018757,0.015769838582153535,v1_Ra20_20261001,FS 0.05,1,0.026417070907351063,0.436112977767153,0.002201337670178469,-0.28160857931849304
1790889646.969,2026-10-01T17:20:46,900,18.76504511894996,v1_Ra20_20261001,0.0929,0.0929,2.4599,0.0929,0.2285,1,,900,6.6,,146.8119978017853,151.84095552705514,True,0.08324041974187343,0.0011533838323525931,0.01486264271627091,v1_Ra20_20261001,FS 0.05,1,0.027888021446510383,0.4277942876237703,0.002159347986512261,-3.3119903044694476
1790889648.021,2026-10-01T17:20:48,900,18.76504511894996,v1_Ra20_20261001,0.0978,0.0978,2.098,0.0978,0.2052,1,,900,6.6,,155.1247643341867,141.51994477237793,True,0.087953646083957,0.0010357740148741886,0.01263186872681407,v1_Ra20_20261001,FS 0.05,1,0.029358971985669707,0.4245299343073726,0.00214287073339095,9.61335844476967
1790889656.97,2026-10-01T17:20:56,1000,20.897169811320758,v1_Ra20_20261001,0.003,0.003,9.2281,0.003,0.0277,1,,1000,7.5,,294.5203897549902,295.8910340995004,True,0.14995129496148293,0.00010124039885326575,0.0008981229300924767,v1_Ra20_20261001,FS 0.05,1,0.0009005819627506045,0.028775821433207737,0.00010517240574831425,-0.46322604829225345
1790889658.027,2026-10-01T17:20:58,1000,20.897169811320758,v1_Ra20_20261001,0.0061,0.0061,8.9707,0.0061,0.0547,1,,1000,7.5,,290.67339055960133,293.8452361983849,True,0.1479926444532983,0.00019992237607486052,0.0017970221567993703,v1_Ra20_20261001,FS 0.05,1,0.0018311833242595625,0.05726331593817117,0.0002092910088534664,-1.0794272794138915
1790889659.083,2026-10-01T17:20:59,1000,20.897169811320758,v1_Ra20_20261001,0.0121,0.0121,8.6327,0.0121,0.1045,1,,1000,7.5,,288.05280073618746,285.99962005557416,True,0.14665840461370455,0.0003819358007280242,0.003464300609595911,v1_Ra20_20261001,FS 0.05,1,0.0036323472497607713,0.11102744357387101,0.0004057928762121718,0.7178962965805225
1790889660.14,2026-10-01T17:21:00,1000,20.897169811320758,v1_Ra20_20261001,0.0182,0.0182,8.2161,0.0182,0.1495,1,,1000,7.5,,279.3424778680162,282.0140523867309,True,0.14222365496971057,0.0005464057627640155,0.005110643574260923,v1_Ra20_20261001,FS 0.05,1,0.005463530574020334,0.1615245204949562,0.0005903540389708254,-0.9473196445725751
1790889661.195,2026-10-01T17:21:01,1000,20.897169811320758,v1_Ra20_20261001,0.0243,0.0243,7.9268,0.0243,0.1926,1,,1001,7.4,,275.89414165586845,278.5711841541257,True,0.14046797862789845,0.0007039314375140428,0.006666305095611738,v1_Ra20_20261001,FS 0.05,1,0.007294713898279896,0.21160060088676658,0.0007733765065475433,-0.9609904579276685
1790889662.256,2026-10-01T17:21:02,1000,20.897169811320758,v1_Ra20_20261001,0.0303,0.0303,7.654,0.0303,0.2319,1,,1000,7.5,,270.0002854402783,269.99962051718,True,0.13746719700941779,0.0008475685376921418,0.00820177606319774,v1_Ra20_20261001,FS 0.05,1,0.009095877823781105,0.2592051525752263,0.0009473658134129067,0.0002462681603088157
1790889663.312,2026-10-01T17:21:03,1000,20.897169811320758,v1_Ra20_20261001,0.0364,0.0364,7.4118,0.0364,0.2698,1,,1000,7.5,,269.61145851850006,269.9996113685387,True,0.1372692307481174,0.000986088794606899,0.009555974486131923,v1_Ra20_20261001,FS 0.05,1,0.010927061148040668,0.3070149939499508,0.0011221054310984113,-0.14376052175454346
1790889664.366,2026-10-01T17:21:04,1000,20.897169811320758,v1_Ra20_20261001,0.0424,0.0424,6.9626,0.0424,0.2952,1,,1000,7.5,,259.96452765699587,264.23158985547275,True,0.13235761910625507,0.0010789229509561029,0.01084360384645651,v1_Ra20_20261001,FS 0.05,1,0.012728225073541877,0.3436052121789817,0.0012558385822765746,-1.6148947977078887
1790889665.422,2026-10-01T17:21:05,1000,20.897169811320758,v1_Ra20_20261001,0.0485,0.0485,6.7684,0.0485,0.3283,1,,1000,7.5,,254.2689633549287,257.1432971887333,True,0.1294577952830493,0.0011998997452536875,0.012329597870142043,v1_Ra20_20261001,FS 0.05,1,0.014559408397801439,0.3895488145366201,0.0014237573052889626,-1.1177945780538656
1790889666.498,2026-10-01T17:21:06,1000,20.897169811320758,v1_Ra20_20261001,0.0546,0.0546,6.4702,0.0546,0.3533,1,,1000,7.5,,251.83682875262434,252.35298523138567,True,0.12821950501241788,0.001291271946384794,0.013396636625280884,v1_Ra20_20261001,FS 0.05,1,0.016390591722061,0.42887142036498377,0.001567477027238901,-0.20453749666882182
1790889667.549,2026-10-01T17:21:07,1000,20.897169811320758,v1_Ra20_20261001,0.0606,0.0606,6.3885,0.0606,0.3871,1,,1000,7.5,,249.0822850521738,248.27604732396082,True,0.12681706426712971,0.0014148071623140495,0.014840608626494936,v1_Ra20_20261001,FS 0.05,1,0.01819175564756221,0.47820206264677456,0.0017477750019788388,0.3247343982244688
1790889668.608,2026-10-01T17:21:08,1000,20.897169811320758,v1_Ra20_20261001,0.0667,0.0667,5.9659,0.0667,0.3979,1,,1000,7.5,,240.91480894598476,245.15379810682703,True,0.12265869811900373,0.0014542799532026873,0.015771820453875995,v1_Ra20_20261001,FS 0.05,1,0.020022938971821773,0.5062584294580522,0.001850317881630365,-1.729114210580207
1790889669.665,2026-10-01T17:21:09,1000,20.897169811320758,v1_Ra20_20261001,0.0728,0.0728,5.6445,0.0728,0.4109,1,,1000,7.5,,236.5216212600444,237.6668826270702,True,0.12042196271652916,0.0015017934977908627,0.016589629083734157,v1_Ra20_20261001,FS 0.05,1,0.021854122296081337,0.5379937997400552,0.0019663071070854573,-0.48187671515970143
1790889670.718,2026-10-01T17:21:10,1000,20.897169811320758,v1_Ra20_20261001,0.0788,0.0788,5.2762,0.0788,0.4158,1,,1000,7.5,,227.16914474696068,233.15195335276258,True,0.11566026874552628,0.0015197024492125597,0.01747859518808937,v1_Ra20_20261001,FS 0.05,1,0.02365528622158254,0.5627648660746059,0.002056842581299559,-2.5660555357860604
1790889671.773,2026-10-01T17:21:11,1000,20.897169811320758,v1_Ra20_20261001,0.0849,0.0849,4.6677,0.0849,0.3963,1,,1000,7.5,,211.78185264606668,214.51029783303852,True,0.10782602549194673,0.0014484321323302966,0.01786926589580655,v1_Ra20_20261001,FS 0.05,1,0.02548646954584211,0.5649339973395228,0.0020647705132282694,-1.2719413541141478
1790889672.823,2026-10-01T17:21:12,1000,20.897169811320758,v1_Ra20_20261001,0.0909,0.0909,4.298,0.0909,0.3907,1,,1000,7.5,,203.51390383414696,205.95421197821224,True,0.10361650494889031,0.0014279647592769288,0.018332458400486997,v1_Ra20_20261001,FS 0.05,1,0.027287633471343314,0.5820907302146446,0.0021274764511090014,-1.1848789692747053
1790889673.906,2026-10-01T17:21:13,1000,20.897169811320758,v1_Ra20_20261001,0.097,0.097,3.9172,0.097,0.38,1,,1000,7.5,,196.59767652860296,198.9686796424735,True,0.10009519614722448,0.0013888574571928154,0.01845765812988777,v1_Ra20_20261001,FS 0.05,1,0.029118816795602877,0.5959936224624757,0.0021782899657799178,-1.1916464029067209
1790889674.963,2026-10-01T17:21:14,1000,20.897169811320758,v1_Ra20_20261001,0.1031,0.1031,3.5762,0.1031,0.3687,1,,1000,7.5,,186.00944023648367,189.8039185971328,True,0.09470433086729506,0.0013475572222815555,0.018928209485511577,v1_Ra20_20261001,FS 0.05,1,0.03095000011986244,0.6107755181810318,0.0022323161397277158,-1.999157018830089
1790889676.016,2026-10-01T17:21:16,1000,20.897169811320758,v1_Ra20_20261001,0.1091,0.1091,3.3548,0.1091,0.366,1,,1000,7.5,,181.690081821273,181.51276088919985,True,0.09250518469509819,0.0013376890245593957,0.019236286952284305,v1_Ra20_20261001,FS 0.05,1,0.03275116404536365,0.6351726751089136,0.002321485016921379,0.09769061481104124
1790889677.074,2026-10-01T17:21:17,1000,20.897169811320758,v1_Ra20_20261001,0.1152,0.1152,2.8582,0.1152,0.3293,1,,1000,7.4,,175.97994508004717,180.78207205100512,True,0.08959794150060744,0.0012035546332989319,0.01786898708360948,v1_Ra20_20261001,FS 0.05,1,0.03458234736962321,0.6274883318103837,0.002293399602464029,-2.6563070754068385
1790889678.126,2026-10-01T17:21:18,1000,20.897169811320758,v1_Ra20_20261001,0.1213,0.1213,2.5755,0.1213,0.3124,1,,1000,7.5,,190.22582669470012,172.6019294255451,True,0.09685105018269997,0.0011417870253343041,0.015682414449970167,v1_Ra20_20261001,FS 0.05,1,0.03641353069388278,0.6410829919825791,0.0023430865634065444,10.210718575285327
1790889689.386,2026-10-01T17:21:29,1100,23.029294503691553,v1_Ra20_20261001,0.0037,0.0037,10.9833,0.0037,0.0406,1,,1101,8.2,,349.32091035348094,350.8062020158036,True,0.1613861553052864,0.0001108716795270161,0.0011098718395630496,v1_Ra20_20261001,FS 0.05,1,0.0011107177540590788,0.0419783194118383,0.0001146356348993117,-0.42339378659438376
1790889690.443,2026-10-01T17:21:30,1100,23.029294503691553,v1_Ra20_20261001,0.0074,0.0074,10.7704,0.0074,0.0797,1,,1100,8.3,,345.09894499310576,347.7822116419759,True,0.15943560858120517,0.0002176471147365316,0.0022053934064639,v1_Ra20_20261001,FS 0.05,1,0.0022214355081181577,0.08300078172919202,0.0002266609870042067,-0.7715364843422279
1790889691.499,2026-10-01T17:21:31,1100,23.029294503691553,v1_Ra20_20261001,0.0147,0.0147,10.188,0.0147,0.1498,1,,1100,8.3,,333.7359796168357,335.1558898388191,True,0.15418592200192874,0.0004090782658410594,0.004286276325831884,v1_Ra20_20261001,FS 0.05,1,0.004412851617477962,0.15848960896426634,0.0004328081067351782,-0.4236566520332552
1790889692.556,2026-10-01T17:21:32,1100,23.029294503691553,v1_Ra20_20261001,0.0221,0.0221,9.6444,0.0221,0.2131,1,,1100,8.2,,328.8742253481814,332.3079948798238,True,0.1519397929950416,0.0005819397760395845,0.006187639363402689,v1_Ra20_20261001,FS 0.05,1,0.00663428712559612,0.22941412080755386,0.0006264908591415583,-1.0333093348789846
1790889693.61,2026-10-01T17:21:33,1100,23.029294503691553,v1_Ra20_20261001,0.0295,0.0295,9.2342,0.0295,0.2724,1,,1101,8.2,,322.3877734870712,325.6811244790697,True,0.14894305419008966,0.000743877968058108,0.008068632261571345,v1_Ra20_20261001,FS 0.05,1,0.008855722633714277,0.29851520427290296,0.000815194139460272,-1.0112194857059276
1790889694.666,2026-10-01T17:21:34,1100,23.029294503691553,v1_Ra20_20261001,0.0368,0.0368,8.8457,0.0368,0.3255,1,,1100,8.3,,315.44588948349883,317.64749013315736,True,0.145735905872578,0.0008888850168976291,0.009853658399778618,v1_Ra20_20261001,FS 0.05,1,0.011047138743074081,0.36341649132878096,0.0009924284916610156,-0.6930955597148292
1790889695.84,2026-10-01T17:21:35,1100,23.029294503691553,v1_Ra20_20261001,0.0442,0.0442,8.5286,0.0442,0.377,1,,1100,8.3,,310.74276287710063,311.742830056869,True,0.14356306279784609,0.0010295227384651494,0.011585418046123614,v1_Ra20_20261001,FS 0.05,1,0.01326857425119224,0.42904130490822556,0.001171638671468906,-0.32079877493443876
1790889696.927,2026-10-01T17:21:36,1100,23.029294503691553,v1_Ra20_20261001,0.0515,0.0515,8.4114,0.0515,0.4332,1,,1101,8.2,,307.1428600157901,308.57154775345066,True,0.14189990876085612,0.0011829953588941718,0.013468505439559542,v1_Ra20_20261001,FS 0.05,1,0.015459990360552043,0.5013078932928733,0.0013689864061460844,-0.46300047689492585
1790889697.979,2026-10-01T17:21:37,1100,23.029294503691553,v1_Ra20_20261001,0.0589,0.0589,8.0601,0.0589,0.4747,1,,1100,8.3,,302.8352432894735,306.4287849158177,True,0.13990979113152352,0.0012963247850116882,0.014968703906137899,v1_Ra20_20261001,FS 0.05,1,0.017681425868670202,0.5612564369864134,0.001532695660444151,-1.1727167300328523
1790889699.033,2026-10-01T17:21:39,1100,23.029294503691553,v1_Ra20_20261001,0.0663,0.0663,7.6338,0.0663,0.5061,1,,1100,8.3,,294.1717269491278,294.80991451721366,True,0.13590724919328656,0.0013820728327247006,0.01642883580978625,v1_Ra20_20261001,FS 0.05,1,0.01990286137678836,0.6132815523020151,0.0016747673824300487,-0.21647425566775347
1790889700.09,2026-10-01T17:21:40,1100,23.029294503691553,v1_Ra20_20261001,0.0736,0.0736,7.6408,0.0736,0.5624,1,,1100,8.3,,294.78388797427897,299.93993469939255,True,0.13619006740241388,0.0015358185361082231,0.01821851403276666,v1_Ra20_20261001,FS 0.05,1,0.022094277486148162,0.6920606005074665,0.0018898995347965061,-1.7190264211669914
1790889701.147,2026-10-01T17:21:41,1100,23.029294503691553,v1_Ra20_20261001,0.081,0.081,7.0676,0.081,0.5725,1,,1100,8.2,,286.66648905618786,284.38448392302007,True,0.13243983154867014,0.001563399914512727,0.019070845403681123,v1_Ra20_20261001,FS 0.05,1,0.024315712994266322,0.7271094459371636,0.001985611957414075,0.8024365822241863
1790889702.2,2026-10-01T17:21:42,1100,23.029294503691553,v1_Ra20_20261001,0.0884,0.0884,6.8474,0.0884,0.6053,1,,1101,8.2,,284.21018473243294,287.7407825043804,True,0.13130501969137415,0.00165297112358874,0.020337727265661364,v1_Ra20_20261001,FS 0.05,1,0.02653714850238448,0.7870348629889224,0.0021492580567954887,-1.2270063844334267
1790889703.285,2026-10-01T17:21:43,1100,23.029294503691553,v1_Ra20_20261001,0.0957,0.0957,6.4176,0.0957,0.6142,1,,1100,8.3,,273.15144598136385,280.0538557636685,True,0.12619588572125298,0.0016772755065392435,0.021472256688045088,v1_Ra20_20261001,FS 0.05,1,0.028728564611744282,0.8248263710151775,0.0022524602234637054,-2.464672290793035
1790889704.341,2026-10-01T17:21:44,1100,23.029294503691553,v1_Ra20_20261001,0.1031,0.1031,6.2789,0.1031,0.6474,1,,1100,8.3,,273.5894344193298,275.43857281069677,True,0.1263982362475927,0.0017679390474332566,0.022596686244784288,v1_Ra20_20261001,FS 0.05,1,0.03095000011986244,0.8894755181810318,0.002429006024603299,-0.671343295348048
1790889705.398,2026-10-01T17:21:45,1100,23.029294503691553,v1_Ra20_20261001,0.1104,0.1104,5.6145,0.1104,0.6198,1,,1100,8.4,,258.8235947499925,257.44589668513527,True,0.11957642277047432,0.0016925681519912457,0.022867521137006293,v1_Ra20_20261001,FS 0.05,1,0.033141416229222245,0.8950323275360568,0.002444180723765936,0.5351408131170077
1790889706.451,2026-10-01T17:21:46,1100,23.029294503691553,v1_Ra20_20261001,0.1178,0.1178,5.4602,0.1178,0.6432,1,,1100,8.3,,253.14615831407536,255.88250444582172,True,0.11695344884814131,0.001756469563344255,0.02426308818868974,v1_Ra20_20261001,FS 0.05,1,0.035362851737340405,0.9542052048160063,0.002605771765304705,-1.0693760160244703
1790889707.635,2026-10-01T17:21:47,1100,23.029294503691553,v1_Ra20_20261001,0.1252,0.1252,4.7403,0.1252,0.5935,1,,1101,8.2,,236.69436621570412,244.0743463788408,True,0.1093527258569201,0.0016207473349577354,0.023944412425674234,v1_Ra20_20261001,FS 0.05,1,0.037584287245458564,0.9424546537180178,0.002573683013196281,-3.0236607298670504
1790889708.687,2026-10-01T17:21:48,1100,23.029294503691553,v1_Ra20_20261001,0.1325,0.1325,4.4727,0.1325,0.5926,1,,1101,8.3,,230.4693686169344,235.48412551186857,True,0.10647677884237267,0.0016182895883672351,0.024553862365897183,v1_Ra20_20261001,FS 0.05,1,0.039775703354818365,0.9811239228938464,0.002679282195945207,-2.129551995929102
1790889709.744,2026-10-01T17:21:49,1100,23.029294503691553,v1_Ra20_20261001,0.1399,0.1399,4.3017,0.1399,0.6018,1,,1100,8.3,,224.16347280819764,229.78736809234306,True,0.10356345687920149,0.0016434132201812387,0.025636499172544933,v1_Ra20_20261001,FS 0.05,1,0.041997138862936524,1.0325971019099531,0.0028198466739774854,-2.4474344829457206
1790889710.801,2026-10-01T17:21:50,1100,23.029294503691553,v1_Ra20_20261001,0.1473,0.1473,3.3042,0.1473,0.4867,1,,1101,8.3,,204.88569449850047,208.6555044704653,True,0.0946571291100409,0.0013290947395516932,0.022684075916308267,v1_Ra20_20261001,FS 0.05,1,0.04421857437105468,0.9619468525481216,0.0026269128856585507,-1.8067148439395386
1790889711.857,2026-10-01T17:21:51,1100,23.029294503691553,v1_Ra20_20261001,0.1546,0.1546,3.1444,0.1546,0.4861,1,,1100,8.3,,231.14409274210175,203.06098743226357,True,0.10678850118485222,0.0013274562418246927,0.0200823348550699,v1_Ra20_20261001,FS 0.05,1,0.04640999048041448,1.0073285815447537,0.002750842652005755,13.829887101876736
1790889720.336,2026-10-01T17:22:00,1200,25.161419196062347,v1_Ra20_20261001,0.0044,0.0044,12.995,0.0044,0.0572,1,,1200,9.0,,408.13789407027343,407.5467939769453,True,0.17258144935656813,0.00011976422896975333,0.0013383216129334377,v1_Ra20_20261001,FS 0.05,1,0.0013208535453675533,0.05890029365224407,0.0001233242701984802,0.14503858257846058
1790889721.507,2026-10-01T17:22:01,1200,25.161419196062347,v1_Ra20_20261001,0.0088,0.0088,12.5093,0.0088,0.1101,1,,1200,9.0,,401.6557544045895,404.71753571695217,True,0.16984047118549242,0.0002305252029645077,0.0026176085927702253,v1_Ra20_20261001,FS 0.05,1,0.0026417070907351066,0.11427009838197379,0.0002392564725002613,-0.7565230172047688
1790889722.563,2026-10-01T17:22:02,1200,25.161419196062347,v1_Ra20_20261001,0.0176,0.0176,11.8496,0.0176,0.2086,1,,1200,9.0,,394.64273417960385,393.93392543061054,True,0.1668750097265607,0.00043676255529878573,0.005047560984187792,v1_Ra20_20261001,FS 0.05,1,0.005283414181470213,0.22001824107389012,0.0004606698426834923,0.17993087247272221
1790889723.649,2026-10-01T17:22:03,1200,25.161419196062347,v1_Ra20_20261001,0.0264,0.0264,11.4028,0.0264,0.301,1,,1200,9.1,,385.71408277125556,388.39296646925163,True,0.1630995220219395,0.0006302278482499256,0.0074519920340690065,v1_Ra20_20261001,FS 0.05,1,0.00792512127220532,0.32274442807574905,0.0006757559017967848,-0.6897353786678662
1790889724.705,2026-10-01T17:22:04,1200,25.161419196062347,v1_Ra20_20261001,0.0352,0.0352,11.0542,0.0352,0.3891,1,,1200,9.1,,382.4561762821645,384.55262733028235,True,0.16172191354224588,0.0008146898862260668,0.009715181847872968,v1_Ra20_20261001,FS 0.05,1,0.010566828362940426,0.42424865938755046,0.0008882834542482776,-0.5451662267066615
1790889725.758,2026-10-01T17:22:05,1200,25.161419196062347,v1_Ra20_20261001,0.0439,0.0439,10.8393,0.0439,0.4758,1,,1200,9.1,,379.1589387580416,378.63011990706354,True,0.16032767390154243,0.0009962206318847662,0.01198324726372039,v1_Ra20_20261001,FS 0.05,1,0.01317851605491718,0.5272263462719241,0.0011038960988426078,0.1396663453789193
1790889726.814,2026-10-01T17:22:06,1200,25.161419196062347,v1_Ra20_20261001,0.0527,0.0527,10.5763,0.0527,0.5574,1,,1200,9.1,,371.8794630165348,378.94744513546357,True,0.15724954150492432,0.0011670730983870717,0.01431318060316948,v1_Ra20_20261001,FS 0.05,1,0.015820223145652283,0.6283516884273614,0.001315630340670378,-1.865161570465823
1790889727.867,2026-10-01T17:22:07,1200,25.161419196062347,v1_Ra20_20261001,0.0615,0.0615,9.9679,0.0615,0.613,1,,1200,9.1,,364.4063136456225,366.1025256405253,True,0.154089514052369,0.0012834872789940347,0.016063714012958977,v1_Ra20_20261001,FS 0.05,1,0.01846193023638739,0.7065550748927412,0.0014793710449160045,-0.46331611395882266
1790889728.949,2026-10-01T17:22:08,1200,25.161419196062347,v1_Ra20_20261001,0.0703,0.0703,9.5108,0.0703,0.6686,1,,1200,9.1,,355.2000782831328,354.0985174768366,True,0.15019664974091987,0.0013999014596009977,0.01797482626674764,v1_Ra20_20261001,FS 0.05,1,0.021103637327122497,0.7878365056680635,0.0016495564974748308,0.31108879363446196
1790889730.005,2026-10-01T17:22:10,1200,25.161419196062347,v1_Ra20_20261001,0.0791,0.0791,9.0185,0.0791,0.7134,1,,1200,9.1,,346.7744235816781,350.8063990412609,True,0.1466338546138772,0.0014937028137591262,0.019645244057340066,v1_Ra20_20261001,FS 0.05,1,0.023745344417857604,0.8613959807533286,0.0018035738718980223,-1.14934490094879
1790889731.062,2026-10-01T17:22:11,1200,25.161419196062347,v1_Ra20_20261001,0.0879,0.0879,8.7084,0.0879,0.7655,1,,1200,9.1,,341.86556897740275,345.9680851067276,True,0.14455814134491854,0.0016027887635724854,0.02138263457790317,v1_Ra20_20261001,FS 0.05,1,0.026387051508592715,0.9453335001485359,0.0019793205902896432,-1.1858076816707697
1790889732.116,2026-10-01T17:22:12,1200,25.161419196062347,v1_Ra20_20261001,0.0967,0.0967,8.4046,0.0967,0.8127,1,,1200,9.1,,339.06270326089043,337.4996479605102,True,0.14337294723592894,0.0017016151902747992,0.02288872606868692,v1_Ra20_20261001,FS 0.05,1,0.029028758599327815,1.027449063853686,0.0021512525338834186,0.46312797948848683
1790889733.167,2026-10-01T17:22:13,1200,25.161419196062347,v1_Ra20_20261001,0.1055,0.1055,7.9949,0.1055,0.8435,1,,1200,9.1,,327.27272419218707,339.7326027626491,True,0.1383875447405407,0.0017661036212585127,0.02461198588963594,v1_Ra20_20261001,FS 0.05,1,0.031670465690062925,1.0962426718687786,0.002295291230071793,-3.667554561776043
1790889734.246,2026-10-01T17:22:14,1200,25.161419196062347,v1_Ra20_20261001,0.1143,0.1143,7.8519,0.1143,0.8975,1,,1200,9.1,,330.30271345701294,329.5454870571234,True,0.13966877823161286,0.0018791677535026853,0.02594739109406065,v1_Ra20_20261001,FS 0.05,1,0.03431217278079803,1.1913143241938138,0.002494350375833826,0.2297790228146246
1790889735.302,2026-10-01T17:22:15,1200,25.161419196062347,v1_Ra20_20261001,0.1231,0.1231,7.2554,0.1231,0.8931,1,,1201,9.0,,318.2326218138883,325.660494973431,True,0.13456492990019966,0.001869955120505012,0.026799505129018502,v1_Ra20_20261001,FS 0.05,1,0.03695387987153314,1.2310640208287915,0.0025775775046672127,-2.280864051425313
1790889736.358,2026-10-01T17:22:16,1200,25.161419196062347,v1_Ra20_20261001,0.1318,0.1318,7.1777,0.1318,0.946,1,,1200,9.1,,317.647407788877,318.05927565116576,True,0.13431747166099278,0.0019807160944997665,0.028439188699125623,v1_Ra20_20261001,FS 0.05,1,0.03956556756350989,1.330637792748578,0.0027860630994151724,-0.12949405781219614
1790889737.445,2026-10-01T17:22:17,1200,25.161419196062347,v1_Ra20_20261001,0.1406,0.1406,6.8512,0.1406,0.9633,1,,1200,9.1,,314.3987198917557,317.64690290283966,True,0.13294376127061233,0.002016938492422437,0.029258507808150216,v1_Ra20_20261001,FS 0.05,1,0.042207274654244994,1.3982086002271916,0.002927541520019015,-1.0225766350624443
1790889738.501,2026-10-01T17:22:18,1200,25.161419196062347,v1_Ra20_20261001,0.1494,0.1494,6.4044,0.1494,0.9568,1,,1200,9.1,,305.3267283350465,311.7774305821513,True,0.12910766206454874,0.0020033289209486008,0.02992455663099829,v1_Ra20_20261001,FS 0.05,1,0.0448489817449801,1.4450574520157478,0.0030256327195395515,-2.0690087268536494
1790889739.558,2026-10-01T17:22:19,1200,25.161419196062347,v1_Ra20_20261001,0.1582,0.1582,6.1079,0.1582,0.9663,1,,1200,9.1,,300.105042769394,300.0001650893864,True,0.12689966796231672,0.0020232198331026686,0.03074751828703015,v1_Ra20_20261001,FS 0.05,1,0.04749068883571521,1.5109843481142464,0.00316366915100119,0.03495920743121772
1790889740.615,2026-10-01T17:22:20,1200,25.161419196062347,v1_Ra20_20261001,0.167,0.167,5.8082,0.167,0.97,1,,1200,9.1,,295.7015313651027,295.89088690106564,True,0.12503763948749952,0.002030966819941621,0.031324889137998774,v1_Ra20_20261001,FS 0.05,1,0.05013239592645032,1.5741892885226874,0.0032960064054609124,-0.06399505505090275
1790889741.67,2026-10-01T17:22:21,1200,25.161419196062347,v1_Ra20_20261001,0.1758,0.1758,5.287,0.1758,0.9295,1,,1200,9.1,,279.95336160790885,286.5488623229851,True,0.11837851275387203,0.0019461687207584914,0.03170553525507031,v1_Ra20_20261001,FS 0.05,1,0.05277410301718543,1.5962722732410712,0.0033422433222117533,-2.3017019371872727
1790889742.754,2026-10-01T17:22:22,1200,25.161419196062347,v1_Ra20_20261001,0.1846,0.1846,4.7411,0.1846,0.8752,1,,1200,9.1,,267.0697560833105,274.35239319767106,True,0.11293066939828635,0.0018324764544462955,0.03129348861589004,v1_Ra20_20261001,FS 0.05,1,0.05541581010792052,1.6076333022693976,0.003366030820146727,-2.6544828093092
1790889743.811,2026-10-01T17:22:23,1200,25.161419196062347,v1_Ra20_20261001,0.1934,0.1934,4.2472,0.1934,0.8214,1,,1200,9.1,,257.14275335853927,262.87540164260577,True,0.10873302800576069,0.0017198310782474717,0.03050364870443856,v1_Ra20_20261001,FS 0.05,1,0.05805751719865563,1.6225723756076664,0.0033973099565082717,-2.180747322969523
1790889744.867,2026-10-01T17:22:24,1200,25.161419196062347,v1_Ra20_20261001,0.2022,0.2022,3.6884,0.2022,0.7458,1,,1200,9.1,,246.52449089398942,255.246636079238,True,0.10424308685497667,0.0015615412931056299,0.028889078596814468,v1_Ra20_20261001,FS 0.05,1,0.06069922428939074,1.618789493255878,0.0033893894322399986,-3.4171440294871847
1790889745.954,2026-10-01T17:22:25,1200,25.161419196062347,v1_Ra20_20261001,0.211,0.211,3.1703,0.211,0.6689,1,,1200,9.1,,273.58787355166214,242.69681745631146,True,0.11568686081326632,0.001400529593669021,0.023347250019266512,v1_Ra20_20261001,FS 0.05,1,0.06334093138012585,1.616784655214032,0.0033851917419901573,12.728249352058963
1790889753.284,2026-10-01T17:22:33,1300,27.293543888433145,v1_Ra20_20261001,0.0052,0.0052,14.4445,0.0052,0.0751,1,,1300,9.8,,457.4334399741133,459.5745993502703,True,0.17831599700521267,0.00012319600988662264,0.001567773824346259,v1_Ra20_20261001,FS 0.05,1,0.001561008735434381,0.07719211269651417,0.00012662796643048003,-0.4659002867399842
1790889754.34,2026-10-01T17:22:34,1300,27.293543888433145,v1_Ra20_20261001,0.0103,0.0103,14.0873,0.0103,0.1451,1,,1300,9.8,,452.0831037885614,456.2500258062528,True,0.17623033721765158,0.00023802584599932018,0.0030649297063888616,v1_Ra20_20261001,FS 0.05,1,0.0030919980721104087,0.15028795983518092,0.0002465363113940785,-0.9132979248226647
1790889755.396,2026-10-01T17:22:35,1300,27.293543888433145,v1_Ra20_20261001,0.0207,0.0207,13.5093,0.0207,0.2796,1,,1300,9.8,,446.0882687891967,451.2759263336591,True,0.17389343989800227,0.0004586631739587176,0.005985325129837392,v1_Ra20_20261001,FS 0.05,1,0.006214015542979171,0.29430470620731436,0.0004827851597283072,-1.1495533534458424
1790889756.467,2026-10-01T17:22:36,1300,27.293543888433145,v1_Ra20_20261001,0.031,0.031,13.0531,0.031,0.4046,1,,1300,9.9,,440.8167233324775,443.8769397310523,True,0.17183849419065217,0.0006637164527313918,0.008764743245879017,v1_Ra20_20261001,FS 0.05,1,0.00930601361508958,0.4329672247630899,0.0007102507923102156,-0.6894290116600699
1790889757.52,2026-10-01T17:22:37,1300,27.293543888433145,v1_Ra20_20261001,0.0414,0.0414,12.6135,0.0414,0.5222,1,,1300,9.8,,434.89887117117405,440.50891117099695,True,0.16953160620202593,0.0008566305774007236,0.011466212049542313,v1_Ra20_20261001,FS 0.05,1,0.012428031085958342,0.56864080712495,0.0009328132955592866,-1.2735360982618515
1790889758.575,2026-10-01T17:22:38,1300,27.293543888433145,v1_Ra20_20261001,0.0517,0.0517,12.3822,0.0517,0.6402,1,,1299,9.9,,429.76731030885276,435.4276560360461,True,0.1675312290730396,0.001050200872562128,0.014225045803629039,v1_Ra20_20261001,FS 0.05,1,0.015520029158068752,0.7087778844013203,0.0011626978329444012,-1.2999508985540253
1790889759.63,2026-10-01T17:22:39,1300,27.293543888433145,v1_Ra20_20261001,0.0621,0.0621,11.6765,0.0621,0.7251,1,,1300,9.9,,419.7919140225167,421.8903001820195,True,0.16364263550099828,0.0011894730595045282,0.016494350469515237,v1_Ra20_20261001,FS 0.05,1,0.018642046628937512,0.820308302752907,0.0013456552566714483,-0.4973771993803666
1790889760.686,2026-10-01T17:22:40,1300,27.293543888433145,v1_Ra20_20261001,0.0724,0.0724,11.4345,0.0724,0.8279,1,,1300,9.9,,419.23039649220755,414.9145627966675,True,0.16342374560467005,0.0013581088759671755,0.01885803775035611,v1_Ra20_20261001,FS 0.05,1,0.021734044701047922,0.953719938749872,0.001564507203772282,1.040174070162747
1790889761.743,2026-10-01T17:22:41,1300,27.293543888433145,v1_Ra20_20261001,0.0827,0.0827,10.8994,0.0827,0.9014,1,,1300,9.9,,405.6601359689239,414.92054756553785,True,0.15813380760851756,0.0014786802038855079,0.021219082623493164,v1_Ra20_20261001,FS 0.05,1,0.02482604277315833,1.062048384158534,0.0017422120270954241,-2.231851772814708
1790889762.798,2026-10-01T17:22:42,1300,27.293543888433145,v1_Ra20_20261001,0.0931,0.0931,10.5073,0.0931,0.9782,1,,1300,9.9,,403.2895833509883,404.71753571695217,True,0.15720972244862103,0.0016046649383634388,0.023162318853695307,v1_Ra20_20261001,FS 0.05,1,0.027948060244027094,1.1782933878087452,0.0019329033802107623,-0.352826907644177
1790889763.874,2026-10-01T17:22:43,1300,27.293543888433145,v1_Ra20_20261001,0.1034,0.1034,9.8986,0.1034,1.0235,1,,1300,9.9,,387.02579509304087,395.4542704674452,True,0.15086979763144615,0.0016789762465906563,0.02525336858470557,v1_Ra20_20261001,FS 0.05,1,0.031040058316137504,1.2668963919380019,0.0020782500722572655,-2.1313400824933604
1790889764.929,2026-10-01T17:22:44,1300,27.293543888433145,v1_Ra20_20261001,0.1138,0.1138,9.6053,0.1138,1.0931,1,,1300,9.9,,384.128964079855,383.0354983480106,True,0.1497405594404186,0.001793149912211281,0.027174040683521757,v1_Ra20_20261001,FS 0.05,1,0.034162075787006266,1.3844982315779397,0.0022711672147202053,0.28547373195444425
1790889765.985,2026-10-01T17:22:45,1300,27.293543888433145,v1_Ra20_20261001,0.1241,0.1241,9.115,0.1241,1.1312,1,,1299,10.0,,378.2667381452825,383.03596471732817,True,0.14745535558157463,0.0018556501515811922,0.028557002792522265,v1_Ra20_20261001,FS 0.05,1,0.03725407385911667,1.4743757944277909,0.0024186047263238778,-1.2451119506663666
1790889767.038,2026-10-01T17:22:47,1300,27.293543888433145,v1_Ra20_20261001,0.1345,0.1345,8.9043,0.1345,1.1976,1,,1300,9.9,,375.098984723229,378.73033572702184,True,0.1462205068355973,0.0019645744532652367,0.030488585830882976,v1_Ra20_20261001,FS 0.05,1,0.04037609132998544,1.5973344700574557,0.0026203093630551458,-0.9588223232295245
1790889768.095,2026-10-01T17:22:48,1300,27.293543888433145,v1_Ra20_20261001,0.1448,0.1448,8.3549,0.1448,1.2098,1,,1300,9.9,,361.66862366783334,367.24431602960976,True,0.14098510423392396,0.0019845876532734496,0.03194288432320538,v1_Ra20_20261001,FS 0.05,1,0.043468089402095844,1.6697865916279018,0.0027391617237115967,-1.5182515068053126
1790889769.166,2026-10-01T17:22:49,1300,27.293543888433145,v1_Ra20_20261001,0.1551,0.1551,8.0831,0.1551,1.2537,1,,1300,9.9,,362.5795065764805,361.13097355026866,True,0.14134018320239555,0.002056602364778413,0.033018835626699314,v1_Ra20_20261001,FS 0.05,1,0.04656008747420625,1.7781555226100445,0.0029169329606314204,0.4011101601093303
1790889770.224,2026-10-01T17:22:50,1300,27.293543888433145,v1_Ra20_20261001,0.1655,0.1655,7.6589,0.1655,1.2675,1,,1300,9.9,,356.666387751261,357.50022888139483,True,0.1390351403555303,0.0020792402467549164,0.03393572772150254,v1_Ra20_20261001,FS 0.05,1,0.049682104945075016,1.8613287835383339,0.003053372559507908,-0.23324212483524231
1790889771.281,2026-10-01T17:22:51,1300,27.293543888433145,v1_Ra20_20261001,0.1758,0.1758,7.5351,0.1758,1.3247,1,,1300,9.9,,354.69401183861464,354.77626757347025,True,0.13826627182385381,0.002173072627121292,0.03566441147753501,v1_Ra20_20261001,FS 0.05,1,0.05277410301718543,1.9914722732410712,0.0032668633537036203,-0.023185241622336594
1790889772.338,2026-10-01T17:22:52,1300,27.293543888433145,v1_Ra20_20261001,0.1862,0.1862,6.9392,0.1862,1.2921,1,,1300,9.9,,342.8570455434283,347.68961725860663,True,0.13365200390639967,0.0021195947320173784,0.03598772805903851,v1_Ra20_20261001,FS 0.05,1,0.05589612048805419,2.036802370159087,0.0033412240337045984,-1.3899096997147198
1790889773.394,2026-10-01T17:22:53,1300,27.293543888433145,v1_Ra20_20261001,0.1965,0.1965,6.377,0.1965,1.2531,1,,1300,9.9,,329.894768167901,334.52399545050184,True,0.12859906896179646,0.002055618109040304,0.03627285033273699,v1_Ra20_20261001,FS 0.05,1,0.058988118560164594,2.0792204185824192,0.0034108077129713366,-1.3838251801239765
1790889774.464,2026-10-01T17:22:54,1300,27.293543888433145,v1_Ra20_20261001,0.2069,0.2069,5.96,0.2069,1.2331,1,,1300,9.9,,325.93645999661476,324.73121847829134,True,0.12705604738458787,0.002022809584436676,0.036127402315528835,v1_Ra20_20261001,FS 0.05,1,0.06211013603103335,2.145707351490162,0.0035198746216775086,0.37115049300502356
1790889775.521,2026-10-01T17:22:55,1300,27.293543888433145,v1_Ra20_20261001,0.2172,0.2172,5.5483,0.2172,1.2051,1,,1300,9.9,,316.55909354221876,325.0005249957894,True,0.12340057687789845,0.001976877649991597,0.03635295131292069,v1_Ra20_20261001,FS 0.05,1,0.06520213410314377,2.207599958634089,0.003621404877890719,-2.5973593284749352
1790889776.575,2026-10-01T17:22:56,1300,27.293543888433145,v1_Ra20_20261001,0.2275,0.2275,5.1132,0.2275,1.1633,1,,1300,9.9,,308.57132867936343,310.05458421468575,True,0.12028679871720287,0.0019083078335700148,0.03600041768453206,v1_Ra20_20261001,FS 0.05,1,0.06829413217525418,2.259909375189713,0.003707214616894049,-0.4783852943439415
1790889777.629,2026-10-01T17:22:57,1300,27.293543888433145,v1_Ra20_20261001,0.2379,0.2379,4.5241,0.2379,1.0763,1,,1300,9.9,,298.6108844703949,301.0781971604388,True,0.11640403374086548,0.0017655907515442338,0.03441906658297781,v1_Ra20_20261001,FS 0.05,1,0.07141614964612293,2.2722108933960796,0.0037273943500308266,-0.8194923157219036
1790889778.686,2026-10-01T17:22:58,1300,27.293543888433145,v1_Ra20_20261001,0.2482,0.2482,4.4333,0.2482,1.1003,1,,1300,9.9,,293.38452656468235,293.88038929472486,True,0.11436670297485074,0.0018049609810685872,0.03581337828572992,v1_Ra20_20261001,FS 0.05,1,0.07450814771823334,2.398794868672298,0.003935046023394569,-0.16872943826994335
1790889779.743,2026-10-01T17:22:59,1300,27.293543888433145,v1_Ra20_20261001,0.2586,0.2586,3.7111,0.2586,0.9597,1,,1300,9.9,,272.8388920558473,281.9682281308019,True,0.10635763546602378,0.0015743170531050833,0.03358927264387823,v1_Ra20_20261001,FS 0.05,1,0.07763016518910211,2.3660532228683917,0.003881335768798532,-3.237717999461842
1790889780.795,2026-10-01T17:23:00,1300,27.293543888433145,v1_Ra20_20261001,0.2689,0.2689,2.4645,0.2689,0.6627,1,,1300,9.9,,296.03142242401645,254.9884452322658,True,0.11539851183026115,0.0010871104627412094,0.021377186230438956,v1_Ra20_20261001,FS 0.05,1,0.08072216326121251,2.180111756865205,0.0035763125106885226,16.096014528958413
1790889788.68,2026-10-01T17:23:08,1400,29.42566858080394,v1_Ra20_20261001,0.006,0.006,16.7256,0.006,0.1004,1,,1400,10.2,,526.8285585689455,530.4891298659072,True,0.1904869798004978,0.00013142899560427345,0.0018198508064746592,v1_Ra20_20261001,FS 0.05,1,0.001801163925501209,0.10290937012351108,0.00013471389595220604,-0.6900370037529413
1790889789.734,2026-10-01T17:23:09,1400,29.42566858080394,v1_Ra20_20261001,0.012,0.012,16.0095,0.012,0.1921,1,,1400,10.4,,519.0477325500069,518.3048488616123,True,0.1876736432328547,0.00025146922366116466,0.003534202654281802,v1_Ra20_20261001,FS 0.05,1,0.003602327851002418,0.19854964927540453,0.0002599121611737767,0.14332948843258642
1790889790.788,2026-10-01T17:23:10,1400,29.42566858080394,v1_Ra20_20261001,0.024,0.024,15.679,0.024,0.3763,1,,1400,10.4,,510.6037985660123,517.8565553562976,True,0.18462054473224365,0.0004925969227678098,0.007037551062527491,v1_Ra20_20261001,FS 0.05,1,0.007204655702004836,0.39492293466433864,0.0005169753450600213,-1.4005339345941503
1790889791.84,2026-10-01T17:23:11,1400,29.42566858080394,v1_Ra20_20261001,0.0361,0.0361,14.8228,0.0361,0.5351,1,,1400,10.4,,498.51089848284573,502.3249240536188,True,0.18024807863031322,0.000700474656851063,0.010250184335908208,v1_Ra20_20261001,FS 0.05,1,0.010837002951765607,0.5717930444004943,0.0007485078238950866,-0.7592746025809283
1790889792.897,2026-10-01T17:23:12,1400,29.42566858080394,v1_Ra20_20261001,0.0481,0.0481,14.2135,0.0481,0.6837,1,,1400,10.4,,488.63618629982284,490.1613463022386,True,0.17667764937102495,0.0008950000427753163,0.01336138063158033,v1_Ra20_20261001,FS 0.05,1,0.014439330802768024,0.7440612989841001,0.0009740162270268057,-0.3111546869049353
1790889793.948,2026-10-01T17:23:13,1400,29.42566858080394,v1_Ra20_20261001,0.0601,0.0601,13.9538,0.0601,0.8386,1,,1401,10.4,,483.91082457815173,489.6136822282415,True,0.1749690861806181,0.0010977724672683639,0.01654858645411125,v1_Ra20_20261001,FS 0.05,1,0.018041658653770443,0.9283531896812358,0.0012152642159943066,-1.1647668063800687
1790889795.028,2026-10-01T17:23:15,1400,29.42566858080394,v1_Ra20_20261001,0.0721,0.0721,12.9715,0.0721,0.9352,1,,1400,10.4,,465.46466518418583,469.5648278374506,True,0.1682994530813424,0.0012242270586565393,0.01918620860992446,v1_Ra20_20261001,FS 0.05,1,0.02164398650477286,1.0600687164919007,0.0013876869191239225,-0.8731835116671305
1790889796.083,2026-10-01T17:23:16,1400,29.42566858080394,v1_Ra20_20261001,0.0842,0.0842,12.4087,0.0842,1.0448,1,,1401,10.3,,459.5741005446371,462.76634351621624,True,0.16616958398207562,0.001367699348678734,0.021709458954978007,v1_Ra20_20261001,FS 0.05,1,0.02527633375453363,1.2108722529949685,0.0015850968527511195,-0.6898174459541884
1790889797.139,2026-10-01T17:23:17,1400,29.42566858080394,v1_Ra20_20261001,0.0962,0.0962,12.1587,0.0962,1.1697,1,,1400,10.4,,456.25001117589363,461.1701228645643,True,0.16496768303319984,0.0015312001609394288,0.024481779599933445,v1_Ra20_20261001,FS 0.05,1,0.02887866160553605,1.3823827490003053,0.0018096133091811213,-1.066875637586695
1790889798.193,2026-10-01T17:23:18,1400,29.42566858080394,v1_Ra20_20261001,0.1082,0.1082,11.5485,0.1082,1.2495,1,,1400,10.4,,444.1141614622211,450.0002682216518,True,0.16057968750473098,0.001635662649477487,0.026866619259143767,v1_Ra20_20261001,FS 0.05,1,0.03248098945653847,1.5145168811191718,0.001982583989155474,-1.308022944673326
1790889799.246,2026-10-01T17:23:19,1400,29.42566858080394,v1_Ra20_20261001,0.1202,0.1202,10.9348,0.1202,1.3144,1,,1400,10.3,,430.94507165922096,437.0879287470643,True,0.1558181002625566,0.0017206202372734764,0.02912574306436129,v1_Ra20_20261001,FS 0.05,1,0.036083317307540885,1.6374746493515682,0.002143542315654746,-1.4054053392534072
1790889800.3,2026-10-01T17:23:20,1400,29.42566858080394,v1_Ra20_20261001,0.1322,0.1322,10.4866,0.1322,1.3863,1,,1400,10.4,,429.90047111527474,425.7371524293944,True,0.15544040091524938,0.001814741201257015,0.03079361560631541,v1_Ra20_20261001,FS 0.05,1,0.03968564515854331,1.7731560536974937,0.0023211565656085535,0.9779082380109605
1790889801.354,2026-10-01T17:23:21,1400,29.42566858080394,v1_Ra20_20261001,0.1443,0.1443,10.1324,0.1443,1.4621,1,,1400,10.4,,423.52940775595016,426.4705595991927,True,0.15313679645475484,0.001913967474830759,0.03296589630376961,v1_Ra20_20261001,FS 0.05,1,0.04331799240830408,1.9190643500486158,0.002512158366801369,-0.6896494440335355
1790889802.413,2026-10-01T17:23:22,1400,29.42566858080394,v1_Ra20_20261001,0.1563,0.1563,9.7681,0.1563,1.5268,1,,1400,10.4,,415.6169872574992,418.4619999386996,True,0.15027587887702215,0.001998663251878533,0.03508005320708719,v1_Ra20_20261001,FS 0.05,1,0.046920320259306494,2.059040723589213,0.002695394962247278,-0.6798736042023301
1790889803.466,2026-10-01T17:23:23,1400,29.42566858080394,v1_Ra20_20261001,0.1683,0.1683,9.4284,0.1683,1.5868,1,,1400,10.4,,413.2130014178301,412.5001271968131,True,0.14940666251691134,0.002077206476343238,0.03667073342295693,v1_Ra20_20261001,FS 0.05,1,0.05052264811030891,2.2000407332433403,0.002879971552377107,0.17281793968439985
1790889804.518,2026-10-01T17:23:24,1400,29.42566858080394,v1_Ra20_20261001,0.1803,0.1803,8.852,0.1803,1.596,1,,1400,10.4,,399.2610987502303,407.5475092813349,True,0.14436203128271866,0.00208924977076116,0.038172207105040705,v1_Ra20_20261001,FS 0.05,1,0.05412497596131133,2.295964379010997,0.003005540759727139,-2.0332379274545898
1790889805.606,2026-10-01T17:23:25,1400,29.42566858080394,v1_Ra20_20261001,0.1923,0.1923,8.2673,0.1923,1.5898,1,,1400,10.4,,390.90897741405115,392.7277281260899,True,0.1413421297561619,0.0020811336375664738,0.038836334258881666,v1_Ra20_20261001,FS 0.05,1,0.057727303812313745,2.382211660892183,0.0031184430867315506,-0.4631072831849603
1790889806.662,2026-10-01T17:23:26,1400,29.42566858080394,v1_Ra20_20261001,0.2044,0.2044,8.0193,0.2044,1.6391,1,,1400,10.4,,389.0910595580408,392.7270640508482,True,0.14068481975220642,0.0021456699870016395,0.04022773499626169,v1_Ra20_20261001,FS 0.05,1,0.06135965106207452,2.5305247170913594,0.003312592847799857,-0.9258349692794821
1790889807.718,2026-10-01T17:23:27,1400,29.42566858080394,v1_Ra20_20261001,0.2164,0.2164,7.4971,0.2164,1.6224,1,,1400,10.3,,380.70205381020514,383.9384492630302,True,0.13765158181845627,0.0021238087895256302,0.04069528552651627,v1_Ra20_20261001,FS 0.05,1,0.06496197891307694,2.617766968167217,0.003426797642950811,-0.8429464303555179
1790889808.773,2026-10-01T17:23:28,1400,29.42566858080394,v1_Ra20_20261001,0.2284,0.2284,7.1693,0.2284,1.6375,1,,1400,10.4,,373.5749091701791,378.94744501980995,True,0.13507459878479602,0.002143575501015914,0.041857664353082705,v1_Ra20_20261001,FS 0.05,1,0.06856430676407935,2.742532855356605,0.0035901228943350473,-1.4177522292965872
1790889809.829,2026-10-01T17:23:29,1400,29.42566858080394,v1_Ra20_20261001,0.2404,0.2404,6.4019,0.2404,1.539,1,,1400,10.4,,360.0002574934024,365.3100984950811,True,0.13016637132124143,0.0020146337075196896,0.040823213703881735,v1_Ra20_20261001,FS 0.05,1,0.07216663461508177,2.7594223786595222,0.0036122321879997624,-1.453516074029415
1790889810.885,2026-10-01T17:23:30,1400,29.42566858080394,v1_Ra20_20261001,0.2525,0.2525,5.9455,0.2525,1.5012,1,,1400,10.4,,354.67094487321447,359.3628962795947,True,0.12823943579559374,0.0019651514761069256,0.04041888471946222,v1_Ra20_20261001,FS 0.05,1,0.07579898186484255,2.8437688616256107,0.003722646267073328,-1.3056304518232031
1790889811.937,2026-10-01T17:23:31,1400,29.42566858080394,v1_Ra20_20261001,0.2645,0.2645,5.8789,0.2645,1.555,1,,1400,10.4,,356.4464498154166,354.0984577365407,True,0.1288814104352747,0.0020355785673769446,0.04165886965114499,v1_Ra20_20261001,FS 0.05,1,0.07940130971584497,3.024453354123199,0.003959171977932152,0.6630901738134298
1790889813.015,2026-10-01T17:23:33,1400,29.42566858080394,v1_Ra20_20261001,0.2765,0.2765,5.5127,0.2765,1.5243,1,,1400,10.4,,345.6679138496611,348.85321796487005,True,0.12498418290386497,0.001995390617525837,0.042109759691578715,v1_Ra20_20261001,FS 0.05,1,0.0830036375668474,3.126361482734318,0.004092575194936838,-0.9130786104801669
1790889814.067,2026-10-01T17:23:34,1400,29.42566858080394,v1_Ra20_20261001,0.2885,0.2885,4.8294,0.2885,1.3933,1,,1400,10.4,,330.60246743054904,339.2949191154912,True,0.11953692432031704,0.0018239045774445638,0.040244814371784156,v1_Ra20_20261001,FS 0.05,1,0.08660596541784979,3.133693247458966,0.004102172868978345,-2.5619162549213925
1790889815.123,2026-10-01T17:23:35,1400,29.42566858080394,v1_Ra20_20261001,0.3005,0.3005,4.4658,0.3005,1.342,1,,1399,10.5,,325.7574770443398,326.95019485298644,True,0.11778510663537907,0.001756750120527241,0.03933956062661643,v1_Ra20_20261001,FS 0.05,1,0.09020829326885221,3.226448648297144,0.004223594673450791,-0.36480106983357574
1790889816.179,2026-10-01T17:23:36,1400,29.42566858080394,v1_Ra20_20261001,0.3126,0.3126,4.1428,0.3126,1.295,1,,1400,10.4,,324.1218867895441,327.27260956419286,True,0.11719372136827534,0.001695224594696555,0.038153360147103764,v1_Ra20_20261001,FS 0.05,1,0.09384064051861299,3.330499891111286,0.004359803342120503,-0.9627211940664404
1790889817.234,2026-10-01T17:23:37,1400,29.42566858080394,v1_Ra20_20261001,0.3246,0.3246,3.4078,0.3246,1.1062,1,,1400,10.4,,359.9014283202905,312.17996801003665,True,0.1301306373611209,0.0014480752483809493,0.02935090291860265,v1_Ra20_20261001,FS 0.05,1,0.0974429683696154,3.2972502611441357,0.004316277789622531,15.286522262927393
1790889824.604,2026-10-01T17:23:44,1500,31.557793273174738,v1_Ra20_20261001,0.0069,0.0069,18.4758,0.0069,0.1275,1,,1500,10.9,,583.7833637219774,583.7842916196792,True,0.19681917797137086,0.00013530903538013704,0.0020855944007901563,v1_Ra20_20261001,FS 0.05,1,0.0020713385143263903,0.13050919154573573,0.0001385025318925101,-0.00015894530138726992
1790889825.66,2026-10-01T17:23:45,1500,31.557793273174738,v1_Ra20_20261001,0.0138,0.0138,18.1526,0.0138,0.2505,1,,1500,11.0,,581.0813791340479,579.7297622730639,True,0.19590821952593482,0.0002658424577468575,0.0041166330234777,v1_Ra20_20261001,FS 0.05,1,0.004142677028652781,0.25841076028150717,0.0002742377310238319,0.23314601887687303
1790889826.738,2026-10-01T17:23:46,1500,31.557793273174738,v1_Ra20_20261001,0.0277,0.0277,17.1014,0.0277,0.4737,1,,1501,10.9,,567.8836285930856,572.3685446635614,True,0.19145867441388792,0.000502712863212321,0.007965543581111305,v1_Ra20_20261001,FS 0.05,1,0.008315373456063915,0.49723082967952015,0.0005276848935309889,-0.7835713741243366
1790889827.795,2026-10-01T17:23:47,1500,31.557793273174738,v1_Ra20_20261001,0.0415,0.0415,16.7196,0.0415,0.6939,1,,1499,11.0,,561.8534651695427,565.3844996187786,True,0.18942563976129378,0.0007363995266688399,0.011793567738678014,v1_Ra20_20261001,FS 0.05,1,0.012458050484716696,0.7405354589940676,0.0007858912833041123,-0.6245368331846302
1790889828.851,2026-10-01T17:23:48,1500,31.557793273174738,v1_Ra20_20261001,0.0553,0.0553,16.1304,0.0553,0.892,1,,1500,11.0,,554.1006167137994,555.1597845764377,True,0.1868118118332977,0.000946632623992802,0.015372609770398234,v1_Ra20_20261001,FS 0.05,1,0.016600727513369478,0.969309597068758,0.0010286772279535917,-0.19078612897842628
1790889829.906,2026-10-01T17:23:49,1500,31.557793273174738,v1_Ra20_20261001,0.0691,0.0691,15.5502,0.0691,1.0745,1,,1500,11.0,,539.9995279304221,549.7100378510936,True,0.182057711467794,0.001140310262870253,0.019001348427950045,v1_Ra20_20261001,FS 0.05,1,0.020743404542022253,1.1900532439035911,0.0012629408351654736,-1.7664785526987026
1790889830.962,2026-10-01T17:23:50,1500,31.557793273174738,v1_Ra20_20261001,0.083,0.083,14.893,0.083,1.2361,1,,1500,11.0,,532.8432952418325,532.500101657854,True,0.17964502908822066,0.0013118078324187248,0.022152639649892343,v1_Ra20_20261001,FS 0.05,1,0.02491610096943339,1.3978260033806789,0.0014834391227193085,0.06444948703485665
1790889832.037,2026-10-01T17:23:52,1500,31.557793273174738,v1_Ra20_20261001,0.0968,0.0968,14.1159,0.0968,1.3664,1,,1500,10.9,,516.6925985740363,521.3901786254041,True,0.1741999153022539,0.0014500883603405432,0.025253233528903147,v1_Ra20_20261001,FS 0.05,1,0.02905877799808617,1.5815635192485524,0.0016784300720151877,-0.900972101882036
1790889833.09,2026-10-01T17:23:53,1500,31.557793273174738,v1_Ra20_20261001,0.1106,0.1106,13.5756,0.1106,1.5015,1,,1499,11.0,,506.8752034097088,514.2854515395356,True,0.17089003741579997,0.0015934628754766728,0.02828757202304723,v1_Ra20_20261001,FS 0.05,1,0.033201455026738956,1.7776705438765688,0.001886548129534291,-1.44088231693974
1790889834.145,2026-10-01T17:23:54,1500,31.557793273174738,v1_Ra20_20261001,0.1244,0.1244,12.6085,0.1244,1.5685,1,,1499,11.1,,488.63618629982284,492.35037471943315,True,0.16474085849489611,0.0016645664470097644,0.03065280901072656,v1_Ra20_20261001,FS 0.05,1,0.03734413205539173,1.9132470772647279,0.0020304283644592695,-0.754379119083004
1790889835.202,2026-10-01T17:23:55,1500,31.557793273174738,v1_Ra20_20261001,0.1383,0.1383,12.0262,0.1383,1.6632,1,,1500,11.0,,483.45836257692554,484.81316185360583,True,0.16299518523294504,0.001765066569758776,0.03285161931292334,v1_Ra20_20261001,FS 0.05,1,0.041516828482802866,2.0846725268208908,0.0022123531661773143,-0.2794477096084713
1790889836.253,2026-10-01T17:23:56,1500,31.557793273174738,v1_Ra20_20261001,0.1521,0.1521,11.7101,0.1521,1.7811,1,,1500,11.0,,476.5728084865259,479.62727883299294,True,0.16067376057413055,0.0018901876307102908,0.03568867515222359,v1_Ra20_20261001,FS 0.05,1,0.04565950551145565,2.28634292924209,0.0024263753435603457,-0.636842498595791
1790889837.334,2026-10-01T17:23:57,1500,31.557793273174738,v1_Ra20_20261001,0.1659,0.1659,11.249,0.1659,1.8662,1,,1500,11.0,,470.7520927937594,473.3330726623535,True,0.15871134001018838,0.0019804997790306804,0.037856225305605166,v1_Ra20_20261001,FS 0.05,1,0.049802182540108424,2.4627828404234324,0.0026136217293211655,-0.5452777373186501
1790889838.389,2026-10-01T17:23:58,1500,31.557793273174738,v1_Ra20_20261001,0.1797,0.1797,10.5675,0.1797,1.899,1,,1501,10.9,,464.5037254039835,463.043632947722,True,0.15660473915490175,0.002015308691661806,0.03903976055330694,v1_Ra20_20261001,FS 0.05,1,0.05394485956876121,2.5944922603649174,0.0027533980004016342,0.31532502605997603
1790889839.445,2026-10-01T17:23:59,1500,31.557793273174738,v1_Ra20_20261001,0.1936,0.1936,10.0138,0.1936,1.9387,1,,1500,11.0,,450.4534662498145,453.19179825819447,True,0.1518677757043207,0.0020574402109135035,0.04109907610316468,v1_Ra20_20261001,FS 0.05,1,0.05811755599617234,2.741470400000155,0.0029093781595860347,-0.6042324726317938
1790889840.497,2026-10-01T17:24:00,1500,31.557793273174738,v1_Ra20_20261001,0.2074,0.2074,9.6945,0.2074,2.0106,1,,1500,11.0,,449.6728774867279,446.8749497084559,True,0.15160460472646878,0.0021337438943945376,0.04269729546986202,v1_Ra20_20261001,FS 0.05,1,0.062260233024825126,2.9274736889746804,0.003106773654556042,0.6261097830830176
1790889841.552,2026-10-01T17:24:01,1500,31.557793273174738,v1_Ra20_20261001,0.2212,0.2212,9.1846,0.2212,2.0316,1,,1500,10.9,,443.8060728520213,445.5157129734971,True,0.14962664554284344,0.0021560300884571485,0.04371357701001616,v1_Ra20_20261001,FS 0.05,1,0.06640291005347791,3.0701464867093486,0.003258184781116539,-0.38374406820921303
1790889842.636,2026-10-01T17:24:02,1500,31.557793273174738,v1_Ra20_20261001,0.2351,0.2351,8.6825,0.2351,2.0413,1,,1500,11.0,,431.3233685076966,437.7552998635224,True,0.14541817411219865,0.002166324187619402,0.045193422251735296,v1_Ra20_20261001,FS 0.05,1,0.07057560648088904,3.2100529561507636,0.0034066601491444487,-1.4692983403812643
1790889843.692,2026-10-01T17:24:03,1500,31.557793273174738,v1_Ra20_20261001,0.2489,0.2489,8.1019,0.2489,2.0166,1,,1500,11.0,,419.1751368440009,420.5891693882563,True,0.1413224682075113,0.0021401113784124265,0.04594049074411978,v1_Ra20_20261001,FS 0.05,1,0.07471828350954182,3.322219622918472,0.0035256967254749887,-0.33620279531023645
1790889844.747,2026-10-01T17:24:04,1500,31.557793273174738,v1_Ra20_20261001,0.2627,0.2627,7.6877,0.2627,2.0196,1,,1500,11.0,,417.30753359765913,418.2695555339592,True,0.1406928165960332,0.0021432951204213707,0.04621474052442483,v1_Ra20_20261001,FS 0.05,1,0.0788609605381946,3.469655798446323,0.0036821629740303626,-0.2300004682559198
1790889845.802,2026-10-01T17:24:05,1500,31.557793273174738,v1_Ra20_20261001,0.2765,0.2765,6.8587,0.2765,1.8964,1,,1500,11.0,,398.1478613463196,405.8298483103272,True,0.13423324412951554,0.0020125494485873875,0.04548382096925615,v1_Ra20_20261001,FS 0.05,1,0.0830036375668474,3.498461482734318,0.003712732929751722,-1.8929083200734387
1790889846.859,2026-10-01T17:24:06,1500,31.557793273174738,v1_Ra20_20261001,0.2904,0.2904,6.4288,0.2904,1.8669,1,,1499,11.0,,394.4445852944,397.2801586341916,True,0.13298470606962148,0.001981242652166101,0.045196670103075855,v1_Ra20_20261001,FS 0.05,1,0.08717633399425852,3.629720642254807,0.00385203136315976,-0.7137465282786914
1790889847.945,2026-10-01T17:24:07,1500,31.557793273174738,v1_Ra20_20261001,0.3042,0.3042,6.0847,0.3042,1.851,1,,1500,11.0,,389.2854460655144,388.39311578375373,True,0.13124533217654716,0.0019643688195186953,0.045405622425481525,v1_Ra20_20261001,FS 0.05,1,0.0913190110229113,3.7810201955758425,0.0040125976111073285,0.22974925288261616
1790889848.997,2026-10-01T17:24:08,1500,31.557793273174738,v1_Ra20_20261001,0.318,0.318,5.5958,0.318,1.7795,1,,1500,11.0,,379.17390333911953,380.3676393306432,True,0.12783628414416914,0.0018884896349721874,0.0448157774685347,v1_Ra20_20261001,FS 0.05,1,0.09546168805156408,3.8842892576570196,0.004122191628164705,-0.31383742150735694
1790889850.053,2026-10-01T17:24:10,1500,31.557793273174738,v1_Ra20_20261001,0.3318,0.3318,5.5412,0.3318,1.8386,1,,1500,11.0,,381.9234543944731,384.01146198450533,True,0.12876327934844276,0.001951209352548392,0.045970826091217935,v1_Ra20_20261001,FS 0.05,1,0.09960436508021685,4.12572782849834,0.004378417668353708,-0.5437357466471893
1790889851.109,2026-10-01T17:24:11,1500,31.557793273174738,v1_Ra20_20261001,0.3457,0.3457,4.7832,0.3457,1.6536,1,,1500,11.0,,368.7405852462234,369.82762830580214,True,0.12431875141170914,0.0017548785953301537,0.04282337628569247,v1_Ra20_20261001,FS 0.05,1,0.10377706150762799,4.132039678097904,0.004385116101928465,-0.293932355610782
1790889852.282,2026-10-01T17:24:12,1500,31.557793273174738,v1_Ra20_20261001,0.3595,0.3595,3.8413,0.3595,1.3809,1,,1500,11.0,,344.56213231753736,349.3624008529878,True,0.11616712612437086,0.0014654764467171078,0.038270669984081504,v1_Ra20_20261001,FS 0.05,1,0.10791973853628077,4.056872117972265,0.004305344728967849,-1.3740083431217243
1790889853.332,2026-10-01T17:24:13,1500,31.557793273174738,v1_Ra20_20261001,0.3733,0.3733,3.9442,0.3733,1.4724,1,,1500,10.9,,419.927586877634,347.56546472680157,True,0.1415761523757959,0.001562580577989912,0.03348287831494044,v1_Ra20_20261001,FS 0.05,1,0.11206241556493356,4.353474066606768,0.004620112756901995,20.819710096258138
1790889860.693,2026-10-01T17:24:20,1600,33.68991796554553,v1_Ra20_20261001,0.0079,0.0079,20.2517,0.0079,0.16,1,,1600,11.8,,641.9896358195047,638.4865742866282,True,0.20274511051487532,0.00013955860384709136,0.0023799254200293054,v1_Ra20_20261001,FS 0.05,1,0.0023715325019099255,0.16360230878090098,0.00014270068624764546,0.5486507741827351
1790889861.749,2026-10-01T17:24:21,1600,33.68991796554553,v1_Ra20_20261001,0.0158,0.0158,19.8054,0.0158,0.3129,1,,1600,11.8,,634.3509981405077,635.2936362104401,True,0.2003327718196651,0.000272924294648468,0.004710286435058799,v1_Ra20_20261001,FS 0.05,1,0.004743065003819851,0.32258525735239485,0.00028137217586096804,-0.14837832715518529
1790889862.805,2026-10-01T17:24:22,1600,33.68991796554553,v1_Ra20_20261001,0.0315,0.0315,18.924,0.0315,0.5961,1,,1600,11.8,,625.41355243211,630.4519650156067,True,0.19751025987123352,0.0005199430234578197,0.00910171465342949,v1_Ra20_20261001,FS 0.05,1,0.009456110608881347,0.6252377719963241,0.0005453581908267063,-0.7991746973731728
1790889863.859,2026-10-01T17:24:23,1600,33.68991796554553,v1_Ra20_20261001,0.0473,0.0473,18.2265,0.0473,0.8621,1,,1600,11.8,,605.3794892143287,621.4291617421395,True,0.19118335343143386,0.000751959202353609,0.013598823106900406,v1_Ra20_20261001,FS 0.05,1,0.014199175612701198,0.9207053466661056,0.0008030772045954621,-2.5827034706283336
1790889864.944,2026-10-01T17:24:24,1600,33.68991796554553,v1_Ra20_20261001,0.063,0.063,17.5702,0.063,1.1069,1,,1601,11.7,,602.8576608657659,604.1670838995742,True,0.19038694124858566,0.0009654838662396588,0.017533353354629945,v1_Ra20_20261001,FS 0.05,1,0.018912221217762693,1.204614974087438,0.0010507148997308934,-0.21673193868105844
1790889865.999,2026-10-01T17:24:25,1600,33.68991796554553,v1_Ra20_20261001,0.0788,0.0788,16.8568,0.0788,1.3283,1,,1600,11.9,,591.6658322008516,597.5016376612643,True,0.186852478364874,0.0011585980843130715,0.021438335567486262,v1_Ra20_20261001,FS 0.05,1,0.02365528622158254,1.4752648660746057,0.0012867869063377384,-0.9767011657499713
1790889867.054,2026-10-01T17:24:27,1600,33.68991796554553,v1_Ra20_20261001,0.0946,0.0946,16.2464,0.0946,1.5369,1,,1600,11.9,,581.6515604378765,587.8383181048321,True,0.18368989672487815,0.0013405476140787168,0.025232140546872214,v1_Ra20_20261001,FS 0.05,1,0.028398351225402397,1.7430373172241453,0.0015203490902823836,-1.0524590650880739
1790889868.144,2026-10-01T17:24:28,1600,33.68991796554553,v1_Ra20_20261001,0.1103,0.1103,15.337,0.1103,1.6917,1,,1601,11.8,,569.3588597338703,574.2434596636485,True,0.1798077702485238,0.0014755705633007776,0.02837322148857843,v1_Ra20_20261001,FS 0.05,1,0.03311139683046389,1.9664638155778957,0.0017152309038617202,-0.8506148128599178
1790889869.2,2026-10-01T17:24:29,1600,33.68991796554553,v1_Ra20_20261001,0.1261,0.1261,14.7764,0.1261,1.8633,1,,1600,11.8,,560.1407829697109,567.1996051880114,True,0.17689663292167518,0.0016252471659267832,0.031765593345039235,v1_Ra20_20261001,FS 0.05,1,0.03785446183428374,2.2170185840448218,0.0019337751143271916,-1.2445040782355088
1790889870.276,2026-10-01T17:24:30,1600,33.68991796554553,v1_Ra20_20261001,0.1418,0.1418,14.0765,0.1418,1.996,1,,1600,11.8,,548.8148329635351,556.777247776904,True,0.17331981351904285,0.0017409935829924646,0.03473010356108909,v1_Ra20_20261001,FS 0.05,1,0.04256750743934524,2.4380021951759754,0.0021265261408431437,-1.4300898330815714
1790889871.337,2026-10-01T17:24:31,1600,33.68991796554553,v1_Ra20_20261001,0.1576,0.1576,13.3485,0.1576,2.1037,1,,1600,11.8,,541.3224503105084,540.0005589501461,True,0.17095366325079348,0.0018349339682070377,0.03711070031442817,v1_Ra20_20261001,FS 0.05,1,0.04731057244316508,2.6444392809602877,0.002306589087557649,0.24479444297840214
1790889872.388,2026-10-01T17:24:32,1600,33.68991796554553,v1_Ra20_20261001,0.1733,0.1733,12.9951,0.1733,2.2521,1,,1601,11.8,,534.9995362431173,536.2495837267829,True,0.16895683987570445,0.001964374573275215,0.04019811118203025,v1_Ra20_20261001,FS 0.05,1,0.05202361804822659,2.9007800048688446,0.0025301800471690923,-0.23310926881811023
1790889873.448,2026-10-01T17:24:33,1600,33.68991796554553,v1_Ra20_20261001,0.1891,0.1891,12.2383,0.1891,2.3143,1,,1601,11.7,,519.1069936797248,526.8302333127622,True,0.16393785651740728,0.0020186279805207716,0.04257299045654829,v1_Ra20_20261001,FS 0.05,1,0.056766683052046435,3.0814994079705436,0.0026878109695750475,-1.4659826154001854
1790889874.507,2026-10-01T17:24:34,1600,33.68991796554553,v1_Ra20_20261001,0.2049,0.2049,11.6122,0.2049,2.3793,1,,1599,11.9,,514.2859574613567,514.2856122684293,True,0.16241533735766794,0.0020753236633336528,0.04417900398849607,v1_Ra20_20261001,FS 0.05,1,0.06150974805586629,3.2749413702346146,0.002856539033193894,6.712086031424036e-05
1790889875.577,2026-10-01T17:24:35,1600,33.68991796554553,v1_Ra20_20261001,0.2206,0.2206,11.2635,0.2206,2.4847,1,,1600,11.8,,504.0529257671551,510.71521262443866,True,0.1591836697013907,0.002167257893617924,0.047072710053044274,v1_Ra20_20261001,FS 0.05,1,0.06622279366092779,3.5177989650755888,0.003068369451129325,-1.3045013527299698
1790889876.635,2026-10-01T17:24:36,1600,33.68991796554553,v1_Ra20_20261001,0.2364,0.2364,10.4949,0.2364,2.481,1,,1600,11.9,,488.6429749366016,498.45159578324,True,0.15431709240815886,0.0021640306009039602,0.04848489806229876,v1_Ra20_20261001,FS 0.05,1,0.07096585866474764,3.662323244657046,0.003194429492881793,-1.9678181250931015
1790889877.688,2026-10-01T17:24:37,1600,33.68991796554553,v1_Ra20_20261001,0.2521,0.2521,9.5465,0.2521,2.4067,1,,1601,11.8,,481.152837071204,485.2167102006092,True,0.1519516510605689,0.002099223074242467,0.047765055761179696,v1_Ra20_20261001,FS 0.05,1,0.07567890426980912,3.745137952275423,0.003266663898964454,-0.8375377525075445
1790889878.788,2026-10-01T17:24:38,1600,33.68991796554553,v1_Ra20_20261001,0.2679,0.2679,9.3236,0.2679,2.4978,1,,1600,11.9,,471.73892356349825,475.1933749521754,True,0.14897866703091095,0.0021786842543079043,0.05056235943202925,v1_Ra20_20261001,FS 0.05,1,0.08042196927362899,4.004244549174268,0.0034926673671567907,-0.7269569759942085
1790889879.846,2026-10-01T17:24:39,1600,33.68991796554553,v1_Ra20_20261001,0.2837,0.2837,8.5972,0.2837,2.439,1,,1600,11.8,,463.83005375685116,467.1777653669892,True,0.14648098701626466,0.002127396467394099,0.050213939746727644,v1_Ra20_20261001,FS 0.05,1,0.08516503427744883,4.123373705235483,0.00359657673401545,-0.7165819647919847
1790889880.905,2026-10-01T17:24:40,1600,33.68991796554553,v1_Ra20_20261001,0.2994,0.2994,8.1077,0.2994,2.4274,1,,1600,11.8,,449.82386094673075,459.57522681510454,True,0.1420577269654141,0.0021172784686151846,0.051531198195866795,v1_Ra20_20261001,FS 0.05,1,0.08987807988251033,4.298405283786279,0.0037492465010885846,-2.1218214776178357
1790889881.958,2026-10-01T17:24:41,1600,33.68991796554553,v1_Ra20_20261001,0.3152,0.3152,7.3708,0.3152,2.3233,1,,1600,11.8,,445.14807701643804,445.3604869768583,True,0.140581079560537,0.0020264781519871706,0.04983932741172949,v1_Ra20_20261001,FS 0.05,1,0.09462114488633017,4.39201675716488,0.0038308982918935017,-0.047693939321402645
1790889883.014,2026-10-01T17:24:43,1600,33.68991796554553,v1_Ra20_20261001,0.3309,0.3309,7.131,0.3309,2.3596,1,,1600,11.8,,442.8568675981978,443.87825346693717,True,0.1398574985542473,0.0020581405102349797,0.05087991599945523,v1_Ra20_20261001,FS 0.05,1,0.09933419049139168,4.63460544849308,0.004042494161086355,-0.23010495800633857
1790889884.096,2026-10-01T17:24:44,1600,33.68991796554553,v1_Ra20_20261001,0.3467,0.3467,6.789,0.3467,2.3537,1,,1600,11.8,,434.93162318397935,437.7554559451937,True,0.1373546473165213,0.002052994286718118,0.05167750095700917,v1_Ra20_20261001,FS 0.05,1,0.10407725549521153,4.846199239189068,0.004227054998662891,-0.6450708318682663
1790889885.167,2026-10-01T17:24:45,1600,33.68991796554553,v1_Ra20_20261001,0.3624,0.3624,6.1277,0.3624,2.2207,1,,1600,11.9,,419.60753523424046,428.240304735823,True,0.13251518616082283,0.0019369861972702233,0.05053799359349511,v1_Ra20_20261001,FS 0.05,1,0.10879030110027302,4.939145043294669,0.004308126165253035,-2.015870390085772
1790889886.223,2026-10-01T17:24:46,1600,33.68991796554553,v1_Ra20_20261001,0.3782,0.3782,5.4961,0.3782,2.0786,1,,1600,11.8,,413.4616879475516,418.7061286740345,True,0.1305742817944203,0.0018130407122285252,0.04800727240577299,v1_Ra20_20261001,FS 0.05,1,0.11353336610409287,5.034321151308045,0.0043911426949652015,-1.2525349803431673
1790889887.275,2026-10-01T17:24:47,1600,33.68991796554553,v1_Ra20_20261001,0.394,0.394,5.0024,0.394,1.9709,1,,1601,11.8,,409.33170898795197,407.15594334076286,True,0.12927000366613045,0.001719100327013952,0.045979112360784516,v1_Ra20_20261001,FS 0.05,1,0.11827643110791272,5.173819818483792,0.004512819190150059,0.5343814041707695
1790889888.328,2026-10-01T17:24:48,1600,33.68991796554553,v1_Ra20_20261001,0.4097,0.4097,4.6171,0.4097,1.8916,1,,1600,11.9,,480.47095628041916,407.5469614871622,True,0.15173630802608334,0.0016499315939822374,0.03759529933088257,v1_Ra20_20261001,FS 0.05,1,0.12298947671297422,5.349982493521812,0.0046664755462642775,17.89339675780015
1790889895.734,2026-10-01T17:24:55,1700,35.82204265791633,v1_Ra20_20261001,0.0089,0.0089,21.9365,0.0089,0.1952,1,,1701,12.6,,686.4974789942835,691.9363412851112,True,0.20389704226052197,0.00014163326506753566,0.0027152651692517,v1_Ra20_20261001,FS 0.05,1,0.00267172648949346,0.19943517348907686,0.00014470622331233803,-0.7860350680130912
1790889896.788,2026-10-01T17:24:56,1700,35.82204265791633,v1_Ra20_20261001,0.0178,0.0178,21.408,0.0178,0.3811,1,,1700,12.7,,686.3329600421821,686.12555459531,True,0.2038481783844617,0.00027651863379732496,0.0053024364858065545,v1_Ra20_20261001,FS 0.05,1,0.00534345297898692,0.39271874431532505,0.00028494896521824895,0.030228497609963156
1790889897.847,2026-10-01T17:24:57,1700,35.82204265791633,v1_Ra20_20261001,0.0356,0.0356,20.6382,0.0356,0.7347,1,,1700,12.7,,673.5880504035322,681.8051855104613,True,0.20006280486349062,0.0005330838106819592,0.010415666069452796,v1_Ra20_20261001,FS 0.05,1,0.01068690595797384,0.7705310779793355,0.0005590821332490841,-1.2052027883561856
1790889898.898,2026-10-01T17:24:58,1700,35.82204265791633,v1_Ra20_20261001,0.0534,0.0534,19.8123,0.0534,1.058,1,,1700,12.7,,660.6060308153701,673.7856774414013,True,0.19620700716927006,0.0007676639059500652,0.015293768624854112,v1_Ra20_20261001,FS 0.05,1,0.01603035893696076,1.1306370009920317,0.000820367879388668,-1.9560591842911923
1790889899.95,2026-10-01T17:24:59,1700,35.82204265791633,v1_Ra20_20261001,0.0713,0.0713,18.8657,0.0713,1.3451,1,,1701,12.6,,648.4843823432129,659.0907435776671,True,0.19260674883414045,0.0009759779961185564,0.019807352631626474,v1_Ra20_20261001,FS 0.05,1,0.021403831314706034,1.4674496126921024,0.0010647524588507842,-1.6092414190011062
1790889901.034,2026-10-01T17:25:01,1700,35.82204265791633,v1_Ra20_20261001,0.0891,0.0891,18.3133,0.0891,1.6317,1,,1699,12.7,,650.0795513871253,644.1179811728489,True,0.19308053098179784,0.0011839292961613624,0.023968739218661918,v1_Ra20_20261001,FS 0.05,1,0.02674728429369295,1.816113464904128,0.0013177360643826176,0.9255401011195596
1790889902.088,2026-10-01T17:25:02,1700,35.82204265791633,v1_Ra20_20261001,0.1069,0.1069,17.5857,0.1069,1.8799,1,,1700,12.7,,635.2937315557938,641.3735940745937,True,0.18868898545795684,0.0013640183145515383,0.028257358383097248,v1_Ra20_20261001,FS 0.05,1,0.03209073727267987,2.1389709064648392,0.0015519950479870983,-0.9479440025235597
1790889903.138,2026-10-01T17:25:03,1700,35.82204265791633,v1_Ra20_20261001,0.1247,0.1247,16.8578,0.1247,2.1022,1,,1700,12.7,,625.7142276863306,626.6315186251632,True,0.18584377106886943,0.0015253148044312164,0.032082587216045004,v1_Ra20_20261001,FS 0.05,1,0.0374341902516668,2.4485219373742355,0.0017765991628063578,-0.14638442395064066
1790889904.195,2026-10-01T17:25:04,1700,35.82204265791633,v1_Ra20_20261001,0.1425,0.1425,16.1753,0.1425,2.305,1,,1700,12.7,,617.190200648929,625.6426818996715,True,0.18331204450867708,0.0016724624794091686,0.03566344476381201,v1_Ra20_20261001,FS 0.05,1,0.04277764323065371,2.751166557632318,0.001996192122449169,-1.3510077709336876
1790889905.251,2026-10-01T17:25:05,1700,35.82204265791633,v1_Ra20_20261001,0.1603,0.1603,15.1935,0.1603,2.4355,1,,1701,12.7,,602.7768638390171,609.4320870765614,True,0.1790311303981823,0.0017671507022130283,0.03858361730391492,v1_Ra20_20261001,FS 0.05,1,0.04812109620964063,2.9941047672390857,0.002172463289643164,-1.0920368944584702
1790889906.302,2026-10-01T17:25:06,1700,35.82204265791633,v1_Ra20_20261001,0.1782,0.1782,14.6786,0.1782,2.6157,1,,1700,12.7,,591.6658520710371,595.8347141722697,True,0.17573104189773808,0.0018979002635100052,0.04221655684757906,v1_Ra20_20261001,FS 0.05,1,0.0534945685873859,3.300074566019711,0.0023944689331542135,-0.6996675423693643
1790889907.358,2026-10-01T17:25:07,1700,35.82204265791633,v1_Ra20_20261001,0.196,0.196,14.3025,0.196,2.8033,1,,1700,12.8,,592.5161193606527,595.8347141722697,True,0.175983580313083,0.0020340191186671245,0.04517943435371169,v1_Ra20_20261001,FS 0.05,1,0.05883802156637283,3.625370704825809,0.0026304973873190183,-0.5569656706268189
1790889908.411,2026-10-01T17:25:08,1700,35.82204265791633,v1_Ra20_20261001,0.2138,0.2138,13.3448,0.2138,2.8531,1,,1700,12.7,,573.4032021382518,583.7840183964772,True,0.1703068409078241,0.002070153015185379,0.04751472957690285,v1_Ra20_20261001,FS 0.05,1,0.06418147454535975,3.8254604329805915,0.002775678542570235,-1.7781946629404466
1790889909.499,2026-10-01T17:25:09,1700,35.82204265791633,v1_Ra20_20261001,0.2316,0.2316,12.6185,0.2316,2.9224,1,,1701,12.7,,565.5980659617853,563.1407954674614,True,0.16798863256836513,0.0021204357266053596,0.049340452206197656,v1_Ra20_20261001,FS 0.05,1,0.06952492752434666,4.05764375048406,0.002944146172448455,0.43635100033627694
1790889910.552,2026-10-01T17:25:10,1700,35.82204265791633,v1_Ra20_20261001,0.2494,0.2494,11.8037,0.2494,2.9438,1,,1700,12.7,,545.0000321865446,552.8761117413296,True,0.16187079777411834,0.00213596314398469,0.051580215831644724,v1_Ra20_20261001,FS 0.05,1,0.0748683805033336,4.254520657336213,0.003086996168011301,-1.4245649952172257
1790889911.607,2026-10-01T17:25:11,1700,35.82204265791633,v1_Ra20_20261001,0.2672,0.2672,10.9976,0.2672,2.9386,1,,1700,12.7,,534.5681941452312,542.9722915732327,True,0.1587724310837109,0.002132190126677563,0.052493888064292255,v1_Ra20_20261001,FS 0.05,1,0.0802118334823205,4.437391153537053,0.0032196833886129674,-1.5477948982720813
1790889912.806,2026-10-01T17:25:12,1700,35.82204265791633,v1_Ra20_20261001,0.2851,0.2851,10.6229,0.2851,3.0286,1,,1700,12.7,,529.2680322806518,527.018809277547,True,0.15719822671915448,0.0021974923493009143,0.05464339025779491,v1_Ra20_20261001,FS 0.05,1,0.08558530586006578,4.729218139398234,0.0034314272863708393,0.42678230141124374
1790889913.859,2026-10-01T17:25:13,1700,35.82204265791633,v1_Ra20_20261001,0.3029,0.3029,9.8397,0.3029,2.9804,1,,1700,12.7,,523.6474110262407,521.428994741882,True,0.1555288425123545,0.0021625193811848527,0.054350929545680285,v1_Ra20_20261001,FS 0.05,1,0.0909287588390527,4.894346564798402,0.0035512412107811205,0.42544935297601505
1790889914.912,2026-10-01T17:25:14,1700,35.82204265791633,v1_Ra20_20261001,0.3207,0.3207,9.1212,0.3207,2.9252,1,,1701,12.6,,511.4327735092502,511.42184499424275,True,0.1519009654433121,0.0021224673513091973,0.054618326823827425,v1_Ra20_20261001,FS 0.05,1,0.09627221181803962,5.0650685795472565,0.0036751137331570843,0.0021368885811945404
1790889915.966,2026-10-01T17:25:15,1700,35.82204265791633,v1_Ra20_20261001,0.3385,0.3385,9.0608,0.3385,3.0671,1,,1700,12.7,,507.64495880948743,520.9156364595856,True,0.15077594424870555,0.0022254271889786815,0.057695141159514164,v1_Ra20_20261001,FS 0.05,1,0.10161566479702655,5.445484183644798,0.003951135782803467,-2.5475675370953743
1790889917.02,2026-10-01T17:25:17,1700,35.82204265791633,v1_Ra20_20261001,0.3563,0.3563,8.2277,0.3563,2.9315,1,,1700,12.7,,499.9999477168785,502.3263004197588,True,0.148505294759773,0.002127038506892832,0.055987531735272794,v1_Ra20_20261001,FS 0.05,1,0.10695911777601345,5.560993377091022,0.00403494697241979,-0.4631158473956676
1790889918.104,2026-10-01T17:25:18,1700,35.82204265791633,v1_Ra20_20261001,0.3741,0.3741,7.8823,0.3741,2.9488,1,,1700,12.7,,489.4866791401455,494.3178559654825,True,0.14538274233550666,0.002139591045241543,0.057527542569346675,v1_Ra20_20261001,FS 0.05,1,0.11230257075500037,5.841996159885933,0.004238837042195951,-0.9773421629491685
1790889919.156,2026-10-01T17:25:19,1700,35.82204265791633,v1_Ra20_20261001,0.392,0.392,7.2781,0.392,2.853,1,,1700,12.7,,477.58140315231685,483.33263397216797,True,0.14184674892622323,0.002070080457160242,0.057046072101307445,v1_Ra20_20261001,FS 0.05,1,0.11767604313274566,6.02408033282767,0.00437095372216962,-1.18991154654422
1790889920.208,2026-10-01T17:25:20,1700,35.82204265791633,v1_Ra20_20261001,0.4098,0.4098,6.3631,0.4098,2.6076,1,,1700,12.7,,461.7021432015008,462.76595167223604,True,0.13713044007393055,0.0018920230634739037,0.053932489036591154,v1_Ra20_20261001,FS 0.05,1,0.12301949611173257,6.06764104482191,0.004402560514528282,-0.22988045401591828
1790889921.259,2026-10-01T17:25:21,1700,35.82204265791633,v1_Ra20_20261001,0.4276,0.4276,5.991,0.4276,2.5618,1,,1700,12.7,,349.3898064944915,456.8206568366122,True,0.10377248325014773,0.0018587914879611312,0.07001746341204358,v1_Ra20_20261001,FS 0.05,1,0.1283629490907195,6.323395346164836,0.004588130784785787,-23.51707365556911
1790889922.316,2026-10-01T17:25:22,1700,35.82204265791633,v1_Ra20_20261001,0.4454,0.4454,5.3292,0.4454,2.3736,1,,1699,12.8,,,,False,,0.0017222372846531899,,v1_Ra20_20261001,FS 0.05,1,0.1337064020697064,6.449343236856449,0.004679516086973401,
1790889923.373,2026-10-01T17:25:23,1700,35.82204265791633,v1_Ra20_20261001,0.4632,0.4632,4.9478,0.4632,2.2918,1,,1700,12.8,,393.6615479588454,32.190766178905506,True,0.11692166065649252,0.0016628848200910768,0.05559363882034085,v1_Ra20_20261001,FS 0.05,1,0.13904985504869333,6.694284716896744,0.004857240787632118,1122.90207623828
1790889932.365,2026-10-01T17:25:32,1800,37.95416735028712,v1_Ra20_20261001,0.01,0.01,23.4969,0.01,0.235,1,,1800,13.6,,744.8272422844184,750.0,True,0.20879419039757147,0.00014335932636085717,0.0030128928833389823,v1_Ra20_20261001,FS 0.05,1,0.003001939875835348,0.23997723299939755,0.0001463956360201536,-0.6897010287442162
1790889933.42,2026-10-01T17:25:33,1800,37.95416735028712,v1_Ra20_20261001,0.02,0.02,23.1954,0.02,0.4639,1,,1800,13.6,,739.4606969139659,744.8289677290177,True,0.20728981000941749,0.0002829974106331985,0.00599074258376064,v1_Ra20_20261001,FS 0.05,1,0.006003879751670696,0.47782921329985734,0.00029149478354981227,-0.7207387262903708
1790889934.475,2026-10-01T17:25:34,1800,37.95416735028712,v1_Ra20_20261001,0.04,0.04,21.9959,0.04,0.8798,1,,1799,13.7,,726.2443748656096,734.4819582032642,True,0.20358493577085365,0.0005367129163075836,0.011568380323069146,v1_Ra20_20261001,FS 0.05,1,0.012007759503341393,0.9235574158039634,0.0005634066765328948,-1.1215501273585837
1790889935.526,2026-10-01T17:25:35,1800,37.95416735028712,v1_Ra20_20261001,0.06,0.06,21.1628,0.06,1.2698,1,,1801,13.6,,719.9991989105001,720.0012016342498,True,0.20183425268166083,0.0007746283940979424,0.016841264299507382,v1_Ra20_20261001,FS 0.05,1,0.018011639255012087,1.3592846075123182,0.0008292175560240344,-0.0002781556121211892
1790889936.58,2026-10-01T17:25:36,1800,37.95416735028712,v1_Ra20_20261001,0.08,0.08,20.4508,0.08,1.6361,1,,1800,13.6,,708.1872794193714,720.0004086830177,True,0.19852306852085141,0.000998085931314887,0.02206140183196806,v1_Ra20_20261001,FS 0.05,1,0.024015519006682785,1.787210788424922,0.0010902695093338436,-1.640711466435707
1790889937.636,2026-10-01T17:25:37,1800,37.95416735028712,v1_Ra20_20261001,0.1,0.1,19.9541,0.1,1.9954,1,,1800,13.6,,709.869447944584,710.0009560283979,True,0.19899462352769676,0.001217273190725338,0.02684249401338031,v1_Ra20_20261001,FS 0.05,1,0.030019398758353483,2.224035958541774,0.0013567501992292428,-0.018522240385365762
1790889938.717,2026-10-01T17:25:38,1800,37.95416735028712,v1_Ra20_20261001,0.12,0.12,18.8232,0.12,2.2588,1,,1800,13.6,,685.5278016154443,696.7734625702178,True,0.19217103538576896,0.0013779576441868262,0.0314647357503647,v1_Ra20_20261001,FS 0.05,1,0.036023278510024175,2.5808601178628754,0.0015744270975677629,-1.6139622931807929
1790889939.773,2026-10-01T17:25:39,1800,37.95416735028712,v1_Ra20_20261001,0.14,0.14,18.3949,0.14,2.5753,1,,1799,13.7,,685.1899859067089,691.9362329360183,True,0.19207633697329862,0.001571035205009002,0.03589121849778729,v1_Ra20_20261001,FS 0.05,1,0.04202715826169488,3.0066832663882255,0.0018341961176590541,-0.974981032671729
1790889940.827,2026-10-01T17:25:40,1800,37.95416735028712,v1_Ra20_20261001,0.16,0.16,17.6962,0.16,2.8314,1,,1800,13.7,,674.9990490081018,675.0011247393331,True,0.18921955583219624,0.0017272663687580043,0.040056172511583825,v1_Ra20_20261001,FS 0.05,1,0.04803103801336557,3.3880054041178242,0.0020668177550692553,-0.0003075152255727076
1790889941.883,2026-10-01T17:25:41,1800,37.95416735028712,v1_Ra20_20261001,0.18,0.18,16.7542,0.18,3.0158,1,,1799,13.7,,659.0067708958486,665.6249299894853,True,0.18473650986999496,0.0018397576869747792,0.043700262143655154,v1_Ra20_20261001,FS 0.05,1,0.054034917765036265,3.7135265310516714,0.0022653985613393123,-0.9942775270964099
1790889942.935,2026-10-01T17:25:42,1800,37.95416735028712,v1_Ra20_20261001,0.2,0.2,15.6529,0.2,3.1306,1,,1799,13.7,,644.1181683258492,645.4800932915532,True,0.1805628524857405,0.0019097902430012742,0.04641233450736299,v1_Ra20_20261001,FS 0.05,1,0.06003879751670697,3.985346647189768,0.002431219619811174,-0.2109941080845834
1790889943.99,2026-10-01T17:25:43,1800,37.95416735028712,v1_Ra20_20261001,0.22,0.22,15.1811,0.22,3.3398,1,,1799,13.7,,641.1766933331819,648.4229378128475,True,0.1797382815586823,0.0020374105454467693,0.04974095451053137,v1_Ra20_20261001,FS 0.05,1,0.06604267726837766,4.367465752532113,0.002664327439094119,-1.1175182210714896
1790889945.046,2026-10-01T17:25:45,1800,37.95416735028712,v1_Ra20_20261001,0.24,0.24,14.4759,0.24,3.4742,1,,1800,13.7,,621.0808143870963,639.7058043930201,True,0.17410489097269014,0.002119399879331447,0.05341682664941299,v1_Ra20_20261001,FS 0.05,1,0.07204655702004835,4.690683847078707,0.0028615033042083296,-2.9114930454001375
1790889946.13,2026-10-01T17:25:46,1800,37.95416735028712,v1_Ra20_20261001,0.26,0.26,13.5771,0.26,3.53,1,,1800,13.7,,617.1429713966518,617.1428737130327,True,0.17300101252621858,0.002153440093846067,0.05462108216282007,v1_Ra20_20261001,FS 0.05,1,0.07805043677171906,4.9512009308295495,0.003020429064344567,1.5828363775227672e-05
1790889947.182,2026-10-01T17:25:47,1800,37.95416735028712,v1_Ra20_20261001,0.28,0.28,13.0839,0.28,3.6635,1,,1800,13.6,,603.7712415506121,617.1427415340077,True,0.16925257349375802,0.002234880392012767,0.0579422232022572,v1_Ra20_20261001,FS 0.05,1,0.08405431652338977,5.3053170037846415,0.0032364539225249677,-2.166678643932285
1790889948.241,2026-10-01T17:25:48,1800,37.95416735028712,v1_Ra20_20261001,0.3,0.3,12.1549,0.3,3.6465,1,,1801,13.6,,597.2219440669505,595.8330146148,True,0.1674166373354887,0.002224509717339854,0.0583058113403351,v1_Ra20_20261001,FS 0.05,1,0.09005819627506044,5.52483206594398,0.003370366822257838,0.233107165612223
1790889949.298,2026-10-01T17:25:49,1800,37.95416735028712,v1_Ra20_20261001,0.32,0.32,11.517,0.32,3.6854,1,,1800,13.6,,582.3879932782802,584.6143309352101,True,0.16325830024806096,0.002248240261150226,0.06042874860477445,v1_Ra20_20261001,FS 0.05,1,0.09606207602673114,5.81614611730757,0.0035480799548660777,-0.3808216013740928
1790889950.354,2026-10-01T17:25:50,1800,37.95416735028712,v1_Ra20_20261001,0.34,0.34,10.678,0.34,3.6305,1,,1801,13.5,,578.1631611184366,580.0522256057548,True,0.16207397137244858,0.002214749082353583,0.05996355974434988,v1_Ra20_20261001,FS 0.05,1,0.10206595577840184,6.029559157875408,0.0036782703792593865,-0.32567144886744837
1790889951.437,2026-10-01T17:25:51,1800,37.95416735028712,v1_Ra20_20261001,0.36,0.36,10.3878,0.36,3.7396,1,,1799,13.6,,564.9965313572466,573.653718624746,True,0.1583830271572228,0.002281304412166219,0.06320490043611857,v1_Ra20_20261001,FS 0.05,1,0.10806983553007253,6.422871187647494,0.003918206326654057,-1.5091312034468896
1790889952.491,2026-10-01T17:25:52,1800,37.95416735028712,v1_Ra20_20261001,0.38,0.38,9.9995,0.38,3.7998,1,,1800,13.6,,570.5919674897359,561.4525048095857,True,0.15995157149996356,0.0023180288013020644,0.06359258319963601,v1_Ra20_20261001,FS 0.05,1,0.11407371528174323,6.783182206623829,0.004138010347764021,1.6278247228142417
1790889953.547,2026-10-01T17:25:53,1800,37.95416735028712,v1_Ra20_20261001,0.4,0.4,9.094,0.4,3.6376,1,,1800,13.6,,553.8460014833163,559.7136332225773,True,0.15525724747925262,0.0022190803641287406,0.06271873619459739,v1_Ra20_20261001,FS 0.05,1,0.12007759503341393,6.9369922148044125,0.004231840556956899,-1.0483274644353169
1790889954.599,2026-10-01T17:25:54,1800,37.95416735028712,v1_Ra20_20261001,0.42,0.42,8.1779,0.42,3.4347,1,,1800,13.6,,537.5001341106781,546.6401140887683,True,0.15067508137325938,0.00209530331170909,0.06102132241609869,v1_Ra20_20261001,FS 0.05,1,0.12608147478508464,7.066001212189245,0.0043105411652955335,-1.6720287703960834
1790889955.651,2026-10-01T17:25:55,1800,37.95416735028712,v1_Ra20_20261001,0.44,0.44,7.7398,0.44,3.4055,1,,1800,13.7,,530.9853555764221,536.2490424497992,True,0.1488488217623629,0.002077490152859145,0.061244870843309936,v1_Ra20_20261001,FS 0.05,1,0.13208535453675532,7.384609198778327,0.004504904681595959,-0.981575062461737
1790889956.716,2026-10-01T17:25:56,1800,37.95416735028712,v1_Ra20_20261001,0.46,0.46,7.3659,0.46,3.3883,1,,1800,13.7,,526.8555194295459,534.146770361258,True,0.14769112270705312,0.0020669974702489037,0.061413196649680264,v1_Ra20_20261001,FS 0.05,1,0.13808923428842604,7.731116174571658,0.00471628768852817,-1.3650276171810916
1790889957.769,2026-10-01T17:25:57,1800,37.95416735028712,v1_Ra20_20261001,0.48,0.48,6.609,0.48,3.1723,1,,1800,13.6,,511.6605118649659,525.0271609858828,True,0.1434315721395942,0.0019352288979342434,0.0592057289076472,v1_Ra20_20261001,FS 0.05,1,0.1440931140400967,7.894722139569236,0.004816093820148046,-2.545896691481131
1790889958.826,2026-10-01T17:25:58,1800,37.95416735028712,v1_Ra20_20261001,0.5,0.5,5.6918,0.5,2.8459,1,,1799,13.7,,491.04540054268,502.32575036056915,True,0.1376526273935737,0.0017361119442143125,0.05534385032968336,v1_Ra20_20261001,FS 0.05,1,0.1500969937917674,7.963827093771063,0.004858250584754735,-2.245624439876337
1790889959.879,2026-10-01T17:25:59,1800,37.95416735028712,v1_Ra20_20261001,0.52,0.52,5.1065,0.52,2.6554,1,,1800,13.6,,587.2894288165753,483.33234786987305,True,0.16463229841422014,0.0016198993839090221,0.043176670494937175,v1_Ra20_20261001,FS 0.05,1,0.15610087354343813,8.18473103717714,0.0049930107571681485,21.50840542845076
1790890036.947,2026-10-01T17:27:16,500,10.236546349466778,v1_Ra20_repeat_20261001,0.001,0.001,2.8495,0.001,0.0028,1,,500,4.5,,103.78749921738724,101.88677641114498,True,0.10787328801712799,8.706310539412018e-05,0.00025762284129646966,v1_Ra20_repeat_20261001,FS 0.05,2,0.00030019398758353484,0.003118859671391958,9.697771724281038e-05,1.8655245294759704
1790890038.003,2026-10-01T17:27:18,500,10.236546349466778,v1_Ra20_repeat_20261001,0.002,0.002,2.9767,0.002,0.006,1,,501,4.5,,105.36582048242344,105.21827010958428,True,0.10951374284734018,0.00018656379727311468,0.0005437795601149436,v1_Ra20_repeat_20261001,FS 0.05,2,0.0006003879751670697,0.006677466815794539,0.00020762892755330715,0.14023265416309716
1790890039.06,2026-10-01T17:27:19,500,10.236546349466778,v1_Ra20_repeat_20261001,0.004,0.004,2.8903,0.004,0.0116,1,,501,4.5,,104.1608423913722,105.36588069857142,True,0.10826132854262666,0.000360690008061355,0.001063469129557794,v1_Ra20_repeat_20261001,FS 0.05,2,0.0012007759503341394,0.013113923523631563,0.0004077638949529881,-1.1436703221288202
1790890040.116,2026-10-01T17:27:20,500,10.236546349466778,v1_Ra20_repeat_20261001,0.006,0.006,2.8039,0.006,0.0168,1,,501,4.5,,100.06063777018284,102.09561140187198,True,0.10399971170663085,0.000522378632364721,0.001603309615166541,v1_Ra20_repeat_20261001,FS 0.05,2,0.001801163925501209,0.019309370123511076,0.0006004049021990429,-1.993203825068457
1790890041.167,2026-10-01T17:27:21,500,10.236546349466778,v1_Ra20_repeat_20261001,0.008,0.008,2.5213,0.008,0.0202,1,,500,4.5,,96.43144750239472,97.73756552356545,True,0.10022765158399442,0.0006280981174861526,0.002000341133763308,v1_Ra20_repeat_20261001,FS 0.05,2,0.0024015519006682787,0.023863806615433077,0.0007420203965944115,-1.3363521120810185
1790890042.219,2026-10-01T17:27:22,500,10.236546349466778,v1_Ra20_repeat_20261001,0.01,0.01,2.3468,0.01,0.0235,1,,501,4.5,,93.5390128878467,95.1541605365815,True,0.09722135087727522,0.0007307082059863658,0.0023990895652131615,v1_Ra20_repeat_20261001,FS 0.05,2,0.003001939875835348,0.028477232999397566,0.0008854701206998098,-1.6974009750355235
1790890043.285,2026-10-01T17:27:23,500,10.236546349466778,v1_Ra20_repeat_20261001,0.012,0.012,2.2718,0.012,0.0273,1,,500,4.4,,90.37793397459453,91.87535936669384,True,0.09393583018715926,0.0008488652775926718,0.0028845071503604725,v1_Ra20_repeat_20261001,FS 0.05,2,0.003602327851002418,0.033749649275404546,0.0010494104542425491,-1.629844391816504
1790890044.341,2026-10-01T17:27:24,500,10.236546349466778,v1_Ra20_repeat_20261001,0.014,0.014,2.1296,0.014,0.0298,1,,500,4.5,,84.55091705012165,88.16322112176067,True,0.08787942185557633,0.0009266001931231362,0.0033656528891297154,v1_Ra20_repeat_20261001,FS 0.05,2,0.004202715826169488,0.037881055443454006,0.001177872258040695,-4.0972913939363975
1790890045.416,2026-10-01T17:27:25,500,10.236546349466778,v1_Ra20_repeat_20261001,0.016,0.016,1.7299,0.016,0.0277,1,,499,4.5,,81.27980346250965,82.67990610190985,True,0.08447953477058048,0.000861302864077546,0.003254381828577353,v1_Ra20_repeat_20261001,FS 0.05,2,0.004803103801336557,0.03757145150354596,0.0011682454435940346,-1.693401341886458
1790890046.47,2026-10-01T17:27:26,500,10.236546349466778,v1_Ra20_repeat_20261001,0.018,0.018,1.7612,0.018,0.0317,1,,500,4.6,,75.04025759915507,78.83214491229076,True,0.07799435752776115,0.0009856787289262892,0.004034004032579352,v1_Ra20_repeat_20261001,FS 0.05,2,0.005403491776503627,0.043520837455680396,0.0013532354493729555,-4.8100775608155395
1790890047.523,2026-10-01T17:27:27,500,10.236546349466778,v1_Ra20_repeat_20261001,0.02,0.02,1.5014,0.02,0.03,1,,499,4.5,,69.45335792524929,72.84820328275785,True,0.07218751911089456,0.0009328189863655733,0.00412476669412789,v1_Ra20_repeat_20261001,FS 0.05,2,0.006003879751670696,0.04392921329985733,0.001365933474073666,-4.660163469415412
1790890048.577,2026-10-01T17:27:28,500,10.236546349466778,v1_Ra20_repeat_20261001,0.022,0.022,1.136,0.022,0.025,1,,499,4.6,,64.6706325231932,66.23187023237094,True,0.06721651278842602,0.0007773491553046445,0.003691511978829417,v1_Ra20_repeat_20261001,FS 0.05,2,0.006604267726837766,0.041196579036076736,0.001280965036605411,-2.357230293664081
1790890049.634,2026-10-01T17:27:29,500,10.236546349466778,v1_Ra20_repeat_20261001,0.024,0.024,0.9741,0.024,0.0234,1,,499,4.5,,69.34975999749895,66.6478136963434,True,0.07207984285717943,0.0007275988093651473,0.003222124202146911,v1_Ra20_repeat_20261001,FS 0.05,2,0.007204655702004836,0.042022934664338644,0.0013066597105898363,4.054065919500349
1790890059.778,2026-10-01T17:27:39,600,12.368671041837572,v1_Ra20_repeat_20261001,0.0011,0.0011,4.6257,0.0011,0.0051,1,,600,4.9,,150.0089668213093,152.11288057924577,True,0.12903766826391402,8.989541725159724e-05,0.00032465667631811045,v1_Ra20_repeat_20261001,FS 0.05,2,0.0003302133863418883,0.005452931749546738,9.611638722940905e-05,-1.3831266293326205
1790890060.831,2026-10-01T17:27:40,600,12.368671041837572,v1_Ra20_repeat_20261001,0.0021,0.0021,4.4263,0.0021,0.0093,1,,600,4.8,,146.66904136882124,149.35853159835446,True,0.1261646653915075,0.00016392693734114787,0.0006055024115277023,v1_Ra20_repeat_20261001,FS 0.05,2,0.0006304073739254231,0.01001551364125038,0.00017653897603318956,-1.800694075357967
1790890061.888,2026-10-01T17:27:41,600,12.368671041837572,v1_Ra20_repeat_20261001,0.0042,0.0042,4.1834,0.0042,0.0176,1,,600,4.8,,142.78507783942587,144.78568604449222,True,0.12282368112853168,0.00031022732228002184,0.0011770671168737116,v1_Ra20_repeat_20261001,FS 0.05,2,0.0012608147478508462,0.019206313638477603,0.0003385410938031346,-1.3817720934454658
1790890062.94,2026-10-01T17:27:42,600,12.368671041837572,v1_Ra20_repeat_20261001,0.0064,0.0064,3.9285,0.0064,0.0251,1,,600,4.8,,139.32257602640306,139.88907976550138,True,0.1198452381075604,0.0004424264652970766,0.001720376920471031,v1_Ra20_repeat_20261001,FS 0.05,2,0.001921241520534623,0.027827538230532082,0.000490503560846756,-0.4049663776814927
1790890063.995,2026-10-01T17:27:43,600,12.368671041837572,v1_Ra20_repeat_20261001,0.0085,0.0085,3.8342,0.0085,0.0326,1,,600,4.8,,137.85536057754513,138.46169573940657,True,0.11858313981854983,0.0005746256083141312,0.002258215185710052,v1_Ra20_repeat_20261001,FS 0.05,2,0.002551648894460046,0.03657725790904521,0.0006447309532652752,-0.4379082305929538
1790890065.049,2026-10-01T17:27:45,600,12.368671041837572,v1_Ra20_repeat_20261001,0.0106,0.0106,3.6634,0.0106,0.0388,1,,600,4.8,,135.6226477027647,136.7088838249373,True,0.11666256087337468,0.0006839102332082299,0.002731938314093092,v1_Ra20_repeat_20261001,FS 0.05,2,0.003182056268385469,0.0442022639435352,0.0007791335216998683,-0.7945614738275264
1790890066.253,2026-10-01T17:27:46,600,12.368671041837572,v1_Ra20_repeat_20261001,0.0127,0.0127,3.457,0.0127,0.0439,1,,600,4.8,,128.49880070432675,131.8384535182716,True,0.1105346298221441,0.0007738056504598272,0.0032623971415006114,v1_Ra20_repeat_20261001,FS 0.05,2,0.0038124636423108923,0.05090255633400202,0.0008972365766309892,-2.533140161176106
1790890067.306,2026-10-01T17:27:47,600,12.368671041837572,v1_Ra20_repeat_20261001,0.0149,0.0149,3.221,0.0149,0.048,1,,600,4.8,,123.35420099309431,125.95829384147166,True,0.10610924669368477,0.0008460745153091504,0.0037158542831493765,v1_Ra20_repeat_20261001,FS 0.05,2,0.004472890414994669,0.05686705867135513,0.0010023701896338293,-2.0674246760239545
1790890068.358,2026-10-01T17:27:48,600,12.368671041837572,v1_Ra20_repeat_20261001,0.017,0.017,3.0009,0.017,0.051,1,,600,4.8,,119.5831938923817,120.62463600365447,True,0.10286542751678009,0.0008989541725159722,0.004072596742143262,v1_Ra20_repeat_20261001,FS 0.05,2,0.005103297788920092,0.06182627074310787,0.0010897840010905687,-0.8633743037709363
1790890069.408,2026-10-01T17:27:49,600,12.368671041837572,v1_Ra20_repeat_20261001,0.0191,0.0191,2.8735,0.0191,0.0549,1,,600,4.8,,116.47896435510177,118.80937908878053,True,0.1001951701999377,0.0009676977268848407,0.004500867478066144,v1_Ra20_repeat_20261001,FS 0.05,2,0.005733705162845515,0.06786076917083744,0.0011961514038483839,-1.9614737081803613
1790890070.463,2026-10-01T17:27:50,600,12.368671041837572,v1_Ra20_repeat_20261001,0.0212,0.0212,2.7014,0.0212,0.0573,1,,600,4.9,,111.95635909890882,114.97117893119366,True,0.09630482651513364,0.0010100014526502983,0.004887392719394616,v1_Ra20_repeat_20261001,FS 0.05,2,0.006364112536770938,0.07257055395454387,0.0012791686721418177,-2.6222396432840855
1790890071.516,2026-10-01T17:27:51,600,12.368671041837572,v1_Ra20_repeat_20261001,0.0234,0.0234,2.5245,0.0234,0.0591,1,,600,4.8,,109.4875783310087,111.24921213799723,True,0.0941811820391064,0.0010417292469743914,0.0051545886465553855,v1_Ra20_repeat_20261001,FS 0.05,2,0.007024539309454715,0.07697833403719562,0.0013568626387463782,-1.5835022766753082
1790890072.571,2026-10-01T17:27:52,600,12.368671041837572,v1_Ra20_repeat_20261001,0.0255,0.0255,2.3817,0.0255,0.0607,1,,600,4.9,,106.20917713926161,108.13951099458166,True,0.09136110231733482,0.0010699317308180297,0.005457553841893107,v1_Ra20_repeat_20261001,FS 0.05,2,0.007654946683380137,0.08124703850218794,0.0014321051816883863,-1.7850403035545082
1790890073.645,2026-10-01T17:27:53,600,12.368671041837572,v1_Ra20_repeat_20261001,0.0276,0.0276,2.1761,0.0276,0.0601,1,,600,4.8,,100.97385278099154,103.35810446918856,True,0.0868576778747069,0.0010593557993766654,0.005683775640750974,v1_Ra20_repeat_20261001,FS 0.05,2,0.008285354057305561,0.08349102932315713,0.0014716590034844215,-2.3067873588062726
1790890074.724,2026-10-01T17:27:54,600,12.368671041837572,v1_Ra20_repeat_20261001,0.0297,0.0297,2.1304,0.0297,0.0633,1,,600,4.8,,94.30228105185563,97.71653315071731,True,0.08111879387446824,0.001115760767063942,0.006409924204597212,v1_Ra20_repeat_20261001,FS 0.05,2,0.008915761431230984,0.08971030650010317,0.0015812834185481273,-3.4940372818953347
1790890075.779,2026-10-01T17:27:55,600,12.368671041837572,v1_Ra20_repeat_20261001,0.0319,0.0319,1.8488,0.0319,0.059,1,,600,4.8,,88.54332671394616,91.91489688084076,True,0.07616494308041939,0.0010399665917341639,0.006363082565956593,v1_Ra20_repeat_20261001,FS 0.05,2,0.009576188203914761,0.08876136432805352,0.0015645568396257666,-3.668143338359542
1790890076.834,2026-10-01T17:27:56,600,12.368671041837572,v1_Ra20_repeat_20261001,0.034,0.034,1.5425,0.034,0.0524,1,,600,4.8,,84.85248579055593,86.21706601608068,True,0.07299008282520127,0.0009236313458791559,0.005897094662801401,v1_Ra20_repeat_20261001,FS 0.05,2,0.010206595577840184,0.08553956118628549,0.0015077675577175815,-1.5827263540494796
1790890077.889,2026-10-01T17:27:57,600,12.368671041837572,v1_Ra20_repeat_20261001,0.0361,0.0361,1.4614,0.0361,0.0528,1,,600,4.8,,81.59880601194232,83.39775057190195,True,0.07019126845559183,0.0009306819668400654,0.006179047027248564,v1_Ra20_repeat_20261001,FS 0.05,2,0.010837002951765607,0.08949304440049426,0.0015774538367643429,-2.157066045095146
1790890078.957,2026-10-01T17:27:58,600,12.368671041837572,v1_Ra20_repeat_20261001,0.0382,0.0382,1.1786,0.0382,0.045,1,,600,4.8,,78.72372833754753,79.90825828507724,True,0.06771812750246821,0.0007931948581023284,0.005458561928185023,v1_Ra20_repeat_20261001,FS 0.05,2,0.01146741032569103,0.0854218139706799,0.0015056920802514876,-1.4823623652311824
1790890080.046,2026-10-01T17:28:00,600,12.368671041837572,v1_Ra20_repeat_20261001,0.0404,0.0404,1.3026,0.0404,0.0526,1,,600,4.8,,76.84757160508298,77.69787837603346,True,0.06610425804396276,0.0009271566563596107,0.0065362247616526925,v1_Ra20_repeat_20261001,FS 0.05,2,0.012127837098374807,0.09711614954392889,0.0017118228990431375,-1.0943757908488339
1790890081.11,2026-10-01T17:28:01,600,12.368671041837572,v1_Ra20_repeat_20261001,0.0425,0.0425,1.1991,0.0425,0.051,1,,600,4.8,,71.05265461177765,75.70489341187283,True,0.06111947218452953,0.0008989541725159722,0.006854270660571103,v1_Ra20_repeat_20261001,FS 0.05,2,0.01275824447230023,0.09960383879540044,0.0017556722839947745,-6.14522865092042
1790890082.163,2026-10-01T17:28:02,600,12.368671041837572,v1_Ra20_repeat_20261001,0.0446,0.0446,0.8102,0.0446,0.0361,1,,600,4.8,,67.28969213796319,68.67090165771899,True,0.057882572993269626,0.0006363185417220902,0.005123067081808766,v1_Ra20_repeat_20261001,FS 0.05,2,0.013388651846225653,0.08896681440284882,0.001568178216135197,-2.0113461253796427
1790890083.217,2026-10-01T17:28:03,600,12.368671041837572,v1_Ra20_repeat_20261001,0.0467,0.0467,0.4651,0.0467,0.0217,1,under v_floor,600,4.8,,63.12317470760149,62.79075163777037,True,0.054298535949435706,0.0003824961871293451,0.003282783809045233,v1_Ra20_repeat_20261001,FS 0.05,2,0.014019059220151077,0.07900507636627405,0.001392587118615786,0.5294140636328271
1790890084.27,2026-10-01T17:28:04,600,12.368671041837572,v1_Ra20_repeat_20261001,0.0489,0.0489,0.3246,0.0489,0.0159,1,under v_floor,600,4.8,,76.44320261166229,66.25765465906497,True,0.06575641995711434,0.0002802621831961561,0.001986230436746565,v1_Ra20_repeat_20261001,FS 0.05,2,0.014679485992834853,0.07804268968482167,0.001375623559343915,15.372635818469615
1790890094.892,2026-10-01T17:28:14,700,14.500795734208369,v1_Ra20_repeat_20261001,0.0015,0.0015,5.6783,0.0015,0.0085,1,,700,5.3,,183.92688205050547,184.61540154451512,True,0.13495087342592527,9.297793895276069e-05,0.0004413113519457041,v1_Ra20_repeat_20261001,FS 0.05,2,0.00045029098137530226,0.00899319480946692,9.837279035116465e-05,-0.3729480250560968
1790890095.948,2026-10-01T17:28:15,700,14.500795734208369,v1_Ra20_repeat_20261001,0.0029,0.0029,5.5151,0.0029,0.016,1,,700,5.3,,181.5126652439602,181.55196932045783,True,0.13317951372553427,0.0001750172968522554,0.0008417525309479941,v1_Ra20_repeat_20261001,FS 0.05,2,0.000870562563992251,0.01703419733518094,0.00018632994822820377,-0.0216489397745101
1790890097.013,2026-10-01T17:28:17,700,14.500795734208369,v1_Ra20_repeat_20261001,0.0058,0.0058,5.3259,0.0058,0.0309,1,,700,5.3,,179.35964487467118,181.51257826625908,True,0.131599799134061,0.0003380021545459182,0.0016451485767523598,v1_Ra20_repeat_20261001,FS 0.05,2,0.001741125127984502,0.03330267091838121,0.0003642839651309561,-1.1861069971854987
1790890098.068,2026-10-01T17:28:18,700,14.500795734208369,v1_Ra20_repeat_20261001,0.0088,0.0088,5.08,0.0088,0.0447,1,,700,5.3,,176.8595755825629,177.69726169834712,True,0.12976544772857856,0.0004889545730809885,0.0024135168026183365,v1_Ra20_repeat_20261001,FS 0.05,2,0.0026417070907351066,0.04887009838197377,0.0005345695322323019,-0.47141194398721
1790890099.125,2026-10-01T17:28:19,700,14.500795734208369,v1_Ra20_repeat_20261001,0.0117,0.0117,4.9483,0.0117,0.0579,1,,700,5.3,,173.08516762055604,176.9316164657738,True,0.12699608826649228,0.0006333438429840993,0.003194405851767394,v1_Ra20_repeat_20261001,FS 0.05,2,0.0035122696547273576,0.0641186512283858,0.0007013670634877892,-2.1739748508779577
1790890100.184,2026-10-01T17:28:20,700,14.500795734208369,v1_Ra20_repeat_20261001,0.0146,0.0146,4.6321,0.0146,0.0676,1,,700,5.3,,167.42725901538336,170.63378185509208,True,0.12284476628723727,0.000739448079200779,0.0038555994583977233,v1_Ra20_repeat_20261001,FS 0.05,2,0.004382832218719608,0.07620148032281714,0.0008335360688899866,-1.8791840659265313
1790890101.24,2026-10-01T17:28:21,700,14.500795734208369,v1_Ra20_repeat_20261001,0.0175,0.0175,4.3438,0.0175,0.076,1,,700,5.3,,162.5614082841679,164.2168932037663,True,0.11927459319009646,0.0008313321600482131,0.004464445455777491,v1_Ra20_repeat_20261001,FS 0.05,2,0.00525339478271186,0.08731858566526782,0.0009551414267560794,-1.0081087805894673
1790890102.297,2026-10-01T17:28:22,700,14.500795734208369,v1_Ra20_repeat_20261001,0.0204,0.0204,4.1551,0.0204,0.0848,1,,700,5.3,,158.39802026562495,159.77924168112736,True,0.1162198311931029,0.0009275916733169536,0.005112313582541028,v1_Ra20_repeat_20261001,FS 0.05,2,0.006123957346704111,0.0991699672557378,0.0010847787248766195,-0.8644561089224068
1790890103.378,2026-10-01T17:28:23,700,14.500795734208369,v1_Ra20_repeat_20261001,0.0234,0.0234,4.0057,0.0234,0.0937,1,,700,5.3,,154.2327143121497,157.94321947224006,True,0.11316366196845778,0.0010249450446910208,0.005801422182402388,v1_Ra20_repeat_20261001,FS 0.05,2,0.007024539309454715,0.11157833403719561,0.0012205086506542485,-2.349265243857146
1790890104.434,2026-10-01T17:28:24,700,14.500795734208369,v1_Ra20_repeat_20261001,0.0263,0.0263,3.7857,0.0263,0.0996,1,,700,5.3,,148.43666051662296,152.17040686902124,True,0.1089109800689451,0.0010894826729052898,0.006407513727450468,v1_Ra20_repeat_20261001,FS 0.05,2,0.007895101873446966,0.12120979489087734,0.0013258631658636044,-2.453661279628472
1790890105.491,2026-10-01T17:28:25,700,14.500795734208369,v1_Ra20_repeat_20261001,0.0292,0.0292,3.4706,0.0292,0.1013,1,,700,5.3,,142.70256489098472,145.26716374959818,True,0.10470375813183225,0.001108078260695842,0.006778741116892512,v1_Ra20_repeat_20261001,FS 0.05,2,0.008765664437439216,0.12697553199257844,0.0013889321484823846,-1.7654360368969169
1790890106.547,2026-10-01T17:28:26,700,14.500795734208369,v1_Ra20_repeat_20261001,0.0321,0.0321,3.3597,0.0321,0.1078,1,,700,5.3,,133.85984279917693,139.2281297283276,True,0.09821567408208196,0.0011791790375420708,0.007690238912522529,v1_Ra20_repeat_20261001,FS 0.05,2,0.009636227001431467,0.13787554534229884,0.0015081628279899823,-3.8557487913007726
1790890107.6,2026-10-01T17:28:27,700,14.500795734208369,v1_Ra20_repeat_20261001,0.035,0.035,2.9154,0.035,0.102,1,,700,5.3,,128.20018079492002,129.97727099908616,True,0.09406306559845494,0.001115735267433128,0.007597713557678506,v1_Ra20_repeat_20261001,FS 0.05,2,0.01050678956542372,0.1368098349400386,0.00149650546837555,-1.3672315094064746
1790890108.652,2026-10-01T17:28:28,700,14.500795734208369,v1_Ra20_repeat_20261001,0.038,0.038,2.7793,0.038,0.1056,1,,700,5.3,,125.34719989838266,126.79073289048546,True,0.09196977581088886,0.0011551141592248857,0.00804490024705578,v1_Ra20_repeat_20261001,FS 0.05,2,0.011407371528174323,0.14565914103936162,0.0015933043204081556,-1.1385161669107524
1790890109.738,2026-10-01T17:28:29,700,14.500795734208369,v1_Ra20_repeat_20261001,0.0409,0.0409,2.6328,0.0409,0.1077,1,,700,5.3,,125.09958137250976,123.42864794052701,True,0.09178809309017699,0.0011780851794367443,0.008221124571131687,v1_Ra20_repeat_20261001,FS 0.05,2,0.012277934092166574,0.1531735099003131,0.001675500853257811,1.3537646728398745
1790890110.79,2026-10-01T17:28:30,700,14.500795734208369,v1_Ra20_repeat_20261001,0.0438,0.0438,2.6321,0.0438,0.1153,1,,700,5.3,,120.23683163330077,122.72727937737642,True,0.08822019525359133,0.0012612183954415655,0.009157209827914244,v1_Ra20_repeat_20261001,FS 0.05,2,0.013148496656158824,0.1665221550092839,0.0018215160897335706,-2.0292536074377754
1790890111.847,2026-10-01T17:28:31,700,14.500795734208369,v1_Ra20_repeat_20261001,0.0467,0.0467,2.3649,0.0467,0.1104,1,,700,5.3,,112.4222779400867,117.45581534927112,True,0.08248649915340166,0.0012076193482805622,0.009377521629676932,v1_Ra20_repeat_20261001,FS 0.05,2,0.014019059220151077,0.16770507636627405,0.0018344555708766465,-4.285473132357476
1790890112.901,2026-10-01T17:28:32,700,14.500795734208369,v1_Ra20_repeat_20261001,0.0496,0.0496,2.106,0.0496,0.1045,1,,700,5.3,,107.14008606304901,109.53302119080632,True,0.07861084813674483,0.001143081720066293,0.009313988161246631,v1_Ra20_repeat_20261001,FS 0.05,2,0.014889621784143327,0.1682222739712835,0.0018401129787995977,-2.1846700672930597
1790890113.975,2026-10-01T17:28:33,700,14.500795734208369,v1_Ra20_repeat_20261001,0.0525,0.0525,1.8859,0.0525,0.099,1,,700,5.2,,99.8702755144393,104.34784231203906,True,0.07327684109960879,0.0010829195242733304,0.009466083447713878,v1_Ra20_repeat_20261001,FS 0.05,2,0.01576018434813558,0.16947374782431232,0.0018538023269769964,-4.291000847157111
1790890115.03,2026-10-01T17:28:35,700,14.500795734208369,v1_Ra20_repeat_20261001,0.0555,0.0555,1.6795,0.0555,0.0932,1,,700,5.3,,96.59482693069208,97.73752756484129,True,0.07087357822519645,0.0010194757541643878,0.009213686385177337,v1_Ra20_repeat_20261001,FS 0.05,2,0.016660766310886182,0.171009796256693,0.0018706045172563344,-1.1691523845752227
1790890116.086,2026-10-01T17:28:36,700,14.500795734208369,v1_Ra20_repeat_20261001,0.0584,0.0584,1.2813,0.0584,0.0748,1,,700,5.3,,94.03898639572787,94.83572274860421,True,0.0689983063308135,0.000818205862784294,0.007595651675684969,v1_Ra20_repeat_20261001,FS 0.05,2,0.017531328874878432,0.16004134937293354,0.0017506252719898894,-0.8401226139103435
1790890117.142,2026-10-01T17:28:37,700,14.500795734208369,v1_Ra20_repeat_20261001,0.0613,0.0613,1.4064,0.0613,0.0862,1,,700,5.3,,110.01318025606963,94.38232252803402,True,0.08071889545674789,0.000942905686791526,0.00748227952101101,v1_Ra20_repeat_20261001,FS 0.05,2,0.018401891438870686,0.1792071787371934,0.0019602722499439105,16.561213275285567
1790890125.016,2026-10-01T17:28:45,800,16.632920426579165,v1_Ra20_repeat_20261001,0.0019,0.0019,6.7882,0.0019,0.0129,1,,800,5.9,,218.64830977449685,220.40836166623592,True,0.13986206642971286,9.350195139067013e-05,0.0005633975679033371,v1_Ra20_repeat_20261001,FS 0.05,2,0.0005703685764087161,0.013539817465068802,9.813948484165965e-05,-0.7985413431838451
1790890126.068,2026-10-01T17:28:46,800,16.632920426579165,v1_Ra20_repeat_20261001,0.0038,0.0038,6.6725,0.0038,0.0254,1,,800,5.9,,216.68333047593364,218.7320696223665,True,0.1386051343936404,0.00018410461746690086,0.0011193852925340188,v1_Ra20_repeat_20261001,FS 0.05,2,0.0011407371528174323,0.02682312330770595,0.0001944197187335715,-0.9366432411899828
1790890127.121,2026-10-01T17:28:47,800,16.632920426579165,v1_Ra20_repeat_20261001,0.0077,0.0077,6.1879,0.0077,0.0476,1,,800,5.9,,207.6921710426376,211.00011014631121,True,0.13285378813701146,0.0003450149524182867,0.0021885587462858107,v1_Ra20_repeat_20261001,FS 0.05,2,0.002311493704393218,0.051080505536027075,0.00037024239888685737,-1.5677428326363652
1790890128.177,2026-10-01T17:28:48,800,16.632920426579165,v1_Ra20_repeat_20261001,0.0115,0.0115,6.0102,0.0115,0.0691,1,,800,5.9,,205.94253134490828,207.69232673757898,True,0.13173460169608145,0.0005008515380694035,0.003204080234178943,v1_Ra20_repeat_20261001,FS 0.05,2,0.0034522308572106503,0.07516663990402381,0.000544823838023724,-0.8424940006963255
1790890129.35,2026-10-01T17:28:49,800,16.632920426579165,v1_Ra20_repeat_20261001,0.0154,0.0154,5.7695,0.0154,0.0889,1,,800,5.9,,202.09496830513274,203.77351434761266,True,0.1292734433271163,0.0006443661611341531,0.004200661073215888,v1_Ra20_repeat_20261001,FS 0.05,2,0.004622987408786436,0.09821763874685392,0.0007119023940941654,-0.8237312134768082
1790890130.522,2026-10-01T17:28:50,800,16.632920426579165,v1_Ra20_repeat_20261001,0.0192,0.0192,5.5767,0.0192,0.1071,1,,800,5.9,,197.56152820238526,199.9569243458751,True,0.12637355216646873,0.000776283642941145,0.0051767653025077765,v1_Ra20_repeat_20261001,FS 0.05,2,0.005763724561603868,0.12016678417514146,0.0008709944816059864,-1.1979560854548876
1790890131.574,2026-10-01T17:28:51,800,16.632920426579165,v1_Ra20_repeat_20261001,0.023,0.023,5.1336,0.023,0.1181,1,,800,5.9,,191.12555124181938,194.52257666017658,True,0.12225667132651558,0.000856013989088228,0.005900686325933837,v1_Ra20_repeat_20261001,FS 0.05,2,0.0069044617144213005,0.13548988311370236,0.0009820595709166648,-1.7463399244868505
1790890132.655,2026-10-01T17:28:52,800,16.632920426579165,v1_Ra20_repeat_20261001,0.0269,0.0269,4.9836,0.0269,0.1341,1,,800,5.9,,189.09627881574806,189.47389097125864,True,0.12095861311078143,0.0009719854016658033,0.006772003553624366,v1_Ra20_repeat_20261001,FS 0.05,2,0.008075218265997088,0.15652355612105887,0.0011345161190640368,-0.19929508681904018
1790890133.706,2026-10-01T17:28:53,800,16.632920426579165,v1_Ra20_repeat_20261001,0.0307,0.0307,4.8087,0.0307,0.1476,1,,800,5.9,,182.35585791577194,185.6869078924376,True,0.11664698958783276,0.0010698362810281326,0.00772926185169684,v1_Ra20_repeat_20261001,FS 0.05,2,0.00921595541881452,0.17550966611991062,0.0012721314938090407,-1.793906751140062
1790890134.762,2026-10-01T17:28:54,800,16.632920426579165,v1_Ra20_repeat_20261001,0.0346,0.0346,4.592,0.0346,0.1589,1,,800,5.9,,176.58838868196938,180.4694142358727,True,0.11295773095170904,0.0011517410911610453,0.008592768974017279,v1_Ra20_repeat_20261001,FS 0.05,2,0.010386711970390304,0.19303695574177607,0.0013991730273155416,-2.1505170670254703
1790890135.816,2026-10-01T17:28:55,800,16.632920426579165,v1_Ra20_repeat_20261001,0.0384,0.0384,4.2671,0.0384,0.1639,1,,800,5.9,,171.60278237819853,174.1933809232762,True,0.10976860408048121,0.0011879821575915374,0.009120654622698836,v1_Ra20_repeat_20261001,FS 0.05,2,0.011527449123207736,0.20468607680091855,0.0014836083413477875,-1.4871968908041988
1790890136.868,2026-10-01T17:28:56,800,16.632920426579165,v1_Ra20_repeat_20261001,0.0423,0.0423,3.8735,0.0423,0.1638,1,,800,5.8,,163.11995588651484,166.17021186761747,True,0.1043424215341116,0.0011872573362629276,0.009589107428372337,v1_Ra20_repeat_20261001,FS 0.05,2,0.012698205674783523,0.21200698303729304,0.001536671831196558,-1.8356214070020305
1790890137.937,2026-10-01T17:28:57,800,16.632920426579165,v1_Ra20_repeat_20261001,0.0461,0.0461,3.8087,0.0461,0.1756,1,,800,5.9,,158.498742336252,161.349017448498,True,0.10138638461244803,0.0012727862530388895,0.010579620101078093,v1_Ra20_repeat_20261001,FS 0.05,2,0.013838942827600956,0.23161911515672634,0.0016788247477933528,-1.7665277157053572
1790890138.992,2026-10-01T17:28:58,800,16.632920426579165,v1_Ra20_repeat_20261001,0.0499,0.0499,3.3409,0.0499,0.1667,1,,800,5.9,,150.26681606748298,153.91808166027943,True,0.09612069461084453,0.001208277154792613,0.01059360797323508,v1_Ra20_repeat_20261001,FS 0.05,2,0.014979679980418388,0.23110520078643304,0.001675099786826676,-2.3722135524371635
1790890140.045,2026-10-01T17:29:00,800,16.632920426579165,v1_Ra20_repeat_20261001,0.0538,0.0538,3.0889,0.0538,0.1662,1,,800,5.9,,147.89830081867308,147.54040039340737,True,0.09460563402148763,0.0012046530481495637,0.010730975837634505,v1_Ra20_repeat_20261001,FS 0.05,2,0.016150436531994175,0.23980878118733387,0.0017381851939251116,0.24257791378592408
1790890141.1,2026-10-01T17:29:01,800,16.632920426579165,v1_Ra20_repeat_20261001,0.0576,0.0576,3.1145,0.0576,0.1794,1,,800,5.9,,142.09447079301185,146.93859875962687,True,0.0908931165936924,0.0013003294635260637,0.012056372059238587,v1_Ra20_repeat_20261001,FS 0.05,2,0.017291173684811607,0.26255787787733137,0.0019030754988002899,-3.2967021650583517
1790890142.153,2026-10-01T17:29:02,800,16.632920426579165,v1_Ra20_repeat_20261001,0.0615,0.0615,2.6356,0.0615,0.1621,1,,800,5.9,,136.62054179480947,139.5745427823755,True,0.08739162590315053,0.0011749353736765602,0.011330221328185246,v1_Ra20_repeat_20261001,FS 0.05,2,0.01846193023638739,0.2556550748927412,0.0018530425104960634,-2.1164325017147934
1790890143.235,2026-10-01T17:29:03,800,16.632920426579165,v1_Ra20_repeat_20261001,0.0653,0.0653,2.5639,0.0653,0.1674,1,,800,5.9,,134.03208099250605,135.00014357595944,True,0.08573587344361473,0.0012133509040928821,0.01192663902983327,v1_Ra20_repeat_20261001,FS 0.05,2,0.019602667389204822,0.2716671826430294,0.0019691016826301425,-0.7170826325148982
1790890144.29,2026-10-01T17:29:04,800,16.632920426579165,v1_Ra20_repeat_20261001,0.0691,0.0691,2.3436,0.0691,0.1619,1,,800,5.9,,128.8793811136827,131.58846631403094,True,0.08243986235856393,0.0011734857310193405,0.011995953920906391,v1_Ra20_repeat_20261001,FS 0.05,2,0.020743404542022253,0.2774532439035911,0.0020110402887331255,-2.0587558136615836
1790890145.344,2026-10-01T17:29:05,800,16.632920426579165,v1_Ra20_repeat_20261001,0.073,0.073,1.8972,0.073,0.1385,1,,800,5.9,,121.1264992410861,123.93925490411561,True,0.0774806011568416,0.0010038775401246367,0.010918977972452061,v1_Ra20_repeat_20261001,FS 0.05,2,0.02191416109359804,0.26623311508352737,0.0019297144019478033,-2.269463105297498
1790890146.4,2026-10-01T17:29:06,800,16.632920426579165,v1_Ra20_repeat_20261001,0.0768,0.0768,1.9427,0.0768,0.1492,1,,800,5.9,,116.37742572165735,118.19837907389683,True,0.07444277645680633,0.0010814334222858902,0.01224253794688901,v1_Ra20_repeat_20261001,FS 0.05,2,0.023054898246415472,0.2893821874043798,0.00209750381550466,-1.5405907987122491
1790890147.449,2026-10-01T17:29:07,800,16.632920426579165,v1_Ra20_repeat_20261001,0.0807,0.0807,1.8143,0.0807,0.1464,1,,800,5.9,,113.26688637234383,115.1238225792298,True,0.0724530676794798,0.0010611384250848145,0.012342680768353495,v1_Ra20_repeat_20261001,FS 0.05,2,0.02422565479799126,0.299955675198825,0.0021741427102167574,-1.6129904004950735
1790890148.504,2026-10-01T17:29:08,800,16.632920426579165,v1_Ra20_repeat_20261001,0.0845,0.0845,1.6361,0.0845,0.1383,1,,800,5.9,,108.30049764945784,110.52885259210825,True,0.06927623365687774,0.001002427897467417,0.012194475061889608,v1_Ra20_repeat_20261001,FS 0.05,2,0.025366391950808694,0.3054677585799683,0.0022140954662140428,-2.0160843891810387
1790890149.559,2026-10-01T17:29:09,800,16.632920426579165,v1_Ra20_repeat_20261001,0.0883,0.0883,1.1453,0.0883,0.1011,1,,800,5.9,,129.52265838482617,110.3987920756822,True,0.0828513454773778,0.0007327943632245542,0.0074537837381859935,v1_Ra20_repeat_20261001,FS 0.05,2,0.026507129103626126,0.28245379547138494,0.002047285353044629,17.322532203100472
1790890156.929,2026-10-01T17:29:16,900,18.76504511894996,v1_Ra20_repeat_20261001,0.0024,0.0024,7.9339,0.0024,0.019,1,,900,6.6,,253.80959008611512,254.5800140647401,True,0.1439066093345141,9.590500137723968e-05,0.0007148533475949472,v1_Ra20_repeat_20261001,FS 0.05,2,0.0007204655702004835,0.019832038965998545,0.00010010482759724009,-0.30262547570960585
1790890158.008,2026-10-01T17:29:18,900,18.76504511894996,v1_Ra20_repeat_20261001,0.0049,0.0049,7.6652,0.0049,0.0376,1,,900,6.6,,248.5906423645872,249.78840884825217,True,0.1409475364695197,0.00018979095009390593,0.00144435666684799,v1_Ra20_repeat_20261001,FS 0.05,2,0.0014709505391593207,0.03954219949443709,0.00019959445773542502,-0.4795124358202729
1790890159.062,2026-10-01T17:29:19,900,18.76504511894996,v1_Ra20_repeat_20261001,0.0098,0.0098,7.2785,0.0098,0.0713,1,,900,6.7,,244.6050333147639,249.1555551949432,True,0.1386877499724909,0.00035989613674722055,0.00278352753956201,v1_Ra20_repeat_20261001,FS 0.05,2,0.0029419010783186413,0.0761387358158592,0.00038432029280427714,-1.8263778532326524
1790890160.118,2026-10-01T17:29:20,900,18.76504511894996,v1_Ra20_repeat_20261001,0.0147,0.0147,7.034,0.0147,0.1034,1,,900,6.7,,242.69637890529907,242.69695753980614,True,0.13760556870280657,0.0005219251127582412,0.004068446638535981,v1_Ra20_repeat_20261001,FS 0.05,2,0.004412851617477962,0.11208960896426637,0.000565787058004854,-0.00023841852527795027
1790890161.171,2026-10-01T17:29:21,900,18.76504511894996,v1_Ra20_repeat_20261001,0.0196,0.0196,6.7364,0.0196,0.132,1,,900,6.6,,234.0988745183722,237.36289083377073,True,0.13273089984320408,0.0006662873779892442,0.005384507515814161,v1_Ra20_repeat_20261001,FS 0.05,2,0.005883802156637283,0.14549481893965854,0.0007344042531994312,-1.3751165162899759
1790890162.223,2026-10-01T17:29:22,900,18.76504511894996,v1_Ra20_repeat_20261001,0.0244,0.0244,6.5119,0.0244,0.1589,1,,900,6.7,,231.1434308597768,232.25799280098727,True,0.13105520320840255,0.0008020686694128099,0.006564682464883249,v1_Ra20_repeat_20261001,FS 0.05,2,0.00732473329703825,0.17802728457703615,0.0008986161564498366,-0.47988098397349077
1790890163.306,2026-10-01T17:29:23,900,18.76504511894996,v1_Ra20_repeat_20261001,0.0293,0.0293,6.1955,0.0293,0.1815,1,,900,6.7,,221.79499943353562,227.0465492935358,True,0.12575476886039333,0.0009161451447352107,0.007814411211692445,v1_Ra20_repeat_20261001,FS 0.05,2,0.00879568383619757,0.20732169194462316,0.0010464835342884604,-2.3129837807888243
1790890164.358,2026-10-01T17:29:24,900,18.76504511894996,v1_Ra20_repeat_20261001,0.0342,0.0342,6.034,0.0342,0.2064,1,,900,6.6,,226.04145978578458,223.8449913923489,True,0.12816245452253974,0.001041831172855909,0.008719527900403267,v1_Ra20_repeat_20261001,FS 0.05,2,0.010266634375356892,0.23987043613919526,0.0012107776056994003,0.9812452714591968
1790890165.411,2026-10-01T17:29:25,900,18.76504511894996,v1_Ra20_repeat_20261001,0.0391,0.0391,5.9541,0.0391,0.2328,1,,900,6.7,,221.73908172329106,223.91283849428874,True,0.1257230642739736,0.0011750886484537578,0.010025640170557657,v1_Ra20_repeat_20261001,FS 0.05,2,0.011737584914516213,0.2748735171607523,0.0013874602653615089,-0.9708048835498584
1790890166.467,2026-10-01T17:29:26,900,18.76504511894996,v1_Ra20_repeat_20261001,0.044,0.044,5.4662,0.044,0.2405,1,,900,6.7,,211.54898630341563,216.50812769406684,True,0.11994541781005594,0.001213955412169797,0.01085614196951115,v1_Ra20_repeat_20261001,FS 0.05,2,0.013208535453675532,0.2921309350092945,0.0014745693539158266,-2.2905104965198597
1790890167.519,2026-10-01T17:29:27,900,18.76504511894996,v1_Ra20_repeat_20261001,0.0489,0.0489,5.0602,0.0489,0.2474,1,,900,6.7,,202.91372748285426,204.73959917582079,True,0.1150493426965375,0.0012487840705646895,0.011642859280950916,v1_Ra20_repeat_20261001,FS 0.05,2,0.014679485992834853,0.3095426896848217,0.0015624574779230158,-0.8918019280669598
1790890168.604,2026-10-01T17:29:28,900,18.76504511894996,v1_Ra20_repeat_20261001,0.0538,0.0538,4.8372,0.0538,0.2602,1,,900,6.7,,197.4281699133087,198.1652683772097,True,0.11193910564885644,0.0013133937557030402,0.012585473352874217,v1_Ra20_repeat_20261001,FS 0.05,2,0.016150436531994175,0.3338087811873338,0.0016849437694476817,-0.371961479394034
1790890169.66,2026-10-01T17:29:29,900,18.76504511894996,v1_Ra20_repeat_20261001,0.0587,0.0587,4.4805,0.0587,0.263,1,,900,6.7,,188.36001886381837,190.90395433624394,True,0.10679758648867577,0.0013275271243270547,0.013333323160292643,v1_Ra20_repeat_20261001,FS 0.05,2,0.017621387071153495,0.34902920951683114,0.00176177088523203,-1.3325734824459867
1790890170.717,2026-10-01T17:29:30,900,18.76504511894996,v1_Ra20_repeat_20261001,0.0636,0.0636,4.1107,0.0636,0.2614,1,,901,6.6,,180.20946334269752,184.82039116956344,True,0.10217633159897974,0.0013194509136847609,0.013851581826789994,v1_Ra20_repeat_20261001,FS 0.05,2,0.019092337610312815,0.36080397467331343,0.0018212055625240883,-2.494815532900596
1790890171.773,2026-10-01T17:29:31,900,18.76504511894996,v1_Ra20_repeat_20261001,0.0684,0.0684,3.8643,0.0684,0.2643,1,,900,6.6,,172.68932960572556,176.22422020645274,True,0.09791251734569424,0.0013340890454739184,0.014615142078052264,v1_Ra20_repeat_20261001,FS 0.05,2,0.020533268750713783,0.37773110661053433,0.0019066474894583983,-2.005905088747695
1790890172.827,2026-10-01T17:29:32,900,18.76504511894996,v1_Ra20_repeat_20261001,0.0733,0.0733,3.6077,0.0733,0.2644,1,,900,6.7,,166.11387268314388,170.0788099401194,True,0.0941843220862762,0.001334593808639062,0.015199416980819275,v1_Ra20_repeat_20261001,FS 0.05,2,0.022004219289873103,0.39309506915921144,0.0019841991131105425,-2.331235301076884
1790890173.907,2026-10-01T17:29:33,900,18.76504511894996,v1_Ra20_repeat_20261001,0.0782,0.0782,3.302,0.0782,0.2582,1,,900,6.7,,161.18041791894484,163.12403613344202,True,0.09138711987189096,0.001303298492400173,0.015297319675765881,v1_Ra20_repeat_20261001,FS 0.05,2,0.023475169829032427,0.4031133685348736,0.002034767798132673,-1.1914971334495594
1790890174.96,2026-10-01T17:29:34,900,18.76504511894996,v1_Ra20_repeat_20261001,0.0831,0.0831,2.9246,0.0831,0.243,1,,900,6.6,,154.69557679696777,156.73135111420038,True,0.08771030254745452,0.0012265744912983813,0.015000293598086368,v1_Ra20_repeat_20261001,FS 0.05,2,0.024946120368191743,0.40508600473752077,0.0020447249390659187,-1.2988941285584032
1790890176.011,2026-10-01T17:29:36,900,18.76504511894996,v1_Ra20_repeat_20261001,0.088,0.088,2.6124,0.088,0.2299,1,,900,6.6,,150.7615358236535,154.96902291940842,True,0.08547975445326852,0.0011604505166646001,0.01456195887774422,v1_Ra20_repeat_20261001,FS 0.05,2,0.026417070907351063,0.410112977767153,0.002070099247241194,-2.7150504123285457
1790890177.065,2026-10-01T17:29:37,900,18.76504511894996,v1_Ra20_repeat_20261001,0.0929,0.0929,2.3686,0.0929,0.22,1,,900,6.7,,142.80955758094365,147.41338013917584,True,0.08097109019821835,0.0011104789633154069,0.014710816869678147,v1_Ra20_repeat_20261001,FS 0.05,2,0.027888021446510383,0.4192942876237703,0.002116443117475075,-3.123069665647471
1790890178.121,2026-10-01T17:29:38,900,18.76504511894996,v1_Ra20_repeat_20261001,0.0978,0.0978,2.1402,0.0978,0.2093,1,,900,6.7,,137.87949184152808,140.01082430987992,True,0.0781758095151093,0.0010564693046450668,0.014495758206341464,v1_Ra20_repeat_20261001,FS 0.05,2,0.029358971985669707,0.4286299343073726,0.002163566023161828,-1.5222626385190452
1790890179.174,2026-10-01T17:29:39,900,18.76504511894996,v1_Ra20_repeat_20261001,0.1027,0.1027,2.155,0.1027,0.2213,1,,900,6.6,,137.17222573075674,139.35492933865703,True,0.07777479918345169,0.0011170408844622707,0.015405883538859511,v1_Ra20_repeat_20261001,FS 0.05,2,0.030829922524829027,0.46161991781795986,0.0023300873081101427,-1.5662909222220134
1790890180.228,2026-10-01T17:29:40,900,18.76504511894996,v1_Ra20_repeat_20261001,0.1076,0.1076,1.5366,0.1076,0.1653,1,,900,6.7,,126.40500169483175,130.0706788968057,True,0.07166992858959695,0.0008343735119819854,0.01248762868890462,v1_Ra20_repeat_20261001,FS 0.05,2,0.03230087306398835,0.4275642381555323,0.0021581867815349876,-2.8182194734927113
1790890181.279,2026-10-01T17:29:41,900,18.76504511894996,v1_Ra20_repeat_20261001,0.1124,0.1124,1.1689,0.1124,0.1314,1,,900,6.6,,144.68196779799882,125.24122681284098,True,0.08203272150036217,0.0006632587989983839,0.008672660390466836,v1_Ra20_repeat_20261001,FS 0.05,2,0.03374180420438931,0.41608603639259656,0.0021002490470148514,15.522636978165227
1790890189.121,2026-10-01T17:29:49,1000,20.897169811320758,v1_Ra20_repeat_20261001,0.003,0.003,9.2965,0.003,0.0279,1,,1000,7.4,,297.19456808040263,295.98903985975653,True,0.15131281870246097,0.00010197137646231461,0.0008964678475003434,v1_Ra20_repeat_20261001,FS 0.05,2,0.0009005819627506045,0.02897582143320774,0.00010590338335736311,0.4072881283770924
1790890190.195,2026-10-01T17:29:50,1000,20.897169811320758,v1_Ra20_repeat_20261001,0.0061,0.0061,9.0569,0.0061,0.0552,1,,1000,7.4,,291.0422605903648,297.9451155705675,True,0.148180449918419,0.00020174982009748266,0.0018111499355836442,v1_Ra20_repeat_20261001,FS 0.05,2,0.0018311833242595625,0.05776331593817117,0.0002111184528760885,-2.3168209913371762
1790890191.249,2026-10-01T17:29:51,1000,20.897169811320758,v1_Ra20_repeat_20261001,0.0121,0.0121,8.6143,0.0121,0.1042,1,,1000,7.5,,287.5651733153177,290.0004002485133,True,0.1464101353401273,0.00038083933431445096,0.0034602128371068893,v1_Ra20_repeat_20261001,FS 0.05,2,0.0036323472497607713,0.11072744357387101,0.00040469640979859855,-0.8397322662688667
1790890192.306,2026-10-01T17:29:52,1000,20.897169811320758,v1_Ra20_repeat_20261001,0.0182,0.0182,8.1849,0.0182,0.149,1,,1000,7.5,,281.21286741499034,282.23702042309355,True,0.1431759399197764,0.0005445783187413934,0.0050596731377224955,v1_Ra20_repeat_20261001,FS 0.05,2,0.005463530574020334,0.1610245204949562,0.0005885265949482032,-0.362869834215207
1790890193.359,2026-10-01T17:29:53,1000,20.897169811320758,v1_Ra20_repeat_20261001,0.0243,0.0243,7.9302,0.0243,0.1927,1,,1000,7.5,,276.9231112960881,279.77917715211333,True,0.14099186537867772,0.0007042969263185672,0.006644983307518141,v1_Ra20_repeat_20261001,FS 0.05,2,0.007294713898279896,0.2117006008867666,0.0007737419953520677,-1.0208285995753075
1790890194.414,2026-10-01T17:29:54,1000,20.897169811320758,v1_Ra20_repeat_20261001,0.0303,0.0303,7.6739,0.0303,0.2325,1,,1000,7.5,,269.82136253130307,274.5725547943664,True,0.13737610069543618,0.0008497614705192884,0.00822844950193432,v1_Ra20_repeat_20261001,FS 0.05,2,0.009095877823781105,0.25980515257522635,0.0009495587462400535,-1.730395911791549
1790890195.478,2026-10-01T17:29:55,1000,20.897169811320758,v1_Ra20_repeat_20261001,0.0364,0.0364,7.3715,0.0364,0.2683,1,,1000,7.5,,265.8728447035969,268.1547880143455,True,0.1353657632721576,0.0009806064625390324,0.009636472189364097,v1_Ra20_repeat_20261001,FS 0.05,2,0.010927061148040668,0.3055149939499508,0.0011166230990305448,-0.8509798865223073
1790890196.529,2026-10-01T17:29:56,1000,20.897169811320758,v1_Ra20_repeat_20261001,0.0424,0.0424,6.9704,0.0424,0.2955,1,,1000,7.5,,262.19480289599346,261.5857085886006,True,0.133493135260116,0.0010800194173696761,0.010762292424761191,v1_Ra20_repeat_20261001,FS 0.05,2,0.012728225073541877,0.3439052121789817,0.0012569350486901477,0.23284693597340755
1790890197.581,2026-10-01T17:29:57,1000,20.897169811320758,v1_Ra20_repeat_20261001,0.0485,0.0485,6.7034,0.0485,0.3251,1,,1000,7.5,,253.28243899549534,260.6131788124742,True,0.12895551900489025,0.001188204103508906,0.012256974199485357,v1_Ra20_repeat_20261001,FS 0.05,2,0.014559408397801439,0.3863488145366201,0.0014120616635441812,-2.812881470684847
1790890198.634,2026-10-01T17:29:58,1000,20.897169811320758,v1_Ra20_repeat_20261001,0.0546,0.0546,6.2382,0.0546,0.3406,1,,1000,7.5,,247.05752879635838,250.13484199359937,True,0.1257861854787597,0.001244854868210192,0.013164911156004063,v1_Ra20_repeat_20261001,FS 0.05,2,0.016390591722061,0.4161714203649838,0.001521059949064299,-1.2302617151271233
1790890199.69,2026-10-01T17:29:59,1000,20.897169811320758,v1_Ra20_repeat_20261001,0.0606,0.0606,6.2547,0.0606,0.379,1,,1000,7.5,,244.69137386190596,247.0328713091277,True,0.12458148791335243,0.0013852025691475712,0.01479080912738764,v1_Ra20_repeat_20261001,FS 0.05,2,0.01819175564756221,0.47010206264677457,0.0017181704088123602,-0.9478485331985143
1790890200.777,2026-10-01T17:30:00,1000,20.897169811320758,v1_Ra20_repeat_20261001,0.0667,0.0667,5.83,0.0667,0.3889,1,,999,7.6,,236.61052366509807,241.1361975535641,True,0.12046722624064062,0.0014213859607954892,0.01569550409077637,v1_Ra20_repeat_20261001,FS 0.05,2,0.020022938971821773,0.49725842945805226,0.001817423889223167,-1.876812330285138
1790890201.832,2026-10-01T17:30:01,1000,20.897169811320758,v1_Ra20_repeat_20261001,0.0728,0.0728,5.4585,0.0728,0.3974,1,,1000,7.5,,229.0155496749719,231.73363816196968,True,0.11660034223316791,0.0014524525091800652,0.016570448899513653,v1_Ra20_repeat_20261001,FS 0.05,2,0.021854122296081337,0.5244937997400552,0.00191696611847466,-1.1729365268489778
1790890202.886,2026-10-01T17:30:02,1000,20.897169811320758,v1_Ra20_repeat_20261001,0.0788,0.0788,5.0568,0.0788,0.3985,1,,1000,7.5,,219.7793426131284,222.92557361295167,True,0.11189784536832269,0.001456472886029834,0.017314614940976282,v1_Ra20_repeat_20261001,FS 0.05,2,0.02365528622158254,0.5454648660746059,0.0019936130181168335,-1.411336953778941
1790890203.942,2026-10-01T17:30:03,1000,20.897169811320758,v1_Ra20_repeat_20261001,0.0849,0.0849,4.7338,0.0849,0.4019,1,,1000,7.5,,216.23515888791758,215.64713324070794,True,0.11009336948935594,0.0014688995053836645,0.01774855817830839,v1_Ra20_repeat_20261001,FS 0.05,2,0.02548646954584211,0.5705339973395228,0.0020852378862816373,0.27267955681713474
1790890204.996,2026-10-01T17:30:04,1000,20.897169811320758,v1_Ra20_repeat_20261001,0.0909,0.0909,4.4485,0.0909,0.4044,1,,1000,7.5,,203.65141360947518,211.52952515210188,True,0.10368651629478552,0.0014780367254967751,0.01896247843674224,v1_Ra20_repeat_20261001,FS 0.05,2,0.027287633471343314,0.5957907302146446,0.0021775484173288473,-3.7243555182010057
1790890206.067,2026-10-01T17:30:06,1000,20.897169811320758,v1_Ra20_repeat_20261001,0.097,0.097,3.7902,0.097,0.3676,1,,1000,7.5,,191.53636765846613,194.5945548572837,True,0.09751829537676028,0.0013435368454317866,0.01832717967740829,v1_Ra20_repeat_20261001,FS 0.05,2,0.029118816795602877,0.5835936224624756,0.002132969354018889,-1.5715687425377545
1790890207.125,2026-10-01T17:30:07,1000,20.897169811320758,v1_Ra20_repeat_20261001,0.1031,0.1031,3.4342,0.1031,0.3541,1,,1000,7.5,,185.7727627476379,190.67290794667144,True,0.09458382954658794,0.0012941958568209893,0.018201839015140574,v1_Ra20_repeat_20261001,FS 0.05,2,0.03095000011986244,0.5961755181810319,0.00217895477426715,-2.569922099475219
1790890208.179,2026-10-01T17:30:08,1000,20.897169811320758,v1_Ra20_repeat_20261001,0.1091,0.1091,3.285,0.1091,0.3584,1,,1000,7.5,,179.81228084460668,184.41370427572963,True,0.09154912631026006,0.0013099118754155395,0.019033560333989678,v1_Ra20_repeat_20261001,FS 0.05,2,0.03275116404536365,0.6275726751089136,0.0022937078677775224,-2.495163496224251
1790890209.235,2026-10-01T17:30:09,1000,20.897169811320758,v1_Ra20_repeat_20261001,0.1152,0.1152,2.9011,0.1152,0.3342,1,,1000,7.5,,173.61182684870187,174.9296510584145,True,0.0883922443476615,0.0012214635847206286,0.01838224374921119,v1_Ra20_repeat_20261001,FS 0.05,2,0.03458234736962321,0.6323883318103838,0.0023113085538857265,-0.7533452457825773
1790890210.291,2026-10-01T17:30:10,1000,20.897169811320758,v1_Ra20_repeat_20261001,0.1213,0.1213,2.806,0.1213,0.3404,1,,1000,7.5,,166.4414946197951,173.79567173288706,True,0.0847415612695796,0.001244123890601143,0.019529868829490038,v1_Ra20_repeat_20261001,FS 0.05,2,0.03641353069388278,0.669082991982579,0.002445423428673383,-4.231507631786635
1790890211.357,2026-10-01T17:30:11,1000,20.897169811320758,v1_Ra20_repeat_20261001,0.1273,0.1273,2.3355,0.1273,0.2973,1,,1000,7.5,,159.395477092977,159.0686771798687,True,0.08115417143437456,0.0010865982158511159,0.0178110817612297,v1_Ra20_repeat_20261001,FS 0.05,2,0.03821469461938398,0.657420572963221,0.0024027985928209024,0.2054457979421942
1790890212.413,2026-10-01T17:30:12,1000,20.897169811320758,v1_Ra20_repeat_20261001,0.1334,0.1334,2.0969,0.1334,0.2797,1,,1000,7.4,,175.24037284712222,157.7311214968205,True,0.08922139774369844,0.001022272186254817,0.015241569117741405,v1_Ra20_repeat_20261001,FS 0.05,2,0.040045877943643546,0.6732489941183303,0.0024606497000758025,11.100695401227245
1790890220.857,2026-10-01T17:30:20,1100,23.029294503691553,v1_Ra20_repeat_20261001,0.0037,0.0037,10.6827,0.0037,0.0395,1,,1100,8.2,,340.62468567902897,344.52050163771446,True,0.15736850212654996,0.00010786776702751567,0.0011073689928721882,v1_Ra20_repeat_20261001,FS 0.05,2,0.0011107177540590788,0.0408783194118383,0.00011163172239981128,-1.13079365093407
1790890221.913,2026-10-01T17:30:21,1100,23.029294503691553,v1_Ra20_repeat_20261001,0.0074,0.0074,10.6276,0.0074,0.0786,1,,1100,8.3,,342.77048539738644,345.98476678760903,True,0.15835986094973192,0.00021464320223703117,0.002189729698434244,v1_Ra20_repeat_20261001,FS 0.05,2,0.0022214355081181577,0.08190078172919203,0.00022365707450470627,-0.9290239625479702
1790890222.967,2026-10-01T17:30:22,1100,23.029294503691553,v1_Ra20_repeat_20261001,0.0147,0.0147,10.2138,0.0147,0.1501,1,,1100,8.3,,339.6822628790346,338.17015100124763,True,0.15693310307697914,0.00040989751470455957,0.004219676957333637,v1_Ra20_repeat_20261001,FS 0.05,2,0.004412851617477962,0.15878960896426636,0.0004336273555986784,0.44714528272526977
1790890224.024,2026-10-01T17:30:24,1100,23.029294503691553,v1_Ra20_repeat_20261001,0.0221,0.0221,9.9148,0.0221,0.2191,1,,1101,8.2,,337.4999187413323,335.1697066980705,True,0.15592486074307357,0.0005983247533095868,0.006199263364829445,v1_Ra20_repeat_20261001,FS 0.05,2,0.00663428712559612,0.23541412080755383,0.0006428758364115607,0.6952334881985323
1790890225.076,2026-10-01T17:30:25,1100,23.029294503691553,v1_Ra20_repeat_20261001,0.0295,0.0295,9.1567,0.0295,0.2701,1,,1100,8.3,,320.89552526869056,327.65331852082795,True,0.14825363596293026,0.0007375970601046072,0.008037709486873022,v1_Ra20_repeat_20261001,FS 0.05,2,0.008855722633714277,0.296215204272903,0.0008089132315067712,-2.0624827737576568
1790890226.155,2026-10-01T17:30:26,1100,23.029294503691553,v1_Ra20_repeat_20261001,0.0368,0.0368,8.9026,0.0368,0.3276,1,,1101,8.3,,316.4591501761379,320.14931969608824,True,0.14620403200720164,0.0008946197589421299,0.009885476718474054,v1_Ra20_repeat_20261001,FS 0.05,2,0.011047138743074081,0.36551649132878095,0.0009981632337055164,-1.1526401253806773
1790890227.211,2026-10-01T17:30:27,1100,23.029294503691553,v1_Ra20_repeat_20261001,0.0442,0.0442,8.8719,0.0442,0.3921,1,,1100,8.3,,316.2093539772627,320.75274554892985,True,0.1460886262386047,0.0010707582645946554,0.01184113987800995,v1_Ra20_repeat_20261001,FS 0.05,2,0.01326857425119224,0.44414130490822556,0.001212874197598412,-1.4164778430475033
1790890228.265,2026-10-01T17:30:28,1100,23.029294503691553,v1_Ra20_repeat_20261001,0.0515,0.0515,8.4491,0.0515,0.4351,1,,1100,8.3,,310.06732467164966,313.0437418239751,True,0.14325101055049072,0.0011881839350296726,0.013399989659526075,v1_Ra20_repeat_20261001,FS 0.05,2,0.015459990360552043,0.5032078932928733,0.0013741749822815852,-0.9507991231458846
1790890229.319,2026-10-01T17:30:29,1100,23.029294503691553,v1_Ra20_repeat_20261001,0.0589,0.0589,7.8948,0.0589,0.465,1,,1101,8.3,,299.99988079074456,301.4833042523833,True,0.13859985451162973,0.0012698357384251845,0.014801415589098707,v1_Ra20_repeat_20261001,FS 0.05,2,0.017681425868670202,0.5515564369864134,0.0015062066138576474,-0.4920416622463786
1790890230.505,2026-10-01T17:30:30,1100,23.029294503691553,v1_Ra20_repeat_20261001,0.0663,0.0663,7.5466,0.0663,0.5003,1,,1100,8.3,,295.890498638812,297.94514402213395,True,0.1367013211959188,0.0013662340213636984,0.016146219982427806,v1_Ra20_repeat_20261001,FS 0.05,2,0.01990286137678836,0.6074815523020151,0.0016589285710690465,-0.6896052594061786
1790890231.56,2026-10-01T17:30:31,1100,23.029294503691553,v1_Ra20_repeat_20261001,0.0736,0.0736,7.4797,0.0736,0.5505,1,,1100,8.3,,294.0510157456288,297.94510796079976,True,0.13585148065364983,0.0015033216645227183,0.017877468496394575,v1_Ra20_repeat_20261001,FS 0.05,2,0.022094277486148162,0.6801606005074665,0.0018574026632110013,-1.3069831022979317
1790890232.626,2026-10-01T17:30:32,1100,23.029294503691553,v1_Ra20_repeat_20261001,0.081,0.081,7.2431,0.081,0.5867,1,,1100,8.3,,290.66668340188926,290.6962418817102,True,0.1342879201308092,0.0016021776940517327,0.01927490361519873,v1_Ra20_repeat_20261001,FS 0.05,2,0.024315712994266322,0.7413094459371636,0.0020243897369530807,-0.010168167166391129
1790890233.679,2026-10-01T17:30:33,1100,23.029294503691553,v1_Ra20_repeat_20261001,0.0884,0.0884,6.8236,0.0884,0.6032,1,,1101,8.2,,282.7027935582123,288.00005538871574,True,0.13060860542318042,0.0016472363815442392,0.02037523445694493,v1_Ra20_repeat_20261001,FS 0.05,2,0.02653714850238448,0.7849348629889225,0.002143523314750988,-1.8393266707375067
1790890234.735,2026-10-01T17:30:34,1100,23.029294503691553,v1_Ra20_repeat_20261001,0.0957,0.0957,6.6331,0.0957,0.6348,1,,1100,8.3,,282.55489321220466,280.5201216747719,True,0.13054027550789896,0.0017335305951662518,0.021453861242924928,v1_Ra20_repeat_20261001,FS 0.05,2,0.028728564611744282,0.8454263710151775,0.0023087153120907138,0.7253567142651685
1790890235.788,2026-10-01T17:30:35,1100,23.029294503691553,v1_Ra20_repeat_20261001,0.1031,0.1031,6.3741,0.1031,0.6572,1,,1100,8.2,,273.98135929820455,277.92065813453064,True,0.12657930542351484,0.0017947011769742607,0.02290592955694101,v1_Ra20_repeat_20261001,FS 0.05,2,0.03095000011986244,0.8992755181810318,0.002455768154144303,-1.4174185045356502
1790890236.84,2026-10-01T17:30:36,1100,23.029294503691553,v1_Ra20_repeat_20261001,0.1104,0.1104,5.7868,0.1104,0.6389,1,,1100,8.3,,266.40872531660307,269.0232659312983,True,0.12308075080624858,0.0017447269963007535,0.02290107270786333,v1_Ra20_repeat_20261001,FS 0.05,2,0.033141416229222245,0.9141323275360568,0.0024963395680754432,-0.9718641269349959
1790890237.908,2026-10-01T17:30:37,1100,23.029294503691553,v1_Ra20_repeat_20261001,0.1178,0.1178,5.4386,0.1178,0.6407,1,,1100,8.3,,253.59813202338728,261.6432383361712,True,0.11716226056562797,0.0017496424894817542,0.02412570736827985,v1_Ra20_repeat_20261001,FS 0.05,2,0.035362851737340405,0.9517052048160064,0.002598944691442204,-3.0748382277883235
1790890238.964,2026-10-01T17:30:38,1100,23.029294503691553,v1_Ra20_repeat_20261001,0.1252,0.1252,4.9851,0.1252,0.6241,1,,1100,8.3,,249.08367895561696,251.1627558826376,True,0.1150765846088799,0.0017043107190347474,0.02392656164389256,v1_Ra20_repeat_20261001,FS 0.05,2,0.037584287245458564,0.9730546537180178,0.002657246397273293,-0.8277807430939976
1790890240.02,2026-10-01T17:30:40,1100,23.029294503691553,v1_Ra20_repeat_20261001,0.1325,0.1325,4.8138,0.1325,0.6378,1,,1100,8.3,,245.2508593435141,246.74652802974038,True,0.1133058231032201,0.001741723083801253,0.02483392465389835,v1_Ra20_repeat_20261001,FS 0.05,2,0.039775703354818365,1.0263239228938463,0.0028027156913792246,-0.6061559196674948
1790890241.075,2026-10-01T17:30:41,1100,23.029294503691553,v1_Ra20_repeat_20261001,0.1399,0.1399,4.2911,0.1399,0.6003,1,,1100,8.3,,226.59165139505149,235.05945472867893,True,0.10468527465452569,0.001639316975863738,0.025298561111987534,v1_Ra20_repeat_20261001,FS 0.05,2,0.041997138862936524,1.031097101909953,0.002815750429659985,-3.602409162142206
1790890242.131,2026-10-01T17:30:42,1100,23.029294503691553,v1_Ra20_repeat_20261001,0.1473,0.1473,3.6007,0.1473,0.5304,1,,1100,8.3,,214.03877412253678,220.4083616662274,True,0.09888584913779874,0.0014484319906682103,0.02366368864576287,v1_Ra20_repeat_20261001,FS 0.05,2,0.04421857437105468,1.0056468525481215,0.0027462501367750674,-2.889902858284621
1790890243.189,2026-10-01T17:30:43,1100,23.029294503691553,v1_Ra20_repeat_20261001,0.1546,0.1546,3.4408,0.1546,0.5319,1,,1100,8.2,,206.87133567331557,210.79123709075134,True,0.09557449473437471,0.001452528234985711,0.02455280156287948,v1_Ra20_repeat_20261001,FS 0.05,2,0.04640999048041448,1.0531285815447538,0.002875914645166773,-1.8596130804755195
1790890244.246,2026-10-01T17:30:44,1100,23.029294503691553,v1_Ra20_repeat_20261001,0.162,0.162,2.7344,0.162,0.443,1,,1100,8.3,,196.02538695997964,196.71484381124742,True,0.09056366969755578,0.0012097574884351757,0.021580563890156942,v1_Ra20_repeat_20261001,FS 0.05,2,0.048631425988532644,1.0130020622970177,0.0027663359608670283,-0.3504854224063214
1790890245.302,2026-10-01T17:30:45,1100,23.029294503691553,v1_Ra20_repeat_20261001,0.1694,0.1694,2.6918,0.1694,0.456,1,,1100,8.2,,209.60179073404106,193.72729384056697,True,0.0968359641495278,0.0012452582725201809,0.020775009735100766,v1_Ra20_repeat_20261001,FS 0.05,2,0.050852861496650796,1.0769521146713432,0.0029409726532951593,8.19424902850212
1790890252.651,2026-10-01T17:30:52,1200,25.161419196062347,v1_Ra20_repeat_20261001,0.0044,0.0044,12.8023,0.0044,0.0563,1,,1200,9.0,,403.77380185070706,407.5467939769453,True,0.1707360893169321,0.00011787982676568377,0.0013315014379343172,v1_Ra20_repeat_20261001,FS 0.05,2,0.0013208535453675533,0.05800029365224407,0.00012143986799441065,-0.925781329162334
1790890253.707,2026-10-01T17:30:53,1200,25.161419196062347,v1_Ra20_repeat_20261001,0.0088,0.0088,12.502,0.0088,0.11,1,,1200,9.0,,405.6605888412264,404.7165640475896,True,0.17153391877158908,0.0002303158249418333,0.0025894125613904278,v1_Ra20_repeat_20261001,FS 0.05,2,0.0026417070907351066,0.11417009838197378,0.0002390470944775869,0.23325578379980172
1790890254.762,2026-10-01T17:30:54,1200,25.161419196062347,v1_Ra20_repeat_20261001,0.0176,0.0176,11.9748,0.0176,0.2108,1,,1200,9.0,,397.5804122976115,400.9497219875925,True,0.1681172093721088,0.00044136887179762235,0.005063105872327165,v1_Ra20_repeat_20261001,FS 0.05,2,0.005283414181470213,0.2222182410738901,0.0004652761591823289,-0.8403322175355665
1790890255.818,2026-10-01T17:30:55,1200,25.161419196062347,v1_Ra20_repeat_20261001,0.0264,0.0264,11.7209,0.0264,0.3094,1,,1200,9.0,,394.15071494315725,392.72704986247504,True,0.1666669589815283,0.0006478156021545748,0.007495996459080477,v1_Ra20_repeat_20261001,FS 0.05,2,0.00792512127220532,0.33114442807574906,0.0006933436557014339,0.3625075179264359
1790890256.906,2026-10-01T17:30:56,1200,25.161419196062347,v1_Ra20_repeat_20261001,0.0352,0.0352,11.2892,0.0352,0.3974,1,,1200,9.1,,384.5217595264103,384.82440812395,True,0.16259534714210958,0.0008320682621080414,0.009869117596250119,v1_Ra20_repeat_20261001,FS 0.05,2,0.010566828362940426,0.43254865938755044,0.0009056618301302523,-0.07864589437430736
1790890257.962,2026-10-01T17:30:57,1200,25.161419196062347,v1_Ra20_repeat_20261001,0.0439,0.0439,10.7711,0.0439,0.4729,1,,1201,9.0,,377.1929401879561,380.2058419552736,True,0.1594963497643138,0.0009901486692272087,0.011972287585868319,v1_Ra20_repeat_20261001,FS 0.05,2,0.01317851605491718,0.5243263462719241,0.0010978241361850503,-0.792439630023356
1790890259.018,2026-10-01T17:30:59,1200,25.161419196062347,v1_Ra20_repeat_20261001,0.0527,0.0527,10.1461,0.0527,0.5347,1,,1201,9.0,,366.6423797787729,377.1545571943477,True,0.15503503648418168,0.001119544287239984,0.013926401217870895,v1_Ra20_repeat_20261001,FS 0.05,2,0.015820223145652283,0.6056516884273614,0.0012681015295232902,-2.787233301322112
1790890260.072,2026-10-01T17:31:00,1200,25.161419196062347,v1_Ra20_repeat_20261001,0.0615,0.0615,9.7922,0.0615,0.6022,1,,1200,9.1,,362.8269435201105,360.84374241549426,True,0.15342167607581395,0.0012608744525452,0.015849391856086407,v1_Ra20_repeat_20261001,FS 0.05,2,0.01846193023638739,0.6957550748927411,0.00145675821846717,0.5496010797750417
1790890261.124,2026-10-01T17:31:01,1200,25.161419196062347,v1_Ra20_repeat_20261001,0.0703,0.0703,9.5482,0.0703,0.6712,1,,1201,9.0,,362.6291574149036,363.5599359906962,True,0.15333804205604976,0.001405345288190532,0.017675048288693918,v1_Ra20_repeat_20261001,FS 0.05,2,0.021103637327122497,0.7904365056680636,0.001655000326064365,-0.25601791717126954
1790890262.178,2026-10-01T17:31:02,1200,25.161419196062347,v1_Ra20_repeat_20261001,0.0791,0.0791,9.4102,0.0791,0.7443,1,,1200,9.0,,357.28521832571687,357.5000070523629,True,0.15107835294929342,0.0015584006227655138,0.01989318640694034,v1_Ra20_repeat_20261001,FS 0.05,2,0.023745344417857604,0.8922959807533285,0.0018682716809044098,-0.060080761512981695
1790890263.234,2026-10-01T17:31:03,1200,25.161419196062347,v1_Ra20_repeat_20261001,0.0879,0.0879,8.9146,0.0879,0.7836,1,,1199,9.2,,349.99997122627065,348.38677151464594,True,0.1479977801291507,0.0016406861856765507,0.02137951262736246,v1_Ra20_repeat_20261001,FS 0.05,2,0.026387051508592715,0.9634335001485359,0.0020172180123937083,0.46304849768294964
1790890264.295,2026-10-01T17:31:04,1200,25.161419196062347,v1_Ra20_repeat_20261001,0.0967,0.0967,8.4716,0.0967,0.8192,1,,1200,9.1,,340.47934454313236,345.74310658846343,True,0.14397197518520713,0.001715224761748635,0.02297579541381501,v1_Ra20_repeat_20261001,FS 0.05,2,0.029028758599327815,1.033949063853686,0.002164862105357254,-1.5224488775119727
1790890265.35,2026-10-01T17:31:05,1200,25.161419196062347,v1_Ra20_repeat_20261001,0.1055,0.1055,8.2519,0.1055,0.8706,1,,1200,9.0,,337.5000502913622,335.15667433330236,True,0.14271217812274264,0.0018228450654032735,0.024632937388220054,v1_Ra20_repeat_20261001,FS 0.05,2,0.031670465690062925,1.1233426718687787,0.0023520326742165537,0.699188211818047
1790890266.403,2026-10-01T17:31:06,1200,25.161419196062347,v1_Ra20_repeat_20261001,0.1143,0.1143,7.7154,0.1143,0.8819,1,,1200,9.1,,327.6921492784368,335.3370917982829,True,0.13856489898853663,0.00184650478196548,0.025699500819010665,v1_Ra20_repeat_20261001,FS 0.05,2,0.03431217278079803,1.1757143241938137,0.0024616874042966207,-2.279778380270814
1790890267.487,2026-10-01T17:31:07,1200,25.161419196062347,v1_Ra20_repeat_20261001,0.1231,0.1231,7.3343,0.1231,0.9029,1,,1200,9.0,,324.0047285997889,328.06491322095326,True,0.13700567007508796,0.0018904741667271027,0.02661090757632219,v1_Ra20_repeat_20261001,FS 0.05,2,0.03695387987153314,1.2408640208287915,0.002598096550889303,-1.237616233111094
1790890268.544,2026-10-01T17:31:08,1200,25.161419196062347,v1_Ra20_repeat_20261001,0.1318,0.1318,6.9768,0.1318,0.9195,1,,1200,9.0,,317.64723688366985,317.64690290283966,True,0.1343173993935832,0.001925230918491052,0.027642545537380284,v1_Ra20_repeat_20261001,FS 0.05,2,0.03956556756350989,1.304137792748578,0.002730577923406458,0.00010514216481904981
1790890269.6,2026-10-01T17:31:09,1200,25.161419196062347,v1_Ra20_repeat_20261001,0.1406,0.1406,6.7399,0.1406,0.9476,1,,1200,9.0,,312.7618449276497,313.2349347477316,True,0.1322516073250337,0.001984066142862557,0.028932280555277003,v1_Ra20_repeat_20261001,FS 0.05,2,0.042207274654244994,1.3825086002271916,0.002894669170459135,-0.15103354306981176
1790890270.651,2026-10-01T17:31:10,1200,25.161419196062347,v1_Ra20_repeat_20261001,0.1494,0.1494,6.3198,0.1494,0.9442,1,,1200,9.0,,309.3737969487506,308.57138127685175,True,0.13081896840768947,0.0019769472900916275,0.029144180680355663,v1_Ra20_repeat_20261001,FS 0.05,2,0.0448489817449801,1.4324574520157478,0.002999251088682578,0.2600421557496846
1790890271.707,2026-10-01T17:31:11,1200,25.161419196062347,v1_Ra20_repeat_20261001,0.1582,0.1582,6.095,0.1582,0.9642,1,,1200,9.0,,300.40843090316685,308.91165858257637,True,0.12702795588805163,0.002018822894626506,0.03064971159454655,v1_Ra20_repeat_20261001,FS 0.05,2,0.04749068883571521,1.5088843481142464,0.003159272212525028,-2.752640582885768
1790890272.762,2026-10-01T17:31:12,1200,25.161419196062347,v1_Ra20_repeat_20261001,0.167,0.167,5.6506,0.167,0.9437,1,,1199,9.1,,290.54086680088176,290.1888577273837,True,0.12285544816668337,0.0019759003999782554,0.031016879955566887,v1_Ra20_repeat_20261001,FS 0.05,2,0.05013239592645032,1.5478892885226874,0.003240939985497547,0.12130344226679579
1790890273.818,2026-10-01T17:31:13,1200,25.161419196062347,v1_Ra20_repeat_20261001,0.1758,0.1758,5.3335,0.1758,0.9376,1,,1200,9.0,,287.8525905570086,287.9998214718853,True,0.12171870831189652,0.0019631283405951174,0.031104185865593097,v1_Ra20_repeat_20261001,FS 0.05,2,0.05277410301718543,1.6043722732410712,0.0033592029420483793,-0.051121877133197824
1790890274.9,2026-10-01T17:31:14,1200,25.161419196062347,v1_Ra20_repeat_20261001,0.1846,0.1846,4.948,0.1846,0.9134,1,,1200,9.1,,280.22759947828035,282.46757372546085,True,0.11849447446638338,0.001912458859107914,0.031125868820370335,v1_Ra20_repeat_20261001,FS 0.05,2,0.05541581010792052,1.6458333022693974,0.003446013224808345,-0.7930022613348187
1790890275.957,2026-10-01T17:31:15,1200,25.161419196062347,v1_Ra20_repeat_20261001,0.1934,0.1934,4.3341,0.1934,0.8382,1,,1200,9.0,,263.453106104339,270.8850193161254,True,0.11140136593429864,0.0017550065860567697,0.03038195493814971,v1_Ra20_repeat_20261001,FS 0.05,2,0.05805751719865563,1.6393723756076664,0.00343248546431757,-2.743567448118389
1790890277.014,2026-10-01T17:31:17,1200,25.161419196062347,v1_Ra20_repeat_20261001,0.2022,0.2022,3.8395,0.2022,0.7763,1,,1200,9.1,,253.18809429307976,254.11790722401975,True,0.10706079711726942,0.0016254015900213198,0.02927909766070276,v1_Ra20_repeat_20261001,FS 0.05,2,0.06069922428939074,1.649289493255878,0.0034532497291556888,-0.36589823247690223
1790890278.067,2026-10-01T17:31:18,1200,25.161419196062347,v1_Ra20_repeat_20261001,0.211,0.211,3.0221,0.211,0.6377,1,,1200,9.1,,236.7540940138383,243.4330222567553,True,0.10011166637463519,0.0013352036505946102,0.0257211452158718,v1_Ra20_repeat_20261001,FS 0.05,2,0.06334093138012585,1.5855846552140318,0.003319865798915746,-2.743641015093068
1790890279.241,2026-10-01T17:31:19,1200,25.161419196062347,v1_Ra20_repeat_20261001,0.2197,0.2197,2.6177,0.2197,0.5751,1,,1200,9.1,,228.3885702243424,228.06479158628008,True,0.09657429765393151,0.0012041330084004392,0.024045863857961165,v1_Ra20_repeat_20261001,FS 0.05,2,0.0659526190721026,1.6000545121692313,0.003350162499292356,0.14196783107569555
1790890286.627,2026-10-01T17:31:26,1300,27.293543888433145,v1_Ra20_repeat_20261001,0.0052,0.0052,14.5597,0.0052,0.0757,1,,1299,9.9,,461.701929928563,456.3831976158667,True,0.17997993316601785,0.0001241802656247315,0.0015656892567792317,v1_Ra20_repeat_20261001,FS 0.05,2,0.001561008735434381,0.07779211269651418,0.00012761222216858885,1.1654093184151337
1790890287.695,2026-10-01T17:31:27,1300,27.293543888433145,v1_Ra20_repeat_20261001,0.0103,0.0103,14.0448,0.0103,0.1447,1,,1300,9.9,,454.1669329670299,453.89018210537415,True,0.1770426522892567,0.0002373696755072476,0.003042456673137288,v1_Ra20_repeat_20261001,FS 0.05,2,0.0030919980721104087,0.1498879598351809,0.0002458801409020059,0.060973088329863145
1790890288.752,2026-10-01T17:31:28,1300,27.293543888433145,v1_Ra20_repeat_20261001,0.0207,0.0207,13.5122,0.0207,0.2797,1,,1301,9.8,,447.9167225461765,453.1250308378617,True,0.17460620491726328,0.0004588272165817357,0.005963024197411688,v1_Ra20_repeat_20261001,FS 0.05,2,0.006214015542979171,0.29440470620731435,0.00048294920235132535,-1.149419682698749
1790890289.808,2026-10-01T17:31:29,1300,27.293543888433145,v1_Ra20_repeat_20261001,0.031,0.031,12.9444,0.031,0.4013,1,,1300,9.9,,441.54832110565394,446.8749497084559,True,0.17212368450454382,0.0006583030461717931,0.008678852430399573,v1_Ra20_repeat_20261001,FS 0.05,2,0.00930601361508958,0.4296672247630899,0.0007048373857506169,-1.191972968338706
1790890290.859,2026-10-01T17:31:30,1300,27.293543888433145,v1_Ra20_repeat_20261001,0.0414,0.0414,12.6363,0.0414,0.5231,1,,1300,9.9,,433.99972190894687,432.0008136738295,True,0.16918110122547764,0.0008581069610078868,0.011509770148954674,v1_Ra20_repeat_20261001,FS 0.05,2,0.012428031085958342,0.56954080712495,0.0009342896791664498,0.4627093680954486
1790890291.916,2026-10-01T17:31:31,1300,27.293543888433145,v1_Ra20_repeat_20261001,0.0517,0.0517,12.1998,0.0517,0.6307,1,,1300,9.9,,431.58662127171965,435.00007724750844,True,0.16824043006242176,0.0010346168233754049,0.013954884279630363,v1_Ra20_repeat_20261001,FS 0.05,2,0.015520029158068752,0.6992778844013203,0.001147113783757678,-0.7847023838220113
1790890292.998,2026-10-01T17:31:32,1300,27.293543888433145,v1_Ra20_repeat_20261001,0.0621,0.0621,11.6953,0.0621,0.7263,1,,1300,9.9,,423.8243087589922,426.47061728974904,True,0.1652145373886125,0.0011914415709807459,0.016364455664110048,v1_Ra20_repeat_20261001,FS 0.05,2,0.018642046628937512,0.821508302752907,0.001347623768147666,-0.620513682179169
1790890294.054,2026-10-01T17:31:34,1300,27.293543888433145,v1_Ra20_repeat_20261001,0.0724,0.0724,11.1809,0.0724,0.8095,1,,1300,9.9,,415.0781105451756,417.62070175553845,True,0.16180510791054425,0.001327925033331838,0.01862337567216047,v1_Ra20_repeat_20261001,FS 0.05,2,0.021734044701047922,0.9353199387498721,0.0015343233611369443,-0.6088278669315605
1790890295.106,2026-10-01T17:31:35,1300,27.293543888433145,v1_Ra20_repeat_20261001,0.0827,0.0827,10.9074,0.0827,0.902,1,,1300,9.9,,408.8291549608357,410.3777491477274,True,0.15936914969698224,0.0014796644596236168,0.02106861855524593,v1_Ra20_repeat_20261001,FS 0.05,2,0.02482604277315833,1.062648384158534,0.0017431962828335329,-0.3773582242477369
1790890296.158,2026-10-01T17:31:36,1300,27.293543888433145,v1_Ra20_repeat_20261001,0.0931,0.0931,10.5226,0.0931,0.9797,1,,1300,9.9,,405.5559440892921,405.55507360783736,True,0.15809319169093744,0.001607125577708711,0.0230682005804062,v1_Ra20_repeat_20261001,FS 0.05,2,0.027948060244027094,1.1797933878087452,0.0019353640195560345,0.00021463951789257862
1790890297.212,2026-10-01T17:31:37,1300,27.293543888433145,v1_Ra20_repeat_20261001,0.1034,0.1034,9.9285,0.1034,1.0266,1,,1300,10.0,,393.77976186182195,400.00007947280665,True,0.1535026185248715,0.0016840615679042184,0.024895408104107654,v1_Ra20_repeat_20261001,FS 0.05,2,0.031040058316137504,1.2699963919380017,0.0020833353935708274,-1.5550790937799208
1790890298.274,2026-10-01T17:31:38,1300,27.293543888433145,v1_Ra20_repeat_20261001,0.1138,0.1138,9.6624,0.1138,1.0996,1,,1300,9.8,,387.4999735572487,386.38842079198525,True,0.15105464114793327,0.00180381268270746,0.02709782514057274,v1_Ra20_repeat_20261001,FS 0.05,2,0.034162075787006266,1.3909982315779397,0.0022818299852163846,0.2876775559125466
1790890299.329,2026-10-01T17:31:39,1300,27.293543888433145,v1_Ra20_repeat_20261001,0.1241,0.1241,9.1541,0.1241,1.136,1,,1299,9.9,,380.57314713666983,380.3577750904708,True,0.14835443637204832,0.0018635241974860627,0.028504378206294985,v1_Ra20_repeat_20261001,FS 0.05,2,0.03725407385911667,1.4791757944277908,0.0024264787722287485,0.056623542439160346
1790890300.384,2026-10-01T17:31:40,1300,27.293543888433145,v1_Ra20_repeat_20261001,0.1345,0.1345,8.6711,0.1345,1.1663,1,,1300,9.9,,376.28481841360326,381.0143895904332,True,0.14668276669310448,0.001913229112260559,0.02959817686676572,v1_Ra20_repeat_20261001,FS 0.05,2,0.04037609132998544,1.5660344700574556,0.0025689640220504678,-1.241310382506533
1790890301.467,2026-10-01T17:31:41,1300,27.293543888433145,v1_Ra20_repeat_20261001,0.1448,0.1448,8.4296,0.1448,1.2206,1,,1300,9.9,,369.49141693337424,368.6440936863562,True,0.14403457342137455,0.0020023042565594086,0.03154571629570438,v1_Ra20_repeat_20261001,FS 0.05,2,0.043468089402095844,1.6805865916279017,0.0027568783269975557,0.22984858879604442
1790890302.523,2026-10-01T17:31:42,1300,27.293543888433145,v1_Ra20_repeat_20261001,0.1551,0.1551,7.8709,0.1551,1.2208,1,,1300,9.9,,361.7714074160517,366.1016875181815,True,0.14102517123589156,0.0020026323418054453,0.03222416429993936,v1_Ra20_repeat_20261001,FS 0.05,2,0.04656008747420625,1.7452555226100446,0.0028629629376584528,-1.1828080147581188
1790890303.579,2026-10-01T17:31:43,1300,27.293543888433145,v1_Ra20_repeat_20261001,0.1655,0.1655,7.6393,0.1655,1.2643,1,,1300,9.9,,358.3334232375819,357.50045165219717,True,0.13968498155385456,0.0020739908828183357,0.03369257482035175,v1_Ra20_repeat_20261001,FS 0.05,2,0.049682104945075016,1.8581287835383338,0.003048123195571327,0.23299875050091234
1790890304.635,2026-10-01T17:31:44,1300,27.293543888433145,v1_Ra20_repeat_20261001,0.1758,0.1758,7.2694,0.1758,1.278,1,,1299,10.0,,352.4099646325112,352.03031001610725,True,0.13737590806997885,0.0020964647221718207,0.034630124744096595,v1_Ra20_repeat_20261001,FS 0.05,2,0.05277410301718543,1.9447722732410713,0.003190255448754149,0.10784713861331507
1790890305.687,2026-10-01T17:31:45,1300,27.293543888433145,v1_Ra20_repeat_20261001,0.1862,0.1862,6.8542,0.1862,1.2763,1,,1300,9.9,,343.9653627443022,349.96194479463156,True,0.13408404640570412,0.0020936759975805123,0.035433123657719376,v1_Ra20_repeat_20261001,FS 0.05,2,0.05589612048805419,2.021002370159087,0.0033153052992677323,-1.713495464156356
1790890306.738,2026-10-01T17:31:46,1300,27.293543888433145,v1_Ra20_repeat_20261001,0.1965,0.1965,6.4777,0.1965,1.2729,1,,1300,9.9,,339.60296175837357,342.8571136630353,True,0.13238350199166565,0.0020880985483978953,0.035792678487736124,v1_Ra20_repeat_20261001,FS 0.05,2,0.058988118560164594,2.0990204185824193,0.003443288152328928,-0.9491277196774006
1790890307.794,2026-10-01T17:31:47,1300,27.293543888433145,v1_Ra20_repeat_20261001,0.2069,0.2069,6.2226,0.2069,1.2875,1,,1300,9.8,,332.30741602469607,336.1128311193397,True,0.12953956362268362,0.002112048771358544,0.0369980288159901,v1_Ra20_repeat_20261001,FS 0.05,2,0.06211013603103335,2.200107351490162,0.003609113808599376,-1.1321838211206248
1790890308.854,2026-10-01T17:31:48,1300,27.293543888433145,v1_Ra20_repeat_20261001,0.2172,0.2172,5.799,0.2172,1.2595,1,,1300,9.9,,324.2423083416952,333.01127230681686,True,0.12639563580330493,0.002066116836913465,0.03709367574813772,v1_Ra20_repeat_20261001,FS 0.05,2,0.06520213410314377,2.261999958634089,0.003710644064812586,-2.6332333750679893
1790890309.91,2026-10-01T17:31:49,1300,27.293543888433145,v1_Ra20_repeat_20261001,0.2275,0.2275,5.3639,0.2275,1.2203,1,,1300,9.9,,319.58925791486763,319.8870395094673,True,0.12458179087316111,0.0020018121286903543,0.03646244776602137,v1_Ra20_repeat_20261001,FS 0.05,2,0.06829413217525418,2.316909375189713,0.0038007189120143883,-0.09308960908709363
1790890310.966,2026-10-01T17:31:50,1300,27.293543888433145,v1_Ra20_repeat_20261001,0.2379,0.2379,4.8309,0.2379,1.1493,1,,1300,9.8,,306.7163385248932,316.9195669790838,True,0.11956368932046106,0.0018853418663474753,0.035782269110649884,v1_Ra20_repeat_20261001,FS 0.05,2,0.07141614964612293,2.34521089339608,0.003847145464834069,-3.2195009451290835
1790890312.049,2026-10-01T17:31:52,1300,27.293543888433145,v1_Ra20_repeat_20261001,0.2482,0.2482,4.1854,0.2482,1.0388,1,,1299,9.9,,289.3332600316626,296.8533711412988,True,0.11278744451265754,0.0017040747679124314,0.03428506384625846,v1_Ra20_repeat_20261001,FS 0.05,2,0.07450814771823334,2.337294868672298,0.003834159810238413,-2.533274619966075
1790890313.102,2026-10-01T17:31:53,1300,27.293543888433145,v1_Ra20_repeat_20261001,0.2586,0.2586,3.7896,0.2586,0.98,1,,1300,9.9,,288.83484310244967,290.4857329323363,True,0.11259315239518157,0.0016076177055777655,0.032400213745971275,v1_Ra20_repeat_20261001,FS 0.05,2,0.07763016518910211,2.386353222868392,0.003914636421271215,-0.5683204518244556
1790890314.159,2026-10-01T17:31:54,1300,27.293543888433145,v1_Ra20_repeat_20261001,0.2689,0.2689,3.1832,0.2689,0.856,1,,1300,9.9,,284.6384739423229,286.77898035845146,True,0.11095733025101939,0.0014042048530352727,0.028717824979823725,v1_Ra20_repeat_20261001,FS 0.05,2,0.08072216326121251,2.3734117568652047,0.0038934069009825853,-0.7463958528107995
1790890322.61,2026-10-01T17:32:02,1400,29.42566858080394,v1_Ra20_repeat_20261001,0.006,0.006,16.4475,0.006,0.0987,1,,1400,10.2,,521.9512603599469,530.3076472892371,True,0.18872348047931034,0.00012920360424444014,0.0018057539938503618,v1_Ra20_repeat_20261001,FS 0.05,2,0.001801163925501209,0.10120937012351107,0.00013248850459237274,-1.5757621018677392
1790890323.689,2026-10-01T17:32:03,1400,29.42566858080394,v1_Ra20_repeat_20261001,0.012,0.012,16.3902,0.012,0.1967,1,,1399,10.3,,524.3896367391244,517.5543864742622,True,0.18960513152979264,0.0002574908708701254,0.0035819675042605714,v1_Ra20_repeat_20261001,FS 0.05,2,0.003602327851002418,0.20314964927540455,0.0002659338083827374,1.3206825105716913
1790890324.746,2026-10-01T17:32:04,1400,29.42566858080394,v1_Ra20_repeat_20261001,0.024,0.024,15.4374,0.024,0.3705,1,,1400,10.4,,511.9048211035306,519.1487919215092,True,0.1850909593477638,0.00048500441106955495,0.0069114691619934655,v1_Ra20_repeat_20261001,FS 0.05,2,0.007204655702004836,0.3891229346643386,0.0005093828333617664,-1.395355422318667
1790890325.803,2026-10-01T17:32:05,1400,29.42566858080394,v1_Ra20_repeat_20261001,0.0361,0.0361,14.8932,0.0361,0.5376,1,,1400,10.3,,502.11471629374955,510.7141890379239,True,0.18155112182982205,0.000703747291203759,0.010224161287813824,v1_Ra20_repeat_20261001,FS 0.05,2,0.010837002951765607,0.5742930444004942,0.0007517804582477827,-1.6838131637528897
1790890326.876,2026-10-01T17:32:06,1400,29.42566858080394,v1_Ra20_repeat_20261001,0.0481,0.0481,14.2872,0.0481,0.6872,1,,1400,10.4,,493.18210192027436,495.33251937708656,True,0.17832132969716352,0.0008995817308690908,0.013305991008217605,v1_Ra20_repeat_20261001,FS 0.05,2,0.014439330802768024,0.7475612989841002,0.0009785979151205803,-0.43413613536145146
1790890327.931,2026-10-01T17:32:07,1400,29.42566858080394,v1_Ra20_repeat_20261001,0.0601,0.0601,13.3593,0.0601,0.8029,1,,1400,10.3,,474.87262774118335,478.7781678586498,True,0.17170111828040943,0.001051039248711864,0.016145656288885386,v1_Ra20_repeat_20261001,FS 0.05,2,0.018041658653770443,0.8926531896812357,0.001168530997437807,-0.8157306200769487
1790890328.985,2026-10-01T17:32:08,1400,29.42566858080394,v1_Ra20_repeat_20261001,0.0721,0.0721,12.9721,0.0721,0.9353,1,,1400,10.4,,465.9578664407036,466.8798878539633,True,0.16847778133682473,0.0012243579640306471,0.019167950022295793,v1_Ra20_repeat_20261001,FS 0.05,2,0.02164398650477286,1.0601687164919007,0.0013878178244980304,-0.19748578536930017
1790890330.038,2026-10-01T17:32:10,1400,29.42566858080394,v1_Ra20_repeat_20261001,0.0842,0.0842,12.2745,0.0842,1.0335,1,,1400,10.4,,456.2497633522753,456.6557673632815,True,0.16496759342687192,0.0013529070414045482,0.021631130170051877,v1_Ra20_repeat_20261001,FS 0.05,2,0.02527633375453363,1.1995722529949686,0.0015703045454769336,-0.08890810978923191
1790890331.094,2026-10-01T17:32:11,1400,29.42566858080394,v1_Ra20_repeat_20261001,0.0962,0.0962,11.8689,0.0962,1.1418,1,,1401,10.3,,451.02077279202604,450.3706500331532,True,0.16307693164890597,0.0014946775615633408,0.024174910556430885,v1_Ra20_repeat_20261001,FS 0.05,2,0.02887866160553605,1.3544827490003053,0.0017730907098050335,0.14435282557265783
1790890332.167,2026-10-01T17:32:12,1400,29.42566858080394,v1_Ra20_repeat_20261001,0.1082,0.1082,11.5045,0.1082,1.2448,1,,1400,10.4,,448.9797527023484,443.87720247822244,True,0.1623389539021207,0.0016295100968944183,0.026475502109174077,v1_Ra20_repeat_20261001,FS 0.05,2,0.03248098945653847,1.5098168811191717,0.0019764314365724052,1.1495409531369738
1790890333.223,2026-10-01T17:32:13,1400,29.42566858080394,v1_Ra20_repeat_20261001,0.1202,0.1202,11.1026,0.1202,1.3345,1,,1400,10.4,,445.4137188696677,449.22625322724343,True,0.16104957236878298,0.0017469322174691528,0.028610560819068393,v1_Ra20_repeat_20261001,FS 0.05,2,0.036083317307540885,1.657574649351568,0.0021698542958504216,-0.8486891249535056
1790890334.28,2026-10-01T17:32:14,1400,29.42566858080394,v1_Ra20_repeat_20261001,0.1322,0.1322,10.7228,0.1322,1.4176,1,,1400,10.4,,435.73509858936177,436.1933026564202,True,0.15755004464606548,0.0018557145833527694,0.03106723071758248,v1_Ra20_repeat_20261001,FS 0.05,2,0.03968564515854331,1.8044560536974936,0.002362129947704308,-0.10504610324549857
1790890335.335,2026-10-01T17:32:15,1400,29.42566858080394,v1_Ra20_repeat_20261001,0.1443,0.1443,10.216,0.1443,1.4742,1,,1400,10.4,,427.19838995490136,431.2381364899238,True,0.15446340133722067,0.001929807025097808,0.03295324457531423,v1_Ra20_repeat_20261001,FS 0.05,2,0.04331799240830408,1.9311643500486158,0.0025279979170684174,-0.9367785901089554
1790890336.392,2026-10-01T17:32:16,1400,29.42566858080394,v1_Ra20_repeat_20261001,0.1563,0.1563,9.794,0.1563,1.5308,1,,1401,10.3,,422.7028175136411,418.8871832575842,True,0.15283792374516267,0.0020038994668428465,0.03458236521603659,v1_Ra20_repeat_20261001,FS 0.05,2,0.046920320259306494,2.0630407235892125,0.002700631177211591,0.9108978284758207
1790890337.477,2026-10-01T17:32:17,1400,29.42566858080394,v1_Ra20_repeat_20261001,0.1683,0.1683,8.9997,0.1683,1.5146,1,,1400,10.4,,405.3180674754003,412.1307768999486,True,0.14655206760561235,0.0019826927962373763,0.03568398689578992,v1_Ra20_repeat_20261001,FS 0.05,2,0.05052264811030891,2.12784073324334,0.0027854578722712447,-1.6530455395235344
1790890338.534,2026-10-01T17:32:18,1400,29.42566858080394,v1_Ra20_repeat_20261001,0.1803,0.1803,8.6548,0.1803,1.5605,1,,1400,10.4,,403.773749444872,403.429595040825,True,0.145993683910002,0.002042778362952876,0.036906008234021445,v1_Ra20_repeat_20261001,FS 0.05,2,0.05412497596131133,2.2604643790109966,0.0029590693519188547,0.08530717832244683
1790890339.589,2026-10-01T17:32:19,1400,29.42566858080394,v1_Ra20_repeat_20261001,0.1923,0.1923,8.3569,0.1923,1.607,1,,1400,10.4,,395.4596082736316,396.7286936613391,True,0.1429875149854347,0.0021036493619130225,0.03880477118740869,v1_Ra20_repeat_20261001,FS 0.05,2,0.057727303812313745,2.399411660892183,0.0031409588110780993,-0.3198874717115441
1790890340.643,2026-10-01T17:32:20,1400,29.42566858080394,v1_Ra20_repeat_20261001,0.2044,0.2044,7.918,0.2044,1.6184,1,,1400,10.4,,394.0768443852676,402.778130990248,True,0.1424875449048697,0.0021185725745613165,0.03921717759921539,v1_Ra20_repeat_20261001,FS 0.05,2,0.06135965106207452,2.5098247170913592,0.003285495435359533,-2.160317538488965
1790890341.696,2026-10-01T17:32:21,1400,29.42566858080394,v1_Ra20_repeat_20261001,0.2164,0.2164,7.4313,0.2164,1.6081,1,,1400,10.4,,387.4914370378747,389.6529312522375,True,0.14010643944663795,0.002105089321028209,0.0396298404851296,v1_Ra20_repeat_20261001,FS 0.05,2,0.06496197891307694,2.603466968167217,0.00340807817445339,-0.5547229447027124
1790890342.75,2026-10-01T17:32:22,1400,29.42566858080394,v1_Ra20_repeat_20261001,0.2284,0.2284,6.9356,0.2284,1.5841,1,,1401,10.4,,374.1376700196497,375.0004833744583,True,0.13527807791063687,0.002073672031242327,0.040431749950005876,v1_Ra20_repeat_20261001,FS 0.05,2,0.06856430676407935,2.689132855356605,0.00352021942456146,-0.23008326470530527
1790890343.806,2026-10-01T17:32:23,1400,29.42566858080394,v1_Ra20_repeat_20261001,0.2404,0.2404,6.4331,0.2404,1.5465,1,,1400,10.4,,366.1013965667735,368.9077823938078,True,0.13237237844922667,0.002024451610577778,0.04033851634543936,v1_Ra20_repeat_20261001,FS 0.05,2,0.07216663461508177,2.766922378659522,0.0036220500910578504,-0.7607282797950088
1790890344.863,2026-10-01T17:32:24,1400,29.42566858080394,v1_Ra20_repeat_20261001,0.2525,0.2525,6.3815,0.2525,1.6113,1,,1400,10.4,,367.01587165773617,366.10238791027996,True,0.13270302794676614,0.0021092782929996597,0.04192402230110455,v1_Ra20_repeat_20261001,FS 0.05,2,0.07579898186484255,2.9538688616256104,0.0038667730839660615,0.24951592167163916
1790890345.917,2026-10-01T17:32:25,1400,29.42566858080394,v1_Ra20_repeat_20261001,0.2645,0.2645,5.5967,0.2645,1.4803,1,,1401,10.4,,351.0644514208707,360.00025749159477,True,0.12693542515639578,0.0019377922529183864,0.0402656084326503,v1_Ra20_repeat_20261001,FS 0.05,2,0.07940130971584497,2.949753354123199,0.003861385663473594,-2.482166577598277
1790890346.97,2026-10-01T17:32:26,1400,29.42566858080394,v1_Ra20_repeat_20261001,0.2765,0.2765,5.351,0.2765,1.4796,1,,1400,10.4,,352.45923876773304,346.6583301787068,True,0.12743974259486088,0.0019368759152996317,0.0400872999593495,v1_Ra20_repeat_20261001,FS 0.05,2,0.0830036375668474,3.081661482734318,0.004034060492710633,1.6733792567557249
1790890348.037,2026-10-01T17:32:28,1400,29.42566858080394,v1_Ra20_repeat_20261001,0.2885,0.2885,5.0234,0.2885,1.4493,1,,1400,10.4,,344.3585214719633,346.7097777748677,True,0.12451074198016299,0.0018972115869449555,0.04019007713886887,v1_Ra20_repeat_20261001,FS 0.05,2,0.08660596541784979,3.189693247458966,0.004175479878478737,-0.678162674844196
1790890349.094,2026-10-01T17:32:29,1400,29.42566858080394,v1_Ra20_repeat_20261001,0.3005,0.3005,4.5161,0.3005,1.3571,1,,1400,10.4,,338.3255346441729,342.8573180218564,True,0.12232937686373188,0.0017765168320175249,0.0383043816359602,v1_Ra20_repeat_20261001,FS 0.05,2,0.09020829326885221,3.241548648297144,0.004243361384941075,-1.3217694765361832
1790890350.168,2026-10-01T17:32:30,1400,29.42566858080394,v1_Ra20_repeat_20261001,0.3126,0.3126,3.7108,0.3126,1.16,1,,1400,10.4,,323.438618288219,330.324011937671,True,0.1169466699298268,0.001518502339650968,0.034248180065266476,v1_Ra20_repeat_20261001,FS 0.05,2,0.09384064051861299,3.1954998911112864,0.004183081087074916,-2.084436311203197
1790890351.224,2026-10-01T17:32:31,1400,29.42566858080394,v1_Ra20_repeat_20261001,0.3246,0.3246,3.4589,0.3246,1.1228,1,,1400,10.4,,312.06539793718093,308.3503828829521,True,0.11283442058412002,0.001469805540482851,0.034358023276816946,v1_Ra20_repeat_20261001,FS 0.05,2,0.0974429683696154,3.313850261144136,0.004338008081724434,1.2048031267206216
1790890358.569,2026-10-01T17:32:38,1500,31.557793273174738,v1_Ra20_repeat_20261001,0.0069,0.0069,18.6347,0.0069,0.1286,1,,1500,10.9,,589.1883254602817,591.8925573925435,True,0.19864142949891933,0.00013647640745008332,0.002084290349673347,v1_Ra20_repeat_20261001,FS 0.05,2,0.0020713385143263903,0.13160919154573572,0.00013966990396245638,-0.456878853853937
1790890359.623,2026-10-01T17:32:39,1500,31.557793273174738,v1_Ra20_repeat_20261001,0.0138,0.0138,18.0819,0.0138,0.2495,1,,1500,10.9,,581.0812751746198,582.9951100953167,True,0.1959081844766161,0.0002647812104105427,0.004100200092267123,v1_Ra20_repeat_20261001,FS 0.05,2,0.004142677028652781,0.25741076028150717,0.0002731764836875171,-0.3282763247163478
1790890360.679,2026-10-01T17:32:40,1500,31.557793273174738,v1_Ra20_repeat_20261001,0.0277,0.0277,17.4488,0.0277,0.4833,1,,1500,10.9,,575.4413862005549,587.8386250383528,True,0.19400672859296764,0.000512900837640943,0.008020234815314942,v1_Ra20_repeat_20261001,FS 0.05,2,0.008315373456063915,0.5068308296795202,0.0005378728679596111,-2.1089527482119896
1790890361.736,2026-10-01T17:32:41,1500,31.557793273174738,v1_Ra20_repeat_20261001,0.0415,0.0415,16.7268,0.0415,0.6942,1,,1500,10.9,,568.4210659696191,572.3684010455713,True,0.19163986831086027,0.0007367179008697344,0.011662343439639407,v1_Ra20_repeat_20261001,FS 0.05,2,0.012458050484716696,0.7408354589940677,0.0007862096575050068,-0.689649370709744
1790890362.792,2026-10-01T17:32:42,1500,31.557793273174738,v1_Ra20_repeat_20261001,0.0553,0.0553,16.1948,0.0553,0.8956,1,,1500,11.0,,560.5785045237099,564.4737020423008,True,0.18899579416812926,0.0009504531144035351,0.015256293191713639,v1_Ra20_repeat_20261001,FS 0.05,2,0.016600727513369478,0.9729095970687579,0.0010324977183643251,-0.6900582798628041
1790890363.845,2026-10-01T17:32:43,1500,31.557793273174738,v1_Ra20_repeat_20261001,0.0691,0.0691,15.3807,0.0691,1.0628,1,,1501,10.9,,544.715763402246,548.2356043685741,True,0.18364776292586513,0.00112789366903537,0.018631721519667948,v1_Ra20_repeat_20261001,FS 0.05,2,0.020743404542022253,1.1783532439035913,0.0012505242413305905,-0.6420307142185666
1790890364.9,2026-10-01T17:32:44,1500,31.557793273174738,v1_Ra20_repeat_20261001,0.083,0.083,14.7661,0.083,1.2256,1,,1500,11.0,,534.9997823995864,539.9998918820302,True,0.18037207623630808,0.0013006647353874193,0.02187593019704126,v1_Ra20_repeat_20261001,FS 0.05,2,0.02491610096943339,1.387326003380679,0.0014722960256880033,-0.925946385844123
1790890365.956,2026-10-01T17:32:45,1500,31.557793273174738,v1_Ra20_repeat_20261001,0.0968,0.0968,14.1446,0.0968,1.3692,1,,1500,11.0,,523.8882633151661,526.8302333127622,True,0.1766258919698268,0.0014530598528822247,0.024957415159765958,v1_Ra20_repeat_20261001,FS 0.05,2,0.02905877799808617,1.5843635192485523,0.001681401564556869,-0.558428467382488
1790890367.028,2026-10-01T17:32:47,1500,31.557793273174738,v1_Ra20_repeat_20261001,0.1106,0.1106,13.5349,0.1106,1.497,1,,1501,10.9,,510.0595396269455,513.4816958176998,True,0.1719636179177607,0.0015886872624632563,0.028026722133203386,v1_Ra20_repeat_20261001,FS 0.05,2,0.033201455026738956,1.7731705438765688,0.0018817725165208746,-0.66646118423066
1790890368.084,2026-10-01T17:32:48,1500,31.557793273174738,v1_Ra20_repeat_20261001,0.1244,0.1244,12.8133,0.1244,1.594,1,,1500,10.9,,497.7270421897856,502.60380408961964,True,0.16780578787539624,0.0016916282540857918,0.030582181531347886,v1_Ra20_repeat_20261001,FS 0.05,2,0.03734413205539173,1.938747077264728,0.002057490171535297,-0.9702994406633025
1790890369.14,2026-10-01T17:32:49,1500,31.557793273174738,v1_Ra20_repeat_20261001,0.1383,0.1383,12.1006,0.1383,1.6735,1,,1499,11.0,,488.6361862998456,494.31828822008583,True,0.16474085849490383,0.0017759974173228183,0.032704798137997135,v1_Ra20_repeat_20261001,FS 0.05,2,0.041516828482802866,2.0949725268208907,0.002223284013741357,-1.1494824398870729
1790890370.196,2026-10-01T17:32:50,1500,31.557793273174738,v1_Ra20_repeat_20261001,0.1521,0.1521,11.6431,0.1521,1.7709,1,,1500,10.9,,479.9999237060547,483.33377838134766,True,0.16182919260977532,0.0018793629078798799,0.035230941689987055,v1_Ra20_repeat_20261001,FS 0.05,2,0.04565950551145565,2.27614292924209,0.002415550620729935,-0.6897624011418801
1790890371.252,2026-10-01T17:32:51,1500,31.557793273174738,v1_Ra20_repeat_20261001,0.1659,0.1659,11.2784,0.1659,1.8711,1,,1500,11.0,,477.3339421737546,477.3317588585087,True,0.16093037238590194,0.001985699890978623,0.03743226127977862,v1_Ra20_repeat_20261001,FS 0.05,2,0.049802182540108424,2.467682840423432,0.002618821841269108,0.0004573999540902207
1790890372.308,2026-10-01T17:32:52,1500,31.557793273174738,v1_Ra20_repeat_20261001,0.1797,0.1797,10.5943,0.1797,1.9038,1,,1500,11.0,,465.4998870101963,469.1422641697841,True,0.15694058926753846,0.002020402678876117,0.039054683678371775,v1_Ra20_repeat_20261001,FS 0.05,2,0.05394485956876121,2.5992922603649173,0.0027584919876159453,-0.7763907534601544
1790890373.365,2026-10-01T17:32:53,1500,31.557793273174738,v1_Ra20_repeat_20261001,0.1936,0.1936,10.0162,0.1936,1.9391,1,,1500,10.9,,451.5407702550874,452.4761762880644,True,0.15223435394861734,0.0020578647098480293,0.041008569389003095,v1_Ra20_repeat_20261001,FS 0.05,2,0.05811755599617234,2.741870400000155,0.0029098026585205605,-0.20673044946822872
1790890374.418,2026-10-01T17:32:54,1500,31.557793273174738,v1_Ra20_repeat_20261001,0.2074,0.2074,9.6976,0.2074,2.0113,1,,1499,11.1,,449.99969778455124,446.8747371353288,True,0.1517147902959099,0.0021344867675299577,0.042681140269652675,v1_Ra20_repeat_20261001,FS 0.05,2,0.062260233024825126,2.92817368897468,0.003107516527691462,0.6992923048760424
1790890375.473,2026-10-01T17:32:55,1500,31.557793273174738,v1_Ra20_repeat_20261001,0.2212,0.2212,9.1178,0.2212,2.0169,1,,1500,11.0,,441.61954889216304,446.9460951129804,True,0.1488894716609941,0.002140429752613321,0.04361214609189691,v1_Ra20_repeat_20261001,FS 0.05,2,0.06640291005347791,3.0554464867093487,0.0032425844452727112,-1.1917647964842182
1790890376.525,2026-10-01T17:32:56,1500,31.557793273174738,v1_Ra20_repeat_20261001,0.2351,0.2351,8.4923,0.2351,1.9965,1,,1500,11.0,,428.08883425348085,436.4084966547125,True,0.14432766963297516,0.002118780306952499,0.044535547548734324,v1_Ra20_repeat_20261001,FS 0.05,2,0.07057560648088904,3.165252956150763,0.003359116268477545,-1.9063933138346312
1790890377.607,2026-10-01T17:32:57,1500,31.557793273174738,v1_Ra20_repeat_20261001,0.2489,0.2489,7.8413,0.2489,1.9517,1,,1500,11.0,,424.27016471253864,427.8607877724994,True,0.14304022732697874,0.002071236426285596,0.04392805267977009,v1_Ra20_repeat_20261001,FS 0.05,2,0.07471828350954182,3.257319622918472,0.0034568217733481586,-0.8392035827012867
1790890378.664,2026-10-01T17:32:58,1500,31.557793273174738,v1_Ra20_repeat_20261001,0.2627,0.2627,7.703,0.2627,2.0236,1,,1500,11.0,,419.60802128930936,423.52942666539093,True,0.14146841268962018,0.00214754010976663,0.04605240031177139,v1_Ra20_repeat_20261001,FS 0.05,2,0.0788609605381946,3.473655798446323,0.0036864079633756215,-0.9258873478889762
1790890379.718,2026-10-01T17:32:59,1500,31.557793273174738,v1_Ra20_repeat_20261001,0.2765,0.2765,7.2479,0.2765,2.004,1,,1500,11.0,,415.38449565082374,420.04690523017416,True,0.14004447549653562,0.00212673966197486,0.0460700641399386,v1_Ra20_repeat_20261001,FS 0.05,2,0.0830036375668474,3.606061482734318,0.0038269231431391944,-1.1099735580233694
1790890380.775,2026-10-01T17:33:00,1500,31.557793273174738,v1_Ra20_repeat_20261001,0.2904,0.2904,6.8108,0.2904,1.9779,1,,1499,11.0,,409.43402708703616,411.1820642511134,True,0.13803830950406498,0.0020990411064970437,0.046130884262026745,v1_Ra20_repeat_20261001,FS 0.05,2,0.08717633399425852,3.740720642254807,0.003969829817490703,-0.4251248573453603
1790890381.827,2026-10-01T17:33:01,1500,31.557793273174738,v1_Ra20_repeat_20261001,0.3042,0.3042,5.9885,0.3042,1.8217,1,,1501,10.9,,390.0951465896014,398.7926420083795,True,0.13151831801591357,0.001933274272564672,0.04459412977042678,v1_Ra20_repeat_20261001,FS 0.05,2,0.0913190110229113,3.7517201955758424,0.003981503064153304,-2.1809568438816207
1790890382.882,2026-10-01T17:33:02,1500,31.557793273174738,v1_Ra20_repeat_20261001,0.318,0.318,5.8268,0.318,1.8529,1,,1500,10.9,,387.49971251011175,388.39311578375373,True,0.1306432824569227,0.0019663851894576936,0.045661689730509554,v1_Ra20_repeat_20261001,FS 0.05,2,0.09546168805156408,3.9576892576570195,0.004200087182650212,-0.23002551727497877
1790890383.935,2026-10-01T17:33:03,1500,31.557793273174738,v1_Ra20_repeat_20261001,0.3318,0.3318,5.2247,0.3318,1.7336,1,,1500,11.0,,380.4760546915304,383.03584651220035,True,0.12827529692648246,0.001839778382235338,0.04351038746464141,v1_Ra20_repeat_20261001,FS 0.05,2,0.09960436508021685,4.02072782849834,0.004266986698040655,-0.6682904077982665
1790890385.017,2026-10-01T17:33:05,1500,31.557793273174738,v1_Ra20_repeat_20261001,0.3457,0.3457,4.6144,0.3457,1.5952,1,,1500,11.0,,364.55835282235967,372.41409162278387,True,0.12290873598663428,0.0016929017508893695,0.04178490986498991,v1_Ra20_repeat_20261001,FS 0.05,2,0.10377706150762799,4.073639678097904,0.0043231392574876815,-2.109409653698402
1790890386.07,2026-10-01T17:33:06,1500,31.557793273174738,v1_Ra20_repeat_20261001,0.3595,0.3595,4.3363,0.3595,1.5589,1,,1499,11.0,,361.2137835786598,361.0162205411598,True,0.1217811338483746,0.0016543784725811422,0.04121215502817488,v1_Ra20_repeat_20261001,FS 0.05,2,0.10791973853628077,4.234872117972265,0.004494246754831883,0.05472414430682804
1790890393.425,2026-10-01T17:33:13,1600,33.68991796554553,v1_Ra20_repeat_20261001,0.0079,0.0079,20.3301,0.0079,0.1606,1,,1600,11.8,,640.707455765687,639.7058043930201,True,0.2023401885002397,0.00014008194861151794,0.0023936306934351677,v1_Ra20_repeat_20261001,FS 0.05,2,0.0023715325019099255,0.16420230878090097,0.00014322403101207204,0.15658000377489767
1790890394.481,2026-10-01T17:33:14,1600,33.68991796554553,v1_Ra20_repeat_20261001,0.0158,0.0158,19.6669,0.0158,0.3107,1,,1601,11.8,,638.0649538787338,639.7062053331183,True,0.20150566671481837,0.0002710053638455705,0.004649944227595038,v1_Ra20_repeat_20261001,FS 0.05,2,0.004743065003819851,0.3203852573523948,0.0002794532450580705,-0.25656331620698136
1790890395.537,2026-10-01T17:33:15,1600,33.68991796554553,v1_Ra20_repeat_20261001,0.0315,0.0315,19.1008,0.0315,0.6017,1,,1601,11.7,,626.4704527566892,633.5685445289982,True,0.19784403686879592,0.0005248275745924679,0.009171720278618128,v1_Ra20_repeat_20261001,FS 0.05,2,0.009456110608881347,0.6308377719963242,0.0005502427419613546,-1.1203352555303803
1790890396.619,2026-10-01T17:33:16,1600,33.68991796554553,v1_Ra20_repeat_20261001,0.0473,0.0473,18.347,0.0473,0.8678,1,,1600,11.8,,617.6471052823217,622.0591213666921,True,0.1950575579928274,0.0007569309776156617,0.013416851639126419,v1_Ra20_repeat_20261001,FS 0.05,2,0.014199175612701198,0.9264053466661056,0.0008080489798575147,-0.7092599292937041
1790890397.675,2026-10-01T17:33:17,1600,33.68991796554553,v1_Ra20_repeat_20261001,0.063,0.063,17.5135,0.063,1.1034,1,,1600,11.9,,611.2519516902239,617.8728022729615,True,0.19303792083757274,0.0009624310217805036,0.017237889913185464,v1_Ra20_repeat_20261001,FS 0.05,2,0.018912221217762693,1.2011149740874378,0.0010476620552717383,-1.0715555949997402
1790890398.73,2026-10-01T17:33:18,1600,33.68991796554553,v1_Ra20_repeat_20261001,0.0788,0.0788,16.9513,0.0788,1.3358,1,,1600,11.8,,605.5558734472925,608.3327372863437,True,0.19123905688645873,0.001165139893868404,0.021064861127202832,v1_Ra20_repeat_20261001,FS 0.05,2,0.02365528622158254,1.4827648660746058,0.001293328715893071,-0.45647121531520174
1790890399.782,2026-10-01T17:33:19,1600,33.68991796554553,v1_Ra20_repeat_20261001,0.0946,0.0946,16.3827,0.0946,1.5498,1,,1600,11.8,,599.4746541965014,600.0000695080985,True,0.18931856253534204,0.0013517995265138886,0.02468744882644871,v1_Ra20_repeat_20261001,FS 0.05,2,0.028398351225402397,1.7559373172241455,0.0015316010027175554,-0.08756920845489624
1790890400.836,2026-10-01T17:33:20,1600,33.68991796554553,v1_Ra20_repeat_20261001,0.1103,0.1103,15.4998,0.1103,1.7096,1,,1600,11.9,,578.378003808939,583.7839436580452,True,0.18265608314989198,0.001491183682106171,0.02822631105450408,v1_Ra20_repeat_20261001,FS 0.05,2,0.03311139683046389,1.9843638155778958,0.0017308440226671137,-0.9260172205546091
1790890401.892,2026-10-01T17:33:21,1600,33.68991796554553,v1_Ra20_repeat_20261001,0.1261,0.1261,15.0748,0.1261,1.9009,1,,1601,11.8,,573.6844438163189,568.8630507121843,True,0.18117382193208081,0.0016580434378308496,0.03164153756488294,v1_Ra20_repeat_20261001,FS 0.05,2,0.03785446183428374,2.254618584044822,0.001966571386231258,0.8475490011345288
1790890402.948,2026-10-01T17:33:22,1600,33.68991796554553,v1_Ra20_repeat_20261001,0.1418,0.1418,13.9977,0.1418,1.9849,1,,1600,11.8,,554.6464407771282,564.4736396305802,True,0.17516147871841495,0.0017313117048505726,0.03417384012422171,v1_Ra20_repeat_20261001,FS 0.05,2,0.04256750743934524,2.4269021951759755,0.002116844262701252,-1.7409491185245485
1790890404.029,2026-10-01T17:33:24,1600,33.68991796554553,v1_Ra20_repeat_20261001,0.1576,0.1576,13.5824,0.1576,2.1406,1,,1601,11.8,,547.500193108408,547.6536815712734,True,0.17290464045729276,0.0018671196712192733,0.03733555627605632,v1_Ra20_repeat_20261001,FS 0.05,2,0.04731057244316508,2.681339280960288,0.002338774790569885,-0.02802655547298194
1790890405.085,2026-10-01T17:33:25,1600,33.68991796554553,v1_Ra20_repeat_20261001,0.1733,0.1733,12.9271,0.1733,2.2403,1,,1600,11.8,,535.0000965597019,543.7503896937642,True,0.16895701682785685,0.001954082126241492,0.03998744912028079,v1_Ra20_repeat_20261001,FS 0.05,2,0.05202361804822659,2.8889800048688445,0.0025198876001353695,-1.6092481586984064
1790890406.141,2026-10-01T17:33:26,1600,33.68991796554553,v1_Ra20_repeat_20261001,0.1891,0.1891,12.4702,0.1891,2.3581,1,,1600,11.9,,526.4609580357046,534.0575812584007,True,0.1662602932560819,0.002056832148323913,0.042772775330421973,v1_Ra20_repeat_20261001,FS 0.05,2,0.056766683052046435,3.1252994079705436,0.0027260151373781887,-1.4224352371884907
1790890407.198,2026-10-01T17:33:27,1600,33.68991796554553,v1_Ra20_repeat_20261001,0.2049,0.2049,11.5104,0.2049,2.3585,1,,1600,11.8,,519.418147101419,526.8302333127622,True,0.1640361210864107,0.0020571810448335305,0.043360086902271,v1_Ra20_repeat_20261001,FS 0.05,2,0.06150974805586629,3.2541413702346143,0.002838396414693772,-1.406921194468136
1790890408.252,2026-10-01T17:33:28,1600,33.68991796554553,v1_Ra20_repeat_20261001,0.2206,0.2206,10.8788,0.2206,2.3999,1,,1600,11.8,,500.2665409772135,510.7139513225661,True,0.15798790117203018,0.002093291833578966,0.04581029311056451,v1_Ra20_repeat_20261001,FS 0.05,2,0.06622279366092779,3.432998965075589,0.002994403391090367,-2.04564812030249
1790890409.309,2026-10-01T17:33:29,1600,33.68991796554553,v1_Ra20_repeat_20261001,0.2364,0.2364,10.36,0.2364,2.4491,1,,1601,11.8,,496.92536462862336,499.96123490954005,True,0.15693273278573708,0.002136206104261946,0.04706377241391177,v1_Ra20_repeat_20261001,FS 0.05,2,0.07096585866474764,3.6304232446570466,0.0031666049962397794,-0.6072211341477285
1790890410.364,2026-10-01T17:33:30,1600,33.68991796554553,v1_Ra20_repeat_20261001,0.2521,0.2521,9.8266,0.2521,2.4773,1,,1600,11.8,,488.8895034790039,489.9996757507324,True,0.15439494795875605,0.0021608033081899963,0.048388178234448645,v1_Ra20_repeat_20261001,FS 0.05,2,0.07567890426980912,3.815737952275424,0.0033282441329119837,-0.22656591966669914
1790890411.414,2026-10-01T17:33:31,1600,33.68991796554553,v1_Ra20_repeat_20261001,0.2679,0.2679,9.418,0.2679,2.5231,1,,1600,11.9,,478.086325152276,486.203031802836,True,0.15098322374771264,0.002200751958541226,0.0503964011253313,v1_Ra20_repeat_20261001,FS 0.05,2,0.08042196927362899,4.029544549174267,0.0035147350713901114,-1.669406836165399
1790890412.471,2026-10-01T17:33:32,1600,33.68991796554553,v1_Ra20_repeat_20261001,0.2837,0.2837,8.9034,0.2837,2.5259,1,,1599,11.9,,469.5651529838415,475.83204712271936,True,0.1482921740848934,0.00220319423410855,0.05136788386462556,v1_Ra20_repeat_20261001,FS 0.05,2,0.08516503427744883,4.210273705235483,0.0036723745007299015,-1.3170391058720865
1790890413.522,2026-10-01T17:33:33,1600,33.68991796554553,v1_Ra20_repeat_20261001,0.2994,0.2994,8.0611,0.2994,2.4135,1,,1601,11.8,,459.574083341181,470.2097224590034,True,0.14513691984737398,0.0021051543149059686,0.05014910140619798,v1_Ra20_repeat_20261001,FS 0.05,2,0.08987807988251033,4.284505283786279,0.0037371223473793686,-2.2618926427557473
1790890414.607,2026-10-01T17:33:34,1600,33.68991796554553,v1_Ra20_repeat_20261001,0.3152,0.3152,7.5831,0.3152,2.3902,1,,1600,11.8,,447.84583855739584,448.79880233472704,True,0.14143305275643772,0.002084831093220736,0.05096559291969324,v1_Ra20_repeat_20261001,FS 0.05,2,0.09462114488633017,4.4589167571648805,0.003889251233127067,-0.21233652415597604
1790890415.664,2026-10-01T17:33:35,1600,33.68991796554553,v1_Ra20_repeat_20261001,0.3309,0.3309,7.2608,0.3309,2.4026,1,,1600,11.9,,452.0830986394003,446.4302191201,True,0.14277121106254437,0.0020956468850188855,0.05074982905887318,v1_Ra20_repeat_20261001,FS 0.05,2,0.09933419049139168,4.67760544849308,0.004080000535870261,1.2662403388466803
1790890416.719,2026-10-01T17:33:36,1600,33.68991796554553,v1_Ra20_repeat_20261001,0.3467,0.3467,6.7596,0.3467,2.3436,1,,1600,11.9,,441.5225295554137,441.21380875660634,True,0.1394361046580622,0.0020441846498502705,0.05068763195469318,v1_Ra20_repeat_20261001,FS 0.05,2,0.10407725549521153,4.8360992391890685,0.004218245361795044,0.06997079254553729
1790890417.775,2026-10-01T17:33:37,1600,33.68991796554553,v1_Ra20_repeat_20261001,0.3624,0.3624,6.117,0.3624,2.2168,1,,1600,11.9,,432.8067533331705,437.9742839083292,True,0.13668359758503765,0.0019335844563014507,0.048910698614887865,v1_Ra20_repeat_20261001,FS 0.05,2,0.10879030110027302,4.935245043294669,0.004304724424284262,-1.1798707743855386
1790890418.827,2026-10-01T17:33:38,1600,33.68991796554553,v1_Ra20_repeat_20261001,0.3782,0.3782,5.4571,0.3782,2.0639,1,,1600,11.8,,417.30781292812935,421.6950559860152,True,0.13178891672111323,0.0018002187655000738,0.0472284309381864,v1_Ra20_repeat_20261001,FS 0.05,2,0.11353336610409287,5.019621151308044,0.004378320748236749,-1.0403828538201654
1790890419.885,2026-10-01T17:33:39,1600,33.68991796554553,v1_Ra20_repeat_20261001,0.394,0.394,4.9023,0.394,1.9315,1,,1600,11.9,,407.6409274730395,415.3840698896943,True,0.12873604226555446,0.0016847340208166058,0.04524684621158318,v1_Ra20_repeat_20261001,FS 0.05,2,0.11827643110791272,5.134419818483792,0.004478452883952714,-1.864092289025665
1790890420.941,2026-10-01T17:33:40,1600,33.68991796554553,v1_Ra20_repeat_20261001,0.4097,0.4097,4.262,0.4097,1.7461,1,,1600,11.8,,392.72733798691206,404.2312103727113,True,0.12402621958332587,0.0015230204886087888,0.042457005548519215,v1_Ra20_repeat_20261001,FS 0.05,2,0.12298947671297422,5.2044824935218115,0.0045395644408908285,-2.8458644683057477
1790890428.311,2026-10-01T17:33:48,1700,35.82204265791633,v1_Ra20_repeat_20261001,0.0089,0.0089,21.8019,0.0089,0.194,1,,1700,12.7,,693.547744036141,691.9359552500737,True,0.2059910458558352,0.00014076256876589097,0.0026711406006579472,v1_Ra20_repeat_20261001,FS 0.05,2,0.00267172648949346,0.19823517348907685,0.00014383552701069334,0.23293901319014765
1790890429.368,2026-10-01T17:33:49,1700,35.82204265791633,v1_Ra20_repeat_20261001,0.0178,0.0178,21.3063,0.0178,0.3793,1,,1701,12.7,,687.0968724389058,687.6202781922757,True,0.20407506847947895,0.00027521258934485796,0.005271524788096621,v1_Ra20_repeat_20261001,FS 0.05,2,0.00534345297898692,0.3909187443153251,0.00028364292076578194,-0.07611842901810162
1790890430.424,2026-10-01T17:33:50,1700,35.82204265791633,v1_Ra20_repeat_20261001,0.0356,0.0356,20.4206,0.0356,0.727,1,,1699,12.7,,676.5869596312314,684.3750283485747,True,0.20095351275426315,0.0005274968427464059,0.010260822380396372,v1_Ra20_repeat_20261001,FS 0.05,2,0.01068690595797384,0.7628310779793355,0.0005534951653135306,-1.1379825964919044
1790890431.48,2026-10-01T17:33:51,1700,35.82204265791633,v1_Ra20_repeat_20261001,0.0534,0.0534,19.6372,0.0534,1.0486,1,,1701,12.7,,665.6244386711023,675.0006019501143,True,0.19769752760080875,0.0007608434515871818,0.01504360690175544,v1_Ra20_repeat_20261001,FS 0.05,2,0.01603035893696076,1.1212370009920316,0.0008135474250257846,-1.3890599877872223
1790890432.559,2026-10-01T17:33:52,1700,35.82204265791633,v1_Ra20_repeat_20261001,0.0713,0.0713,18.9632,0.0713,1.3521,1,,1700,12.7,,661.8773840705217,665.6249027879312,True,0.19658461258855497,0.0009810570578781504,0.019507546600047297,v1_Ra20_repeat_20261001,FS 0.05,2,0.021403831314706034,1.4744496126921025,0.0010698315206103782,-0.5630075890660446
1790890433.614,2026-10-01T17:33:53,1700,35.82204265791633,v1_Ra20_repeat_20261001,0.0891,0.0891,18.1874,0.0891,1.6205,1,,1700,12.8,,648.484919297789,659.0910038518587,True,0.19260690831535232,0.001175802797346012,0.02386275248093922,v1_Ra20_repeat_20261001,FS 0.05,2,0.02674728429369295,1.804913464904128,0.0013096095655672673,-1.6091988044269367
1790890434.667,2026-10-01T17:33:54,1700,35.82204265791633,v1_Ra20_repeat_20261001,0.1069,0.1069,17.6719,0.1069,1.8891,1,,1699,12.8,,639.6866514257454,645.4547009419457,True,0.18999372931467542,0.0013706936528641476,0.028200645018130414,v1_Ra20_repeat_20261001,FS 0.05,2,0.03209073727267987,2.148170906464839,0.0015586703862997076,-0.8936412590663134
1790890435.72,2026-10-01T17:33:55,1700,35.82204265791633,v1_Ra20_repeat_20261001,0.1247,0.1247,17.1625,0.1247,2.1402,1,,1700,12.7,,632.5234553120481,642.1234586861374,True,0.18786618399163268,0.0015528868539832982,0.032310903857682094,v1_Ra20_repeat_20261001,FS 0.05,2,0.0374341902516668,2.4865219373742358,0.0018041712123584397,-1.4950401272883052
1790890436.777,2026-10-01T17:33:56,1700,35.82204265791633,v1_Ra20_repeat_20261001,0.1425,0.1425,16.3897,0.1425,2.3355,1,,1700,12.7,,623.5293226667181,636.8228922816343,True,0.18519483107309287,0.001694592677075971,0.03576797652447873,v1_Ra20_repeat_20261001,FS 0.05,2,0.04277764323065371,2.781666557632318,0.002018322320115971,-2.087482999753254
1790890437.828,2026-10-01T17:33:57,1700,35.82204265791633,v1_Ra20_repeat_20261001,0.1603,0.1603,15.6705,0.1603,2.512,1,,1700,12.7,,622.8575418458604,627.2195961403213,True,0.1849953050345983,0.001822657591442877,0.038512551283752104,v1_Ra20_repeat_20261001,FS 0.05,2,0.04812109620964063,3.070604767239086,0.002227970178873013,-0.695458866608023
1790890438.88,2026-10-01T17:33:58,1700,35.82204265791633,v1_Ra20_repeat_20261001,0.1782,0.1782,14.7498,0.1782,2.6284,1,,1700,12.7,,599.9999198900241,614.2979680314284,True,0.17820634855258483,0.0019071151327024116,0.04183229082758012,v1_Ra20_repeat_20261001,FS 0.05,2,0.0534945685873859,3.3127745660197117,0.00240368380234662,-2.3275428025952283
1790890439.948,2026-10-01T17:33:59,1700,35.82204265791633,v1_Ra20_repeat_20261001,0.196,0.196,14.0895,0.196,2.7615,1,,1700,12.7,,591.1039466503553,595.8330303369394,True,0.1755641500200359,0.0020036898641598343,0.044612090090635985,v1_Ra20_repeat_20261001,FS 0.05,2,0.05883802156637283,3.5835707048258088,0.002600168132811728,-0.7936927705920915
1790890441.002,2026-10-01T17:34:01,1700,35.82204265791633,v1_Ra20_repeat_20261001,0.2138,0.2138,13.1458,0.2138,2.8106,1,,1700,12.7,,574.6754020813114,587.8370008490492,True,0.17068469780241002,0.0020393158545021295,0.04670332658408676,v1_Ra20_repeat_20261001,FS 0.05,2,0.06418147454535975,3.782960432980592,0.0027448413818869856,-2.2389878059271062
1790890442.057,2026-10-01T17:34:02,1700,35.82204265791633,v1_Ra20_repeat_20261001,0.2316,0.2316,12.784,0.2316,2.9608,1,,1700,12.7,,565.7896163384976,572.3680111666454,True,0.16804552506462414,0.0021482980082579897,0.04997185617042797,v1_Ra20_repeat_20261001,FS 0.05,2,0.06952492752434666,4.09604375048406,0.0029720084541010844,-1.1493295746453747
1790890443.11,2026-10-01T17:34:03,1700,35.82204265791633,v1_Ra20_repeat_20261001,0.2494,0.2494,11.8905,0.2494,2.9655,1,,1699,12.8,,558.9742280816608,562.2267467690563,True,0.16602128236898903,0.0021517082354394314,0.05066143947553139,v1_Ra20_repeat_20261001,FS 0.05,2,0.0748683805033336,4.276220657336213,0.0031027412594660424,-0.5785065733863837
1790890444.165,2026-10-01T17:34:04,1700,35.82204265791633,v1_Ra20_repeat_20261001,0.2672,0.2672,11.4173,0.2672,3.0507,1,,1700,12.7,,553.8463203768515,557.6926176399184,True,0.1644982393193229,0.002213527672856204,0.05259949921415837,v1_Ra20_repeat_20261001,FS 0.05,2,0.0802118334823205,4.549491153537053,0.0033010209347916087,-0.6896805052474697
1790890445.238,2026-10-01T17:34:05,1700,35.82204265791633,v1_Ra20_repeat_20261001,0.2851,0.2851,10.6551,0.2851,3.0378,1,,1700,12.8,,537.4992758023836,545.4313851106463,True,0.15964299346566307,0.0022041676876135233,0.053970032097566845,v1_Ra20_repeat_20261001,FS 0.05,2,0.08558530586006578,4.738418139398234,0.0034381026246834484,-1.4542817895698334
1790890446.293,2026-10-01T17:34:06,1700,35.82204265791633,v1_Ra20_repeat_20261001,0.3029,0.3029,10.1058,0.3029,3.061,1,,1700,12.8,,524.3896527224933,530.4885920824063,True,0.1557492961791765,0.002221001149445321,0.05574174985433247,v1_Ra20_repeat_20261001,FS 0.05,2,0.0909287588390527,4.974946564798403,0.003609722979041589,-1.1496834146747403
1790890447.355,2026-10-01T17:34:07,1700,35.82204265791633,v1_Ra20_repeat_20261001,0.3207,0.3207,9.5727,0.3207,3.07,1,,1700,12.7,,517.0727571516636,526.8302333127622,True,0.15357610048498851,0.002227531371707656,0.0566967416326834,v1_Ra20_repeat_20261001,FS 0.05,2,0.09627221181803962,5.209868579547257,0.0037801777535555435,-1.8521101379741611
1790890448.411,2026-10-01T17:34:08,1700,35.82204265791633,v1_Ra20_repeat_20261001,0.3385,0.3385,8.8518,0.3385,2.9963,1,,1700,12.7,,509.5096361581909,519.5124402064039,True,0.15132977322521954,0.0021740561071816452,0.05615704852006219,v1_Ra20_repeat_20261001,FS 0.05,2,0.10161566479702655,5.374684183644797,0.0038997647010064296,-1.9254214671430847
1790890449.464,2026-10-01T17:34:09,1700,35.82204265791633,v1_Ra20_repeat_20261001,0.3563,0.3563,8.4507,0.3563,3.011,1,,1701,12.7,,504.3954767483683,505.81383149606154,True,0.14981081356517928,0.0021847221368767925,0.057004738036788564,v1_Ra20_repeat_20261001,FS 0.05,2,0.10695911777601345,5.640493377091022,0.00409263060240375,-0.2804104315412115
1790890450.536,2026-10-01T17:34:10,1700,35.82204265791633,v1_Ra20_repeat_20261001,0.3741,0.3741,7.5281,0.3741,2.8163,1,,1700,12.6,,485.4355126956307,495.34869098665695,True,0.14417950287576128,0.002043451661934942,0.05540114653837594,v1_Ra20_repeat_20261001,FS 0.05,2,0.11230257075500037,5.709496159885933,0.004142697658889351,-2.0012525462176467
1790890451.589,2026-10-01T17:34:11,1700,35.82204265791633,v1_Ra20_repeat_20261001,0.392,0.392,7.2232,0.392,2.8315,1,,1700,12.7,,476.1478195768632,482.491616768948,True,0.141420959378829,0.0020544804817557746,0.056786636775761394,v1_Ra20_repeat_20261001,FS 0.05,2,0.11767604313274566,6.0025803328276695,0.0043553537467651525,-1.3147994641993344
1790890452.643,2026-10-01T17:34:12,1700,35.82204265791633,v1_Ra20_repeat_20261001,0.4098,0.4098,6.445,0.4098,2.6412,1,,1700,12.7,,473.83547198510314,481.8800166968913,True,0.140734167585611,0.0019164025599199548,0.053228607043695066,v1_Ra20_repeat_20261001,FS 0.05,2,0.12301949611173257,6.10124104482191,0.004426940010974332,-1.669408241273529
1790890453.699,2026-10-01T17:34:13,1700,35.82204265791633,v1_Ra20_repeat_20261001,0.4276,0.4276,6.0158,0.4276,2.5724,1,,1700,12.7,,463.04293514967867,468.9048393592884,True,0.13752866952252327,0.0018664826386256596,0.05305039483786742,v1_Ra20_repeat_20261001,FS 0.05,2,0.1283629490907195,6.333995346164836,0.004595821935450315,-1.2501266179337
1790890454.755,2026-10-01T17:34:14,1700,35.82204265791633,v1_Ra20_repeat_20261001,0.4454,0.4454,5.6265,0.4454,2.506,1,,1699,12.8,,457.8549601585564,459.66148195468577,True,0.13598778585087293,0.0018183041099346534,0.0522666331604449,v1_Ra20_repeat_20261001,FS 0.05,2,0.1337064020697064,6.581743236856448,0.004775582912254863,-0.3930113501020793
1790890455.808,2026-10-01T17:34:15,1700,35.82204265791633,v1_Ra20_repeat_20261001,0.4632,0.4632,5.0846,0.4632,2.3552,1,,1700,12.7,,456.1627466412574,456.38196180448176,True,0.13548518046395147,0.0017088866080279712,0.04930368269614364,v1_Ra20_repeat_20261001,FS 0.05,2,0.13904985504869333,6.757684716896745,0.004903242575569013,-0.04803326633630034
1790890456.862,2026-10-01T17:34:16,1700,35.82204265791633,v1_Ra20_repeat_20261001,0.481,0.481,4.2624,0.481,2.0502,1,,1700,12.7,,,,False,,0.0014875846313599467,,v1_Ra20_repeat_20261001,FS 0.05,2,0.14439330802768024,6.792019786285727,0.004928155423847096,
1790890464.206,2026-10-01T17:34:24,1800,37.95416735028712,v1_Ra20_repeat_20261001,0.01,0.01,23.6495,0.01,0.2365,1,,1800,13.6,,750.7749480190796,748.8377045213383,True,0.21046148495004086,0.0001442743858908201,0.00300810335831371,v1_Ra20_repeat_20261001,FS 0.05,2,0.003001939875835348,0.24147723299939755,0.00014731069555011652,0.2587000475596568
1790890465.261,2026-10-01T17:34:25,1800,37.95416735028712,v1_Ra20_repeat_20261001,0.02,0.02,23.1343,0.02,0.4627,1,,1799,13.7,,744.8276270303268,744.8274790453752,True,0.20879429825172327,0.00028226536300922817,0.005932190710666663,v1_Ra20_repeat_20261001,FS 0.05,2,0.006003879751670696,0.47662921329985736,0.000290762735925842,1.986835282963284e-05
1790890466.317,2026-10-01T17:34:26,1800,37.95416735028712,v1_Ra20_repeat_20261001,0.04,0.04,22.2289,0.04,0.8892,1,,1800,13.6,,735.9198540677426,742.6716752228231,True,0.2062972208915239,0.0005424472893620179,0.011538259875588529,v1_Ra20_repeat_20261001,FS 0.05,2,0.012007759503341393,0.9329574158039634,0.000569141049587329,-0.909125981283021
1790890467.373,2026-10-01T17:34:27,1800,37.95416735028712,v1_Ra20_repeat_20261001,0.06,0.06,21.4598,0.06,1.2876,1,,1800,13.6,,723.3328755679395,735.0006008170567,True,0.20276876780036474,0.000785487100520169,0.016998638799395463,v1_Ra20_repeat_20261001,FS 0.05,2,0.018011639255012087,1.3770846075123182,0.000840076262446261,-1.5874443144872075
1790890468.429,2026-10-01T17:34:28,1800,37.95416735028712,v1_Ra20_repeat_20261001,0.08,0.08,20.6371,0.08,1.651,1,,1800,13.6,,723.332855759736,728.9522439764141,True,0.20276876224761695,0.0010071755226458519,0.021796173832203176,v1_Ra20_repeat_20261001,FS 0.05,2,0.024015519006682785,1.802110788424922,0.0010993591006648086,-0.7708856462289582
1790890469.483,2026-10-01T17:34:29,1800,37.95416735028712,v1_Ra20_repeat_20261001,0.1,0.1,19.9287,0.1,1.9929,1,,1800,13.6,,712.9029342453578,716.5100916612118,True,0.19984498758568908,0.001215748091508733,0.02669478866069657,v1_Ra20_repeat_20261001,FS 0.05,2,0.030019398758353483,2.221535958541774,0.0013552251000126378,-0.503434279270365
1790890470.537,2026-10-01T17:34:30,1800,37.95416735028712,v1_Ra20_repeat_20261001,0.12,0.12,19.0199,0.12,2.2824,1,,1800,13.6,,696.7738189536703,709.160375819124,True,0.19532358265046112,0.0013923545807915762,0.03128032933198618,v1_Ra20_repeat_20261001,FS 0.05,2,0.036023278510024175,2.6044601178628755,0.0015888240341725129,-1.7466510098151589
1790890471.619,2026-10-01T17:34:31,1800,37.95416735028712,v1_Ra20_repeat_20261001,0.14,0.14,18.3524,0.14,2.5693,1,,1800,13.6,,686.0721345433831,693.471371578562,True,0.1923236258746012,0.0015673749668891506,0.03576155695856928,v1_Ra20_repeat_20261001,FS 0.05,2,0.04202715826169488,3.0006832663882257,0.0018305358795392026,-1.0669852193517126
1790890472.674,2026-10-01T17:34:32,1800,37.95416735028712,v1_Ra20_repeat_20261001,0.16,0.16,17.3344,0.16,2.7735,1,,1800,13.7,,687.4999349379323,688.3427974755477,True,0.19272387496661195,0.0016919450709014356,0.038523602307414584,v1_Ra20_repeat_20261001,FS 0.05,2,0.04803103801336557,3.330105404117824,0.002031496457212687,-0.12244807975133609
1790890473.729,2026-10-01T17:34:33,1800,37.95416735028712,v1_Ra20_repeat_20261001,0.18,0.18,16.6447,0.18,2.996,1,,1799,13.7,,665.6244525674538,670.313170274494,True,0.1865916158710776,0.0018276789011792685,0.042981733107678805,v1_Ra20_repeat_20261001,FS 0.05,2,0.054034917765036265,3.6937265310516714,0.0022533197755438016,-0.6994816624474542
1790890474.786,2026-10-01T17:34:34,1800,37.95416735028712,v1_Ra20_repeat_20261001,0.2,0.2,15.9468,0.2,3.1894,1,,1800,13.7,,660.6062681553794,663.8732418650306,True,0.1851848899994899,0.0019456605765758208,0.046103901821703375,v1_Ra20_repeat_20261001,FS 0.05,2,0.06003879751670697,4.044146647189768,0.0024670899533857206,-0.49210805672378344
1790890475.841,2026-10-01T17:34:35,1800,37.95416735028712,v1_Ra20_repeat_20261001,0.22,0.22,15.0954,0.22,3.321,1,,1799,13.7,,642.4241636083934,652.4410991998366,True,0.18008797949045904,0.002025941799337901,0.04936491457974282,v1_Ra20_repeat_20261001,FS 0.05,2,0.06604267726837766,4.3486657525321135,0.0026528586929852505,-1.5353011335012545
1790890476.897,2026-10-01T17:34:36,1800,37.95416735028712,v1_Ra20_repeat_20261001,0.24,0.24,14.6292,0.24,3.511,1,,1800,13.6,,643.6232144497808,640.9090608143515,True,0.1804241042123545,0.0021418493397998705,0.05209193757935014,v1_Ra20_repeat_20261001,FS 0.05,2,0.07204655702004835,4.727483847078706,0.002883952764676753,0.42348498427853265
1790890477.952,2026-10-01T17:34:37,1800,37.95416735028712,v1_Ra20_repeat_20261001,0.26,0.26,13.8441,0.26,3.5995,1,,1800,13.6,,626.4702838202538,635.295277160958,True,0.17561569756391693,0.0021958378520676824,0.054867236239762036,v1_Ra20_repeat_20261001,FS 0.05,2,0.07805043677171906,5.020700930829549,0.003062826822566182,-1.3891167867864151
1790890479.008,2026-10-01T17:34:39,1800,37.95416735028712,v1_Ra20_repeat_20261001,0.28,0.28,13.0572,0.28,3.656,1,,1800,13.6,,614.2851535467344,624.7370870287114,True,0.1721998928431534,0.0022303050943629525,0.05683391193009203,v1_Ra20_repeat_20261001,FS 0.05,2,0.08405431652338977,5.297817003784641,0.003231878624875153,-1.6730131280803362
1790890480.064,2026-10-01T17:34:40,1800,37.95416735028712,v1_Ra20_repeat_20261001,0.3,0.3,12.0549,0.3,3.6165,1,,1800,13.7,,604.9960455110522,617.1442846648915,True,0.1695959174758222,0.0022062085267405955,0.05708306915020897,v1_Ra20_repeat_20261001,FS 0.05,2,0.09005819627506044,5.494832065943981,0.0033520656316585796,-1.96846012443197
1790890481.121,2026-10-01T17:34:41,1800,37.95416735028712,v1_Ra20_repeat_20261001,0.32,0.32,11.7241,0.32,3.7517,1,,1800,13.6,,592.5161099619345,595.8332010913409,True,0.16609747127076668,0.002288685892374587,0.06046434079602229,v1_Ra20_repeat_20261001,FS 0.05,2,0.09606207602673114,5.88244611730757,0.0035885255860904387,-0.5567147187049648
1790890482.2,2026-10-01T17:34:42,1800,37.95416735028712,v1_Ra20_repeat_20261001,0.34,0.34,10.9867,0.34,3.7355,1,,1799,13.6,,583.7839346374494,590.0635731658895,True,0.16364961843486125,0.0022788032494509875,0.06110376678546269,v1_Ra20_repeat_20261001,FS 0.05,2,0.10206595577840184,6.134559157875407,0.00374232454635679,-1.0642308412206591
1790890483.256,2026-10-01T17:34:43,1800,37.95416735028712,v1_Ra20_repeat_20261001,0.36,0.36,10.1832,0.36,3.666,1,,1800,13.7,,569.4507635220361,579.7298425821737,True,0.15963166274127805,0.002236405491229372,0.06147629176220887,v1_Ra20_repeat_20261001,FS 0.05,2,0.10806983553007253,6.349271187647493,0.0038733074057172093,-1.7730808913257734
1790890484.312,2026-10-01T17:34:44,1800,37.95416735028712,v1_Ra20_repeat_20261001,0.38,0.38,9.4834,0.38,3.6037,1,,1800,13.6,,565.7890741093979,568.4211596232672,True,0.15860519722955174,0.002198400018751579,0.06082266639627955,v1_Ra20_repeat_20261001,FS 0.05,2,0.11407371528174323,6.587082206623829,0.004018381565213535,-0.46305199398518626
1790890485.367,2026-10-01T17:34:45,1800,37.95416735028712,v1_Ra20_repeat_20261001,0.4,0.4,8.8599,0.4,3.544,1,,1799,13.7,,548.7994091139626,558.6309342131926,True,0.15384255812821063,0.0021619806494590547,0.06166680673672685,v1_Ra20_repeat_20261001,FS 0.05,2,0.12007759503341393,6.843392214804413,0.004174740842287214,-1.7599320941790175
1790890486.42,2026-10-01T17:34:46,1800,37.95416735028712,v1_Ra20_repeat_20261001,0.42,0.42,8.5039,0.42,3.5716,1,,1800,13.6,,543.778153439871,547.4998551604813,True,0.15243497130306216,0.0021788177448103727,0.06272092298866537,v1_Ra20_repeat_20261001,FS 0.05,2,0.12608147478508464,7.2029012121892455,0.0043940555983968165,-0.6797630511736763
1790890487.473,2026-10-01T17:34:47,1800,37.95416735028712,v1_Ra20_repeat_20261001,0.44,0.44,7.9802,0.44,3.5113,1,,1800,13.7,,538.4515112242752,546.1536840678718,True,0.15094177679324303,0.002142032351705863,0.06227198624529119,v1_Ra20_repeat_20261001,FS 0.05,2,0.13208535453675532,7.490409198778327,0.004569446880442676,-1.4102574180639316
1790890488.528,2026-10-01T17:34:48,1800,37.95416735028712,v1_Ra20_repeat_20261001,0.46,0.46,7.0362,0.46,3.2367,1,,1799,13.7,,526.8296052838195,539.7192486059112,True,0.14768385830697534,0.001974515453753985,0.05866832074040532,v1_Ra20_repeat_20261001,FS 0.05,2,0.13808923428842604,7.5795161745716575,0.004623805672033251,-2.3882126411806537
1790890489.608,2026-10-01T17:34:49,1800,37.95416735028712,v1_Ra20_repeat_20261001,0.48,0.48,6.3894,0.48,3.0669,1,,1801,13.6,,514.2854519112461,521.34292358528,True,0.1441674101979932,0.0018709307149621826,0.056946463465519626,v1_Ra20_repeat_20261001,FS 0.05,2,0.1440931140400967,7.789322139569236,0.004751795637175984,-1.3537100734962615
1790890490.66,2026-10-01T17:34:50,1800,37.95416735028712,v1_Ra20_repeat_20261001,0.5,0.5,5.8182,0.5,2.9091,1,,1800,13.7,,495.3489138516943,509.0673199786579,True,0.13885901261448064,0.0017746664524100836,0.056081396203959695,v1_Ra20_repeat_20261001,FS 0.05,2,0.1500969937917674,8.027027093771064,0.004896805092950506,-2.694811783938267
1790890491.716,2026-10-01T17:34:51,1800,37.95416735028712,v1_Ra20_repeat_20261001,0.52,0.52,5.1171,0.52,2.6609,1,,1800,13.7,,499.51811797495793,502.3260580957867,True,0.14002774752386604,0.0016232546021855525,0.05086847177316461,v1_Ra20_repeat_20261001,FS 0.05,2,0.15610087354343813,8.190231037177142,0.00499636597544468,-0.558987549137524
1790890953.911,2026-10-01T17:42:33,500,10.236546349466778,v1_Ra40_20261001,0.001,0.001,2.9743,0.001,0.003,1,,500,4.5,,106.09387987227379,102.85722343293493,True,0.11027046365521319,9.328189863655734e-05,0.00027002396171230895,v1_Ra40_20261001,FS 0.10,1,0.00030019398758353484,0.003318859671391958,0.00010319651048524753,3.1467468509386975
1790890954.967,2026-10-01T17:42:34,500,10.236546349466778,v1_Ra40_20261001,0.002,0.002,3.1039,0.002,0.0062,1,,500,4.5,,110.20401345995339,109.9729302282725,True,0.11454240033001416,0.0001927825905155518,0.0005372366846848058,v1_Ra40_20261001,FS 0.10,1,0.0006003879751670697,0.006877466815794538,0.00021384772079574427,0.21012737516517
1790890956.024,2026-10-01T17:42:36,500,10.236546349466778,v1_Ra40_20261001,0.004,0.004,2.9801,0.004,0.0119,1,,500,4.5,,109.28219934711407,109.72866960719792,True,0.11358429728251429,0.0003700181979250108,0.0010398457392559258,v1_Ra40_20261001,FS 0.10,1,0.0012007759503341394,0.013413923523631565,0.00041709208481664387,-0.4068856951260802
1790890957.078,2026-10-01T17:42:37,500,10.236546349466778,v1_Ra40_20261001,0.006,0.006,2.8727,0.006,0.0172,1,,501,4.5,,108.54265158059917,108.68409275732773,True,0.11281563583656705,0.0005348162188495954,0.0015132106953262743,v1_Ra40_20261001,FS 0.10,1,0.001801163925501209,0.019709370123511077,0.0006128424886839173,-0.13013972251153527
1790890958.13,2026-10-01T17:42:38,500,10.236546349466778,v1_Ra40_20261001,0.008,0.008,2.7686,0.008,0.0221,1,,500,4.5,,105.21249253928886,107.2413363593391,True,0.10935437886328093,0.0006871766532893057,0.00200584027092644,v1_Ra40_20261001,FS 0.10,1,0.0024015519006682787,0.02576380661543308,0.0008010989323975646,-1.8918486927951839
1790890959.186,2026-10-01T17:42:39,500,10.236546349466778,v1_Ra40_20261001,0.01,0.01,2.6285,0.01,0.0263,1,,501,4.4,,99.61710093460923,102.51218202659658,True,0.10353871421492115,0.000817771311380486,0.002521118340553483,v1_Ra40_20261001,FS 0.10,1,0.003001939875835348,0.03127723299939757,0.00097253322609393,-2.8241337124559784
1790890960.267,2026-10-01T17:42:40,500,10.236546349466778,v1_Ra40_20261001,0.012,0.012,2.3511,0.012,0.0282,1,,500,4.5,,93.50641147351126,97.06008760582776,True,0.09718746604735938,0.000876849847183639,0.0028799112217858143,v1_Ra40_20261001,FS 0.10,1,0.003602327851002418,0.034649649275404544,0.0010773950238335164,-3.661315603534576
1790890961.323,2026-10-01T17:42:41,500,10.236546349466778,v1_Ra40_20261001,0.014,0.014,2.0844,0.014,0.0292,1,,500,4.4,,90.04388878268728,90.75635616141966,True,0.09358863468221824,0.0009079438133958247,0.00309670610706246,v1_Ra40_20261001,FS 0.10,1,0.004202715826169488,0.037281055443454,0.0011592158783133835,-0.7850330366560576
1790890962.38,2026-10-01T17:42:42,500,10.236546349466778,v1_Ra40_20261001,0.016,0.016,2.0611,0.016,0.033,1,,500,4.5,,86.86686171799565,88.72285339530599,True,0.09028653801188746,0.0010261008850021307,0.003627698538770511,v1_Ra40_20261001,FS 0.10,1,0.004803103801336557,0.04287145150354596,0.0013330434645186192,-2.0918980919616526
1790890963.436,2026-10-01T17:42:43,500,10.236546349466778,v1_Ra40_20261001,0.018,0.018,1.7027,0.018,0.0306,1,,500,4.5,,80.14937914087028,83.07695812022864,True,0.0833046091836911,0.0009514753660928848,0.0036457983661125452,v1_Ra40_20261001,FS 0.10,1,0.005403491776503627,0.04242083745568039,0.001319032086539551,-3.523936173880582
1790890964.491,2026-10-01T17:42:44,500,10.236546349466778,v1_Ra40_20261001,0.02,0.02,1.6142,0.02,0.0323,1,,500,4.6,,75.7894312047739,78.01214001407395,True,0.07877302375195139,0.0010043351086536007,0.00406972680503063,v1_Ra40_20261001,FS 0.10,1,0.006003879751670696,0.04622921329985733,0.0014374495963616932,-2.84918322827582
1790890965.546,2026-10-01T17:42:45,500,10.236546349466778,v1_Ra40_20261001,0.022,0.022,1.3919,0.022,0.0306,1,,500,4.5,,71.06329890275376,72.27251676552235,True,0.07386083842262743,0.0009514753660928848,0.004111946391858211,v1_Ra40_20261001,FS 0.10,1,0.006604267726837766,0.04679657903607674,0.0014550912473936513,-1.6731365073278548
1790890966.603,2026-10-01T17:42:46,500,10.236546349466778,v1_Ra40_20261001,0.024,0.024,1.126,0.024,0.027,1,,499,4.5,,66.53872008372375,67.9245726075294,True,0.0691581411056884,0.000839537087729016,0.003874901823847065,v1_Ra40_20261001,FS 0.10,1,0.007204655702004836,0.045622934664338644,0.0014185979889537051,-2.040281551439649
1790890967.677,2026-10-01T17:42:47,500,10.236546349466778,v1_Ra40_20261001,0.026,0.026,0.8527,0.026,0.0222,1,,500,4.5,,61.0418749207966,65.25677102565304,True,0.06344490236386255,0.0006902860499105243,0.003472933694672268,v1_Ra40_20261001,FS 0.10,1,0.007805043677171905,0.04340828018464303,0.0013497355973903838,-6.458940641116795
1790890968.733,2026-10-01T17:42:48,500,10.236546349466778,v1_Ra40_20261001,0.028,0.028,0.587,0.028,0.0164,1,,499,4.5,,67.02685375717223,59.83386397036021,True,0.06966549107311054,0.0005099410458798468,0.002336503285232407,v1_Ra40_20261001,FS 0.10,1,0.008405431652338976,0.04035261559698992,0.0012547228659461254,12.02160333548774
1790890985.38,2026-10-01T17:43:05,600,12.368671041837572,v1_Ra40_20261001,0.0011,0.0011,4.6998,0.0011,0.0052,1,,600,4.8,,156.03501692648223,155.92286498207812,True,0.13422127475684653,9.165807249182462e-05,0.00031823845200124225,v1_Ra40_20261001,FS 0.10,1,0.0003302133863418883,0.005552931749546738,9.787904246963643e-05,0.07192783715010975
1790890986.436,2026-10-01T17:43:06,600,12.368671041837572,v1_Ra40_20261001,0.0021,0.0021,4.6339,0.0021,0.0097,1,,600,4.8,,153.77294245775346,153.98322918491942,True,0.1322754389773641,0.00017097755830205747,0.0006023698018585495,v1_Ra40_20261001,FS 0.10,1,0.0006304073739254231,0.01041551364125038,0.00018358959699409916,-0.1365646949210486
1790890987.491,2026-10-01T17:43:07,600,12.368671041837572,v1_Ra40_20261001,0.0042,0.0042,4.4566,0.0042,0.0187,1,,600,4.8,,150.72941206479555,153.23211289093592,True,0.12965739504626053,0.0003296165299225232,0.0011847179903570653,v1_Ra40_20261001,FS 0.10,1,0.0012608147478508462,0.020306313638477604,0.000357930301445636,-1.6332743697932806
1790890988.567,2026-10-01T17:43:08,600,12.368671041837572,v1_Ra40_20261001,0.0064,0.0064,4.1879,0.0064,0.0268,1,,600,4.9,,147.37990935290384,150.00002853898877,True,0.12677615381818774,0.00047239160438094233,0.001736472424331324,v1_Ra40_20261001,FS 0.10,1,0.001921241520534623,0.029527538230532082,0.0005204686999306217,-1.746745791720905
1790890989.622,2026-10-01T17:43:09,600,12.368671041837572,v1_Ra40_20261001,0.0085,0.0085,4.0996,0.0085,0.0348,1,,600,4.8,,144.96640506550733,144.96646266999278,True,0.12470005815410931,0.0006134040235991339,0.0022923622961175793,v1_Ra40_20261001,FS 0.10,1,0.002551648894460046,0.03877725790904521,0.000683509368550278,-3.973642205279404e-05
1790890990.678,2026-10-01T17:43:10,600,12.368671041837572,v1_Ra40_20261001,0.0106,0.0106,3.7505,0.0106,0.0398,1,,600,4.8,,139.40520483846655,142.58077595934893,True,0.11991631538691258,0.000701536785610504,0.0027263114353860505,v1_Ra40_20261001,FS 0.10,1,0.003182056268385469,0.0452022639435352,0.0007967600741021423,-2.2272084714897056
1790890991.732,2026-10-01T17:43:11,600,12.368671041837572,v1_Ra40_20261001,0.0127,0.0127,3.6532,0.0127,0.0464,1,,600,4.9,,133.81800076859776,136.09791654182501,True,0.11511020412191517,0.000817872031465512,0.003311119274110491,v1_Ra40_20261001,FS 0.10,1,0.0038124636423108923,0.05340255633400202,0.000941302957636674,-1.6752025535428428
1790890992.784,2026-10-01T17:43:12,600,12.368671041837572,v1_Ra40_20261001,0.0149,0.0149,3.4681,0.0149,0.0517,1,,600,4.8,,133.8866329585329,133.33335099396848,True,0.11516924151111088,0.0009112927591975642,0.0036874378163200706,v1_Ra40_20261001,FS 0.10,1,0.004472890414994669,0.06056705867135513,0.001067588433522243,0.4149614184597139
1790890993.858,2026-10-01T17:43:13,600,12.368671041837572,v1_Ra40_20261001,0.017,0.017,3.4085,0.017,0.0579,1,,600,4.9,,129.90712192042793,131.7075200341634,True,0.11174606730980285,0.0010205773840916627,0.0042561505799498444,v1_Ra40_20261001,FS 0.10,1,0.005103297788920092,0.06872627074310786,0.0012114072126662588,-1.3669668317104922
1790890994.915,2026-10-01T17:43:14,600,12.368671041837572,v1_Ra40_20261001,0.0191,0.0191,3.1996,0.0191,0.0611,1,,600,4.8,,123.3727645358016,127.4464460027751,True,0.10612521504755333,0.0010769823517789393,0.0047292611426047225,v1_Ra40_20261001,FS 0.10,1,0.005733705162845515,0.07406076917083745,0.0013054360287424827,-3.1963868705172094
1790890995.971,2026-10-01T17:43:15,600,12.368671041837572,v1_Ra40_20261001,0.0212,0.0212,2.9411,0.0212,0.0624,1,,600,4.8,,117.7925452774943,120.5033945573021,True,0.101325112115366,0.0010998968699018955,0.005058691155134632,v1_Ra40_20261001,FS 0.10,1,0.006364112536770938,0.07767055395454386,0.001369064089393415,-2.2496040794259375
1790890997.023,2026-10-01T17:43:17,600,12.368671041837572,v1_Ra40_20261001,0.0234,0.0234,2.7619,0.0234,0.0646,1,,600,4.8,,116.43663525271819,117.09828230828663,True,0.1001587587187641,0.0011386752851868984,0.005298028048348171,v1_Ra40_20261001,FS 0.10,1,0.007024539309454715,0.08247833403719562,0.0014538086769588852,-0.5650356628003395
1790890998.075,2026-10-01T17:43:18,600,12.368671041837572,v1_Ra40_20261001,0.0255,0.0255,2.4691,0.0255,0.063,1,,600,4.8,,109.67386520316467,112.70238320409405,True,0.0943414259506575,0.00111047280134326,0.005485406060713951,v1_Ra40_20261001,FS 0.10,1,0.007654946683380137,0.08354703850218795,0.0014726462522136165,-2.6871818632663746
1790890999.131,2026-10-01T17:43:19,600,12.368671041837572,v1_Ra40_20261001,0.0276,0.0276,2.4706,0.0276,0.0682,1,,600,4.8,,107.56710776120428,108.27348029279449,True,0.0925291938310133,0.0012021308738350844,0.006054471861210749,v1_Ra40_20261001,FS 0.10,1,0.008285354057305561,0.09159102932315713,0.0016144340779428406,-0.6523966253601743
1790891000.188,2026-10-01T17:43:20,600,12.368671041837572,v1_Ra40_20261001,0.0297,0.0297,2.3798,0.0297,0.0707,1,,600,4.9,,104.16392578995755,106.20952241611405,True,0.0896017777201446,0.0012461972548407695,0.006481469121634334,v1_Ra40_20261001,FS 0.10,1,0.008915761431230984,0.09711030650010316,0.0017117199063249545,-1.9260011528365095
1790891001.269,2026-10-01T17:43:21,600,12.368671041837572,v1_Ra40_20261001,0.0319,0.0319,2.1484,0.0319,0.0685,1,,600,4.8,,97.89133711763611,101.72375584134699,True,0.08420609882570121,0.0012074188395557667,0.006682172655601027,v1_Ra40_20261001,FS 0.10,1,0.009576188203914761,0.09826136432805353,0.0017320090874473695,-3.767476625310695
1790891002.324,2026-10-01T17:43:22,600,12.368671041837572,v1_Ra40_20261001,0.034,0.034,1.6764,0.034,0.057,1,,600,4.8,,94.41115763447385,94.7369193767031,True,0.08121244947817848,0.0010047134869296162,0.005765313327495197,v1_Ra40_20261001,FS 0.10,1,0.010206595577840184,0.09013956118628548,0.0015888496987680415,-0.3438593363310871
1790891003.38,2026-10-01T17:43:23,600,12.368671041837572,v1_Ra40_20261001,0.0361,0.0361,1.6909,0.0361,0.061,1,,600,4.8,,89.91670674153625,92.27830094479543,True,0.07734632416820167,0.001075219696538712,0.006478296557176429,v1_Ra40_20261001,FS 0.10,1,0.010837002951765607,0.09769304440049427,0.0017219915664629896,-2.5592085886713356
1790891004.432,2026-10-01T17:43:24,600,12.368671041837572,v1_Ra40_20261001,0.0382,0.0382,1.6133,0.0382,0.0616,1,,600,4.8,,85.71426625154572,87.4373100810729,True,0.07373138611925029,0.0010857956279800764,0.006862762704417798,v1_Ra40_20261001,FS 0.10,1,0.01146741032569103,0.1020218139706799,0.0017982928501292356,-1.97060480008997
1790891005.606,2026-10-01T17:43:25,600,12.368671041837572,v1_Ra40_20261001,0.0404,0.0404,1.2873,0.0404,0.052,1,,600,4.8,,81.0229429453841,83.39775057190195,True,0.06969591121847082,0.0009165807249182463,0.006128676698172228,v1_Ra40_20261001,FS 0.10,1,0.012127837098374807,0.09651614954392888,0.001701246967601773,-2.8475679622442462
1790891006.661,2026-10-01T17:43:26,600,12.368671041837572,v1_Ra40_20261001,0.0425,0.0425,1.2516,0.0425,0.0532,1,,600,4.8,,85.37544123908276,80.26183962985414,True,0.07343992894516153,0.0009377325878009749,0.005950453326814195,v1_Ra40_20261001,FS 0.10,1,0.01275824447230023,0.10180383879540043,0.001794450699279777,6.371149269455034
1790891016.252,2026-10-01T17:43:36,700,14.500795734208369,v1_Ra40_20261001,0.0015,0.0015,5.8713,0.0015,0.0088,1,,700,5.3,,191.07130540871538,192.85727423070114,True,0.14019288134541064,9.625951326874047e-05,0.00043980340100135046,v1_Ra40_20261001,FS 0.10,1,0.00045029098137530226,0.00929319480946692,0.00010165436466714444,-0.9260572768695963
1790891017.307,2026-10-01T17:43:37,700,14.500795734208369,v1_Ra40_20261001,0.0029,0.0029,5.8157,0.0029,0.0169,1,,700,5.2,,191.4341920684933,191.83233035606264,True,0.14045913862735707,0.00018486201980019476,0.0008430213565894254,v1_Ra40_20261001,FS 0.10,1,0.000870562563992251,0.017934197335180938,0.00019617467117614311,-0.20754493615875447
1790891018.377,2026-10-01T17:43:38,700,14.500795734208369,v1_Ra40_20261001,0.0058,0.0058,5.6937,0.0058,0.033,1,,700,5.3,,190.1976864058554,191.01896382379664,True,0.13955188941338262,0.0003609731747577768,0.0016568381733598806,v1_Ra40_20261001,FS 0.10,1,0.001741125127984502,0.035402670918381215,0.0003872549853428147,-0.42994548891953643
1790891019.435,2026-10-01T17:43:39,700,14.500795734208369,v1_Ra40_20261001,0.0088,0.0088,5.3474,0.0088,0.0471,1,,700,5.3,,185.12252172855028,188.79151315079525,True,0.1358281384404571,0.0005152071676088268,0.002429590224776691,v1_Ra40_20261001,FS 0.10,1,0.0026417070907351066,0.05127009838197378,0.0005608221267601402,-1.9434090870993792
1790891020.49,2026-10-01T17:43:40,700,14.500795734208369,v1_Ra40_20261001,0.0117,0.0117,5.2141,0.0117,0.061,1,,700,5.3,,183.8408184785635,182.09534948994275,True,0.13488772684248818,0.0006672534442492237,0.003168540569700843,v1_Ra40_20261001,FS 0.10,1,0.0035122696547273576,0.06721865122838579,0.0007352766647529136,0.9585467138561787
1790891021.547,2026-10-01T17:43:41,700,14.500795734208369,v1_Ra40_20261001,0.0146,0.0146,5.0571,0.0146,0.0738,1,,700,5.3,,178.72940639528565,182.39196774480746,True,0.13113738041466821,0.0008072672817310281,0.003943044976338609,v1_Ra40_20261001,FS 0.10,1,0.004382832218719608,0.08240148032281715,0.0009013552714202356,-2.008071624429353
1790891022.604,2026-10-01T17:43:42,700,14.500795734208369,v1_Ra40_20261001,0.0175,0.0175,4.7484,0.0175,0.0831,1,,700,5.3,,170.1442060027091,175.28953309373776,True,0.12483824524422227,0.0009089960855264014,0.004663964556298525,v1_Ra40_20261001,FS 0.10,1,0.00525339478271186,0.09441858566526781,0.0010328053522342677,-2.9353304787897105
1790891023.658,2026-10-01T17:43:43,700,14.500795734208369,v1_Ra40_20261001,0.0204,0.0204,4.4171,0.0204,0.0901,1,,700,5.3,,164.34143507087526,166.1632775740216,True,0.12058063484594175,0.0009855661528992631,0.005235390709492871,v1_Ra40_20261001,FS 0.10,1,0.006123957346704111,0.1044699672557378,0.001142753204458929,-1.0964170481860824
1790891024.714,2026-10-01T17:43:44,700,14.500795734208369,v1_Ra40_20261001,0.0234,0.0234,4.3307,0.0234,0.1013,1,,700,5.3,,162.0053427516268,163.63623950119148,True,0.1188665966620095,0.001108078260695842,0.005971060754431977,v1_Ra40_20261001,FS 0.10,1,0.007024539309454715,0.1191783340371956,0.0013036418666590697,-0.9966598808039628
1790891025.787,2026-10-01T17:43:45,700,14.500795734208369,v1_Ra40_20261001,0.0263,0.0263,4.0627,0.0263,0.1068,1,,700,5.3,,155.43315920971565,160.2523450854136,True,0.11404445266974161,0.001168240456488805,0.0065614369579713,v1_Ra40_20261001,FS 0.10,1,0.007895101873446966,0.12840979489087737,0.0014046209494471195,-3.007248270301033
1790891026.84,2026-10-01T17:43:46,700,14.500795734208369,v1_Ra40_20261001,0.0292,0.0292,3.6699,0.0292,0.1072,1,,700,5.3,,150.02279082976315,150.49034153630032,True,0.11007475596042586,0.0011726158889101112,0.006823527200801688,v1_Ra40_20261001,FS 0.10,1,0.008765664437439216,0.13287553199257846,0.001453469776696654,-0.31068485974854454
1790891027.896,2026-10-01T17:43:47,700,14.500795734208369,v1_Ra40_20261001,0.0321,0.0321,3.7174,0.0321,0.1193,1,,700,5.3,,148.50787677800383,150.67443967525662,True,0.10896323288032501,0.0013049727196546295,0.007671182885166152,v1_Ra40_20261001,FS 0.10,1,0.009636227001431467,0.14937554534229885,0.001633956510102541,-1.4379100409613654
1790891028.953,2026-10-01T17:43:48,700,14.500795734208369,v1_Ra40_20261001,0.035,0.035,3.2438,0.035,0.1135,1,,700,5.2,,141.02711552600908,144.01756975505577,True,0.10347444704547192,0.0012415289495456869,0.007685367160869982,v1_Ra40_20261001,FS 0.10,1,0.01050678956542372,0.1483098349400386,0.0016222991504881085,-2.0764509734005676
1790891030.122,2026-10-01T17:43:50,700,14.500795734208369,v1_Ra40_20261001,0.038,0.038,3.0371,0.038,0.1154,1,,700,5.3,,135.13644442250268,137.12412898562576,True,0.09915234251338531,0.001262312253546892,0.008154638304104901,v1_Ra40_20261001,FS 0.10,1,0.011407371528174323,0.15545914103936162,0.001700502414730162,-1.449551277245631
1790891031.178,2026-10-01T17:43:51,700,14.500795734208369,v1_Ra40_20261001,0.0409,0.0409,2.8588,0.0409,0.1169,1,,700,5.3,,128.75667680205538,132.6006900264872,True,0.09447137797445845,0.001278720125126791,0.008669940841691046,v1_Ra40_20261001,FS 0.10,1,0.012277934092166574,0.1623735099003131,0.001776135798947858,-2.8989390806819837
1790891032.258,2026-10-01T17:43:52,700,14.500795734208369,v1_Ra40_20261001,0.0438,0.0438,2.732,0.0438,0.1197,1,,700,5.3,,124.491317967329,125.58158967313062,True,0.09134179792719135,0.0013093481520759357,0.00918177122669687,v1_Ra40_20261001,FS 0.10,1,0.013148496656158824,0.1709221550092839,0.0018696458463679409,-0.8681779778703547
1790891033.315,2026-10-01T17:43:53,700,14.500795734208369,v1_Ra40_20261001,0.0467,0.0467,2.5543,0.0467,0.1193,1,,700,5.2,,119.1810210873399,121.2722081431778,True,0.08744552570142333,0.0013049727196546295,0.009558829688301794,v1_Ra40_20261001,FS 0.10,1,0.014019059220151077,0.17660507636627404,0.0019318089422507136,-1.724374518990357
1790891034.371,2026-10-01T17:43:54,700,14.500795734208369,v1_Ra40_20261001,0.0496,0.0496,2.2619,0.0496,0.1122,1,,700,5.3,,116.16636784282264,117.4025858911051,True,0.08523361364219433,0.0012273087941764408,0.009223246769188178,v1_Ra40_20261001,FS 0.10,1,0.014889621784143327,0.17592227397128352,0.0019243400529097457,-1.052973440831284
1790891035.422,2026-10-01T17:43:55,700,14.500795734208369,v1_Ra40_20261001,0.0525,0.0525,2.0846,0.0525,0.1094,1,,700,5.3,,111.15791147309437,113.88866308642633,True,0.08155880790376578,0.0011966807672272963,0.00939827883243441,v1_Ra40_20261001,FS 0.10,1,0.01576018434813558,0.1798737478243123,0.0019675635699309625,-2.3977378777900737
1790891036.609,2026-10-01T17:43:56,700,14.500795734208369,v1_Ra40_20261001,0.0555,0.0555,1.8821,0.0555,0.1045,1,,700,5.3,,109.6446994397354,109.64472250448978,True,0.08044853362898989,0.001143081720066293,0.009101228771525484,v1_Ra40_20261001,FS 0.10,1,0.016660766310886182,0.182309796256693,0.0019942104831582397,-2.103590017732415e-05
1790891037.665,2026-10-01T17:43:57,700,14.500795734208369,v1_Ra40_20261001,0.0584,0.0584,1.5964,0.0584,0.0932,1,,700,5.2,,103.96289732300374,107.72061627376814,True,0.07627968049703904,0.0010194757541643878,0.008560692946106946,v1_Ra40_20261001,FS 0.10,1,0.017531328874878432,0.17844134937293354,0.001951895163369983,-3.488393476337237
1790891038.721,2026-10-01T17:43:58,700,14.500795734208369,v1_Ra40_20261001,0.0613,0.0613,1.6486,0.0613,0.1011,1,,700,5.3,,97.05137043195862,99.90098682149977,True,0.07120855342602617,0.0011058905444851887,0.009947658446227603,v1_Ra40_20261001,FS 0.10,1,0.018401891438870686,0.1941071787371934,0.0021232571076375737,-2.852440681724966
1790891039.778,2026-10-01T17:43:59,700,14.500795734208369,v1_Ra40_20261001,0.0642,0.0642,1.3443,0.0642,0.0863,1,,700,5.3,,89.65171514043675,94.32317994874779,True,0.0657792766748037,0.0009439995448968526,0.00919228699683993,v1_Ra40_20261001,FS 0.10,1,0.019272454002862933,0.1874072843494726,0.002049969769829168,-4.9526159008309145
1790891040.831,2026-10-01T17:44:00,700,14.500795734208369,v1_Ra40_20261001,0.0671,0.0671,0.8901,0.0671,0.0597,1,,700,5.3,,105.04890038193366,89.274372434204,True,0.07707650290663967,0.000653033288879978,0.005426929783010027,v1_Ra40_20261001,FS 0.10,1,0.020143016566855187,0.16924166620977116,0.001851263683425365,17.669715863144965
1790891050.407,2026-10-01T17:44:10,800,16.632920426579165,v1_Ra40_20261001,0.0019,0.0019,6.9301,0.0019,0.0132,1,,800,5.9,,223.95810301245263,225.00002557257233,True,0.1432585649223878,9.567641537649966e-05,0.0005628316780383355,v1_Ra40_20261001,FS 0.10,1,0.0005703685764087161,0.013839817465068802,0.0001003139488274892,-0.46307664075515564
1790891051.464,2026-10-01T17:44:11,800,16.632920426579165,v1_Ra40_20261001,0.0038,0.0038,6.798,0.0038,0.0258,1,,800,5.9,,224.23506474500527,225.00040123989038,True,0.1434357281498407,0.00018700390278134026,0.0010987213448816408,v1_Ra40_20261001,FS 0.10,1,0.0011407371528174323,0.02722312330770595,0.0001973190040480109,-0.34014894669859297
1790891052.518,2026-10-01T17:44:12,800,16.632920426579165,v1_Ra40_20261001,0.0077,0.0077,6.4844,0.0077,0.0499,1,,800,5.9,,219.79260892344428,220.50788284843463,True,0.1405940366139352,0.0003616858429763131,0.002167997831915755,v1_Ra40_20261001,FS 0.10,1,0.002311493704393218,0.05338050553602707,0.00038691328944488376,-0.32437567117815647
1790891053.574,2026-10-01T17:44:13,800,16.632920426579165,v1_Ra40_20261001,0.0115,0.0115,6.3261,0.0115,0.0728,1,,800,5.9,,217.73853387679765,218.18182855264752,True,0.13928011298506288,0.0005276699272279678,0.00319276877201146,v1_Ra40_20261001,FS 0.10,1,0.0034522308572106503,0.07886663990402382,0.0005716422271822883,-0.20317671677360094
1790891054.63,2026-10-01T17:44:14,800,16.632920426579165,v1_Ra40_20261001,0.0154,0.0154,6.155,0.0154,0.0948,1,,800,5.9,,211.6860029579925,215.8799137058537,True,0.13540850985075611,0.0006871306195221339,0.004276491140920382,v1_Ra40_20261001,FS 0.10,1,0.004622987408786436,0.10411763874685391,0.0007546668524821463,-1.9427054031416757
1790891055.682,2026-10-01T17:44:15,800,16.632920426579165,v1_Ra40_20261001,0.0192,0.0192,5.8831,0.0192,0.113,1,,800,5.9,,205.92631000748725,209.47831624721118,True,0.13172422544494877,0.0008190481013291259,0.005240080852824569,v1_Ra40_20261001,FS 0.10,1,0.005763724561603868,0.12606678417514147,0.0009137589399939674,-1.6956438753938263
1790891056.738,2026-10-01T17:44:16,800,16.632920426579165,v1_Ra40_20261001,0.023,0.023,5.4785,0.023,0.126,1,,800,5.9,,201.117114958123,205.1473572475146,True,0.12864794299775614,0.0009132748740484059,0.005982640363676973,v1_Ra40_20261001,FS 0.10,1,0.0069044617144213005,0.14338988311370238,0.0010393204558768426,-1.9645596918555608
1790891057.819,2026-10-01T17:44:17,800,16.632920426579165,v1_Ra40_20261001,0.0269,0.0269,5.5037,0.0269,0.148,1,,800,5.9,,200.87897148911225,201.41816736562248,True,0.12849561052504258,0.001072735566342572,0.007035559193574585,v1_Ra40_20261001,FS 0.10,1,0.008075218265997088,0.17042355612105886,0.0012352662837408052,-0.2676997231989775
1790891058.873,2026-10-01T17:44:18,800,16.632920426579165,v1_Ra40_20261001,0.0307,0.0307,5.0781,0.0307,0.1559,1,,800,5.9,,194.18184375547867,197.44303757235002,True,0.1242116802036247,0.0011299964513027498,0.007666707189969122,v1_Ra40_20261001,FS 0.10,1,0.00921595541881452,0.18380966611991062,0.001332291664083658,-1.6517137585448372
1790891059.93,2026-10-01T17:44:19,800,16.632920426579165,v1_Ra40_20261001,0.0346,0.0346,5.068,0.0346,0.1754,1,,800,5.9,,191.3490851667575,192.38650799796346,True,0.12239965855880305,0.0012713366103816698,0.008753355782388082,v1_Ra40_20261001,FS 0.10,1,0.010386711970390304,0.20953695574177605,0.0015187685465361661,-0.5392388697116668
1790891060.986,2026-10-01T17:44:20,800,16.632920426579165,v1_Ra40_20261001,0.0384,0.0384,4.6395,0.0384,0.1782,1,,800,5.9,,183.59595649069433,185.86971435116766,True,0.11744023948509505,0.0012916316075827455,0.009268639048838723,v1_Ra40_20261001,FS 0.10,1,0.011527449123207736,0.21898607680091858,0.0015872577913389958,-1.223307341064428
1790891062.04,2026-10-01T17:44:22,800,16.632920426579165,v1_Ra40_20261001,0.0423,0.0423,4.3156,0.0423,0.1825,1,,800,5.9,,176.4837199282283,180.3465440157794,True,0.11289077782408623,0.0013227989247129688,0.009874829403896217,v1_Ra40_20261001,FS 0.10,1,0.012698205674783523,0.23070698303729303,0.0016722134196465992,-2.1418897205000453
1790891063.108,2026-10-01T17:44:23,800,16.632920426579165,v1_Ra40_20261001,0.0461,0.0461,4.1508,0.0461,0.1914,1,,800,5.9,,174.5543515012571,176.34446212782393,True,0.1116566248805819,0.001387308022959245,0.010470866814535776,v1_Ra40_20261001,FS 0.10,1,0.013838942827600956,0.24741911515672632,0.0017933465177137084,-1.0151215439185624
1790891064.165,2026-10-01T17:44:24,800,16.632920426579165,v1_Ra40_20261001,0.0499,0.0499,3.8091,0.0499,0.1901,1,,800,5.9,,167.45901435509722,172.00927333064442,True,0.10711797321526191,0.001377885345687317,0.010840391530412124,v1_Ra40_20261001,FS 0.10,1,0.014979679980418388,0.254505200786433,0.0018447079777213799,-2.6453567807361633
1790891065.221,2026-10-01T17:44:25,800,16.632920426579165,v1_Ra40_20261001,0.0538,0.0538,3.4542,0.0538,0.1858,1,,800,5.9,,157.17155411981594,161.7112150562548,True,0.10053742636217225,0.0013467180285570938,0.011288679529349728,v1_Ra40_20261001,FS 0.10,1,0.016150436531994175,0.25940878118733385,0.0018802501743326412,-2.807264131222831
1790891066.275,2026-10-01T17:44:26,800,16.632920426579165,v1_Ra40_20261001,0.0576,0.0576,3.1492,0.0576,0.1814,1,,800,5.9,,145.9278574571158,151.38027090143567,True,0.09334520680568002,0.0013148258900982607,0.011870539530954516,v1_Ra40_20261001,FS 0.10,1,0.017291173684811607,0.26455787787733137,0.0019175719253724868,-3.601799238336645
1790891067.33,2026-10-01T17:44:27,800,16.632920426579165,v1_Ra40_20261001,0.0615,0.0615,3.1398,0.0615,0.1931,1,,800,5.9,,148.42225729623806,145.82048076125886,True,0.09494079158912239,0.0013996299855456125,0.012423804921537445,v1_Ra40_20261001,FS 0.10,1,0.01846193023638739,0.28665507489274117,0.0020777371223651155,1.7842325861199715
1790891068.398,2026-10-01T17:44:28,800,16.632920426579165,v1_Ra40_20261001,0.0653,0.0653,2.7154,0.0653,0.1773,1,,800,5.9,,142.87517110093972,146.95846505610461,True,0.091392504667818,0.0012851082156252569,0.011850136532228075,v1_Ra40_20261001,FS 0.10,1,0.019602667389204822,0.28156718264302943,0.0020408589941625175,-2.7785360670486092
1790891069.455,2026-10-01T17:44:29,800,16.632920426579165,v1_Ra40_20261001,0.0691,0.0691,2.7736,0.0691,0.1917,1,,800,5.9,,138.2130751312559,139.35501769497876,True,0.08841031661941226,0.0013894824869450748,0.01324476829492815,v1_Ra40_20261001,FS 0.10,1,0.020743404542022253,0.3072532439035911,0.0022270370446588594,-0.8194484724061812
1790891070.508,2026-10-01T17:44:30,800,16.632920426579165,v1_Ra40_20261001,0.073,0.073,2.2683,0.073,0.1656,1,,800,5.9,,128.9349445390542,133.30275175011934,True,0.08247540443752342,0.0012003041201779049,0.012264817115441343,v1_Ra40_20261001,FS 0.10,1,0.02191416109359804,0.2933331150835274,0.0021261409820010715,-3.276606937006643
1790891071.561,2026-10-01T17:44:31,800,16.632920426579165,v1_Ra40_20261001,0.0768,0.0768,1.9227,0.0768,0.1477,1,,800,5.9,,122.71705531334192,124.95220268837386,True,0.0784980270828296,0.0010705611023567425,0.01149335845843942,v1_Ra40_20261001,FS 0.10,1,0.023054898246415472,0.28788218740437976,0.002086631495575512,-1.7888018994001387
1790891072.614,2026-10-01T17:44:32,800,16.632920426579165,v1_Ra40_20261001,0.0807,0.0807,1.5993,0.0807,0.1291,1,,800,5.8,,134.53610574626396,120.1697875919109,True,0.08605828134910007,0.000935744335235311,0.009163444878618069,v1_Ra40_20261001,FS 0.10,1,0.02422565479799126,0.28265567519882495,0.0020487486203672536,11.955016682845576
1790891080.458,2026-10-01T17:44:40,900,18.76504511894996,v1_Ra40_20261001,0.0024,0.0024,8.1593,0.0024,0.0196,1,,900,6.6,,263.09288436157203,260.2409683624586,True,0.14917011179784592,9.893358036809989e-05,0.0007114073553537994,v1_Ra40_20261001,FS 0.10,1,0.0007204655702004835,0.020432038965998545,0.00010313340658810028,1.0958751103098185
1790891081.53,2026-10-01T17:44:41,900,18.76504511894996,v1_Ra40_20261001,0.0049,0.0049,7.9537,0.0049,0.039,1,,900,6.7,,261.44575821439275,262.6198356349789,True,0.14823621352037594,0.00019685763440591305,0.0014244735480834932,v1_Ra40_20261001,FS 0.10,1,0.0014709505391593207,0.04094219949443709,0.00020666114204743216,-0.44706349684037194
1790891082.587,2026-10-01T17:44:42,900,18.76504511894996,v1_Ra40_20261001,0.0098,0.0098,7.6702,0.0098,0.0752,1,,900,6.7,,255.95243192305475,258.39889517391157,True,0.14512157171237183,0.00037958190018781186,0.0028056271934408165,v1_Ra40_20261001,FS 0.10,1,0.0029419010783186413,0.0800387358158592,0.00040400605624486846,-0.9467777519753917
1790891083.64,2026-10-01T17:44:43,900,18.76504511894996,v1_Ra40_20261001,0.0147,0.0147,7.2167,0.0147,0.1061,1,,900,6.7,,250.0037552365825,253.58224131715872,True,0.14174875238081294,0.0005355537182171121,0.004052660596094715,v1_Ra40_20261001,FS 0.10,1,0.004412851617477962,0.11478960896426636,0.0005794156634637248,-1.4111737722597772
1790891084.696,2026-10-01T17:44:44,900,18.76504511894996,v1_Ra40_20261001,0.0196,0.0196,7.1343,0.0196,0.1398,1,,900,6.7,,246.59061537756202,246.7685563059291,True,0.13981354818254182,0.0007056589048704268,0.005413797522710967,v1_Ra40_20261001,FS 0.10,1,0.005883802156637283,0.15329481893965854,0.0007737757800806138,-0.07210842865510436
1790891085.751,2026-10-01T17:44:45,900,18.76504511894996,v1_Ra40_20261001,0.0244,0.0244,6.7372,0.0244,0.1644,1,,900,6.7,,241.1111831665039,243.11494923468615,True,0.136706784130387,0.0008298306434956949,0.006511122122337762,v1_Ra40_20261001,FS 0.10,1,0.00732473329703825,0.18352728457703613,0.0009263781305327216,-0.8242052060105753
1790891086.838,2026-10-01T17:44:46,900,18.76504511894996,v1_Ra40_20261001,0.0293,0.0293,6.5568,0.0293,0.1921,1,,900,6.7,,238.94853624157122,241.66631698608398,True,0.13548059253514752,0.0009696500402404075,0.007677050058271256,v1_Ra40_20261001,FS 0.10,1,0.00879568383619757,0.21792169194462316,0.0010999884297936571,-1.1246005560093253
1790891087.895,2026-10-01T17:44:47,900,18.76504511894996,v1_Ra40_20261001,0.0342,0.0342,6.3786,0.0342,0.2181,1,,900,6.7,,232.20432524135504,233.5958287897938,True,0.13165671599309742,0.001100888463177683,0.008969262666127195,v1_Ra40_20261001,FS 0.10,1,0.010266634375356892,0.2515704361391952,0.001269834896021174,-0.5956885256247269
1790891088.951,2026-10-01T17:44:48,900,18.76504511894996,v1_Ra40_20261001,0.0391,0.0391,6.048,0.0391,0.2365,1,,900,6.6,,226.26199599483812,228.5293143020823,True,0.12828749557425734,0.0011937648855640623,0.00998138742895876,v1_Ra40_20261001,FS 0.10,1,0.011737584914516213,0.27857351716075235,0.0014061365024718136,-0.9921345601409892
1790891090.007,2026-10-01T17:44:50,900,18.76504511894996,v1_Ra40_20261001,0.044,0.044,5.9408,0.044,0.2614,1,,900,6.7,,226.04179247583716,225.00016004813688,True,0.12816264315330586,0.0013194509136847609,0.011043029256282852,v1_Ra40_20261001,FS 0.10,1,0.013208535453675532,0.3130309350092945,0.0015800648554307904,0.46294741633847725
1790891091.061,2026-10-01T17:44:51,900,18.76504511894996,v1_Ra40_20261001,0.0489,0.0489,5.5647,0.0489,0.2721,1,,900,6.7,,218.4749004400487,222.781763561008,True,0.12387231757616282,0.001373460572355101,0.011893190456591124,v1_Ra40_20261001,FS 0.10,1,0.014679485992834853,0.3342426896848217,0.0016871339797134275,-1.9332206784420491
1790891092.128,2026-10-01T17:44:52,900,18.76504511894996,v1_Ra40_20261001,0.0538,0.0538,5.0957,0.0538,0.2741,1,,900,6.6,,209.5074807722824,213.03542527214745,True,0.1187879117488257,0.0013835558356579685,0.012493406843712085,v1_Ra40_20261001,FS 0.10,1,0.016150436531994175,0.34770878118733384,0.0017551058494026097,-1.6560365466720794
1790891093.18,2026-10-01T17:44:53,900,18.76504511894996,v1_Ra40_20261001,0.0587,0.0587,5.0006,0.0587,0.2935,1,,900,6.7,,204.51494831924606,207.38349111489924,True,0.11595721328284093,0.0014814798896957814,0.013704223436387926,v1_Ra40_20261001,FS 0.10,1,0.017621387071153495,0.3795292095168311,0.0019157236506007567,-1.3832069178852269
1790891094.236,2026-10-01T17:44:54,900,18.76504511894996,v1_Ra40_20261001,0.0636,0.0636,4.7881,0.0636,0.3045,1,,900,6.7,,200.35496927812346,203.7737136917059,True,0.11359856135598712,0.0015370038378615517,0.014513045624800597,v1_Ra40_20261001,FS 0.10,1,0.019092337610312815,0.4039039746733134,0.002038758486700879,-1.6777161055987477
1790891095.29,2026-10-01T17:44:55,900,18.76504511894996,v1_Ra40_20261001,0.0684,0.0684,4.2883,0.0684,0.2933,1,,900,6.6,,193.0735915567709,195.97753751510254,True,0.10947011853864443,0.0014804703633654948,0.014506430765326242,v1_Ra40_20261001,FS 0.10,1,0.020533268750713783,0.40673110661053435,0.0020530288073499748,-1.4817748988747437
1790891096.346,2026-10-01T17:44:56,900,18.76504511894996,v1_Ra40_20261001,0.0733,0.0733,3.8635,0.0733,0.2832,1,,900,6.6,,183.90009562309615,188.60014533643437,True,0.10426887025204036,0.0014294892836860147,0.01470559753574072,v1_Ra40_20261001,FS 0.10,1,0.022004219289873103,0.4118950691592115,0.0020790945881574954,-2.492071098330295
1790891097.419,2026-10-01T17:44:57,900,18.76504511894996,v1_Ra40_20261001,0.0782,0.0782,3.7749,0.0782,0.2952,1,,900,6.7,,176.05722703971765,180.00009539153723,True,0.09982206970007049,0.0014900608635032189,0.016011568507822226,v1_Ra40_20261001,FS 0.10,1,0.023475169829032427,0.44011336853487365,0.002221530169235719,-2.1904812568254717
1790891098.473,2026-10-01T17:44:58,900,18.76504511894996,v1_Ra40_20261001,0.0831,0.0831,3.4096,0.0831,0.2833,1,,900,6.7,,167.46009159087976,172.99220807384756,True,0.09494761002338115,0.0014299940468511581,0.01615498771662785,v1_Ra40_20261001,FS 0.10,1,0.024946120368191743,0.44538600473752077,0.0022481444946186955,-3.197899225961809
1790891099.531,2026-10-01T17:44:59,900,18.76504511894996,v1_Ra40_20261001,0.088,0.088,3.0638,0.088,0.2696,1,,900,6.7,,159.2747865615138,160.57906803988828,True,0.09030665263187697,0.001360841493226517,0.016163828657589824,v1_Ra40_20261001,FS 0.10,1,0.026417070907351063,0.449812977767153,0.00227049022380311,-0.8122362984760323
1790891100.584,2026-10-01T17:45:00,900,18.76504511894996,v1_Ra40_20261001,0.0929,0.0929,2.5675,0.0929,0.2385,1,,900,6.7,,157.47798717278556,157.66421715656804,True,0.08928789164810769,0.0012038601488669298,0.014462384721403196,v1_Ra40_20261001,FS 0.10,1,0.027888021446510383,0.4377942876237703,0.002209824303026598,-0.11811810386724853
1790891101.641,2026-10-01T17:45:01,900,18.76504511894996,v1_Ra40_20261001,0.0978,0.0978,2.4391,0.0978,0.2385,1,,900,6.7,,170.07459057009555,155.56304939942436,True,0.09642999563016551,0.0012038601488669298,0.013391225744014693,v1_Ra40_20261001,FS 0.10,1,0.029358971985669707,0.4578299343073726,0.0023109568673836908,9.328398502533396
1790891113.471,2026-10-01T17:45:13,1000,20.897169811320758,v1_Ra40_20261001,0.003,0.003,9.5008,0.003,0.0285,1,,1000,7.5,,303.38497261330986,307.36488346867077,True,0.15446458410932157,0.00010416430928946116,0.000897061414554721,v1_Ra40_20261001,FS 0.10,1,0.0009005819627506045,0.02957582143320774,0.00010809631618450966,-1.2948489139184893
1790891114.523,2026-10-01T17:45:14,1000,20.897169811320758,v1_Ra40_20261001,0.0061,0.0061,9.4664,0.0061,0.0577,1,,1000,7.5,,305.759825138648,307.9601536138341,True,0.1556737099420466,0.00021088704021059328,0.001802049738661026,v1_Ra40_20261001,FS 0.10,1,0.0018311833242595625,0.06026331593817117,0.00022025567298919916,-0.7144847959600575
1790891115.58,2026-10-01T17:45:15,1000,20.897169811320758,v1_Ra40_20261001,0.0121,0.0121,8.9899,0.0121,0.1088,1,,1000,7.5,,301.0311376467371,300.5368329959083,True,0.15326615909821506,0.00039765181932257447,0.0034513488426008818,v1_Ra40_20261001,FS 0.10,1,0.0036323472497607713,0.11532744357387101,0.00042150889480672206,0.16447390022091835
1790891116.636,2026-10-01T17:45:16,1000,20.897169811320758,v1_Ra40_20261001,0.0182,0.0182,8.5133,0.0182,0.1549,1,,1000,7.5,,290.5940707850334,296.8182058018243,True,0.1479522598031136,0.0005661421582083345,0.005090214115863022,v1_Ra40_20261001,FS 0.10,1,0.005463530574020334,0.1669245204949562,0.0006100904344151444,-2.0969519035993867
1790891117.693,2026-10-01T17:45:17,1000,20.897169811320758,v1_Ra40_20261001,0.0243,0.0243,8.3591,0.0243,0.2031,1,,1000,7.5,,288.4854807845443,289.2715339192421,True,0.14687869813432997,0.0007423077619891074,0.00672291073798035,v1_Ra40_20261001,FS 0.10,1,0.007294713898279896,0.22210060088676659,0.0008117528310226079,-0.27173539132863134
1790891118.749,2026-10-01T17:45:18,1000,20.897169811320758,v1_Ra40_20261001,0.0303,0.0303,8.14,0.0303,0.2466,1,,1000,7.5,,283.2940419987324,286.0004783637635,True,0.14423554337926067,0.0009012953919572324,0.008312411095458975,v1_Ra40_20261001,FS 0.10,1,0.009095877823781105,0.27390515257522635,0.0010010926676779974,-0.9463048385495276
1790891119.8,2026-10-01T17:45:19,1000,20.897169811320758,v1_Ra40_20261001,0.0364,0.0364,7.9183,0.0364,0.2882,1,,1000,7.5,,281.6585028764621,282.23688142315666,True,0.14340282952352856,0.0010533387346393932,0.009771078266194411,v1_Ra40_20261001,FS 0.10,1,0.010927061148040668,0.3254149939499508,0.0011893553711309055,-0.20492663601516803
1790891120.857,2026-10-01T17:45:20,1000,20.897169811320758,v1_Ra40_20261001,0.0424,0.0424,7.3818,0.0424,0.313,1,,1000,7.5,,271.80065268894396,273.9238705792957,True,0.13838383100059323,0.0011439799581614506,0.010996772089014837,v1_Ra40_20261001,FS 0.10,1,0.012728225073541877,0.36140521217898164,0.001320895589481922,-0.7751124010702437
1790891121.913,2026-10-01T17:45:21,1000,20.897169811320758,v1_Ra40_20261001,0.0485,0.0485,7.0087,0.0485,0.3399,1,,1000,7.5,,266.66656070292447,267.53728609007226,True,0.13576987363623064,0.0012422964465785208,0.012171776996936823,v1_Ra40_20261001,FS 0.10,1,0.014559408397801439,0.4011488145366201,0.001466154006613796,-0.3254594527263954
1790891122.969,2026-10-01T17:45:22,1000,20.897169811320758,v1_Ra40_20261001,0.0546,0.0546,6.9104,0.0546,0.3773,1,,1000,7.5,,262.6709558389848,263.415105884053,True,0.13373556244982832,0.001378989259470656,0.013716589221698747,v1_Ra40_20261001,FS 0.10,1,0.016390591722061,0.4528714203649838,0.0016551943403247632,-0.2825009000796408
1790891124.05,2026-10-01T17:45:24,1000,20.897169811320758,v1_Ra40_20261001,0.0606,0.0606,6.5035,0.0606,0.3941,1,,1000,7.5,,258.01405600957423,258.99816441097414,True,0.13136456137751903,0.0014403913786307594,0.014585940946609933,v1_Ra40_20261001,FS 0.10,1,0.01819175564756221,0.48520206264677457,0.0017733592182955485,-0.3799673266557724
1790891125.107,2026-10-01T17:45:25,1000,20.897169811320758,v1_Ra40_20261001,0.0667,0.0667,6.1181,0.0667,0.4081,1,,1000,7.6,,249.22006504144747,250.2731237905266,True,0.1268872131890042,0.0014915598112641788,0.01563705529047203,v1_Ra40_20261001,FS 0.10,1,0.020022938971821773,0.5164584294580522,0.0018875977396918564,-0.42076381719697853
1790891126.161,2026-10-01T17:45:26,1000,20.897169811320758,v1_Ra40_20261001,0.0728,0.0728,5.9262,0.0728,0.4314,1,,1000,7.6,,249.9489778433258,247.49035812411648,True,0.1272583298327333,0.00157671870271837,0.016481629901174733,v1_Ra40_20261001,FS 0.10,1,0.021854122296081337,0.5584937997400552,0.0020412323120129645,0.9934204054835583
1790891127.214,2026-10-01T17:45:27,1000,20.897169811320758,v1_Ra40_20261001,0.0788,0.0788,5.8164,0.0788,0.4583,1,,1000,7.5,,244.94379530225387,245.1784207980154,True,0.12471000506589217,0.0016750351911354402,0.017867129966450176,v1_Ra40_20261001,FS 0.10,1,0.02365528622158254,0.6052648660746058,0.0022121753232224395,-0.09569581817104877
1790891128.268,2026-10-01T17:45:28,1000,20.897169811320758,v1_Ra40_20261001,0.0849,0.0849,5.5543,0.0849,0.4716,1,,1000,7.5,,238.52861175653288,242.69670609923537,True,0.12144379629543418,0.001723645202137189,0.018880117720741014,v1_Ra40_20261001,FS 0.10,1,0.02548646954584211,0.6402339973395228,0.0023399835830351613,-1.717408698986711
1790891129.323,2026-10-01T17:45:29,1000,20.897169811320758,v1_Ra40_20261001,0.0909,0.0909,5.0927,0.0909,0.4629,1,,1000,7.5,,229.79603832759494,234.21677476188734,True,0.11699771806260006,0.0016918476761435637,0.019236055684879416,v1_Ra40_20261001,FS 0.10,1,0.027287633471343314,0.6542907302146446,0.0023913593679756357,-1.8874550888964614
1790891130.377,2026-10-01T17:45:30,1000,20.897169811320758,v1_Ra40_20261001,0.097,0.097,4.466,0.097,0.4332,1,,1000,7.5,,215.72364723389228,220.60695163431774,True,0.10983293986350627,0.0015832975011998095,0.01917617903223833,v1_Ra40_20261001,FS 0.10,1,0.029118816795602877,0.6491936224624757,0.002372730009786912,-2.213576845266474
1790891131.461,2026-10-01T17:45:31,1000,20.897169811320758,v1_Ra40_20261001,0.1031,0.1031,4.3113,0.1031,0.4445,1,,1000,7.5,,205.29721728061077,212.66900904945487,True,0.10452445621447816,0.0016245977361110696,0.020675693457934338,v1_Ra40_20261001,FS 0.10,1,0.03095000011986244,0.6865755181810318,0.00250935665355723,-3.4663215866726715
1790891132.515,2026-10-01T17:45:32,1000,20.897169811320758,v1_Ra40_20261001,0.1091,0.1091,3.9075,0.1091,0.4263,1,,1000,7.5,,197.87181462999115,202.66932707393153,True,0.10074390728882614,0.0015580787736876242,0.020573244057102227,v1_Ra40_20261001,FS 0.10,1,0.03275116404536365,0.6954726751089136,0.0025418747660496074,-2.367162566336589
1790891133.567,2026-10-01T17:45:33,1000,20.897169811320758,v1_Ra40_20261001,0.1152,0.1152,3.4016,0.1152,0.3919,1,,1001,7.4,,187.71922559739096,193.79184899749475,True,0.09557484624718954,0.001432350624931222,0.01993599387571116,v1_Ra40_20261001,FS 0.10,1,0.03458234736962321,0.6900883318103838,0.0025221955940963195,-3.1335804016103364
1790891134.619,2026-10-01T17:45:34,1000,20.897169811320758,v1_Ra40_20261001,0.1213,0.1213,3.0044,0.1213,0.3644,1,,1000,7.5,,182.98613738303402,188.11219162853945,True,0.09316505483172871,0.001331841203687005,0.019016542594574894,v1_Ra40_20261001,FS 0.10,1,0.03641353069388278,0.693082991982579,0.0025331407417592453,-2.724998417767477
1790891135.674,2026-10-01T17:45:35,1000,20.897169811320758,v1_Ra40_20261001,0.1273,0.1273,2.8386,0.1273,0.3614,1,,1000,7.4,,205.35135084859348,181.1865851661139,True,0.10455201762924692,0.0013208765395512723,0.016805907395998493,v1_Ra40_20261001,FS 0.10,1,0.03821469461938398,0.7215205729632209,0.0026370769165210586,13.336950779399626
1790891143.615,2026-10-01T17:45:43,1100,23.029294503691553,v1_Ra40_20261001,0.0037,0.0037,11.5043,0.0037,0.0426,1,,1100,8.2,,366.1017723720306,360.8850768975117,True,0.16913890850045527,0.00011633333861701689,0.0011111665259284692,v1_Ra40_20261001,FS 0.10,1,0.0011107177540590788,0.0439783194118383,0.0001200972939893125,1.4455281773816386
1790891144.67,2026-10-01T17:45:44,1100,23.029294503691553,v1_Ra40_20261001,0.0074,0.0074,11.1593,0.0074,0.0826,1,,1100,8.2,,358.33313559288626,361.6216288076714,True,0.16554980064979533,0.00022556652041703278,0.002201225116003736,v1_Ra40_20261001,FS 0.10,1,0.0022214355081181577,0.08590078172919204,0.00023458039268470788,-0.9093740398293915
1790891145.727,2026-10-01T17:45:45,1100,23.029294503691553,v1_Ra40_20261001,0.0147,0.0147,10.5144,0.0147,0.1546,1,,1101,8.2,,348.3001273517516,354.86508151024054,True,0.1609145538661301,0.00042218624765706127,0.004238646891534066,v1_Ra40_20261001,FS 0.10,1,0.004412851617477962,0.16328960896426634,0.0004459160885511801,-1.849985952562505
1790891146.783,2026-10-01T17:45:46,1100,23.029294503691553,v1_Ra40_20261001,0.0221,0.0221,10.1235,0.0221,0.2237,1,,1100,8.3,,347.3246713695403,348.3874834558719,True,0.16046389349633053,0.0006108865692165887,0.006150376930484756,v1_Ra40_20261001,FS 0.10,1,0.00663428712559612,0.24001412080755385,0.0006554376523185625,-0.3050660935889349
1790891147.836,2026-10-01T17:45:47,1100,23.029294503691553,v1_Ra40_20261001,0.0295,0.0295,9.784,0.0295,0.2886,1,,1100,8.3,,341.27026728773444,342.85711366301825,True,0.1576667606352071,0.0007881174066871145,0.008075496926474586,v1_Ra40_20261001,FS 0.10,1,0.008855722633714277,0.314715204272903,0.0008594335780892785,-0.4628302322008837
1790891148.893,2026-10-01T17:45:48,1100,23.029294503691553,v1_Ra40_20261001,0.0368,0.0368,9.617,0.0368,0.3539,1,,1101,8.2,,336.7842978496583,338.09493966646187,True,0.15559424410679334,0.0009664405759756403,0.010034601028584547,v1_Ra40_20261001,FS 0.10,1,0.011047138743074081,0.39181649132878094,0.0010699840507390266,-0.3876549640454696
1790891149.945,2026-10-01T17:45:49,1100,23.029294503691553,v1_Ra40_20261001,0.0442,0.0442,9.0375,0.0442,0.3995,1,,1100,8.3,,326.7542959055845,327.2725467570467,True,0.15096038623146424,0.0010909664032276586,0.011675268033859477,v1_Ra40_20261001,FS 0.10,1,0.01326857425119224,0.4515413049082255,0.0012330823362314148,-0.1583545141801701
1790891151.029,2026-10-01T17:45:51,1100,23.029294503691553,v1_Ra40_20261001,0.0515,0.0515,8.6988,0.0515,0.448,1,,1100,8.3,,316.26001378314186,322.38837518543164,True,0.14611203105365306,0.0012234116361601777,0.013527112767545792,v1_Ra40_20261001,FS 0.10,1,0.015459990360552043,0.5161078932928733,0.0014094026834120905,-1.9009250562353142
1790891152.084,2026-10-01T17:45:52,1100,23.029294503691553,v1_Ra40_20261001,0.0589,0.0589,8.5501,0.0589,0.5036,1,,1101,8.2,,318.3483030258458,318.80071291426475,True,0.1470768200544155,0.0013752457588621998,0.01510617683447893,v1_Ra40_20261001,FS 0.10,1,0.017681425868670202,0.5901564369864134,0.0016116166342946625,-0.1419099362367615
1790891153.137,2026-10-01T17:45:53,1100,23.029294503691553,v1_Ra40_20261001,0.0663,0.0663,8.2297,0.0663,0.5456,1,,1100,8.3,,314.02652523048573,315.4417500359614,True,0.14508016001545268,0.0014899405997522164,0.01659126156057115,v1_Ra40_20261001,FS 0.10,1,0.01990286137678836,0.6527815523020151,0.0017826351494575645,-0.4486485398062623
1790891154.191,2026-10-01T17:45:54,1100,23.029294503691553,v1_Ra40_20261001,0.0736,0.0736,7.7669,0.0736,0.5716,1,,1100,8.2,,305.0632924209481,305.2625028048624,True,0.1409391491587773,0.0015609421679222267,0.01789260807146795,v1_Ra40_20261001,FS 0.10,1,0.022094277486148162,0.7012606005074665,0.0019150231666105097,-0.06525871408505912
1790891155.245,2026-10-01T17:45:55,1100,23.029294503691553,v1_Ra40_20261001,0.081,0.081,7.7691,0.081,0.6293,1,,1100,8.2,,307.14052630481774,308.57138127685175,True,0.1418988305870902,0.0017185110326687495,0.01956554679892636,v1_Ra40_20261001,FS 0.10,1,0.024315712994266322,0.7839094459371636,0.0021407230755700977,-0.46370307126772925
1790891156.299,2026-10-01T17:45:56,1100,23.029294503691553,v1_Ra40_20261001,0.0884,0.0884,7.2565,0.0884,0.6415,1,,1101,8.3,,295.17301302256556,301.5080959103216,True,0.1363698430574481,0.0017518271531177542,0.020753502147361748,v1_Ra40_20261001,FS 0.10,1,0.02653714850238448,0.8232348629889225,0.002248114086324503,-2.101131934327982
1790891157.354,2026-10-01T17:45:57,1100,23.029294503691553,v1_Ra40_20261001,0.0957,0.0957,6.9044,0.0957,0.6608,1,,1100,8.3,,292.748829009588,289.8651403093197,True,0.13524987077405087,0.0018045321633362622,0.021554911782416725,v1_Ra40_20261001,FS 0.10,1,0.028728564611744282,0.8714263710151775,0.002379716880260724,0.9948380468210338
1790891158.417,2026-10-01T17:45:58,1100,23.029294503691553,v1_Ra40_20261001,0.1031,0.1031,6.6341,0.1031,0.684,1,,1100,8.3,,288.056467766296,286.8383353445381,True,0.13308200129382958,0.0018678874087802715,0.02267513350816568,v1_Ra40_20261001,FS 0.10,1,0.03095000011986244,0.9260755181810318,0.0025289543859503137,0.42467560003607296
1790891159.474,2026-10-01T17:45:59,1100,23.029294503691553,v1_Ra40_20261001,0.1104,0.1104,6.6209,0.1104,0.7309,1,,1100,8.3,,285.3258214094353,286.5217293383239,True,0.13182044349991967,0.0019959633144407897,0.02446179192571729,v1_Ra40_20261001,FS 0.10,1,0.033141416229222245,1.0061323275360567,0.00274757588621548,-0.41738821402842463
1790891160.529,2026-10-01T17:46:00,1100,23.029294503691553,v1_Ra40_20261001,0.1178,0.1178,6.1547,0.1178,0.725,1,,1100,8.3,,279.2204541594174,280.5201830861108,True,0.1289997656704415,0.0019798514201252873,0.024794888488164663,v1_Ra40_20261001,FS 0.10,1,0.035362851737340405,1.0360052048160064,0.0028291536220857376,-0.463328132897467
1790891161.613,2026-10-01T17:46:01,1100,23.029294503691553,v1_Ra40_20261001,0.1252,0.1252,5.6758,0.1252,0.7106,1,,1100,8.3,,270.4299589817765,276.0158277136554,True,0.12493855954764292,0.001940527474677282,0.02509237578268213,v1_Ra40_20261001,FS 0.10,1,0.037584287245458564,1.0595546537180178,0.0028934631529158273,-2.023749427034238
1790891162.666,2026-10-01T17:46:02,1100,23.029294503691553,v1_Ra40_20261001,0.1325,0.1325,5.4442,0.1325,0.7214,1,,1100,8.3,,266.07185414352443,268.1249411974022,True,0.12292511642581219,0.0019700204337632864,0.02589098564733423,v1_Ra40_20261001,FS 0.10,1,0.039775703354818365,1.1099239228938462,0.003031013041341257,-0.7657202812647812
1790891163.722,2026-10-01T17:46:03,1100,23.029294503691553,v1_Ra40_20261001,0.1399,0.1399,5.0303,0.1399,0.7037,1,,1100,8.3,,253.472415037254,258.38566669858096,True,0.11710417935592286,0.001921684750816779,0.026511129450667678,v1_Ra40_20261001,FS 0.10,1,0.041997138862936524,1.1344971019099532,0.003098118204613026,-1.9015186577893695
1790891164.775,2026-10-01T17:46:04,1100,23.029294503691553,v1_Ra40_20261001,0.1473,0.1473,4.4272,0.1473,0.6521,1,,1100,8.3,,243.0169062774553,248.67207625405854,True,0.11227373745996772,0.0017807739462947587,0.025624127962126004,v1_Ra40_20261001,FS 0.10,1,0.04421857437105468,1.1273468525481216,0.003078592092401616,-2.27414756887524
1790891165.83,2026-10-01T17:46:05,1100,23.029294503691553,v1_Ra40_20261001,0.1546,0.1546,4.0795,0.1546,0.6307,1,,1100,8.3,,231.61187443241715,234.78260790690229,True,0.10700461618479831,0.0017223341940317501,0.026003594898761986,v1_Ra40_20261001,FS 0.10,1,0.04640999048041448,1.1519285815447537,0.003145720604212812,-1.3504975955213938
1790891166.887,2026-10-01T17:46:06,1100,23.029294503691553,v1_Ra40_20261001,0.162,0.162,3.3994,0.162,0.5507,1,,1100,8.3,,219.38783969450242,224.19504628315963,True,0.1013571158199503,0.0015038678304317183,0.02397032413904655,v1_Ra40_20261001,FS 0.10,1,0.048631425988532644,1.1207020622970176,0.0030604463028635707,-2.1442073178484455
1790891167.941,2026-10-01T17:46:07,1100,23.029294503691553,v1_Ra40_20261001,0.1694,0.1694,3.1512,0.1694,0.5338,1,,1101,8.2,,246.5169508761619,221.02080188975037,True,0.11389075700972985,0.0014577168111212118,0.02067774446840338,v1_Ra40_20261001,FS 0.10,1,0.050852861496650796,1.1547521146713433,0.0031534311918961903,11.535633193082662
1790891176.414,2026-10-01T17:46:16,1200,25.161419196062347,v1_Ra40_20261001,0.0044,0.0044,13.4231,0.0044,0.0591,1,,1200,9.0,,425.49005224536813,426.3699164095726,True,0.17991882393224684,0.0001237424114005668,0.001326384542307486,v1_Ra40_20261001,FS 0.10,1,0.0013208535453675533,0.06080029365224407,0.00012730245262929367,-0.20636168977721248
1790891177.587,2026-10-01T17:46:17,1200,25.161419196062347,v1_Ra40_20261001,0.0088,0.0088,12.9256,0.0088,0.1137,1,,1200,9.1,,421.8718106847973,421.1538269207722,True,0.1783888474666507,0.00023806281178078586,0.002573660989603628,v1_Ra40_20261001,FS 0.10,1,0.0026417070907351066,0.11787009838197378,0.0002467940813165395,0.17048017093292955
1790891178.643,2026-10-01T17:46:18,1200,25.161419196062347,v1_Ra40_20261001,0.0176,0.0176,12.5272,0.0176,0.2205,1,,1201,9.0,,413.20784734117524,414.51314746672097,True,0.1747252833312484,0.0004616785399970386,0.0050957887432549615,v1_Ra40_20261001,FS 0.10,1,0.005283414181470213,0.2319182410738901,0.00048558582738174517,-0.31489957158730153
1790891179.713,2026-10-01T17:46:19,1200,25.161419196062347,v1_Ra40_20261001,0.0264,0.0264,12.3807,0.0264,0.3269,1,,1199,9.1,,411.4850289113633,415.38406057990187,True,0.17399678811942187,0.0006844567561225937,0.007586339318500123,v1_Ra40_20261001,FS 0.10,1,0.00792512127220532,0.3486444280757491,0.0007299848096694529,-0.9386570257643667
1790891180.769,2026-10-01T17:46:20,1200,25.161419196062347,v1_Ra40_20261001,0.0352,0.0352,11.5899,0.0352,0.408,1,,1200,9.0,,399.8015846798012,404.7165640475896,True,0.1690564339688895,0.0008542623325115272,0.009745116468235043,v1_Ra40_20261001,FS 0.10,1,0.010566828362940426,0.44314865938755044,0.000927855900533738,-1.2144250580291227
1790891181.827,2026-10-01T17:46:21,1200,25.161419196062347,v1_Ra40_20261001,0.0439,0.0439,11.111,0.0439,0.4878,1,,1200,9.1,,396.3633309718148,394.11210646878203,True,0.16760256551707228,0.0010213459946056935,0.011752214471991183,v1_Ra40_20261001,FS 0.10,1,0.01317851605491718,0.5392263462719241,0.001129021461563535,0.571214247439289
1790891182.88,2026-10-01T17:46:22,1200,25.161419196062347,v1_Ra40_20261001,0.0527,0.0527,10.7563,0.0527,0.5669,1,,1200,9.1,,390.909546906812,387.2724859095115,True,0.1652964283705571,0.0011869640105411391,0.013848462584666005,v1_Ra40_20261001,FS 0.10,1,0.015820223145652283,0.6378516884273614,0.001335521252824445,0.9391477911886437
1790891183.935,2026-10-01T17:46:23,1200,25.161419196062347,v1_Ra40_20261001,0.0615,0.0615,10.7367,0.0615,0.6603,1,,1200,9.1,,383.1562477575517,390.31357109683995,True,0.16201793935026534,0.0013825230837190231,0.01645647323335454,v1_Ra40_20261001,FS 0.10,1,0.01846193023638739,0.7538550748927412,0.0015784068496409928,-1.833736736126057
1790891185.009,2026-10-01T17:46:25,1200,25.161419196062347,v1_Ra40_20261001,0.0703,0.0703,10.2833,0.0703,0.7229,1,,1200,9.0,,382.45587617471983,376.3157455163707,True,0.16172178664156228,0.0015135937259131936,0.018049628549867646,v1_Ra40_20261001,FS 0.10,1,0.021103637327122497,0.8421365056680635,0.0017632487637870267,1.6316433026005273
1790891186.063,2026-10-01T17:46:26,1200,25.161419196062347,v1_Ra40_20261001,0.0791,0.0791,10.0409,0.0791,0.7942,1,,1200,9.1,,376.67521979635694,378.9474278606974,True,0.15927743126436128,0.0016628802560800366,0.020134192401388085,v1_Ra40_20261001,FS 0.10,1,0.023745344417857604,0.9421959807533286,0.0019727513142189326,-0.5996103673715281
1790891187.118,2026-10-01T17:46:27,1200,25.161419196062347,v1_Ra40_20261001,0.0879,0.0879,9.4492,0.0879,0.8306,1,,1200,9.1,,365.1255209284727,366.1024477243643,True,0.15439363145255514,0.001739093856333516,0.02172306587542394,v1_Ra40_20261001,FS 0.10,1,0.026387051508592715,1.010433500148536,0.002115625683050674,-0.2668451964645491
1790891188.174,2026-10-01T17:46:28,1200,25.161419196062347,v1_Ra40_20261001,0.0967,0.0967,9.1002,0.0967,0.88,1,,1201,9.0,,361.1372074174483,360.7944320603224,True,0.15270716975365078,0.0018425265995346664,0.023269219628035666,v1_Ra40_20261001,FS 0.10,1,0.029028758599327815,1.0947490638536859,0.0022921639431432855,0.09500572255742856
1790891189.231,2026-10-01T17:46:29,1200,25.161419196062347,v1_Ra40_20261001,0.1055,0.1055,8.7511,0.1055,0.9232,1,,1200,9.1,,350.81959025974356,354.09848624906317,True,0.1483443567219447,0.0019329779053300048,0.02512947068098178,v1_Ra40_20261001,FS 0.10,1,0.031670465690062925,1.1759426718687787,0.002462165514143285,-0.9259841870697283
1790891190.283,2026-10-01T17:46:30,1200,25.161419196062347,v1_Ra40_20261001,0.1143,0.1143,8.4305,0.1143,0.9636,1,,1200,9.0,,348.00467003855147,347.8879624448041,True,0.1471540653555841,0.00201756662649046,0.026441318125936846,v1_Ra40_20261001,FS 0.10,1,0.03431217278079803,1.2574143241938138,0.0026327492488216007,0.033547465375693974
1790891191.339,2026-10-01T17:46:31,1200,25.161419196062347,v1_Ra40_20261001,0.1231,0.1231,8.1601,0.1231,1.0045,1,,1200,9.1,,347.26536483141217,345.96769425422735,True,0.1468414495313279,0.0021032022377642868,0.027622300959398344,v1_Ra40_20261001,FS 0.10,1,0.03695387987153314,1.3424640208287915,0.0028108246219264873,0.37508432109016887
1790891192.419,2026-10-01T17:46:32,1200,25.161419196062347,v1_Ra40_20261001,0.1318,0.1318,7.8515,0.1318,1.0348,1,,1200,9.0,,338.96088369459676,339.996080161319,True,0.14332989274728886,0.002166643778634628,0.029152662097709527,v1_Ra40_20261001,FS 0.10,1,0.03956556756350989,1.419437792748578,0.002971990783550034,-0.3044730592867695
1790891193.475,2026-10-01T17:46:33,1200,25.161419196062347,v1_Ra40_20261001,0.1406,0.1406,7.3581,0.1406,1.0345,1,,1200,9.0,,328.78741771289697,330.59021985060895,True,0.1390280341607417,0.002166015644566605,0.030046001718776964,v1_Ra40_20261001,FS 0.10,1,0.042207274654244994,1.4694086002271916,0.0030766186721631833,-0.5453283338287096
1790891194.529,2026-10-01T17:46:34,1200,25.161419196062347,v1_Ra40_20261001,0.1494,0.1494,7.2788,0.1494,1.0875,1,,1200,9.1,,329.10354663999897,328.9781606753081,True,0.13916170954157608,0.0022769859965840336,0.03155499277589372,v1_Ra40_20261001,FS 0.10,1,0.0448489817449801,1.5757574520157476,0.003299289795174984,0.03811376549538448
1790891195.618,2026-10-01T17:46:35,1200,25.161419196062347,v1_Ra40_20261001,0.1582,0.1582,6.7345,0.1582,1.0654,1,,1200,9.1,,319.58216523213423,324.626747385156,True,0.13513558546165164,0.0022307134535729926,0.031834757032878795,v1_Ra40_20261001,FS 0.10,1,0.04749068883571521,1.6100843481142464,0.0033711627714715143,-1.5539638041706438
1790891196.671,2026-10-01T17:46:36,1200,25.161419196062347,v1_Ra40_20261001,0.167,0.167,6.2011,0.167,1.0356,1,,1200,9.1,,314.95946927420846,315.44080337467335,True,0.1331808746152821,0.0021683188028160235,0.03139848935720767,v1_Ra40_20261001,FS 0.10,1,0.05013239592645032,1.6397892885226877,0.003433358388335316,-0.15259094426448572
1790891197.741,2026-10-01T17:46:37,1200,25.161419196062347,v1_Ra40_20261001,0.1758,0.1758,6.1072,0.1758,1.0736,1,,1200,9.1,,308.77390321950315,312.5531313545025,True,0.1305653028432868,0.002247882451432293,0.03320269202582005,v1_Ra40_20261001,FS 0.10,1,0.05277410301718543,1.7403722732410714,0.003643957052885555,-1.209147423550494
1790891198.793,2026-10-01T17:46:38,1200,25.161419196062347,v1_Ra40_20261001,0.1846,0.1846,5.3777,0.1846,0.9927,1,,1200,9.1,,294.33614934204115,297.5188252835892,True,0.12446028655877393,0.0020784956310887083,0.03220666826562124,v1_Ra40_20261001,FS 0.10,1,0.05541581010792052,1.7251333022693975,0.0036120499967891395,-1.069739347926768
1790891199.845,2026-10-01T17:46:39,1200,25.161419196062347,v1_Ra40_20261001,0.1934,0.1934,4.9939,0.1934,0.9658,1,,1200,9.1,,289.05726160310223,289.2236478017537,True,0.12222810446979633,0.0020221729429892965,0.03190617177766197,v1_Ra40_20261001,FS 0.10,1,0.05805751719865563,1.7669723756076665,0.003699651821250097,-0.05752855961679293
1790891200.899,2026-10-01T17:46:40,1200,25.161419196062347,v1_Ra40_20261001,0.2022,0.2022,4.5877,0.2022,0.9276,1,,1200,9.1,,279.81771396738395,286.1845943544495,True,0.1183211540357924,0.001942190538327678,0.03165606418239491,v1_Ra40_20261001,FS 0.10,1,0.06069922428939074,1.800589493255878,0.0037700386774620464,-2.22474602500089
1790891201.953,2026-10-01T17:46:41,1200,25.161419196062347,v1_Ra40_20261001,0.211,0.211,4.2717,0.211,0.9013,1,,1201,9.0,,271.7521154495216,280.7695466942903,True,0.11491060896667611,0.0018871241183643123,0.03167144071090861,v1_Ra40_20261001,FS 0.10,1,0.06334093138012585,1.8491846552140316,0.003871786266685448,-3.211684226775169
1790891203.019,2026-10-01T17:46:43,1200,25.161419196062347,v1_Ra40_20261001,0.2197,0.2197,3.8554,0.2197,0.847,1,,1200,9.0,,261.3947984138349,261.58548092877254,True,0.1105310088084107,0.0017734318520521164,0.03094267467069089,v1_Ra40_20261001,FS 0.10,1,0.0659526190721026,1.8719545121692314,0.003919461342944033,-0.07289491536786041
1790891204.075,2026-10-01T17:46:44,1200,25.161419196062347,v1_Ra40_20261001,0.2285,0.2285,3.7752,0.2285,0.8626,1,,1200,9.1,,303.28800631635886,262.59169384270535,True,0.12824558675634504,0.001806094823589322,0.02715973946583272,v1_Ra40_20261001,FS 0.10,1,0.06859432616283771,1.9685707849710212,0.004121754584518119,15.497943548066285
1790891212.542,2026-10-01T17:46:52,1300,27.293543888433145,v1_Ra40_20261001,0.0052,0.0052,15.3896,0.0052,0.08,1,,1300,9.8,,488.63643630960496,487.50050280116284,True,0.1904795008396242,0.00013123409841451147,0.0015634194875247807,v1_Ra40_20261001,FS 0.10,1,0.001561008735434381,0.08209211269651417,0.00013466605495836886,0.23301176140642088
1790891213.599,2026-10-01T17:46:53,1300,27.293543888433145,v1_Ra40_20261001,0.0103,0.0103,14.9911,0.0103,0.1544,1,,1300,9.9,,484.44480895996094,487.7527775668909,True,0.18884552714070008,0.00025328180994000716,0.0030435074657290382,v1_Ra40_20261001,FS 0.10,1,0.0030919980721104087,0.15958795983518093,0.00026179227533476546,-0.678206000882553
1790891214.651,2026-10-01T17:46:54,1300,27.293543888433145,v1_Ra40_20261001,0.0207,0.0207,14.4853,0.0207,0.2998,1,,1300,9.9,,475.55503845214844,480.00011444091797,True,0.18538013053275243,0.0004917997838083817,0.006020079454220909,v1_Ra40_20261001,FS 0.10,1,0.006214015542979171,0.31450470620731436,0.0005159217695779714,-0.9260572768710618
1790891215.705,2026-10-01T17:46:55,1300,27.293543888433145,v1_Ra40_20261001,0.031,0.031,13.9201,0.031,0.4315,1,,1300,9.9,,467.3909392842461,470.95051113133195,True,0.1821976140056347,0.0007078439183232713,0.008816006324297304,v1_Ra40_20261001,FS 0.10,1,0.00930601361508958,0.4598672247630899,0.0007543782579020951,-0.7558271544360284
1790891216.761,2026-10-01T17:46:56,1300,27.293543888433145,v1_Ra40_20261001,0.0414,0.0414,13.4462,0.0414,0.5567,1,,1300,9.9,,461.7902988316928,469.5657163115129,True,0.1800143809953386,0.0009132252823419816,0.011511920935985336,v1_Ra40_20261001,FS 0.10,1,0.012428031085958342,0.60314080712495,0.0009894080005005447,-1.6558741853849201
1790891217.84,2026-10-01T17:46:57,1300,27.293543888433145,v1_Ra40_20261001,0.0517,0.0517,12.5606,0.0517,0.6494,1,,1300,9.9,,442.53503884067413,446.8749208936856,True,0.17250832528789542,0.0010652927938797968,0.014013157509241361,v1_Ra40_20261001,FS 0.10,1,0.015520029158068752,0.7179778844013203,0.00117778975426207,-0.9711625893734088
1790891218.891,2026-10-01T17:46:58,1300,27.293543888433145,v1_Ra40_20261001,0.0621,0.0621,12.4099,0.0621,0.7707,1,,1300,9.9,,440.25297579128164,446.74531119319454,True,0.1716187349949247,0.0012642764956008,0.016716849818511025,v1_Ra40_20261001,FS 0.10,1,0.018642046628937512,0.8659083027529071,0.00142045869276772,-1.4532520519516479
1790891219.947,2026-10-01T17:46:59,1300,27.293543888433145,v1_Ra40_20261001,0.0724,0.0724,11.914,0.0724,0.8626,1,,1300,9.9,,430.1113921607566,434.99988585633673,True,0.16766535852906958,0.0014150316661544699,0.01915137191154757,v1_Ra40_20261001,FS 0.10,1,0.021734044701047922,0.9884199387498721,0.0016214299939595765,-1.1237919490384884
1790891221.003,2026-10-01T17:47:01,1300,27.293543888433145,v1_Ra40_20261001,0.0827,0.0827,11.4392,0.0827,0.946,1,,1300,9.9,,425.4906190861675,429.4114748895254,True,0.16586409590651877,0.001551843213751598,0.021231101614643467,v1_Ra40_20261001,FS 0.10,1,0.02482604277315833,1.106648384158534,0.0018153750369615143,-0.9130766252500866
1790891222.091,2026-10-01T17:47:02,1300,27.293543888433145,v1_Ra40_20261001,0.0931,0.0931,11.116,0.0931,1.0349,1,,1300,9.9,,419.41626398302105,423.52960480920956,True,0.16349620018284242,0.0016976771056147239,0.023562670036916398,v1_Ra40_20261001,FS 0.10,1,0.027948060244027094,1.2349933878087451,0.002025915547462047,-0.9712050301752706
1790891223.146,2026-10-01T17:47:03,1300,27.293543888433145,v1_Ra40_20261001,0.1034,0.1034,10.5806,0.1034,1.094,1,,1300,9.9,,412.7025286066555,418.26918162566926,True,0.1608790622286659,0.0017946262958184445,0.025313463670364186,v1_Ra40_20261001,FS 0.10,1,0.031040058316137504,1.3373963919380019,0.0021939001214850537,-1.3308781195349062
1790891224.203,2026-10-01T17:47:04,1300,27.293543888433145,v1_Ra40_20261001,0.1138,0.1138,10.1899,0.1138,1.1596,1,,1300,9.9,,402.7434188899406,410.3775234899331,True,0.15699681746203747,0.0019022382565183438,0.02749483616909896,v1_Ra40_20261001,FS 0.10,1,0.034162075787006266,1.4509982315779397,0.002380255559027268,-1.8602638212420919
1790891225.259,2026-10-01T17:47:05,1300,27.293543888433145,v1_Ra40_20261001,0.1241,0.1241,9.825,0.1241,1.2193,1,,1300,9.8,,399.99990676437847,400.00021932623895,True,0.1559273458029625,0.002000171702460173,0.029108650101699912,v1_Ra40_20261001,FS 0.10,1,0.03725407385911667,1.562475794427791,0.002563126277202859,-7.8140422277162e-05
1790891226.315,2026-10-01T17:47:06,1300,27.293543888433145,v1_Ra40_20261001,0.1345,0.1345,9.4973,0.1345,1.2774,1,,1300,9.9,,397.0752991325526,397.2221730974866,True,0.15478727977336135,0.0020954804664337122,0.030720297850265355,v1_Ra40_20261001,FS 0.10,1,0.04037609132998544,1.6771344700574558,0.0027512153762236213,-0.036975268472227985
1790891227.401,2026-10-01T17:47:07,1300,27.293543888433145,v1_Ra40_20261001,0.1448,0.1448,9.0212,0.1448,1.3063,1,,1300,9.9,,387.9259486506953,392.7275381558957,True,0.15122069410088662,0.002142888784485954,0.03215625604073447,v1_Ra40_20261001,FS 0.10,1,0.043468089402095844,1.7662865916279018,0.002897462854924101,-1.2226261310186892
1790891228.458,2026-10-01T17:47:08,1300,27.293543888433145,v1_Ra40_20261001,0.1551,0.1551,8.4882,0.1551,1.3165,1,,1300,9.9,,377.3749719392299,383.03596471732817,True,0.14710772865658023,0.0021596211320338045,0.033313414745621425,v1_Ra40_20261001,FS 0.10,1,0.04656008747420625,1.8409555226100445,0.003019951727886812,-1.477927218211983
1790891229.512,2026-10-01T17:47:09,1300,27.293543888433145,v1_Ra40_20261001,0.1655,0.1655,7.9555,0.1655,1.3166,1,,1299,9.9,,369.2019739118223,374.9995560475327,True,0.1439217431897956,0.0021597851746568224,0.03405345792514674,v1_Ra40_20261001,FS 0.10,1,0.049682104945075016,1.9104287835383338,0.003133917487409814,-1.5460237331522464
1790891230.698,2026-10-01T17:47:10,1300,27.293543888433145,v1_Ra40_20261001,0.1758,0.1758,7.651,0.1758,1.345,1,,1300,9.9,,366.77764552810004,362.4994433652432,True,0.14297669524394377,0.002206373279593974,0.035017957239523057,v1_Ra40_20261001,FS 0.10,1,0.05277410301718543,2.011772273241071,0.0033001640061763025,1.1801955123407648
1790891231.752,2026-10-01T17:47:11,1300,27.293543888433145,v1_Ra40_20261001,0.1862,0.1862,7.5884,0.1862,1.413,1,,1300,9.9,,362.55729433496526,366.5088146561402,True,0.14133152446071778,0.002317922263246309,0.03721661730756577,v1_Ra40_20261001,FS 0.10,1,0.05589612048805419,2.1577023701590874,0.003539551564933529,-1.0781515104574702
1790891232.819,2026-10-01T17:47:12,1300,27.293543888433145,v1_Ra40_20261001,0.1965,0.1965,6.7655,0.1965,1.3294,1,,1300,9.9,,354.098205668447,354.09856479526525,True,0.1380340155828993,0.002180782630403144,0.035851169753366385,v1_Ra40_20261001,FS 0.10,1,0.058988118560164594,2.155520418582419,0.0035359722343341767,-0.00010142001519719557
1790891233.876,2026-10-01T17:47:13,1300,27.293543888433145,v1_Ra40_20261001,0.2069,0.2069,6.5929,0.2069,1.3641,1,,1299,9.9,,348.38687995122655,346.20252901390813,True,0.13580763541369845,0.0022377054205904388,0.037390028792481815,v1_Ra40_20261001,FS 0.10,1,0.06211013603103335,2.276707351490162,0.003734770457831271,0.6309459793780503
1790891234.932,2026-10-01T17:47:14,1300,27.293543888433145,v1_Ra40_20261001,0.2172,0.2172,6.4019,0.2172,1.3905,1,,1300,9.9,,344.4445049952037,345.2385071995536,True,0.13427082489785297,0.0022810126730672276,0.038549887455286085,v1_Ra40_20261001,FS 0.10,1,0.06520213410314377,2.3929999586340887,0.003925539900966348,-0.22998657096235942
1790891235.988,2026-10-01T17:47:15,1300,27.293543888433145,v1_Ra40_20261001,0.2275,0.2275,5.9011,0.2275,1.3425,1,,1300,9.9,,335.9373973218226,337.4996479605102,True,0.13095459732495077,0.0022022722140185207,0.03816166573967615,v1_Ra40_20261001,FS 0.10,1,0.06829413217525418,2.4391093751897133,0.004001178997342555,-0.46288956096048883
1790891237.041,2026-10-01T17:47:17,1300,27.293543888433145,v1_Ra40_20261001,0.2379,0.2379,5.574,0.2379,1.3261,1,,1300,9.9,,330.60526219960593,333.2315362747522,True,0.1288760326477851,0.0021753692238435456,0.03830345021672447,v1_Ra40_20261001,FS 0.10,1,0.07141614964612293,2.52201089339608,0.0041371728223301395,-0.7881229083254837
1790891238.122,2026-10-01T17:47:18,1300,27.293543888433145,v1_Ra40_20261001,0.2482,0.2482,5.0351,0.2482,1.2497,1,,1300,9.8,,321.1310480893417,325.0001730312306,True,0.12518280913747895,0.0020500406598576875,0.03716163857066979,v1_Ra40_20261001,FS 0.10,1,0.07450814771823334,2.548194868672298,0.004180125702183669,-1.1904993482933057
1790891239.177,2026-10-01T17:47:19,1300,27.293543888433145,v1_Ra40_20261001,0.2586,0.2586,4.7879,0.2586,1.2382,1,,1300,9.9,,311.53909754202687,315.6117762764211,True,0.12144368979114098,0.002031175758210601,0.03795330706634029,v1_Ra40_20261001,FS 0.10,1,0.07763016518910211,2.644553222868392,0.004338194473904051,-1.2904077225645905
1790891240.233,2026-10-01T17:47:20,1300,27.293543888433145,v1_Ra40_20261001,0.2689,0.2689,4.1648,0.2689,1.1199,1,,1300,9.9,,301.9804476815125,308.57138127685175,True,0.11771755166709431,0.0018371133351801423,0.03541374061871598,v1_Ra40_20261001,FS 0.10,1,0.08072216326121251,2.6373117568652047,0.004326315383127455,-2.1359510295693496
1790891241.289,2026-10-01T17:47:21,1300,27.293543888433145,v1_Ra40_20261001,0.2793,0.2793,3.5231,0.2793,0.984,1,,1300,9.8,,332.0693920660233,289.8648153677186,True,0.12944677749077274,0.001614179410498491,0.028296820076320832,v1_Ra40_20261001,FS 0.10,1,0.08384418073208127,2.6178269470510256,0.00429435199001818,14.56008955235375
1790891249.834,2026-10-01T17:47:29,1400,29.42566858080394,v1_Ra40_20261001,0.006,0.006,17.6141,0.006,0.1057,1,,1400,10.2,,551.2825447087152,555.2065075699034,True,0.19932888081000502,0.0001383669804319891,0.001830931631659266,v1_Ra40_20261001,FS 0.10,1,0.001801163925501209,0.10820937012351108,0.00014165188077992167,-0.7067573610336386
1790891250.891,2026-10-01T17:47:30,1400,29.42566858080394,v1_Ra40_20261001,0.012,0.012,16.9138,0.012,0.203,1,,1400,10.3,,542.4997800585061,546.0465064859136,True,0.19615327029059543,0.00026573790943891946,0.003573286622623564,v1_Ra40_20261001,FS 0.10,1,0.003602327851002418,0.20944964927540455,0.0002741808469515315,-0.6495282700795024
1790891251.946,2026-10-01T17:47:31,1400,29.42566858080394,v1_Ra40_20261001,0.024,0.024,16.6972,0.024,0.4007,1,,1400,10.4,,543.4642002036753,549.8036031348192,True,0.19650197857097243,0.0005245378340501233,0.007040763936946201,v1_Ra40_20261001,FS 0.10,1,0.007204655702004836,0.4193229346643386,0.0005489162563423347,-1.153030444871317
1790891253.002,2026-10-01T17:47:33,1400,29.42566858080394,v1_Ra40_20261001,0.0361,0.0361,15.8618,0.0361,0.5726,1,,1400,10.4,,535.0000965596792,536.250329912275,True,0.19344158726598543,0.0007495641721415038,0.010220422874737203,v1_Ra40_20261001,FS 0.10,1,0.010837002951765607,0.6092930444004943,0.0007975973391855274,-0.23314360530097833
1790891254.06,2026-10-01T17:47:34,1400,29.42566858080394,v1_Ra40_20261001,0.0481,0.0481,15.3534,0.0481,0.7385,1,,1400,10.4,,520.1464515034331,530.4809049438518,True,0.18807091033556494,0.0009667361877864139,0.013558019107922988,v1_Ra40_20261001,FS 0.10,1,0.014439330802768024,0.7988612989841003,0.0010457523720379034,-1.9481292058028954
1790891255.132,2026-10-01T17:47:35,1400,29.42566858080394,v1_Ra40_20261001,0.0601,0.0601,14.8107,0.0601,0.8901,1,,1400,10.4,,514.2834438920772,523.691138157983,True,0.18595100511351662,0.0011651887349339025,0.01652751802865631,v1_Ra40_20261001,FS 0.10,1,0.018041658653770443,0.9798531896812358,0.0012826804836598453,-1.7964203669735834
1790891256.189,2026-10-01T17:47:36,1400,29.42566858080394,v1_Ra40_20261001,0.0721,0.0721,14.0711,0.0721,1.0145,1,,1400,10.4,,506.73228837822535,502.3262735957246,True,0.18322071119827268,0.001328035020324058,0.019118105572093952,v1_Ra40_20261001,FS 0.10,1,0.02164398650477286,1.1393687164919006,0.0014914948807914412,0.8771221045162259
1790891257.242,2026-10-01T17:47:37,1400,29.42566858080394,v1_Ra40_20261001,0.0842,0.0842,13.6861,0.0842,1.1524,1,,1400,10.4,,496.210126885353,498.8372998209684,True,0.1794161817528781,0.0015085535312187722,0.022177317206765863,v1_Ra40_20261001,FS 0.10,1,0.02527633375453363,1.3184722529949686,0.0017259510352911579,-0.5266592808032322
1790891258.298,2026-10-01T17:47:38,1400,29.42566858080394,v1_Ra40_20261001,0.0962,0.0962,12.9729,0.0962,1.248,1,,1400,10.4,,476.41594190261003,490.90885150476424,True,0.17225913900406203,0.0016336990688658693,0.02501495246176571,v1_Ra40_20261001,FS 0.10,1,0.02887866160553605,1.4606827490003054,0.0019121122171075618,-2.952260803146989
1790891259.355,2026-10-01T17:47:39,1400,29.42566858080394,v1_Ra40_20261001,0.1082,0.1082,12.2491,0.1082,1.3254,1,,1400,10.4,,466.63031422738186,468.1400963309443,True,0.16872092029706987,0.001735019828425339,0.027123479355163575,v1_Ra40_20261001,FS 0.10,1,0.03248098945653847,1.5904168811191717,0.002081941168103326,-0.3225064709037717
1790891260.409,2026-10-01T17:47:40,1400,29.42566858080394,v1_Ra40_20261001,0.1202,0.1202,11.6161,0.1202,1.3963,1,,1400,10.4,,458.6463470914623,462.7658000847532,True,0.1658341333873418,0.0018278317386677993,0.029071817331391137,v1_Ra40_20261001,FS 0.10,1,0.036083317307540885,1.7193746493515683,0.0022507538170490685,-0.8901809495292068
1790891261.464,2026-10-01T17:47:41,1400,29.42566858080394,v1_Ra40_20261001,0.1322,0.1322,11.2727,0.1322,1.4903,1,,1400,10.5,,457.44684307453554,455.9025442827192,True,0.16540042512736514,0.0019508827903291705,0.03111031788030565,v1_Ra40_20261001,FS 0.10,1,0.03968564515854331,1.8771560536974936,0.0024572981546807093,0.33873440961949
1790891262.521,2026-10-01T17:47:42,1400,29.42566858080394,v1_Ra40_20261001,0.1443,0.1443,10.773,0.1443,1.5545,1,,1401,10.4,,445.0959754756468,450.310324757379,True,0.16093468493814897,0.002034924040506405,0.033350967791424754,v1_Ra40_20261001,FS 0.10,1,0.04331799240830408,2.0114643500486156,0.0026331149324770146,-1.1579457531962323
1790891263.574,2026-10-01T17:47:43,1400,29.42566858080394,v1_Ra40_20261001,0.1563,0.1563,10.2201,0.1563,1.5974,1,,1400,10.4,,437.99927996458337,435.76820444396844,True,0.15836871148724446,0.0020910824459986696,0.03482664712812555,v1_Ra40_20261001,FS 0.10,1,0.046920320259306494,2.1296407235892127,0.0027878141563674142,0.5119867621965923
1790891264.629,2026-10-01T17:47:44,1400,29.42566858080394,v1_Ra40_20261001,0.1683,0.1683,10.0846,0.1683,1.6972,1,,1401,10.3,,435.2940115225465,439.05868163030846,True,0.15739055947423855,0.002221726009358296,0.03723245837507788,v1_Ra40_20261001,FS 0.10,1,0.05052264811030891,2.3104407332433405,0.003024491085392165,-0.8574412180583746
1790891265.681,2026-10-01T17:47:45,1400,29.42566858080394,v1_Ra40_20261001,0.1803,0.1803,9.4826,0.1803,1.7097,1,,1400,10.4,,427.45095746095103,429.1739061568478,True,0.15455472292683575,0.0022380891811217764,0.038194866773094735,v1_Ra40_20261001,FS 0.10,1,0.05412497596131133,2.4096643790109966,0.003154380170087755,-0.4014570017374486
1790891266.851,2026-10-01T17:47:46,1400,29.42566858080394,v1_Ra40_20261001,0.1923,0.1923,8.9242,0.1923,1.7161,1,,1400,10.4,,414.6846858785466,419.94913503123144,True,0.1499387838751435,0.002246467125064678,0.03951809273033946,v1_Ra40_20261001,FS 0.10,1,0.057727303812313745,2.5085116608921827,0.003283776574229755,-1.2535920933122835
1790891267.907,2026-10-01T17:47:47,1400,29.42566858080394,v1_Ra40_20261001,0.2044,0.2044,8.7566,0.2044,1.7898,1,,1400,10.4,,412.282466005945,411.76517257046044,True,0.1490702060410344,0.002342944385782158,0.041455391480330395,v1_Ra40_20261001,FS 0.10,1,0.06135965106207452,2.681224717091359,0.003509867246580374,0.1256282633752992
1790891268.963,2026-10-01T17:47:48,1400,29.42566858080394,v1_Ra40_20261001,0.2164,0.2164,8.231,0.2164,1.7812,1,,1400,10.3,,406.05539243151725,410.3772668236502,True,0.14681866439832184,0.002331686523608883,0.04188888362315174,v1_Ra40_20261001,FS 0.10,1,0.06496197891307694,2.776566968167217,0.003634675377034064,-1.0531466388439492
1790891270.019,2026-10-01T17:47:50,1400,29.42566858080394,v1_Ra40_20261001,0.2284,0.2284,7.8364,0.2284,1.7898,1,,1400,10.4,,398.4890186899065,400.00004023567044,True,0.14408286798288775,0.002342944385782158,0.042890343841701886,v1_Ra40_20261001,FS 0.10,1,0.06856430676407935,2.8948328553566047,0.0037894917791012907,-0.3777553484428764
1790891271.073,2026-10-01T17:47:51,1400,29.42566858080394,v1_Ra40_20261001,0.2404,0.2404,7.2655,0.2404,1.7466,1,,1401,10.4,,387.87788853105667,392.2538109122911,True,0.14024616987046992,0.00228639326416757,0.04300013460273031,v1_Ra40_20261001,FS 0.10,1,0.07216663461508177,2.967022378659522,0.0038839917446476424,-1.1155844148606375
1790891272.151,2026-10-01T17:47:52,1400,29.42566858080394,v1_Ra40_20261001,0.2525,0.2525,6.88,0.2525,1.7372,1,,1400,10.4,,381.21886542069205,380.8028349544884,True,0.13783844694033748,0.0022740881590014327,0.04351578458754315,v1_Ra40_20261001,FS 0.10,1,0.07579898186484255,3.0797688616256105,0.004031582949967835,0.10925088471396283
1790891273.208,2026-10-01T17:47:53,1400,29.42566858080394,v1_Ra40_20261001,0.2645,0.2645,6.5125,0.2645,1.7226,1,,1401,10.4,,375.1346286727312,381.5790740071293,True,0.13563855123677418,0.0022549759743816875,0.0438499062494085,v1_Ra40_20261001,FS 0.10,1,0.07940130971584497,3.1920533541231992,0.004178569384936896,-1.6888885616085147
1790891274.258,2026-10-01T17:47:54,1400,29.42566858080394,v1_Ra40_20261001,0.2765,0.2765,5.8254,0.2765,1.6107,1,,1400,10.4,,361.7777316050024,367.4131324900259,True,0.13080905795939937,0.0021084928607550124,0.042515198329233686,v1_Ra40_20261001,FS 0.10,1,0.0830036375668474,3.212761482734318,0.004205677438166014,-1.5338049695805211
1790891275.315,2026-10-01T17:47:55,1400,29.42566858080394,v1_Ra40_20261001,0.2885,0.2885,5.3545,0.2885,1.5448,1,,1400,10.4,,360.4548008194115,356.81754127783734,True,0.1303307219130073,0.0020222262192179444,0.040925390178648914,v1_Ra40_20261001,FS 0.10,1,0.08660596541784979,3.2851932474589653,0.004300494510751725,1.0193611918708934
1790891276.366,2026-10-01T17:47:56,1400,29.42566858080394,v1_Ra40_20261001,0.3005,0.3005,5.6371,0.3005,1.6939,1,,1400,10.4,,360.29253344661356,364.0267184571826,True,0.13027205041302556,0.002217406132012737,0.04489561116202956,v1_Ra40_20261001,FS 0.10,1,0.09020829326885221,3.5783486482971436,0.0046842506849362866,-1.0257997067894542
1790891277.448,2026-10-01T17:47:57,1400,29.42566858080394,v1_Ra40_20261001,0.3126,0.3126,4.4694,0.3126,1.3971,1,,1400,10.4,,338.06048688850296,341.96530842356196,True,0.1222335427528826,0.0018288789816606618,0.039464305285761996,v1_Ra40_20261001,FS 0.10,1,0.09384064051861299,3.4325998911112863,0.00449345772908461,-1.141876511702311
1790891278.499,2026-10-01T17:47:58,1400,29.42566858080394,v1_Ra40_20261001,0.3246,0.3246,4.6349,0.3246,1.5045,1,,1400,10.4,,346.99904347405663,340.4761288441591,True,0.1254654834289596,0.0019694713534524843,0.041403332323535734,v1_Ra40_20261001,FS 0.10,1,0.0974429683696154,3.6955502611441355,0.004837673894694066,1.9158214269062945
1790891279.555,2026-10-01T17:47:59,1400,29.42566858080394,v1_Ra40_20261001,0.3366,0.3366,3.9713,0.3366,1.3367,1,,1400,10.4,,330.83696820747264,337.4998844496872,True,0.11962171346857121,0.0017498121356995253,0.03858258288067541,v1_Ra40_20261001,FS 0.10,1,0.10104529622061782,3.689024267290515,0.004829131018025729,-1.9741980810093707
1790891280.607,2026-10-01T17:48:00,1400,29.42566858080394,v1_Ra40_20261001,0.3486,0.3486,3.7616,0.3486,1.3113,1,,1400,10.4,,379.29873676127954,332.3076061978668,True,0.13714418027006925,0.0017165621706761332,0.03301353629465196,v1_Ra40_20261001,FS 0.10,1,0.10464762407162025,3.8306219095504233,0.005014489941353946,14.140853139374943
1790891287.972,2026-10-01T17:48:07,1500,31.557793273174738,v1_Ra40_20261001,0.0069,0.0069,19.3788,0.0069,0.1337,1,,1501,10.9,,613.7789798171525,612.4995270042746,True,0.2069320261090043,0.00014188876886528883,0.002080131440577407,v1_Ra40_20261001,FS 0.10,1,0.0020713385143263903,0.13670919154573574,0.0001450822653776619,0.20889041647684792
1790891289.029,2026-10-01T17:48:09,1500,31.557793273174738,v1_Ra40_20261001,0.0138,0.0138,18.7903,0.0138,0.2593,1,,1500,11.0,,605.5549065281411,604.1670739644815,True,0.2041593274592867,0.00027518143430642773,0.004089030702137722,v1_Ra40_20261001,FS 0.10,1,0.004142677028652781,0.26721076028150714,0.0002835767075834021,0.22971006257472837
1790891290.085,2026-10-01T17:48:10,1500,31.557793273174738,v1_Ra40_20261001,0.0277,0.0277,18.23,0.0277,0.505,1,,1501,10.9,,594.9981733050436,603.3373909411921,True,0.2006001860308875,0.0005359299048389742,0.008104890051842369,v1_Ra40_20261001,FS 0.10,1,0.008315373456063915,0.5285308296795203,0.0005609019351576423,-1.3821814728140036
1790891291.161,2026-10-01T17:48:11,1500,31.557793273174738,v1_Ra40_20261001,0.0415,0.0415,17.4899,0.0415,0.7258,1,,1500,10.9,,589.1892957720302,592.2553834387259,True,0.19864175663390224,0.0007702533166972822,0.011763417141997032,v1_Ra40_20261001,FS 0.10,1,0.012458050484716696,0.7724354589940676,0.0008197450733325544,-0.5176968842213858
1790891292.216,2026-10-01T17:48:12,1500,31.557793273174738,v1_Ra40_20261001,0.0553,0.0553,17.0803,0.0553,0.9445,1,,1500,11.0,,581.0812906422825,579.7298425821396,True,0.19590818969144894,0.001002348109149329,0.015521598733713242,v1_Ra40_20261001,FS 0.10,1,0.016600727513369478,1.021809597068758,0.001084392713110119,0.2331168694237995
1790891293.272,2026-10-01T17:48:13,1500,31.557793273174738,v1_Ra40_20261001,0.0691,0.0691,16.2682,0.0691,1.1241,1,,1501,10.9,,568.4210894592752,570.3620231468562,True,0.1916398762302617,0.0011929481307514673,0.01888452854905033,v1_Ra40_20261001,FS 0.10,1,0.020743404542022253,1.2396532439035914,0.001315578703046688,-0.34029854878351307
1790891294.324,2026-10-01T17:48:14,1500,31.557793273174738,v1_Ra40_20261001,0.083,0.083,16.0194,0.083,1.3296,1,,1500,11.0,,567.6692368774411,569.548727778124,True,0.19138639348938882,0.0014110344583641585,0.022366448479645636,v1_Ra40_20261001,FS 0.10,1,0.02491610096943339,1.4913260033806788,0.0015826657486647422,-0.32999650583278584
1790891295.381,2026-10-01T17:48:15,1500,31.557793273174738,v1_Ra40_20261001,0.0968,0.0968,15.255,0.0968,1.4767,1,,1500,11.0,,553.8460662707848,557.6927014574153,True,0.18672599162659131,0.0015671439415360655,0.025460948676186264,v1_Ra40_20261001,FS 0.10,1,0.02905877799808617,1.6918635192485523,0.00179548565321071,-0.6897409947410282
1790891296.434,2026-10-01T17:48:16,1500,31.557793273174738,v1_Ra40_20261001,0.1106,0.1106,14.5992,0.1106,1.6147,1,,1500,11.0,,550.240607893511,550.0004546688047,True,0.18551043222883673,0.0017135960739475082,0.02802273946239373,v1_Ra40_20261001,FS 0.10,1,0.033201455026738956,1.8908705438765687,0.0020066813280051263,0.04366418657797411
1790891297.491,2026-10-01T17:48:17,1500,31.557793273174738,v1_Ra40_20261001,0.1244,0.1244,14.1636,0.1244,1.762,1,,1499,11.0,,536.173221225954,549.6921404179602,True,0.18076769433637327,0.0018699178065866783,0.03138138929281667,v1_Ra40_20261001,FS 0.10,1,0.03734413205539173,2.106747077264728,0.0022357797240361832,-2.459361922425718
1790891298.547,2026-10-01T17:48:18,1500,31.557793273174738,v1_Ra40_20261001,0.1383,0.1383,13.7007,0.1383,1.8948,1,,1500,11.0,,530.8337079736475,536.2503299122409,True,0.1789675083865957,0.002010851452849284,0.034086017708449004,v1_Ra40_20261001,FS 0.10,1,0.041516828482802866,2.3162725268208906,0.002458138049267822,-1.01009204777176
1790891299.603,2026-10-01T17:48:19,1500,31.557793273174738,v1_Ra40_20261001,0.1521,0.1521,12.4224,0.1521,1.8894,1,,1500,10.9,,497.6748281747632,509.9507149899864,True,0.16778818422281908,0.002005120717233184,0.036253473045524114,v1_Ra40_20261001,FS 0.10,1,0.04565950551145565,2.39464292924209,0.002541308430083239,-2.40726926237651
1790891300.66,2026-10-01T17:48:20,1500,31.557793273174738,v1_Ra40_20261001,0.1659,0.1659,11.636,0.1659,1.9304,1,,1499,11.0,,493.18205204549486,492.0382964543023,True,0.1662734707871119,0.0020486318580220904,0.03737760133853208,v1_Ra40_20261001,FS 0.10,1,0.049802182540108424,2.526982840423432,0.0026817538083125756,0.23245255489960925
1790891301.716,2026-10-01T17:48:21,1500,31.557793273174738,v1_Ra40_20261001,0.1797,0.1797,11.5342,0.1797,2.0727,1,,1500,11.0,,491.65138245073194,498.8376897511898,True,0.16575741440368527,0.002199647353979687,0.04025784883209947,v1_Ra40_20261001,FS 0.10,1,0.05394485956876121,2.7681922603649176,0.002937736662719515,-1.4406103323993613
1790891302.801,2026-10-01T17:48:22,1500,31.557793273174738,v1_Ra40_20261001,0.1936,0.1936,10.9815,0.1936,2.126,1,,1500,11.0,,477.77767181396484,483.33349227905273,True,0.16107997326262255,0.0022562118370052656,0.042492158462999925,v1_Ra40_20261001,FS 0.10,1,0.05811755599617234,2.928770400000155,0.003108149785677797,-1.1494797182149852
1790891303.858,2026-10-01T17:48:23,1500,31.557793273174738,v1_Ra40_20261001,0.2074,0.2074,10.3575,0.2074,2.1481,1,,1500,11.0,,477.5913144228525,476.94684489404153,True,0.16101714394817657,0.0022796654031378223,0.04295062195620301,v1_Ra40_20261001,FS 0.10,1,0.062260233024825126,3.06497368897468,0.0032526951632993266,0.13512397360635475
1790891304.914,2026-10-01T17:48:24,1500,31.557793273174738,v1_Ra40_20261001,0.2212,0.2212,10.1404,0.2212,2.2431,1,,1500,11.0,,468.7618134986451,480.00011444091797,True,0.15804032887979172,0.002380483900087729,0.045694906355736545,v1_Ra40_20261001,FS 0.10,1,0.06640291005347791,3.2816464867093487,0.0034826385927471193,-2.341312138094531
1790891305.971,2026-10-01T17:48:25,1500,31.557793273174738,v1_Ra40_20261001,0.2351,0.2351,9.5548,0.2351,2.2463,1,,1500,10.9,,457.0212423113162,459.57473331036454,True,0.15408206334226104,0.002383879891563936,0.0469356409158497,v1_Ra40_20261001,FS 0.10,1,0.07057560648088904,3.4150529561507637,0.0036242158530889828,-0.555620405990398
1790891307.026,2026-10-01T17:48:27,1500,31.557793273174738,v1_Ra40_20261001,0.2489,0.2489,8.9975,0.2489,2.2395,1,,1499,11.1,,447.91672254616515,448.4528799642135,True,0.15101252726542533,0.0023766634096769957,0.047744700357897074,v1_Ra40_20261001,FS 0.10,1,0.07471828350954182,3.545119622918472,0.003762248756739558,-0.11955713565516835
1790891308.115,2026-10-01T17:48:28,1500,31.557793273174738,v1_Ra40_20261001,0.2627,0.2627,8.714,0.2627,2.2892,1,,1500,11.0,,445.71350156240896,443.75032004595596,True,0.1502697240787304,0.002429407402291841,0.04904551840347859,v1_Ra40_20261001,FS 0.10,1,0.0788609605381946,3.7392557984463233,0.003968275255900833,0.4424067832220713
1790891309.171,2026-10-01T17:48:29,1500,31.557793273174738,v1_Ra40_20261001,0.2765,0.2765,7.9321,0.2765,2.1932,1,,1500,11.0,,430.58750687466727,439.590464621881,True,0.1451700826270455,0.0023275276580056203,0.04863939834985691,v1_Ra40_20261001,FS 0.10,1,0.0830036375668474,3.7952614827343183,0.004027711139169955,-2.048032992471238
1790891310.226,2026-10-01T17:48:30,1500,31.557793273174738,v1_Ra40_20261001,0.2904,0.2904,7.2181,0.2904,2.0961,1,,1500,11.0,,421.5683243377498,429.12667533113336,True,0.14212931750216737,0.0022244805416494528,0.04748051363759193,v1_Ra40_20261001,FS 0.10,1,0.08717633399425852,3.858920642254807,0.0040952692526431125,-1.76133329105006
1790891311.282,2026-10-01T17:48:31,1500,31.557793273174738,v1_Ra40_20261001,0.3042,0.3042,6.9243,0.3042,2.1064,1,,1500,11.0,,416.4045132415822,419.51088136540875,True,0.14038836851611303,0.0022354113892134953,0.048305524287284435,v1_Ra40_20261001,FS 0.10,1,0.0913190110229113,4.036420195575842,0.0042836401808021285,-0.7404737902664271
1790891312.335,2026-10-01T17:48:32,1500,31.557793273174738,v1_Ra40_20261001,0.318,0.318,6.5537,0.318,2.0841,1,,1500,11.0,,407.547137172719,410.91324567634047,True,0.13740215550424795,0.0022117455736136754,0.048832851954091344,v1_Ra40_20261001,FS 0.10,1,0.09546168805156408,4.18888925765702,0.004445447566806194,-0.8191774149507114
1790891313.392,2026-10-01T17:48:33,1500,31.557793273174738,v1_Ra40_20261001,0.3318,0.3318,5.9959,0.3318,1.9894,1,,1500,10.9,,399.99996682288383,402.4778735654536,True,0.1348576707577249,0.002111245450864664,0.04749343050729015,v1_Ra40_20261001,FS 0.10,1,0.09960436508021685,4.27652782849834,0.0045384537666699806,-0.6156628488961591
1790891314.469,2026-10-01T17:48:34,1500,31.557793273174738,v1_Ra40_20261001,0.3457,0.3457,5.7058,0.3457,1.9725,1,,1500,10.9,,394.54495814620714,395.4552091881965,True,0.13301854619493333,0.0020933103708809437,0.047741042246307784,v1_Ra40_20261001,FS 0.10,1,0.10377706150762799,4.450939678097904,0.004723547877479256,-0.23017803807868775
1790891315.526,2026-10-01T17:48:35,1500,31.557793273174738,v1_Ra40_20261001,0.3595,0.3595,4.9469,0.3595,1.7784,1,,1499,11.0,,385.7139348878036,385.7148112101413,True,0.13004121788039638,0.0018873222629022409,0.044028663503218934,v1_Ra40_20261001,FS 0.10,1,0.10791973853628077,4.454372117972265,0.004727190545152982,-0.00022719437061669012
1790891316.577,2026-10-01T17:48:36,1500,31.557793273174738,v1_Ra40_20261001,0.3733,0.3733,4.8418,0.3733,1.8074,1,,1500,11.0,,440.1448341137211,383.0567872863071,True,0.14839228011962394,0.00191809843565537,0.03921299833817464,v1_Ra40_20261001,FS 0.10,1,0.11206241556493356,4.688474066606769,0.004975630614567453,14.903285549864131
1790891323.973,2026-10-01T17:48:43,1600,33.68991796554553,v1_Ra40_20261001,0.0079,0.0079,20.904,0.0079,0.1651,1,,1600,11.8,,663.6363957753247,659.0907435776671,True,0.2095813186008975,0.00014400703434471737,0.0023756817382301503,v1_Ra40_20261001,FS 0.10,1,0.0023715325019099255,0.16870230878090098,0.0001471491167452715,0.6896853342201359
1790891325.026,2026-10-01T17:48:45,1600,33.68991796554553,v1_Ra40_20261001,0.0158,0.0158,20.4527,0.0158,0.3232,1,,1601,11.8,,660.6062734082343,663.6363827007699,True,0.2086243833796534,0.0002819083797711245,0.004671969947416434,v1_Ra40_20261001,FS 0.10,1,0.004743065003819851,0.3328852573523948,0.0002903562609836245,-0.45659179808739125
1790891326.086,2026-10-01T17:48:46,1600,33.68991796554553,v1_Ra40_20261001,0.0315,0.0315,19.8026,0.0315,0.6238,1,,1600,11.8,,651.5151830418063,654.5456333883976,True,0.20575334930339556,0.0005441041067488474,0.009143073507868228,v1_Ra40_20261001,FS 0.10,1,0.009456110608881347,0.6529377719963242,0.0005695192741177341,-0.46298534311558504
1790891327.142,2026-10-01T17:48:47,1600,33.68991796554553,v1_Ra40_20261001,0.0473,0.0473,18.9979,0.0473,0.8986,1,,1601,11.8,,641.8695733590539,654.5447097378315,True,0.20270719389526867,0.0007837960088562267,0.013368756314209218,v1_Ra40_20261001,FS 0.10,1,0.014199175612701198,0.9572053466661056,0.0008349140110980798,-1.936481372503096
1790891328.195,2026-10-01T17:48:48,1600,33.68991796554553,v1_Ra40_20261001,0.063,0.063,18.5691,0.063,1.1699,1,,1601,11.8,,635.2939941403974,639.7061901226721,True,0.20063057698277909,0.001020435066504451,0.017585121500335785,v1_Ra40_20261001,FS 0.10,1,0.018912221217762693,1.2676149740874378,0.0011056660999956855,-0.6897222584994145
1790891329.251,2026-10-01T17:48:49,1600,33.68991796554553,v1_Ra40_20261001,0.0788,0.0788,18.0591,0.0788,1.4231,1,,1600,11.8,,627.0202110825949,634.4696671101133,True,0.19801765464441615,0.0012412865570924731,0.021673310892771955,v1_Ra40_20261001,FS 0.10,1,0.02365528622158254,1.5700648660746057,0.0013694753791171402,-1.1741232739224894
1790891330.306,2026-10-01T17:48:50,1600,33.68991796554553,v1_Ra40_20261001,0.0946,0.0946,17.4144,0.0946,1.6474,1,,1600,11.8,,622.8569370219248,625.7133281329061,True,0.19670286167512344,0.0014369302748606142,0.025257021733100727,v1_Ra40_20261001,FS 0.10,1,0.028398351225402397,1.8535373172241454,0.0016167317510642812,-0.45650156110701445
1790891331.388,2026-10-01T17:48:51,1600,33.68991796554553,v1_Ra40_20261001,0.1103,0.1103,16.6725,0.1103,1.839,1,,1600,11.9,,608.5710642284084,620.1762836859302,True,0.19219127660159546,0.001604051702967506,0.028856377591703394,v1_Ra40_20261001,FS 0.10,1,0.03311139683046389,2.1137638155778955,0.0018437120435284486,-1.8712775323409314
1790891332.442,2026-10-01T17:48:52,1600,33.68991796554553,v1_Ra40_20261001,0.1261,0.1261,15.8087,0.1261,1.9935,1,,1600,11.8,,599.9997709467152,595.833259680353,True,0.18948439831775218,0.0017388129798073537,0.03172755001753525,v1_Ra40_20261001,FS 0.10,1,0.03785446183428374,2.347218584044822,0.0020473409282077623,0.6992747045704517
1790891333.498,2026-10-01T17:48:53,1600,33.68991796554553,v1_Ra40_20261001,0.1418,0.1418,15.3526,0.1418,2.177,1,,1600,11.8,,592.9724442624547,600.000142930719,True,0.1872651161896134,0.0018988692535944866,0.03505865891039966,v1_Ra40_20261001,FS 0.10,1,0.04256750743934524,2.6190021951759754,0.002284401811445166,-1.1712828323568902
1790891334.555,2026-10-01T17:48:54,1600,33.68991796554553,v1_Ra40_20261001,0.1576,0.1576,14.9642,0.1576,2.3584,1,,1600,11.8,,586.4860610834512,595.5889483390365,True,0.185216668051054,0.0020570938207061266,0.0383999937281903,v1_Ra40_20261001,FS 0.10,1,0.04731057244316508,2.899139280960288,0.0025287489400567377,-1.5283841785464936
1790891335.609,2026-10-01T17:48:55,1600,33.68991796554553,v1_Ra40_20261001,0.1733,0.1733,14.5383,0.1733,2.5195,1,,1601,11.9,,583.7839744200437,583.7841411530917,True,0.18436332894925678,0.0021976118899546663,0.04121293800691175,v1_Ra40_20261001,FS 0.10,1,0.05202361804822659,3.1681800048688444,0.0027634173638485435,-2.856073610946197e-05
1790891336.693,2026-10-01T17:48:56,1600,33.68991796554553,v1_Ra40_20261001,0.1891,0.1891,13.5848,0.1891,2.5689,1,,1600,11.9,,571.555934203343,571.6209445070945,True,0.18050162273658463,0.002240700608892456,0.04292001277656005,v1_Ra40_20261001,FS 0.10,1,0.056766683052046435,3.336099407970544,0.002909883597946732,-0.011372974411838488
1790891337.749,2026-10-01T17:48:57,1600,33.68991796554553,v1_Ra40_20261001,0.2049,0.2049,12.7529,0.2049,2.6131,1,,1600,11.9,,551.0363340773438,560.7413689727082,True,0.17402138012339013,0.0022792536732052153,0.04528424963008601,v1_Ra40_20261001,FS 0.10,1,0.06150974805586629,3.5087413702346146,0.0030604690430654563,-1.730750651257329
1790891338.804,2026-10-01T17:48:58,1600,33.68991796554553,v1_Ra40_20261001,0.2206,0.2206,12.2931,0.2206,2.7119,1,,1601,11.8,,539.2164412707871,549.2266803190887,True,0.1702885699039849,0.0023654311110807937,0.0480266094060913,v1_Ra40_20261001,FS 0.10,1,0.06622279366092779,3.7449989650755886,0.0032665426685921945,-1.8226061127412652
1790891339.859,2026-10-01T17:48:59,1600,33.68991796554553,v1_Ra40_20261001,0.2364,0.2364,11.4006,0.2364,2.6951,1,,1600,11.8,,529.524216133882,532.4999855059787,True,0.16722769298810058,0.002350777457676849,0.048602704925417434,v1_Ra40_20261001,FS 0.10,1,0.07096585866474764,3.876423244657046,0.003381176349654682,-0.5588299442429334
1790891340.914,2026-10-01T17:49:00,1600,33.68991796554553,v1_Ra40_20261001,0.2521,0.2521,11.0877,0.2521,2.7952,1,,1600,11.8,,521.9510765462474,523.170490010898,True,0.16483603907817482,0.002438088809208686,0.05113926384145104,v1_Ra40_20261001,FS 0.10,1,0.07567890426980912,4.133637952275424,0.0036055296339306737,-0.23308146922148554
1790891341.966,2026-10-01T17:49:01,1600,33.68991796554553,v1_Ra40_20261001,0.2679,0.2679,10.2932,0.2679,2.7575,1,,1600,11.8,,509.52357596970614,514.8613084048748,True,0.16091134179766775,0.0024052053131772147,0.05168001359787848,v1_Ra40_20261001,FS 0.10,1,0.08042196927362899,4.263944549174267,0.0037191884260261003,-1.036732096203885
1790891343.053,2026-10-01T17:49:03,1600,33.68991796554553,v1_Ra40_20261001,0.2837,0.2837,9.6967,0.2837,2.751,1,,1600,11.9,,498.7713476704812,504.1681353217655,True,0.15751570798494305,0.0023995357448959266,0.05266965520261578,v1_Ra40_20261001,FS 0.10,1,0.08516503427744883,4.435373705235483,0.0038687160115172775,-1.0704341018775376
1790891344.109,2026-10-01T17:49:04,1600,33.68991796554553,v1_Ra40_20261001,0.2994,0.2994,9.1667,0.2994,2.7445,1,,1601,11.8,,481.66891122837114,497.9691377477593,True,0.15211463112471765,0.0023938661766146384,0.0544109114538981,v1_Ra40_20261001,FS 0.10,1,0.08987807988251033,4.615505283786279,0.004025834209088038,-3.273340712059325
1790891345.163,2026-10-01T17:49:05,1600,33.68991796554553,v1_Ra40_20261001,0.3152,0.3152,8.4998,0.3152,2.6791,1,,1600,11.8,,473.912437341005,477.7223683448028,True,0.14966507887689612,0.00233682159729214,0.05398364437488084,v1_Ra40_20261001,FS 0.10,1,0.09462114488633017,4.74781675716488,0.004141241737198471,-0.7975199103609776
1790891346.216,2026-10-01T17:49:06,1600,33.68991796554553,v1_Ra40_20261001,0.3309,0.3309,7.6416,0.3309,2.5286,1,,1600,11.9,,461.769206138797,469.5657163115129,True,0.14583015598292043,0.0022055492855484696,0.052290951897888495,v1_Ra40_20261001,FS 0.10,1,0.09933419049139168,4.80360544849308,0.004189902936399845,-1.6603661429881011
1790891347.281,2026-10-01T17:49:07,1600,33.68991796554553,v1_Ra40_20261001,0.3467,0.3467,7.1886,0.3467,2.4923,1,,1600,11.8,,461.7020074355878,459.5743690043264,True,0.1458089341317433,0.002173886927300661,0.051547776480907234,v1_Ra40_20261001,FS 0.10,1,0.10407725549521153,4.984799239189068,0.004347947639245435,0.4629584621681504
1790891348.339,2026-10-01T17:49:08,1600,33.68991796554553,v1_Ra40_20261001,0.3624,0.3624,6.9489,0.3624,2.5183,1,,1600,11.9,,448.43043365362973,458.71692604507643,True,0.1416176722436995,0.0021965652004258132,0.05362703283844025,v1_Ra40_20261001,FS 0.10,1,0.10879030110027302,5.23674504329467,0.004567705168408626,-2.242448840973421
1790891349.393,2026-10-01T17:49:09,1600,33.68991796554553,v1_Ra40_20261001,0.3782,0.3782,6.1418,0.3782,2.3228,1,,1600,11.9,,439.90288310196775,435.14603583610096,True,0.1389246082399311,0.0020260420313501486,0.05042273410990529,v1_Ra40_20261001,FS 0.10,1,0.11353336610409287,5.278521151308044,0.004604144014086824,1.0931611169861188
1790891350.449,2026-10-01T17:49:10,1600,33.68991796554553,v1_Ra40_20261001,0.394,0.394,5.6612,0.394,2.2305,1,,1600,11.9,,430.00006866454896,431.9997528075419,True,0.13579722565382463,0.001945534161755858,0.049534192169175324,v1_Ra40_20261001,FS 0.10,1,0.11827643110791272,5.433419818483792,0.004739253024891965,-0.46289011278295433
1790891351.505,2026-10-01T17:49:11,1600,33.68991796554553,v1_Ra40_20261001,0.4097,0.4097,5.5303,0.4097,2.2658,1,,1600,11.9,,430.02969187632516,436.02744911838727,True,0.1358065808848288,0.0019763242787296225,0.05031465643465299,v1_Ra40_20261001,FS 0.10,1,0.12298947671297422,5.724182493521812,0.004992868231011663,-1.375545795153288
1790891352.589,2026-10-01T17:49:12,1600,33.68991796554553,v1_Ra40_20261001,0.4255,0.4255,4.9978,0.4255,2.1266,1,,1600,11.9,,419.68554888339895,420.4716766749016,True,0.1325398234525139,0.0018549082933826528,0.04838749909970217,v1_Ra40_20261001,FS 0.10,1,0.12773254171679407,5.8519634780149445,0.00510432407972459,-0.18696331646386177
1790891353.644,2026-10-01T17:49:13,1600,33.68991796554553,v1_Ra40_20261001,0.4412,0.4412,4.2733,0.4412,1.8854,1,,1600,11.9,,473.8074837582644,415.327484196132,True,0.149631933753448,0.0016445236980831626,0.037999070085421645,v1_Ra40_20261001,FS 0.10,1,0.13244558732185557,5.885883265830366,0.005133910318664027,14.080455011379932
1790891361.532,2026-10-01T17:49:21,1700,35.82204265791633,v1_Ra40_20261001,0.0089,0.0089,23.0672,0.0089,0.2053,1,,1700,12.7,,723.3340199814847,729.999047945762,True,0.21483788615903449,0.00014896162560637844,0.0027103254303677705,v1_Ra40_20261001,FS 0.10,1,0.00267172648949346,0.20953517348907685,0.0001520345838511808,-0.9130187200973472
1790891362.583,2026-10-01T17:49:22,1700,35.82204265791633,v1_Ra40_20261001,0.0178,0.0178,22.2809,0.0178,0.3966,1,,1700,12.7,,716.6665804774766,719.9996715236239,True,0.21285758581429057,0.0002877651276935689,0.005284536950629816,v1_Ra40_20261001,FS 0.10,1,0.00534345297898692,0.40821874431532507,0.0002961954591144928,-0.462929523161304
1790891363.652,2026-10-01T17:49:23,1700,35.82204265791633,v1_Ra40_20261001,0.0356,0.0356,21.671,0.0356,0.7715,1,,1700,12.7,,716.6669527700833,715.0005228676264,True,0.2128576963891487,0.0005597851639323962,0.01027992470874733,v1_Ra40_20261001,FS 0.10,1,0.01068690595797384,0.8073310779793355,0.0005857834864995211,0.23306694878675316
1790891364.706,2026-10-01T17:49:24,1700,35.82204265791633,v1_Ra40_20261001,0.0534,0.0534,21.0569,0.0534,1.1244,1,,1700,12.7,,699.9997911454557,713.7704950053376,True,0.2079073723717637,0.0008158424346410712,0.01533890326335897,v1_Ra40_20261001,FS 0.10,1,0.01603035893696076,1.1970370009920317,0.000868546408079674,-1.929290150859897
1790891365.76,2026-10-01T17:49:25,1700,35.82204265791633,v1_Ra40_20261001,0.0713,0.0713,20.1088,0.0713,1.4338,1,,1700,12.7,,693.5483837470656,691.9359783087657,True,0.20599123585677392,0.001040336964415126,0.01974163845691105,v1_Ra40_20261001,FS 0.10,1,0.021403831314706034,1.5561496126921024,0.0011291114271473539,0.23302812526686534
1790891366.815,2026-10-01T17:49:26,1700,35.82204265791633,v1_Ra40_20261001,0.0891,0.0891,19.2229,0.0891,1.7128,1,,1700,12.7,,682.3666012803642,687.0971234352737,True,0.2026701277071838,0.0012427738545475158,0.023969571724316695,v1_Ra40_20261001,FS 0.10,1,0.02674728429369295,1.8972134649041281,0.001376580622768771,-0.6884794003005568
1790891367.871,2026-10-01T17:49:27,1700,35.82204265791633,v1_Ra40_20261001,0.1069,0.1069,18.8625,0.1069,2.0164,1,,1700,12.7,,679.2202098572034,682.731129097192,True,0.2017356160380132,0.0014630600188636214,0.028348982193975063,v1_Ra40_20261001,FS 0.10,1,0.03209073727267987,2.275470906464839,0.0016510367522991813,-0.5142462516146473
1790891368.926,2026-10-01T17:49:28,1700,35.82204265791633,v1_Ra40_20261001,0.1247,0.1247,17.7864,0.1247,2.218,1,,1700,12.7,,654.5457710733899,663.6372976136045,True,0.1944070456624477,0.0016093369975399288,0.03235883686474024,v1_Ra40_20261001,FS 0.10,1,0.0374341902516668,2.5643219373742356,0.00186062135591507,-1.3699541259822312
1790891369.982,2026-10-01T17:49:29,1700,35.82204265791633,v1_Ra40_20261001,0.1425,0.1425,17.3974,0.1425,2.4791,1,,1700,12.7,,654.5458092203717,654.5447195350334,True,0.1944070569925065,0.0017987860011727849,0.03616807384855877,v1_Ra40_20261001,FS 0.10,1,0.04277764323065371,2.925266557632318,0.002122515644212785,0.0001664798914058352
1790891371.037,2026-10-01T17:49:31,1700,35.82204265791633,v1_Ra40_20261001,0.1603,0.1603,16.4114,0.1603,2.6307,1,,1700,12.7,,643.7619755946344,644.1171349153592,True,0.1912041438751289,0.0019087839672805639,0.03902270634158954,v1_Ra40_20261001,FS 0.10,1,0.04812109620964063,3.1893047672390855,0.002314096554710699,-0.05513893381698942
1790891372.094,2026-10-01T17:49:32,1700,35.82204265791633,v1_Ra40_20261001,0.1782,0.1782,15.9631,0.1782,2.8446,1,,1701,12.7,,641.1764213711649,639.7057041592234,True,0.19043620681068119,0.002063985583048729,0.04236576418244121,v1_Ra40_20261001,FS 0.10,1,0.0534945685873859,3.5289745660197114,0.0025605542526929374,0.22990528337940574
1790891373.15,2026-10-01T17:49:33,1700,35.82204265791633,v1_Ra40_20261001,0.196,0.196,15.7025,0.196,3.0777,1,,1700,12.7,,638.2348320015808,639.7062547761152,True,0.18956252352653882,0.0022331183396432095,0.046048677739924396,v1_Ra40_20261001,FS 0.10,1,0.05883802156637283,3.899770704825809,0.0028295966082951033,-0.2300153802700211
1790891374.222,2026-10-01T17:49:34,1700,35.82204265791633,v1_Ra40_20261001,0.2138,0.2138,14.6697,0.2138,3.1364,1,,1700,12.7,,618.6317241407778,624.9939177837405,True,0.18374019229556718,0.002275709900398662,0.04841396365891773,v1_Ra40_20261001,FS 0.10,1,0.06418147454535975,4.108760432980592,0.0029812354277835183,-1.017960889207259
1790891375.277,2026-10-01T17:49:35,1700,35.82204265791633,v1_Ra40_20261001,0.2316,0.2316,14.1736,0.2316,3.2826,1,,1700,12.7,,607.7341387890556,617.1430720037733,True,0.1805034937074632,0.00238178973314904,0.05157933209753042,v1_Ra40_20261001,FS 0.10,1,0.06952492752434666,4.41784375048406,0.003205500178992135,-1.524595128997941
1790891376.333,2026-10-01T17:49:36,1700,35.82204265791633,v1_Ra40_20261001,0.2494,0.2494,13.0797,0.2494,3.2621,1,,1700,12.7,,591.6669961767639,604.1656434550532,True,0.17573138170928995,0.002366915337995943,0.05264914317157188,v1_Ra40_20261001,FS 0.10,1,0.0748683805033336,4.572820657336214,0.0033179483620225545,-2.068745122084914
1790891377.389,2026-10-01T17:49:37,1700,35.82204265791633,v1_Ra40_20261001,0.2672,0.2672,12.6162,0.2672,3.371,1,,1699,12.8,,589.1892957720302,579.7294946205056,True,0.17499547837447657,0.0024459310273701983,0.054635545860666844,v1_Ra40_20261001,FS 0.10,1,0.0802118334823205,4.869791153537053,0.0035334242893056023,1.631761233351936
1790891378.442,2026-10-01T17:49:38,1700,35.82204265791633,v1_Ra40_20261001,0.2851,0.2851,12.127,0.2851,3.4574,1,,1700,12.7,,578.3785284075293,579.7298425821737,True,0.1717845656506344,0.0025086211610886155,0.05708327054543082,v1_Ra40_20261001,FS 0.10,1,0.08558530586006578,5.1580181393982345,0.003742556098158541,-0.2330937749599804
1790891379.498,2026-10-01T17:49:39,1700,35.82204265791633,v1_Ra40_20261001,0.3029,0.3029,11.3823,0.3029,3.4477,1,,1700,12.7,,562.4645216351837,573.0872253974894,True,0.16705793662331617,0.002501583032650321,0.05853366491838873,v1_Ra40_20261001,FS 0.10,1,0.0909287588390527,5.361646564798403,0.003890304862246589,-1.8535928374494581
1790891380.55,2026-10-01T17:49:40,1700,35.82204265791633,v1_Ra40_20261001,0.3207,0.3207,10.7086,0.3207,3.4342,1,,1700,12.7,,556.4107472040632,557.692518642466,True,0.1652599013226969,0.0024917876992568183,0.0589388226211669,v1_Ra40_20261001,FS 0.10,1,0.09627221181803962,5.574068579547257,0.004044434081104706,-0.22983479167388854
1790891381.608,2026-10-01T17:49:41,1700,35.82204265791633,v1_Ra40_20261001,0.3385,0.3385,10.0027,0.3385,3.3859,1,,1700,12.7,,541.9272346076013,549.9993881937598,True,0.16095814425828944,0.0024567421731156195,0.059662923809877456,v1_Ra40_20261001,FS 0.10,1,0.10161566479702655,5.764284183644797,0.004182450766940404,-1.4676659209873044
1790891382.665,2026-10-01T17:49:42,1700,35.82204265791633,v1_Ra40_20261001,0.3563,0.3563,9.3449,0.3563,3.3296,1,,1699,12.8,,532.408165028346,532.5002535266094,True,0.15813087949524077,0.0024158920049634565,0.05971985405113699,v1_Ra40_20261001,FS 0.10,1,0.10695911777601345,5.959093377091022,0.004323800470490414,-0.017293606463752997
1790891383.722,2026-10-01T17:49:43,1700,35.82204265791633,v1_Ra40_20261001,0.3741,0.3741,8.8312,0.3741,3.3038,1,,1700,12.7,,523.6318184613083,530.4878738080788,True,0.15552421135496758,0.0023971720344780957,0.06025028454521125,v1_Ra40_20261001,FS 0.10,1,0.11230257075500037,6.196996159885933,0.004496418031432505,-1.292405667551777
1790891384.801,2026-10-01T17:49:44,1700,35.82204265791633,v1_Ra40_20261001,0.392,0.392,8.016,0.392,3.1423,1,,1699,12.8,,509.57354486190525,510.7144693246255,True,0.15134875478896997,0.0022799908238817484,0.058886013536655665,v1_Ra40_20261001,FS 0.10,1,0.11767604313274566,6.313380332827669,0.004580864088891126,-0.223397716581053
1790891385.857,2026-10-01T17:49:45,1700,35.82204265791633,v1_Ra40_20261001,0.4098,0.4098,7.4486,0.4098,3.0524,1,,1700,12.7,,499.32671270971696,502.14646116060067,True,0.14830533681250194,0.002214761159283534,0.05837515229145651,v1_Ra40_20261001,FS 0.10,1,0.12301949611173257,6.51244104482191,0.0047252986103379115,-0.5615390466690684
1790891386.912,2026-10-01T17:49:46,1700,35.82204265791633,v1_Ra40_20261001,0.4276,0.4276,6.4392,0.4276,2.7534,1,,1699,12.8,,482.7258391362193,480.8654162946141,True,0.14337470105031985,0.001997812664123733,0.05446783885777017,v1_Ra40_20261001,FS 0.10,1,0.1283629490907195,6.514995346164836,0.004727151960948388,0.38689054745109086
1790891387.969,2026-10-01T17:49:47,1700,35.82204265791633,v1_Ra40_20261001,0.4454,0.4454,6.0324,0.4454,2.6868,1,,1700,12.7,,544.670895685158,474.0685206414355,True,0.16177304073758703,0.0019494890193824527,0.04710560132588594,v1_Ra40_20261001,FS 0.10,1,0.1337064020697064,6.762543236856448,0.004906767821702664,14.892862944832208
1790891396.436,2026-10-01T17:49:56,1800,37.95416735028712,v1_Ra40_20261001,0.01,0.01,25.3438,0.01,0.2534,1,,1800,13.6,,796.2959313100328,805.5558282704851,True,0.22322218476438324,0.000154584056595069,0.0030388096430283605,v1_Ra40_20261001,FS 0.10,1,0.003001939875835348,0.2583772329993976,0.00015762036625436543,-1.1495040611068763
1790891397.492,2026-10-01T17:49:57,1800,37.95416735028712,v1_Ra40_20261001,0.02,0.02,24.6392,0.02,0.4928,1,,1800,13.6,,792.591862620111,788.8903370601156,True,0.2221838392536616,0.0003006275575771507,0.00593734755462244,v1_Ra40_20261001,FS 0.10,1,0.006003879751670696,0.5067292132998573,0.0003091249304937645,0.46920660402427483
1790891398.545,2026-10-01T17:49:58,1800,37.95416735028712,v1_Ra40_20261001,0.04,0.04,23.7505,0.04,0.95,1,,1800,13.6,,774.9991570235125,788.1215689436431,True,0.21725215239607756,0.0005795377023098482,0.011705602095206933,v1_Ra40_20261001,FS 0.10,1,0.012007759503341393,0.9937574158039634,0.0006062314625351593,-1.6650238284582453
1790891399.607,2026-10-01T17:49:59,1800,37.95416735028712,v1_Ra40_20261001,0.06,0.06,22.7614,0.06,1.3657,1,,1800,13.6,,767.147025241411,767.1378328042692,True,0.21505099834952232,0.0008331312000469049,0.01699996730448392,v1_Ra40_20261001,FS 0.10,1,0.018011639255012087,1.455184607512318,0.0008877203619729969,0.0011982771216167976
1790891400.66,2026-10-01T17:50:00,1800,37.95416735028712,v1_Ra40_20261001,0.08,0.08,21.7939,0.08,1.7435,1,,1800,13.6,,751.7237067530459,755.173265711619,True,0.21072744637101887,0.0010636041936602318,0.02214802918582521,v1_Ra40_20261001,FS 0.10,1,0.024015519006682785,1.894610788424922,0.0011557877716791886,-0.4567903970120635
1790891401.715,2026-10-01T17:50:01,1800,37.95416735028712,v1_Ra40_20261001,0.1,0.1,20.9787,0.1,2.0979,1,,1799,13.6,,741.3789837571585,739.65537052527,True,0.20782755504026024,0.0012798022586061374,0.027021900735874207,v1_Ra40_20261001,FS 0.10,1,0.030019398758353483,2.326535958541774,0.001419279267110042,0.23302923233889938
1790891402.802,2026-10-01T17:50:02,1800,37.95416735028712,v1_Ra40_20261001,0.12,0.12,20.2465,0.12,2.4296,1,,1799,13.6,,741.3786386905485,734.4835087428692,True,0.20782745830923405,0.0014821524226652709,0.031294361306582266,v1_Ra40_20261001,FS 0.10,1,0.036023278510024175,2.7516601178628757,0.0016786218760462073,0.9387726021896636
1790891403.858,2026-10-01T17:50:03,1800,37.95416735028712,v1_Ra40_20261001,0.14,0.14,19.508,0.14,2.7311,1,,1800,13.6,,726.6665522253334,730.9061583317316,True,0.2037032829190559,0.0016660793881878172,0.03589002937431102,v1_Ra40_20261001,FS 0.10,1,0.04202715826169488,3.1624832663882256,0.0019292403008378692,-0.5800479388592072
1790891404.915,2026-10-01T17:50:04,1800,37.95416735028712,v1_Ra40_20261001,0.16,0.16,18.8727,0.16,3.0196,1,,1799,13.7,,723.3325894645532,724.9999999999545,True,0.20276868759824332,0.0018420758377840185,0.03986417367280849,v1_Ra40_20261001,FS 0.10,1,0.04803103801336557,3.5762054041178244,0.0021816272240952695,-0.2299876600553752
1790891405.966,2026-10-01T17:50:05,1800,37.95416735028712,v1_Ra40_20261001,0.18,0.18,18.4647,0.18,3.3236,1,,1800,13.7,,718.9571838192478,719.9994850139319,True,0.20154214911051216,0.00202752790252317,0.04414455108858419,v1_Ra40_20261001,FS 0.10,1,0.054034917765036265,4.021326531051672,0.0024531687768877034,-0.14476415836102152
1790891407.023,2026-10-01T17:50:07,1800,37.95416735028712,v1_Ra40_20261001,0.2,0.2,17.5713,0.2,3.5143,1,,1800,13.6,,709.9995994552501,709.880698440702,True,0.1990311083361944,0.002143862470765789,0.04726635482079033,v1_Ra40_20261001,FS 0.10,1,0.06003879751670697,4.3690466471897675,0.002665291847575688,0.016749436181218158
1790891408.079,2026-10-01T17:50:08,1800,37.95416735028712,v1_Ra40_20261001,0.22,0.22,16.7297,0.22,3.6805,1,,1801,13.6,,687.4990276991412,696.2523135333413,True,0.19272362064429643,0.00224525106668568,0.051121797510910366,v1_Ra40_20261001,FS 0.10,1,0.06604267726837766,4.708165752532113,0.00287216796033303,-1.2572002511243352
1790891409.134,2026-10-01T17:50:09,1800,37.95416735028712,v1_Ra40_20261001,0.24,0.24,15.8624,0.24,3.807,1,,1800,13.6,,678.1241844814303,681.4588901851948,True,0.19009561150523407,0.0023224210870458864,0.05360990351472452,v1_Ra40_20261001,FS 0.10,1,0.07204655702004835,5.023483847078706,0.003064524511922769,-0.4893480372467174
1790891410.211,2026-10-01T17:50:10,1800,37.95416735028712,v1_Ra40_20261001,0.26,0.26,15.4787,0.26,4.0245,1,,1800,13.6,,677.110788661912,676.521442057583,True,0.18981153065040435,0.0024551047188905092,0.05675754212149914,v1_Ra40_20261001,FS 0.10,1,0.07805043677171906,5.445700930829549,0.003322093689389009,0.08711425354628322
1790891411.275,2026-10-01T17:50:11,1800,37.95416735028712,v1_Ra40_20261001,0.28,0.28,14.976,0.28,4.1933,1,,1800,13.6,,675.0002011657216,675.0009320534446,True,0.18921987881154476,0.0025580794179956698,0.05932304213077348,v1_Ra40_20261001,FS 0.10,1,0.08405431652338977,5.835117003784641,0.0035596529485078703,-0.0001082795131446268
1790891412.336,2026-10-01T17:50:12,1800,37.95416735028712,v1_Ra40_20261001,0.3,0.3,14.3791,0.3,4.3137,1,,1800,13.6,,656.9949804439148,665.6250754371285,True,0.18417255337805355,0.00263152819626736,0.06269880578554438,v1_Ra40_20261001,FS 0.10,1,0.09005819627506044,6.19203206594398,0.003777385301185344,-1.2965399459367144
1790891413.419,2026-10-01T17:50:13,1800,37.95416735028712,v1_Ra40_20261001,0.32,0.32,13.0309,0.32,4.1699,1,,1799,13.6,,641.1756850319307,649.9941364151709,True,0.1797379989059657,0.0025438044893282483,0.06210405784484893,v1_Ra40_20261001,FS 0.10,1,0.09606207602673114,6.30064611730757,0.0038436441830441005,-1.3566970668190237
1790891414.476,2026-10-01T17:50:14,1800,37.95416735028712,v1_Ra40_20261001,0.34,0.34,12.5029,0.34,4.251,1,,1800,13.7,,627.8482059867656,635.2939840000772,True,0.17600196450859168,0.0025932787079149104,0.06465585056696731,v1_Ra40_20261001,FS 0.10,1,0.10206595577840184,6.650059157875408,0.0040568000048207134,-1.1720208597647774
1790891415.53,2026-10-01T17:50:15,1800,37.95416735028712,v1_Ra40_20261001,0.36,0.36,11.4063,0.36,4.1063,1,,1800,13.7,,605.5549065281411,616.299471819957,True,0.16975258056087525,0.0025050059652578205,0.06475428759039001,v1_Ra40_20261001,FS 0.10,1,0.10806983553007253,6.789571187647494,0.0041419078797456585,-1.7434000486949541
1790891416.585,2026-10-01T17:50:16,1800,37.95416735028712,v1_Ra40_20261001,0.38,0.38,10.7346,0.38,4.0791,1,,1800,13.6,,603.1591749493145,604.1670739644815,True,0.16908099551804465,0.00248841288578116,0.06458085580019955,v1_Ra40_20261001,FS 0.10,1,0.11407371528174323,7.062482206623829,0.004308394432243116,-0.166824552114897
1790891417.639,2026-10-01T17:50:17,1800,37.95416735028712,v1_Ra40_20261001,0.4,0.4,10.4719,0.4,4.1888,1,,1800,13.7,,590.9609893605648,591.6662096984282,True,0.1656615310573855,0.002555334239405781,0.06768652120452319,v1_Ra40_20261001,FS 0.10,1,0.12007759503341393,7.488192214804412,0.004568094432233939,-0.11919226183677578
1790891418.708,2026-10-01T17:50:18,1800,37.95416735028712,v1_Ra40_20261001,0.42,0.42,9.2893,0.42,3.9015,1,,1800,13.6,,573.6837350078076,576.6068564171292,True,0.16081827327882622,0.0023800698374335503,0.06494271731074044,v1_Ra40_20261001,FS 0.10,1,0.12608147478508464,7.532801212189245,0.004595307691019994,-0.5069522460216636
1790891419.76,2026-10-01T17:50:19,1800,37.95416735028712,v1_Ra40_20261001,0.44,0.44,8.6761,0.44,3.8175,1,,1799,13.7,,575.2515238284104,576.3155754923218,True,0.16125776471916098,0.0023288265037556266,0.06337130490778584,v1_Ra40_20261001,FS 0.10,1,0.13208535453675532,7.796609198778327,0.00475624103249244,-0.1846300376321497
1790891420.814,2026-10-01T17:50:20,1800,37.95416735028712,v1_Ra40_20261001,0.46,0.46,8.1559,0.46,3.7517,1,,1800,13.6,,563.1577877461041,568.4216226932676,True,0.1578675801356293,0.002288685892374587,0.06361644423538325,v1_Ra40_20261001,FS 0.10,1,0.13808923428842604,8.094516174571657,0.004937976110653853,-0.9260441082840409
1790891421.866,2026-10-01T17:50:21,1800,37.95416735028712,v1_Ra40_20261001,0.48,0.48,7.6217,0.48,3.6584,1,,1800,13.6,,551.1484202414522,560.6551491355503,True,0.1545010462295518,0.002231769189610893,0.06338609591430686,v1_Ra40_20261001,FS 0.10,1,0.1440931140400967,8.380822139569235,0.005112634111824695,-1.6956464073782596
1790891422.922,2026-10-01T17:50:22,1800,37.95416735028712,v1_Ra40_20261001,0.5,0.5,7.2166,0.5,3.6083,1,,1800,13.6,,547.2739648221705,547.5000364383732,True,0.15341493694598252,0.0022012062013101316,0.06296065423230104,v1_Ra40_20261001,FS 0.10,1,0.1500969937917674,8.726227093771064,0.005323344841850554,-0.041291616649630214
1790891423.977,2026-10-01T17:50:23,1800,37.95416735028712,v1_Ra40_20261001,0.52,0.52,6.2693,0.52,3.26,1,,1800,13.6,,534.127477502625,539.9990987762294,True,0.14972963917406204,0.001988729378452742,0.058283290375417414,v1_Ra40_20261001,FS 0.10,1,0.15610087354343813,8.789331037177142,0.0053618407517118695,-1.0873390875856925
1790891425.034,2026-10-01T17:50:25,1800,37.95416735028712,v1_Ra40_20261001,0.54,0.54,5.9562,0.54,3.2163,1,,1799,13.7,,606.6292382968641,526.8302333127622,True,0.1700537433260568,0.001962070644146489,0.050629611415066125,v1_Ra40_20261001,FS 0.10,1,0.16210475329510882,9.172933969787465,0.005595853764516402,15.14700560791995
1790891491.385,2026-10-01T17:51:31,500,10.236546349466778,v1_Ra40_repeat_20261001,0.001,0.001,3.2466,0.001,0.0032,1,,500,4.5,,109.569979876823,106.50506976631834,True,0.11388340683039917,9.950069187899449e-05,0.0002788879682920129,v1_Ra40_repeat_20261001,FS 0.10,2,0.00030019398758353484,0.003518859671391958,0.0001094153037276847,2.877712879987171
1790891492.44,2026-10-01T17:51:32,500,10.236546349466778,v1_Ra40_repeat_20261001,0.002,0.002,3.2508,0.002,0.0065,1,,500,4.5,,112.25430632489868,110.76935100865413,True,0.11667340680389066,0.00020211078037920754,0.0005529447362686307,v1_Ra40_repeat_20261001,FS 0.10,2,0.0006003879751670697,0.007177466815794538,0.0002231759106594,1.3405832053024591
1790891493.495,2026-10-01T17:51:33,500,10.236546349466778,v1_Ra40_repeat_20261001,0.004,0.004,3.1378,0.004,0.0126,1,,501,4.4,,112.13557188447751,112.63485364250876,True,0.11654999816040582,0.0003917839742735408,0.001072997042378561,v1_Ra40_repeat_20261001,FS 0.10,2,0.0012007759503341394,0.014113923523631564,0.0004388578611651739,-0.4432746542343935
1790891494.548,2026-10-01T17:51:34,500,10.236546349466778,v1_Ra40_repeat_20261001,0.006,0.006,2.9579,0.006,0.0177,1,,500,4.5,,109.69422738638883,111.49612455131201,True,0.11401254557529496,0.0005503632019556883,0.0015408518168255555,v1_Ra40_repeat_20261001,FS 0.10,2,0.001801163925501209,0.020209370123511077,0.0006283894717900102,-1.6161074406616849
1790891495.604,2026-10-01T17:51:35,500,10.236546349466778,v1_Ra40_repeat_20261001,0.008,0.008,2.7425,0.008,0.0219,1,,500,4.4,,106.93720744387818,107.8512002594989,True,0.11114699039215596,0.0006809578600468685,0.001955629852523538,v1_Ra40_repeat_20261001,FS 0.10,2,0.0024015519006682787,0.025563806615433077,0.0007948801391551274,-0.8474572498234356
1790891496.809,2026-10-01T17:51:36,500,10.236546349466778,v1_Ra40_repeat_20261001,0.01,0.01,2.4653,0.01,0.0247,1,,501,4.5,,101.34952415065186,103.81665482904339,True,0.10533933750733032,0.0007680209654409887,0.002327269196760919,v1_Ra40_repeat_20261001,FS 0.10,2,0.003001939875835348,0.029677232999397566,0.0009227828801544327,-2.37643052788995
1790891497.864,2026-10-01T17:51:37,500,10.236546349466778,v1_Ra40_repeat_20261001,0.012,0.012,2.3563,0.012,0.0283,1,,500,4.4,,97.4472148145928,99.03128309649887,True,0.1012834064740667,0.0008799592438048575,0.002773245945348136,v1_Ra40_repeat_20261001,FS 0.10,2,0.003602327851002418,0.03474964927540454,0.0010805044204547348,-1.5995635241467188
1790891498.92,2026-10-01T17:51:38,500,10.236546349466778,v1_Ra40_repeat_20261001,0.014,0.014,2.3183,0.014,0.0325,1,,500,4.6,,93.91300129305762,95.82830826761892,True,0.09761006203473249,0.0010105539018960379,0.0033046770389196178,v1_Ra40_repeat_20261001,FS 0.10,2,0.004202715826169488,0.04058105544345401,0.0012618259668135967,-1.9986859928826428
1790891499.974,2026-10-01T17:51:39,500,10.236546349466778,v1_Ra40_repeat_20261001,0.016,0.016,2.0783,0.016,0.0333,1,,500,4.5,,89.0624959692154,90.00010728846313,True,0.09256860750723206,0.0010354290748657866,0.003570431895458232,v1_Ra40_repeat_20261001,FS 0.10,2,0.004803103801336557,0.04317145150354596,0.0013423716543822751,-1.0417891128090995
1790891501.031,2026-10-01T17:51:41,500,10.236546349466778,v1_Ra40_repeat_20261001,0.018,0.018,1.8776,0.018,0.0338,1,,500,4.5,,85.96516103660932,87.67278427283323,True,0.0893493401986451,0.0010509760579718792,0.003754616645839933,v1_Ra40_repeat_20261001,FS 0.10,2,0.005403491776503627,0.045620837455680394,0.0014185327784185455,-1.9477232876623063
1790891502.087,2026-10-01T17:51:42,500,10.236546349466778,v1_Ra40_repeat_20261001,0.02,0.02,1.7424,0.02,0.0348,1,,500,4.5,,80.26112839520607,82.44285537382616,True,0.08342075765619081,0.001082070024184065,0.004140429219229945,v1_Ra40_repeat_20261001,FS 0.10,2,0.006003879751670696,0.04872921329985733,0.0015151845118921575,-2.646350576684109
1790891503.142,2026-10-01T17:51:43,500,10.236546349466778,v1_Ra40_repeat_20261001,0.022,0.022,1.5604,0.022,0.0343,1,,499,4.5,,74.4828104661444,78.07030848960785,True,0.0774149654469516,0.0010665230410779722,0.004397536436034483,v1_Ra40_repeat_20261001,FS 0.10,2,0.006604267726837766,0.05049657903607674,0.0015701389223787387,-4.595214355968624
1790891504.211,2026-10-01T17:51:44,500,10.236546349466778,v1_Ra40_repeat_20261001,0.024,0.024,1.3152,0.024,0.0316,1,,500,4.5,,71.97586349105123,72.9294455802755,True,0.07480932782077217,0.0009825693323050706,0.00419248561206565,v1_Ra40_repeat_20261001,FS 0.10,2,0.007204655702004836,0.05022293466433865,0.0015616302335297598,-1.307540571077881
1790891505.266,2026-10-01T17:51:45,500,10.236546349466778,v1_Ra40_repeat_20261001,0.026,0.026,0.9613,0.026,0.025,1,,499,4.5,,66.11847763406189,69.230756533927,True,0.0687213550269098,0.0007773491553046445,0.003610676216096914,v1_Ra40_repeat_20261001,FS 0.10,2,0.007805043677171905,0.046208280184643034,0.0014367987027845042,-4.495514790944
1790891506.323,2026-10-01T17:51:46,500,10.236546349466778,v1_Ra40_repeat_20261001,0.028,0.028,0.9292,0.028,0.026,1,,499,4.5,,67.53154349983532,63.343138841617375,True,0.07019004887034153,0.0008084431215168302,0.0036765294906070402,v1_Ra40_repeat_20261001,FS 0.10,2,0.008405431652338976,0.049952615596989915,0.0015532249415831088,6.612246779703468
1790891516.924,2026-10-01T17:51:56,600,12.368671041837572,v1_Ra40_repeat_20261001,0.0011,0.0011,4.8335,0.0011,0.0053,1,,600,4.8,,157.5486152168196,158.82352637687873,True,0.135523271552185,9.342072773205202e-05,0.0003212422516920958,v1_Ra40_repeat_20261001,FS 0.10,2,0.0003302133863418883,0.005652931749546738,9.964169770986383e-05,-0.8027218568575578
1790891518.002,2026-10-01T17:51:58,600,12.368671041837572,v1_Ra40_repeat_20261001,0.0021,0.0021,4.6901,0.0021,0.0098,1,,600,4.8,,155.67368510805437,156.5217653102117,True,0.13391045723501777,0.00017274021354228488,0.0006011491696433965,v1_Ra40_repeat_20261001,FS 0.10,2,0.0006304073739254231,0.01051551364125038,0.00018535225223432653,-0.5418289274188193
1790891519.057,2026-10-01T17:51:59,600,12.368671041837572,v1_Ra40_repeat_20261001,0.0042,0.0042,4.4254,0.0042,0.0186,1,,600,4.8,,152.5749380071133,154.65419882686575,True,0.13124491590826956,0.00032785387468229574,0.0011641290424923808,v1_Ra40_repeat_20261001,FS 0.10,2,0.0012608147478508462,0.0202063136384776,0.0003561676462054086,-1.3444580460955757
1790891520.108,2026-10-01T17:52:00,600,12.368671041837572,v1_Ra40_repeat_20261001,0.0064,0.0064,4.1734,0.0064,0.0267,1,,600,4.8,,147.95097584649284,148.97062881586436,True,0.12726738504467935,0.0004706289491407149,0.0017233155602688127,v1_Ra40_repeat_20261001,FS 0.10,2,0.001921241520534623,0.02942753823053208,0.0005187060446903943,-0.684465775217924
1790891521.163,2026-10-01T17:52:01,600,12.368671041837572,v1_Ra40_repeat_20261001,0.0085,0.0085,4.1233,0.0085,0.035,1,,600,4.8,,146.5873516545713,146.74399251375476,True,0.12609439592381286,0.0006169293340795889,0.002280042423309293,v1_Ra40_repeat_20261001,FS 0.10,2,0.002551648894460046,0.038977257909045215,0.0006870346790307329,-0.10674430789305855
1790891522.219,2026-10-01T17:52:02,600,12.368671041837572,v1_Ra40_repeat_20261001,0.0106,0.0106,3.9363,0.0106,0.0417,1,,600,4.8,,144.5654444518638,144.96644483572751,True,0.12435515195452286,0.0007350272351748245,0.002754501043632964,v1_Ra40_repeat_20261001,FS 0.10,2,0.003182056268385469,0.0471022639435352,0.0008302505236664628,-0.27661600194314184
1790891523.291,2026-10-01T17:52:03,600,12.368671041837572,v1_Ra40_repeat_20261001,0.0127,0.0127,3.8522,0.0127,0.0489,1,,600,4.8,,141.10096982897744,142.5588963877523,True,0.12137501192309871,0.000861938412471197,0.0033094074661400574,v1_Ra40_repeat_20261001,FS 0.10,2,0.0038124636423108923,0.05590255633400202,0.000985369338642359,-1.022683673707303
1790891524.343,2026-10-01T17:52:04,600,12.368671041837572,v1_Ra40_repeat_20261001,0.0149,0.0149,3.4965,0.0149,0.0521,1,,600,4.8,,134.54939373553003,137.96776198014342,True,0.11573934813268612,0.0009183433801584737,0.0036976632766044693,v1_Ra40_repeat_20261001,FS 0.10,2,0.004472890414994669,0.06096705867135513,0.0010746390544831526,-2.477657240758435
1790891525.399,2026-10-01T17:52:05,600,12.368671041837572,v1_Ra40_repeat_20261001,0.017,0.017,3.4535,0.017,0.0587,1,,600,4.8,,130.61445529962015,131.09616580977956,True,0.11235451527041661,0.001034678626013482,0.004291590148148676,v1_Ra40_repeat_20261001,FS 0.10,2,0.005103297788920092,0.06952627074310787,0.0012255084545880783,-0.3674482065771256
1790891526.455,2026-10-01T17:52:06,600,12.368671041837572,v1_Ra40_repeat_20261001,0.0191,0.0191,3.3171,0.0191,0.0634,1,,600,4.8,,127.98850507800523,130.17277573477415,True,0.11009567367744749,0.0011175234223041695,0.004730310766209675,v1_Ra40_repeat_20261001,FS 0.10,2,0.005733705162845515,0.07636076917083745,0.0013459770992677127,-1.6779780906103992
1790891527.51,2026-10-01T17:52:07,600,12.368671041837572,v1_Ra40_repeat_20261001,0.0212,0.0212,2.9073,0.0212,0.0616,1,,600,4.8,,121.59860316145767,125.40353589909543,True,0.10459908196550935,0.0010857956279800764,0.004837528181854105,v1_Ra40_repeat_20261001,FS 0.10,2,0.006364112536770938,0.07687055395454387,0.0013549628474715959,-3.0341510790408255
1790891528.591,2026-10-01T17:52:08,600,12.368671041837572,v1_Ra40_repeat_20261001,0.0234,0.0234,2.6639,0.0234,0.0623,1,,600,4.8,,114.93102956464156,118.77287595742771,True,0.09886363715749291,0.0010981342146616682,0.005176332097006915,v1_Ra40_repeat_20261001,FS 0.10,2,0.007024539309454715,0.08017833403719563,0.001413267606433655,-3.234615952351949
1790891529.646,2026-10-01T17:52:09,600,12.368671041837572,v1_Ra40_repeat_20261001,0.0255,0.0255,2.5097,0.0255,0.064,1,,600,4.8,,110.73653525179452,113.16757317371113,True,0.09525553440773687,0.001128099353745534,0.00551900039208581,v1_Ra40_repeat_20261001,FS 0.10,2,0.007654946683380137,0.08454703850218795,0.0014902728046158906,-2.148175359548443
1790891530.703,2026-10-01T17:52:10,600,12.368671041837572,v1_Ra40_repeat_20261001,0.0276,0.0276,2.206,0.0276,0.0609,1,,600,4.8,,103.6739816807966,107.14669277443818,True,0.089180327944405,0.0010734570412984847,0.005609432112372566,v1_Ra40_repeat_20261001,FS 0.10,2,0.008285354057305561,0.08429102932315713,0.0014857602454062407,-3.2410809925344286
1790891531.754,2026-10-01T17:52:11,600,12.368671041837572,v1_Ra40_repeat_20261001,0.0297,0.0297,2.3118,0.0297,0.0687,1,,600,4.8,,102.85717470285789,102.8570552749045,True,0.08847771082698656,0.0012109441500362216,0.00637813236966701,v1_Ra40_repeat_20261001,FS 0.10,2,0.008915761431230984,0.09511030650010316,0.0016764668015204066,0.00011611060910521331
1790891532.951,2026-10-01T17:52:12,600,12.368671041837572,v1_Ra40_repeat_20261001,0.0319,0.0319,2.2064,0.0319,0.0704,1,,600,4.8,,100.9170474762854,102.36974169831754,True,0.08680881396863767,0.0012409092891200874,0.006661614627381399,v1_Ra40_repeat_20261001,FS 0.10,2,0.009576188203914761,0.10016136432805355,0.0017654995370116901,-1.4190660227640373
1790891534.006,2026-10-01T17:52:14,600,12.368671041837572,v1_Ra40_repeat_20261001,0.034,0.034,1.9687,0.034,0.0669,1,,600,4.8,,96.65085354118048,98.63004195900587,True,0.08313903522532197,0.0011792163557121284,0.006609853075934513,v1_Ra40_repeat_20261001,FS 0.10,2,0.010206595577840184,0.10003956118628549,0.0017633525675505538,-2.006679079228213
1790891535.059,2026-10-01T17:52:15,600,12.368671041837572,v1_Ra40_repeat_20261001,0.0361,0.0361,1.6495,0.0361,0.0595,1,,600,4.9,,92.80111749741735,94.54221936093248,True,0.0798274934352203,0.001048779867935301,0.006122589492027171,v1_Ra40_repeat_20261001,FS 0.10,2,0.010837002951765607,0.09619304440049427,0.0016955517378595786,-1.8416130648130302
1790891536.115,2026-10-01T17:52:16,600,12.368671041837572,v1_Ra40_repeat_20261001,0.0382,0.0382,1.6906,0.0382,0.0646,1,,600,4.9,,87.80488655866776,90.8218870331055,True,0.07552973708034691,0.0011386752851868984,0.007025629023642193,v1_Ra40_repeat_20261001,FS 0.10,2,0.01146741032569103,0.1050218139706799,0.0018511725073360574,-3.3218870175401816
1790891537.17,2026-10-01T17:52:17,600,12.368671041837572,v1_Ra40_repeat_20261001,0.0404,0.0404,1.1903,0.0404,0.0481,1,,600,4.8,,83.40681490786892,85.03934693017001,True,0.07174651716554854,0.0008478371705493777,0.005506998034520028,v1_Ra40_repeat_20261001,FS 0.10,2,0.012127837098374807,0.09261614954392888,0.0016325034132329045,-1.9197372524998868
1790891538.25,2026-10-01T17:52:18,600,12.368671041837572,v1_Ra40_repeat_20261001,0.0425,0.0425,1.4281,0.0425,0.0607,1,,600,4.8,,81.20298471342693,81.74033245907992,True,0.06985078309333703,0.0010699317308180297,0.007138189621801412,v1_Ra40_repeat_20261001,FS 0.10,2,0.01275824447230023,0.10930383879540043,0.0019266498422968318,-0.6573838513832753
1790891539.302,2026-10-01T17:52:19,600,12.368671041837572,v1_Ra40_repeat_20261001,0.0446,0.0446,0.8824,0.0446,0.0394,1,,600,4.8,,72.71082588563758,74.62967259777358,True,0.06254583061692888,0.0006944861646495942,0.005174501608068778,v1_Ra40_repeat_20261001,FS 0.10,2,0.013388651846225653,0.09226681440284881,0.001626345839062701,-2.5711578857887774
1790891540.358,2026-10-01T17:52:20,600,12.368671041837572,v1_Ra40_repeat_20261001,0.0467,0.0467,0.5539,0.0467,0.0259,1,,600,4.8,,76.95737392683384,69.00956915756353,True,0.06619870996819721,0.0004565277072188957,0.0032138152453064198,v1_Ra40_repeat_20261001,FS 0.10,2,0.014019059220151077,0.08320507636627406,0.0014666186387053367,11.51696042489958
1790891548.772,2026-10-01T17:52:28,700,14.500795734208369,v1_Ra40_repeat_20261001,0.0015,0.0015,5.8584,0.0015,0.0088,1,,700,5.3,,189.21539616838743,188.9385432176539,True,0.13883116319856179,9.625951326874047e-05,0.0004441171894793222,v1_Ra40_repeat_20261001,FS 0.10,2,0.00045029098137530226,0.00929319480946692,0.00010165436466714444,0.146530689831037
1790891549.825,2026-10-01T17:52:29,700,14.500795734208369,v1_Ra40_repeat_20261001,0.0029,0.0029,5.7225,0.0029,0.0166,1,,700,5.3,,190.01439918752396,191.15040416362064,True,0.1394174078741651,0.00018158044548421498,0.0008342437415129107,v1_Ra40_repeat_20261001,FS 0.10,2,0.000870562563992251,0.017634197335180943,0.0001928930968601634,-0.5942990186535435
1790891551.01,2026-10-01T17:52:31,700,14.500795734208369,v1_Ra40_repeat_20261001,0.0058,0.0058,5.5518,0.0058,0.0322,1,,700,5.3,,186.3248891536358,186.61359703626488,True,0.1367103397390667,0.00035222230991516397,0.0016502752340295259,v1_Ra40_repeat_20261001,FS 0.10,2,0.001741125127984502,0.034602670918381206,0.00037850412050020177,-0.15470892111519863
1790891552.066,2026-10-01T17:52:32,700,14.500795734208369,v1_Ra40_repeat_20261001,0.0088,0.0088,5.2798,0.0088,0.0465,1,,700,5.3,,184.3439416668076,185.56045487030417,True,0.13525687850176402,0.0005086440189768672,0.002408770731554455,v1_Ra40_repeat_20261001,FS 0.10,2,0.0026417070907351066,0.050670098381973776,0.0005542589781281806,-0.6555886082230344
1790891553.123,2026-10-01T17:52:33,700,14.500795734208369,v1_Ra40_repeat_20261001,0.0117,0.0117,5.0492,0.0117,0.0591,1,,700,5.3,,180.2213266707355,181.82248693370013,True,0.13223203249602367,0.0006464701402480184,0.0031315019072906576,v1_Ra40_repeat_20261001,FS 0.10,2,0.0035122696547273576,0.06531865122838579,0.0007144933607517083,-0.8806172932550926
1790891554.178,2026-10-01T17:52:34,700,14.500795734208369,v1_Ra40_repeat_20261001,0.0146,0.0146,4.811,0.0146,0.0702,1,,700,5.3,,175.6095893039685,178.2153475352132,True,0.12884830751402082,0.0007678883899392705,0.003817334935751792,v1_Ra40_repeat_20261001,FS 0.10,2,0.004382832218719608,0.07880148032281714,0.0008619763796284782,-1.462140195714523
1790891555.232,2026-10-01T17:52:35,700,14.500795734208369,v1_Ra40_repeat_20261001,0.0175,0.0175,4.7555,0.0175,0.0832,1,,700,5.3,,174.0859167564281,174.43115965441507,True,0.12773035814841793,0.0009100899436317281,0.00456384692523041,v1_Ra40_repeat_20261001,FS 0.10,2,0.00525339478271186,0.09451858566526782,0.0010338992103395943,-0.19792501447044586
1790891556.299,2026-10-01T17:52:36,700,14.500795734208369,v1_Ra40_repeat_20261001,0.0204,0.0204,4.6105,0.0204,0.0941,1,,700,5.3,,170.6521708885333,171.4286312582118,True,0.12521094935493976,0.001029320477112327,0.005265616042375353,v1_Ra40_repeat_20261001,FS 0.10,2,0.006123957346704111,0.1084699672557378,0.001186507528671993,-0.4529350575686264
1790891557.355,2026-10-01T17:52:37,700,14.500795734208369,v1_Ra40_repeat_20261001,0.0234,0.0234,4.3994,0.0234,0.1029,1,,700,5.3,,166.7183470085206,169.44983665372035,True,0.12232462320950063,0.0011255799903810676,0.005893908116778187,v1_Ra40_repeat_20261001,FS 0.10,2,0.007024539309454715,0.12077833403719562,0.0013211435963442954,-1.6119753781655755
1790891558.41,2026-10-01T17:52:38,700,14.500795734208369,v1_Ra40_repeat_20261001,0.0263,0.0263,3.9625,0.0263,0.1042,1,,700,5.3,,158.92058102404008,163.2443838813245,True,0.11660324459075334,0.0011398001457503134,0.006261219898636095,v1_Ra40_repeat_20261001,FS 0.10,2,0.007895101873446966,0.12580979489087737,0.0013761806387086282,-2.648668673605181
1790891559.462,2026-10-01T17:52:39,700,14.500795734208369,v1_Ra40_repeat_20261001,0.0292,0.0292,3.6975,0.0292,0.108,1,,700,5.3,,152.25258286233156,155.50689810953884,True,0.11171079947401433,0.001181366753752724,0.00677377034823781,v1_Ra40_repeat_20261001,FS 0.10,2,0.008765664437439216,0.13367553199257845,0.0014622206415392666,-2.0927143983766827
1790891560.519,2026-10-01T17:52:40,700,14.500795734208369,v1_Ra40_repeat_20261001,0.0321,0.0321,3.6089,0.0321,0.1158,1,,700,5.3,,147.70209211703218,151.4681558009471,True,0.10837201237694324,0.0012666876859681985,0.007486749366598668,v1_Ra40_repeat_20261001,FS 0.10,2,0.009636227001431467,0.14587554534229885,0.00159567147641611,-2.4863732340308697
1790891561.575,2026-10-01T17:52:41,700,14.500795734208369,v1_Ra40_repeat_20261001,0.035,0.035,3.2574,0.035,0.114,1,,700,5.3,,140.80127812699743,141.9415425004857,True,0.10330874557807852,0.0012469982400723197,0.007731604607783959,v1_Ra40_repeat_20261001,FS 0.10,2,0.01050678956542372,0.1488098349400386,0.0016277684410147416,-0.8033337903766702
1790891562.628,2026-10-01T17:52:42,700,14.500795734208369,v1_Ra40_repeat_20261001,0.038,0.038,3.1164,0.038,0.1184,1,,700,5.3,,135.711471259566,138.44633053395086,True,0.09957425133410752,0.00129512799670669,0.008331180151767226,v1_Ra40_repeat_20261001,FS 0.10,2,0.011407371528174323,0.15845914103936162,0.00173331815788996,-1.9753931099778743
1790891563.68,2026-10-01T17:52:43,700,14.500795734208369,v1_Ra40_repeat_20261001,0.0409,0.0409,2.7464,0.0409,0.1123,1,,700,5.3,,129.67038365964925,132.51527442894826,True,0.09514178317631301,0.0012284026522817676,0.008270092030944575,v1_Ra40_repeat_20261001,FS 0.10,2,0.012277934092166574,0.15777350990031308,0.0017258183261028345,-2.1468398881250295
1790891564.736,2026-10-01T17:52:44,700,14.500795734208369,v1_Ra40_repeat_20261001,0.0438,0.0438,2.5148,0.0438,0.1101,1,,700,5.3,,124.45515816617956,127.1722192420242,True,0.09131526674972765,0.0012043377739645825,0.008447842335800995,v1_Ra40_repeat_20261001,FS 0.10,2,0.013148496656158824,0.1613221550092839,0.0017646354682565877,-2.1365209257485307
1790891565.792,2026-10-01T17:52:45,700,14.500795734208369,v1_Ra40_repeat_20261001,0.0467,0.0467,2.2383,0.0467,0.1045,1,,700,5.3,,119.66430787416016,121.3378512573712,True,0.08780012299176772,0.001143081720066293,0.00833917406880909,v1_Ra40_repeat_20261001,FS 0.10,2,0.014019059220151077,0.16180507636627406,0.0017699179426623776,-1.3792426401727398
1790891566.872,2026-10-01T17:52:46,700,14.500795734208369,v1_Ra40_repeat_20261001,0.0496,0.0496,2.3318,0.0496,0.1157,1,,700,5.3,,116.85062740399985,118.42122536769892,True,0.08573566872191643,0.0012655938278628718,0.009455264721206946,v1_Ra40_repeat_20261001,FS 0.10,2,0.014889621784143327,0.17942227397128352,0.0019626250865961764,-1.3262807903079432
1790891567.928,2026-10-01T17:52:47,700,14.500795734208369,v1_Ra40_repeat_20261001,0.0525,0.0525,2.2041,0.0525,0.1157,1,,700,5.3,,112.34433992633512,113.75935520541134,True,0.08242931445635467,0.0012655938278628718,0.00983452851891245,v1_Ra40_repeat_20261001,FS 0.10,2,0.01576018434813558,0.1861737478243123,0.002036476630566538,-1.2438671760411912
1790891568.985,2026-10-01T17:52:48,700,14.500795734208369,v1_Ra40_repeat_20261001,0.0555,0.0555,1.9457,0.0555,0.108,1,,700,5.3,,108.03985765889479,110.20140065790685,True,0.07927102875520323,0.001181366753752724,0.009545773694848755,v1_Ra40_repeat_20261001,FS 0.10,2,0.016660766310886182,0.185809796256693,0.002032495516844671,-1.9614478455877715
1790891570.041,2026-10-01T17:52:50,700,14.500795734208369,v1_Ra40_repeat_20261001,0.0584,0.0584,1.5372,0.0584,0.0898,1,,700,5.3,,104.42430782184431,105.95427799336647,True,0.07661822671242764,0.0009822845785832834,0.008211946540666922,v1_Ra40_repeat_20261001,FS 0.10,2,0.017531328874878432,0.17504134937293356,0.001914703987788879,-1.4439909369378667
1790891571.099,2026-10-01T17:52:51,700,14.500795734208369,v1_Ra40_repeat_20261001,0.0613,0.0613,1.4852,0.0613,0.091,1,,700,5.3,,105.1620506248554,101.84940000605991,True,0.07715952352842377,0.0009954108758472027,0.008263303959159968,v1_Ra40_repeat_20261001,FS 0.10,2,0.018401891438870686,0.1840071787371934,0.0020127774389995874,3.2524989038702046
1790891579.522,2026-10-01T17:52:59,800,16.632920426579165,v1_Ra40_repeat_20261001,0.0019,0.0019,6.8462,0.0019,0.013,1,,800,5.9,,222.68024756414775,224.08746584934818,True,0.1424411632064417,9.422677271927996e-05,0.000557484810483323,v1_Ra40_repeat_20261001,FS 0.10,2,0.0005703685764087161,0.013639817465068801,9.88643061702695e-05,-0.6279772408807949
1790891580.59,2026-10-01T17:53:00,800,16.632920426579165,v1_Ra40_repeat_20261001,0.0038,0.0038,6.8048,0.0038,0.0259,1,,800,5.9,,223.71134750392514,222.6805513498519,True,0.1431007236138446,0.0001877287241099501,0.0011055620750774202,v1_Ra40_repeat_20261001,FS 0.10,2,0.0011407371528174323,0.02732312330770595,0.00019804382537662074,0.46290353954341334
1790891581.645,2026-10-01T17:53:01,800,16.632920426579165,v1_Ra40_repeat_20261001,0.0077,0.0077,6.4928,0.0077,0.05,1,,800,5.9,,218.71911755277722,221.9568840592416,True,0.13990735981524052,0.000362410664304923,0.0021830045522219753,v1_Ra40_repeat_20261001,FS 0.10,2,0.002311493704393218,0.053480505536027075,0.00038763811077349367,-1.458736691221607
1790891582.698,2026-10-01T17:53:02,800,16.632920426579165,v1_Ra40_repeat_20261001,0.0115,0.0115,6.372,0.0115,0.0733,1,,800,5.9,,217.17163390000565,216.66662331785176,True,0.13891748588634503,0.0005312940338710171,0.003223088702461236,v1_Ra40_repeat_20261001,FS 0.10,2,0.0034522308572106503,0.07936663990402382,0.0005752663338253375,0.2330818537809698
1790891583.755,2026-10-01T17:53:03,800,16.632920426579165,v1_Ra40_repeat_20261001,0.0154,0.0154,6.1927,0.0154,0.0954,1,,800,5.9,,214.7288277871951,217.99404527193786,True,0.13735490389713512,0.000691479547493793,0.00424257377850006,v1_Ra40_repeat_20261001,FS 0.10,2,0.004622987408786436,0.10471763874685391,0.0007590157804538054,-1.4978470997542903
1790891584.811,2026-10-01T17:53:04,800,16.632920426579165,v1_Ra40_repeat_20261001,0.0192,0.0192,5.7077,0.0192,0.1096,1,,800,5.8,,207.90869562872842,212.54355460933425,True,0.13299229172789098,0.0007944041761563912,0.005033954460669928,v1_Ra40_repeat_20261001,FS 0.10,2,0.005763724561603868,0.12266678417514146,0.0008891150148212326,-2.1806631535474796
1790891585.894,2026-10-01T17:53:05,800,16.632920426579165,v1_Ra40_repeat_20261001,0.023,0.023,5.5967,0.023,0.1287,1,,800,5.9,,206.66662351478635,206.78104908685953,True,0.13219777942322317,0.0009328450499208718,0.005946748679850016,v1_Ra40_repeat_20261001,FS 0.10,2,0.0069044617144213005,0.14608988311370238,0.0010588906317493085,-0.055336585522935966
1790891586.95,2026-10-01T17:53:06,800,16.632920426579165,v1_Ra40_repeat_20261001,0.0269,0.0269,5.4642,0.0269,0.147,1,,800,5.9,,201.4065616575067,202.51375968046403,True,0.12883309244409213,0.0010654873530564735,0.006969716311713807,v1_Ra40_repeat_20261001,FS 0.10,2,0.008075218265997088,0.16942355612105886,0.0012280180704547067,-0.5467273061861677
1790891588.002,2026-10-01T17:53:08,800,16.632920426579165,v1_Ra40_repeat_20261001,0.0307,0.0307,5.2016,0.0307,0.1597,1,,800,5.9,,198.4055813462163,198.95342656579658,True,0.12691346494692635,0.001157539661789924,0.007686389941043987,v1_Ra40_repeat_20261001,FS 0.10,2,0.00921595541881452,0.18760966611991062,0.001359834874570832,-0.27536355067455665
1790891589.059,2026-10-01T17:53:09,800,16.632920426579165,v1_Ra40_repeat_20261001,0.0346,0.0346,4.9596,0.0346,0.1716,1,,800,5.9,,189.95305321534204,194.1080624862451,True,0.12150666325630909,0.0012437933998944955,0.00862665414604562,v1_Ra40_repeat_20261001,FS 0.10,2,0.010386711970390304,0.20573695574177606,0.001491225336048992,-2.1405650119234454
1790891590.115,2026-10-01T17:53:10,800,16.632920426579165,v1_Ra40_repeat_20261001,0.0384,0.0384,4.724,0.0384,0.1814,1,,800,5.9,,185.01500398929807,186.2070726017123,True,0.11834795706919769,0.0013148258900982607,0.009362713094946547,v1_Ra40_repeat_20261001,FS 0.10,2,0.011527449123207736,0.22218607680091856,0.0016104520738545107,-0.6401843902911319
1790891591.199,2026-10-01T17:53:11,800,16.632920426579165,v1_Ra40_repeat_20261001,0.0423,0.0423,4.3425,0.0423,0.1837,1,,800,5.9,,179.86030855349213,182.4181523323574,True,0.11505066949258128,0.001331496780656287,0.009753156751853082,v1_Ra40_repeat_20261001,FS 0.10,2,0.012698205674783523,0.23190698303729304,0.0016809112755899174,-1.4021870883797805
1790891592.254,2026-10-01T17:53:12,800,16.632920426579165,v1_Ra40_repeat_20261001,0.0461,0.0461,4.0697,0.0461,0.1876,1,,800,5.9,,173.83405873610513,175.83220611456625,True,0.1111958775065344,0.0013597648124720708,0.010305506599037327,v1_Ra40_repeat_20261001,FS 0.10,2,0.013838942827600956,0.24361911515672632,0.0017658033072265342,-1.1363944197794962
1790891593.311,2026-10-01T17:53:13,800,16.632920426579165,v1_Ra40_repeat_20261001,0.0499,0.0499,3.8352,0.0499,0.1914,1,,800,5.8,,170.83999429732444,171.42855683150913,True,0.10928067386346269,0.001387308022959245,0.010698521584391966,v1_Ra40_repeat_20261001,FS 0.10,2,0.014979679980418388,0.25580520078643304,0.001854130654993308,-0.3433281741753058
1790891594.399,2026-10-01T17:53:14,800,16.632920426579165,v1_Ra40_repeat_20261001,0.0538,0.0538,3.5819,0.0538,0.1927,1,,800,5.9,,163.77356072040925,164.9269332040319,True,0.10476051085202676,0.0013967307002311733,0.011235937253449341,v1_Ra40_repeat_20261001,FS 0.10,2,0.016150436531994175,0.26630878118733387,0.0019302628460067207,-0.6993233071252325
1790891595.455,2026-10-01T17:53:15,800,16.632920426579165,v1_Ra40_repeat_20261001,0.0576,0.0576,3.369,0.0576,0.1941,1,,800,5.9,,157.70381379049923,160.26779709474113,True,0.10087789520684677,0.001406878198831711,0.011753161973054815,v1_Ra40_repeat_20261001,FS 0.10,2,0.017291173684811607,0.27725787787733136,0.002009624234105937,-1.5998119090176455
1790891596.533,2026-10-01T17:53:16,800,16.632920426579165,v1_Ra40_repeat_20261001,0.0615,0.0615,3.2016,0.0615,0.1969,1,,800,5.9,,150.35200989422037,152.97875668140932,True,0.09617519027407118,0.0014271731960327865,0.012505695793561386,v1_Ra40_repeat_20261001,FS 0.10,2,0.01846193023638739,0.2904550748927412,0.0021052803328522897,-1.7170663719403567
1790891597.586,2026-10-01T17:53:17,800,16.632920426579165,v1_Ra40_repeat_20261001,0.0653,0.0653,3.0109,0.0653,0.1966,1,,800,5.8,,145.25089039296972,148.8296388393195,True,0.09291217344450756,0.0014249987320469571,0.012925164889749033,v1_Ra40_repeat_20261001,FS 0.10,2,0.019602667389204822,0.3008671826430294,0.0021807495105842178,-2.4045939197725907
1790891598.642,2026-10-01T17:53:18,800,16.632920426579165,v1_Ra40_repeat_20261001,0.0691,0.0691,2.5256,0.0691,0.1745,1,,800,5.9,,137.1894462508294,141.29066982044094,True,0.08775553520069818,0.0012648132184241811,0.012146358919806996,v1_Ra40_repeat_20261001,FS 0.10,2,0.020743404542022253,0.2900532439035911,0.002102367776137966,-2.9026853470392355
1790891599.694,2026-10-01T17:53:19,800,16.632920426579165,v1_Ra40_repeat_20261001,0.073,0.073,2.2022,0.073,0.1608,1,,800,5.8,,133.42800637581718,136.99246820225994,True,0.08534946696164841,0.0011655126964046322,0.011508280252839849,v1_Ra40_repeat_20261001,FS 0.10,2,0.02191416109359804,0.28853311508352736,0.0020913495582277988,-2.6019399994896664
1790891600.751,2026-10-01T17:53:20,800,16.632920426579165,v1_Ra40_repeat_20261001,0.0768,0.0768,2.2473,0.0768,0.1726,1,,800,5.9,,129.43957955073984,128.64258470246455,True,0.0827982027047496,0.001251041613180594,0.012733420460575403,v1_Ra40_repeat_20261001,FS 0.10,2,0.023054898246415472,0.3127821874043798,0.0022671120063993636,0.619542004786866
1790891601.809,2026-10-01T17:53:21,800,16.632920426579165,v1_Ra40_repeat_20261001,0.0807,0.0807,1.9895,0.0807,0.1606,1,,800,5.9,,122.67859712005702,126.3157815484135,True,0.07847342665308227,0.0011640630537474125,0.012501096912060864,v1_Ra40_repeat_20261001,FS 0.10,2,0.02422565479799126,0.314155675198825,0.0022770673388793554,-2.8794378531097786
1790891602.865,2026-10-01T17:53:22,800,16.632920426579165,v1_Ra40_repeat_20261001,0.0845,0.0845,1.5902,0.0845,0.1344,1,,800,5.9,,117.0921732348404,118.66056022635689,True,0.07489997671722626,0.0009741598656516329,0.01096081339714314,v1_Ra40_repeat_20261001,FS 0.10,2,0.025366391950808694,0.30156775857996826,0.0021858274343982587,-1.3217424462893423
1790891603.92,2026-10-01T17:53:23,800,16.632920426579165,v1_Ra40_repeat_20261001,0.0883,0.0883,1.414,0.0883,0.1249,1,,800,5.9,,120.79334945396454,115.50795448337112,True,0.0772674962958642,0.0009053018394336975,0.009873947108199159,v1_Ra40_repeat_20261001,FS 0.10,2,0.026507129103626126,0.306253795471385,0.002219792829253773,4.5757844074317156
1790891612.307,2026-10-01T17:53:32,900,18.76504511894996,v1_Ra40_repeat_20261001,0.0024,0.0024,8.2069,0.0024,0.0197,1,,900,6.7,,262.7666075655725,261.8740467415279,True,0.14898511726158398,9.943834353324325e-05,0.0007159248447795076,v1_Ra40_repeat_20261001,FS 0.10,2,0.0007204655702004835,0.020532038965998544,0.00010363816975324365,0.34083592289906317
1790891613.38,2026-10-01T17:53:33,900,18.76504511894996,v1_Ra40_repeat_20261001,0.0049,0.0049,7.9416,0.0049,0.0389,1,,900,6.7,,261.44575821439844,260.24113205283186,True,0.1482362135203792,0.00019635287124076967,0.0014208210518063247,v1_Ra40_repeat_20261001,FS 0.10,2,0.0014709505391593207,0.040842199494437084,0.00020615637888228878,0.46288845735655837
1790891614.436,2026-10-01T17:53:34,900,18.76504511894996,v1_Ra40_repeat_20261001,0.0098,0.0098,7.73,0.0098,0.0758,1,,900,6.7,,257.26566191877964,258.43398312213424,True,0.14586615538195277,0.0003826104791786721,0.0028135767353610515,v1_Ra40_repeat_20261001,FS 0.10,2,0.0029419010783186413,0.0806387358158592,0.0004070346352357287,-0.45207723428635216
1790891615.491,2026-10-01T17:53:35,900,18.76504511894996,v1_Ra40_repeat_20261001,0.0147,0.0147,7.1931,0.0147,0.1057,1,,900,6.6,,251.32613869024,255.88263805372833,True,0.1424985259374045,0.0005335346655565387,0.004016138768330975,v1_Ra40_repeat_20261001,FS 0.10,2,0.004412851617477962,0.11438960896426636,0.0005773966108031513,-1.780698916560175
1790891616.548,2026-10-01T17:53:36,900,18.76504511894996,v1_Ra40_repeat_20261001,0.0196,0.0196,7.2049,0.0196,0.1412,1,,900,6.7,,248.27576655957273,248.27613762485612,True,0.1407690061411514,0.0007127255891824338,0.005430899263988391,v1_Ra40_repeat_20261001,FS 0.10,2,0.005883802156637283,0.15469481893965853,0.0007808424643926208,-0.00014945668437293946
1790891617.605,2026-10-01T17:53:37,900,18.76504511894996,v1_Ra40_repeat_20261001,0.0244,0.0244,6.8051,0.0244,0.166,1,,900,6.7,,245.02945614056557,249.9999732909231,True,0.13892839198197748,0.0008379068541379889,0.006469357840332098,v1_Ra40_repeat_20261001,FS 0.10,2,0.00732473329703825,0.18512728457703614,0.0009344543411750156,-1.9882070725557144
1790891618.661,2026-10-01T17:53:38,900,18.76504511894996,v1_Ra40_repeat_20261001,0.0293,0.0293,6.6497,0.0293,0.1948,1,,900,6.6,,242.2692621760632,244.1468642579366,True,0.13736339928645974,0.0009832786456992785,0.007678245924182558,v1_Ra40_repeat_20261001,FS 0.10,2,0.00879568383619757,0.22062169194462317,0.0011136170352525282,-0.7690461589913267
1790891619.714,2026-10-01T17:53:39,900,18.76504511894996,v1_Ra40_repeat_20261001,0.0342,0.0342,6.4621,0.0342,0.221,1,,900,6.7,,234.44782979600518,237.36299084054053,True,0.13292875277223054,0.0011155265949668407,0.009001552913647367,v1_Ra40_repeat_20261001,FS 0.10,2,0.010266634375356892,0.25447043613919523,0.0012844730278103317,-1.2281447222299846
1790891620.788,2026-10-01T17:53:40,900,18.76504511894996,v1_Ra40_repeat_20261001,0.0391,0.0391,6.1087,0.0391,0.2389,1,,900,6.6,,228.2649224471811,230.40588537870406,True,0.12942312781890694,0.0012058792015275032,0.009994207300103725,v1_Ra40_repeat_20261001,FS 0.10,2,0.011737584914516213,0.2809735171607523,0.0014182508184352543,-0.929213647474314
1790891621.845,2026-10-01T17:53:41,900,18.76504511894996,v1_Ra40_repeat_20261001,0.044,0.044,5.7991,0.044,0.2552,1,,900,6.6,,222.6802308398817,225.32031293397097,True,0.12625668311083782,0.0012881555974458719,0.010943856486188992,v1_Ra40_repeat_20261001,FS 0.10,2,0.013208535453675532,0.3068309350092945,0.0015487695391919016,-1.1717017696770804
1790891622.897,2026-10-01T17:53:42,900,18.76504511894996,v1_Ra40_repeat_20261001,0.0489,0.0489,5.7343,0.0489,0.2804,1,,900,6.6,,222.4489401752635,221.06928864282054,True,0.12612554442807708,0.0014153559150620004,0.01203702189126366,v1_Ra40_repeat_20261001,FS 0.10,2,0.014679485992834853,0.34254268968482166,0.0017290293224203267,0.6240810475814484
1790891623.952,2026-10-01T17:53:43,900,18.76504511894996,v1_Ra40_repeat_20261001,0.0538,0.0538,5.5002,0.0538,0.2959,1,,900,6.7,,218.00763663938483,220.40836166623592,True,0.12360738531258884,0.0014935942056592223,0.012961182934740535,v1_Ra40_repeat_20261001,FS 0.10,2,0.016150436531994175,0.3695087811873338,0.0018651442194038636,-1.089216855795383
1790891625.007,2026-10-01T17:53:45,900,18.76504511894996,v1_Ra40_repeat_20261001,0.0587,0.0587,5.065,0.0587,0.2973,1,,900,6.6,,213.2425042249281,214.96958558708172,True,0.1209056195969522,0.0015006608899712295,0.013313508417058575,v1_Ra40_repeat_20261001,FS 0.10,2,0.017621387071153495,0.38332920951683114,0.0019349046508762048,-0.8034073087301974
1790891626.081,2026-10-01T17:53:46,900,18.76504511894996,v1_Ra40_repeat_20261001,0.0636,0.0636,4.7485,0.0636,0.302,1,,900,6.6,,201.3182864808016,207.4325558040556,True,0.11414474919823527,0.0015243847587329677,0.014325015472949402,v1_Ra40_repeat_20261001,FS 0.10,2,0.019092337610312815,0.4014039746733134,0.002026139407572295,-2.9475938815648806
1790891627.132,2026-10-01T17:53:47,900,18.76504511894996,v1_Ra40_repeat_20261001,0.0684,0.0684,4.5835,0.0684,0.3135,1,,900,6.7,,198.979365125831,199.63270663716912,True,0.11281861238212951,0.0015824325227244548,0.015045301193243762,v1_Ra40_repeat_20261001,FS 0.10,2,0.020533268750713783,0.42693110661053435,0.002154990966708935,-0.327271779431193
1790891628.19,2026-10-01T17:53:48,900,18.76504511894996,v1_Ra40_repeat_20261001,0.0733,0.0733,4.1673,0.0733,0.3055,1,,900,6.6,,186.7657257712267,192.58920407951905,True,0.1058936438395329,0.0015420514695129856,0.015620157793019885,v1_Ra40_repeat_20261001,FS 0.10,2,0.022004219289873103,0.43419506915921147,0.002191656773984466,-3.0237823226518246
1790891629.242,2026-10-01T17:53:49,900,18.76504511894996,v1_Ra40_repeat_20261001,0.0782,0.0782,3.6413,0.0782,0.2847,1,,900,6.7,,179.32752874157813,182.717503096643,True,0.10167628659256835,0.0014370607311631654,0.015160442777380524,v1_Ra40_repeat_20261001,FS 0.10,2,0.023475169829032427,0.42961336853487364,0.002168530036895665,-1.8553090413411688
1790891630.295,2026-10-01T17:53:50,900,18.76504511894996,v1_Ra40_repeat_20261001,0.0831,0.0831,3.2073,0.0831,0.2665,1,,900,6.6,,169.88528800120548,173.91795622282586,True,0.0963226636305431,0.0013451938351070726,0.014980034881074272,v1_Ra40_repeat_20261001,FS 0.10,2,0.024946120368191743,0.42858600473752084,0.0021633442828746102,-2.3187187276129673
1790891631.37,2026-10-01T17:53:51,900,18.76504511894996,v1_Ra40_repeat_20261001,0.088,0.088,3.0337,0.088,0.267,1,,900,6.7,,166.51162012755094,166.71102300169025,True,0.09440983951482043,0.0013477176509327895,0.015312217768219874,v1_Ra40_repeat_20261001,FS 0.10,2,0.026417070907351063,0.447212977767153,0.002257366381509383,-0.11960989174499836
1790891632.427,2026-10-01T17:53:52,900,18.76504511894996,v1_Ra40_repeat_20261001,0.0929,0.0929,2.7523,0.0929,0.2557,1,,900,6.6,,159.49753792290267,163.10242934404755,True,0.09043294964504833,0.0012906794132715887,0.015309045949638073,v1_Ra40_repeat_20261001,FS 0.10,2,0.027888021446510383,0.4549942876237703,0.002296643567431257,-2.210200936701401
1790891633.482,2026-10-01T17:53:53,900,18.76504511894996,v1_Ra40_repeat_20261001,0.0978,0.0978,2.575,0.0978,0.2518,1,,900,6.7,,152.23140283709995,154.73357096424252,True,0.0863131491961778,0.0012709936498309976,0.015795117402980122,v1_Ra40_repeat_20261001,FS 0.10,2,0.029358971985669707,0.4711299343073726,0.002378090368347759,-1.617081614254734
1790891634.537,2026-10-01T17:53:54,900,18.76504511894996,v1_Ra40_repeat_20261001,0.1027,0.1027,2.1019,0.1027,0.2159,1,,900,6.6,,148.49734988493992,148.14439498390755,True,0.08419599160871799,0.001089783673544529,0.013883703206891383,v1_Ra40_repeat_20261001,FS 0.10,2,0.030829922524829027,0.4562199178179599,0.0023028300971924013,0.2382505940037305
1790891635.594,2026-10-01T17:53:55,900,18.76504511894996,v1_Ra40_repeat_20261001,0.1076,0.1076,2.1409,0.1076,0.2304,1,,900,6.6,,149.4296503694443,145.5134843167201,True,0.08472459339070909,0.001162974332490317,0.014723703949402096,v1_Ra40_repeat_20261001,FS 0.10,2,0.03230087306398835,0.49266423815553223,0.002486787602043319,2.6912736445787955
1790891647.345,2026-10-01T17:54:07,1000,20.897169811320758,v1_Ra40_repeat_20261001,0.003,0.003,9.5493,0.003,0.0286,1,,1000,7.5,,306.36889374495695,308.24511283278184,True,0.15598380944419782,0.00010452979809398558,0.0008914412915987753,v1_Ra40_repeat_20261001,FS 0.10,2,0.0009005819627506045,0.02967582143320774,0.00010846180498903408,-0.6086776431205587
1790891648.402,2026-10-01T17:54:08,1000,20.897169811320758,v1_Ra40_repeat_20261001,0.0061,0.0061,9.4273,0.0061,0.0575,1,,1000,7.5,,305.6336427674239,303.2863245961835,True,0.15560946579928242,0.00021015606260154444,0.0017965448721391983,v1_Ra40_repeat_20261001,FS 0.10,2,0.0018311833242595625,0.06006331593817117,0.0002195246953801503,0.7739610990920243
1790891649.489,2026-10-01T17:54:09,1000,20.897169811320758,v1_Ra40_repeat_20261001,0.0121,0.0121,9.0041,0.0121,0.1089,1,,1000,7.5,,299.8996571659859,299.8455950658325,True,0.15269008026220163,0.00039801730812709894,0.003467554474685108,v1_Ra40_repeat_20261001,FS 0.10,2,0.0036323472497607713,0.11542744357387101,0.0004218743836112465,0.018029979777267613
1790891650.544,2026-10-01T17:54:10,1000,20.897169811320758,v1_Ra40_repeat_20261001,0.0182,0.0182,8.5213,0.0182,0.1551,1,,1000,7.5,,295.08157903528627,296.5474265266238,True,0.150237017316288,0.0005668731358173832,0.005019276043104224,v1_Ra40_repeat_20261001,FS 0.10,2,0.005463530574020334,0.16712452049495619,0.0006108214120241932,-0.4943045733043716
1790891651.613,2026-10-01T17:54:11,1000,20.897169811320758,v1_Ra40_repeat_20261001,0.0243,0.0243,8.2531,0.0243,0.2006,1,,999,7.5,,286.143178062224,288.78859944579176,True,0.1456861446181,0.0007331705418759968,0.006694511845526134,v1_Ra40_repeat_20261001,FS 0.10,2,0.007294713898279896,0.21960060088676658,0.0008026156109094973,-0.9160407954623251
1790891652.668,2026-10-01T17:54:12,1000,20.897169811320758,v1_Ra40_repeat_20261001,0.0303,0.0303,7.9982,0.0303,0.2423,1,,1000,7.5,,283.1168802215984,283.1445086313977,True,0.14414534372306362,0.000885579373362682,0.008172577208603543,v1_Ra40_repeat_20261001,FS 0.10,2,0.009095877823781105,0.2696051525752263,0.000985376649083447,-0.009757706385626896
1790891653.722,2026-10-01T17:54:13,1000,20.897169811320758,v1_Ra40_repeat_20261001,0.0364,0.0364,7.9487,0.0364,0.2893,1,,1000,7.5,,283.33313726431015,279.570685087387,True,0.1442554482344224,0.0010573591114891618,0.00975040028449616,v1_Ra40_repeat_20261001,FS 0.10,2,0.010927061148040668,0.3265149939499508,0.0011933757479806741,1.3457963862509859
1790891654.778,2026-10-01T17:54:14,1000,20.897169811320758,v1_Ra40_repeat_20261001,0.0424,0.0424,7.458,0.0424,0.3162,1,,1000,7.5,,277.3589716900233,279.6988185617522,True,0.14121377813163644,0.001155675599906232,0.010886568990146174,v1_Ra40_repeat_20261001,FS 0.10,2,0.012728225073541877,0.3646052121789816,0.0013325912312267035,-0.8365594405298937
1790891655.831,2026-10-01T17:54:15,1000,20.897169811320758,v1_Ra40_repeat_20261001,0.0485,0.0485,6.9883,0.0485,0.3389,1,,1000,7.4,,266.428116757163,271.0169444404329,True,0.1356484729465453,0.0012386415585332767,0.012146828391165257,v1_Ra40_repeat_20261001,FS 0.10,2,0.014559408397801439,0.4001488145366201,0.0014624991185685518,-1.6931884804267106
1790891656.912,2026-10-01T17:54:16,1000,20.897169811320758,v1_Ra40_repeat_20261001,0.0546,0.0546,6.994,0.0546,0.3819,1,,1000,7.5,,265.4813348289281,263.4144886274413,True,0.13516643101965845,0.0013958017444787795,0.01373684657852756,v1_Ra40_repeat_20261001,FS 0.10,2,0.016390591722061,0.4574714203649838,0.0016720068253328866,0.7846364914308124
1790891657.965,2026-10-01T17:54:17,1000,20.897169811320758,v1_Ra40_repeat_20261001,0.0606,0.0606,6.636,0.0606,0.4021,1,,1000,7.5,,258.71581872673914,262.30191319266964,True,0.131721854902365,0.0014696304829927133,0.01484165976372211,v1_Ra40_repeat_20261001,FS 0.10,2,0.01819175564756221,0.4932020626467746,0.0018025983226575026,-1.3671629086808856
1790891659.018,2026-10-01T17:54:19,1000,20.897169811320758,v1_Ra40_repeat_20261001,0.0667,0.0667,6.3099,0.0667,0.4209,1,,1000,7.5,,253.17863019539573,256.4215950864934,True,0.12890266608011897,0.0015383423782433052,0.015875348285677784,v1_Ra40_repeat_20261001,FS 0.10,2,0.020022938971821773,0.5292584294580522,0.0019343803066709827,-1.2647003814182711
1790891660.073,2026-10-01T17:54:20,1000,20.897169811320758,v1_Ra40_repeat_20261001,0.0728,0.0728,5.9822,0.0728,0.4355,1,,1000,7.4,,249.65323109928477,252.96607928934804,True,0.12710775415514952,0.0015917037437038714,0.016657980530351484,v1_Ra40_repeat_20261001,FS 0.10,2,0.021854122296081337,0.5625937997400552,0.002056217352998466,-1.3096017455660358
1790891661.129,2026-10-01T17:54:21,1000,20.897169811320758,v1_Ra40_repeat_20261001,0.0788,0.0788,5.8234,0.0788,0.4589,1,,1000,7.5,,243.82008710379068,245.4307297329251,True,0.12413788338814158,0.0016772281239625867,0.01797297447944401,v1_Ra40_repeat_20261001,FS 0.10,2,0.02365528622158254,0.6058648660746059,0.002214368256049586,-0.6562514119104357
1790891662.21,2026-10-01T17:54:22,1000,20.897169811320758,v1_Ra40_repeat_20261001,0.0849,0.0849,5.4475,0.0849,0.4625,1,,1000,7.5,,238.3000445402331,240.36770178561824,True,0.12132742421641307,0.0016903857209254662,0.01853356628330144,v1_Ra40_repeat_20261001,FS 0.10,2,0.02548646954584211,0.6311339973395228,0.0023067241018234386,-0.8602059386619509
1790891663.263,2026-10-01T17:54:23,1000,20.897169811320758,v1_Ra40_repeat_20261001,0.0909,0.0909,5.1391,0.0909,0.4671,1,,999,7.5,,236.26380363468797,235.66824891211127,True,0.12029069816530998,0.0017071982059335897,0.018879220458120894,v1_Ra40_repeat_20261001,FS 0.10,2,0.027287633471343314,0.6584907302146447,0.002406709897765662,0.2527089352621248
1790891664.319,2026-10-01T17:54:24,1000,20.897169811320758,v1_Ra40_repeat_20261001,0.097,0.097,4.6419,0.097,0.4503,1,,1000,7.5,,226.0489873018173,233.6687088449878,True,0.1150899548884798,0.0016457960867734861,0.019022638870376654,v1_Ra40_repeat_20261001,FS 0.10,2,0.029118816795602877,0.6662936224624756,0.0024352285953605883,-3.2609079670249286
1790891665.373,2026-10-01T17:54:25,1000,20.897169811320758,v1_Ra40_repeat_20261001,0.1031,0.1031,4.3834,0.1031,0.4519,1,,1000,7.5,,217.40460219508577,218.181871955386,True,0.1106887766135954,0.001651643907645877,0.019849290601131508,v1_Ra40_repeat_20261001,FS 0.10,2,0.03095000011986244,0.6939755181810318,0.0025364028250920373,-0.35624855233580277
1790891666.574,2026-10-01T17:54:26,1000,20.897169811320758,v1_Ra40_repeat_20261001,0.1091,0.1091,3.8115,0.1091,0.4158,1,,1000,7.4,,205.95576996769296,211.20100843916703,True,0.10485974990436663,0.0015197024492125597,0.019278884591965785,v1_Ra40_repeat_20261001,FS 0.10,2,0.03275116404536365,0.6849726751089136,0.0025034984415745424,-2.4835290845615754
1790891667.629,2026-10-01T17:54:27,1000,20.897169811320758,v1_Ra40_repeat_20261001,0.1152,0.1152,3.623,0.1152,0.4174,1,,1000,7.4,,193.50740720637987,196.36362048144633,True,0.09852182498934783,0.0015255502700849504,0.020598055921148294,v1_Ra40_repeat_20261001,FS 0.10,2,0.03458234736962321,0.7155883318103837,0.0026153952392500477,-1.4545531743932916
1790891668.69,2026-10-01T17:54:28,1000,20.897169811320758,v1_Ra40_repeat_20261001,0.1213,0.1213,3.248,0.1213,0.394,1,,1000,7.4,,190.12504863623008,190.03319411341408,True,0.09679974032132209,0.001440025889826235,0.01978920127400531,v1_Ra40_repeat_20261001,FS 0.10,2,0.03641353069388278,0.7226829919825791,0.0026413254278984753,0.048336041102992056
1790891669.745,2026-10-01T17:54:29,1000,20.897169811320758,v1_Ra40_repeat_20261001,0.1273,0.1273,3.0869,0.1273,0.393,1,,1000,7.5,,181.37430103777206,188.6591628520364,True,0.09234440894218916,0.0014363710017809908,0.020691319203624877,v1_Ra40_repeat_20261001,FS 0.10,2,0.03821469461938398,0.7531205729632209,0.0027525713787507765,-3.861387755641521
1790891670.8,2026-10-01T17:54:30,1000,20.897169811320758,v1_Ra40_repeat_20261001,0.1334,0.1334,2.4998,0.1334,0.3335,1,,1000,7.4,,168.5227979229353,173.09435666269906,True,0.08580123026490151,0.0012189051630889579,0.01889768298723102,v1_Ra40_repeat_20261001,FS 0.10,2,0.040045877943643546,0.7270489941183303,0.0026572826769099434,-2.6410790206593204
1790891671.871,2026-10-01T17:54:31,1000,20.897169811320758,v1_Ra40_repeat_20261001,0.1394,0.1394,2.3543,0.1394,0.3282,1,,1000,7.5,,169.86260274992446,166.07868063164233,True,0.08648337478117694,0.001199534256449163,0.01845067182904094,v1_Ra40_repeat_20261001,FS 0.10,2,0.04184704186914475,0.7560722416395431,0.002763359397309389,2.278391244373368
1790891679.729,2026-10-01T17:54:39,1100,23.029294503691553,v1_Ra40_repeat_20261001,0.0037,0.0037,11.4066,0.0037,0.0422,1,,1100,8.2,,363.6840622187151,366.1020377094985,True,0.1680219271382708,0.00011524100679901674,0.0011080505245410826,v1_Ra40_repeat_20261001,FS 0.10,2,0.0011107177540590788,0.043578319411838304,0.00011900496217131235,-0.6604649091579429
1790891680.786,2026-10-01T17:54:40,1100,23.029294503691553,v1_Ra40_repeat_20261001,0.0074,0.0074,11.2941,0.0074,0.0836,1,,1100,8.2,,364.40631364561114,357.8841978072546,True,0.16835560707982528,0.00022829734996203315,0.0021907446843122554,v1_Ra40_repeat_20261001,FS 0.10,2,0.0022214355081181577,0.08690078172919202,0.00023731122222970822,1.8224095610583912
1790891681.842,2026-10-01T17:54:41,1100,23.029294503691553,v1_Ra40_repeat_20261001,0.0147,0.0147,10.6212,0.0147,0.1561,1,,1100,8.2,,352.3455723698589,356.22232957774145,True,0.16278354824528313,0.0004262824919745619,0.004230634110066108,v1_Ra40_repeat_20261001,FS 0.10,2,0.004412851617477962,0.16478960896426634,0.0004500123328686807,-1.0882970790960678
1790891682.91,2026-10-01T17:54:42,1100,23.029294503691553,v1_Ra40_repeat_20261001,0.0221,0.0221,10.2282,0.0221,0.226,1,,1100,8.3,,346.3295765621865,345.23748540536303,True,0.16000415999523385,0.0006171674771700896,0.006231466136241436,v1_Ra40_repeat_20261001,FS 0.10,2,0.00663428712559612,0.24231412080755385,0.0006617185602720634,0.3163304110911369
1790891683.967,2026-10-01T17:54:43,1100,23.029294503691553,v1_Ra40_repeat_20261001,0.0295,0.0295,9.8832,0.0295,0.2916,1,,1100,8.3,,344.8563135383779,344.00531638921734,True,0.15932351292224498,0.0007963098953221157,0.008074594476072757,v1_Ra40_repeat_20261001,FS 0.10,2,0.008855722633714277,0.317715204272903,0.0008676260667242798,0.24737906904837015
1790891685.022,2026-10-01T17:54:45,1100,23.029294503691553,v1_Ra40_repeat_20261001,0.0368,0.0368,9.5303,0.0368,0.3507,1,,1100,8.3,,340.826663804296,343.8608491715172,True,0.15746181595955136,0.0009577019214316391,0.0098259281570254,v1_Ra40_repeat_20261001,FS 0.10,2,0.011047138743074081,0.38861649132878096,0.0010612453961950255,-0.8823875630306954
1790891686.079,2026-10-01T17:54:46,1100,23.029294503691553,v1_Ra40_repeat_20261001,0.0442,0.0442,9.2103,0.0442,0.4071,1,,1100,8.3,,332.53944922022356,337.4999704485049,True,0.15363312531930318,0.0011117207077696615,0.011690398384548157,v1_Ra40_repeat_20261001,FS 0.10,2,0.01326857425119224,0.4591413049082256,0.001253836640773418,-1.4697841963331904
1790891687.135,2026-10-01T17:54:47,1100,23.029294503691553,v1_Ra40_repeat_20261001,0.0515,0.0515,8.8743,0.0515,0.457,1,,1101,8.2,,323.8802930031284,324.6981070539732,True,0.1496325977566939,0.0012479891020651813,0.013474202147697878,v1_Ra40_repeat_20261001,FS 0.10,2,0.015459990360552043,0.5251078932928733,0.0014339801493170941,-0.2518690540776358
1790891688.191,2026-10-01T17:54:48,1100,23.029294503691553,v1_Ra40_repeat_20261001,0.0589,0.0589,8.4488,0.0589,0.4976,1,,1100,8.3,,316.9525330556098,317.6470922351143,True,0.1464319747488224,0.0013588607815921974,0.014991929343937215,v1_Ra40_repeat_20261001,FS 0.10,2,0.017681425868670202,0.5841564369864134,0.00159523165702466,-0.21865749647422827
1790891689.245,2026-10-01T17:54:49,1100,23.029294503691553,v1_Ra40_repeat_20261001,0.0663,0.0663,8.027,0.0663,0.5322,1,,1101,8.2,,310.3784241277708,317.10344461383215,True,0.14339473840545983,0.0014533474838492111,0.01637399782891572,v1_Ra40_repeat_20261001,FS 0.10,2,0.01990286137678836,0.6393815523020151,0.0017460420335545593,-2.120765510526401
1790891690.302,2026-10-01T17:54:50,1100,23.029294503691553,v1_Ra40_repeat_20261001,0.0736,0.0736,8.0582,0.0736,0.5931,1,,1100,8.4,,313.9920258022926,312.19441294027206,True,0.14506422129002483,0.001619655003139735,0.018037680385024717,v1_Ra40_repeat_20261001,FS 0.10,2,0.022094277486148162,0.7227606005074665,0.001973736001828018,0.5757991775350746
1790891691.357,2026-10-01T17:54:51,1100,23.029294503691553,v1_Ra40_repeat_20261001,0.081,0.081,7.6088,0.081,0.6163,1,,1100,8.2,,303.20445991681026,311.2039324767409,True,0.1400803691020789,0.0016830102485837443,0.019410108569203856,v1_Ra40_repeat_20261001,FS 0.10,2,0.024315712994266322,0.7709094459371636,0.0021052222914850925,-2.5704921195134567
1790891692.412,2026-10-01T17:54:52,1100,23.029294503691553,v1_Ra40_repeat_20261001,0.0884,0.0884,7.2443,0.0884,0.6404,1,,1101,8.2,,301.134139352223,304.22564324066457,True,0.13912388162519093,0.0017488232406182539,0.02030779222348521,v1_Ra40_repeat_20261001,FS 0.10,2,0.02653714850238448,0.8221348629889225,0.0022451101738250024,-1.0161878057057816
1790891693.482,2026-10-01T17:54:53,1100,23.029294503691553,v1_Ra40_repeat_20261001,0.0957,0.0957,7.1312,0.0957,0.6825,1,,1101,8.2,,297.88527268295866,300.0000972643363,True,0.1376229062031313,0.0018637911644627707,0.021878875920628756,v1_Ra40_repeat_20261001,FS 0.10,2,0.028728564611744282,0.8931263710151776,0.0024389758813872326,-0.7049412985737247
1790891694.538,2026-10-01T17:54:54,1100,23.029294503691553,v1_Ra40_repeat_20261001,0.1031,0.1031,6.8476,0.1031,0.706,1,,1101,8.3,,290.6667566936562,290.8062141535879,True,0.13428795399158347,0.0019279656587702799,0.023194270531865832,v1_Ra40_repeat_20261001,FS 0.10,2,0.03095000011986244,0.9480755181810318,0.0025890326359403223,-0.04795546076536983
1790891695.593,2026-10-01T17:54:55,1100,23.029294503691553,v1_Ra40_repeat_20261001,0.1104,0.1104,6.2618,0.1104,0.6913,1,,1100,8.2,,276.92301767119716,277.4576002846061,True,0.1279383507052831,0.0018878224644587743,0.023838497735149632,v1_Ra40_repeat_20261001,FS 0.10,2,0.033141416229222245,0.9665323275360568,0.002639435036233464,-0.19267182187857612
1790891696.649,2026-10-01T17:54:56,1100,23.029294503691553,v1_Ra40_repeat_20261001,0.1178,0.1178,6.2332,0.1178,0.7343,1,,1100,8.3,,278.6850031134122,276.20335699251086,True,0.12875238744856088,0.0020052481348937913,0.025161197783897745,v1_Ra40_repeat_20261001,FS 0.10,2,0.035362851737340405,1.0453052048160063,0.0028545503368542407,0.8984851407757066
1790891697.705,2026-10-01T17:54:57,1100,23.029294503691553,v1_Ra40_repeat_20261001,0.1252,0.1252,5.6634,0.1252,0.7091,1,,1100,8.3,,271.24983677651926,274.9860448788809,True,0.12531734284172005,0.0019364312303597811,0.024963724547295084,v1_Ra40_repeat_20261001,FS 0.10,2,0.037584287245458564,1.0580546537180178,0.0028893669085983268,-1.3586900760754084
1790891698.761,2026-10-01T17:54:58,1100,23.029294503691553,v1_Ra40_repeat_20261001,0.1325,0.1325,5.3305,0.1325,0.7063,1,,1100,8.2,,266.42036020646174,270.00013866469317,True,0.12308612612185678,0.0019287849076337802,0.025315888669775757,v1_Ra40_repeat_20261001,FS 0.10,2,0.039775703354818365,1.0948239228938463,0.0029897775152117516,-1.3258431925018632
1790891699.813,2026-10-01T17:54:59,1100,23.029294503691553,v1_Ra40_repeat_20261001,0.1399,0.1399,5.2759,0.1399,0.7381,1,,1100,8.3,,261.57643550961893,260.3265952799063,True,0.12084823437177307,0.002015625287164793,0.026945606916141684,v1_Ra40_repeat_20261001,FS 0.10,2,0.041997138862936524,1.168897101909953,0.0031920587409610393,0.4801047040041251
1790891700.869,2026-10-01T17:55:00,1100,23.029294503691553,v1_Ra40_repeat_20261001,0.1473,0.1473,4.7143,0.1473,0.6944,1,,1100,8.3,,255.1880488197412,262.0480715341671,True,0.11789680164637578,0.0018962880360482754,0.025984882833070024,v1_Ra40_repeat_20261001,FS 0.10,2,0.04421857437105468,1.1696468525481216,0.003194106182155133,-2.6178489596445864
1790891701.923,2026-10-01T17:55:01,1100,23.029294503691553,v1_Ra40_repeat_20261001,0.1546,0.1546,4.3823,0.1546,0.6775,1,,1100,8.3,,243.61119202999362,249.89254323446062,True,0.1125482972985351,0.0018501370167377687,0.02655727096433647,v1_Ra40_repeat_20261001,FS 0.10,2,0.04640999048041448,1.1987285815447537,0.0032735234269188306,-2.5136209040753754
1790891702.978,2026-10-01T17:55:02,1100,23.029294503691553,v1_Ra40_repeat_20261001,0.162,0.162,3.9246,0.162,0.6358,1,,1101,8.2,,230.9286778630053,241.00080330532023,True,0.1066889795756312,0.0017362614247112523,0.0262914196073621,v1_Ra40_repeat_20261001,FS 0.10,2,0.048631425988532644,1.2058020622970178,0.003292839897143105,-4.179291232301285
1790891704.062,2026-10-01T17:55:04,1100,23.029294503691553,v1_Ra40_repeat_20261001,0.1694,0.1694,3.3923,0.1694,0.5747,1,,1100,8.2,,216.7313164994539,217.2112147375003,True,0.10012980290445846,0.001569407739511728,0.025321586360172194,v1_Ra40_repeat_20261001,FS 0.10,2,0.050852861496650796,1.195652114671343,0.0032651221202867056,-0.22093621575957068
1790891705.116,2026-10-01T17:55:05,1100,23.029294503691553,v1_Ra40_repeat_20261001,0.1767,0.1767,2.9881,0.1767,0.528,1,,1100,8.3,,218.74343351440757,215.79447231272297,True,0.10105940035895704,0.0014418779997602096,0.023049965505909233,v1_Ra40_repeat_20261001,FS 0.10,2,0.053044277606010604,1.2013463034887792,0.0032806719793441715,1.3665601208779021
1790891713.545,2026-10-01T17:55:13,1200,25.161419196062347,v1_Ra40_repeat_20261001,0.0044,0.0044,13.5066,0.0044,0.0594,1,,1200,9.0,,428.42621106046863,430.8898278820777,True,0.18116038113929178,0.00012437054546858998,0.0013239811256539945,v1_Ra40_repeat_20261001,FS 0.10,2,0.0013208535453675533,0.06110029365224407,0.00012793058669731684,-0.5717509818503608
1790891714.6,2026-10-01T17:55:14,1200,25.161419196062347,v1_Ra40_repeat_20261001,0.0088,0.0088,13.0319,0.0088,0.1147,1,,1200,9.0,,421.0860431275023,426.00025534061956,True,0.17805658499882898,0.00024015659200752983,0.002601141349220098,v1_Ra40_repeat_20261001,FS 0.10,2,0.0026417070907351066,0.11887009838197378,0.00024888786154328343,-1.1535702506065282
1790891715.653,2026-10-01T17:55:15,1200,25.161419196062347,v1_Ra40_repeat_20261001,0.0176,0.0176,12.5628,0.0176,0.2211,1,,1200,9.1,,417.3076478685857,418.2694432616813,True,0.1764588874081379,0.00046293480813308494,0.005059455502051974,v1_Ra40_repeat_20261001,FS 0.10,2,0.005283414181470213,0.2325182410738901,0.0004868420955177915,-0.22994636796689338
1790891716.706,2026-10-01T17:55:16,1200,25.161419196062347,v1_Ra40_repeat_20261001,0.0264,0.0264,12.0203,0.0264,0.3173,1,,1200,9.1,,408.0023508483805,413.42721458776737,True,0.17252413479199424,0.000664356465945852,0.007426407716237625,v1_Ra40_repeat_20261001,FS 0.10,2,0.00792512127220532,0.3390444280757491,0.000709884519492711,-1.3121689980656104
1790891717.762,2026-10-01T17:55:17,1200,25.161419196062347,v1_Ra40_repeat_20261001,0.0352,0.0352,11.747,0.0352,0.4135,1,,1200,9.1,,403.98030553665194,407.5470043988503,True,0.17082340957299175,0.0008657781237586188,0.00977432336178991,v1_Ra40_repeat_20261001,FS 0.10,2,0.010566828362940426,0.44864865938755044,0.0009393716917808297,-0.8751625760222148
1790891718.826,2026-10-01T17:55:18,1200,25.161419196062347,v1_Ra40_repeat_20261001,0.0439,0.0439,11.4428,0.0439,0.5023,1,,1200,9.1,,399.99999732634706,400.00007947280665,True,0.16914033292218214,0.0010517058078934806,0.011991529267411823,v1_Ra40_repeat_20261001,FS 0.10,2,0.01317851605491718,0.5537263462719241,0.0011593812748513222,-2.053661081191649e-05
1790891719.88,2026-10-01T17:55:19,1200,25.161419196062347,v1_Ra40_repeat_20261001,0.0527,0.0527,11.0835,0.0527,0.5841,1,,1200,9.1,,394.54554250410183,392.726870502554,True,0.16683391214540683,0.0012229770304411347,0.014137136362503893,v1_Ra40_repeat_20261001,FS 0.10,2,0.015820223145652283,0.6550516884273614,0.001371534272724441,0.46308825245915397
1790891720.935,2026-10-01T17:55:20,1200,25.161419196062347,v1_Ra40_repeat_20261001,0.0615,0.0615,10.5335,0.0615,0.6478,1,,1200,9.1,,385.9328919831114,392.72761330992694,True,0.1631920456799073,0.001356350830884724,0.016028782352053298,v1_Ra40_repeat_20261001,FS 0.10,2,0.01846193023638739,0.7413550748927412,0.0015522345968066937,-1.7301358744676198
1790891722.013,2026-10-01T17:55:22,1200,25.161419196062347,v1_Ra40_repeat_20261001,0.0703,0.0703,9.9482,0.0703,0.6994,1,,1200,9.1,,376.2460493869412,381.5792477879313,True,0.15909595619832598,0.0014643898905847112,0.017751091454091702,v1_Ra40_repeat_20261001,FS 0.10,2,0.021103637327122497,0.8186365056680636,0.001714044928458544,-1.3976646874554688
1790891723.068,2026-10-01T17:55:23,1200,25.161419196062347,v1_Ra40_repeat_20261001,0.0791,0.0791,9.8013,0.0791,0.7753,1,,1200,9.1,,370.60031272371816,369.8278502816777,True,0.15670865173534762,0.001623307809794576,0.019977235281687784,v1_Ra40_repeat_20261001,FS 0.10,2,0.023745344417857604,0.9232959807533285,0.0019331788679334719,0.20887081420508657
1790891724.124,2026-10-01T17:55:24,1200,25.161419196062347,v1_Ra40_repeat_20261001,0.0879,0.0879,9.2119,0.0879,0.8097,1,,1200,9.1,,362.9404583320479,370.8438352458302,True,0.15346967590884153,0.0016953338495945675,0.021303950187379017,v1_Ra40_repeat_20261001,FS 0.10,2,0.026387051508592715,0.9895335001485359,0.0020718656763117254,-2.1311873523644165
1790891725.179,2026-10-01T17:55:25,1200,25.161419196062347,v1_Ra40_repeat_20261001,0.0967,0.0967,8.9936,0.0967,0.8697,1,,1200,9.0,,356.66660045474146,362.92604684296634,True,0.15081676986592396,0.001820960663199204,0.02328511621170184,v1_Ra40_repeat_20261001,FS 0.10,2,0.029028758599327815,1.084449063853686,0.002270598006807823,-1.724716768794854
1790891726.232,2026-10-01T17:55:26,1200,25.161419196062347,v1_Ra40_repeat_20261001,0.1055,0.1055,8.9032,0.1055,0.9393,1,,1200,9.1,,359.1800205560048,356.2305556745798,True,0.1518795716547804,0.0019666877669805823,0.024972586918638063,v1_Ra40_repeat_20261001,FS 0.10,2,0.031670465690062925,1.1920426718687787,0.0024958753757938624,0.8279651575198832
1790891727.284,2026-10-01T17:55:27,1200,25.161419196062347,v1_Ra40_repeat_20261001,0.1143,0.1143,8.3337,0.1143,0.9525,1,,1200,9.0,,351.48758413208725,355.54606976423884,True,0.1486268184887282,0.001994325665973602,0.025877741941188165,v1_Ra40_repeat_20261001,FS 0.10,2,0.03431217278079803,1.2463143241938137,0.0026095082883047425,-1.1414795373333009
1790891728.341,2026-10-01T17:55:28,1200,25.161419196062347,v1_Ra40_repeat_20261001,0.1231,0.1231,7.8831,0.1231,0.9704,1,,1200,9.1,,342.3077839265943,345.23831857598566,True,0.144745132305492,0.0020318043320323186,0.027071068324200556,v1_Ra40_repeat_20261001,FS 0.10,2,0.03695387987153314,1.3083640208287917,0.002739426716194519,-0.8488439700086059
1790891729.398,2026-10-01T17:55:29,1200,25.161419196062347,v1_Ra40_repeat_20261001,0.1318,0.1318,7.3697,0.1318,0.9713,1,,1200,9.0,,333.54004701859594,339.8436274148196,True,0.1410376874317286,0.0020336887342363883,0.027808450158887076,v1_Ra40_repeat_20261001,FS 0.10,2,0.03956556756350989,1.355937792748578,0.002839035739151794,-1.8548473143883304
1790891730.455,2026-10-01T17:55:30,1200,25.161419196062347,v1_Ra40_repeat_20261001,0.1406,0.1406,7.24,0.1406,1.0179,1,,1200,9.0,,327.2726062197762,327.2728024502328,True,0.13838749485580823,0.0021312588928026556,0.029700710690912232,v1_Ra40_repeat_20261001,FS 0.10,2,0.042207274654244994,1.4528086002271916,0.003041861920399234,-5.995929240887321e-05
1790891731.511,2026-10-01T17:55:31,1200,25.161419196062347,v1_Ra40_repeat_20261001,0.1494,0.1494,7.0821,0.1494,1.0581,1,,1200,9.0,,328.49022949319533,327.2729432103574,True,0.1389023678738495,0.002215428857917762,0.03075924277175914,v1_Ra40_repeat_20261001,FS 0.10,2,0.0448489817449801,1.5463574520157477,0.003237732656508712,0.37194834100766627
1790891732.593,2026-10-01T17:55:32,1200,25.161419196062347,v1_Ra40_repeat_20261001,0.1582,0.1582,6.7437,0.1582,1.0669,1,,1200,9.1,,322.3878185263061,324.62708690066506,True,0.13632195830018265,0.0022338541239131085,0.03160213860950599,v1_Ra40_repeat_20261001,FS 0.10,2,0.04749068883571521,1.6115843481142464,0.00337430344181163,-0.6897971440824935
1790891733.649,2026-10-01T17:55:33,1200,25.161419196062347,v1_Ra40_repeat_20261001,0.167,0.167,6.1618,0.167,1.029,1,,1200,9.0,,314.49279148163214,322.00949674995627,True,0.13298353952095376,0.0021544998533195134,0.031244678582935073,v1_Ra40_repeat_20261001,FS 0.10,2,0.05013239592645032,1.6331892885226875,0.0034195394388388052,-2.3343116722302493
1790891734.706,2026-10-01T17:55:34,1200,25.161419196062347,v1_Ra40_repeat_20261001,0.1758,0.1758,6.2124,0.1758,1.0921,1,,1200,9.0,,310.57286981945254,310.8696869052494,True,0.13132599737244968,0.0022866173856270562,0.0335791944966158,v1_Ra40_repeat_20261001,FS 0.10,2,0.05277410301718543,1.7588722732410713,0.003682691987080318,-0.09547958462973183
1790891735.761,2026-10-01T17:55:35,1200,25.161419196062347,v1_Ra40_repeat_20261001,0.1846,0.1846,5.2406,0.1846,0.9674,1,,1200,9.0,,295.88903655251215,302.1381940201934,True,0.12511692621258716,0.002025522991352087,0.031221128110931157,v1_Ra40_repeat_20261001,FS 0.10,2,0.05541581010792052,1.6998333022693977,0.003559077357052518,-2.0683109886013185
1790891736.813,2026-10-01T17:55:36,1200,25.161419196062347,v1_Ra40_repeat_20261001,0.1934,0.1934,5.1458,0.1934,0.9952,1,,1200,9.0,,296.43558657088533,294.1994927226176,True,0.1253480353442976,0.0020837300816555684,0.032059106235650066,v1_Ra40_repeat_20261001,FS 0.10,2,0.05805751719865563,1.7963723756076664,0.0037612089599163684,0.760060402407281
1790891737.891,2026-10-01T17:55:37,1200,25.161419196062347,v1_Ra40_repeat_20261001,0.2022,0.2022,4.6132,0.2022,0.9328,1,,1200,9.1,,284.3174668104666,285.0212889077511,True,0.1202238782833768,0.0019530781955067464,0.031329710252747944,v1_Ra40_repeat_20261001,FS 0.10,2,0.06069922428939074,1.805789493255878,0.003780926334641115,-0.24693667619765103
1790891738.946,2026-10-01T17:55:38,1200,25.161419196062347,v1_Ra40_repeat_20261001,0.211,0.211,4.317,0.211,0.9109,1,,1200,9.0,,279.5851030223048,280.2922697345082,True,0.11822279430340486,0.0019072244085410542,0.031112009065270195,v1_Ra40_repeat_20261001,FS 0.10,2,0.06334093138012585,1.858784655214032,0.0038918865568621907,-0.25229618814432975
1790891739.999,2026-10-01T17:55:39,1200,25.161419196062347,v1_Ra40_repeat_20261001,0.2197,0.2197,3.7841,0.2197,0.8314,1,,1201,9.0,,266.3955875972647,271.51902250737976,True,0.1126455966909423,0.0017407688805149112,0.02980261517393701,v1_Ra40_repeat_20261001,FS 0.10,2,0.0659526190721026,1.8563545121692315,0.003886798371406828,-1.8869524730908305
1790891741.054,2026-10-01T17:55:41,1200,25.161419196062347,v1_Ra40_repeat_20261001,0.2285,0.2285,3.173,0.2285,0.725,1,,1200,9.0,,254.1209227363879,254.11790722401975,True,0.10745524440355701,0.001517990664389356,0.027243880393426966,v1_Ra40_repeat_20261001,FS 0.10,2,0.06859432616283771,1.8309707849710213,0.003833650425318153,0.0011866587448006172
1790891749.464,2026-10-01T17:55:49,1300,27.293543888433145,v1_Ra40_repeat_20261001,0.0052,0.0052,15.6459,0.0052,0.0814,1,,1300,9.8,,493.18189506956287,496.08847767986504,True,0.19225140455237824,0.00013353069513676543,0.001576117756616304,v1_Ra40_repeat_20261001,FS 0.10,2,0.001561008735434381,0.08349211269651417,0.0001369626516806228,-0.5859000442614226
1790891750.516,2026-10-01T17:55:50,1300,27.293543888433145,v1_Ra40_repeat_20261001,0.0103,0.0103,15.3742,0.0103,0.1584,1,,1300,9.8,,490.9090348295422,493.8146594670229,True,0.1913654016843419,0.0002598435148607327,0.0030812400502479953,v1_Ra40_repeat_20261001,FS 0.10,2,0.0030919980721104087,0.16358795983518093,0.000268353980255491,-0.5884038842866257
1790891751.571,2026-10-01T17:55:51,1300,27.293543888433145,v1_Ra40_repeat_20261001,0.0207,0.0207,14.8146,0.0207,0.3067,1,,1300,9.9,,490.9034431603459,494.3182882201029,True,0.19136322194849287,0.0005031187247966333,0.0059660800990153605,v1_Ra40_repeat_20261001,FS 0.10,2,0.006214015542979171,0.32140470620731426,0.0005272407105662228,-0.690819081780869
1790891752.642,2026-10-01T17:55:52,1300,27.293543888433145,v1_Ra40_repeat_20261001,0.031,0.031,14.0931,0.031,0.4369,1,,1300,9.9,,473.22553468482056,483.33349227905273,True,0.18447204697239447,0.0007167022199662508,0.008816277593705197,v1_Ra40_repeat_20261001,FS 0.10,2,0.00930601361508958,0.4652672247630899,0.0007632365595450746,-2.091300883489433
1790891753.723,2026-10-01T17:55:53,1300,27.293543888433145,v1_Ra40_repeat_20261001,0.0414,0.0414,13.2878,0.0414,0.5501,1,,1300,9.9,,459.57415344255423,462.29825419497956,True,0.1791504866228697,0.0009023984692227845,0.011430294789952151,v1_Ra40_repeat_20261001,FS 0.10,2,0.012428031085958342,0.5965408071249501,0.0009785811873813475,-0.5892517931241015
1790891754.779,2026-10-01T17:55:54,1300,27.293543888433145,v1_Ra40_repeat_20261001,0.0517,0.0517,12.7074,0.0517,0.657,1,,1300,9.9,,446.3804535156669,452.3041576770993,True,0.1740073388967575,0.0010777600332291756,0.014055023707399672,v1_Ra40_repeat_20261001,FS 0.10,2,0.015520029158068752,0.7255778844013203,0.0011902569936114488,-1.3096727193167568
1790891755.835,2026-10-01T17:55:55,1300,27.293543888433145,v1_Ra40_repeat_20261001,0.0621,0.0621,12.0556,0.0621,0.7487,1,,1300,9.9,,433.87763035816533,437.75520927972593,True,0.16913350768573826,0.0012281871185368092,0.016478282938145884,v1_Ra40_repeat_20261001,FS 0.10,2,0.018642046628937512,0.8439083027529071,0.0013843693157037293,-0.8857870424753389
1790891756.889,2026-10-01T17:55:56,1300,27.293543888433145,v1_Ra40_repeat_20261001,0.0724,0.0724,11.9468,0.0724,0.8649,1,,1300,9.9,,434.63646266118303,434.0452390270798,True,0.1694293145219853,0.0014188046464838871,0.0190025166463063,v1_Ra40_repeat_20261001,FS 0.10,2,0.021734044701047922,0.9907199387498721,0.0016252029742889935,0.13621244537285193
1790891757.962,2026-10-01T17:55:57,1300,27.293543888433145,v1_Ra40_repeat_20261001,0.0827,0.0827,11.5667,0.0827,0.9566,1,,1300,9.9,,432.0002128598162,431.99978370694225,True,0.16840165569644752,0.001569231731791521,0.02114549215897419,v1_Ra40_repeat_20261001,FS 0.10,2,0.02482604277315833,1.117248384158534,0.001832763555001437,9.934099278741115e-05
1790891759.019,2026-10-01T17:55:59,1300,27.293543888433145,v1_Ra40_repeat_20261001,0.0931,0.0931,11.1186,0.0931,1.0351,1,,1300,9.9,,421.1487955211396,425.99310050112535,True,0.1641715729509113,0.0016980051908607602,0.023470272266679436,v1_Ra40_repeat_20261001,FS 0.10,2,0.027948060244027094,1.235193387808745,0.0020262436327080835,-1.1371792111860568
1790891760.075,2026-10-01T17:56:00,1300,27.293543888433145,v1_Ra40_repeat_20261001,0.1034,0.1034,10.5258,0.1034,1.0884,1,,1300,9.9,,414.3234326777929,421.1536652235054,True,0.16151092054997931,0.0017854399089294287,0.025085364678748008,v1_Ra40_repeat_20261001,FS 0.10,2,0.031040058316137504,1.3317963919380018,0.0021847137345960377,-1.6217910728825613
1790891761.131,2026-10-01T17:56:01,1300,27.293543888433145,v1_Ra40_repeat_20261001,0.1138,0.1138,10.1672,0.1138,1.157,1,,1300,9.9,,408.1141916965862,415.1872922760731,True,0.15909044382166634,0.001897973148319872,0.027072168462236288,v1_Ra40_repeat_20261001,FS 0.10,2,0.034162075787006266,1.4483982315779398,0.0023759904508287967,-1.7035927426178876
1790891762.188,2026-10-01T17:56:02,1300,27.293543888433145,v1_Ra40_repeat_20261001,0.1241,0.1241,10.0389,0.1241,1.2458,1,,1300,9.9,,407.54713191756764,410.3772668236502,True,0.15886939345450699,0.00204364299755998,0.02919052240720771,v1_Ra40_repeat_20261001,FS 0.10,2,0.03725407385911667,1.588975794427791,0.0026065975723026658,-0.6896422231153276
1790891763.244,2026-10-01T17:56:03,1300,27.293543888433145,v1_Ra40_repeat_20261001,0.1345,0.1345,9.4764,0.1345,1.2746,1,,1300,9.9,,394.54568752371415,399.950985552573,True,0.1538011904833184,0.0020908872729892038,0.030849490471656006,v1_Ra40_repeat_20261001,FS 0.10,2,0.04037609132998544,1.6743344700574556,0.002746622182779113,-1.3514901135675106
1790891764.296,2026-10-01T17:56:04,1300,27.293543888433145,v1_Ra40_repeat_20261001,0.1448,0.1448,9.1606,0.1448,1.3265,1,,1300,9.9,,390.90902672994616,392.72772503539954,True,0.1523835529899878,0.0021760253943356182,0.0324043218614004,v1_Ra40_repeat_20261001,FS 0.10,2,0.043468089402095844,1.7864865916279018,0.0029305994647737654,-0.46309394257546543
1790891765.38,2026-10-01T17:56:05,1300,27.293543888433145,v1_Ra40_repeat_20261001,0.1551,0.1551,8.6698,0.1551,1.3447,1,,1300,9.9,,386.0634869600972,385.7141414322996,True,0.1504946721614722,0.0022058811517249198,0.03326121105015952,v1_Ra40_repeat_20261001,FS 0.10,2,0.04656008747420625,1.8691555226100445,0.0030662117475779276,0.09057109664176721
1790891766.435,2026-10-01T17:56:06,1300,27.293543888433145,v1_Ra40_repeat_20261001,0.1655,0.1655,8.228,0.1655,1.3617,1,,1300,9.9,,376.41802771554467,378.94735501810146,True,0.14673469413742815,0.0022337683976380034,0.034544777888057154,v1_Ra40_repeat_20261001,FS 0.10,2,0.049682104945075016,1.9555287835383337,0.003207900710390995,-0.6674613951154207
1790891767.491,2026-10-01T17:56:07,1300,27.293543888433145,v1_Ra40_repeat_20261001,0.1758,0.1758,7.9647,0.1758,1.4002,1,,1300,9.9,,367.79647948792444,369.1815232151953,True,0.14337385552444082,0.0022969248074999867,0.036354141012041166,v1_Ra40_repeat_20261001,FS 0.10,2,0.05277410301718543,2.0669722732410714,0.0033907155340823156,-0.3751660471002283
1790891768.545,2026-10-01T17:56:08,1300,27.293543888433145,v1_Ra40_repeat_20261001,0.1862,0.1862,7.5848,0.1862,1.4123,1,,1300,9.8,,368.80967252495793,367.98036573507034,True,0.14376881686912868,0.002316773964885182,0.03656756471539769,v1_Ra40_repeat_20261001,FS 0.10,2,0.05589612048805419,2.1570023701590872,0.003538403266572402,0.2253671301812421
1790891769.628,2026-10-01T17:56:09,1300,27.293543888433145,v1_Ra40_repeat_20261001,0.1965,0.1965,7.1548,0.1965,1.4059,1,,1300,9.9,,358.52516588388426,359.9996137598623,True,0.13975972637606468,0.0023062752370120207,0.0374460633369369,v1_Ra40_repeat_20261001,FS 0.10,2,0.058988118560164594,2.2320204185824193,0.0036614648409430536,-0.4095692938608453
1790891770.693,2026-10-01T17:56:10,1300,27.293543888433145,v1_Ra40_repeat_20261001,0.2069,0.2069,6.5958,0.2069,1.3647,1,,1300,9.9,,352.459020136007,358.3463481570561,True,0.13739503081057894,0.0022386896763285477,0.03697429858717139,v1_Ra40_repeat_20261001,FS 0.10,2,0.06211013603103335,2.277307351490162,0.0037357547135693794,-1.642915590273808
1790891771.752,2026-10-01T17:56:11,1300,27.293543888433145,v1_Ra40_repeat_20261001,0.2172,0.2172,6.2464,0.2172,1.3567,1,,1300,9.9,,347.9546255063042,354.0990152324184,True,0.13563913465365207,0.0022255662664870963,0.03723339116045675,v1_Ra40_repeat_20261001,FS 0.10,2,0.06520213410314377,2.359199958634089,0.0038700934943862175,-1.7352179649754995
1790891772.808,2026-10-01T17:56:12,1300,27.293543888433145,v1_Ra40_repeat_20261001,0.2275,0.2275,5.9023,0.2275,1.3428,1,,1300,9.9,,338.5263937765558,342.8573180218564,True,0.13196383592389282,0.002202764341887575,0.0378782738680385,v1_Ra40_repeat_20261001,FS 0.10,2,0.06829413217525418,2.439409375189713,0.004001671125211609,-1.263185592854843
1790891773.865,2026-10-01T17:56:13,1300,27.293543888433145,v1_Ra40_repeat_20261001,0.2379,0.2379,5.3593,0.2379,1.275,1,,1300,9.9,,330.48570565531463,330.00007922850045,True,0.1288294273003601,0.0020915434434812764,0.03684078596497143,v1_Ra40_repeat_20261001,FS 0.10,2,0.07141614964612293,2.4709108933960797,0.00405334704196787,0.14715948794603584
1790891774.921,2026-10-01T17:56:14,1300,27.293543888433145,v1_Ra40_repeat_20261001,0.2482,0.2482,5.3327,0.2482,1.3236,1,,1300,9.9,,325.7577729717241,327.2728887663902,True,0.12698639188455038,0.0021712681582680923,0.03880014541259487,v1_Ra40_repeat_20261001,FS 0.10,2,0.07450814771823334,2.6220948686722982,0.004301353200594074,-0.46295181992531687
1790891775.974,2026-10-01T17:56:15,1300,27.293543888433145,v1_Ra40_repeat_20261001,0.2586,0.2586,4.9452,0.2586,1.2788,1,,1300,9.9,,320.88620924946554,327.2727368995447,True,0.1250873664391039,0.0020977770631559656,0.03805598408893069,v1_Ra40_repeat_20261001,FS 0.10,2,0.07763016518910211,2.685153222868392,0.004404795778849415,-1.9514389467887527
1790891777.03,2026-10-01T17:56:17,1300,27.293543888433145,v1_Ra40_repeat_20261001,0.2689,0.2689,4.155,0.2689,1.1173,1,,1300,9.8,,308.47384547278125,313.25292265207736,True,0.12024879796418848,0.0018328482269816706,0.0345877915796784,v1_Ra40_repeat_20261001,FS 0.10,2,0.08072216326121251,2.634711756865205,0.004322050274928984,-1.5256289195437533
1790891778.085,2026-10-01T17:56:18,1300,27.293543888433145,v1_Ra40_repeat_20261001,0.2793,0.2793,3.7182,0.2793,1.0385,1,,1300,9.8,,303.78102887602836,300.59640533701213,True,0.11841945144710843,0.001703582640043377,0.03264504218959327,v1_Ra40_repeat_20261001,FS 0.10,2,0.08384418073208127,2.6723269470510256,0.004383755219563066,1.0594350040366685
1790891787.062,2026-10-01T17:56:27,1400,29.42566858080394,v1_Ra40_repeat_20261001,0.006,0.006,17.7591,0.006,0.1066,1,,1400,10.3,,560.526185023059,562.5102869512034,True,0.20267113152364216,0.00013954512879895968,0.0018160704052994166,v1_Ra40_repeat_20261001,FS 0.10,2,0.001801163925501209,0.10910937012351107,0.00014283002914689227,-0.3527227811064848
1790891788.134,2026-10-01T17:56:28,1400,29.42566858080394,v1_Ra40_repeat_20261001,0.012,0.012,17.2188,0.012,0.2066,1,,1400,10.4,,553.8461928175138,553.8462179269118,True,0.20025582673496173,0.00027045050290680175,0.0035621526339843926,v1_Ra40_repeat_20261001,FS 0.10,2,0.003602327851002418,0.21304964927540454,0.0002788934404194138,-4.533640773907166e-06
1790891789.19,2026-10-01T17:56:29,1400,29.42566858080394,v1_Ra40_repeat_20261001,0.024,0.024,16.5668,0.024,0.3976,1,,1400,10.4,,544.9999538739576,547.4998551604472,True,0.19705726562519785,0.0005204797674527802,0.006966606685765598,v1_Ra40_repeat_20261001,FS 0.10,2,0.007204655702004836,0.41622293466433863,0.0005448581897449916,-0.45660309549433453
1790891790.244,2026-10-01T17:56:30,1400,29.42566858080394,v1_Ra40_repeat_20261001,0.0361,0.0361,15.9996,0.0361,0.5776,1,,1400,10.4,,537.5001662944214,543.7497505583679,True,0.19434554496781412,0.0007561094408468959,0.010261715351305501,v1_Ra40_repeat_20261001,FS 0.10,2,0.010837002951765607,0.6142930444004943,0.0008041426078909196,-1.1493493574073033
1790891791.294,2026-10-01T17:56:31,1400,29.42566858080394,v1_Ra40_repeat_20261001,0.0481,0.0481,15.5559,0.0481,0.7482,1,,1400,10.4,,534.1463516752583,530.4878738080788,True,0.1931328961711154,0.0009794340090748745,0.013376078827222125,v1_Ra40_repeat_20261001,FS 0.10,2,0.014439330802768024,0.8085612989841001,0.0010584501933263639,0.6896440140878868
1790891792.346,2026-10-01T17:56:32,1400,29.42566858080394,v1_Ra40_repeat_20261001,0.0601,0.0601,15.0076,0.0601,0.902,1,,1400,10.4,,524.3903409150562,530.487559793562,True,0.18960538614079336,0.0011807664744527358,0.01642567539497955,v1_Ra40_repeat_20261001,FS 0.10,2,0.018041658653770443,0.9917531896812358,0.0012982582231786785,-1.1493613310891826
1790891793.403,2026-10-01T17:56:33,1400,29.42566858080394,v1_Ra40_repeat_20261001,0.0721,0.0721,14.4785,0.0721,1.0439,1,,1400,10.4,,518.1112972959909,523.1705747541355,True,0.1873350535333882,0.0013665212003117636,0.019240095241395364,v1_Ra40_repeat_20261001,FS 0.10,2,0.02164398650477286,1.1687687164919007,0.0015299810607791468,-0.9670416690621852
1790891794.577,2026-10-01T17:56:34,1400,29.42566858080394,v1_Ra40_repeat_20261001,0.0842,0.0842,13.474,0.0842,1.1345,1,,1400,10.4,,496.68485959298323,509.07672334391236,True,0.17958783227982492,0.0014851214692534686,0.021811973461689883,v1_Ra40_repeat_20261001,FS 0.10,2,0.02527633375453363,1.3005722529949686,0.001702518973325854,-2.434183922127131
1790891795.75,2026-10-01T17:56:35,1400,29.42566858080394,v1_Ra40_repeat_20261001,0.0962,0.0962,13.0653,0.0962,1.2569,1,,1400,10.4,,486.41592561527887,487.9789745126004,True,0.17587486306551908,0.0016453496471614672,0.02467540688177497,v1_Ra40_repeat_20261001,FS 0.10,2,0.02887866160553605,1.4695827490003053,0.0019237627954031597,-0.3203107057804577
1790891796.805,2026-10-01T17:56:36,1400,29.42566858080394,v1_Ra40_repeat_20261001,0.1082,0.1082,12.363,0.1082,1.3377,1,,1400,10.4,,474.67282892514504,477.99090920017306,True,0.1716288764240867,0.0017511211894406034,0.02691136560600597,v1_Ra40_repeat_20261001,FS 0.10,2,0.03248098945653847,1.6027168811191717,0.0020980425291185906,-0.6941722554054897
1790891797.881,2026-10-01T17:56:37,1400,29.42566858080394,v1_Ra40_repeat_20261001,0.1202,0.1202,11.6709,0.1202,1.4028,1,,1400,10.4,,460.2377634294271,469.4256483136087,True,0.16640954655903378,0.001836340587984809,0.029106158413297507,v1_Ra40_repeat_20261001,FS 0.10,2,0.036083317307540885,1.7258746493515682,0.0022592626663660784,-1.9572609458364032
1790891798.935,2026-10-01T17:56:38,1400,29.42566858080394,v1_Ra40_repeat_20261001,0.1322,0.1322,11.2168,0.1322,1.4829,1,,1400,10.4,,455.9642077642138,456.3826394652551,True,0.16486434423764285,0.0019411957926451905,0.03105649887760705,v1_Ra40_repeat_20261001,FS 0.10,2,0.03968564515854331,1.8697560536974938,0.002447611156996729,-0.09168440358108265
1790891799.991,2026-10-01T17:56:39,1400,29.42566858080394,v1_Ra40_repeat_20261001,0.1443,0.1443,10.7006,0.1443,1.5441,1,,1400,10.4,,449.79735529982463,447.17880500086267,True,0.16263457692205216,0.0020213098815991897,0.03278158193674352,v1_Ra40_repeat_20261001,FS 0.10,2,0.04331799240830408,2.001064350048616,0.0026195007735697992,0.5855712009778635
1790891801.045,2026-10-01T17:56:41,1400,29.42566858080394,v1_Ra40_repeat_20261001,0.1563,0.1563,10.4701,0.1563,1.6365,1,,1401,10.3,,444.9416067054017,446.8757537383226,True,0.16087886935954904,0.002142266447274836,0.035122415226365215,v1_Ra40_repeat_20261001,FS 0.10,2,0.046920320259306494,2.168740723589213,0.002838998157643581,-0.43281538923087837
1790891802.22,2026-10-01T17:56:42,1400,29.42566858080394,v1_Ra40_repeat_20261001,0.1683,0.1683,9.8917,0.1683,1.6648,1,,1400,10.4,,430.7377343139251,437.75505724674986,True,0.15574313267763193,0.0021793126681473552,0.03690800152646226,v1_Ra40_repeat_20261001,FS 0.10,2,0.05052264811030891,2.2780407332433406,0.002982077744181224,-1.6030249831858079
1790891803.275,2026-10-01T17:56:43,1400,29.42566858080394,v1_Ra40_repeat_20261001,0.1803,0.1803,9.2651,0.1803,1.6705,1,,1400,10.5,,425.4901630791437,431.3710012131537,True,0.1538457526295253,0.0021867742744715022,0.03749111338006065,v1_Ra40_repeat_20261001,FS 0.10,2,0.05412497596131133,2.370464379010997,0.0031030652634374814,-1.3632900954100302
1790891804.329,2026-10-01T17:56:44,1400,29.42566858080394,v1_Ra40_repeat_20261001,0.1923,0.1923,9.0499,0.1923,1.7403,1,,1401,10.4,,418.93275736024407,421.6008639596339,True,0.15147477180397417,0.0022781462255987758,0.03966899354561335,v1_Ra40_repeat_20261001,FS 0.10,2,0.057727303812313745,2.5327116608921827,0.0033154556747638526,-0.6328513120991364
1790891805.386,2026-10-01T17:56:45,1400,29.42566858080394,v1_Ra40_repeat_20261001,0.2044,0.2044,8.4049,0.2044,1.718,1,,1400,10.4,,407.52683849748337,415.3840359371543,True,0.1473506995594501,0.002248954327172727,0.04025671436609906,v1_Ra40_repeat_20261001,FS 0.10,2,0.06135965106207452,2.6094247170913594,0.003415877187970944,-1.8915501704210191
1790891806.437,2026-10-01T17:56:46,1400,29.42566858080394,v1_Ra40_repeat_20261001,0.2164,0.2164,8.1005,0.2164,1.7529,1,,1400,10.4,,401.5760379186986,407.54724996347704,True,0.14519905077122405,0.002294640302736364,0.04168316932330483,v1_Ra40_repeat_20261001,FS 0.10,2,0.06496197891307694,2.748266968167217,0.0035976291561615453,-1.4651582228351612
1790891807.494,2026-10-01T17:56:47,1400,29.42566858080394,v1_Ra40_repeat_20261001,0.2284,0.2284,7.6691,0.2284,1.7516,1,,1400,10.4,,398.182147608577,391.2430993305179,True,0.1439719116869167,0.002292938532872962,0.042007277321806126,v1_Ra40_repeat_20261001,FS 0.10,2,0.06856430676407935,2.856632855356605,0.003739485926192095,1.7735899470004535
1790891808.548,2026-10-01T17:56:48,1400,29.42566858080394,v1_Ra40_repeat_20261001,0.2404,0.2404,7.4705,0.2404,1.7959,1,,1400,10.4,,396.3632788543009,398.18175341171127,True,0.14331425786382732,0.002350929613602736,0.04326733240146624,v1_Ra40_repeat_20261001,FS 0.10,2,0.07216663461508177,3.016322378659522,0.003948528094082809,-0.4566945978386139
1790891809.624,2026-10-01T17:56:49,1400,29.42566858080394,v1_Ra40_repeat_20261001,0.2525,0.2525,7.0113,0.2525,1.7704,1,,1400,10.4,,385.6169886234966,389.4598269581252,True,0.13942868951938148,0.0023175487432052365,0.043841623096901504,v1_Ra40_repeat_20261001,FS 0.10,2,0.07579898186484255,3.1129688616256104,0.004075043534171639,-0.9867098141143504
1790891810.68,2026-10-01T17:56:50,1400,29.42566858080394,v1_Ra40_repeat_20261001,0.2645,0.2645,6.4057,0.2645,1.6943,1,,1400,10.4,,373.6838215929765,381.57916927672204,True,0.1351139785757052,0.0022179297535091682,0.043296959273925364,v1_Ra40_repeat_20261001,FS 0.10,2,0.07940130971584497,3.1637533541231995,0.004141523164064376,-2.0691243965730743
1790891811.735,2026-10-01T17:56:51,1400,29.42566858080394,v1_Ra40_repeat_20261001,0.2765,0.2765,5.9111,0.2765,1.6344,1,,1400,10.4,,369.4915624090754,368.55699890164715,True,0.13359817086654943,0.002139517434418571,0.04224012650682461,v1_Ra40_repeat_20261001,FS 0.10,2,0.0830036375668474,3.236461482734318,0.004236702011829572,0.25357366980234275
1790891812.787,2026-10-01T17:56:52,1400,29.42566858080394,v1_Ra40_repeat_20261001,0.2885,0.2885,5.6472,0.2885,1.6292,1,,1400,10.4,,363.4673259618012,368.541903024186,True,0.1314199696514094,0.002132710354964963,0.04280361090491529,v1_Ra40_repeat_20261001,FS 0.10,2,0.08660596541784979,3.369593247458966,0.004410978646498745,-1.3769335374739788
1790891813.843,2026-10-01T17:56:53,1400,29.42566858080394,v1_Ra40_repeat_20261001,0.3005,0.3005,5.1551,0.3005,1.5491,1,,1400,10.4,,356.8088868868017,362.4999397876877,True,0.12901245789269317,0.0020278551503045816,0.041458651631937495,v1_Ra40_repeat_20261001,FS 0.10,2,0.09020829326885221,3.4335486482971436,0.004494699703228131,-1.5699458886032303
1790891814.897,2026-10-01T17:56:54,1400,29.42566858080394,v1_Ra40_repeat_20261001,0.3126,0.3126,4.7782,0.3126,1.4937,1,,1400,10.4,,350.7085024541311,349.7435371663414,True,0.12680672362240622,0.001955333573048837,0.04067133876130475,v1_Ra40_repeat_20261001,FS 0.10,2,0.09384064051861299,3.5291998911112863,0.004619912320472785,0.2759065387191839
1790891815.953,2026-10-01T17:56:55,1400,29.42566858080394,v1_Ra40_repeat_20261001,0.3246,0.3246,4.2794,0.3246,1.3891,1,,1401,10.4,,346.8996942596277,350.1454110062241,True,0.1254295614359425,0.0018184065517320345,0.03823851132313,v1_Ra40_repeat_20261001,FS 0.10,2,0.0974429683696154,3.580150261144136,0.004686609092973616,-0.9269625260171388
1790891817.035,2026-10-01T17:56:57,1400,29.42566858080394,v1_Ra40_repeat_20261001,0.3366,0.3366,3.7337,0.3366,1.2568,1,,1400,10.3,,343.5950614627245,338.2893055023146,True,0.12423469545802043,0.0016452187417873593,0.03492936102626624,v1_Ra40_repeat_20261001,FS 0.10,2,0.10104529622061782,3.609124267290515,0.004724537624113564,1.568407831436347
1790891826.089,2026-10-01T17:57:06,1500,31.557793273174738,v1_Ra40_repeat_20261001,0.0069,0.0069,19.2193,0.0069,0.1326,1,,1500,10.9,,608.1823270902078,608.5704721686625,True,0.2050451470755122,0.00014072139679534252,0.002082001845231696,v1_Ra40_repeat_20261001,FS 0.10,2,0.0020713385143263903,0.13560919154573572,0.0001439148933077156,-0.06377980796070659
1790891827.144,2026-10-01T17:57:07,1500,31.557793273174738,v1_Ra40_repeat_20261001,0.0138,0.0138,18.8714,0.0138,0.2604,1,,1500,11.0,,603.5182045942065,607.2221566663643,True,0.20347266520523757,0.00027634880637637403,0.004120235001924651,v1_Ra40_repeat_20261001,FS 0.10,2,0.004142677028652781,0.2683107602815072,0.00028474407965334845,-0.609983023757299
1790891828.213,2026-10-01T17:57:08,1500,31.557793273174738,v1_Ra40_repeat_20261001,0.0277,0.0277,18.2023,0.0277,0.5042,1,,1500,10.9,,599.9998842759396,604.1670838995742,True,0.20228648389909976,0.0005350809069699223,0.008024593778424322,v1_Ra40_repeat_20261001,FS 0.10,2,0.008315373456063915,0.5277308296795202,0.0005600529372885904,-0.6897429096496821
1790891829.269,2026-10-01T17:57:09,1500,31.557793273174738,v1_Ra40_repeat_20261001,0.0415,0.0415,17.4999,0.0415,0.7262,1,,1500,11.0,,589.1892957720302,591.7117387022017,True,0.19864175663390224,0.000770677815631808,0.011769900149515353,v1_Ra40_repeat_20261001,FS 0.10,2,0.012458050484716696,0.7728354589940676,0.0008201695722670803,-0.426295908156904
1790891830.33,2026-10-01T17:57:10,1500,31.557793273174738,v1_Ra40_repeat_20261001,0.0553,0.0553,16.9869,0.0553,0.9394,1,,1500,11.0,,581.971393664162,580.2637647971665,True,0.1962082827670022,0.0009969357477341235,0.01541417552493698,v1_Ra40_repeat_20261001,FS 0.10,2,0.016600727513369478,1.016709597068758,0.0010789803516949134,0.2942849391246005
1790891831.382,2026-10-01T17:57:11,1500,31.557793273174738,v1_Ra40_repeat_20261001,0.0691,0.0691,16.5986,0.0691,1.147,1,,1501,10.9,,578.3777376139597,583.7842916197133,True,0.1949967024554236,0.001217250694753076,0.01893752554994585,v1_Ra40_repeat_20261001,FS 0.10,2,0.020743404542022253,1.2625532439035914,0.0013398812670482967,-0.9261218712742436
1790891832.437,2026-10-01T17:57:12,1500,31.557793273174738,v1_Ra40_repeat_20261001,0.083,0.083,15.705,0.083,1.3035,1,,1499,11.1,,563.1578593016229,572.9058229204156,True,0.1898654086837754,0.0013833359028863424,0.022103053155741095,v1_Ra40_repeat_20261001,FS 0.10,2,0.02491610096943339,1.465226003380679,0.0015549671931869263,-1.7014949453824646
1790891833.512,2026-10-01T17:57:13,1500,31.557793273174738,v1_Ra40_repeat_20261001,0.0968,0.0968,15.3689,0.0968,1.4877,1,,1501,10.9,,560.5263729337594,560.6196722856339,True,0.1889782183046874,0.0015788176622355285,0.0253449065311823,v1_Ra40_repeat_20261001,FS 0.10,2,0.02905877799808617,1.7028635192485524,0.001807159373910173,-0.016642183014048406
1790891834.567,2026-10-01T17:57:14,1500,31.557793273174738,v1_Ra40_repeat_20261001,0.1106,0.1106,14.5879,0.1106,1.6134,1,,1500,10.9,,549.7512193951025,556.578747433241,True,0.18534543773267412,0.0017122164524102988,0.028025104024362424,v1_Ra40_repeat_20261001,FS 0.10,2,0.033201455026738956,1.8895705438765686,0.0020053017064679173,-1.2266957855694094
1790891835.623,2026-10-01T17:57:15,1500,31.557793273174738,v1_Ra40_repeat_20261001,0.1244,0.1244,13.9374,0.1244,1.7338,1,,1500,11.0,,540.0004334818505,541.4603746540024,True,0.18205801676921027,0.001839990631702601,0.030660290980155592,v1_Ra40_repeat_20261001,FS 0.10,2,0.03734413205539173,2.078547077264728,0.002205852549152106,-0.2696302888433699
1790891836.677,2026-10-01T17:57:16,1500,31.557793273174738,v1_Ra40_repeat_20261001,0.1383,0.1383,13.3115,0.1383,1.841,1,,1500,10.9,,527.8318508028633,532.499951720149,True,0.1779554496376544,0.0019537563461555474,0.03330654447470375,v1_Ra40_repeat_20261001,FS 0.10,2,0.041516828482802866,2.2624725268208907,0.002401042942574086,-0.8766387493944872
1790891837.732,2026-10-01T17:57:17,1500,31.557793273174738,v1_Ra40_repeat_20261001,0.1521,0.1521,12.5882,0.1521,1.9147,1,,1500,11.0,,511.9046791883875,516.3787832904973,True,0.17258569602805512,0.0020319702748419484,0.03571766173591541,v1_Ra40_repeat_20261001,FS 0.10,2,0.04565950551145565,2.41994292924209,0.0025681579876920034,-0.8664384066284891
1790891838.784,2026-10-01T17:57:18,1500,31.557793273174738,v1_Ra40_repeat_20261001,0.1659,0.1659,11.8651,0.1659,1.9684,1,,1500,10.9,,500.4938654577245,505.81408394086793,True,0.1687386063060481,0.0020889592568020528,0.03755657500763699,v1_Ra40_repeat_20261001,FS 0.10,2,0.049802182540108424,2.5649828404234323,0.0027220812070925383,-1.0518130380421375
1790891839.841,2026-10-01T17:57:19,1500,31.557793273174738,v1_Ra40_repeat_20261001,0.1797,0.1797,11.4561,0.1797,2.0587,1,,1500,10.9,,494.1792077580885,495.34896254377827,True,0.16660965605695388,0.0021847898912712794,0.03978139219936722,v1_Ra40_repeat_20261001,FS 0.10,2,0.05394485956876121,2.7541922603649174,0.0029228792000111077,-0.23614761998949074
1790891840.922,2026-10-01T17:57:20,1500,31.557793273174738,v1_Ra40_repeat_20261001,0.1936,0.1936,10.8054,0.1936,2.0919,1,,1499,11.0,,479.17917822112486,481.2312326683127,True,0.16155248302586786,0.0022200233028369307,0.041688317095484956,v1_Ra40_repeat_20261001,FS 0.10,2,0.05811755599617234,2.894670400000155,0.003071961251509462,-0.4264175531188408
1790891841.979,2026-10-01T17:57:21,1500,31.557793273174738,v1_Ra40_repeat_20261001,0.2074,0.2074,10.296,0.2074,2.1354,1,,1500,11.0,,469.56514737200905,470.8152899386505,True,0.15831116823976252,0.002266187561966625,0.04342649373112641,v1_Ra40_repeat_20261001,FS 0.10,2,0.062260233024825126,3.0522736889746804,0.003239217322128129,-0.2655271809045012
1790891843.034,2026-10-01T17:57:23,1500,31.557793273174738,v1_Ra40_repeat_20261001,0.2212,0.2212,9.7903,0.2212,2.1656,1,,1499,11.0,,468.08530648727356,466.3392517149532,True,0.15781224846136202,0.0022982372315233316,0.04417988857796109,v1_Ra40_repeat_20261001,FS 0.10,2,0.06640291005347791,3.2041464867093485,0.003400391924182722,0.37441728653533346
1790891844.121,2026-10-01T17:57:24,1500,31.557793273174738,v1_Ra40_repeat_20261001,0.2351,0.2351,9.3158,0.2351,2.1901,1,,1500,11.0,,457.50064268877395,459.57418960639416,True,0.15424369040132765,0.0023242377912630445,0.04571340999440039,v1_Ra40_repeat_20261001,FS 0.10,2,0.07057560648088904,3.3588529561507636,0.0035645737527880907,-0.4511887230647327
1790891845.177,2026-10-01T17:57:25,1500,31.557793273174738,v1_Ra40_repeat_20261001,0.2489,0.2489,8.8656,0.2489,2.2066,1,,1501,10.9,,449.99961401706514,451.86845692036286,True,0.15171476205418744,0.002341748372312238,0.04682554648768096,v1_Ra40_repeat_20261001,FS 0.10,2,0.07471828350954182,3.5122196229184723,0.0037273337193748013,-0.41358118157539536
1790891846.253,2026-10-01T17:57:26,1500,31.557793273174738,v1_Ra40_repeat_20261001,0.2627,0.2627,8.2015,0.2627,2.1545,1,,1500,10.9,,436.7346831531677,443.87825346693717,True,0.14724256748558245,0.0022864573860902375,0.047108599997023354,v1_Ra40_repeat_20261001,FS 0.10,2,0.0788609605381946,3.6045557984463232,0.003825325239699229,-1.6093535238489887
1790891847.31,2026-10-01T17:57:27,1500,31.557793273174738,v1_Ra40_repeat_20261001,0.2765,0.2765,7.6569,0.2765,2.1171,1,,1501,10.9,,431.9996748524545,437.34460305211087,True,0.14564618687704248,0.002246766735712064,0.04679821994795706,v1_Ra40_repeat_20261001,FS 0.10,2,0.0830036375668474,3.719161482734318,0.003946950216876398,-1.2221319669559305
1790891848.367,2026-10-01T17:57:28,1500,31.557793273174738,v1_Ra40_repeat_20261001,0.2904,0.2904,7.4588,0.2904,2.166,1,,1500,11.0,,423.5291351935075,426.871596524461,True,0.14279039351900868,0.0022986617304578574,0.04883672617887892,v1_Ra40_repeat_20261001,FS 0.10,2,0.08717633399425852,3.928820642254807,0.004169450441451518,-0.7830132897497566
1790891849.422,2026-10-01T17:57:29,1500,31.557793273174738,v1_Ra40_repeat_20261001,0.3042,0.3042,6.9264,0.3042,2.107,1,,1499,11.0,,415.9104615570868,417.3108584404076,True,0.1402218018537851,0.0022360481376152846,0.04837668143847769,v1_Ra40_repeat_20261001,FS 0.10,2,0.0913190110229113,4.037020195575843,0.004284276929203918,-0.3355764306144371
1790891850.474,2026-10-01T17:57:30,1500,31.557793273174738,v1_Ra40_repeat_20261001,0.318,0.318,6.4772,0.318,2.0597,1,,1500,11.0,,412.3236418433635,415.2461172674407,True,0.13901252637343284,0.002185851138607594,0.04770205775553005,v1_Ra40_repeat_20261001,FS 0.10,2,0.09546168805156408,4.16448925765702,0.004419553131800113,-0.7037935582176691
1790891851.531,2026-10-01T17:57:31,1500,31.557793273174738,v1_Ra40_repeat_20261001,0.3318,0.3318,6.2321,0.3318,2.0678,1,,1501,10.9,,408.60998714586003,412.50012379463215,True,0.1377604892133259,0.0021944472420317445,0.048324896847116466,v1_Ra40_repeat_20261001,FS 0.10,2,0.09960436508021685,4.35492782849834,0.004621655557837061,-0.9430631469843798
1790891852.586,2026-10-01T17:57:32,1500,31.557793273174738,v1_Ra40_repeat_20261001,0.3457,0.3457,5.6899,0.3457,1.967,1,,1500,11.0,,398.14792408201356,394.79150380838064,True,0.13423326528049123,0.002087473510531212,0.04717710490896927,v1_Ra40_repeat_20261001,FS 0.10,2,0.10377706150762799,4.4454396780979035,0.004717711017129524,0.850175406829945
1790891853.641,2026-10-01T17:57:33,1500,31.557793273174738,v1_Ra40_repeat_20261001,0.3595,0.3595,5.0404,0.3595,1.812,1,,1500,11.0,,385.7141832242178,393.1911778686299,True,0.13004130160557928,0.0019229801734024182,0.044860485212939,v1_Ra40_repeat_20261001,FS 0.10,2,0.10791973853628077,4.487972117972265,0.004762848455653159,-1.9016181097812557
1790891854.729,2026-10-01T17:57:34,1500,31.557793273174738,v1_Ra40_repeat_20261001,0.3733,0.3733,4.6519,0.3733,1.7366,1,,1501,10.9,,385.7138823015475,390.668282298077,True,0.13004120015124493,0.0018429621242442823,0.04299380761576647,v1_Ra40_repeat_20261001,FS 0.10,2,0.11206241556493356,4.617674066606769,0.0049004943031563655,-1.2681858807133128
1790891855.782,2026-10-01T17:57:35,1500,31.557793273174738,v1_Ra40_repeat_20261001,0.3872,0.3872,3.9873,0.3872,1.5439,1,,1500,11.0,,383.6582758870918,376.4423394700543,True,0.12934816436114227,0.0016384597625364204,0.03842784041158922,v1_Ra40_repeat_20261001,FS 0.10,2,0.11623511199234468,4.63921424601251,0.004923353761174451,1.9168769451374468
1790891863.143,2026-10-01T17:57:43,1600,33.68991796554553,v1_Ra40_repeat_20261001,0.0079,0.0079,21.1465,0.0079,0.1671,1,,1600,11.7,,669.8847925374139,667.9003203686307,True,0.21155460885573696,0.00014575151689280602,0.002382032667729536,v1_Ra40_repeat_20261001,FS 0.10,2,0.0023715325019099255,0.17070230878090098,0.00014889359929336015,0.29712100866907676
1790891864.197,2026-10-01T17:57:44,1600,33.68991796554553,v1_Ra40_repeat_20261001,0.0158,0.0158,20.38,0.0158,0.322,1,,1600,11.8,,657.5753365520086,662.5835442610651,True,0.2076671909366716,0.00028086169024227136,0.004676077902584507,v1_Ra40_repeat_20261001,FS 0.10,2,0.004743065003819851,0.33168525735239485,0.0002893095714547713,-0.7558605631598936
1790891865.253,2026-10-01T17:57:45,1600,33.68991796554553,v1_Ra40_repeat_20261001,0.0315,0.0315,20.0134,0.0315,0.6304,1,,1600,11.8,,657.5756278463132,654.5453580657977,True,0.20766728292958345,0.0005498608991575399,0.009154652807349482,v1_Ra40_repeat_20261001,FS 0.10,2,0.009456110608881347,0.6595377719963241,0.0005752760665264266,0.4629579513740767
1790891866.306,2026-10-01T17:57:46,1600,33.68991796554553,v1_Ra40_repeat_20261001,0.0473,0.0473,19.134,0.0473,0.905,1,,1601,11.8,,645.1353599354661,645.4547631958917,True,0.20373855362977203,0.0007893783530101104,0.013395814191233296,v1_Ra40_repeat_20261001,FS 0.10,2,0.014199175612701198,0.9636053466661056,0.0008404963552519635,-0.04948499548506069
1790891867.359,2026-10-01T17:57:47,1600,33.68991796554553,v1_Ra40_repeat_20261001,0.063,0.063,18.4476,0.063,1.1622,1,,1600,11.9,,638.2358361249317,639.705804392986,True,0.20155963260142679,0.0010137188086943097,0.017388858261339662,v1_Ra40_repeat_20261001,FS 0.10,2,0.018912221217762693,1.2599149740874378,0.0010989498421855443,-0.22978817105610005
1790891868.441,2026-10-01T17:57:48,1600,33.68991796554553,v1_Ra40_repeat_20261001,0.0788,0.0788,17.8825,0.0788,1.4091,1,,1600,11.9,,627.386157630076,635.2943626665024,True,0.19813322329081162,0.0012290751792558526,0.021447578425186353,v1_Ra40_repeat_20261001,FS 0.10,2,0.02365528622158254,1.5560648660746057,0.0013572640012805197,-1.2448095719334695
1790891869.497,2026-10-01T17:57:49,1600,33.68991796554553,v1_Ra40_repeat_20261001,0.0946,0.0946,17.1026,0.0946,1.6179,1,,1600,11.8,,617.1424778298388,615.9800520266685,True,0.1948981928833083,0.0014111991572763067,0.025034424789606744,v1_Ra40_repeat_20261001,FS 0.10,2,0.028398351225402397,1.8240373172241453,0.0015910006334799735,0.1887115985892196
1790891870.553,2026-10-01T17:57:50,1600,33.68991796554553,v1_Ra40_repeat_20261001,0.1103,0.1103,16.6873,0.1103,1.8406,1,,1600,11.9,,613.3850453279592,608.5723114047369,True,0.19371156770224396,0.001605447289005977,0.028654815485269845,v1_Ra40_repeat_20261001,FS 0.10,2,0.03311139683046389,2.1153638155778958,0.0018451076295669196,0.7908236758444431
1790891871.641,2026-10-01T17:57:51,1600,33.68991796554553,v1_Ra40_repeat_20261001,0.1261,0.1261,16.0759,0.1261,2.0272,1,,1600,11.9,,608.3339095107476,611.6674660410581,True,0.19211638137469686,0.0017682075107426473,0.03182188882701336,v1_Ra40_repeat_20261001,FS 0.10,2,0.03785446183428374,2.3809185840448217,0.0020767354591430557,-0.5449949057919512
1790891872.698,2026-10-01T17:57:52,1600,33.68991796554553,v1_Ra40_repeat_20261001,0.1418,0.1418,15.7131,0.1418,2.2281,1,,1600,11.9,,602.8992815115089,603.9837899085001,True,0.1904000853586305,0.0019434407826981514,0.03529078301244743,v1_Ra40_repeat_20261001,FS 0.10,2,0.04256750743934524,2.6701021951759754,0.0023289733405488307,-0.17955918935431692
1790891873.755,2026-10-01T17:57:53,1600,33.68991796554553,v1_Ra40_repeat_20261001,0.1576,0.1576,14.906,0.1576,2.3492,1,,1600,11.9,,590.6184871738105,589.7478397376062,True,0.18652171900147155,0.002049069200984919,0.037982569164122806,v1_Ra40_repeat_20261001,FS 0.10,2,0.04731057244316508,2.889939280960288,0.00252072432033553,0.1476304578905685
1790891874.811,2026-10-01T17:57:54,1600,33.68991796554553,v1_Ra40_repeat_20261001,0.1733,0.1733,14.5367,0.1733,2.5192,1,,1600,11.8,,589.1892957720302,591.8915598742046,True,0.18607036970775437,0.0021973502175724534,0.04082998135039807,v1_Ra40_repeat_20261001,FS 0.10,2,0.05202361804822659,3.1678800048688447,0.0027631556914663306,-0.4565471592040904
1790891875.864,2026-10-01T17:57:55,1600,33.68991796554553,v1_Ra40_repeat_20261001,0.1891,0.1891,13.4992,0.1891,2.5527,1,,1600,11.8,,566.2538563697808,583.1311514831782,True,0.17882718705048228,0.002226570300252938,0.04304869471462335,v1_Ra40_repeat_20261001,FS 0.10,2,0.056766683052046435,3.319899407970544,0.002895753289307214,-2.8942537318526806
1790891876.943,2026-10-01T17:57:56,1600,33.68991796554553,v1_Ra40_repeat_20261001,0.2049,0.2049,12.8481,0.2049,2.6326,1,,1600,11.8,,556.1081654778491,563.2067798099911,True,0.17562310227034608,0.0022962623780490793,0.04520609433853885,v1_Ra40_repeat_20261001,FS 0.10,2,0.06150974805586629,3.5282413702346145,0.0030774777479093208,-1.260392201694882
1790891877.997,2026-10-01T17:57:57,1600,33.68991796554553,v1_Ra40_repeat_20261001,0.2206,0.2206,12.5413,0.2206,2.7666,1,,1600,11.8,,552.3774050151587,549.9992947777287,True,0.17444490031799345,0.002413142708771018,0.047827959097561656,v1_Ra40_repeat_20261001,FS 0.10,2,0.06622279366092779,3.799698965075589,0.0033142542662824193,0.43238423394544867
1790891879.052,2026-10-01T17:57:59,1600,33.68991796554553,v1_Ra40_repeat_20261001,0.2364,0.2364,11.4899,0.2364,2.7162,1,,1600,11.8,,532.2994101900349,547.241904855423,True,0.16810411994925661,0.0023691817485591844,0.048727837921729765,v1_Ra40_repeat_20261001,FS 0.10,2,0.07096585866474764,3.8975232446570467,0.0033995806405370177,-2.7305099505009034
1790891880.139,2026-10-01T17:58:00,1600,33.68991796554553,v1_Ra40_repeat_20261001,0.2521,0.2521,11.1664,0.2521,2.815,1,,1600,11.9,,528.1681799090165,522.3841689495657,True,0.16679944664433902,0.0024553591864347633,0.05089528470429959,v1_Ra40_repeat_20261001,FS 0.10,2,0.07567890426980912,4.153437952275424,0.003622800011156751,1.1072332017797448
1790891881.196,2026-10-01T17:58:01,1600,33.68991796554553,v1_Ra40_repeat_20261001,0.2679,0.2679,10.3686,0.2679,2.7777,1,,1601,11.8,,520.0667889293982,526.8300537394907,True,0.16424096700877566,0.00242282458691291,0.05100322052901244,v1_Ra40_repeat_20261001,FS 0.10,2,0.08042196927362899,4.284144549174267,0.003736807699761796,-1.2837659435118054
1790891882.252,2026-10-01T17:58:02,1600,33.68991796554553,v1_Ra40_repeat_20261001,0.2837,0.2837,9.7365,0.2837,2.7622,1,,1600,11.9,,503.1247818003976,510.7139864755709,True,0.15889055492100368,0.002409304847165223,0.05242649136486076,v1_Ra40_repeat_20261001,FS 0.10,2,0.08516503427744883,4.446573705235483,0.0038784851137865744,-1.4859989888951874
1790891883.304,2026-10-01T17:58:03,1600,33.68991796554553,v1_Ra40_repeat_20261001,0.2994,0.2994,9.4904,0.2994,2.8414,1,,1600,11.9,,502.3255999632511,502.3258163886567,True,0.15863816734205638,0.0024783863560695336,0.05401550571992289,v1_Ra40_repeat_20261001,FS 0.10,2,0.08987807988251033,4.712405283786279,0.004110354388542934,-4.308466706737235e-05
1790891884.358,2026-10-01T17:58:04,1600,33.68991796554553,v1_Ra40_repeat_20261001,0.3152,0.3152,8.4841,0.3152,2.6742,1,,1600,11.8,,479.4810547031375,491.0960621436743,True,0.15142368973213124,0.002332547615049323,0.05325909893309845,v1_Ra40_repeat_20261001,FS 0.10,2,0.09462114488633017,4.74291675716488,0.0041369677549556545,-2.365119237534985
1790891885.415,2026-10-01T17:58:05,1600,33.68991796554553,v1_Ra40_repeat_20261001,0.3309,0.3309,8.1509,0.3309,2.6971,1,,1600,11.9,,474.6928289827338,472.8255028547892,True,0.14991153237212307,0.0023525219402249376,0.054256997890578765,v1_Ra40_repeat_20261001,FS 0.10,2,0.09933419049139168,4.97210544849308,0.004336875591076313,0.39492923217343545
1790891886.471,2026-10-01T17:58:06,1600,33.68991796554553,v1_Ra40_repeat_20261001,0.3467,0.3467,7.2656,0.3467,2.519,1,,1600,11.9,,463.82933253175906,467.19784602703385,True,0.1464807592480067,0.0021971757693176443,0.0518610540812703,v1_Ra40_repeat_20261001,FS 0.10,2,0.10407725549521153,5.011499239189068,0.004371236481262418,-0.7210036441563261
1790891887.531,2026-10-01T17:58:07,1600,33.68991796554553,v1_Ra40_repeat_20261001,0.3624,0.3624,6.7451,0.3624,2.4444,1,,1600,11.8,,457.44652486987434,456.4379693252704,True,0.14446502102950395,0.002132106570273938,0.05102738638198139,v1_Ra40_repeat_20261001,FS 0.10,2,0.10879030110027302,5.16284504329467,0.00450324653825675,0.22096223635708068
1790891888.592,2026-10-01T17:58:08,1600,33.68991796554553,v1_Ra40_repeat_20261001,0.3782,0.3782,6.4105,0.3782,2.4245,1,,1601,11.8,,452.64968813967243,450.31518181447154,True,0.14295014424844013,0.002114748968920456,0.051148316630307736,v1_Ra40_repeat_20261001,FS 0.10,2,0.11353336610409287,5.380221151308045,0.004692850951657132,0.5184160826633422
1790891889.647,2026-10-01T17:58:09,1600,33.68991796554553,v1_Ra40_repeat_20261001,0.394,0.394,5.7717,0.394,2.274,1,,1600,11.8,,435.3338212456947,443.87825346693717,True,0.13748166446122528,0.0019834766571767857,0.049881491801673235,v1_Ra40_repeat_20261001,FS 0.10,2,0.11827643110791272,5.4769198184837915,0.004777195520312893,-1.9249495001175787
1790891890.723,2026-10-01T17:58:10,1600,33.68991796554553,v1_Ra40_repeat_20261001,0.4097,0.4097,5.4051,0.4097,2.2145,1,,1601,11.8,,426.0067731579511,428.6373288488221,True,0.1345361131784336,0.0019315783013711487,0.0496398616666582,v1_Ra40_repeat_20261001,FS 0.10,2,0.12298947671297422,5.672882493521811,0.004948122253653189,-0.6137019605678806
1790891891.779,2026-10-01T17:58:11,1600,33.68991796554553,v1_Ra40_repeat_20261001,0.4255,0.4255,4.6513,0.4255,1.9791,1,,1600,11.8,,429.1818775199772,417.14095440847814,True,0.13553883479395235,0.0017262527054611155,0.04403497412704829,v1_Ra40_repeat_20261001,FS 0.10,2,0.12773254171679407,5.704463478014945,0.004975668491803053,2.8865358302144095
1790891900.214,2026-10-01T17:58:20,1700,35.82204265791633,v1_Ra40_repeat_20261001,0.0089,0.0089,22.7604,0.0089,0.2026,1,,1700,12.7,,719.9991989105001,725.0001282720632,True,0.21384740888322867,0.0001470025589276779,0.002687068945566385,v1_Ra40_repeat_20261001,FS 0.10,2,0.00267172648949346,0.20683517348907685,0.00015007551717248024,-0.6897832381743241
1790891901.27,2026-10-01T17:58:21,1700,35.82204265791633,v1_Ra40_repeat_20261001,0.0178,0.0178,22.1504,0.0178,0.3943,1,,1700,12.7,,718.5330734444051,717.2003118112343,True,0.21341195404870028,0.00028609629311541655,0.005240242631586242,v1_Ra40_repeat_20261001,FS 0.10,2,0.00534345297898692,0.40591874431532504,0.0002945266245363405,0.18582836778262557
1790891902.326,2026-10-01T17:58:22,1700,35.82204265791633,v1_Ra40_repeat_20261001,0.0356,0.0356,21.8444,0.0356,0.7777,1,,1700,12.7,,718.7641655277275,717.0145463370545,True,0.21348059085177826,0.0005642837614908938,0.010332301345464794,v1_Ra40_repeat_20261001,FS 0.10,2,0.01068690595797384,0.8135310779793354,0.0005902820840580186,0.24401446241377744
1790891903.412,2026-10-01T17:58:23,1700,35.82204265791633,v1_Ra40_repeat_20261001,0.0534,0.0534,20.8919,0.0534,1.1156,1,,1700,12.7,,706.1932050889936,705.0000858310568,True,0.2097468820906231,0.0008094573284290101,0.015085383424861194,v1_Ra40_repeat_20261001,FS 0.10,2,0.01603035893696076,1.1882370009920316,0.0008621613018676129,0.16923675357150003
1790891904.466,2026-10-01T17:58:24,1700,35.82204265791633,v1_Ra40_repeat_20261001,0.0713,0.0713,20.1492,0.0713,1.4366,1,,1700,12.7,,699.9998464557393,701.6126486809981,True,0.20790738879950538,0.0010423685891189638,0.019597889262703474,v1_Ra40_repeat_20261001,FS 0.10,2,0.021403831314706034,1.5589496126921025,0.0011311430518511916,-0.22987074538789454
1790891905.518,2026-10-01T17:58:25,1700,35.82204265791633,v1_Ra40_repeat_20261001,0.0891,0.0891,19.5657,0.0891,1.7433,1,,1700,12.7,,691.6837559013402,692.1613442565103,True,0.20543742158317016,0.0012649040522143182,0.024067774608690667,v1_Ra40_repeat_20261001,FS 0.10,2,0.02674728429369295,1.927713464904128,0.0013987108204355737,-0.06899957056734074
1790891906.573,2026-10-01T17:58:26,1700,35.82204265791633,v1_Ra40_repeat_20261001,0.1069,0.1069,18.6862,0.1069,1.9976,1,,1701,12.7,,678.1242288669091,678.7432257833871,True,0.20141009804394547,0.0014494191101378548,0.02813005943040278,v1_Ra40_repeat_20261001,FS 0.10,2,0.03209073727267987,2.2566709064648394,0.0016373958435734147,-0.09119750930309811
1790891907.774,2026-10-01T17:58:27,1700,35.82204265791633,v1_Ra40_repeat_20261001,0.1247,0.1247,17.9949,0.1247,2.244,1,,1700,12.7,,671.8749628638761,675.0012069908507,True,0.199553999670235,0.0016282020840755638,0.03189376405180065,v1_Ra40_repeat_20261001,FS 0.10,2,0.0374341902516668,2.590321937374236,0.001879486442450705,-0.46314644990211873
1790891908.83,2026-10-01T17:58:28,1700,35.82204265791633,v1_Ra40_repeat_20261001,0.1425,0.1425,17.6386,0.1425,2.5135,1,,1700,12.7,,663.6364090777988,663.6364782109467,True,0.19710706169757655,0.0018237459618199328,0.03616763131040771,v1_Ra40_repeat_20261001,FS 0.10,2,0.04277764323065371,2.959666557632318,0.002147475604859933,-1.0417321860689555e-05
1790891909.882,2026-10-01T17:58:29,1700,35.82204265791633,v1_Ra40_repeat_20261001,0.1603,0.1603,16.5941,0.1603,2.66,1,,1700,12.7,,654.5451501076968,662.5889964788485,True,0.19440686122904188,0.0019300434686457216,0.03880729834036212,v1_Ra40_repeat_20261001,FS 0.10,2,0.04812109620964063,3.2186047672390856,0.0023353560560758573,-1.2140024078121536
1790891910.938,2026-10-01T17:58:30,1700,35.82204265791633,v1_Ra40_repeat_20261001,0.1782,0.1782,16.1566,0.1782,2.8791,1,,1700,12.7,,644.1173276609788,653.8116327106536,True,0.19130968721287714,0.002089018101721014,0.04268380715543065,v1_Ra40_repeat_20261001,FS 0.10,2,0.0534945685873859,3.563474566019712,0.0025855867713652225,-1.4827367034573768
1790891911.995,2026-10-01T17:58:31,1700,35.82204265791633,v1_Ra40_repeat_20261001,0.196,0.196,15.3857,0.196,3.0156,1,,1700,12.7,,629.4120319998456,630.882073502903,True,0.18694205822279816,0.002188059806033097,0.04575199919801064,v1_Ra40_repeat_20261001,FS 0.10,2,0.05883802156637283,3.837670704825809,0.002784538074684991,-0.2330136747895284
1790891913.073,2026-10-01T17:58:33,1700,35.82204265791633,v1_Ra40_repeat_20261001,0.2138,0.2138,14.652,0.2138,3.1326,1,,1700,12.7,,623.5288326336558,624.3306367747437,True,0.18519468552806898,0.002272952695443454,0.04797553042965029,v1_Ra40_repeat_20261001,FS 0.10,2,0.06418147454535975,4.104960432980592,0.00297847822282831,-0.12842620461970267
1790891914.13,2026-10-01T17:58:34,1700,35.82204265791633,v1_Ra40_repeat_20261001,0.2316,0.2316,14.0671,0.2316,3.2579,1,,1700,12.7,,614.8811151375412,621.4288867254709,True,0.18262622158797484,0.0023638679009401866,0.05059620889313877,v1_Ra40_repeat_20261001,FS 0.10,2,0.06952492752434666,4.39314375048406,0.0031875783467832817,-1.0536638588579672
1790891915.182,2026-10-01T17:58:35,1700,35.82204265791633,v1_Ra40_repeat_20261001,0.2494,0.2494,13.3397,0.2494,3.3269,1,,1700,12.7,,598.1365852097952,602.7951221853073,True,0.17765291836286767,0.002413932938284756,0.05311421437162633,v1_Ra40_repeat_20261001,FS 0.10,2,0.0748683805033336,4.637620657336214,0.0033649659623113675,-0.7728226065638277
1790891916.233,2026-10-01T17:58:36,1700,35.82204265791633,v1_Ra40_repeat_20261001,0.2672,0.2672,12.8255,0.2672,3.427,1,,1700,12.7,,589.752044753186,595.8332092059891,True,0.17516262079859865,0.0024865635214469505,0.055490166909470014,v1_Ra40_repeat_20261001,FS 0.10,2,0.0802118334823205,4.925791153537053,0.0035740567833823546,-1.0206152256781453
1790891917.285,2026-10-01T17:58:37,1700,35.82204265791633,v1_Ra40_repeat_20261001,0.2851,0.2851,12.1025,0.2851,3.4504,1,,1700,12.7,,586.4863297470038,579.7295622097636,True,0.1741926687579854,0.0025035420993290217,0.05618015504789328,v1_Ra40_repeat_20261001,FS 0.10,2,0.08558530586006578,5.151018139398235,0.0037374770363989476,1.1655033618581223
1790891918.351,2026-10-01T17:58:38,1700,35.82204265791633,v1_Ra40_repeat_20261001,0.3029,0.3029,11.6253,0.3029,3.5213,1,,1700,12.7,,580.3765143247801,581.4294960771122,True,0.17237798868782087,0.002554985739151195,0.057938144009308246,v1_Ra40_repeat_20261001,FS 0.10,2,0.0909287588390527,5.435246564798403,0.0039437075687474635,-0.18110222467839776
1790891919.408,2026-10-01T17:58:39,1700,35.82204265791633,v1_Ra40_repeat_20261001,0.3207,0.3207,10.7876,0.3207,3.4596,1,,1700,12.7,,564.1029220829296,566.1547440082131,True,0.16754455895705453,0.0025102174376416308,0.05856510429915215,v1_Ra40_repeat_20261001,FS 0.10,2,0.09627221181803962,5.599468579547257,0.004062863819489519,-0.36241362401332466
1790891920.483,2026-10-01T17:58:40,1700,35.82204265791633,v1_Ra40_repeat_20261001,0.3385,0.3385,10.3455,0.3385,3.502,1,,1700,12.7,,557.3316937738127,560.1570110266039,True,0.1655334322348963,0.002540982040299743,0.06000311307621595,v1_Ra40_repeat_20261001,FS 0.10,2,0.10161566479702655,5.8803841836447965,0.004266690634124527,-0.5043795216653879
1790891921.536,2026-10-01T17:58:41,1700,35.82204265791633,v1_Ra40_repeat_20261001,0.3563,0.3563,9.501,0.3563,3.3852,1,,1700,12.7,,545.0000321865446,548.6155517560292,True,0.16187079777411834,0.0024562342669396603,0.05931426952689847,v1_Ra40_repeat_20261001,FS 0.10,2,0.10695911777601345,6.014693377091022,0.004364142732466618,-0.6590260808159609
1790891922.59,2026-10-01T17:58:42,1700,35.82204265791633,v1_Ra40_repeat_20261001,0.3741,0.3741,8.9429,0.3741,3.3455,1,,1699,12.7,,534.1461423322926,535.5921142888974,True,0.1586470772128344,0.0024274287309602486,0.05980979584976914,v1_Ra40_repeat_20261001,FS 0.10,2,0.11230257075500037,6.238696159885933,0.004526674727914658,-0.2699763342342343
1790891923.641,2026-10-01T17:58:43,1700,35.82204265791633,v1_Ra40_repeat_20261001,0.392,0.392,8.2842,0.392,3.2474,1,,1700,12.7,,521.0152260526229,526.8291953238759,True,0.1547470556198673,0.0023562493083007954,0.05951915449139904,v1_Ra40_repeat_20261001,FS 0.10,2,0.11767604313274566,6.418480332827669,0.004657122573310173,-1.103577653413601
1790891924.696,2026-10-01T17:58:44,1700,35.82204265791633,v1_Ra40_repeat_20261001,0.4098,0.4098,7.7262,0.4098,3.1662,1,,1700,12.7,,513.2953305365845,514.2856748623444,True,0.1524541646618604,0.002297332191889505,0.05890367796147053,v1_Ra40_repeat_20261001,FS 0.10,2,0.12301949611173257,6.62624104482191,0.004807869642943883,-0.19256696699261333
1790891925.753,2026-10-01T17:58:45,1700,35.82204265791633,v1_Ra40_repeat_20261001,0.4276,0.4276,7.1202,0.4276,3.0446,1,,1699,12.7,,503.3159784421059,506.7574758214505,True,0.14949019110332462,0.0022091016333228436,0.05776448519326969,v1_Ra40_repeat_20261001,FS 0.10,2,0.1283629490907195,6.806195346164836,0.0049384409301474995,-0.6791211858820478
1790891926.809,2026-10-01T17:58:46,1700,35.82204265791633,v1_Ra40_repeat_20261001,0.4454,0.4454,6.4056,0.4454,2.8531,1,,1700,12.7,,486.54101139468366,494.3179956148242,True,0.1445078477304139,0.002070153015185379,0.05599753659004068,v1_Ra40_repeat_20261001,FS 0.10,2,0.1337064020697064,6.928843236856449,0.00502743181750559,-1.5732755613049543
1790891927.863,2026-10-01T17:58:47,1700,35.82204265791633,v1_Ra40_repeat_20261001,0.4632,0.4632,5.5779,0.4632,2.5837,1,,1699,12.8,,470.5853349928475,476.6664505004883,True,0.13976884238058143,0.001874681695466147,0.05242942300436711,v1_Ra40_repeat_20261001,FS 0.10,2,0.13904985504869333,6.986184716896744,0.005069037663007188,-1.2757590766574345
1790891928.915,2026-10-01T17:58:48,1700,35.82204265791633,v1_Ra40_repeat_20261001,0.481,0.481,5.5331,0.481,2.6614,1,,1699,12.8,,493.7555790976148,472.82618264418943,True,0.146650650961055,0.0019310592809976402,0.051471819273685215,v1_Ra40_repeat_20261001,FS 0.10,2,0.14439330802768024,7.403219786285727,0.00537163007348479,4.426446170214549
1790891936.781,2026-10-01T17:58:56,1800,37.95416735028712,v1_Ra40_repeat_20261001,0.01,0.01,25.7114,0.01,0.2571,1,,1800,13.6,,811.1106166136324,805.556261980496,True,0.22737512124193857,0.00015684120343564418,0.0030268672383868705,v1_Ra40_repeat_20261001,FS 0.10,2,0.003001939875835348,0.26207723299939756,0.00015987751309494061,0.6895054877334994
1790891937.836,2026-10-01T17:58:57,1800,37.95416735028712,v1_Ra40_repeat_20261001,0.02,0.02,24.6801,0.02,0.4936,1,,1799,13.7,,796.2959313100328,800.0001589456133,True,0.22322218476438324,0.0003011155893264643,0.005919322966846088,v1_Ra40_repeat_20261001,FS 0.10,2,0.006003879751670696,0.5075292132998573,0.00030961296224307804,-0.46302836245215584
1790891938.892,2026-10-01T17:58:58,1800,37.95416735028712,v1_Ra40_repeat_20261001,0.04,0.04,24.0102,0.04,0.9604,1,,1799,13.6,,792.593404147874,794.4440559107306,True,0.22218427138345356,0.0005858821150509244,0.011571058240873676,v1_Ra40_repeat_20261001,FS 0.10,2,0.012007759503341393,1.0041574158039634,0.0006125758752762356,-0.23294928687396244
1790891939.948,2026-10-01T17:58:59,1800,37.95416735028712,v1_Ra40_repeat_20261001,0.06,0.06,22.636,0.06,1.3582,1,,1800,13.6,,766.2497065298794,778.9585506059893,True,0.21479945688693003,0.0008285559023970903,0.01692640729505974,v1_Ra40_repeat_20261001,FS 0.10,2,0.018011639255012087,1.4476846075123182,0.0008831450643231824,-1.6315173722944665
1790891941.004,2026-10-01T17:59:01,1800,37.95416735028712,v1_Ra40_repeat_20261001,0.08,0.08,22.1804,0.08,1.7744,1,,1800,13.6,,765.2916648835799,769.9192514116476,True,0.21453089322739904,0.001082454419977468,0.02214093350136408,v1_Ra40_repeat_20261001,FS 0.10,2,0.024015519006682785,1.9255107884249218,0.0011746379979964247,-0.6010482942961914
1790891942.092,2026-10-01T17:59:02,1800,37.95416735028712,v1_Ra40_repeat_20261001,0.1,0.1,21.1655,0.1,2.1166,1,,1800,13.6,,751.7239535137378,760.0091134976083,True,0.21072751554437338,0.0012912100007463417,0.02688758427667819,v1_Ra40_repeat_20261001,FS 0.10,2,0.030019398758353483,2.345235958541774,0.0014306870092502466,-1.090139557108949
1790891943.148,2026-10-01T17:59:03,1800,37.95416735028712,v1_Ra40_repeat_20261001,0.12,0.12,20.5084,0.12,2.461,1,,1800,13.6,,744.827178631067,739.6558039909451,True,0.20879417255390356,0.0015013076688258277,0.03155204263644339,v1_Ra40_repeat_20261001,FS 0.10,2,0.036023278510024175,2.7830601178628753,0.0016977771222067642,0.6991596107566389
1790891944.199,2026-10-01T17:59:04,1800,37.95416735028712,v1_Ra40_repeat_20261001,0.14,0.14,19.6449,0.14,2.7503,1,,1800,13.6,,732.3834890346916,739.6557842657785,True,0.20530588701957592,0.0016777921501713426,0.03586021639258219,v1_Ra40_repeat_20261001,FS 0.10,2,0.04202715826169488,3.1816832663882257,0.0019409530628213946,-0.9831999405379821
1790891945.25,2026-10-01T17:59:05,1800,37.95416735028712,v1_Ra40_repeat_20261001,0.16,0.16,18.783,0.16,3.0053,1,,1800,13.6,,723.3325894645077,728.8658708563617,True,0.20276868759823055,0.0018333522702650388,0.03967538784570767,v1_Ra40_repeat_20261001,FS 0.10,2,0.04803103801336557,3.5619054041178244,0.0021729036565762898,-0.7591631894291906
1790891946.306,2026-10-01T17:59:06,1800,37.95416735028712,v1_Ra40_repeat_20261001,0.18,0.18,18.4682,0.18,3.3243,1,,1800,13.7,,720.0001412293204,725.0003031421102,True,0.2018345168378087,0.0020279549303038194,0.044089889461719635,v1_Ra40_repeat_20261001,FS 0.10,2,0.054034917765036265,4.022026531051672,0.002453595804668353,-0.6896772168396792
1790891947.391,2026-10-01T17:59:07,1800,37.95416735028712,v1_Ra40_repeat_20261001,0.2,0.2,17.6483,0.2,3.5297,1,,1799,13.7,,710.0002007759485,710.2031232913987,True,0.19903127690181774,0.002153257081940075,0.0474734403188208,v1_Ra40_repeat_20261001,FS 0.10,2,0.06003879751670697,4.384446647189768,0.0026746864587499745,-0.028572461707820906
1790891948.449,2026-10-01T17:59:08,1800,37.95416735028712,v1_Ra40_repeat_20261001,0.22,0.22,16.6931,0.22,3.6725,1,,1800,13.6,,699.9998133781446,713.3703675578317,True,0.1962279116758326,0.0022403707491925446,0.05009971580000151,v1_Ra40_repeat_20261001,FS 0.10,2,0.06604267726837766,4.700165752532113,0.002867287642839894,-1.8742794469386537
1790891949.505,2026-10-01T17:59:09,1800,37.95416735028712,v1_Ra40_repeat_20261001,0.24,0.24,16.2029,0.24,3.8887,1,,1801,13.6,,690.3221795517766,691.9359363298781,True,0.19351502255869546,0.0023722613294445334,0.053792780721891906,v1_Ra40_repeat_20261001,FS 0.10,2,0.07204655702004835,5.105183847078706,0.0031143647543214153,-0.23322343780279864
1790891950.561,2026-10-01T17:59:10,1800,37.95416735028712,v1_Ra40_repeat_20261001,0.26,0.26,15.0938,0.26,3.9244,1,,1800,13.6,,673.8305640259568,675.000933600154,True,0.18889199950505337,0.002394039746257651,0.05561525629868348,v1_Ra40_repeat_20261001,FS 0.10,2,0.07805043677171906,5.34560093082955,0.0032610287167561505,-0.17338784525154916
1790891951.614,2026-10-01T17:59:11,1800,37.95416735028712,v1_Ra40_repeat_20261001,0.28,0.28,14.5466,0.28,4.073,1,,1800,13.7,,665.492676833037,665.3967757614737,True,0.18655467575098048,0.002484691643692644,0.05844434709317685,v1_Ra40_repeat_20261001,FS 0.10,2,0.08405431652338977,5.714817003784641,0.0034862651742048442,0.014412614406422719
1790891952.696,2026-10-01T17:59:12,1800,37.95416735028712,v1_Ra40_repeat_20261001,0.3,0.3,13.7203,0.3,4.1161,1,,1800,13.6,,651.5146470938816,659.090844194202,True,0.1826362752991,0.002510984354186912,0.06032997086244962,v1_Ra40_repeat_20261001,FS 0.10,2,0.09005819627506044,5.994432065943981,0.0036568414591048957,-1.1494920870252612
1790891953.749,2026-10-01T17:59:13,1800,37.95416735028712,v1_Ra40_repeat_20261001,0.32,0.32,13.1103,0.32,4.1953,1,,1800,13.7,,642.4242469240653,647.3144691346533,True,0.18008800284597998,0.0025592994973689534,0.06236091516941306,v1_Ra40_repeat_20261001,FS 0.10,2,0.09606207602673114,6.32604611730757,0.0038591391910848057,-0.7554631394421696
1790891954.806,2026-10-01T17:59:14,1800,37.95416735028712,v1_Ra40_repeat_20261001,0.34,0.34,12.619,0.34,4.2905,1,,1800,13.6,,638.2357649617461,645.1335561923088,True,0.17891386386358313,0.002617375275537267,0.06419454886330651,v1_Ra40_repeat_20261001,FS 0.10,2,0.10206595577840184,6.689559157875407,0.00408089657244307,-1.0692036035568564
1790891955.858,2026-10-01T17:59:15,1800,37.95416735028712,v1_Ra40_repeat_20261001,0.36,0.36,11.8097,0.36,4.2515,1,,1799,13.7,,622.3461682988727,626.4711638753624,True,0.174459602146741,0.0025935837277582313,0.06523513199138807,v1_Ra40_repeat_20261001,FS 0.10,2,0.10806983553007253,6.934771187647494,0.004230485642246069,-0.658449393100935
1790891956.914,2026-10-01T17:59:16,1800,37.95416735028712,v1_Ra40_repeat_20261001,0.38,0.38,11.1864,0.38,4.2508,1,,1800,13.7,,614.2859090665752,612.8566278709968,True,0.17220010463475355,0.0025931566999775816,0.06608022311204019,v1_Ra40_repeat_20261001,FS 0.10,2,0.11407371528174323,7.234182206623829,0.004413138246439538,0.23321624187104817
1790891958.001,2026-10-01T17:59:18,1800,37.95416735028712,v1_Ra40_repeat_20261001,0.4,0.4,10.279,0.4,4.1116,1,,1801,13.6,,599.7236782056916,600.4144826914626,True,0.16811793761619048,0.002508239175597023,0.06546829693046059,v1_Ra40_repeat_20261001,FS 0.10,2,0.12007759503341393,7.410992214804413,0.004520999368425181,-0.1150546007275377
1790891959.054,2026-10-01T17:59:19,1800,37.95416735028712,v1_Ra40_repeat_20261001,0.42,0.42,9.783,0.42,4.1089,1,,1800,13.6,,589.1891987392682,593.409034139745,True,0.16516485267704994,0.00250659206844309,0.06659508494754464,v1_Ra40_repeat_20261001,FS 0.10,2,0.12608147478508464,7.740201212189246,0.004721829922029534,-0.7111174851920143
1790891960.111,2026-10-01T17:59:20,1800,37.95416735028712,v1_Ra40_repeat_20261001,0.44,0.44,9.1524,0.44,4.0271,1,,1800,13.6,,581.578971270028,580.1560627664912,True,0.16303151061734233,0.0024566908220757786,0.0661233885323325,v1_Ra40_repeat_20261001,FS 0.10,2,0.13208535453675532,8.006209198778327,0.004884105350812592,0.24526305848664443
1790891961.163,2026-10-01T17:59:21,1800,37.95416735028712,v1_Ra40_repeat_20261001,0.46,0.46,8.2605,0.46,3.7998,1,,1800,13.6,,563.1577714022569,571.5479725331761,True,0.1578675755540295,0.0023180288013020644,0.06443206328358876,v1_Ra40_repeat_20261001,FS 0.10,2,0.13808923428842604,8.142616174571657,0.00496731901958133,-1.4679784609737512
1790891962.219,2026-10-01T17:59:22,1800,37.95416735028712,v1_Ra40_repeat_20261001,0.48,0.48,7.7425,0.48,3.7164,1,,1800,13.6,,559.1894604321624,561.2165691494738,True,0.15675515615096702,0.002267151491436126,0.06346508355678945,v1_Ra40_repeat_20261001,FS 0.10,2,0.1440931140400967,8.438822139569234,0.005148016413649928,-0.36119901455929915
1790891963.275,2026-10-01T17:59:23,1800,37.95416735028712,v1_Ra40_repeat_20261001,0.5,0.5,6.7598,0.5,3.3799,1,,1799,13.6,,542.8477912831568,553.8464331773639,True,0.1521741669147964,0.0020618731368811116,0.059456201255026195,v1_Ra40_repeat_20261001,FS 0.10,2,0.1500969937917674,8.497827093771065,0.005184011777421534,-1.9858648959981573
1790891964.329,2026-10-01T17:59:24,1800,37.95416735028712,v1_Ra40_repeat_20261001,0.52,0.52,6.5166,0.52,3.3886,1,,1799,13.7,,548.3630015228755,530.487753819034,True,0.15372022188096898,0.0020671804821548964,0.05900971859846003,v1_Ra40_repeat_20261001,FS 0.10,2,0.15610087354343813,8.91793103717714,0.0054402918554140225,3.3695872478027633
1790892428.65,2026-10-01T18:07:08,500,10.236546349466778,v1_Ra80_20261001,0.001,0.001,2.9714,0.001,0.003,1,,500,4.5,,102.45201716860102,97.94629611951109,True,0.10648523222257922,9.328189863655734e-05,0.0002796225057179355,v1_Ra80_20261001,FS 0.20,1,0.00030019398758353484,0.003318859671391958,0.00010319651048524753,4.6001954413796176
1790892429.706,2026-10-01T18:07:09,500,10.236546349466778,v1_Ra80_20261001,0.002,0.002,3.0772,0.002,0.0062,1,,500,4.5,,107.42951774138234,105.36575133581678,True,0.1116586814042424,0.0001927825905155518,0.0005511114642877968,v1_Ra80_20261001,FS 0.20,1,0.0006003879751670697,0.006877466815794538,0.00021384772079574427,1.9586690925669226
1790892430.774,2026-10-01T18:07:10,500,10.236546349466778,v1_Ra80_20261001,0.004,0.004,2.9677,0.004,0.0119,1,,500,4.5,,108.00009275933817,107.9999279022875,True,0.11225171817371314,0.0003700181979250108,0.0010521901089551402,v1_Ra80_20261001,FS 0.20,1,0.0012007759503341394,0.013413923523631565,0.00041709208481664387,0.0001526455192024656
1790892431.831,2026-10-01T18:07:11,500,10.236546349466778,v1_Ra80_20261001,0.006,0.006,2.8572,0.006,0.0171,1,,500,4.5,,106.2927912626634,107.99992790228643,True,0.1104772055640865,0.0005317068222283768,0.00153625631308116,v1_Ra80_20261001,FS 0.20,1,0.001801163925501209,0.019609370123511077,0.0006097330920626987,-1.580683128943916
1790892432.884,2026-10-01T18:07:12,500,10.236546349466778,v1_Ra80_20261001,0.008,0.008,2.859,0.008,0.0229,1,,499,4.5,,105.53522851847603,105.88235555642491,True,0.10968981994721558,0.0007120518262590543,0.002072093791600405,v1_Ra80_20261001,FS 0.20,1,0.0024015519006682787,0.02656380661543308,0.0008259741053673132,-0.32784219440971096
1790892433.94,2026-10-01T18:07:13,500,10.236546349466778,v1_Ra80_20261001,0.01,0.01,2.5023,0.01,0.025,1,,499,4.6,,100.94071094908514,102.84586835128131,True,0.10491443061034997,0.0007773491553046445,0.0023650756210570035,v1_Ra80_20261001,FS 0.20,1,0.003001939875835348,0.029977232999397568,0.0009321110700180884,-1.8524394151536505
1790892435.028,2026-10-01T18:07:15,500,10.236546349466778,v1_Ra80_20261001,0.012,0.012,2.2909,0.012,0.0275,1,,500,4.4,,94.88516985459015,98.11266784921067,True,0.09862050182786923,0.0008550840708351089,0.0027676153871470733,v1_Ra80_20261001,FS 0.20,1,0.003602327851002418,0.033949649275404545,0.0010556292474849863,-3.289583358981596
1790892436.087,2026-10-01T18:07:16,500,10.236546349466778,v1_Ra80_20261001,0.014,0.014,2.08,0.014,0.0291,1,,499,4.5,,90.09615866595198,91.9148633101404,True,0.09364296226708685,0.0009048344167746061,0.003084310527252967,v1_Ra80_20261001,FS 0.20,1,0.004202715826169488,0.03718105544345401,0.001156106481692165,-1.978683945872528
1790892437.143,2026-10-01T18:07:17,500,10.236546349466778,v1_Ra80_20261001,0.016,0.016,1.7959,0.016,0.0287,1,,501,4.5,,83.6350183246445,86.15273040394271,True,0.08692746706571311,0.0008923968302897318,0.0032769145926460066,v1_Ra80_20261001,FS 0.20,1,0.004803103801336557,0.03857145150354596,0.0011993394098062204,-2.922382224560327
1790892438.197,2026-10-01T18:07:18,500,10.236546349466778,v1_Ra80_20261001,0.018,0.018,1.6838,0.018,0.0303,1,,499,4.5,,79.76186085438499,80.89898584659956,True,0.08290183551590695,0.0009421471762292291,0.003627594484904232,v1_Ra80_20261001,FS 0.20,1,0.005403491776503627,0.0421208374556804,0.0013097038966758954,-1.4056109360515046
1790892439.251,2026-10-01T18:07:19,500,10.236546349466778,v1_Ra80_20261001,0.02,0.02,1.4509,0.02,0.029,1,,500,4.5,,76.13146981107377,77.58730274901495,True,0.0791285273469757,0.0009017250201533876,0.0036375181205238845,v1_Ra80_20261001,FS 0.20,1,0.006003879751670696,0.04292921329985733,0.00133483950786148,-1.8763803951925229
1790892440.306,2026-10-01T18:07:20,500,10.236546349466778,v1_Ra80_20261001,0.022,0.022,1.277,0.022,0.0281,1,,500,4.5,,72.0239084855848,73.4694753375205,True,0.07485926419627192,0.0008737404505624204,0.0037256411057814422,v1_Ra80_20261001,FS 0.20,1,0.006604267726837766,0.04429657903607674,0.001377356331863187,-1.9675747584894876
1790892441.362,2026-10-01T18:07:21,500,10.236546349466778,v1_Ra80_20261001,0.024,0.024,1.2202,0.024,0.0293,1,,500,4.5,,66.92644778158012,70.81970008782896,True,0.06956113242871348,0.0009110532100170432,0.004180625137444671,v1_Ra80_20261001,FS 0.20,1,0.007204655702004836,0.04792293466433865,0.0014901141112417325,-5.497414280801127
1790892442.417,2026-10-01T18:07:22,500,10.236546349466778,v1_Ra80_20261001,0.026,0.026,0.8517,0.026,0.0221,1,,500,4.4,,60.33514704489704,65.1120803147748,True,0.06271035282483796,0.0006871766532893057,0.0034977863629438574,v1_Ra80_20261001,FS 0.20,1,0.007805043677171905,0.043308280184643035,0.0013466262007691653,-7.3364777269968595
1790892443.471,2026-10-01T18:07:23,500,10.236546349466778,v1_Ra80_20261001,0.028,0.028,0.6752,0.028,0.0189,1,,501,4.5,,59.34065519474956,59.96830795554864,True,0.06167671094512616,0.0005876759614103112,0.003041451174980931,v1_Ra80_20261001,FS 0.20,1,0.008405431652338976,0.04285261559698992,0.0013324577814765898,-1.0466407710958414
1790892453.501,2026-10-01T18:07:33,600,12.368671041837572,v1_Ra80_20261001,0.0011,0.0011,4.6978,0.0011,0.0052,1,,600,4.8,,155.04337901046767,155.29214696452271,True,0.13336826811893646,9.165807249182462e-05,0.00032027386504082075,v1_Ra80_20261001,FS 0.20,1,0.0003302133863418883,0.005552931749546738,9.787904246963643e-05,-0.16019351842168073
1790892454.576,2026-10-01T18:07:34,600,12.368671041837572,v1_Ra80_20261001,0.0021,0.0021,4.4672,0.0021,0.0094,1,,600,4.8,,150.32254571471242,153.52965129979523,True,0.12930740873396018,0.00016568959258137528,0.0005971385561430366,v1_Ra80_20261001,FS 0.20,1,0.0006304073739254231,0.01011551364125038,0.00017830163127341696,-2.088916087499182
1790892455.633,2026-10-01T18:07:35,600,12.368671041837572,v1_Ra80_20261001,0.0042,0.0042,4.3436,0.0042,0.0182,1,,600,4.8,,149.99994039536944,148.64437617044004,True,0.12902990373502807,0.0003208032537213862,0.0011586484461144153,v1_Ra80_20261001,FS 0.20,1,0.0012608147478508462,0.019806313638477603,0.000349117025244499,0.9119512354608394
1790892456.692,2026-10-01T18:07:36,600,12.368671041837572,v1_Ra80_20261001,0.0064,0.0064,4.1038,0.0064,0.0263,1,,600,4.8,,146.0651184497621,146.97715119850656,True,0.1256451710776819,0.00046357832817980535,0.0017194146204412974,v1_Ra80_20261001,FS 0.20,1,0.001921241520534623,0.02902753823053208,0.0005116554237294846,-0.620526892314488
1790892457.747,2026-10-01T18:07:37,600,12.368671041837572,v1_Ra80_20261001,0.0085,0.0085,4.0017,0.0085,0.034,1,,600,4.8,,143.0461707277729,144.52339643708925,True,0.12304827315277196,0.0005993027816773149,0.0022697292926865432,v1_Ra80_20261001,FS 0.20,1,0.002551648894460046,0.037977257909045214,0.0006694081266284589,-1.022136031766574
1790892458.803,2026-10-01T18:07:38,600,12.368671041837572,v1_Ra80_20261001,0.0106,0.0106,3.7767,0.0106,0.04,1,,600,4.8,,139.43964844939387,141.15048526699923,True,0.11994594377070078,0.0007050620960909587,0.002739334670362253,v1_Ra80_20261001,FS 0.20,1,0.003182056268385469,0.0454022639435352,0.0008002853845825971,-1.2120658419056407
1790892459.873,2026-10-01T18:07:39,600,12.368671041837572,v1_Ra80_20261001,0.0127,0.0127,3.495,0.0127,0.0444,1,,600,4.8,,132.0242298693941,134.82765564944685,True,0.11356720293246877,0.0007826189266609641,0.0032114466323056234,v1_Ra80_20261001,FS 0.20,1,0.0038124636423108923,0.05140255633400202,0.0009060498528321262,-2.0792661316767824
1790892460.929,2026-10-01T18:07:40,600,12.368671041837572,v1_Ra80_20261001,0.0149,0.0149,3.4166,0.0149,0.0509,1,,600,4.8,,129.90258751779322,130.25966864655203,True,0.11174216681801662,0.0008971915172757449,0.0037417206653876014,v1_Ra80_20261001,FS 0.20,1,0.004472890414994669,0.05976705867135513,0.0010534871916004238,-0.2741302296167425
1790892461.984,2026-10-01T18:07:41,600,12.368671041837572,v1_Ra80_20261001,0.017,0.017,3.1484,0.017,0.0535,1,,600,4.8,,124.85541290571547,126.91917306177984,True,0.10740058873062709,0.0009430205535216571,0.0040918319473323955,v1_Ra80_20261001,FS 0.20,1,0.005103297788920092,0.06432627074310787,0.0011338503820962536,-1.6260428635631041
1790892463.041,2026-10-01T18:07:43,600,12.368671041837572,v1_Ra80_20261001,0.0191,0.0191,3.0405,0.0191,0.0581,1,,600,4.8,,122.45878991899559,124.21098336618712,True,0.10533901435632709,0.0010241026945721175,0.004530619092229698,v1_Ra80_20261001,FS 0.20,1,0.005733705162845515,0.07106076917083745,0.0012525563715356607,-1.410659025237626
1790892464.095,2026-10-01T18:07:44,600,12.368671041837572,v1_Ra80_20261001,0.0212,0.0212,2.8204,0.0212,0.0598,1,,600,4.8,,119.01824757864432,120.72265696648898,True,0.10237946086716104,0.0010540678336559831,0.0047979864216735855,v1_Ra80_20261001,FS 0.20,1,0.006364112536770938,0.07507055395454387,0.0013232350531475028,-1.4118388632862744
1790892465.152,2026-10-01T18:07:45,600,12.368671041837572,v1_Ra80_20261001,0.0234,0.0234,2.5469,0.0234,0.0596,1,,600,4.8,,112.68817249678023,116.3797539396299,True,0.09693433218047233,0.0010505425231755283,0.0050505573378863645,v1_Ra80_20261001,FS 0.20,1,0.007024539309454715,0.07747833403719562,0.0013656759149475153,-3.1720134455384907
1790892466.204,2026-10-01T18:07:46,600,12.368671041837572,v1_Ra80_20261001,0.0255,0.0255,2.4104,0.0255,0.0615,1,,600,4.8,,109.93681237192305,110.44280970525762,True,0.09456761302635142,0.001084032972739849,0.005341993526447568,v1_Ra80_20261001,FS 0.20,1,0.007654946683380137,0.08204703850218795,0.0014462064236102055,-0.4581532602121685
1790892467.284,2026-10-01T18:07:47,600,12.368671041837572,v1_Ra80_20261001,0.0276,0.0276,2.3734,0.0276,0.0655,1,,600,4.8,,106.90441224950291,109.04060368154447,True,0.0919591433506259,0.0011545391823489448,0.005850824238117983,v1_Ra80_20261001,FS 0.20,1,0.008285354057305561,0.08889102932315715,0.0015668423864567012,-1.9590788751320143
1790892468.339,2026-10-01T18:07:48,600,12.368671041837572,v1_Ra80_20261001,0.0297,0.0297,2.1093,0.0297,0.0626,1,,600,4.8,,100.91777725838824,103.56918108743756,True,0.08680944172698364,0.0011034221803823503,0.005923495170950876,v1_Ra80_20261001,FS 0.20,1,0.008915761431230984,0.08901030650010316,0.0015689448318665356,-2.560031663097617
1790892469.394,2026-10-01T18:07:49,600,12.368671041837572,v1_Ra80_20261001,0.0319,0.0319,2.0831,0.0319,0.0665,1,,600,4.8,,98.1817940641065,99.50647715685577,True,0.08445594980393133,0.0011721657347512188,0.0064678816372211465,v1_Ra80_20261001,FS 0.20,1,0.009576188203914761,0.09626136432805353,0.0016967559826428214,-1.33125313105108
1790892470.482,2026-10-01T18:07:50,600,12.368671041837572,v1_Ra80_20261001,0.034,0.034,1.989,0.034,0.0676,1,,600,4.8,,95.20782040405749,96.86094667723779,True,0.0818977385536122,0.00119155494239372,0.006780246060051773,v1_Ra80_20261001,FS 0.20,1,0.010206595577840184,0.10073956118628548,0.0017756911542321455,-1.7067005123219459
1790892471.538,2026-10-01T18:07:51,600,12.368671041837572,v1_Ra80_20261001,0.0361,0.0361,1.5762,0.0361,0.0569,1,,600,4.8,,88.73057300864673,90.76986697508644,True,0.07632601228695556,0.0010029508316893886,0.00612365002604887,v1_Ra80_20261001,FS 0.20,1,0.010837002951765607,0.09359304440049426,0.0016497227016136662,-2.2466640465601206
1790892472.595,2026-10-01T18:07:52,600,12.368671041837572,v1_Ra80_20261001,0.0382,0.0382,1.5683,0.0382,0.0599,1,,600,4.8,,87.10752067673724,87.8049520848144,True,0.07492986315788791,0.0010558304888962106,0.0065666300800251085,v1_Ra80_20261001,FS 0.20,1,0.01146741032569103,0.1003218139706799,0.0017683277110453696,-0.7942962116800456
1790892473.651,2026-10-01T18:07:53,600,12.368671041837572,v1_Ra80_20261001,0.0404,0.0404,1.2172,0.0404,0.0492,1,,600,4.8,,81.09969310289813,82.65240361148614,True,0.06976193168094287,0.0008672263781918792,0.005793183352878627,v1_Ra80_20261001,FS 0.20,1,0.012127837098374807,0.09371614954392889,0.001651892620875406,-1.878602969475196
1790892474.707,2026-10-01T18:07:54,600,12.368671041837572,v1_Ra80_20261001,0.0425,0.0425,1.1822,0.0425,0.0502,1,,600,4.9,,82.91703778844521,79.41185101925612,True,0.07132521103433084,0.0008848529305941532,0.005781377402987632,v1_Ra80_20261001,FS 0.20,1,0.01275824447230023,0.09880383879540044,0.0017415710420729555,4.413934096989047
1790892487.563,2026-10-01T18:08:07,700,14.500795734208369,v1_Ra80_20261001,0.0015,0.0015,5.7484,0.0015,0.0086,1,,700,5.3,,187.82597987080578,188.24215400758675,True,0.1378117203589916,9.407179705808727e-05,0.0004372342457199272,v1_Ra80_20261001,FS 0.20,1,0.00045029098137530226,0.00909319480946692,9.946664845649123e-05,-0.22108445314761305
1790892488.619,2026-10-01T18:08:08,700,14.500795734208369,v1_Ra80_20261001,0.0029,0.0029,5.6142,0.0029,0.0163,1,,700,5.3,,185.18745706763582,187.51351900632613,True,0.13587578281211235,0.00017829887116823517,0.0008405187738337184,v1_Ra80_20261001,FS 0.20,1,0.000870562563992251,0.01733419733518094,0.00018961152254418358,-1.240476927219225
1790892489.672,2026-10-01T18:08:09,700,14.500795734208369,v1_Ra80_20261001,0.0058,0.0058,5.3739,0.0058,0.0312,1,,700,5.3,,181.51259303038216,182.45465009413664,True,0.13317946074097145,0.00034128372886189803,0.0016414180883755995,v1_Ra80_20261001,FS 0.20,1,0.001741125127984502,0.033602670918381206,0.00036756553944693583,-0.5163239540721065
1790892490.728,2026-10-01T18:08:10,700,14.500795734208369,v1_Ra80_20261001,0.0088,0.0088,5.1848,0.0088,0.0456,1,,700,5.3,,179.06881467628182,181.51262793552831,True,0.13138641113523383,0.0004987992960289279,0.0024317351130436786,v1_Ra80_20261001,FS 0.20,1,0.0026417070907351066,0.04977009838197378,0.0005444142551802413,-1.3463599128290538
1790892491.784,2026-10-01T18:08:11,700,14.500795734208369,v1_Ra80_20261001,0.0117,0.0117,4.9173,0.0117,0.0575,1,,700,5.3,,175.3164237346084,177.51597658190974,True,0.1286332060062777,0.0006289684105627929,0.003131963007061082,v1_Ra80_20261001,FS 0.20,1,0.0035122696547273576,0.0637186512283858,0.0006969916310664828,-1.2390731750763884
1790892492.863,2026-10-01T18:08:12,700,14.500795734208369,v1_Ra80_20261001,0.0146,0.0146,4.7259,0.0146,0.069,1,,700,5.3,,173.27772151945737,171.93823562232922,True,0.12713736895666986,0.0007547620926753515,0.003802574610414984,v1_Ra80_20261001,FS 0.20,1,0.004382832218719608,0.07760148032281715,0.000848850082364559,0.7790506237777217
1790892493.919,2026-10-01T18:08:13,700,14.500795734208369,v1_Ra80_20261001,0.0175,0.0175,4.6302,0.0175,0.081,1,,700,5.3,,170.89653592285003,173.007301666523,True,0.12539024492309248,0.000886025065314543,0.004526089538618845,v1_Ra80_20261001,FS 0.20,1,0.00525339478271186,0.09231858566526782,0.0010098343320224094,-1.2200443121999194
1790892494.975,2026-10-01T18:08:14,700,14.500795734208369,v1_Ra80_20261001,0.0204,0.0204,4.4073,0.0204,0.0899,1,,700,5.3,,164.91651156466105,166.67971467038143,True,0.12100258010080558,0.00098337843668861,0.005205553736813593,v1_Ra80_20261001,FS 0.20,1,0.006123957346704111,0.1042699672557378,0.0011405654882482759,-1.057839047305309
1790892496.031,2026-10-01T18:08:16,700,14.500795734208369,v1_Ra80_20261001,0.0234,0.0234,4.2601,0.0234,0.0997,1,,700,5.3,,163.26704340868332,163.90708002436298,True,0.11979233195297738,0.0010905765310106163,0.0058313352756229455,v1_Ra80_20261001,FS 0.20,1,0.007024539309454715,0.11757833403719561,0.0012861401369738444,-0.3904874735029873
1790892497.088,2026-10-01T18:08:17,700,14.500795734208369,v1_Ra80_20261001,0.0263,0.0263,4.0451,0.0263,0.1064,1,,700,5.2,,156.73761845409047,160.79689503869048,True,0.11500156080105092,0.0011638650240674982,0.006482458816970391,v1_Ra80_20261001,FS 0.20,1,0.007895101873446966,0.12800979489087735,0.001400245517025813,-2.524474482932826
1790892498.154,2026-10-01T18:08:18,700,14.500795734208369,v1_Ra80_20261001,0.0292,0.0292,3.8672,0.0292,0.1129,1,,700,5.3,,151.73867527667824,152.7790253410359,True,0.11133373508423641,0.0012349658009137272,0.007105081038427928,v1_Ra80_20261001,FS 0.20,1,0.008765664437439216,0.13857553199257844,0.0015158196887002698,-0.6809508452062518
1790892499.211,2026-10-01T18:08:19,700,14.500795734208369,v1_Ra80_20261001,0.0321,0.0321,3.5034,0.0321,0.1125,1,,700,5.3,,145.37970040733796,148.71901412581252,True,0.10666802660734648,0.0012305903684924208,0.0073895864612475775,v1_Ra80_20261001,FS 0.20,1,0.009636227001431467,0.14257554534229885,0.0015595741589403325,-2.2453845179807197
1790892500.267,2026-10-01T18:08:20,700,14.500795734208369,v1_Ra80_20261001,0.035,0.035,3.1892,0.035,0.1116,1,,700,5.3,,137.37656666299642,140.4922547461709,True,0.10079596550946514,0.0012207456455444814,0.007757520258587065,v1_Ra80_20261001,FS 0.20,1,0.01050678956542372,0.1464098349400386,0.0016015158464869031,-2.2176938428410953
1790892501.319,2026-10-01T18:08:21,700,14.500795734208369,v1_Ra80_20261001,0.038,0.038,3.0061,0.038,0.1142,1,,700,5.2,,135.3543232640078,135.84896509921123,True,0.09931220462616809,0.0012491859562829728,0.008056851408717808,v1_Ra80_20261001,FS 0.20,1,0.011407371528174323,0.1542591410393616,0.0016873761174662429,-0.3641115961701913
1790892502.372,2026-10-01T18:08:22,700,14.500795734208369,v1_Ra80_20261001,0.0409,0.0409,2.847,0.0409,0.1164,1,,700,5.3,,131.70728641156018,133.0476759480348,True,0.09663629992334605,0.0012732508346001582,0.008439458080401507,v1_Ra80_20261001,FS 0.20,1,0.012277934092166574,0.1618735099003131,0.001770666508421225,-1.0074505450197724
1790892503.445,2026-10-01T18:08:23,700,14.500795734208369,v1_Ra80_20261001,0.0438,0.0438,2.7371,0.0438,0.1199,1,,700,5.3,,130.0127732538158,130.34529003133315,True,0.09539300134665113,0.001311535868286589,0.008806524404858747,v1_Ra80_20261001,FS 0.20,1,0.013148496656158824,0.1711221550092839,0.001871833562578594,-0.2551045591577705
1790892504.5,2026-10-01T18:08:24,700,14.500795734208369,v1_Ra80_20261001,0.0467,0.0467,2.6373,0.0467,0.1232,1,,700,5.3,,126.41817414214245,127.05888703103767,True,0.09275557127482961,0.0013476331857623666,0.009306204169761887,v1_Ra80_20261001,FS 0.20,1,0.014019059220151077,0.18050507636627405,0.001974469408358451,-0.5042645216455477
1790892505.552,2026-10-01T18:08:25,700,14.500795734208369,v1_Ra80_20261001,0.0496,0.0496,2.3721,0.0496,0.1177,1,,700,5.2,,120.86906955642007,123.61134553745643,True,0.08868408100529193,0.0012874709899694037,0.009298923308004112,v1_Ra80_20261001,FS 0.20,1,0.014889621784143327,0.18142227397128352,0.0019845022487027086,-2.2184662492856666
1790892506.605,2026-10-01T18:08:26,700,14.500795734208369,v1_Ra80_20261001,0.0525,0.0525,2.0769,0.0525,0.109,1,,700,5.3,,113.51026534454718,117.20613673623745,True,0.08328477751745303,0.0011923053348059898,0.009169860758069288,v1_Ra80_20261001,FS 0.20,1,0.01576018434813558,0.1794737478243123,0.001963188137509656,-3.1533087725666764
1790892507.657,2026-10-01T18:08:27,700,14.500795734208369,v1_Ra80_20261001,0.0555,0.0555,1.7807,0.0555,0.0988,1,,700,5.2,,105.82358150126367,109.72429241587065,True,0.07764490211242545,0.001080731808062677,0.008915503418654274,v1_Ra80_20261001,FS 0.20,1,0.016660766310886182,0.17660979625669299,0.001931860571154624,-3.555011227434235
1790892508.707,2026-10-01T18:08:28,700,14.500795734208369,v1_Ra80_20261001,0.0584,0.0584,1.5949,0.0584,0.0931,1,,700,5.3,,99.51918948439413,102.89029800318019,True,0.07301924217837429,0.0010183818960590612,0.00893334759574926,v1_Ra80_20261001,FS 0.20,1,0.017531328874878432,0.17834134937293353,0.0019508013052646563,-3.276410491766546
1790892509.758,2026-10-01T18:08:29,700,14.500795734208369,v1_Ra80_20261001,0.0613,0.0613,1.315,0.0613,0.0806,1,,700,5.2,,98.15811930074574,94.73688371294742,True,0.07202059745591932,0.0008816496328932366,0.007841157820416375,v1_Ra80_20261001,FS 0.20,1,0.018401891438870686,0.17360717873719342,0.0018990161960456215,3.6113026455088626
1790892517.659,2026-10-01T18:08:37,800,16.632920426579165,v1_Ra80_20261001,0.0019,0.0019,7.0389,0.0019,0.0134,1,,800,5.9,,226.04164091508494,224.74436240625693,True,0.14459133496230867,9.712605803371936e-05,0.000566092927514863,v1_Ra80_20261001,FS 0.20,1,0.0005703685764087161,0.014039817465068802,0.00010176359148470889,0.57722404911007
1790892518.715,2026-10-01T18:08:38,800,16.632920426579165,v1_Ra80_20261001,0.0038,0.0038,6.8402,0.0038,0.026,1,,800,5.9,,224.438699010679,223.43772247233744,True,0.14356598623060243,0.00018845354543855993,0.0011062339619583306,v1_Ra80_20261001,FS 0.20,1,0.0011407371528174323,0.027423123307705948,0.0001987686467052306,0.447989053623421
1790892519.771,2026-10-01T18:08:39,800,16.632920426579165,v1_Ra80_20261001,0.0077,0.0077,6.5106,0.0077,0.0501,1,,800,5.9,,219.97129156694655,222.32763142834955,True,0.14070833397018337,0.0003631354856335328,0.002174919079331923,v1_Ra80_20261001,FS 0.20,1,0.002311493704393218,0.05358050553602707,0.00038836293210210346,-1.0598502067712623
1790892520.823,2026-10-01T18:08:40,800,16.632920426579165,v1_Ra80_20261001,0.0115,0.0115,6.2923,0.0115,0.0724,1,,800,5.9,,215.77190220528735,218.07488067141065,True,0.13802212398086144,0.0005247706419135285,0.0032041663707141005,v1_Ra80_20261001,FS 0.20,1,0.0034522308572106503,0.07846663990402382,0.000568742941867849,-1.0560493987353703
1790892521.877,2026-10-01T18:08:41,800,16.632920426579165,v1_Ra80_20261001,0.0154,0.0154,5.9392,0.0154,0.0915,1,,800,5.9,,210.05928229170365,213.86101829195212,True,0.13436795063433352,0.000663211515678009,0.004159590702405323,v1_Ra80_20261001,FS 0.20,1,0.004622987408786436,0.10081763874685391,0.0007307477486380214,-1.777666650337617
1790892523.05,2026-10-01T18:08:43,800,16.632920426579165,v1_Ra80_20261001,0.0192,0.0192,5.7607,0.0192,0.1106,1,,800,5.9,,207.6190034115598,206.3644066214266,True,0.13280698523197706,0.0008016523894424897,0.005086972700009662,v1_Ra80_20261001,FS 0.20,1,0.005763724561603868,0.12366678417514146,0.000896363228107331,0.6079521224969353
1790892524.223,2026-10-01T18:08:44,800,16.632920426579165,v1_Ra80_20261001,0.023,0.023,5.4529,0.023,0.1254,1,,800,5.9,,201.9227533392268,203.77368085269438,True,0.12916328312955258,0.0009089259460767469,0.005930395520170387,v1_Ra80_20261001,FS 0.20,1,0.0069044617144213005,0.1427898831137024,0.0010349715279051837,-0.9083251113305435
1790892525.276,2026-10-01T18:08:45,800,16.632920426579165,v1_Ra80_20261001,0.0269,0.0269,5.5172,0.0269,0.1484,1,,800,5.9,,201.86926458319476,201.86895413542914,True,0.1291290681477075,0.0010756348516570114,0.007019967186268772,v1_Ra80_20261001,FS 0.20,1,0.008075218265997088,0.17082355612105887,0.0012381655690552446,0.0001537867806211679
1790892526.353,2026-10-01T18:08:46,800,16.632920426579165,v1_Ra80_20261001,0.0307,0.0307,5.0875,0.0307,0.1562,1,,800,5.9,,196.1025916463143,198.81706486577855,True,0.12544031887629428,0.0011321709152885794,0.007606223426906339,v1_Ra80_20261001,FS 0.20,1,0.00921595541881452,0.18410966611991061,0.0013344661280694874,-1.3653119873270447
1790892527.408,2026-10-01T18:08:47,800,16.632920426579165,v1_Ra80_20261001,0.0346,0.0346,4.8488,0.0346,0.1678,1,,800,5.9,,188.14195659049346,188.83963750894281,True,0.1203481648589675,0.0012162501894073215,0.008516824190028477,v1_Ra80_20261001,FS 0.20,1,0.010386711970390304,0.20193695574177606,0.0014636821255618179,-0.3694568193694514
1790892528.461,2026-10-01T18:08:48,800,16.632920426579165,v1_Ra80_20261001,0.0384,0.0384,4.6794,0.0384,0.1797,1,,800,5.9,,185.83483935757386,188.43865550634575,True,0.11887237854246442,0.001302503927511893,0.009234052141939649,v1_Ra80_20261001,FS 0.20,1,0.011527449123207736,0.22048607680091858,0.0015981301112681433,-1.3817845079478475
1790892529.517,2026-10-01T18:08:49,800,16.632920426579165,v1_Ra80_20261001,0.0423,0.0423,4.3435,0.0423,0.1837,1,,800,5.9,,180.6972746666986,181.93631196487559,True,0.11558604893477971,0.001331496780656287,0.0097079814069944,v1_Ra80_20261001,FS 0.20,1,0.012698205674783523,0.23190698303729304,0.0016809112755899174,-0.6810280393153123
1790892530.716,2026-10-01T18:08:50,800,16.632920426579165,v1_Ra80_20261001,0.0461,0.0461,4.207,0.0461,0.1939,1,,800,5.9,,174.50062668091846,177.67747813512642,True,0.11162225889623525,0.0014054285561744912,0.01061089947440047,v1_Ra80_20261001,FS 0.20,1,0.013838942827600956,0.24991911515672632,0.0018114670509289546,-1.7879876997083044
1790892531.771,2026-10-01T18:08:51,800,16.632920426579165,v1_Ra80_20261001,0.0499,0.0499,3.9744,0.0499,0.1983,1,,800,5.9,,167.94581645365838,170.9825704305132,True,0.10742936435986898,0.0014373206946333246,0.011275216929442734,v1_Ra80_20261001,FS 0.20,1,0.014979679980418388,0.26270520078643306,0.0019041433266673874,-1.7760605476971336
1790892532.826,2026-10-01T18:08:52,800,16.632920426579165,v1_Ra80_20261001,0.0538,0.0538,3.5767,0.0538,0.1924,1,,800,5.9,,160.61584027134472,163.54760093563527,True,0.1027406218912156,0.0013945562362453435,0.011439000412094643,v1_Ra80_20261001,FS 0.20,1,0.016150436531994175,0.26600878118733384,0.001928088382020891,-1.7926038948405942
1790892533.878,2026-10-01T18:08:53,800,16.632920426579165,v1_Ra80_20261001,0.0576,0.0576,3.4257,0.0576,0.1973,1,,800,5.9,,155.16162076728506,158.71057032119325,True,0.09925173870988306,0.001430072481347226,0.012142669089204975,v1_Ra80_20261001,FS 0.20,1,0.017291173684811607,0.28045787787733134,0.0020328185166214523,-2.2361141710510735
1790892534.935,2026-10-01T18:08:54,800,16.632920426579165,v1_Ra80_20261001,0.0615,0.0615,2.9748,0.0615,0.183,1,,800,5.8,,146.78870715865742,151.71120465760168,True,0.09389586378659692,0.001326423031356018,0.011905011693169234,v1_Ra80_20261001,FS 0.20,1,0.01846193023638739,0.27655507489274117,0.002004530168175521,-3.2446499321219457
1790892536.006,2026-10-01T18:08:56,800,16.632920426579165,v1_Ra80_20261001,0.0653,0.0653,2.6782,0.0653,0.1749,1,,800,5.9,,140.60800868804222,143.5746370071854,True,0.08994227612351025,0.0012677125037386205,0.011878213683488334,v1_Ra80_20261001,FS 0.20,1,0.019602667389204822,0.2791671826430295,0.0020234632822758816,-2.066262106582739
1790892537.062,2026-10-01T18:08:57,800,16.632920426579165,v1_Ra80_20261001,0.0691,0.0691,2.4444,0.0691,0.1689,1,,800,5.9,,134.40180282800043,136.45355463049498,True,0.08597237223004378,0.0012242232240220296,0.01200040594215341,v1_Ra80_20261001,FS 0.20,1,0.020743404542022253,0.2844532439035911,0.002061777781735815,-1.5036264962466683
1790892538.118,2026-10-01T18:08:58,800,16.632920426579165,v1_Ra80_20261001,0.073,0.073,2.3764,0.073,0.1735,1,,800,5.9,,130.4321741129911,131.99277701326366,True,0.08343313250021217,0.0012575650051380827,0.012702410036892976,v1_Ra80_20261001,FS 0.20,1,0.02191416109359804,0.30123311508352735,0.002183401866961249,-1.182339621595907
1790892539.171,2026-10-01T18:08:59,800,16.632920426579165,v1_Ra80_20261001,0.0768,0.0768,2.1008,0.0768,0.1613,1,,800,5.9,,126.60176281414692,128.07268873959572,True,0.08098294553062348,0.0011691368030476814,0.012166509415074625,v1_Ra80_20261001,FS 0.20,1,0.023054898246415472,0.3014821874043798,0.002185207196266451,-1.1485086632635366
1790892540.227,2026-10-01T18:09:00,800,16.632920426579165,v1_Ra80_20261001,0.0807,0.0807,2.09,0.0807,0.1687,1,,800,5.9,,128.19311071769448,126.31584495059087,True,0.08200087796480647,0.00122277358136481,0.012566715363697021,v1_Ra80_20261001,FS 0.20,1,0.02422565479799126,0.322255675198825,0.002335777866496753,1.486168079576955
1790892541.284,2026-10-01T18:09:01,800,16.632920426579165,v1_Ra80_20261001,0.0845,0.0845,1.6819,0.0845,0.1421,1,,800,5.8,,117.47167496717452,122.92835605863388,True,0.07514273137905123,0.0010299711079545912,0.011551338185828012,v1_Ra80_20261001,FS 0.20,1,0.025366391950808694,0.3092677585799683,0.002241638676701217,-4.4389116282142815
1790892542.34,2026-10-01T18:09:02,800,16.632920426579165,v1_Ra80_20261001,0.0883,0.0883,1.3183,0.0883,0.1164,1,,800,5.9,,115.20132607250275,111.89201197726959,True,0.07369046454811756,0.0008436920265018607,0.009648657358807163,v1_Ra80_20261001,FS 0.20,1,0.026507129103626126,0.297753795471385,0.0021581830163219357,2.9575963795390736
1790892550.248,2026-10-01T18:09:10,900,18.76504511894996,v1_Ra80_20261001,0.0024,0.0024,8.2527,0.0024,0.0198,1,,900,6.7,,263.89612445448734,263.415190315024,True,0.14962553808104415,9.994310669838663e-05,0.0007164791555162855,v1_Ra80_20261001,FS 0.20,1,0.0007204655702004835,0.020632038965998547,0.00010414293291838703,0.18257646375221537
1790892551.301,2026-10-01T18:09:11,900,18.76504511894996,v1_Ra80_20261001,0.0049,0.0049,8.0758,0.0049,0.0396,1,,900,6.6,,264.63416145921315,265.92082412845457,True,0.15004399509394686,0.00019988621339677326,0.0014289619401409981,v1_Ra80_20261001,FS 0.20,1,0.0014709505391593207,0.04154219949443709,0.00020968972103829238,-0.4838517906442297
1790892552.358,2026-10-01T18:09:12,900,18.76504511894996,v1_Ra80_20261001,0.0098,0.0098,7.8701,0.0098,0.0771,1,,900,6.7,,263.4148026419041,263.4144886274498,True,0.14935263511459557,0.0003891724003255358,0.002795024271069514,v1_Ra80_20261001,FS 0.20,1,0.0029419010783186413,0.0819387358158592,0.0004135965563825924,0.00011920925682140648
1790892553.415,2026-10-01T18:09:13,900,18.76504511894996,v1_Ra80_20261001,0.0147,0.0147,7.4871,0.0147,0.1101,1,,900,6.7,,257.53001384096024,260.3510711134646,True,0.14601603935118798,0.0005557442448228468,0.004082543771827494,v1_Ra80_20261001,FS 0.20,1,0.004412851617477962,0.11878960896426637,0.0005996061900694594,-1.0835589269670876
1790892554.472,2026-10-01T18:09:14,900,18.76504511894996,v1_Ra80_20261001,0.0196,0.0196,7.3552,0.0196,0.1442,1,,900,6.7,,255.29388955702075,255.01109359967984,True,0.14474818708586137,0.0007278684841367348,0.00539381718074188,v1_Ra80_20261001,FS 0.20,1,0.005883802156637283,0.15769481893965853,0.0007959853593469218,0.11089555099310644
1790892555.524,2026-10-01T18:09:15,900,18.76504511894996,v1_Ra80_20261001,0.0244,0.0244,6.8438,0.0244,0.167,1,,900,6.7,,247.01986530508293,248.39085510472785,True,0.14005692709350284,0.0008429544857894226,0.006455887779758969,v1_Ra80_20261001,FS 0.20,1,0.00732473329703825,0.18612728457703615,0.0009395019728264492,-0.5519485808231028
1790892556.581,2026-10-01T18:09:16,900,18.76504511894996,v1_Ra80_20261001,0.0293,0.0293,6.7948,0.0293,0.1991,1,,900,6.6,,243.41777446070978,245.45466390226807,True,0.13801459023872614,0.0010049834618004432,0.0078107071448994215,v1_Ra80_20261001,FS 0.20,1,0.00879568383619757,0.22492169194462316,0.001135321851353693,-0.8298434461075477
1790892557.638,2026-10-01T18:09:17,900,18.76504511894996,v1_Ra80_20261001,0.0342,0.0342,6.3657,0.0342,0.2177,1,,900,6.7,,235.62911441331948,239.63132165528407,True,0.13359852519445872,0.0010988694105171096,0.008822686754319116,v1_Ra80_20261001,FS 0.20,1,0.010266634375356892,0.25117043613919526,0.0012678158433606008,-1.6701519710857649
1790892558.691,2026-10-01T18:09:18,900,18.76504511894996,v1_Ra80_20261001,0.0391,0.0391,6.1995,0.0391,0.2424,1,,900,6.6,,233.298339612287,234.78285815576498,True,0.13227700736439918,0.0012235459123075211,0.009921842976573916,v1_Ra80_20261001,FS 0.20,1,0.011737584914516213,0.28447351716075236,0.0014359175292152724,-0.6322942633627426
1790892559.775,2026-10-01T18:09:19,900,18.76504511894996,v1_Ra80_20261001,0.044,0.044,5.8818,0.044,0.2588,1,,901,6.6,,225.48939120178488,228.941137575967,True,0.1278494390922853,0.0013063270713910332,0.010959974405711148,v1_Ra80_20261001,FS 0.20,1,0.013208535453675532,0.3104309350092945,0.0015669410131370627,-1.5077003681947532
1790892560.829,2026-10-01T18:09:20,900,18.76504511894996,v1_Ra80_20261001,0.0489,0.0489,5.5835,0.0489,0.273,1,,900,6.7,,219.73011506972853,221.97790834318312,True,0.12458400731681843,0.0013780034408413914,0.011864363548974438,v1_Ra80_20261001,FS 0.20,1,0.014679485992834853,0.3351426896848217,0.0016916768481997177,-1.0126202603817025
1790892561.885,2026-10-01T18:09:21,900,18.76504511894996,v1_Ra80_20261001,0.0538,0.0538,5.3406,0.0538,0.2873,1,,900,6.7,,216.00009991395268,216.19851455161267,True,0.12246913910536934,0.0014501845734568928,0.012701442777623792,v1_Ra80_20261001,FS 0.20,1,0.016150436531994175,0.3609087811873338,0.0018217345872015341,-0.09177428349658179
1790892562.94,2026-10-01T18:09:22,900,18.76504511894996,v1_Ra80_20261001,0.0587,0.0587,5.2539,0.0587,0.3084,1,,900,6.7,,215.6285079312397,216.16135093125877,True,0.1222584514703199,0.0015566896013021433,0.013657763044539284,v1_Ra80_20261001,FS 0.20,1,0.017621387071153495,0.39442920951683114,0.0019909333622071188,-0.2465024379813885
1790892563.997,2026-10-01T18:09:23,900,18.76504511894996,v1_Ra80_20261001,0.0636,0.0636,5.0014,0.0636,0.3181,1,,900,6.6,,213.80100544456582,213.8615132445068,True,0.12122228224472681,0.0016056516283210497,0.014207750040911333,v1_Ra80_20261001,FS 0.20,1,0.019092337610312815,0.4175039746733134,0.002107406277160377,-0.02829298223089305
1790892565.078,2026-10-01T18:09:25,900,18.76504511894996,v1_Ra80_20261001,0.0684,0.0684,4.5868,0.0684,0.3137,1,,900,6.7,,202.02031951236563,208.68296067252174,True,0.11454279244466632,0.0015834420490547416,0.014828282353509954,v1_Ra80_20261001,FS 0.20,1,0.020533268750713783,0.42713110661053433,0.0021560004930392214,-3.192709715582165
1790892566.135,2026-10-01T18:09:26,900,18.76504511894996,v1_Ra80_20261001,0.0733,0.0733,4.2413,0.0733,0.3109,1,,900,6.6,,193.0065487815682,199.32474817493073,True,0.10943210619066135,0.0015693086804307273,0.015382256856974266,v1_Ra80_20261001,FS 0.20,1,0.022004219289873103,0.4395950691592114,0.002218913984902208,-3.169801768828817
1790892567.189,2026-10-01T18:09:27,900,18.76504511894996,v1_Ra80_20261001,0.0782,0.0782,3.8801,0.0782,0.3034,1,,900,6.7,,184.211501792214,187.9049933562527,True,0.1044454333437202,0.001531451443044975,0.01572788102728187,v1_Ra80_20261001,FS 0.20,1,0.023475169829032427,0.44831336853487364,0.0022629207487774748,-1.9656165054837804
1790892568.247,2026-10-01T18:09:28,900,18.76504511894996,v1_Ra80_20261001,0.0831,0.0831,3.4204,0.0831,0.2842,1,,900,6.6,,174.51091801067946,178.47562091594682,True,0.0989453333668345,0.0014345369153374486,0.015551520332022535,v1_Ra80_20261001,FS 0.20,1,0.024946120368191743,0.4462860047375208,0.002252687363104986,-2.2214254725212768
1790892569.303,2026-10-01T18:09:29,900,18.76504511894996,v1_Ra80_20261001,0.088,0.088,3.0715,0.088,0.2703,1,,900,6.7,,166.47247791113955,171.10429431496357,True,0.09438764640681499,0.0013643748353825203,0.015505114715972148,v1_Ra80_20261001,FS 0.20,1,0.026417070907351063,0.450512977767153,0.002274023565959114,-2.70701353368602
1790892570.383,2026-10-01T18:09:30,900,18.76504511894996,v1_Ra80_20261001,0.0929,0.0929,2.8969,0.0929,0.2691,1,,900,6.6,,160.761192795826,161.78985762772413,True,0.09114942488961937,0.0013583176774008001,0.01598467681454316,v1_Ra80_20261001,FS 0.20,1,0.027888021446510383,0.4683942876237703,0.002364281831560468,-0.6358030391899305
1790892571.44,2026-10-01T18:09:31,900,18.76504511894996,v1_Ra80_20261001,0.0978,0.0978,2.8093,0.0978,0.2747,1,,900,6.7,,158.25529230521056,161.67077253718674,True,0.08972861315901533,0.0013865844146488285,0.016575696988265904,v1_Ra80_20261001,FS 0.20,1,0.029358971985669707,0.49402993430737263,0.00249368113316559,-2.1126145303663746
1790892572.496,2026-10-01T18:09:32,900,18.76504511894996,v1_Ra80_20261001,0.1027,0.1027,2.6012,0.1027,0.2671,1,,900,6.7,,154.97672260930244,155.613821178585,True,0.08786970842556949,0.0013482224140979326,0.016458065927880284,v1_Ra80_20261001,FS 0.20,1,0.030829922524829027,0.5074199178179599,0.0025612688377458052,-0.4094100154197866
1790892573.584,2026-10-01T18:09:33,900,18.76504511894996,v1_Ra80_20261001,0.1076,0.1076,2.0581,0.1076,0.2215,1,,900,6.6,,145.23846074427524,152.09426490887097,True,0.08234824548426697,0.0011180504107925575,0.014563423371826539,v1_Ra80_20261001,FS 0.20,1,0.03230087306398835,0.48376423815553227,0.0024418636803455597,-4.507602024772894
1790892574.641,2026-10-01T18:09:34,900,18.76504511894996,v1_Ra80_20261001,0.1124,0.1124,1.9804,0.1124,0.2226,1,,900,6.7,,147.0779071197569,142.10513733382015,True,0.08339118673348618,0.0011236028056091343,0.014452703751111599,v1_Ra80_20261001,FS 0.20,1,0.03374180420438931,0.5072860363925966,0.002560593053625602,3.4993596144629047
1790892582.535,2026-10-01T18:09:42,1000,20.897169811320758,v1_Ra80_20261001,0.003,0.003,10.2746,0.003,0.0308,1,,999,7.4,,327.27256342512305,327.3027668732908,True,0.16662664588956444,0.00011257055179352293,0.0008986953619199862,v1_Ra80_20261001,FS 0.20,1,0.0009005819627506045,0.03187582143320774,0.00011650255868857143,-0.00922798436941985
1790892583.588,2026-10-01T18:09:43,1000,20.897169811320758,v1_Ra80_20261001,0.0061,0.0061,9.9805,0.0061,0.0609,1,,1000,7.5,,322.51885046366056,327.2732799232699,True,0.1642063536475248,0.0002225826819553749,0.0018031571215813675,v1_Ra80_20261001,FS 0.20,1,0.0018311833242595625,0.06346331593817117,0.00023195131473398076,-1.4527398817049897
1790892584.644,2026-10-01T18:09:44,1000,20.897169811320758,v1_Ra80_20261001,0.0121,0.0121,9.6778,0.0121,0.1171,1,,1000,7.4,,321.1958791387701,322.38837518543164,True,0.16353277969385302,0.0004279873900981018,0.0034814351702206533,v1_Ra80_20261001,FS 0.20,1,0.0036323472497607713,0.12362744357387101,0.00045184446558224937,-0.3698942450935494
1790892585.7,2026-10-01T18:09:45,1000,20.897169811320758,v1_Ra80_20261001,0.0182,0.0182,9.1768,0.0182,0.167,1,,1000,7.5,,313.5215741721993,315.0112552151228,True,0.15962550533290312,0.00061036630355579,0.005086516084232522,v1_Ra80_20261001,FS 0.20,1,0.005463530574020334,0.1790245204949562,0.0006543145797625998,-0.4728977197675621
1790892586.755,2026-10-01T18:09:46,1000,20.897169811320758,v1_Ra80_20261001,0.0243,0.0243,8.9889,0.0243,0.2184,1,,1000,7.5,,310.41002846460515,313.8686167436532,True,0.15804130157514723,0.0007982275490813445,0.006718746764053101,v1_Ra80_20261001,FS 0.20,1,0.007294713898279896,0.2374006008867666,0.000867672618114845,-1.1019222995055977
1790892587.809,2026-10-01T18:09:47,1000,20.897169811320758,v1_Ra80_20261001,0.0303,0.0303,8.6682,0.0303,0.2626,1,,1000,7.5,,308.0174332612046,308.90071545265414,True,0.1568231422844883,0.0009597736006811403,0.008141244658802713,v1_Ra80_20261001,FS 0.20,1,0.009095877823781105,0.2899051525752263,0.0010595708764019052,-0.28594371824461895
1790892588.866,2026-10-01T18:09:48,1000,20.897169811320758,v1_Ra80_20261001,0.0364,0.0364,8.4075,0.0364,0.306,1,,1000,7.4,,300.6243413909999,304.2257760735197,True,0.15305904398002576,0.0011183957418447407,0.009720053744306281,v1_Ra80_20261001,FS 0.20,1,0.010927061148040668,0.3432149939499508,0.001254412378336253,-1.1838032690725808
1790892589.944,2026-10-01T18:09:49,1000,20.897169811320758,v1_Ra80_20261001,0.0424,0.0424,8.199,0.0424,0.3476,1,,1000,7.5,,297.2604229760975,296.0006825093359,True,0.15134634788153484,0.0012704390845269017,0.01116642255935791,v1_Ra80_20261001,FS 0.20,1,0.012728225073541877,0.3960052121789817,0.0014473547158473734,0.42558701421977485
1790892591.001,2026-10-01T18:09:51,1000,20.897169811320758,v1_Ra80_20261001,0.0485,0.0485,7.8042,0.0485,0.3785,1,,1000,7.5,,291.8920855604256,293.56843955593774,True,0.14861312744834224,0.001383375125124949,0.012382688453773482,v1_Ra80_20261001,FS 0.20,1,0.014559408397801439,0.4397488145366201,0.0016072326851602242,-0.5710266396646291
1790892592.053,2026-10-01T18:09:52,1000,20.897169811320758,v1_Ra80_20261001,0.0546,0.0546,7.4287,0.0546,0.4056,1,,1000,7.5,,285.1152945424701,289.397522125401,True,0.14516281085168442,0.0014824225911510684,0.013584661255369529,v1_Ra80_20261001,FS 0.20,1,0.016390591722061,0.4811714203649838,0.0017586276720051753,-1.4797043013641709
1790892593.107,2026-10-01T18:09:53,1000,20.897169811320758,v1_Ra80_20261001,0.0606,0.0606,7.161,0.0606,0.434,1,,1000,7.5,,278.20512808906983,280.1275447471852,True,0.1416445878554811,0.0015862214116360049,0.01489690267961592,v1_Ra80_20261001,FS 0.20,1,0.01819175564756221,0.5251020626467745,0.001919189251300794,-0.6862647726593063
1790892594.163,2026-10-01T18:09:54,1000,20.897169811320758,v1_Ra80_20261001,0.0667,0.0667,6.8942,0.0667,0.4598,1,,1000,7.4,,270.0002253056937,271.42813954295093,True,0.13746716639266204,0.0016805175232033065,0.016262084837329275,v1_Ra80_20261001,FS 0.20,1,0.020022938971821773,0.5681584294580522,0.002076555451630984,-0.5260745034253556
1790892595.237,2026-10-01T18:09:55,1000,20.897169811320758,v1_Ra80_20261001,0.0728,0.0728,6.5932,0.0728,0.48,1,,1000,7.5,,266.6981428195072,269.99980670578907,True,0.13578595326753612,0.0017543462617172405,0.017186705211324482,v1_Ra80_20261001,FS 0.20,1,0.021854122296081337,0.6070937997400552,0.002218859871011835,-1.2228393518368685
1790892596.293,2026-10-01T18:09:56,1000,20.897169811320758,v1_Ra80_20261001,0.0788,0.0788,6.2093,0.0788,0.4893,1,,1000,7.5,,258.4558026480522,259.3041372770301,True,0.13158947103671026,0.001788336720538012,0.018078413297048398,v1_Ra80_20261001,FS 0.20,1,0.02365528622158254,0.6362648660746059,0.0023254768526250113,-0.3271581540835844
1790892597.353,2026-10-01T18:09:57,1000,20.897169811320758,v1_Ra80_20261001,0.0849,0.0849,5.9806,0.0849,0.5078,1,,1000,7.5,,254.1173013598609,259.8966803150688,True,0.12938057851521947,0.0018559521493750307,0.019082261538961125,v1_Ra80_20261001,FS 0.20,1,0.02548646954584211,0.6764339973395228,0.0024722905302730033,-2.2237217298049505
1790892598.409,2026-10-01T18:09:58,1000,20.897169811320758,v1_Ra80_20261001,0.0909,0.0909,5.632,0.0909,0.5119,1,,1000,7.5,,248.77820116386147,249.64016034956558,True,0.12666224383901847,0.001870937190360532,0.019649169015836448,v1_Ra80_20261001,FS 0.20,1,0.027287633471343314,0.7032907302146447,0.002570448882192605,-0.34528065696526333
1790892599.463,2026-10-01T18:09:59,1000,20.897169811320758,v1_Ra80_20261001,0.097,0.097,5.4249,0.097,0.5262,1,,1000,7.5,,243.3310373594736,246.97541756742112,True,0.12388888995674642,0.001923202089407525,0.020650221680821215,v1_Ra80_20261001,FS 0.20,1,0.029118816795602877,0.7421936224624757,0.002712634597994627,-1.475604432150679
1790892600.535,2026-10-01T18:10:00,1000,20.897169811320758,v1_Ra80_20261001,0.1031,0.1031,5.0209,0.1031,0.5177,1,,1000,7.5,,236.55790848433753,236.01626894437686,True,0.12044043789333386,0.001892135541022949,0.020898353701194368,v1_Ra80_20261001,FS 0.20,1,0.03095000011986244,0.7597755181810318,0.0027768944584691093,0.22949245930512507
1790892601.592,2026-10-01T18:10:01,1000,20.897169811320758,v1_Ra80_20261001,0.1091,0.1091,4.8866,0.1091,0.5331,1,,1000,7.5,,234.04629986555392,234.78290529262154,True,0.11916168444221853,0.0019484208169197102,0.021750952750210942,v1_Ra80_20261001,FS 0.20,1,0.03275116404536365,0.8022726751089136,0.0029322168092816934,-0.3137389522246292
1790892602.646,2026-10-01T18:10:02,1000,20.897169811320758,v1_Ra80_20261001,0.1152,0.1152,4.6549,0.1152,0.5362,1,,1000,7.5,,231.21082980288747,234.59677941744417,True,0.11771804107316335,0.0019597509698599676,0.02214573094831958,v1_Ra80_20261001,FS 0.20,1,0.03458234736962321,0.8343883318103837,0.0030495959390250647,-1.4433060943823461
1790892603.703,2026-10-01T18:10:03,1000,20.897169811320758,v1_Ra80_20261001,0.1213,0.1213,4.1078,0.1213,0.4983,1,,1000,7.5,,215.36322653280422,219.8328659785659,True,0.10964943626667877,0.0018212307129452103,0.022094832832738432,v1_Ra80_20261001,FS 0.20,1,0.03641353069388278,0.8269829919825792,0.003022530251017451,-2.033198914941814
1790892604.76,2026-10-01T18:10:04,1000,20.897169811320758,v1_Ra80_20261001,0.1273,0.1273,3.7595,0.1273,0.4786,1,,1000,7.5,,208.9537475376119,210.29374349287764,True,0.10638613189526648,0.0017492294184538986,0.02187227269041542,v1_Ra80_20261001,FS 0.20,1,0.03821469461938398,0.838720572963221,0.003065429795423685,-0.637202007539106
1790892605.817,2026-10-01T18:10:05,1000,20.897169811320758,v1_Ra80_20261001,0.1334,0.1334,3.2895,0.1334,0.4388,1,,1000,7.5,,200.29429143323796,203.31529242046713,True,0.10197728041441247,0.0016037648742531774,0.02092037327544159,v1_Ra80_20261001,FS 0.20,1,0.040045877943643546,0.8323489941183303,0.003042142388074163,-1.4858700254487434
1790892606.871,2026-10-01T18:10:06,1000,20.897169811320758,v1_Ra80_20261001,0.1394,0.1394,3.2731,0.1394,0.4563,1,,1000,7.5,,197.58252018033318,198.1654985130433,True,0.1005966167145217,0.0016677254150449516,0.022053287041753345,v1_Ra80_20261001,FS 0.20,1,0.04184704186914475,0.8841722416395431,0.003231550555905177,-0.2941876043431213
1790892607.933,2026-10-01T18:10:07,1000,20.897169811320758,v1_Ra80_20261001,0.1455,0.1455,2.701,0.1455,0.393,1,,1000,7.5,,187.2834352284599,192.4296393616089,True,0.09535296914656735,0.0014363710017809908,0.020038470319219133,v1_Ra80_20261001,FS 0.20,1,0.043678225193404314,0.8572344237775664,0.0031330958474364715,-2.674330290396898
1790892608.985,2026-10-01T18:10:08,1000,20.897169811320758,v1_Ra80_20261001,0.1516,0.1516,2.1841,0.1516,0.3311,1,,1000,7.5,,184.23606281512548,180.3335032218115,True,0.09380143840199129,0.0012101334317803716,0.01716152663681443,v1_Ra80_20261001,FS 0.20,1,0.045509408517663885,0.8331756093863152,0.003045163574335137,2.164079066613489
1790892616.865,2026-10-01T18:10:16,1100,23.029294503691553,v1_Ra80_20261001,0.0037,0.0037,12.4271,0.0037,0.046,1,,1101,8.2,,392.72721234466417,390.00037573015334,True,0.1814398537434608,0.00012561815907001823,0.0011185057442572182,v1_Ra80_20261001,FS 0.20,1,0.0011107177540590788,0.0473783194118383,0.00012938211444231385,0.6991882019102391
1790892617.917,2026-10-01T18:10:17,1100,23.029294503691553,v1_Ra80_20261001,0.0074,0.0074,12.0915,0.0074,0.0895,1,,1101,8.2,,389.1751653574488,390.0001872667815,True,0.17979880910588003,0.0002444092442775355,0.002196085774431392,v1_Ra80_20261001,FS 0.20,1,0.0022214355081181577,0.09280078172919203,0.00025342311654521056,-0.21154397773873734
1790892618.971,2026-10-01T18:10:18,1100,23.029294503691553,v1_Ra80_20261001,0.0147,0.0147,11.2403,0.0147,0.1652,1,,1100,8.2,,373.36850035712814,383.4215392615931,True,0.17249613463953037,0.00045113304083406556,0.004225165739525271,v1_Ra80_20261001,FS 0.20,1,0.004412851617477962,0.17388960896426636,0.0004748628817281844,-2.621928576006838
1790892620.024,2026-10-01T18:10:20,1100,23.029294503691553,v1_Ra80_20261001,0.0221,0.0221,10.9239,0.0221,0.2414,1,,1100,8.2,,367.1287295834077,372.188124711289,True,0.169613362422608,0.0006592222521630957,0.006278997011099606,v1_Ra80_20261001,FS 0.20,1,0.00663428712559612,0.25771412080755385,0.0007037733352650695,-1.3593650070931051
1790892621.08,2026-10-01T18:10:21,1100,23.029294503691553,v1_Ra80_20261001,0.0295,0.0295,10.5306,0.0295,0.3107,1,,1100,8.3,,364.4069671347097,368.6440936863562,True,0.1683559089915919,0.0008484687396316231,0.008141903741435105,v1_Ra80_20261001,FS 0.20,1,0.008855722633714277,0.33681520427290296,0.0009197849110337872,-1.149381374668501
1790892622.138,2026-10-01T18:10:22,1100,23.029294503691553,v1_Ra80_20261001,0.0368,0.0368,10.3492,0.0368,0.3809,1,,1100,8.3,,362.711866872462,366.1015913564256,True,0.16757277318130123,0.0010401729736906511,0.010028144655937453,v1_Ra80_20261001,FS 0.20,1,0.011047138743074081,0.41881649132878096,0.0011437164484540375,-0.9258972274347466
1790892623.194,2026-10-01T18:10:23,1100,23.029294503691553,v1_Ra80_20261001,0.0442,0.0442,10.055,0.0442,0.4444,1,,1101,8.3,,357.92518679953673,360.0002574915777,True,0.1653613284302151,0.0012135806497981763,0.011856408990237035,v1_Ra80_20261001,FS 0.20,1,0.01326857425119224,0.4964413049082256,0.0013556965828019328,-0.5764081132885068
1790892624.249,2026-10-01T18:10:24,1100,23.029294503691553,v1_Ra80_20261001,0.0515,0.0515,9.7083,0.0515,0.5,1,,1100,8.3,,350.6792895201784,351.84987772116756,True,0.16201372607091355,0.0013654147725001983,0.013615427073808197,v1_Ra80_20261001,FS 0.20,1,0.015459990360552043,0.5681078932928734,0.0015514058197521113,-0.3326953553517642
1790892625.304,2026-10-01T18:10:25,1100,23.029294503691553,v1_Ra80_20261001,0.0589,0.0589,9.364,0.0589,0.5515,1,,1100,8.3,,346.03196444701325,348.8322483228558,True,0.1598666632877179,0.0015060524940677187,0.015219510357452106,v1_Ra80_20261001,FS 0.20,1,0.017681425868670202,0.6380564369864133,0.0017424233695001814,-0.8027594608313815
1790892626.358,2026-10-01T18:10:26,1100,23.029294503691553,v1_Ra80_20261001,0.0663,0.0663,8.9371,0.0663,0.5925,1,,1100,8.3,,338.26543203282426,340.22100337111283,True,0.15627852765303313,0.001618016505412735,0.016726386119075412,v1_Ra80_20261001,FS 0.20,1,0.01990286137678836,0.6996815523020151,0.001910711055118083,-0.5747944186019094
1790892627.464,2026-10-01T18:10:27,1100,23.029294503691553,v1_Ra80_20261001,0.0736,0.0736,8.498,0.0736,0.6255,1,,1100,8.4,,330.7691618838703,334.6150795443009,True,0.15281525310343555,0.001708133880397748,0.018058167757295105,v1_Ra80_20261001,FS 0.20,1,0.022094277486148162,0.7551606005074665,0.002062214879086031,-1.149355750992509
1790892628.52,2026-10-01T18:10:28,1100,23.029294503691553,v1_Ra80_20261001,0.081,0.081,8.4193,0.081,0.682,1,,1100,8.3,,331.58286825407686,332.3078032166393,True,0.15319118520123692,0.0018624257496902706,0.019641003486133162,v1_Ra80_20261001,FS 0.20,1,0.024315712994266322,0.8366094459371637,0.0022846377925916186,-0.21815165203623588
1790892629.576,2026-10-01T18:10:29,1100,23.029294503691553,v1_Ra80_20261001,0.0884,0.0884,8.0388,0.0884,0.7106,1,,1100,8.3,,325.4358180911254,327.27318144088713,True,0.15035124987854576,0.001940527474677282,0.02085120867600989,v1_Ra80_20261001,FS 0.20,1,0.02653714850238448,0.8923348629889225,0.0024368144078840306,-0.5614157999969227
1790892630.644,2026-10-01T18:10:30,1100,23.029294503691553,v1_Ra80_20261001,0.0957,0.0957,7.878,0.0957,0.7539,1,,1101,8.2,,320.99025887883954,322.38837518543164,True,0.14829740286226836,0.002058772393975799,0.02242814071979735,v1_Ra80_20261001,FS 0.20,1,0.028728564611744282,0.9645263710151775,0.002633957110900261,-0.43367454108353964
1790892631.7,2026-10-01T18:10:31,1100,23.029294503691553,v1_Ra80_20261001,0.1031,0.1031,7.2943,0.1031,0.752,1,,1101,8.2,,309.9999958759099,312.3672601043097,True,0.14321990466715045,0.0020535838178402984,0.023164745573676822,v1_Ra80_20261001,FS 0.20,1,0.03095000011986244,0.9940755181810318,0.0027146507950103404,-0.757846461760836
1790892632.777,2026-10-01T18:10:32,1100,23.029294503691553,v1_Ra80_20261001,0.1104,0.1104,7.282,0.1104,0.8039,1,,1100,8.3,,310.000198513535,308.5713642882183,True,0.14321999828567214,0.002195313871225819,0.024763466481326483,v1_Ra80_20261001,FS 0.20,1,0.033141416229222245,1.0791323275360565,0.002946926443000508,0.4630482250394641
1790892633.829,2026-10-01T18:10:33,1100,23.029294503691553,v1_Ra80_20261001,0.1178,0.1178,6.8276,0.1178,0.8043,1,,1100,8.3,,302.77793341209644,302.08282421044714,True,0.13988331398544732,0.002196406203043819,0.025366773453979318,v1_Ra80_20261001,FS 0.20,1,0.035362851737340405,1.1153052048160064,0.0030457084050042687,0.23010550284217057
1790892634.885,2026-10-01T18:10:34,1100,23.029294503691553,v1_Ra80_20261001,0.1252,0.1252,6.4421,0.1252,0.8066,1,,1100,8.3,,295.2375662144618,296.82435221055243,True,0.13639966661264918,0.00220268711099732,0.026089033061193388,v1_Ra80_20261001,FS 0.20,1,0.037584287245458564,1.1555546537180177,0.003155622789235865,-0.534587537805864
1790892635.938,2026-10-01T18:10:35,1100,23.029294503691553,v1_Ra80_20261001,0.1325,0.1325,6.2474,0.1325,0.8278,1,,1101,8.2,,291.45863037651907,295.34419943435637,True,0.13465379939441194,0.002260580697351328,0.027121885885747665,v1_Ra80_20261001,FS 0.20,1,0.039775703354818365,1.2163239228938463,0.0033215733049292997,-1.3156070324993552
1790892636.989,2026-10-01T18:10:36,1100,23.029294503691553,v1_Ra80_20261001,0.1399,0.1399,5.888,0.1399,0.8237,1,,1100,8.3,,283.41365514068,286.45737830022995,True,0.1309370232600417,0.0022493842962168268,0.027753622504826984,v1_Ra80_20261001,FS 0.20,1,0.041997138862936524,1.2544971019099531,0.0034258177500130736,-1.0625396272250565
1790892638.075,2026-10-01T18:10:38,1100,23.029294503691553,v1_Ra80_20261001,0.1473,0.1473,5.5428,0.1473,0.8165,1,,1100,8.3,,278.2052184936106,276.9226567529586,True,0.12853072709880956,0.0022297223234928236,0.028026076233544927,v1_Ra80_20261001,FS 0.20,1,0.04421857437105468,1.2917468525481215,0.003527540469599681,0.46314799796109973
1790892639.13,2026-10-01T18:10:39,1100,23.029294503691553,v1_Ra80_20261001,0.1546,0.1546,5.1661,0.1546,0.7987,1,,1101,8.2,,269.51645788302585,270.41777984185273,True,0.12451652231533027,0.0021811135575918166,0.028298914443881756,v1_Ra80_20261001,FS 0.20,1,0.04640999048041448,1.3199285815447537,0.0036044999677728785,-0.3333072105517587
1790892640.183,2026-10-01T18:10:40,1100,23.029294503691553,v1_Ra80_20261001,0.162,0.162,4.7814,0.162,0.7746,1,,1100,8.3,,264.097725781653,266.6667831469056,True,0.12201306971758863,0.0021153005655573072,0.028008136432247886,v1_Ra80_20261001,FS 0.20,1,0.048631425988532644,1.3446020622970176,0.0036718790379891594,-0.9633960911574313
1790892641.239,2026-10-01T18:10:41,1100,23.029294503691553,v1_Ra80_20261001,0.1694,0.1694,4.4849,0.1694,0.7597,1,,1100,8.3,,256.428382424167,260.2412871682361,True,0.1184698353978099,0.0020746112053368015,0.028290942474591945,v1_Ra80_20261001,FS 0.20,1,0.050852861496650796,1.380652114671343,0.003770325586111779,-1.4651421323489733
1790892642.295,2026-10-01T18:10:42,1100,23.029294503691553,v1_Ra80_20261001,0.1767,0.1767,3.9602,0.1767,0.6998,1,,1100,8.2,,246.11640677303512,248.90057165264352,True,0.11370570575480089,0.0019110345155912774,0.02715218314033446,v1_Ra80_20261001,FS 0.20,1,0.053044277606010604,1.373146303488779,0.0037498284951752387,-1.1185851688174764
1790892643.374,2026-10-01T18:10:43,1100,23.029294503691553,v1_Ra80_20261001,0.1841,0.1841,3.5744,0.1841,0.658,1,,1101,8.2,,235.83827509036155,237.3625409633405,True,0.10895721201501979,0.001796885840610261,0.02664299147736103,v1_Ra80_20261001,FS 0.20,1,0.05526571311412876,1.3866200859772004,0.003786623098477529,-0.6421678276583576
1790892644.43,2026-10-01T18:10:44,1100,23.029294503691553,v1_Ra80_20261001,0.1914,0.1914,3.0374,0.1914,0.5814,1,,1100,8.3,,231.92713110357772,230.72873751552834,True,0.10715026467186274,0.0015877042974632306,0.02393838533853201,v1_Ra80_20261001,FS 0.20,1,0.057457129223488564,1.3666795761234058,0.0037321689650264152,0.5193950267979641
1790892652.302,2026-10-01T18:10:52,1200,25.161419196062347,v1_Ra80_20261001,0.0044,0.0044,13.8489,0.0044,0.0609,1,,1200,9.0,,438.3986486734443,441.38230518653927,True,0.18537723471223883,0.0001275112158087059,0.001326537305298525,v1_Ra80_20261001,FS 0.20,1,0.0013208535453675533,0.06260029365224407,0.00013107125703743275,-0.6759800920958958
1790892653.358,2026-10-01T18:10:53,1200,25.161419196062347,v1_Ra80_20261001,0.0088,0.0088,13.5702,0.0088,0.1194,1,,1200,9.0,,436.0000724926181,439.17018706561066,True,0.18436299477104912,0.00024999735907322635,0.002615105098014961,v1_Ra80_20261001,FS 0.20,1,0.0026417070907351066,0.12357009838197379,0.0002587286286089799,-0.7218419342565618
1790892654.415,2026-10-01T18:10:54,1200,25.161419196062347,v1_Ra80_20261001,0.0176,0.0176,13.3107,0.0176,0.2343,1,,1200,9.1,,433.9997802733478,431.9997528075248,True,0.18351716953562291,0.000490572707126105,0.005155302586965998,v1_Ra80_20261001,FS 0.20,1,0.005283414181470213,0.24571824107389012,0.0005144799945108116,0.46296958570577473
1790892655.469,2026-10-01T18:10:55,1200,25.161419196062347,v1_Ra80_20261001,0.0264,0.0264,12.7128,0.0264,0.3356,1,,1201,9.0,,427.85156157536903,432.0005720273912,True,0.18091739012460936,0.000702672644095266,0.007490317254653438,v1_Ra80_20261001,FS 0.20,1,0.00792512127220532,0.35734442807574907,0.0007482006976421251,-0.9604178143910125
1790892656.525,2026-10-01T18:10:56,1200,25.161419196062347,v1_Ra80_20261001,0.0352,0.0352,12.3739,0.0352,0.4356,1,,1200,9.1,,419.2303167644468,419.8030851167971,True,0.17727188955643478,0.0009120506667696599,0.009922167902248766,v1_Ra80_20261001,FS 0.20,1,0.010566828362940426,0.47074865938755045,0.0009856442347918708,-0.13643738520666693
1790892657.579,2026-10-01T18:10:57,1200,25.161419196062347,v1_Ra80_20261001,0.0439,0.0439,11.7985,0.0439,0.518,1,,1201,9.0,,413.2074335885136,413.68168252585065,True,0.17472510837558988,0.0010845781574533606,0.011971071256723906,v1_Ra80_20261001,FS 0.20,1,0.01317851605491718,0.5694263462719241,0.001192253624411202,-0.11464102892866368
1790892658.636,2026-10-01T18:10:58,1200,25.161419196062347,v1_Ra80_20261001,0.0527,0.0527,11.3523,0.0527,0.5983,1,,1200,9.1,,405.6601359689239,407.5477656463079,True,0.1715337272741578,0.001252708709660899,0.014084066045746574,v1_Ra80_20261001,FS 0.20,1,0.015820223145652283,0.6692516884273615,0.0014012659519442052,-0.4631677159094405
1790892659.719,2026-10-01T18:10:59,1200,25.161419196062347,v1_Ra80_20261001,0.0615,0.0615,10.927,0.0615,0.672,1,,1200,9.1,,397.95885055273175,402.7780559330438,True,0.16827723230433225,0.0014070203123719273,0.016125102624435575,v1_Ra80_20261001,FS 0.20,1,0.01846193023638739,0.7655550748927412,0.001602904078293897,-1.1964915439964252
1790892660.775,2026-10-01T18:11:00,1200,25.161419196062347,v1_Ra80_20261001,0.0703,0.0703,10.7445,0.0703,0.7553,1,,1200,9.1,,394.54549366172387,395.45440591493843,True,0.16683389149236652,0.0015814322052596973,0.018280740312351534,v1_Ra80_20261001,FS 0.20,1,0.021103637327122497,0.8745365056680635,0.0018310872431335304,-0.2298399612242763
1790892661.831,2026-10-01T18:11:01,1200,25.161419196062347,v1_Ra80_20261001,0.0791,0.0791,10.4028,0.0791,0.8229,1,,1200,9.1,,391.0108990302888,392.72772812607286,True,0.16533928520061164,0.0017229717485875875,0.02009692358884996,v1_Ra80_20261001,FS 0.20,1,0.023745344417857604,0.9708959807533285,0.0020328428067264833,-0.4371550498804999
1790892662.885,2026-10-01T18:11:02,1200,25.161419196062347,v1_Ra80_20261001,0.0879,0.0879,9.8528,0.0879,0.8661,1,,1200,9.1,,382.1426655570008,385.7142857142833,True,0.16158934527028765,0.0018134230543829257,0.02164282221839418,v1_Ra80_20261001,FS 0.20,1,0.026387051508592715,1.0459335001485361,0.002189954881100084,-0.9259755963325067
1790892663.941,2026-10-01T18:11:03,1200,25.161419196062347,v1_Ra80_20261001,0.0967,0.0967,9.6191,0.0967,0.9302,1,,1200,9.1,,378.9471463018799,378.94781803774436,True,0.16023811728457987,0.0019476343669172123,0.023440619016480497,v1_Ra80_20261001,FS 0.20,1,0.029028758599327815,1.1449490638536859,0.002397271710525831,-0.00017726342057544642
1790892664.996,2026-10-01T18:11:04,1200,25.161419196062347,v1_Ra80_20261001,0.1055,0.1055,9.0666,0.1055,0.9565,1,,1200,9.1,,367.79647948792444,375.2327466307406,True,0.15552304851002183,0.0020027007868805777,0.024834120752762017,v1_Ra80_20261001,FS 0.20,1,0.031670465690062925,1.2092426718687785,0.002531888395693858,-1.9817745678081922
1790892666.052,2026-10-01T18:11:06,1200,25.161419196062347,v1_Ra80_20261001,0.1143,0.1143,8.7636,0.1143,1.0017,1,,1200,9.1,,363.7925706746955,362.5001898025914,True,0.15382999232455621,0.002097339653129404,0.026293913512221285,v1_Ra80_20261001,FS 0.20,1,0.03431217278079803,1.2955143241938138,0.0027125222754605448,0.3565186745992932
1790892667.125,2026-10-01T18:11:07,1200,25.161419196062347,v1_Ra80_20261001,0.1231,0.1231,8.4427,0.1231,1.0393,1,,1201,9.1,,358.81133513247505,360.6990816455095,True,0.15172367271553985,0.0021760657896549756,0.02765961654377557,v1_Ra80_20261001,FS 0.20,1,0.03695387987153314,1.3772640208287914,0.002883688173817176,-0.5233577264523559
1790892668.177,2026-10-01T18:11:08,1200,25.161419196062347,v1_Ra80_20261001,0.1318,0.1318,8.0182,0.1318,1.0568,1,,1200,9.1,,347.07617585521575,348.38681130402733,True,0.14676145081474554,0.002212706943622995,0.029076316191119642,v1_Ra80_20261001,FS 0.20,1,0.03956556756350989,1.441437792748578,0.0030180539485384007,-0.37620122412378443
1790892669.23,2026-10-01T18:11:09,1200,25.161419196062347,v1_Ra80_20261001,0.1406,0.1406,7.5483,0.1406,1.0613,1,,1200,9.1,,339.06257111015066,337.500540105475,True,0.14337289135587822,0.0022221289546433425,0.029890260175350583,v1_Ra80_20261001,FS 0.20,1,0.042207274654244994,1.4962086002271915,0.0031327319822399206,0.46282326072351054
1790892670.286,2026-10-01T18:11:10,1200,25.161419196062347,v1_Ra80_20261001,0.1494,0.1494,7.3692,0.1494,1.101,1,,1200,9.1,,337.5000502913508,335.1556685062178,True,0.14271217812273782,0.002305252029645077,0.0311519228858617,v1_Ra80_20261001,FS 0.20,1,0.0448489817449801,1.5892574520157476,0.003327555828236027,0.6994904175668282
1790892671.338,2026-10-01T18:11:11,1200,25.161419196062347,v1_Ra80_20261001,0.1582,0.1582,6.8912,0.1582,1.0902,1,,1200,9.1,,328.7878138394717,334.23059762166645,True,0.13902820166319466,0.0022826392031962428,0.031663713493377765,v1_Ra80_20261001,FS 0.20,1,0.04749068883571521,1.6348843481142465,0.0034230885210947645,-1.6284516800450843
1790892672.394,2026-10-01T18:11:12,1200,25.161419196062347,v1_Ra80_20261001,0.167,0.167,6.4,0.167,1.0688,1,,1200,9.2,,320.8955551981376,325.09658566729627,True,0.13569095350562999,0.002237832306343922,0.031805639016393265,v1_Ra80_20261001,FS 0.20,1,0.05013239592645032,1.6729892885226876,0.003502871891863214,-1.2922407230256283
1790892673.45,2026-10-01T18:11:13,1200,25.161419196062347,v1_Ra80_20261001,0.1758,0.1758,6.4058,0.1758,1.1261,1,,1200,9.1,,322.3881394678301,322.38760655183114,True,0.1363220940105741,0.0023578059133363503,0.0333556405105283,v1_Ra80_20261001,FS 0.20,1,0.05277410301718543,1.7928722732410713,0.003753880514789612,0.00016530288018401507
1790892674.536,2026-10-01T18:11:14,1200,25.161419196062347,v1_Ra80_20261001,0.1846,0.1846,5.9326,0.1846,1.0952,1,,1200,9.1,,313.87035661964546,319.85302748981326,True,0.1327203424197475,0.002293108104329962,0.0333207306771194,v1_Ra80_20261001,FS 0.20,1,0.05541581010792052,1.8276333022693974,0.0038266624700303933,-1.870443721330206
1790892675.592,2026-10-01T18:11:15,1200,25.161419196062347,v1_Ra80_20261001,0.1934,0.1934,5.6804,0.1934,1.0986,1,,1200,9.1,,311.5939926515466,313.0437873453218,True,0.13175778001477284,0.0023002269571008914,0.03366835521947057,v1_Ra80_20261001,FS 0.20,1,0.05805751719865563,1.8997723756076665,0.003977705835361692,-0.46312840324024274
1790892676.649,2026-10-01T18:11:16,1200,25.161419196062347,v1_Ra80_20261001,0.2022,0.2022,5.3603,0.2022,1.0839,1,,1200,9.1,,304.3727965632911,309.9440080385705,True,0.1287042912182032,0.0022694483877677557,0.034005938394977585,v1_Ra80_20261001,FS 0.20,1,0.06069922428939074,1.956889493255878,0.004097296526902125,-1.7974896532234497
1790892677.715,2026-10-01T18:11:17,1200,25.161419196062347,v1_Ra80_20261001,0.211,0.211,4.9878,0.211,1.0524,1,,1200,9.1,,295.500615123035,294.248734588831,True,0.12495268188674964,0.0022034943106253218,0.03400899765440536,v1_Ra80_20261001,FS 0.20,1,0.06334093138012585,2.0002846552140316,0.004188156458946457,0.4254497596916984
1790892678.772,2026-10-01T18:11:18,1200,25.161419196062347,v1_Ra80_20261001,0.2197,0.2197,4.5436,0.2197,0.9982,1,,1200,9.1,,286.92990135307355,289.99979945450036,True,0.12132854841144543,0.0020900114223358,0.033221033453499596,v1_Ra80_20261001,FS 0.20,1,0.0659526190721026,2.0231545121692314,0.0042360409132277165,-1.0585862842668825
1790892679.847,2026-10-01T18:11:19,1200,25.161419196062347,v1_Ra80_20261001,0.2285,0.2285,4.1472,0.2285,0.9476,1,,1200,9.1,,276.9230190416465,278.5470431768658,True,0.11709712986899241,0.001984066142862557,0.03267663871262336,v1_Ra80_20261001,FS 0.20,1,0.06859432616283771,2.053570784971021,0.004299725903791354,-0.5830340601347239
1790892680.903,2026-10-01T18:11:20,1200,25.161419196062347,v1_Ra80_20261001,0.2373,0.2373,3.8328,0.2373,0.9095,1,,1200,9.1,,270.56934923526796,270.0003800153979,True,0.11441047528521325,0.0019042931162236126,0.03209929457668464,v1_Ra80_20261001,FS 0.20,1,0.07123603325357282,2.099565102082754,0.00439602789550249,0.2107290440989784
1790892681.96,2026-10-01T18:11:21,1200,25.161419196062347,v1_Ra80_20261001,0.2461,0.2461,3.0538,0.2461,0.7515,1,,1200,9.1,,253.69826728423277,262.7812443776236,True,0.10727652419264018,0.00157347584039807,0.028286737867127577,v1_Ra80_20261001,FS 0.20,1,0.07387774034430793,2.0287374635044286,0.004247730386340226,-3.456478454123735
1790892683.016,2026-10-01T18:11:23,1200,25.161419196062347,v1_Ra80_20261001,0.2549,0.2549,2.2894,0.2549,0.5836,1,,1200,9.0,,241.8569644191507,240.7510155083287,True,0.10226941938709112,0.0012219301403277628,0.02304241889701204,v1_Ra80_20261001,FS 0.20,1,0.07651944743504303,1.9510878692360463,0.004085149201246398,0.4593745569408503
1790892691.469,2026-10-01T18:11:31,1300,27.293543888433145,v1_Ra80_20261001,0.0052,0.0052,16.2664,0.0052,0.0846,1,,1299,9.8,,510.1595771397342,509.7610940962454,True,0.19886961835273234,0.00013878005907334587,0.0015835642950464157,v1_Ra80_20261001,FS 0.20,1,0.001561008735434381,0.08669211269651417,0.00014221201561720324,0.07817054853809235
1790892692.521,2026-10-01T18:11:32,1300,27.293543888433145,v1_Ra80_20261001,0.0103,0.0103,15.7705,0.0103,0.1624,1,,1300,9.8,,508.8506344792904,507.1425124742177,True,0.1983593683466705,0.00026640521978145827,0.003047664010627354,v1_Ra80_20261001,FS 0.20,1,0.0030919980721104087,0.1675879598351809,0.0002749156851762166,0.3368130186403029
1790892693.578,2026-10-01T18:11:33,1300,27.293543888433145,v1_Ra80_20261001,0.0207,0.0207,15.1837,0.0207,0.3143,1,,1300,9.9,,502.3249323757682,502.32628780181585,True,0.19581552923247184,0.000515585964146012,0.005974905331957091,v1_Ra80_20261001,FS 0.20,1,0.006214015542979171,0.3290047062073143,0.0005397079499156015,-0.00026982980596557127
1790892694.658,2026-10-01T18:11:34,1300,27.293543888433145,v1_Ra80_20261001,0.031,0.031,14.5178,0.031,0.4501,1,,1300,9.9,,488.63601339739944,495.00029059064445,True,0.19047933598064148,0.0007383558462046452,0.008796196504747026,v1_Ra80_20261001,FS 0.20,1,0.00930601361508958,0.4784672247630899,0.000784890185783469,-1.2857118095124798
1790892695.714,2026-10-01T18:11:35,1300,27.293543888433145,v1_Ra80_20261001,0.0414,0.0414,14.0997,0.0414,0.5837,1,,1300,9.8,,481.13431740709984,485.1884945785059,True,0.18755503643704893,0.0009575167905568793,0.011584965393869674,v1_Ra80_20261001,FS 0.20,1,0.012428031085958342,0.63014080712495,0.0010336995087154423,-0.8355880687006101
1790892696.765,2026-10-01T18:11:36,1300,27.293543888433145,v1_Ra80_20261001,0.0517,0.0517,13.3416,0.0517,0.6898,1,,1300,9.9,,461.7021301098248,469.5061691115143,True,0.17998001120036813,0.001131566013579125,0.014267001070842998,v1_Ra80_20261001,FS 0.20,1,0.015520029158068752,0.7583778844013203,0.0012440629739613983,-1.662180289655768
1790892697.82,2026-10-01T18:11:37,1300,27.293543888433145,v1_Ra80_20261001,0.0621,0.0621,12.5939,0.0621,0.7821,1,,1300,9.9,,448.8266686047609,453.1253185131959,True,0.1749609186842905,0.0012829773546248677,0.01664006482223338,v1_Ra80_20261001,FS 0.20,1,0.018642046628937512,0.877308302752907,0.0014391595517917878,-0.9486668991571245
1790892698.882,2026-10-01T18:11:38,1300,27.293543888433145,v1_Ra80_20261001,0.0724,0.0724,12.1745,0.0724,0.8814,1,,1300,9.9,,442.8617070186192,446.874706249298,True,0.17263566657244042,0.0014458716792818801,0.01900536866719418,v1_Ra80_20261001,FS 0.20,1,0.021734044701047922,1.007219938749872,0.0016522700070869863,-0.8980144041627836
1790892699.944,2026-10-01T18:11:39,1300,27.293543888433145,v1_Ra80_20261001,0.0827,0.0827,11.9186,0.0827,0.9857,1,,1300,9.9,,438.77500258367945,443.87825346693717,True,0.17104259376205924,0.0016169681350897995,0.021452319728596562,v1_Ra80_20261001,FS 0.20,1,0.02482604277315833,1.146348384158534,0.0018804999582997157,-1.1496960807154788
1790892701.003,2026-10-01T18:11:41,1300,27.293543888433145,v1_Ra80_20261001,0.0931,0.0931,11.3647,0.0931,1.0581,1,,1300,9.9,,431.9995262152361,433.019095404552,True,0.1684013880297179,0.0017357349941549325,0.023389170830011224,v1_Ra80_20261001,FS 0.20,1,0.027948060244027094,1.2581933878087452,0.0020639734360022558,-0.23545594181323404
1790892702.056,2026-10-01T18:11:42,1300,27.293543888433145,v1_Ra80_20261001,0.1034,0.1034,10.8406,0.1034,1.1209,1,,1300,9.9,,423.35621276065467,426.73059784011684,True,0.16503206492957578,0.0018387537614103237,0.025283215930396064,v1_Ra80_20261001,FS 0.20,1,0.031040058316137504,1.3642963919380018,0.002238027587076933,-0.7907530176044397
1790892703.112,2026-10-01T18:11:43,1300,27.293543888433145,v1_Ra80_20261001,0.1138,0.1138,10.5119,0.1138,1.1963,1,,1300,9.9,,418.60989673239146,416.20259569946256,True,0.1631818633467412,0.001962441899166001,0.027289903068280955,v1_Ra80_20261001,FS 0.20,1,0.034162075787006266,1.4876982315779397,0.0024404592016749253,0.5783964487014348
1790892704.172,2026-10-01T18:11:44,1300,27.293543888433145,v1_Ra80_20261001,0.1241,0.1241,10.0442,0.1241,1.2465,1,,1300,9.9,,409.7207684618752,412.50012379463215,True,0.15971671709474436,0.002044791295921107,0.029051976638939776,v1_Ra80_20261001,FS 0.20,1,0.03725407385911667,1.5896757944277908,0.0026077458706637927,-0.6737829087636094
1790892705.258,2026-10-01T18:11:45,1300,27.293543888433145,v1_Ra80_20261001,0.1345,0.1345,9.751,0.1345,1.3115,1,,1300,9.8,,406.9523817353229,407.5469084841757,True,0.1586375488571334,0.0021514190008828974,0.030774859747710354,v1_Ra80_20261001,FS 0.20,1,0.04037609132998544,1.7112344700574558,0.0028071539106728064,-0.14587934210176234
1790892706.319,2026-10-01T18:11:46,1300,27.293543888433145,v1_Ra80_20261001,0.1448,0.1448,9.1887,0.1448,1.3305,1,,1300,9.8,,395.6247648208773,402.77805593306084,True,0.1542218347285232,0.0021825870992563438,0.032114620308914335,v1_Ra80_20261001,FS 0.20,1,0.043468089402095844,1.7904865916279018,0.002937161169694491,-1.775988291023567
1790892707.38,2026-10-01T18:11:47,1300,27.293543888433145,v1_Ra80_20261001,0.1551,0.1551,8.9321,0.1551,1.3854,1,,1299,9.9,,393.1971263080868,396.55872169506665,True,0.15327549643327087,0.002272646499293302,0.03364621612011669,v1_Ra80_20261001,FS 0.20,1,0.04656008747420625,1.9098555226100444,0.00313297709514631,-0.8476917044242249
1790892708.441,2026-10-01T18:11:48,1300,27.293543888433145,v1_Ra80_20261001,0.1655,0.1655,8.2988,0.1655,1.3735,1,,1300,9.8,,380.7014194578642,384.9258530471957,True,0.148404439290163,0.0022531254271541436,0.03445208814529981,v1_Ra80_20261001,FS 0.20,1,0.049682104945075016,1.9673287835383337,0.0032272577399071354,-1.0974668383247232
1790892709.498,2026-10-01T18:11:49,1300,27.293543888433145,v1_Ra80_20261001,0.1758,0.1758,8.1929,0.1758,1.4403,1,,1299,9.9,,378.94749537178996,378.94721365875057,True,0.14772072731209362,0.0023627058993302605,0.03629487472564329,v1_Ra80_20261001,FS 0.20,1,0.05277410301718543,2.107072273241071,0.003456496625912589,7.434097131220341e-05
1790892710.565,2026-10-01T18:11:50,1300,27.293543888433145,v1_Ra80_20261001,0.1862,0.1862,7.3675,0.1862,1.3718,1,,1300,9.9,,366.6178100397701,374.48511154599373,True,0.14291438842076973,0.002250336702562835,0.03573128390731122,v1_Ra80_20261001,FS 0.20,1,0.05589612048805419,2.116502370159087,0.003471966004250055,-2.1008315854654125
1790892711.622,2026-10-01T18:11:51,1300,27.293543888433145,v1_Ra80_20261001,0.1965,0.1965,7.2399,0.1965,1.4226,1,,1299,9.9,,359.9998283389368,360.7279124180991,True,0.14033457701648513,0.0023336703550560505,0.03773565500081799,v1_Ra80_20261001,FS 0.20,1,0.058988118560164594,2.2487204185824194,0.0036888599589870834,-0.2018374664388034
1790892712.674,2026-10-01T18:11:52,1300,27.293543888433145,v1_Ra80_20261001,0.2069,0.2069,6.836,0.2069,1.4144,1,,1300,9.9,,353.5208575732895,357.5621066496524,True,0.13780895464023424,0.002320218859968563,0.038205737515078664,v1_Ra80_20261001,FS 0.20,1,0.06211013603103335,2.327007351490162,0.0038172838972093948,-1.130222974193007
1790892713.758,2026-10-01T18:11:53,1300,27.293543888433145,v1_Ra80_20261001,0.2172,0.2172,6.5701,0.2172,1.427,1,,1300,9.9,,351.1952322110119,346.5937250009233,True,0.13690238295374232,0.0023408882304688486,0.038801341754379326,v1_Ra80_20261001,FS 0.20,1,0.06520213410314377,2.429499958634089,0.003985415458367969,1.3276371954155541
1790892714.815,2026-10-01T18:11:54,1300,27.293543888433145,v1_Ra80_20261001,0.2275,0.2275,5.9177,0.2275,1.3463,1,,1300,9.9,,342.8571670614474,346.22949622394117,True,0.13365205127636617,0.00220850583369321,0.03749729983265308,v1_Ra80_20261001,FS 0.20,1,0.06829413217525418,2.4429093751897133,0.004007412617017245,-0.9740155588340071
1790892715.871,2026-10-01T18:11:55,1300,27.293543888433145,v1_Ra80_20261001,0.2379,0.2379,5.8522,0.2379,1.3922,1,,1300,9.9,,342.32269555441235,347.51636278704154,True,0.13344370441905457,0.002283801397658536,0.03883625269081533,v1_Ra80_20261001,FS 0.20,1,0.07141614964612293,2.5881108933960797,0.004245604996145129,-1.4945101263654448
1790892716.928,2026-10-01T18:11:56,1300,27.293543888433145,v1_Ra80_20261001,0.2482,0.2482,5.23,0.2482,1.2981,1,,1300,9.9,,328.4753926405074,333.1822061328353,True,0.12804577018611812,0.0021294372893984666,0.03773780981889814,v1_Ra80_20261001,FS 0.20,1,0.07450814771823334,2.596594868672298,0.004259522331724448,-1.4126845328742976
1790892717.982,2026-10-01T18:11:57,1300,27.293543888433145,v1_Ra80_20261001,0.2586,0.2586,4.9057,0.2586,1.2686,1,,1300,9.9,,318.56779302336236,319.5854025628023,True,0.12418360500694003,0.0020810447156081155,0.038027188917664066,v1_Ra80_20261001,FS 0.20,1,0.07763016518910211,2.674953222868392,0.004388063431301565,-0.31841552564028097
1790892719.037,2026-10-01T18:11:59,1300,27.293543888433145,v1_Ra80_20261001,0.2689,0.2689,4.5064,0.2689,1.2118,1,,1300,9.8,,315.9418195062244,317.1685757615478,True,0.12315995206664727,0.0019878685057338123,0.03662648275056081,v1_Ra80_20261001,FS 0.20,1,0.08072216326121251,2.729211756865205,0.004477070553681126,-0.38678366933982966
1790892720.089,2026-10-01T18:12:00,1300,27.293543888433145,v1_Ra80_20261001,0.2793,0.2793,4.2488,0.2793,1.1867,1,,1300,9.9,,308.1417976260809,307.82965631558454,True,0.12011935958547891,0.0019466938073562597,0.03677576474639865,v1_Ra80_20261001,FS 0.20,1,0.08384418073208127,2.8205269470510257,0.004626866386875948,0.1014006623768493
1790892721.168,2026-10-01T18:12:01,1300,27.293543888433145,v1_Ra80_20261001,0.2896,0.2896,3.5044,0.2896,1.0149,1,,1300,9.9,,294.7989937632201,302.936441017323,True,0.114918088393356,0.001664868581011096,0.03287521772351118,v1_Ra80_20261001,FS 0.20,1,0.08693617880419169,2.768260039768434,0.0045411263811991264,-2.6861896267004526
1790892722.227,2026-10-01T18:12:02,1300,27.293543888433145,v1_Ra80_20261001,0.2999,0.2999,3.4058,0.2999,1.0214,1,,1300,9.9,,305.64335016674704,295.89096480481203,True,0.11914541865605871,0.0016755313515072754,0.031911872210282036,v1_Ra80_20261001,FS 0.20,1,0.09002817687630209,2.8985099418975384,0.004754791737130269,3.2959388835574144
1790892729.608,2026-10-01T18:12:09,1400,29.42566858080394,v1_Ra80_20261001,0.006,0.006,17.8906,0.006,0.1073,1,,1400,10.2,,563.1577877461268,568.4215100232791,True,0.20362264800200774,0.00014046146641771457,0.0018194537053752558,v1_Ra80_20261001,FS 0.20,1,0.001801163925501209,0.10980937012351108,0.00014374636676564717,-0.9260244702802845
1790892730.669,2026-10-01T18:12:10,1400,29.42566858080394,v1_Ra80_20261001,0.012,0.012,17.5226,0.012,0.2103,1,,1400,10.2,,564.3679033484204,561.1411383023778,True,0.20406019312468773,0.0002752940017487919,0.003558347418445826,v1_Ra80_20261001,FS 0.20,1,0.003602327851002418,0.21674964927540452,0.00028373693926140393,0.5750362655293051
1790892731.731,2026-10-01T18:12:11,1400,29.42566858080394,v1_Ra80_20261001,0.024,0.024,16.8331,0.024,0.404,1,,1400,10.3,,553.8459639205939,557.6918029895637,True,0.20025574397201684,0.000528857711395682,0.006965683731335562,v1_Ra80_20261001,FS 0.20,1,0.007204655702004836,0.42262293466433865,0.0005532361336878936,-0.689599353684911
1790892732.799,2026-10-01T18:12:12,1400,29.42566858080394,v1_Ra80_20261001,0.0361,0.0361,16.172,0.0361,0.5838,1,,1400,10.4,,545.8471515299834,549.9998917789185,True,0.19736358941908783,0.0007642255740415821,0.010213260856994106,v1_Ra80_20261001,FS 0.20,1,0.010837002951765607,0.6204930444004942,0.0008122587410856057,-0.7550438301912155
1790892733.854,2026-10-01T18:12:13,1400,29.42566858080394,v1_Ra80_20261001,0.0481,0.0481,15.5826,0.0481,0.7495,1,,1400,10.4,,533.0210772689952,539.2188588483009,True,0.19272602733378794,0.0009811357789382765,0.013427607455062366,v1_Ra80_20261001,FS 0.20,1,0.014439330802768024,0.8098612989841002,0.0010601519631897659,-1.1494000029122375
1790892734.911,2026-10-01T18:12:14,1400,29.42566858080394,v1_Ra80_20261001,0.0601,0.0601,14.8743,0.0601,0.8939,1,,1400,10.4,,524.3902491572953,526.8288008770242,True,0.18960535296366496,0.0011701631391500004,0.016278174949874467,v1_Ra80_20261001,FS 0.20,1,0.018041658653770443,0.9836531896812358,0.0012876548878759434,-0.46287365376936895
1790892735.971,2026-10-01T18:12:15,1400,29.42566858080394,v1_Ra80_20261001,0.0721,0.0721,14.4411,0.0721,1.0412,1,,1400,10.4,,519.0474051765477,520.2450013100815,True,0.18767352486345257,0.0013629867552108518,0.019155721627112238,v1_Ra80_20261001,FS 0.20,1,0.02164398650477286,1.1660687164919006,0.001526446615678235,-0.23019848927293696
1790892737.032,2026-10-01T18:12:17,1400,29.42566858080394,v1_Ra80_20261001,0.0842,0.0842,13.7328,0.0842,1.1563,1,,1400,10.4,,502.3250682765365,507.51603610235634,True,0.18162717942625337,0.0015136588408089782,0.021981486370397173,v1_Ra80_20261001,FS 0.20,1,0.02527633375453363,1.3223722529949686,0.0017310563448813638,-1.0228184838622312
1790892738.107,2026-10-01T18:12:18,1400,29.42566858080394,v1_Ra80_20261001,0.0962,0.0962,13.2033,0.0962,1.2702,1,,1400,10.4,,493.18194464819953,499.27578809307533,True,0.17832127283182841,0.0016627600619178102,0.024594405076146596,v1_Ra80_20261001,FS 0.20,1,0.02887866160553605,1.4828827490003054,0.0019411732101595027,-1.2205365431699589
1790892739.163,2026-10-01T18:12:19,1400,29.42566858080394,v1_Ra80_20261001,0.1082,0.1082,12.8491,0.1082,1.3903,1,,1400,10.3,,486.36322848960845,488.3782996128616,True,0.17585580920795982,0.0018199774162213286,0.027297267279167644,v1_Ra80_20261001,FS 0.20,1,0.03248098945653847,1.6553168811191719,0.002166898755899316,-0.41260455774765337
1790892740.224,2026-10-01T18:12:20,1400,29.42566858080394,v1_Ra80_20261001,0.1202,0.1202,12.1245,0.1202,1.4574,1,,1400,10.4,,477.77748107910156,480.41547306418124,True,0.1727514348019862,0.0019078149222476906,0.029128925901435593,v1_Ra80_20261001,FS 0.20,1,0.036083317307540885,1.780474649351568,0.00233073700062896,-0.5491063741669411
1790892741.282,2026-10-01T18:12:21,1400,29.42566858080394,v1_Ra80_20261001,0.1322,0.1322,11.4343,0.1322,1.5116,1,,1400,10.4,,462.8882055023041,469.5653668307614,True,0.1673678748375347,0.001978765635014141,0.031184023587290752,v1_Ra80_20261001,FS 0.20,1,0.03968564515854331,1.8984560536974937,0.0024851809993656796,-1.4219876081414284
1790892742.34,2026-10-01T18:12:22,1400,29.42566858080394,v1_Ra80_20261001,0.1443,0.1443,11.3445,0.1443,1.637,1,,1400,10.4,,462.1197048588101,461.46159721607773,True,0.1670900057581675,0.002142920974145375,0.03382716284574365,v1_Ra80_20261001,FS 0.20,1,0.04331799240830408,2.0939643500486156,0.002741111866115984,0.1426137400604155
1790892743.427,2026-10-01T18:12:23,1400,29.42566858080394,v1_Ra80_20261001,0.1563,0.1563,10.65,0.1563,1.6646,1,,1400,10.4,,451.2554621833715,453.12436336794235,True,0.1631617889950416,0.0021790508573991396,0.03522563254821448,v1_Ra80_20261001,FS 0.20,1,0.046920320259306494,2.196840723589213,0.0028757825677678843,-0.41244773745553465
1790892744.489,2026-10-01T18:12:24,1400,29.42566858080394,v1_Ra80_20261001,0.1683,0.1683,10.1586,0.1683,1.7097,1,,1400,10.4,,442.8575331446609,443.87693973106934,True,0.16012532464028412,0.0022380891811217764,0.03686610512487257,v1_Ra80_20261001,FS 0.20,1,0.05052264811030891,2.3229407332433403,0.003040854257155645,-0.2296597311466697
1790892745.55,2026-10-01T18:12:25,1400,29.42566858080394,v1_Ra80_20261001,0.1803,0.1803,9.9259,0.1803,1.7896,1,,1400,10.4,,438.7475223474212,440.81657549807005,True,0.15863925572663165,0.002342682575033942,0.03895046763569673,v1_Ra80_20261001,FS 0.20,1,0.05412497596131133,2.489564379010997,0.003258973563999921,-0.469368273711368
1790892746.612,2026-10-01T18:12:26,1400,29.42566858080394,v1_Ra80_20261001,0.1923,0.1923,9.2647,0.1923,1.7816,1,,1400,10.4,,430.70734135958446,431.9997528075078,True,0.1557321434061025,0.002332210145105315,0.0395002015592476,v1_Ra80_20261001,FS 0.20,1,0.057727303812313745,2.574011660892183,0.0033695195942703916,-0.2991694878351492
1790892747.671,2026-10-01T18:12:27,1400,29.42566858080394,v1_Ra80_20261001,0.2044,0.2044,8.8247,0.2044,1.8038,1,,1400,10.4,,421.29780571187894,429.2259832816171,True,0.1523299094199167,0.002361271138157256,0.04088561807684718,v1_Ra80_20261001,FS 0.20,1,0.06135965106207452,2.6952247170913592,0.0035281939989554724,-1.847087054032437
1790892748.732,2026-10-01T18:12:28,1400,29.42566858080394,v1_Ra80_20261001,0.2164,0.2164,8.3374,0.2164,1.8042,1,,1401,10.4,,414.51021090817903,412.50012379466625,True,0.14987569843754614,0.002361794759653687,0.04156433411335272,v1_Ra80_20261001,FS 0.20,1,0.06496197891307694,2.799566968167217,0.003664783613078868,0.4872936994591903
1790892749.791,2026-10-01T18:12:29,1400,29.42566858080394,v1_Ra80_20261001,0.2284,0.2284,7.9785,0.2284,1.8223,1,,1400,10.4,,405.6602026621249,410.37730214558223,True,0.14667577444978888,0.0023854886323672066,0.042897190933653274,v1_Ra80_20261001,FS 0.20,1,0.06856430676407935,2.927332855356605,0.00383203602568634,-1.1494542848239475
1790892750.843,2026-10-01T18:12:30,1400,29.42566858080394,v1_Ra80_20261001,0.2404,0.2404,7.6334,0.2404,1.8351,1,,1400,10.4,,401.8519284534932,400.00152904632387,True,0.1452988053381961,0.00240224452025301,0.043607888685556706,v1_Ra80_20261001,FS 0.20,1,0.07216663461508177,3.0555223786595223,0.003999843000733083,0.46259808345758824
1790892751.904,2026-10-01T18:12:31,1400,29.42566858080394,v1_Ra80_20261001,0.2525,0.2525,7.0631,0.2525,1.7834,1,,1400,10.4,,389.09063386588514,390.00026005647896,True,0.1406846658334187,0.002334566441839256,0.04376927648295765,v1_Ra80_20261001,FS 0.20,1,0.07579898186484255,3.1259688616256103,0.004092061232805658,-0.23323732924231955
1790892752.958,2026-10-01T18:12:32,1400,29.42566858080394,v1_Ra80_20261001,0.2645,0.2645,6.3847,0.2645,1.6888,1,,1400,10.4,,378.0608403531687,385.8949838390686,True,0.13669659035822498,0.0022107299579332373,0.04265676407678335,v1_Ra80_20261001,FS 0.20,1,0.07940130971584497,3.1582533541231994,0.004134323368488445,-2.0301231718438117
1790892754.035,2026-10-01T18:12:34,1400,29.42566858080394,v1_Ra80_20261001,0.2765,0.2765,6.4522,0.2765,1.784,1,,1400,10.4,,381.8927538246953,382.4239558301542,True,0.13808210678890348,0.0023353518740839027,0.04460923894978297,v1_Ra80_20261001,FS 0.20,1,0.0830036375668474,3.386061482734318,0.004432536451494904,-0.13890395655412613
1790892755.088,2026-10-01T18:12:35,1400,29.42566858080394,v1_Ra80_20261001,0.2885,0.2885,5.9191,0.2885,1.7077,1,,1400,10.4,,369.54923073410555,373.7734955052929,True,0.13361902217555022,0.0022354710736396193,0.04412763557019842,v1_Ra80_20261001,FS 0.20,1,0.08660596541784979,3.448093247458966,0.0045137393651734,-1.1301670187921387
1790892756.141,2026-10-01T18:12:36,1400,29.42566858080394,v1_Ra80_20261001,0.3005,0.3005,5.4845,0.3005,1.6481,1,,1400,10.4,,364.2922759461271,361.01730814974644,True,0.1317182492880099,0.0021574514706713455,0.0432021119901883,v1_Ra80_20261001,FS 0.20,1,0.09020829326885221,3.5325486482971438,0.004624296023594895,0.907149802087126
1790892757.195,2026-10-01T18:12:37,1400,29.42566858080394,v1_Ra80_20261001,0.3126,0.3126,4.6888,0.3126,1.4657,1,,1401,10.4,,348.85099993578024,354.0980492581866,True,0.1261351008735302,0.0019186800682986416,0.04012143868862078,v1_Ra80_20261001,FS 0.20,1,0.09384064051861299,3.5011998911112863,0.004583258815722589,-1.4818068987950128
1790892758.254,2026-10-01T18:12:38,1400,29.42566858080394,v1_Ra80_20261001,0.3246,0.3246,4.2299,0.3246,1.373,1,,1400,10.3,,352.3000102273272,343.94520699293025,True,0.12738216985460868,0.0017973307865006719,0.037215963188448775,v1_Ra80_20261001,FS 0.20,1,0.0974429683696154,3.5640502611441356,0.004665533327742254,2.4291087837629677
1790892765.612,2026-10-01T18:12:45,1500,31.557793273174738,v1_Ra80_20261001,0.0069,0.0069,19.7267,0.0069,0.1361,1,,1501,10.8,,619.2346028791462,619.4476923506727,True,0.20877135780824513,0.00014443576247244434,0.002098815633437828,v1_Ra80_20261001,FS 0.20,1,0.0020713385143263903,0.13910919154573573,0.00014762925898481738,-0.03439991369050821
1790892766.673,2026-10-01T18:12:46,1500,31.557793273174738,v1_Ra80_20261001,0.0138,0.0138,19.1319,0.0138,0.264,1,,1500,10.9,,615.3806053323706,617.1429118547849,True,0.2074720048698128,0.0002801692967871073,0.0040966749304912,v1_Ra80_20261001,FS 0.20,1,0.004142677028652781,0.2719107602815072,0.0002885645700640817,-0.28555890192724087
1790892767.734,2026-10-01T18:12:47,1500,31.557793273174738,v1_Ra80_20261001,0.0277,0.0277,18.3122,0.0277,0.5072,1,,1500,11.0,,606.5184582143502,607.3650542124824,True,0.20448418332637322,0.0005382646489788667,0.00798558256979023,v1_Ra80_20261001,FS 0.20,1,0.008315373456063915,0.5307308296795202,0.0005632366792975348,-0.1393883286930131
1790892768.808,2026-10-01T18:12:48,1500,31.557793273174738,v1_Ra80_20261001,0.0415,0.0415,17.7397,0.0415,0.7362,1,,1500,10.9,,594.7997698541485,603.633261319203,True,0.20053329545719442,0.000781290288994956,0.011819426473515754,v1_Ra80_20261001,FS 0.20,1,0.012458050484716696,0.7828354589940676,0.0008307820456302284,-1.4633871310784752
1790892769.86,2026-10-01T18:12:49,1500,31.557793273174738,v1_Ra80_20261001,0.0553,0.0553,17.065,0.0553,0.9437,1,,1500,11.0,,586.4862043528092,589.4808061056551,True,0.19773042502671054,0.0010014991112802772,0.015365529693394454,v1_Ra80_20261001,FS 0.20,1,0.016600727513369478,1.021009597068758,0.001083543715241067,-0.5080066597298538
1790892770.92,2026-10-01T18:12:50,1500,31.557793273174738,v1_Ra80_20261001,0.0691,0.0691,16.5519,0.0691,1.1437,1,,1501,10.9,,579.6815025721571,583.218178641539,True,0.1954362592555768,0.0012137485785432371,0.018840570996989093,v1_Ra80_20261001,FS 0.20,1,0.020743404542022253,1.259253243903591,0.0013363791508384576,-0.6064070358060003
1790892771.972,2026-10-01T18:12:51,1500,31.557793273174738,v1_Ra80_20261001,0.083,0.083,16.1661,0.083,1.3418,1,,1500,10.9,,578.3776722972789,576.2799110476294,True,0.19499668043428323,0.0014239816758671992,0.02215377040325385,v1_Ra80_20261001,FS 0.20,1,0.02491610096943339,1.503526003380679,0.001595612966167783,0.36401776453318657
1790892773.032,2026-10-01T18:12:53,1500,31.557793273174738,v1_Ra80_20261001,0.0968,0.0968,15.3861,0.0968,1.4894,1,,1500,11.0,,563.1578585757779,568.4212061355652,True,0.18986540843906102,0.0015806217827072637,0.025255302963246032,v1_Ra80_20261001,FS 0.20,1,0.02905877799808617,1.7045635192485524,0.0018089634943819083,-0.9259590428672304
1790892774.088,2026-10-01T18:12:54,1500,31.557793273174738,v1_Ra80_20261001,0.1106,0.1106,14.9936,0.1106,1.6583,1,,1501,10.9,,558.8167054545693,564.473719874411,True,0.1884018138218443,0.0017598664578108336,0.028337732879470633,v1_Ra80_20261001,FS 0.20,1,0.033201455026738956,1.9344705438765688,0.0020529517118684517,-1.002174985418336
1790892775.146,2026-10-01T18:12:55,1500,31.557793273174738,v1_Ra80_20261001,0.1244,0.1244,14.2856,0.1244,1.7771,1,,1500,10.9,,545.3086083832432,553.1198226621882,True,0.18384763717558747,0.0018859426413650317,0.031120093651978202,v1_Ra80_20261001,FS 0.20,1,0.03734413205539173,2.1218470772647278,0.002251804558814537,-1.4122101502978768
1790892776.219,2026-10-01T18:12:56,1500,31.557793273174738,v1_Ra80_20261001,0.1383,0.1383,13.6849,0.1383,1.8926,1,,1499,11.0,,537.5002597566436,540.0008182401734,True,0.18121509768661856,0.002008516708709391,0.033624167411427715,v1_Ra80_20261001,FS 0.20,1,0.041516828482802866,2.314072526820891,0.0024558033051279298,-0.4630656841741465
1790892777.281,2026-10-01T18:12:57,1500,31.557793273174738,v1_Ra80_20261001,0.1521,0.1521,13.0013,0.1521,1.9775,1,,1500,11.0,,521.9510765462701,523.1700807017205,True,0.17597278067696592,0.002098616607562518,0.036179126447647765,v1_Ra80_20261001,FS 0.20,1,0.04565950551145565,2.48274292924209,0.002634804320412573,-0.23300341522117796
1790892778.343,2026-10-01T18:12:58,1500,31.557793273174738,v1_Ra80_20261001,0.1659,0.1659,12.3384,0.1659,2.0469,1,,1499,11.0,,514.2856416532595,518.7299894477633,True,0.17338842372507116,0.0021722671727027647,0.03800700155278027,v1_Ra80_20261001,FS 0.20,1,0.049802182540108424,2.6434828404234323,0.00280538912299325,-0.8567747932281988
1790892779.402,2026-10-01T18:12:59,1500,31.557793273174738,v1_Ra80_20261001,0.1797,0.1797,11.9209,0.1797,2.1422,1,,1500,11.0,,508.73791857384276,507.1437475604739,True,0.17151804103868887,0.002273404043853565,0.040210297677109846,v1_Ra80_20261001,FS 0.20,1,0.05394485956876121,2.8376922603649173,0.0030114933525933934,0.31434302819217663
1790892780.464,2026-10-01T18:13:00,1500,31.557793273174738,v1_Ra80_20261001,0.1936,0.1936,11.212,0.1936,2.1706,1,,1500,11.0,,494.95375655440057,505.814444592545,True,0.16687079069501023,0.0023035434682049053,0.04187806010971833,v1_Ra80_20261001,FS 0.20,1,0.05811755599617234,2.973370400000155,0.003155481416877437,-2.1471684239648736
1790892781.546,2026-10-01T18:13:01,1500,31.557793273174738,v1_Ra80_20261001,0.2074,0.2074,10.425,0.2074,2.1621,1,,1499,11.0,,478.1182416533511,483.8676149074786,True,0.16119479441032103,0.00229452286584623,0.043182904036756085,v1_Ra80_20261001,FS 0.20,1,0.062260233024825126,3.0789736889746804,0.0032675526260077343,-1.1882120392014306
1790892782.607,2026-10-01T18:13:02,1500,31.557793273174738,v1_Ra80_20261001,0.2212,0.2212,9.8932,0.2212,2.1884,1,,1500,11.0,,467.3918722245162,475.00889287615564,True,0.15757846111822338,0.0023224336707913093,0.04471126241087014,v1_Ra80_20261001,FS 0.20,1,0.06640291005347791,3.2269464867093487,0.0034245883634506998,-1.6035532736068947
1790892783.658,2026-10-01T18:13:03,1500,31.557793273174738,v1_Ra80_20261001,0.2351,0.2351,9.6752,0.2351,2.2746,1,,1500,10.9,,465.2171772262591,466.30407993851577,True,0.15684527530222736,0.002413913191181645,0.046689656093342295,v1_Ra80_20261001,FS 0.20,1,0.07057560648088904,3.4433529561507634,0.003654249152706691,-0.2330888274449605
1790892784.711,2026-10-01T18:13:04,1500,31.557793273174738,v1_Ra80_20261001,0.2489,0.2489,8.87,0.2489,2.2077,1,,1499,11.1,,452.47156224088485,460.39122000114503,True,0.15254816507255722,0.002342915744382185,0.046592943802764575,v1_Ra80_20261001,FS 0.20,1,0.07471828350954182,3.5133196229184724,0.0037285010914447476,-1.7202017363060262
1790892785.795,2026-10-01T18:13:05,1500,31.557793273174738,v1_Ra80_20261001,0.2627,0.2627,8.6648,0.2627,2.2762,1,,1500,11.0,,452.0830150537904,446.8749497084218,True,0.15241716864011445,0.002415611186919748,0.048079906044158925,v1_Ra80_20261001,FS 0.20,1,0.0788609605381946,3.726255798446323,0.0039544790405287395,1.1654413273258557
1790892786.848,2026-10-01T18:13:06,1500,31.557793273174738,v1_Ra80_20261001,0.2765,0.2765,7.978,0.2765,2.2059,1,,1500,11.0,,435.99980773919924,441.8157412552887,True,0.14699480849847035,0.002341005499176818,0.04831376749272556,v1_Ra80_20261001,FS 0.20,1,0.0830036375668474,3.807961482734318,0.004041188980341152,-1.3163708245354067
1790892787.904,2026-10-01T18:13:07,1500,31.557793273174738,v1_Ra80_20261001,0.2904,0.2904,7.3687,0.2904,2.1399,1,,1500,11.0,,430.00011123172044,431.9997528075078,True,0.14497204559006713,0.0022709631749800413,0.04752217320318076,v1_Ra80_20261001,FS 0.20,1,0.08717633399425852,3.902720642254807,0.004141751885973701,-0.4628802592575476
1790892788.958,2026-10-01T18:13:08,1500,31.557793273174738,v1_Ra80_20261001,0.3042,0.3042,7.0704,0.3042,2.1508,1,,1500,11.0,,423.5681081304165,426.412429840002,True,0.14280353301883386,0.0022825307709458723,0.04848955032704935,v1_Ra80_20261001,FS 0.20,1,0.0913190110229113,4.080820195575842,0.004330759562534505,-0.6670353654213979
1790892790.011,2026-10-01T18:13:10,1500,31.557793273174738,v1_Ra80_20261001,0.318,0.318,6.9161,0.318,2.1993,1,,1500,11.0,,426.6256443304201,424.76758910239596,True,0.14383436362980861,0.0023340012667571403,0.04922762674869711,v1_Ra80_20261001,FS 0.20,1,0.09546168805156408,4.30408925765702,0.004567703259949659,0.4374286729245336
1790892791.062,2026-10-01T18:13:11,1500,31.557793273174738,v1_Ra80_20261001,0.3318,0.3318,6.4521,0.3318,2.1408,1,,1500,11.0,,417.30781292812935,412.6287570421482,True,0.14069291077068244,0.0022719182975827245,0.048988141359789454,v1_Ra80_20261001,FS 0.20,1,0.09960436508021685,4.42792782849834,0.004699126613388041,1.1339626252717006
1790892792.146,2026-10-01T18:13:12,1500,31.557793273174738,v1_Ra80_20261001,0.3457,0.3457,5.6654,0.3457,1.9585,1,,1500,11.0,,399.9999630045295,404.058541033055,True,0.1348576694703889,0.0020784529081725365,0.04675574773119876,v1_Ra80_20261001,FS 0.20,1,0.10377706150762799,4.436939678097904,0.0047086904147708485,-1.00445297311349
1790892793.197,2026-10-01T18:13:13,1500,31.557793273174738,v1_Ra80_20261001,0.3595,0.3595,5.4555,0.3595,1.9613,1,,1500,11.0,,401.8519192294207,402.7771773165682,True,0.13548204577926168,0.002081424400714218,0.04660680837130827,v1_Ra80_20261001,FS 0.20,1,0.10791973853628077,4.637272117972265,0.004921292682964959,-0.22971959168885947
1790892794.253,2026-10-01T18:13:14,1500,31.557793273174738,v1_Ra80_20261001,0.3733,0.3733,5.0257,0.3733,1.8761,1,,1500,11.0,,391.89723537463124,399.1406844903054,True,0.13212588180642598,0.001991006127660197,0.04571462543479329,v1_Ra80_20261001,FS 0.20,1,0.11206241556493356,4.757174066606769,0.005048538306572281,-1.8147609094081418
1790892795.309,2026-10-01T18:13:15,1500,31.557793273174738,v1_Ra80_20261001,0.3872,0.3872,4.2871,0.3872,1.66,1,,1501,10.9,,375.6462644494377,381.57893334357595,True,0.12664696113568122,0.0017616705782825684,0.042198828611235785,v1_Ra80_20261001,FS 0.20,1,0.11623511199234468,4.755314246012509,0.005046564576920599,-1.554768456988287
1790892796.364,2026-10-01T18:13:16,1500,31.557793273174738,v1_Ra80_20261001,0.401,0.401,3.8717,0.401,1.5526,1,,1499,11.1,,385.1640690450495,370.3930071428658,True,0.12985583379806248,0.001647692614362359,0.03849330472447184,v1_Ra80_20261001,FS 0.20,1,0.12037778902099747,4.868210063680054,0.005166374962701362,3.9879429733634897
1790892804.275,2026-10-01T18:13:24,1600,33.68991796554553,v1_Ra80_20261001,0.0079,0.0079,21.4916,0.0079,0.1698,1,,1600,11.8,,681.2504705576657,680.8110510350616,True,0.2151439746612315,0.0001481065683327257,0.0023801386278572523,v1_Ra80_20261001,FS 0.20,1,0.0023715325019099255,0.173402308780901,0.0001512486507332798,0.06454353552811654
1790892805.327,2026-10-01T18:13:25,1600,33.68991796554553,v1_Ra80_20261001,0.0158,0.0158,21.2593,0.0158,0.3359,1,,1600,11.8,,680.6201041899385,675.9449474929852,True,0.21494490026538624,0.00029298584395148736,0.00471277398849641,v1_Ra80_20261001,FS 0.20,1,0.004743065003819851,0.3455852573523948,0.0003014337251639874,0.6916475541821843
1790892806.382,2026-10-01T18:13:26,1600,33.68991796554553,v1_Ra80_20261001,0.0315,0.0315,20.4276,0.0315,0.6435,1,,1601,11.7,,671.8749328099648,674.9993965029375,True,0.21218310998252443,0.0005612872598475205,0.009146006276909488,v1_Ra80_20261001,FS 0.20,1,0.009456110608881347,0.6726377719963241,0.0005867024272164071,-0.4628839239205429
1790892807.437,2026-10-01T18:13:27,1600,33.68991796554553,v1_Ra80_20261001,0.0473,0.0473,19.4658,0.0473,0.9207,1,,1600,11.8,,657.5751349242637,659.0913583457905,True,0.2076671272611274,0.0008030725410126062,0.01337039206522781,v1_Ra80_20261001,FS 0.20,1,0.014199175612701198,0.9793053466661056,0.0008541905432544592,-0.23004753473513384
1790892808.492,2026-10-01T18:13:28,1600,33.68991796554553,v1_Ra80_20261001,0.063,0.063,18.6538,0.063,1.1752,1,,1600,11.8,,641.1766305213405,648.5291574033681,True,0.20248835738393878,0.001025057945256886,0.01750271736848994,v1_Ra80_20261001,FS 0.20,1,0.018912221217762693,1.272914974087438,0.0011102889787481206,-1.1337234105967209
1790892809.545,2026-10-01T18:13:29,1600,33.68991796554553,v1_Ra80_20261001,0.0788,0.0788,18.0723,0.0788,1.4241,1,,1600,11.8,,633.914339581338,632.9518975312908,True,0.2001948717930967,0.0012421587983665174,0.021452667053424766,v1_Ra80_20261001,FS 0.20,1,0.02365528622158254,1.5710648660746056,0.0013703476203911844,0.15205611260524776
1790892810.6,2026-10-01T18:13:30,1600,33.68991796554553,v1_Ra80_20261001,0.0946,0.0946,17.57,0.0946,1.6621,1,,1600,11.8,,632.3522532219386,635.2939840000772,True,0.19970155328155106,0.0014497522215890656,0.02509975377475527,v1_Ra80_20261001,FS 0.20,1,0.028398351225402397,1.8682373172241453,0.0016295536977927326,-0.4630503124893881
1790892811.657,2026-10-01T18:13:31,1600,33.68991796554553,v1_Ra80_20261001,0.1103,0.1103,16.9931,0.1103,1.8743,1,,1600,11.9,,619.9994035233658,623.0896750214015,True,0.19580043130453692,0.0016348418199412706,0.028868167434541472,v1_Ra80_20261001,FS 0.20,1,0.03311139683046389,2.149063815577896,0.0018745021605022134,-0.4959593493391701
1790892812.708,2026-10-01T18:13:32,1600,33.68991796554553,v1_Ra80_20261001,0.1261,0.1261,16.0577,0.1261,2.0249,1,,1601,11.8,,608.5716289155926,612.8574083160515,True,0.19219145493401577,0.0017662013558123455,0.03177336855229681,v1_Ra80_20261001,FS 0.20,1,0.03785446183428374,2.3786185840448217,0.002074729304212754,-0.6993110211778286
1790892813.765,2026-10-01T18:13:33,1600,33.68991796554553,v1_Ra80_20261001,0.1418,0.1418,15.504,0.1418,2.1985,1,,1600,11.8,,602.7770318561352,604.1670838995742,True,0.19036147800657022,0.0019176224409864395,0.03482901211183273,v1_Ra80_20261001,FS 0.20,1,0.04256750743934524,2.6405021951759755,0.002303154998837119,-0.23007742071398107
1790892814.848,2026-10-01T18:13:34,1600,33.68991796554553,v1_Ra80_20261001,0.1576,0.1576,15.0667,0.1576,2.3745,1,,1600,11.8,,594.3334121389398,595.8347042414744,True,0.18769491998570265,0.0020711369052182397,0.03815165743534127,v1_Ra80_20261001,FS 0.20,1,0.04731057244316508,2.9152392809602876,0.002542792024568851,-0.2519645283914351
1790892815.905,2026-10-01T18:13:35,1600,33.68991796554553,v1_Ra80_20261001,0.1733,0.1733,14.2107,0.1733,2.4627,1,,1600,11.9,,577.7417308085205,579.7298425821737,True,0.18245514339543195,0.002148068585588949,0.0407051307653226,v1_Ra80_20261001,FS 0.20,1,0.05202361804822659,3.1113800048688445,0.0027138740594828265,-0.3429376284646457
1790892816.958,2026-10-01T18:13:36,1600,33.68991796554553,v1_Ra80_20261001,0.1891,0.1891,13.8381,0.1891,2.6168,1,,1600,11.8,,573.6838301384523,576.3162172345119,True,0.18117362812803803,0.0022824809659191788,0.043558137761947335,v1_Ra80_20261001,FS 0.20,1,0.056766683052046435,3.3839994079705438,0.0029516639549734547,-0.456760892256558
1790892818.015,2026-10-01T18:13:38,1600,33.68991796554553,v1_Ra80_20261001,0.2049,0.2049,13.1009,0.2049,2.6844,1,,1600,11.8,,564.1022959299789,569.789974003902,True,0.17814770823212064,0.002341444476044575,0.04544234607641971,v1_Ra80_20261001,FS 0.20,1,0.06150974805586629,3.5800413702346146,0.0031226598459048165,-0.9982060642372947
1790892819.07,2026-10-01T18:13:39,1600,33.68991796554553,v1_Ra80_20261001,0.2206,0.2206,12.4733,0.2206,2.7516,1,,1600,11.8,,553.8462962721496,553.8458474557956,True,0.1749087871217933,0.0024000590896603533,0.047442484786046304,v1_Ra80_20261001,FS 0.20,1,0.06622279366092779,3.7846989650755885,0.003301170647171754,8.103633097888974e-05
1790892820.127,2026-10-01T18:13:40,1600,33.68991796554553,v1_Ra80_20261001,0.2364,0.2364,11.9479,0.2364,2.8245,1,,1600,11.8,,544.0845526435623,545.4120317966272,True,0.17182595574824724,0.0024636454785381843,0.04957315563313418,v1_Ra80_20261001,FS 0.20,1,0.07096585866474764,4.005823244657046,0.003494044370516017,-0.24339014830531136
1790892821.183,2026-10-01T18:13:41,1600,33.68991796554553,v1_Ra80_20261001,0.2521,0.2521,10.9239,0.2521,2.7539,1,,1600,11.8,,526.8287679119112,533.6119419749139,True,0.16637645035557277,0.002402065244590655,0.04991718271399214,v1_Ra80_20261001,FS 0.20,1,0.07567890426980912,4.0923379522754235,0.0035695060693126425,-1.2711810829978631
1790892822.258,2026-10-01T18:13:42,1600,33.68991796554553,v1_Ra80_20261001,0.2679,0.2679,10.6445,0.2679,2.8517,1,,1600,11.8,,521.207735370399,521.759678118201,True,0.16460128639613925,0.00248737044119219,0.052247361704171776,v1_Ra80_20261001,FS 0.20,1,0.08042196927362899,4.358144549174268,0.003801353554041076,-0.10578486053056668
1790892823.313,2026-10-01T18:13:43,1600,33.68991796554553,v1_Ra80_20261001,0.2837,0.2837,10.0122,0.2837,2.8405,1,,1600,11.9,,513.368458025252,521.4281128344282,True,0.16212558419937448,0.0024776013389228935,0.05283685923262836,v1_Ra80_20261001,FS 0.20,1,0.08516503427744883,4.524873705235483,0.003946781605544245,-1.5456885831039657
1790892824.369,2026-10-01T18:13:44,1600,33.68991796554553,v1_Ra80_20261001,0.2994,0.2994,9.7143,0.2994,2.9085,1,,1601,11.8,,506.25307636219077,509.3030984711959,True,0.1598784936528248,0.0025369137455579075,0.05486214388768691,v1_Ra80_20261001,FS 0.20,1,0.08987807988251033,4.779505283786279,0.004168881778031308,-0.598861879725554
1790892825.423,2026-10-01T18:13:45,1600,33.68991796554553,v1_Ra80_20261001,0.3152,0.3152,8.7651,0.3152,2.7628,1,,1600,11.8,,490.90914411003723,494.3182156727971,True,0.15503276551856215,0.00240982819192965,0.053742728003745646,v1_Ra80_20261001,FS 0.20,1,0.09462114488633017,4.83151675716488,0.004214248331835981,-0.6896512114407782
1790892826.479,2026-10-01T18:13:46,1600,33.68991796554553,v1_Ra80_20261001,0.3309,0.3309,8.2388,0.3309,2.7262,1,,1600,11.9,,479.1199908530871,480.00011444091797,True,0.15130966307796576,0.0023779041612996274,0.05433564211143532,v1_Ra80_20261001,FS 0.20,1,0.09933419049139168,5.00120544849308,0.004362257812151003,-0.18335903708189827
1790892827.534,2026-10-01T18:13:47,1600,33.68991796554553,v1_Ra80_20261001,0.3467,0.3467,7.5964,0.3467,2.6337,1,,1600,11.8,,476.08724857259404,472.8257827368907,True,0.15035190046854793,0.002297221843450528,0.05282641468065407,v1_Ra80_20261001,FS 0.20,1,0.10407725549521153,5.126199239189069,0.004471282555395302,0.6897817240051562
1790892828.592,2026-10-01T18:13:48,1600,33.68991796554553,v1_Ra80_20261001,0.3624,0.3624,7.1966,0.3624,2.608,1,,1600,11.9,,461.70204250092866,462.76602262619235,True,0.14580894520563922,0.002274805242707589,0.05394077392449416,v1_Ra80_20261001,FS 0.20,1,0.10879030110027302,5.32644504329467,0.0046459452106904,-0.2299175119265695
1790892829.645,2026-10-01T18:13:49,1600,33.68991796554553,v1_Ra80_20261001,0.3782,0.3782,6.6316,0.3782,2.5081,1,,1601,11.8,,453.63778570063005,459.5745938364644,True,0.1432621928205952,0.0021876683394305616,0.05279672796466015,v1_Ra80_20261001,FS 0.20,1,0.11353336610409287,5.463821151308045,0.004765770322167237,-1.2918051205299874
1790892830.701,2026-10-01T18:13:50,1600,33.68991796554553,v1_Ra80_20261001,0.394,0.394,6.2834,0.394,2.4757,1,,1600,11.8,,450.5947432105586,446.93873261273893,True,0.14230117732824468,0.002159407722151525,0.05246664306003458,v1_Ra80_20261001,FS 0.20,1,0.11827643110791272,5.678619818483792,0.004953126585287633,0.8180115821350142
1790892831.758,2026-10-01T18:13:51,1600,33.68991796554553,v1_Ra80_20261001,0.4097,0.4097,5.5606,0.4097,2.2782,1,,1601,11.8,,439.2948456922113,444.41696756375677,True,0.13873258549538808,0.0019871400705277716,0.04952302011838305,v1_Ra80_20261001,FS 0.20,1,0.12298947671297422,5.736582493521811,0.005003684022809812,-1.1525486750932012
1790892832.838,2026-10-01T18:13:52,1600,33.68991796554553,v1_Ra80_20261001,0.4255,0.4255,5.0133,0.4255,2.1332,1,,1600,11.8,,435.38773574814513,426.04607877485705,True,0.137498691062821,0.0018606650857913452,0.04678716877776604,v1_Ra80_20261001,FS 0.20,1,0.12773254171679407,5.858563478014945,0.0051100808721332835,2.192640054369477
1790892840.747,2026-10-01T18:14:00,1700,35.82204265791633,v1_Ra80_20261001,0.0089,0.0089,24.2048,0.0089,0.2154,1,,1701,12.6,,765.0022763237757,766.2889235317834,True,0.22721380083361278,0.00015628998614522122,0.0026887743320244653,v1_Ra80_20261001,FS 0.20,1,0.00267172648949346,0.21963517348907685,0.00015936294439002356,-0.16790627771019473
1790892841.815,2026-10-01T18:14:01,1700,35.82204265791633,v1_Ra80_20261001,0.0178,0.0178,23.4294,0.0178,0.417,1,,1700,12.7,,755.1720769995882,767.2494960974518,True,0.22429412723194192,0.00030256696482152854,0.00527304543883631,v1_Ra80_20261001,FS 0.20,1,0.00534345297898692,0.42861874431532504,0.0003109972962424525,-1.574118869975727
1790892842.871,2026-10-01T18:14:02,1700,35.82204265791633,v1_Ra80_20261001,0.0356,0.0356,22.5121,0.0356,0.8014,1,,1700,12.7,,743.2478803639242,750.000432580282,True,0.2207525141893032,0.0005814800134483764,0.010296438759951218,v1_Ra80_20261001,FS 0.20,1,0.01068690595797384,0.8372310779793355,0.0006074783360155012,-0.9003397762220589
1790892843.949,2026-10-01T18:14:03,1700,35.82204265791633,v1_Ra80_20261001,0.0534,0.0534,21.5958,0.0534,1.1532,1,,1700,12.7,,726.6670945356509,727.967345774141,True,0.21582784470079622,0.0008367391458805436,0.015154461933426865,v1_Ra80_20261001,FS 0.20,1,0.01603035893696076,1.2258370009920316,0.0008894431193191464,-0.1786139510292717
1790892845.004,2026-10-01T18:14:05,1700,35.82204265791633,v1_Ra80_20261001,0.0713,0.0713,20.6253,0.0713,1.4706,1,,1701,12.7,,712.9516777125446,720.0012016342498,True,0.21175422023869547,0.001067038317665563,0.01969726139605013,v1_Ra80_20261001,FS 0.20,1,0.021403831314706034,1.5929496126921023,0.0011558127803977909,-0.9790989106274184
1790892846.072,2026-10-01T18:14:06,1700,35.82204265791633,v1_Ra80_20261001,0.0891,0.0891,19.8623,0.0891,1.7697,1,,1700,12.7,,703.333352406662,709.513565461998,True,0.2088974754706855,0.0012840593708505013,0.0240275683067743,v1_Ra80_20261001,FS 0.20,1,0.02674728429369295,1.954113464904128,0.0014178661390717568,-0.8710493154999499
1790892847.127,2026-10-01T18:14:07,1700,35.82204265791633,v1_Ra80_20261001,0.1069,0.1069,19.2393,0.1069,2.0567,1,,1700,12.7,,690.7501377011613,696.775385893261,True,0.20516012706215317,0.0014923009029938557,0.028432912590924345,v1_Ra80_20261001,FS 0.20,1,0.03209073727267987,2.3157709064648393,0.0016802776364294154,-0.8647332144741893
1790892848.183,2026-10-01T18:14:08,1700,35.82204265791633,v1_Ra80_20261001,0.1247,0.1247,18.2511,0.1247,2.2759,1,,1700,12.7,,678.1254485587397,681.9751047435602,True,0.201410460305373,0.0016513480940942848,0.032049002356660757,v1_Ra80_20261001,FS 0.20,1,0.0374341902516668,2.6222219373742357,0.0019026324524694263,-0.564486321867741
1790892849.237,2026-10-01T18:14:09,1700,35.82204265791633,v1_Ra80_20261001,0.1425,0.1425,17.6978,0.1425,2.5219,1,,1700,12.7,,675.0002011657216,679.6871388239424,True,0.2004822286377166,0.0018298408359314455,0.035677576121335854,v1_Ra80_20261001,FS 0.20,1,0.04277764323065371,2.968066557632318,0.0021535704789714455,-0.6895728035005266
1790892850.294,2026-10-01T18:14:10,1700,35.82204265791633,v1_Ra80_20261001,0.1603,0.1603,17.0821,0.1603,2.7383,1,,1700,12.7,,664.2276012878028,665.6252232342695,True,0.19728265206275,0.0019868564023280376,0.039367287341590326,v1_Ra80_20261001,FS 0.20,1,0.04812109620964063,3.296904767239086,0.0023921689897581735,-0.2099713018199001
1790892851.348,2026-10-01T18:14:11,1700,35.82204265791633,v1_Ra80_20261001,0.1782,0.1782,16.5216,0.1782,2.9441,1,,1700,12.7,,657.5758363915611,663.4718247206592,True,0.19530700724298608,0.002136180818060101,0.04275413195181657,v1_Ra80_20261001,FS 0.20,1,0.0534945685873859,3.6284745660197113,0.0026327494877043094,-0.8886569270037281
1790892852.428,2026-10-01T18:14:12,1700,35.82204265791633,v1_Ra80_20261001,0.196,0.196,15.5148,0.196,3.0409,1,,1700,12.7,,645.4542597913587,650.0005201844942,True,0.1917067702545904,0.0022064169863927727,0.044989177073949865,v1_Ra80_20261001,FS 0.20,1,0.05883802156637283,3.8629707048258086,0.002802895255044666,-0.6994241161291881
1790892853.484,2026-10-01T18:14:13,1700,35.82204265791633,v1_Ra80_20261001,0.2138,0.2138,15.2535,0.2138,3.2612,1,,1700,12.7,,638.2357482345469,635.2940062756943,True,0.1895627956574607,0.0023662623157697095,0.04879414246353501,v1_Ra80_20261001,FS 0.20,1,0.06418147454535975,4.233560432980592,0.003071787843154565,0.46305205618073497
1790892854.543,2026-10-01T18:14:14,1700,35.82204265791633,v1_Ra80_20261001,0.2316,0.2316,14.2224,0.2316,3.2939,1,,1700,12.7,,622.856811848169,627.7006948429744,True,0.184995088217531,0.002389988789989527,0.05050025531500673,v1_Ra80_20261001,FS 0.20,1,0.06952492752434666,4.42914375048406,0.003213699235832622,-0.7716867345538225
1790892855.599,2026-10-01T18:14:15,1700,35.82204265791633,v1_Ra80_20261001,0.2494,0.2494,13.3198,0.2494,3.322,1,,1700,12.7,,602.7779590042428,610.3131514392771,True,0.1790314556738856,0.0024103775950530403,0.05262760985733603,v1_Ra80_20261001,FS 0.20,1,0.0748683805033336,4.632720657336214,0.0033614106190796517,-1.2346436279907058
1790892856.652,2026-10-01T18:14:16,1700,35.82204265791633,v1_Ra80_20261001,0.2672,0.2672,12.7254,0.2672,3.4002,1,,1700,12.7,,599.6692754011747,595.8329698080433,True,0.17810814362776134,0.002467117970710219,0.05414570928007252,v1_Ra80_20261001,FS 0.20,1,0.0802118334823205,4.898991153537052,0.003554611232645623,0.6438558769863434
1790892857.708,2026-10-01T18:14:17,1700,35.82204265791633,v1_Ra80_20261001,0.2851,0.2851,12.4293,0.2851,3.5436,1,,1700,12.7,,594.4449310276923,602.7615410588623,True,0.17655645786328622,0.002571166178756759,0.056925184511078,v1_Ra80_20261001,FS 0.20,1,0.08558530586006578,5.244218139398234,0.003805101115826684,-1.379751272212959
1790892858.909,2026-10-01T18:14:18,1700,35.82204265791633,v1_Ra80_20261001,0.3029,0.3029,11.5482,0.3029,3.4979,1,,1700,12.8,,578.3780195951749,585.2650526519938,True,0.17178441452796128,0.002538007161269124,0.057751995053076016,v1_Ra80_20261001,FS 0.20,1,0.0909287588390527,5.411846564798402,0.0039267289908653915,-1.1767374500855299
1790892859.963,2026-10-01T18:14:19,1700,35.82204265791633,v1_Ra80_20261001,0.3207,0.3207,11.0136,0.3207,3.5321,1,,1700,12.7,,574.519941391145,575.677079249931,True,0.1706385243263484,0.002562822005865997,0.05870826761560495,v1_Ra80_20261001,FS 0.20,1,0.09627221181803962,5.671968579547257,0.004115468387713885,-0.20100467788185528
1790892861.02,2026-10-01T18:14:21,1700,35.82204265791633,v1_Ra80_20261001,0.3385,0.3385,10.333,0.3385,3.4977,1,,1700,12.7,,554.5387457955258,564.4740408462212,True,0.1647038970226265,0.0025378620452188496,0.06023127314437842,v1_Ra80_20261001,FS 0.20,1,0.10161566479702655,5.876084183644798,0.004263570639043634,-1.7600977780663052
1790892862.072,2026-10-01T18:14:22,1700,35.82204265791633,v1_Ra80_20261001,0.3563,0.3563,9.612,0.3563,3.4248,1,,1700,12.7,,544.9998368601428,555.9226139404018,True,0.1618707397601025,0.002484967244893935,0.06000814813906075,v1_Ra80_20261001,FS 0.20,1,0.10695911777601345,6.054293377091022,0.004392875710420893,-1.9648017199440648
1790892863.128,2026-10-01T18:14:23,1700,35.82204265791633,v1_Ra80_20261001,0.3741,0.3741,8.9802,0.3741,3.3595,1,,1700,12.7,,534.1748074360112,536.249061231797,True,0.15865559105307875,0.0024375868544794367,0.06005686047423027,v1_Ra80_20261001,FS 0.20,1,0.11230257075500037,6.252696159885933,0.0045368328514338455,-0.38680791179775964
1790892864.206,2026-10-01T18:14:24,1700,35.82204265791633,v1_Ra80_20261001,0.392,0.392,8.7932,0.392,3.4469,1,,1700,12.7,,532.8306920341674,528.8037051778929,True,0.1582563745034503,0.0025010025684492248,0.06177472674283665,v1_Ra80_20261001,FS 0.20,1,0.11767604313274566,6.61798033282767,0.004801875833458602,0.7615277307710722
1790892865.262,2026-10-01T18:14:25,1700,35.82204265791633,v1_Ra80_20261001,0.4098,0.4098,7.9115,0.4098,3.2421,1,,1700,12.7,,519.0474049581098,517.8572231407088,True,0.1541625918554018,0.0023524037329685317,0.0596472964976921,v1_Ra80_20261001,FS 0.20,1,0.12301949611173257,6.70214104482191,0.00486294118402291,0.22982817738503858
1790892866.317,2026-10-01T18:14:26,1700,35.82204265791633,v1_Ra80_20261001,0.4276,0.4276,7.3427,0.4276,3.1397,1,,1700,12.7,,509.3021006357958,511.17531068114204,True,0.1512681329709212,0.0022781043152281847,0.0588686487884283,v1_Ra80_20261001,FS 0.20,1,0.1283629490907195,6.9012953461648365,0.005007443612052841,-0.36645158836998704
1790892867.37,2026-10-01T18:14:27,1700,35.82204265791633,v1_Ra80_20261001,0.4454,0.4454,6.7164,0.4454,2.9915,1,,1700,12.7,,499.99983984689607,507.849302584782,True,0.1485052627212426,0.0021705733219750663,0.05713345977133043,v1_Ra80_20261001,FS 0.20,1,0.1337064020697064,7.067243236856448,0.005127852124295276,-1.5456283385513747
1790892868.426,2026-10-01T18:14:28,1700,35.82204265791633,v1_Ra80_20261001,0.4632,0.4632,6.1426,0.4632,2.8453,1,,1700,12.7,,490.58158107663985,502.32546210597775,True,0.14570793983913563,0.0020644934892246887,0.05538449591836088,v1_Ra80_20261001,FS 0.20,1,0.13904985504869333,7.247784716896745,0.005258849456765731,-2.337902797143143
1790892869.497,2026-10-01T18:14:29,1700,35.82204265791633,v1_Ra80_20261001,0.481,0.481,5.7116,0.481,2.7473,1,,1700,12.8,,480.58659863681896,475.78643810434187,True,0.14273932390202987,0.0019933866245903727,0.054589084639057046,v1_Ra80_20261001,FS 0.20,1,0.14439330802768024,7.489119786285727,0.005433957417077522,1.008889734562879
1790892870.548,2026-10-01T18:14:30,1700,35.82204265791633,v1_Ra80_20261001,0.4988,0.4988,4.8393,0.4988,2.4138,1,,1700,12.7,,480.7280478343728,474.5320153857165,True,0.14278133581597544,0.0017514056107582868,0.04794829883954382,v1_Ra80_20261001,FS 0.20,1,0.1497367610066672,7.507548445023395,0.005447328887916822,1.305714313842432
1790892877.899,2026-10-01T18:14:37,1800,37.95416735028712,v1_Ra80_20261001,0.01,0.01,26.8908,0.01,0.2689,1,,1799,13.7,,852.0000411990168,852.0005561869311,True,0.23883747629214197,0.00016403967173801912,0.0030138564878834685,v1_Ra80_20261001,FS 0.20,1,0.003001939875835348,0.27387723299939754,0.00016707598139731555,-6.0444551430727245e-05
1790892878.956,2026-10-01T18:14:38,1800,37.95416735028712,v1_Ra80_20261001,0.02,0.02,26.1835,0.02,0.5237,1,,1800,13.6,,841.0698959428828,849.9339455304607,True,0.23577347607823615,0.0003194777838943869,0.005945958410777732,v1_Ra80_20261001,FS 0.20,1,0.006003879751670696,0.5376292132998574,0.00032797515681100064,-1.0429104090019292
1790892880.012,2026-10-01T18:14:40,1800,37.95416735028712,v1_Ra80_20261001,0.04,0.04,25.2671,0.04,1.0107,1,,1800,13.6,,825.7590879066811,830.7699577627545,True,0.23148146366681224,0.0006165671112890142,0.01168800222767809,v1_Ra80_20261001,FS 0.20,1,0.012007759503341393,1.0544574158039635,0.0006432608715143254,-0.6031597326373705
1790892881.068,2026-10-01T18:14:41,1800,37.95416735028712,v1_Ra80_20261001,0.06,0.06,24.1955,0.06,1.4517,1,,1800,13.6,,812.9228632595186,819.2304264147651,True,0.22788314048418323,0.0008855946130981122,0.017052926519505105,v1_Ra80_20261001,FS 0.20,1,0.018011639255012087,1.5411846075123181,0.0009401837750242042,-0.769937608744653
1790892882.121,2026-10-01T18:14:42,1800,37.95416735028712,v1_Ra80_20261001,0.08,0.08,23.3013,0.08,1.8641,1,,1800,13.6,,803.704001928827,809.1171203997419,True,0.22529885707099115,0.0011371749798692505,0.02214850706520745,v1_Ra80_20261001,FS 0.20,1,0.024015519006682785,2.015210788424922,0.0012293585578882073,-0.6690154409587312
1790892883.207,2026-10-01T18:14:43,1800,37.95416735028712,v1_Ra80_20261001,0.1,0.1,22.1872,0.1,2.2187,1,,1801,13.6,,785.1850350758014,800.0001589456133,True,0.22010751541273252,0.0013534950527524844,0.02698347954661911,v1_Ra80_20261001,FS 0.20,1,0.030019398758353483,2.447335958541774,0.0014929720612563892,-1.8518901157892342
1790892884.264,2026-10-01T18:14:44,1800,37.95416735028712,v1_Ra80_20261001,0.12,0.12,21.859,0.12,2.6231,1,,1799,13.6,,789.1169925831946,777.4343907167804,True,0.2212097440072666,0.0016001951020304871,0.03174277085513427,v1_Ra80_20261001,FS 0.20,1,0.036023278510024175,2.9451601178628755,0.0017966645554114238,1.5027122553252337
1790892885.321,2026-10-01T18:14:45,1800,37.95416735028712,v1_Ra80_20261001,0.14,0.14,21.1377,0.14,2.9593,1,,1800,13.6,,778.5719767541195,782.1420348688207,True,0.21825370545528175,0.0018052904446795091,0.036296237508218566,v1_Ra80_20261001,FS 0.20,1,0.04202715826169488,3.3906832663882254,0.002068451357329561,-0.4564462662206781
1790892886.406,2026-10-01T18:14:46,1800,37.95416735028712,v1_Ra80_20261001,0.16,0.16,19.9616,0.16,3.1939,1,,1800,13.6,,758.6212101481124,761.4939197938611,True,0.2126609935822089,0.0019484057551657098,0.04020385662367334,v1_Ra80_20261001,FS 0.20,1,0.04803103801336557,3.7505054041178245,0.0022879571414769605,-0.37724656377117194
1790892887.462,2026-10-01T18:14:47,1800,37.95416735028712,v1_Ra80_20261001,0.18,0.18,19.1307,0.18,3.4435,1,,1800,13.6,,744.8276270303268,744.8273334039413,True,0.20879429825172327,0.002100671660951539,0.04414847355128734,v1_Ra80_20261001,FS 0.20,1,0.054034917765036265,4.141226531051672,0.0025263125353160725,3.942207438267786e-05
1790892888.54,2026-10-01T18:14:48,1800,37.95416735028712,v1_Ra80_20261001,0.2,0.2,18.3723,0.2,3.6745,1,,1800,13.6,,734.4831770611108,737.0582896446194,True,0.20589448345734723,0.0022415908285658287,0.047773579299489784,v1_Ra80_20261001,FS 0.20,1,0.06003879751670697,4.529246647189768,0.0027630202053757283,-0.34937706008980607
1790892889.596,2026-10-01T18:14:49,1800,37.95416735028712,v1_Ra80_20261001,0.22,0.22,17.9058,0.22,3.9393,1,,1800,13.6,,733.3336194366893,734.9996315224644,True,0.20557223295430405,0.0024031293375886154,0.051296630949785364,v1_Ra80_20261001,FS 0.20,1,0.06604267726837766,4.966965752532113,0.003030046231235965,-0.22666842462547576
1790892890.652,2026-10-01T18:14:50,1800,37.95416735028712,v1_Ra80_20261001,0.24,0.24,16.725,0.24,4.014,1,,1800,13.6,,709.3359393048559,714.9995526742714,True,0.19884506736463206,0.002448699302180769,0.05403769126912709,v1_Ra80_20261001,FS 0.20,1,0.07204655702004835,5.230483847078706,0.0031908027270576515,-0.7921142535309622
1790892891.727,2026-10-01T18:14:51,1800,37.95416735028712,v1_Ra80_20261001,0.26,0.26,16.057,0.26,4.1748,1,,1799,13.6,,706.4508715972352,706.1057421355144,True,0.19803630884714374,0.002546793683792794,0.05643195441895001,v1_Ra80_20261001,FS 0.20,1,0.07805043677171906,5.5960009308295495,0.0034137826542912936,0.04887787212675132
1790892892.782,2026-10-01T18:14:52,1800,37.95416735028712,v1_Ra80_20261001,0.28,0.28,15.3485,0.28,4.2976,1,,1799,13.7,,696.2793025522387,706.451640960131,True,0.19518495701244265,0.0026217065573124246,0.05894050972860103,v1_Ra80_20261001,FS 0.20,1,0.08405431652338977,5.939417003784642,0.003623280087824625,-1.4399199914189698
1790892893.839,2026-10-01T18:14:53,1800,37.95416735028712,v1_Ra80_20261001,0.3,0.3,14.3918,0.3,4.3175,1,,1800,13.6,,668.7498458753453,679.6888878865502,True,0.18746774382176015,0.0026338463470765992,0.06165098693068046,v1_Ra80_20261001,FS 0.20,1,0.09005819627506044,6.19583206594398,0.0037797034519945834,-1.6094189865629827
1790892894.895,2026-10-01T18:14:54,1800,37.95416735028712,v1_Ra80_20261001,0.32,0.32,13.6152,0.32,4.3569,1,,1800,13.6,,660.463195441389,660.9373681070565,True,0.18514478304610565,0.0026578819107302924,0.06299416921425849,v1_Ra80_20261001,FS 0.20,1,0.09606207602673114,6.48764611730757,0.003957721604446144,-0.07174245072957275
1790892895.952,2026-10-01T18:14:55,1800,37.95416735028712,v1_Ra80_20261001,0.34,0.34,13.1063,0.34,4.4561,1,,1800,13.6,,649.9994577419329,647.3279605910193,True,0.182211528839681,0.0027183978476451732,0.06546562463687809,v1_Ra80_20261001,FS 0.20,1,0.10206595577840184,6.855159157875407,0.004181919144550976,0.4126960850686201
1790892897.039,2026-10-01T18:14:57,1800,37.95416735028712,v1_Ra80_20261001,0.36,0.36,12.001,0.36,4.3204,1,,1799,13.7,,633.1316957222498,638.5008287589699,True,0.1774830622708202,0.0026356154621678613,0.06516303203078389,v1_Ra80_20261001,FS 0.20,1,0.10806983553007253,7.003671187647494,0.004272517376655699,-0.8408967999549599
1790892898.094,2026-10-01T18:14:58,1800,37.95416735028712,v1_Ra80_20261001,0.38,0.38,11.7889,0.38,4.4798,1,,1800,13.7,,635.2942502687711,631.6425042881065,True,0.17808928180750985,0.0027328557882185874,0.067337204493329,v1_Ra80_20261001,FS 0.20,1,0.11407371528174323,7.463182206623829,0.004552837334680543,0.5781349348521703
1790892899.151,2026-10-01T18:14:59,1800,37.95416735028712,v1_Ra80_20261001,0.4,0.4,11.1297,0.4,4.4519,1,,1800,13.6,,629.9559755666451,626.4712510866502,True,0.1765928264131936,0.002715835680961277,0.06748489595770331,v1_Ra80_20261001,FS 0.20,1,0.12007759503341393,7.751292214804414,0.004728595873789436,0.5562465115438897
1790892900.247,2026-10-01T18:15:00,1800,37.95416735028712,v1_Ra80_20261001,0.42,0.42,10.1336,0.42,4.2561,1,,1799,13.7,,605.5558602010478,613.3285194060136,True,0.16975284789986497,0.002596389910316784,0.06711645261613244,v1_Ra80_20261001,FS 0.20,1,0.12608147478508464,7.887401212189245,0.004811627763903228,-1.2672913388233287
1790892901.303,2026-10-01T18:15:01,1800,37.95416735028712,v1_Ra80_20261001,0.44,0.44,9.1111,0.44,4.0089,1,,1800,13.7,,581.0803976969964,585.7936136526405,True,0.16289174765000583,0.002445588099778895,0.0658810299459252,v1_Ra80_20261001,FS 0.20,1,0.13208535453675532,7.988009198778327,0.004873002628515709,-0.8045864355289534
1790892902.358,2026-10-01T18:15:02,1800,37.95416735028712,v1_Ra80_20261001,0.46,0.46,8.5822,0.46,3.9478,1,,1800,13.6,,574.8276724497373,571.6223363536301,True,0.16113894830048714,0.0024083146749250724,0.06558263435653827,v1_Ra80_20261001,FS 0.20,1,0.13808923428842604,8.290616174571657,0.005057604893204338,0.5607436750204586
1790892903.411,2026-10-01T18:15:03,1800,37.95416735028712,v1_Ra80_20261001,0.48,0.48,8.11,0.48,3.8928,1,,1800,13.7,,571.0521441768378,568.4217837347433,True,0.1600805708348007,0.002374762492159765,0.06509651023493274,v1_Ra80_20261001,FS 0.20,1,0.1440931140400967,8.615222139569235,0.005255627414373567,0.4627480011079266
1790892904.468,2026-10-01T18:15:04,1800,37.95416735028712,v1_Ra80_20261001,0.5,0.5,7.331,0.5,3.6655,1,,1799,13.7,,556.4100037117896,562.1018400305275,True,0.1559760031034826,0.0022361004713860513,0.0629085501710919,v1_Ra80_20261001,FS 0.20,1,0.1500969937917674,8.783427093771065,0.005358239111926474,-1.012598770078521
1790892905.522,2026-10-01T18:15:05,1800,37.95416735028712,v1_Ra80_20261001,0.52,0.52,6.8439,0.52,3.5588,1,,1800,13.6,,548.7175962626225,550.0005501942269,True,0.1538196238864295,0.0021710092368213557,0.061933564587677424,v1_Ra80_20261001,FS 0.20,1,0.15610087354343813,9.088131037177142,0.005544120610080482,-0.2332641178543149
1790892906.579,2026-10-01T18:15:06,1800,37.95416735028712,v1_Ra80_20261001,0.54,0.54,6.312,0.54,3.4085,1,,1799,13.7,,555.5867860879061,546.2180921080062,True,0.15574523407740273,0.002079320271919071,0.05858450601554368,v1_Ra80_20261001,FS 0.20,1,0.16210475329510882,9.365133969787466,0.005713103392288985,1.7151929083387918
1790892973.712,2026-10-01T18:16:13,500,10.236546349466778,v1_Ra80_repeat_20261001,0.001,0.001,3.0043,0.001,0.003,1,,499,4.5,,104.3854137293863,99.3400263586615,True,0.10849474055089989,9.328189863655734e-05,0.00027444341822325207,v1_Ra80_repeat_20261001,FS 0.20,2,0.00030019398758353484,0.003318859671391958,0.00010319651048524753,5.07890681698504
1790892974.768,2026-10-01T18:16:14,500,10.236546349466778,v1_Ra80_repeat_20261001,0.002,0.002,3.1981,0.002,0.0064,1,,499,4.5,,110.20410819332866,108.18794355927537,True,0.11454249879274575,0.00019900138375798898,0.0005545664236044107,v1_Ra80_repeat_20261001,FS 0.20,2,0.0006003879751670697,0.007077466815794539,0.00022006651403818145,1.863576076708262
1790892975.822,2026-10-01T18:16:15,500,10.236546349466778,v1_Ra80_repeat_20261001,0.004,0.004,3.0958,0.004,0.0124,1,,500,4.6,,110.10250231330687,110.20398779453977,True,0.11443689300743948,0.0003855651810311036,0.0010754640010217013,v1_Ra80_repeat_20261001,FS 0.20,2,0.0012007759503341394,0.013913923523631563,0.00043263906792273673,-0.09208875582805698
1790892976.888,2026-10-01T18:16:16,500,10.236546349466778,v1_Ra80_repeat_20261001,0.006,0.006,2.9306,0.006,0.0176,1,,499,4.5,,107.98619842359045,109.09094455813815,True,0.11223727686148167,0.0005472538053344697,0.0015563805593542014,v1_Ra80_repeat_20261001,FS 0.20,2,0.001801163925501209,0.020109370123511078,0.0006252800751687916,-1.012683627428801
1790892977.943,2026-10-01T18:16:17,500,10.236546349466778,v1_Ra80_repeat_20261001,0.008,0.008,2.7489,0.008,0.022,1,,499,4.5,,105.36578276371529,105.36597191198744,True,0.10951370364376461,0.0006840672566680871,0.0019938591008470015,v1_Ra80_repeat_20261001,FS 0.20,2,0.0024015519006682787,0.025663806615433077,0.000797989535776346,-0.0001795155197825693
1790892978.999,2026-10-01T18:16:18,500,10.236546349466778,v1_Ra80_repeat_20261001,0.01,0.01,2.6214,0.01,0.0262,1,,500,4.4,,100.7863060899453,101.5339061473739,True,0.10475394731547505,0.0008146619147592674,0.002482396470778278,v1_Ra80_repeat_20261001,FS 0.20,2,0.003001939875835348,0.031177232999397567,0.0009694238294727114,-0.7363058172345616
1790892980.056,2026-10-01T18:16:20,500,10.236546349466778,v1_Ra80_repeat_20261001,0.012,0.012,2.3068,0.012,0.0277,1,,499,4.5,,95.7887246619535,98.44214828928095,True,0.09955962675822151,0.000861302864077546,0.0027614473034506684,v1_Ra80_repeat_20261001,FS 0.20,2,0.003602327851002418,0.034149649275404544,0.0010618480407274234,-2.6954141832928435
1790892981.111,2026-10-01T18:16:21,500,10.236546349466778,v1_Ra80_repeat_20261001,0.014,0.014,2.2099,0.014,0.0309,1,,501,4.4,,91.13926342752876,93.19809178735277,True,0.0947271307963037,0.0009608035559565406,0.0032376086155996584,v1_Ra80_repeat_20261001,FS 0.20,2,0.004202715826169488,0.038981055443454,0.0012120756208740993,-2.209088534260517
1790892982.164,2026-10-01T18:16:22,500,10.236546349466778,v1_Ra80_repeat_20261001,0.016,0.016,2.1212,0.016,0.0339,1,,500,4.5,,88.2573309971221,89.62649794006481,True,0.0917317457118245,0.001054085454593098,0.0036679236794444985,v1_Ra80_repeat_20261001,FS 0.20,2,0.004803103801336557,0.04377145150354596,0.0013610280341095865,-1.5276363289998263
1790892983.221,2026-10-01T18:16:23,500,10.236546349466778,v1_Ra80_repeat_20261001,0.018,0.018,1.7658,0.018,0.0318,1,,501,4.5,,82.8805626756747,85.82919010589976,True,0.08614331086066761,0.0009887881255475077,0.0036639185547959877,v1_Ra80_repeat_20261001,FS 0.20,2,0.005403491776503627,0.0436208374556804,0.0013563448459941742,-3.435459925215323
1790892984.275,2026-10-01T18:16:24,500,10.236546349466778,v1_Ra80_repeat_20261001,0.02,0.02,1.48,0.02,0.0296,1,,500,4.5,,77.23403482567903,78.54547871991748,True,0.08027449689316356,0.000920381399880699,0.00365977485922083,v1_Ra80_repeat_20261001,FS 0.20,2,0.006003879751670696,0.04352921329985733,0.0013534958875887917,-1.6696618514668193
1790892985.33,2026-10-01T18:16:25,500,10.236546349466778,v1_Ra80_repeat_20261001,0.022,0.022,1.3165,0.022,0.029,1,,501,4.5,,71.65748577867177,76.05632908924918,True,0.07447841657496011,0.0009017250201533876,0.003864629047064942,v1_Ra80_repeat_20261001,FS 0.20,2,0.006604267726837766,0.04519657903607674,0.001405340901454154,-5.783665032551766
1790892986.387,2026-10-01T18:16:26,500,10.236546349466778,v1_Ra80_repeat_20261001,0.024,0.024,1.2781,0.024,0.0307,1,,500,4.5,,69.00959850692914,70.2643181290398,True,0.07172629027405268,0.0009545847627141034,0.004248154046945153,v1_Ra80_repeat_20261001,FS 0.20,2,0.007204655702004836,0.049322934664338645,0.0015336456639387925,-1.7857137954521596
1790892987.469,2026-10-01T18:16:27,500,10.236546349466778,v1_Ra80_repeat_20261001,0.026,0.026,0.8117,0.026,0.0211,1,,500,4.5,,61.89347786648085,62.24785379991182,True,0.06433003025044565,0.0006560826870771199,0.003255434415706972,v1_Ra80_repeat_20261001,FS 0.20,2,0.007805043677171905,0.042308280184643034,0.0013155322345569796,-0.5692982356790499
1790892988.521,2026-10-01T18:16:28,500,10.236546349466778,v1_Ra80_repeat_20261001,0.028,0.028,0.7757,0.028,0.0217,1,,500,4.5,,59.3811985899265,57.90886069541301,True,0.061718850406796345,0.0006747390668044314,0.003489652294435174,v1_Ra80_repeat_20261001,FS 0.20,2,0.008405431652338976,0.045652615596989916,0.00141952088687071,2.5425088265121243
1790892999.139,2026-10-01T18:16:39,600,12.368671041837572,v1_Ra80_repeat_20261001,0.0011,0.0011,4.7628,0.0011,0.0052,1,,600,4.8,,155.37417966555864,156.19220828280973,True,0.13365282274322074,9.165807249182462e-05,0.0003195919833755912,v1_Ra80_repeat_20261001,FS 0.20,2,0.0003302133863418883,0.005552931749546738,9.787904246963643e-05,-0.5237320262288181
1790893000.196,2026-10-01T18:16:40,600,12.368671041837572,v1_Ra80_repeat_20261001,0.0021,0.0021,4.6477,0.0021,0.0098,1,,600,4.8,,154.9880149523318,154.2859357813228,True,0.13332064397273466,0.00017274021354228488,0.0006038086658946947,v1_Ra80_repeat_20261001,FS 0.20,2,0.0006304073739254231,0.01051551364125038,0.00018535225223432653,0.45505066126318994
1790893001.248,2026-10-01T18:16:41,600,12.368671041837572,v1_Ra80_repeat_20261001,0.0042,0.0042,4.3445,0.0042,0.0182,1,,600,4.8,,150.68364524745306,153.0109422864811,True,0.12961802644371045,0.0003208032537213862,0.0011533912494016158,v1_Ra80_repeat_20261001,FS 0.20,2,0.0012608147478508462,0.019806313638477603,0.000349117025244499,-1.5210003966060648
1790893002.326,2026-10-01T18:16:42,600,12.368671041837572,v1_Ra80_repeat_20261001,0.0064,0.0064,4.1561,0.0064,0.0266,1,,600,4.8,,145.92493786787628,148.07864137373699,True,0.12552458778319142,0.00046886629390048746,0.0017406982856121034,v1_Ra80_repeat_20261001,FS 0.20,2,0.001921241520534623,0.029327538230532076,0.0005169433894501667,-1.454432243489423
1790893003.381,2026-10-01T18:16:43,600,12.368671041837572,v1_Ra80_repeat_20261001,0.0085,0.0085,4.0457,0.0085,0.0344,1,,600,4.8,,143.2582016784096,144.96646266999278,True,0.12323066211291012,0.0006063534026382244,0.002293033129643003,v1_Ra80_repeat_20261001,FS 0.20,2,0.002551648894460046,0.03837725790904521,0.0006764587475893685,-1.1783835792916753
1790893004.436,2026-10-01T18:16:44,600,12.368671041837572,v1_Ra80_repeat_20261001,0.0106,0.0106,3.8151,0.0106,0.0404,1,,600,4.8,,139.6546594349914,140.30122588025478,True,0.12013089615601837,0.0007121127170518682,0.002762468388921449,v1_Ra80_repeat_20261001,FS 0.20,2,0.003182056268385469,0.0458022639435352,0.0008073360055435066,-0.46084162216458724
1790893005.493,2026-10-01T18:16:45,600,12.368671041837572,v1_Ra80_repeat_20261001,0.0127,0.0127,3.6503,0.0127,0.0464,1,,600,4.8,,136.25404633391014,137.23934023997586,True,0.11720568978649548,0.000817872031465512,0.0032519207575090084,v1_Ra80_repeat_20261001,FS 0.20,2,0.0038124636423108923,0.05340255633400202,0.000941302957636674,-0.7179383873041401
1790893006.55,2026-10-01T18:16:46,600,12.368671041837572,v1_Ra80_repeat_20261001,0.0149,0.0149,3.4586,0.0149,0.0515,1,,600,4.8,,131.35042588820198,133.75617424577797,True,0.11298759694995744,0.0009077674487171092,0.003744097294153726,v1_Ra80_repeat_20261001,FS 0.20,2,0.004472890414994669,0.060367058671355125,0.0010640631230417882,-1.7986073324401497
1790893007.608,2026-10-01T18:16:47,600,12.368671041837572,v1_Ra80_repeat_20261001,0.017,0.017,3.2914,0.017,0.056,1,,600,4.9,,130.33113115548076,130.1205284997451,True,0.11211079992661209,0.000987086934527342,0.004103091901740778,v1_Ra80_repeat_20261001,FS 0.20,2,0.005103297788920092,0.06682627074310787,0.0011779167631019386,0.16185198305282977
1790893008.78,2026-10-01T18:16:48,600,12.368671041837572,v1_Ra80_repeat_20261001,0.0191,0.0191,3.2573,0.0191,0.0622,1,,600,4.8,,128.05514046302022,129.3084044163365,True,0.11015299341564984,0.0010963715594214407,0.004638363172858953,v1_Ra80_repeat_20261001,FS 0.20,2,0.005733705162845515,0.07516076917083744,0.0013248252363849838,-0.9692053343115292
1790893009.985,2026-10-01T18:16:49,600,12.368671041837572,v1_Ra80_repeat_20261001,0.0212,0.0212,2.9792,0.0212,0.0632,1,,600,4.8,,122.66201731367232,125.94672964815032,True,0.10551383050026916,0.0011139981118237147,0.0049201501607555684,v1_Ra80_repeat_20261001,FS 0.20,2,0.006364112536770938,0.07847055395454389,0.0013831653313152344,-2.6080171701594046
1790893011.039,2026-10-01T18:16:51,600,12.368671041837572,v1_Ra80_repeat_20261001,0.0234,0.0234,2.6589,0.0234,0.0622,1,,600,4.8,,114.46331778850123,117.83007340511347,True,0.09846131162794895,0.0010963715594214407,0.005189140583155647,v1_Ra80_repeat_20261001,FS 0.20,2,0.007024539309454715,0.08007833403719561,0.0014115049511934275,-2.8572973938808865
1790893012.11,2026-10-01T18:16:52,600,12.368671041837572,v1_Ra80_repeat_20261001,0.0255,0.0255,2.5081,0.0255,0.064,1,,600,4.8,,110.72475835202766,112.76625223120433,True,0.09524540392208994,0.001128099353745534,0.005519587403657551,v1_Ra80_repeat_20261001,FS 0.20,2,0.007654946683380137,0.08454703850218795,0.0014902728046158906,-1.8103766320006764
1790893013.163,2026-10-01T18:16:53,600,12.368671041837572,v1_Ra80_repeat_20261001,0.0276,0.0276,2.2969,0.0276,0.0634,1,,600,4.8,,104.47216110474926,108.32303014451696,True,0.08986692164547205,0.0011175234223041695,0.005795088348124995,v1_Ra80_repeat_20261001,FS 0.20,2,0.008285354057305561,0.08679102932315713,0.0015298266264119256,-3.55498644621568
1790893014.217,2026-10-01T18:16:54,600,12.368671041837572,v1_Ra80_repeat_20261001,0.0297,0.0297,2.2227,0.0297,0.066,1,,600,4.8,,101.72213850676144,101.88677839341906,True,0.08750135303156295,0.001163352458550082,0.006195834888017153,v1_Ra80_repeat_20261001,FS 0.20,2,0.008915761431230984,0.09241030650010318,0.0016288751100342672,-0.16159102216569687
1790893015.27,2026-10-01T18:16:55,600,12.368671041837572,v1_Ra80_repeat_20261001,0.0319,0.0319,1.9375,0.0319,0.0618,1,,600,4.8,,96.54793746298509,98.63019657978285,True,0.08305050684572836,0.0010893209384605312,0.0061124716331822275,v1_Ra80_repeat_20261001,FS 0.20,2,0.009576188203914761,0.09156136432805353,0.0016139111863521338,-2.111178106710354
1790893016.326,2026-10-01T18:16:56,600,12.368671041837572,v1_Ra80_repeat_20261001,0.034,0.034,1.687,0.034,0.0574,1,,600,4.8,,92.50769487479147,94.40348032643797,True,0.07957509138325078,0.0010117641078905256,0.005925232757668183,v1_Ra80_repeat_20261001,FS 0.20,2,0.010206595577840184,0.09053956118628548,0.0015959003197289511,-2.008173263412605
1790893017.409,2026-10-01T18:16:57,600,12.368671041837572,v1_Ra80_repeat_20261001,0.0361,0.0361,1.6831,0.0361,0.0608,1,,600,4.8,,88.4848115520029,90.2597864952483,True,0.07611460835566763,0.0010716943860582572,0.006561546803521358,v1_Ra80_repeat_20261001,FS 0.20,2,0.010837002951765607,0.09749304440049426,0.0017184662559825347,-1.966517994521133
1790893018.463,2026-10-01T18:16:58,600,12.368671041837572,v1_Ra80_repeat_20261001,0.0382,0.0382,1.5984,0.0382,0.0611,1,,600,4.8,,85.55914600736969,86.40008322149697,True,0.07359795173173898,0.0010769823517789393,0.006819399779009382,v1_Ra80_repeat_20261001,FS 0.20,2,0.01146741032569103,0.1015218139706799,0.0017894795739280985,-0.9733060232956392
1790893019.515,2026-10-01T18:16:59,600,12.368671041837572,v1_Ra80_repeat_20261001,0.0404,0.0404,1.3943,0.0404,0.0563,1,,600,4.9,,83.07695253362368,84.46424658999447,True,0.0714627696501663,0.0009923749002480244,0.006471414530363637,v1_Ra80_repeat_20261001,FS 0.20,2,0.012127837098374807,0.1008161495439289,0.0017770411429315514,-1.6424630685513364
1790893020.571,2026-10-01T18:17:00,600,12.368671041837572,v1_Ra80_repeat_20261001,0.0425,0.0425,1.0954,0.0425,0.0466,1,,600,4.8,,78.98126202657778,80.29742089935823,True,0.06793965790452379,0.0008213973419459668,0.005634212590008939,v1_Ra80_repeat_20261001,FS 0.20,2,0.01275824447230023,0.09520383879540044,0.001678115453424769,-1.6391047907131084
1790893021.628,2026-10-01T18:17:01,600,12.368671041837572,v1_Ra80_repeat_20261001,0.0446,0.0446,0.8846,0.0446,0.0395,1,,600,4.8,,79.09364103932717,77.69790236476126,True,0.0680363262975823,0.0006962488198898217,0.004768995461218443,v1_Ra80_repeat_20261001,FS 0.20,2,0.013388651846225653,0.09236681440284883,0.0016281084943029287,1.7963659662437959
1790893030.676,2026-10-01T18:17:10,700,14.500795734208369,v1_Ra80_repeat_20261001,0.0015,0.0015,5.7524,0.0015,0.0086,1,,700,5.3,,187.82606823930905,188.5565458033966,True,0.13781178519674975,9.407179705808727e-05,0.0004372340400097389,v1_Ra80_repeat_20261001,FS 0.20,2,0.00045029098137530226,0.00909319480946692,9.946664845649123e-05,-0.3874050412703278
1790893031.736,2026-10-01T18:17:11,700,14.500795734208369,v1_Ra80_repeat_20261001,0.0029,0.0029,5.6908,0.0029,0.0165,1,,700,5.3,,187.82605907540244,187.82620280344844,True,0.13781177847300616,0.0001804865873788884,0.0008388793037377356,v1_Ra80_repeat_20261001,FS 0.20,2,0.000870562563992251,0.01753419733518094,0.00019179923875483677,-7.652182913986394e-05
1790893032.792,2026-10-01T18:17:12,700,14.500795734208369,v1_Ra80_repeat_20261001,0.0058,0.0058,5.441,0.0058,0.0316,1,,700,5.3,,184.01351129192562,184.23596360631933,True,0.13501443505249955,0.00034565916128320446,0.0016398674748590298,v1_Ra80_repeat_20261001,FS 0.20,2,0.001741125127984502,0.03400267091838122,0.0003719409718682423,-0.12074315461505503
1790893033.849,2026-10-01T18:17:13,700,14.500795734208369,v1_Ra80_repeat_20261001,0.0088,0.0088,5.3033,0.0088,0.0467,1,,700,5.3,,181.60409468562762,183.92614472621318,True,0.13324659735611782,0.0005108317351875205,0.002455628279282317,v1_Ra80_repeat_20261001,FS 0.20,2,0.0026417070907351066,0.050870098381973775,0.0005564466943388339,-1.262490465421373
1790893034.917,2026-10-01T18:17:14,700,14.500795734208369,v1_Ra80_repeat_20261001,0.0117,0.0117,4.9862,0.0117,0.0583,1,,700,5.3,,178.1262599359536,179.06054243262588,True,0.130694839658346,0.0006377192754054055,0.003125445911993119,v1_Ra80_repeat_20261001,FS 0.20,2,0.0035122696547273576,0.06451865122838579,0.0007057424959090956,-0.5217690530697539
1790893035.972,2026-10-01T18:17:15,700,14.500795734208369,v1_Ra80_repeat_20261001,0.0146,0.0146,4.885,0.0146,0.0713,1,,700,5.3,,176.42264232051446,176.71607538019884,True,0.12944486095689567,0.0007799208290978632,0.0038592826725164474,v1_Ra80_repeat_20261001,FS 0.20,2,0.004382832218719608,0.07990148032281714,0.0008740088187870707,-0.16604774582792414
1790893037.026,2026-10-01T18:17:17,700,14.500795734208369,v1_Ra80_repeat_20261001,0.0175,0.0175,4.5999,0.0175,0.0805,1,,700,5.3,,169.64058953966799,173.28475475590324,True,0.12446873165925097,0.00088055577478791,0.00453145309869429,v1_Ra80_repeat_20261001,FS 0.20,2,0.00525339478271186,0.09181858566526782,0.0010043650414957763,-2.102992396168135
1790893038.081,2026-10-01T18:17:18,700,14.500795734208369,v1_Ra80_repeat_20261001,0.0204,0.0204,4.3681,0.0204,0.0891,1,,700,5.3,,165.04717643166487,168.7501978966111,True,0.12109845155652571,0.0009746275718459972,0.005155146208281546,v1_Ra80_repeat_20261001,FS 0.20,2,0.006123957346704111,0.1034699672557378,0.0011318146234056631,-2.1943805169431396
1790893039.137,2026-10-01T18:17:19,700,14.500795734208369,v1_Ra80_repeat_20261001,0.0234,0.0234,4.2119,0.0234,0.0986,1,,700,5.2,,161.7473081330104,163.006813663047,True,0.11867727144337803,0.0010785440918520239,0.005821182770827784,v1_Ra80_repeat_20261001,FS 0.20,2,0.007024539309454715,0.1164783340371956,0.0012741076978152516,-0.7726704802905715
1790893040.189,2026-10-01T18:17:20,700,14.500795734208369,v1_Ra80_repeat_20261001,0.0263,0.0263,4.0369,0.0263,0.1062,1,,700,5.3,,156.89531211047836,159.29049210661503,True,0.11511726382622062,0.0011616773078568453,0.006463770546996653,v1_Ra80_repeat_20261001,FS 0.20,2,0.007895101873446966,0.12780979489087738,0.0013980578008151601,-1.503655343429755
1790893041.246,2026-10-01T18:17:21,700,14.500795734208369,v1_Ra80_repeat_20261001,0.0292,0.0292,3.83,0.0292,0.1118,1,,700,5.3,,151.48041925907023,154.15647391965877,True,0.11114424742068689,0.0012229333617551346,0.007047850563672824,v1_Ra80_repeat_20261001,FS 0.20,2,0.008765664437439216,0.13747553199257845,0.0015037872495416774,-1.7359340107786836
1790893042.327,2026-10-01T18:17:22,700,14.500795734208369,v1_Ra80_repeat_20261001,0.0321,0.0321,3.5506,0.0321,0.114,1,,700,5.3,,146.76592610379373,150.7145568802386,True,0.1076851284383382,0.0012469982400723197,0.007417387943157092,v1_Ra80_repeat_20261001,FS 0.20,2,0.009636227001431467,0.14407554534229886,0.0015759820305202314,-2.6199398771961646
1790893043.383,2026-10-01T18:17:23,700,14.500795734208369,v1_Ra80_repeat_20261001,0.035,0.035,3.3938,0.035,0.1188,1,,700,5.3,,142.1052540188299,142.9658253701689,True,0.1042654990638513,0.0012995034291279964,0.007983212458905334,v1_Ra80_repeat_20261001,FS 0.20,2,0.01050678956542372,0.1536098349400386,0.001680273630070418,-0.6019420019510169
1790893044.439,2026-10-01T18:17:24,700,14.500795734208369,v1_Ra80_repeat_20261001,0.038,0.038,3.0412,0.038,0.1156,1,,700,5.3,,136.05346433903946,141.17450015666435,True,0.09982517857359552,0.0012644999697575452,0.008113712433918752,v1_Ra80_repeat_20261001,FS 0.20,2,0.011407371528174323,0.1556591410393616,0.001702690130940815,-3.627450999962434
1790893045.527,2026-10-01T18:17:25,700,14.500795734208369,v1_Ra80_repeat_20261001,0.0409,0.0409,2.9777,0.0409,0.1218,1,,700,5.3,,133.44867447424633,135.58091744137926,True,0.09791399156587847,0.0013323191722877943,0.008715742802975789,v1_Ra80_repeat_20261001,FS 0.20,2,0.012277934092166574,0.1672735099003131,0.001829734846108861,-1.5726718828664388
1790893046.583,2026-10-01T18:17:26,700,14.500795734208369,v1_Ra80_repeat_20261001,0.0438,0.0438,2.7137,0.0438,0.1189,1,,700,5.3,,128.28053829456678,131.7075200341634,True,0.09412202552123924,0.001300597287233323,0.008851002491199174,v1_Ra80_repeat_20261001,FS 0.20,2,0.013148496656158824,0.1701221550092839,0.0018608949815253281,-2.6019636074748775
1790893047.66,2026-10-01T18:17:27,700,14.500795734208369,v1_Ra80_repeat_20261001,0.0467,0.0467,2.3503,0.0467,0.1098,1,,700,5.3,,119.5256299898034,122.6930297506641,True,0.08769837222314618,0.0012010561996486026,0.008772283945952463,v1_Ra80_repeat_20261001,FS 0.20,2,0.014019059220151077,0.16710507636627403,0.001827892422244687,-2.581564549589699
1790893048.716,2026-10-01T18:17:28,700,14.500795734208369,v1_Ra80_repeat_20261001,0.0496,0.0496,2.2281,0.0496,0.1105,1,,700,5.3,,118.14651762270216,117.8891329329204,True,0.08668648958577453,0.0012087132063858888,0.008931260048383408,v1_Ra80_repeat_20261001,FS 0.20,2,0.014889621784143327,0.1742222739712835,0.0019057444651191934,0.21832774860446325
1790893049.772,2026-10-01T18:17:29,700,14.500795734208369,v1_Ra80_repeat_20261001,0.0525,0.0525,1.9463,0.0525,0.1022,1,,700,5.3,,113.65448677005077,116.78014117617295,True,0.08339059569433648,0.0011179229836437814,0.008586885909872173,v1_Ra80_repeat_20261001,FS 0.20,2,0.01576018434813558,0.1726737478243123,0.0018888057863474474,-2.6765290524926377
1790893050.847,2026-10-01T18:17:30,700,14.500795734208369,v1_Ra80_repeat_20261001,0.0555,0.0555,1.6867,0.0555,0.0936,1,,700,5.3,,105.149282857235,108.47380280710439,True,0.0771501555590826,0.001023851186585694,0.008500430398727951,v1_Ra80_repeat_20261001,FS 0.20,2,0.016660766310886182,0.171409796256693,0.001874979949677641,-3.064813682047529
1790893051.902,2026-10-01T18:17:31,700,14.500795734208369,v1_Ra80_repeat_20261001,0.0584,0.0584,1.5352,0.0584,0.0897,1,,700,5.3,,105.38098666176268,102.61957542007707,True,0.07732016132685575,0.0009811907204779569,0.00812833444490216,v1_Ra80_repeat_20261001,FS 0.20,2,0.017531328874878432,0.17494134937293354,0.0019136101296835521,2.6909205484252574
1790893060.316,2026-10-01T18:17:40,800,16.632920426579165,v1_Ra80_repeat_20261001,0.0019,0.0019,6.9844,0.0019,0.0133,1,,800,5.9,,225.39197633496428,225.78989023617595,True,0.14417576609394844,9.640123670510951e-05,0.0005634878696772424,v1_Ra80_repeat_20261001,FS 0.20,2,0.0005703685764087161,0.013939817465068801,0.00010103877015609903,-0.1762319388150857
1790893061.368,2026-10-01T18:17:41,800,16.632920426579165,v1_Ra80_repeat_20261001,0.0038,0.0038,6.7598,0.0038,0.0257,1,,800,5.9,,222.6802308398817,221.13423801797865,True,0.14244115250848383,0.0001862790814527304,0.0011021046696514777,v1_Ra80_repeat_20261001,FS 0.20,2,0.0011407371528174323,0.02712312330770595,0.00019659418271940105,0.6991196097717589
1790893062.44,2026-10-01T18:17:42,800,16.632920426579165,v1_Ra80_repeat_20261001,0.0077,0.0077,6.5568,0.0077,0.0505,1,,800,5.9,,219.7774521298669,221.1340819195911,True,0.14058434131616518,0.00036603477094797224,0.0021942172542954346,v1_Ra80_repeat_20261001,FS 0.20,2,0.002311493704393218,0.053980505536027075,0.00039126221741654285,-0.613487427151771
1790893063.495,2026-10-01T18:17:43,800,16.632920426579165,v1_Ra80_repeat_20261001,0.0115,0.0115,6.2409,0.0115,0.0718,1,,800,5.9,,215.00010213840994,215.9998802663111,True,0.1375284290955207,0.0005204217139418694,0.0031890193912489082,v1_Ra80_repeat_20261001,FS 0.20,2,0.0034522308572106503,0.07786663990402382,0.0005643940138961898,-0.46286050097272824
1790893064.551,2026-10-01T18:17:44,800,16.632920426579165,v1_Ra80_repeat_20261001,0.0154,0.0154,5.9878,0.0154,0.0922,1,,800,5.9,,212.06422969285654,214.95777094318385,True,0.13565044893901892,0.0006682852649782779,0.004151785270243636,v1_Ra80_repeat_20261001,FS 0.20,2,0.004622987408786436,0.10151763874685392,0.0007358214979382903,-1.346097532380952
1790893065.606,2026-10-01T18:17:45,800,16.632920426579165,v1_Ra80_repeat_20261001,0.0192,0.0192,5.8461,0.0192,0.1122,1,,800,5.9,,208.25274554529756,211.1510345562536,True,0.13321236903988098,0.0008132495307002471,0.0051448593106859656,v1_Ra80_repeat_20261001,FS 0.20,2,0.005763724561603868,0.12526678417514145,0.0009079603693650885,-1.3726141655175716
1790893066.662,2026-10-01T18:17:46,800,16.632920426579165,v1_Ra80_repeat_20261001,0.023,0.023,5.6174,0.023,0.1292,1,,800,5.9,,202.88402743989025,204.5604482334923,True,0.1297781782653202,0.000936469156563921,0.006081154511849927,v1_Ra80_repeat_20261001,FS 0.20,2,0.0069044617144213005,0.14658988311370238,0.0010625147383923578,-0.8195234259990136
1790893067.737,2026-10-01T18:17:47,800,16.632920426579165,v1_Ra80_repeat_20261001,0.0269,0.0269,5.3177,0.0269,0.143,1,,800,5.9,,198.11060292987008,202.79361660814175,True,0.12672477704485705,0.0010364944999120796,0.006892863842385346,v1_Ra80_repeat_20261001,FS 0.20,2,0.008075218265997088,0.16542355612105886,0.001199025217310313,-2.3092510290009027
1790893068.794,2026-10-01T18:17:48,800,16.632920426579165,v1_Ra80_repeat_20261001,0.0307,0.0307,5.1561,0.0307,0.1583,1,,800,5.9,,193.52409323020652,194.78352097730038,True,0.12379093902453822,0.0011473921631893862,0.007811190969842886,v1_Ra80_repeat_20261001,FS 0.20,2,0.00921595541881452,0.1862096661199106,0.0013496873759702942,-0.646578181139168
1790893069.849,2026-10-01T18:17:49,800,16.632920426579165,v1_Ra80_repeat_20261001,0.0346,0.0346,4.9569,0.0346,0.1715,1,,800,5.9,,189.47357214711928,190.43497734331538,True,0.12119995513181123,0.001243068578565886,0.00864344481321113,v1_Ra80_repeat_20261001,FS 0.20,2,0.010386711970390304,0.20563695574177607,0.001490500514720382,-0.5048469612086381
1790893070.905,2026-10-01T18:17:50,800,16.632920426579165,v1_Ra80_repeat_20261001,0.0384,0.0384,4.6155,0.0384,0.1772,1,,800,5.9,,185.173913329146,189.473756726818,True,0.11844960609940988,0.001284383394296647,0.00913808713404067,v1_Ra80_repeat_20261001,FS 0.20,2,0.011527449123207736,0.21798607680091858,0.0015800095780528973,-2.2693609246749125
1790893071.961,2026-10-01T18:17:51,800,16.632920426579165,v1_Ra80_repeat_20261001,0.0423,0.0423,4.4331,0.0423,0.1875,1,,800,5.9,,179.25766299805446,180.25946582806398,True,0.11466517713366423,0.0013590399911434612,0.009988376953253346,v1_Ra80_repeat_20261001,FS 0.20,2,0.012698205674783523,0.23570698303729304,0.0017084544860770916,-0.5557560183635846
1790893073.04,2026-10-01T18:17:53,800,16.632920426579165,v1_Ra80_repeat_20261001,0.0461,0.0461,4.2212,0.0461,0.1946,1,,800,5.9,,174.676684429312,176.67746529499198,True,0.11173487719420738,0.0014105023054747602,0.010638472567831354,v1_Ra80_repeat_20261001,FS 0.20,2,0.013838942827600956,0.25061911515672636,0.0018165408002292238,-1.1324482510202127
1790893074.097,2026-10-01T18:17:54,800,16.632920426579165,v1_Ra80_repeat_20261001,0.0499,0.0499,3.9475,0.0499,0.197,1,,800,5.9,,169.22159773376393,171.00934084158723,True,0.10824543929926335,0.0014278980173613965,0.011116851823523793,v1_Ra80_repeat_20261001,FS 0.20,2,0.014979679980418388,0.26140520078643303,0.0018947206493954594,-1.045406700607865
1790893075.149,2026-10-01T18:17:55,800,16.632920426579165,v1_Ra80_repeat_20261001,0.0538,0.0538,3.7608,0.0538,0.2023,1,,800,5.8,,164.6918380293073,167.08915581259873,True,0.10534790236724338,0.0014663135477777183,0.011729923731288089,v1_Ra80_repeat_20261001,FS 0.20,2,0.016150436531994175,0.27590878118733386,0.001999845693553266,-1.434753662876953
1790893076.203,2026-10-01T18:17:56,800,16.632920426579165,v1_Ra80_repeat_20261001,0.0576,0.0576,3.3397,0.0576,0.1924,1,,800,5.9,,157.71654918063405,161.81178953538904,True,0.10088604161320538,0.0013945562362453435,0.011649282669433646,v1_Ra80_repeat_20261001,FS 0.20,2,0.017291173684811607,0.2755578778773313,0.0019973022715195697,-2.5308664878583187
1790893077.255,2026-10-01T18:17:57,800,16.632920426579165,v1_Ra80_repeat_20261001,0.0615,0.0615,3.1167,0.0615,0.1917,1,,800,5.9,,151.61512712172112,154.52486551182574,True,0.09698316443935709,0.0013894824869450748,0.012073994133667942,v1_Ra80_repeat_20261001,FS 0.20,2,0.01846193023638739,0.2852550748927412,0.002067589623764578,-1.8830227617198214
1790893078.313,2026-10-01T18:17:58,800,16.632920426579165,v1_Ra80_repeat_20261001,0.0653,0.0653,2.8726,0.0653,0.1876,1,,800,5.9,,146.4035540364705,148.80876136741676,True,0.093649494118263,0.0013597648124720708,0.012236369883453153,v1_Ra80_repeat_20261001,FS 0.20,2,0.019602667389204822,0.2918671826430294,0.0021155155910093314,-1.6163076077272631
1790893079.483,2026-10-01T18:17:59,800,16.632920426579165,v1_Ra80_repeat_20261001,0.0691,0.0691,2.7203,0.0691,0.188,1,,800,5.9,,137.9811165930846,140.08908663320483,True,0.08826194044166769,0.0013626640977865104,0.013010967025081716,v1_Ra80_repeat_20261001,FS 0.20,2,0.020743404542022253,0.3035532439035911,0.0022002186555002954,-1.5047353728842028
1790893080.539,2026-10-01T18:18:00,800,16.632920426579165,v1_Ra80_repeat_20261001,0.073,0.073,2.5313,0.073,0.1848,1,,800,5.9,,134.83925363761955,135.34308726371762,True,0.08625219499317321,0.0013394698152709953,0.013087509470688654,v1_Ra80_repeat_20261001,FS 0.20,2,0.02191416109359804,0.3125331150835274,0.002265306677094162,-0.37226402639710665
1790893081.618,2026-10-01T18:18:01,800,16.632920426579165,v1_Ra80_repeat_20261001,0.0768,0.0768,2.0957,0.0768,0.1609,1,,800,5.9,,127.47389182719076,132.29894469485828,True,0.0815408175127276,0.001166237517733242,0.012053305963954408,v1_Ra80_repeat_20261001,FS 0.20,2,0.023054898246415472,0.30108218740437975,0.0021823079109520114,-3.6470834130962193
1790893082.675,2026-10-01T18:18:02,800,16.632920426579165,v1_Ra80_repeat_20261001,0.0807,0.0807,1.5524,0.0807,0.1253,1,,800,5.9,,124.67073484342563,122.14100049620242,True,0.07974773103206549,0.0009082011247481369,0.009597495865149035,v1_Ra80_repeat_20261001,FS 0.20,2,0.02422565479799126,0.278855675198825,0.00202120540988008,2.0711590186309747
1790893090.58,2026-10-01T18:18:10,900,18.76504511894996,v1_Ra80_repeat_20261001,0.0024,0.0024,8.2936,0.0024,0.0199,1,,900,6.7,,265.9830351814094,265.84014940712564,True,0.15080878827499183,0.00010044786986353,0.0007144478290584041,v1_Ra80_repeat_20261001,FS 0.20,2,0.0007204655702004835,0.020732038965998546,0.00010464769608353039,0.05374875638701759
1790893091.632,2026-10-01T18:18:11,900,18.76504511894996,v1_Ra80_repeat_20261001,0.0049,0.0049,8.0608,0.0049,0.0395,1,,900,6.7,,263.10342176410586,266.4561845057875,True,0.14917608636275234,0.00019938145023162989,0.0014336461783685229,v1_Ra80_repeat_20261001,FS 0.20,2,0.0014709505391593207,0.04144219949443709,0.000209184957873149,-1.2582791980978891
1790893092.689,2026-10-01T18:18:12,900,18.76504511894996,v1_Ra80_repeat_20261001,0.0098,0.0098,7.7459,0.0098,0.0759,1,,900,6.6,,258.5146456094435,263.418100153487,True,0.1465743122643486,0.0003831152423438154,0.002803677173228652,v1_Ra80_repeat_20261001,FS 0.20,2,0.0029419010783186413,0.08073873581585919,0.000407539398400872,-1.8614721392289924
1790893093.741,2026-10-01T18:18:13,900,18.76504511894996,v1_Ra80_repeat_20261001,0.0147,0.0147,7.3258,0.0147,0.1077,1,,900,6.7,,253.193499682709,254.11775575798004,True,0.1435572943974086,0.0005436299288594061,0.004061949629625752,v1_Ra80_repeat_20261001,FS 0.20,2,0.004412851617477962,0.11638960896426637,0.0005874918741060187,-0.3637117258942335
1790893094.798,2026-10-01T18:18:14,900,18.76504511894996,v1_Ra80_repeat_20261001,0.0196,0.0196,7.1047,0.0196,0.1393,1,,900,6.6,,248.62230577915625,251.1627558826376,True,0.1409654891978979,0.00070313508904471,0.005350352657189389,v1_Ra80_repeat_20261001,FS 0.20,2,0.005883802156637283,0.15279481893965854,0.0007712519642548969,-1.0114756443699968
1790893095.85,2026-10-01T18:18:15,900,18.76504511894996,v1_Ra80_repeat_20261001,0.0244,0.0244,6.9711,0.0244,0.1701,1,,900,6.7,,247.67742224976814,246.55197928228176,True,0.1404297529994188,0.0008586021439088669,0.006558269762505187,v1_Ra80_repeat_20261001,FS 0.20,2,0.00732473329703825,0.18922728457703614,0.0009551496309458936,0.45647289904651167
1790893096.903,2026-10-01T18:18:16,900,18.76504511894996,v1_Ra80_repeat_20261001,0.0293,0.0293,6.6464,0.0293,0.1947,1,,900,6.7,,242.6965378026182,243.13944729138086,True,0.13760565879544026,0.0009827738825341351,0.0076607934420210915,v1_Ra80_repeat_20261001,FS 0.20,2,0.00879568383619757,0.22052169194462318,0.0011131122720873848,-0.18216274393018095
1790893097.979,2026-10-01T18:18:17,900,18.76504511894996,v1_Ra80_repeat_20261001,0.0342,0.0342,6.2499,0.0342,0.2137,1,,900,6.6,,233.33327180586707,235.19195145025833,True,0.13229681344632468,0.0010786788839113749,0.00874579379327492,v1_Ra80_repeat_20261001,FS 0.20,2,0.010266634375356892,0.24717043613919526,0.001247625316754866,-0.7902819943157668
1790893099.033,2026-10-01T18:18:19,900,18.76504511894996,v1_Ra80_repeat_20261001,0.0391,0.0391,6.0149,0.0391,0.2352,1,,900,6.7,,230.10757423782593,232.25792994989547,True,0.13046788649522764,0.0011872029644171987,0.009760628542333406,v1_Ra80_repeat_20261001,FS 0.20,2,0.011737584914516213,0.2772735171607523,0.0013995745813249498,-0.9258481346722691
1790893100.086,2026-10-01T18:18:20,900,18.76504511894996,v1_Ra80_repeat_20261001,0.044,0.044,6.0105,0.044,0.2645,1,,900,6.7,,229.7869302350648,230.97555084100065,True,0.13028608567664887,0.0013350985718042052,0.010991873838449283,v1_Ra80_repeat_20261001,FS 0.20,2,0.013208535453675532,0.3161309350092945,0.0015957125135502349,-0.5146088413288674
1790893101.14,2026-10-01T18:18:21,900,18.76504511894996,v1_Ra80_repeat_20261001,0.0489,0.0489,5.7843,0.0489,0.2829,1,,900,6.7,,226.1379593753361,228.47368850089254,True,0.12821716848638098,0.0014279749941905845,0.011946229688744914,v1_Ra80_repeat_20261001,FS 0.20,2,0.014679485992834853,0.34504268968482166,0.001741648401548911,-1.0223186489797143
1790893102.196,2026-10-01T18:18:22,900,18.76504511894996,v1_Ra80_repeat_20261001,0.0538,0.0538,5.4894,0.0538,0.2953,1,,900,6.7,,222.44894327191673,221.4912027629822,True,0.12612554618383764,0.001490565626668362,0.01267664948291172,v1_Ra80_repeat_20261001,FS 0.20,2,0.016150436531994175,0.36890878118733383,0.0018621156404130036,0.43240566532090075
1790893103.251,2026-10-01T18:18:23,900,18.76504511894996,v1_Ra80_repeat_20261001,0.0587,0.0587,5.1766,0.0587,0.3039,1,,900,6.7,,215.18656685724977,219.61125366033514,True,0.12200787685073217,0.0015339752588706917,0.013486117069114106,v1_Ra80_repeat_20261001,FS 0.20,2,0.017621387071153495,0.38992920951683113,0.001968219019775667,-2.0147814510129147
1790893104.304,2026-10-01T18:18:24,900,18.76504511894996,v1_Ra80_repeat_20261001,0.0636,0.0636,4.9293,0.0636,0.3135,1,,901,6.6,,206.78101755020748,210.56982036509737,True,0.1172420439286581,0.0015824325227244548,0.014477656194102366,v1_Ra80_repeat_20261001,FS 0.20,2,0.019092337610312815,0.4129039746733134,0.002084187171563782,-1.7993095156374594
1790893105.366,2026-10-01T18:18:25,900,18.76504511894996,v1_Ra80_repeat_20261001,0.0684,0.0684,4.6713,0.0684,0.3195,1,,900,6.6,,201.65032402917404,202.358476816039,True,0.11433301000328132,0.001612718312633057,0.015130153019889153,v1_Ra80_repeat_20261001,FS 0.20,2,0.020533268750713783,0.43293110661053436,0.0021852767566175367,-0.3499496527188839
1790893106.422,2026-10-01T18:18:26,900,18.76504511894996,v1_Ra80_repeat_20261001,0.0733,0.0733,4.3923,0.0733,0.322,1,,900,6.7,,195.06681461142534,193.88633666972623,True,0.11060024908786986,0.001625337391761641,0.01576318097294299,v1_Ra80_repeat_20261001,FS 0.20,2,0.022004219289873103,0.4506950691592114,0.0022749426962331214,0.6088505059074878
1790893107.479,2026-10-01T18:18:27,900,18.76504511894996,v1_Ra80_repeat_20261001,0.0782,0.0782,3.8978,0.0782,0.3048,1,,900,6.6,,188.108275188074,193.31291880382366,True,0.10665485122486838,0.001538518127356982,0.015473139585988373,v1_Ra80_repeat_20261001,FS 0.20,2,0.023475169829032427,0.44971336853487365,0.002269987433089482,-2.692341333396031
1790893108.56,2026-10-01T18:18:28,900,18.76504511894996,v1_Ra80_repeat_20261001,0.0831,0.0831,3.6447,0.0831,0.3029,1,,900,6.6,,180.59623605653314,184.6154015445194,True,0.10239562650352729,0.001528927627219258,0.016016291363052854,v1_Ra80_repeat_20261001,FS 0.20,2,0.024946120368191743,0.46498600473752083,0.0023470780749867957,-2.177047773025065
1790893109.616,2026-10-01T18:18:29,900,18.76504511894996,v1_Ra80_repeat_20261001,0.088,0.088,3.3291,0.088,0.293,1,,900,6.7,,172.5284395243193,174.52561427169258,True,0.09782129484270342,0.0014789560738700646,0.016217290942118136,v1_Ra80_repeat_20261001,FS 0.20,2,0.026417070907351063,0.473212977767153,0.002388604804446658,-1.1443447746668056
1790893110.673,2026-10-01T18:18:30,900,18.76504511894996,v1_Ra80_repeat_20261001,0.0929,0.0929,2.9469,0.0929,0.2738,1,,900,6.7,,164.63115125055197,168.9969188391757,True,0.09334363906133802,0.0013820415461625382,0.015881547236066544,v1_Ra80_repeat_20261001,FS 0.20,2,0.027888021446510383,0.4730942876237703,0.0023880057003222064,-2.5833415298999407
1790893111.725,2026-10-01T18:18:31,900,18.76504511894996,v1_Ra80_repeat_20261001,0.0978,0.0978,2.7527,0.0978,0.2692,1,,900,6.6,,154.18326943819807,158.66351871125914,True,0.08741983119484466,0.0013588224405659433,0.016672824815475235,v1_Ra80_repeat_20261001,FS 0.20,2,0.029358971985669707,0.48852993430737257,0.0024659191590827045,-2.8237425398426774
1790893112.778,2026-10-01T18:18:32,900,18.76504511894996,v1_Ra80_repeat_20261001,0.1027,0.1027,2.3823,0.1027,0.2447,1,,900,6.6,,150.0304356856759,151.09547357835424,True,0.08506523055011478,0.0012351554651058186,0.015574925606233535,v1_Ra80_repeat_20261001,FS 0.20,2,0.030829922524829027,0.4850199178179599,0.0024482018887536905,-0.7048774311071759
1790893113.829,2026-10-01T18:18:33,900,18.76504511894996,v1_Ra80_repeat_20261001,0.1076,0.1076,1.9724,0.1076,0.2122,1,,900,6.7,,146.24347692750348,145.55518214815208,True,0.0829180760852526,0.0010711074364342242,0.013856076031688777,v1_Ra80_repeat_20261001,FS 0.20,2,0.03230087306398835,0.47446423815553224,0.002394920705987226,0.47287548900238896
1790893122.241,2026-10-01T18:18:42,1000,20.897169811320758,v1_Ra80_repeat_20261001,0.003,0.003,10.2704,0.003,0.0308,1,,1000,7.4,,326.58414319899407,327.4818265844772,True,0.16627614552362513,0.00011257055179352293,0.0009005897590521122,v1_Ra80_repeat_20261001,FS 0.20,2,0.0009005819627506045,0.03187582143320774,0.00011650255868857143,-0.2741170082155797
1790893123.298,2026-10-01T18:18:43,1000,20.897169811320758,v1_Ra80_repeat_20261001,0.0061,0.0061,9.9693,0.0061,0.0608,1,,1000,7.5,,323.1586599622119,324.353243318717,True,0.1645321044823524,0.00022221719315085046,0.0017966321325479117,v1_Ra80_repeat_20261001,FS 0.20,2,0.0018311833242595625,0.06336331593817117,0.0002315858259294563,-0.36829702835166067
1790893124.35,2026-10-01T18:18:44,1000,20.897169811320758,v1_Ra80_repeat_20261001,0.0121,0.0121,9.5929,0.0121,0.1161,1,,1000,7.5,,319.1877542782322,322.836031469177,True,0.16251036856797985,0.00042433250205285754,0.0034734206394764298,v1_Ra80_repeat_20261001,FS 0.20,2,0.0036323472497607713,0.12262744357387101,0.0004481895775370051,-1.130071254544307
1790893125.428,2026-10-01T18:18:45,1000,20.897169811320758,v1_Ra80_repeat_20261001,0.0182,0.0182,9.1317,0.0182,0.1662,1,,1000,7.5,,310.8875804250715,319.853002431023,True,0.15828444105673936,0.0006074423931195944,0.00510503858128515,v1_Ra80_repeat_20261001,FS 0.20,2,0.005463530574020334,0.17822452049495618,0.0006513906693264044,-2.80298197541069
1790893126.481,2026-10-01T18:18:46,1000,20.897169811320758,v1_Ra80_repeat_20261001,0.0243,0.0243,8.7672,0.0243,0.213,1,,1000,7.5,,306.8620122709035,308.5713287279276,True,0.15623487444379494,0.0007784911536370255,0.0066283869992965075,v1_Ra80_repeat_20261001,FS 0.20,2,0.007294713898279896,0.23200060088676658,0.000847936222670526,-0.5539453273480377
1790893127.537,2026-10-01T18:18:47,1000,20.897169811320758,v1_Ra80_repeat_20261001,0.0303,0.0303,8.7243,0.0303,0.2643,1,,1000,7.5,,306.440964342039,304.2250507429145,True,0.15602050326824882,0.0009659869103580555,0.008236102157458973,v1_Ra80_repeat_20261001,FS 0.20,2,0.009095877823781105,0.2916051525752263,0.0010657841860788203,0.7283797286624649
1790893128.598,2026-10-01T18:18:48,1000,20.897169811320758,v1_Ra80_repeat_20261001,0.0364,0.0364,8.2469,0.0364,0.3002,1,,1000,7.5,,297.5270569992233,302.35194765318454,True,0.15148210118907923,0.0010971973911823242,0.009635086179670384,v1_Ra80_repeat_20261001,FS 0.20,2,0.010927061148040668,0.33741499394995084,0.0012332140276738366,-1.5957861992989875
1790893129.654,2026-10-01T18:18:49,1000,20.897169811320758,v1_Ra80_repeat_20261001,0.0424,0.0424,7.8783,0.0424,0.334,1,,1000,7.5,,289.329077287573,293.3845862812831,True,0.147308204519811,0.00122073260711158,0.011023658905846771,v1_Ra80_repeat_20261001,FS 0.20,2,0.012728225073541877,0.38240521217898166,0.0013976482384320513,-1.3823183573188347
1790893130.71,2026-10-01T18:18:50,1000,20.897169811320758,v1_Ra80_repeat_20261001,0.0485,0.0485,7.717,0.0485,0.3743,1,,1000,7.5,,286.84238225157515,284.21009745924835,True,0.14604213550118594,0.0013680245953349233,0.012460856320817138,v1_Ra80_repeat_20261001,FS 0.20,2,0.014559408397801439,0.43554881453662014,0.0015918821553701985,0.9261756763248918
1790893131.763,2026-10-01T18:18:51,1000,20.897169811320758,v1_Ra80_repeat_20261001,0.0546,0.0546,7.4399,0.0546,0.4062,1,,1000,7.5,,284.21065113884083,284.2100950519239,True,0.14470222321642623,0.0014846155239782149,0.013648060892484867,v1_Ra80_repeat_20261001,FS 0.20,2,0.016390591722061,0.48177142036498377,0.0017608206048323218,0.0001956605084174612
1790893132.837,2026-10-01T18:18:52,1000,20.897169811320758,v1_Ra80_repeat_20261001,0.0606,0.0606,7.1482,0.0606,0.4332,1,,1000,7.5,,277.8868166447296,281.74667778615685,True,0.14148252364892624,0.0015832975011998095,0.014886475475132983,v1_Ra80_repeat_20261001,FS 0.20,2,0.01819175564756221,0.5243020626467745,0.0019162653408645984,-1.3699757426622994
1790893133.89,2026-10-01T18:18:53,1000,20.897169811320758,v1_Ra80_repeat_20261001,0.0667,0.0667,6.9025,0.0667,0.4604,1,,1000,7.5,,273.41775177501404,278.59782859280244,True,0.13920715634740183,0.001682710456030453,0.016079775798859764,v1_Ra80_repeat_20261001,FS 0.20,2,0.020022938971821773,0.5687584294580522,0.0020787483844581307,-1.859338546877043
1790893134.947,2026-10-01T18:18:54,1000,20.897169811320758,v1_Ra80_repeat_20261001,0.0728,0.0728,6.5259,0.0728,0.4751,1,,1000,7.5,,265.9782063967498,266.66670057509805,True,0.13541940683259415,0.0017364373102955438,0.01705730281153219,v1_Ra80_repeat_20261001,FS 0.20,2,0.021854122296081337,0.6021937997400553,0.0022009509195901385,-0.25818528405062713
1790893136.002,2026-10-01T18:18:56,1000,20.897169811320758,v1_Ra80_repeat_20261001,0.0788,0.0788,6.394,0.0788,0.5038,1,,1000,7.5,,264.8810995055669,266.29453605495144,True,0.13486082887070533,0.0018413325971940538,0.01816262326289801,v1_Ra80_repeat_20261001,FS 0.20,2,0.02365528622158254,0.6507648660746059,0.002378472729281053,-0.5307794032592739
1790893137.089,2026-10-01T18:18:57,1000,20.897169811320758,v1_Ra80_repeat_20261001,0.0849,0.0849,6.1269,0.0849,0.5202,1,,1000,7.5,,260.2411679857596,260.240967593154,True,0.13249846699651893,0.0019012727611360594,0.019088233127112546,v1_Ra80_repeat_20261001,FS 0.20,2,0.02548646954584211,0.6888339973395228,0.002517611142034032,7.70027130947426e-05
1790893138.142,2026-10-01T18:18:58,1000,20.897169811320758,v1_Ra80_repeat_20261001,0.0909,0.0909,5.651,0.0909,0.5137,1,,1001,7.5,,249.35484703594284,258.6290311785433,True,0.12695583572012636,0.0018775159888419718,0.019672662129047395,v1_Ra80_repeat_20261001,FS 0.20,2,0.027287633471343314,0.7050907302146447,0.0025770276806740444,-3.585902209175451
1790893139.199,2026-10-01T18:18:59,1000,20.897169811320758,v1_Ra80_repeat_20261001,0.097,0.097,5.4417,0.097,0.5278,1,,1000,7.4,,244.69576511120295,245.89408557768593,True,0.1245837236618489,0.0019290499102799159,0.020597490665780996,v1_Ra80_repeat_20261001,FS 0.20,2,0.029118816795602877,0.7437936224624757,0.0027184824188670183,-0.48733195988335254
1790893140.268,2026-10-01T18:19:00,1000,20.897169811320758,v1_Ra80_repeat_20261001,0.1031,0.1031,5.0856,0.1031,0.5243,1,,1000,7.5,,239.46865541497573,237.39426150697227,True,0.12192240751831453,0.0019162578021215608,0.020907522076777558,v1_Ra80_repeat_20261001,FS 0.20,2,0.03095000011986244,0.7663755181810318,0.0028010167195677213,0.8738180505439619
1790893141.33,2026-10-01T18:19:01,1000,20.897169811320758,v1_Ra80_repeat_20261001,0.1091,0.1091,5.0555,0.1091,0.5516,1,,1000,7.5,,236.99275483904785,240.00005722045898,True,0.1206618343611721,0.002016036245756729,0.02222596214026325,v1_Ra80_repeat_20261001,FS 0.20,2,0.03275116404536365,0.8207726751089136,0.002999832238118712,-1.2530423601727292
1790893142.386,2026-10-01T18:19:02,1000,20.897169811320758,v1_Ra80_repeat_20261001,0.1152,0.1152,4.6318,0.1152,0.5336,1,,1000,7.5,,228.28537473171764,229.787368092326,True,0.11622858298627675,0.001950248260942332,0.022320766996214228,v1_Ra80_repeat_20261001,FS 0.20,2,0.03458234736962321,0.8317883318103837,0.00304009323010743,-0.6536448774698944
1790893143.441,2026-10-01T18:19:03,1000,20.897169811320758,v1_Ra80_repeat_20261001,0.1213,0.1213,4.2938,0.1213,0.5208,1,,1000,7.5,,220.29175590472505,223.58977218141263,True,0.1121587340514265,0.0019034656939632061,0.022575850109826438,v1_Ra80_repeat_20261001,FS 0.20,2,0.03641353069388278,0.8494829919825791,0.0031047652320354466,-1.4750300268706718
1790893144.498,2026-10-01T18:19:04,1000,20.897169811320758,v1_Ra80_repeat_20261001,0.1273,0.1273,3.73,0.1273,0.4748,1,,1000,7.5,,208.91436767589084,212.71979048028697,True,0.10636608214161312,0.0017353408438819703,0.0217027008206346,v1_Ra80_repeat_20261001,FS 0.20,2,0.03821469461938398,0.834920572963221,0.0030515412208517567,-1.7889368900768976
1790893145.552,2026-10-01T18:19:05,1000,20.897169811320758,v1_Ra80_repeat_20261001,0.1334,0.1334,3.5761,0.1334,0.4771,1,,1000,7.5,,203.92144761265172,206.59006967045457,True,0.10382400065874973,0.0017437470863860321,0.022341786282346565,v1_Ra80_repeat_20261001,FS 0.20,2,0.040045877943643546,0.8706489941183303,0.0031821246002070175,-1.2917474988317412
1790893146.63,2026-10-01T18:19:06,1000,20.897169811320758,v1_Ra80_repeat_20261001,0.1394,0.1394,3.3626,0.1394,0.4687,1,,1000,7.5,,200.77965598844685,202.82486388428538,True,0.10222439757883874,0.0017130460268059804,0.02229187657283277,v1_Ra80_repeat_20261001,FS 0.20,2,0.04184704186914475,0.8965722416395431,0.0032768711676662058,-1.0083615276110125
1790893147.686,2026-10-01T18:19:07,1000,20.897169811320758,v1_Ra80_repeat_20261001,0.1455,0.1455,2.8406,0.1455,0.4133,1,,1000,7.4,,187.99600587367422,193.21312011621217,True,0.0957157653899457,0.001510565229099449,0.020993660266616837,v1_Ra80_repeat_20261001,FS 0.20,2,0.043678225193404314,0.8775344237775664,0.00320729007475493,-2.7001863224402123
1790893148.742,2026-10-01T18:19:08,1000,20.897169811320758,v1_Ra80_repeat_20261001,0.1516,0.1516,2.2541,0.1516,0.3417,1,,1000,7.5,,184.0828534939078,180.67735716324478,True,0.09372343383281402,0.0012488752450599606,0.01772568482798984,v1_Ra80_repeat_20261001,FS 0.20,2,0.045509408517663885,0.8437756093863154,0.003083905387614727,1.8848495373917418
1790893157.187,2026-10-01T18:19:17,1100,23.029294503691553,v1_Ra80_repeat_20261001,0.0037,0.0037,12.3217,0.0037,0.0456,1,,1100,8.2,,390.5479479436963,389.17819303596843,True,0.18043303424699839,0.00012452582725201809,0.0011149666170111395,v1_Ra80_repeat_20261001,FS 0.20,2,0.0011107177540590788,0.046978319411838304,0.00012828978262431368,0.35196085809494626
1790893158.271,2026-10-01T18:19:18,1100,23.029294503691553,v1_Ra80_repeat_20261001,0.0074,0.0074,12.0819,0.0074,0.0894,1,,1100,8.2,,389.0913648866672,386.5595843224128,True,0.17976009331363463,0.00024413616132303544,0.002194104500349399,v1_Ra80_repeat_20261001,FS 0.20,2,0.0022214355081181577,0.09270078172919202,0.0002531500335907105,0.6549522161485966
1790893159.327,2026-10-01T18:19:19,1100,23.029294503691553,v1_Ra80_repeat_20261001,0.0147,0.0147,11.7469,0.0147,0.1727,1,,1100,8.2,,387.4997292606622,386.8578024211786,True,0.17902475813410607,0.00047161426242156844,0.004255908832413312,v1_Ra80_repeat_20261001,FS 0.20,2,0.004412851617477962,0.18138960896426634,0.0004953441033156873,0.16593353823188828
1790893160.38,2026-10-01T18:19:20,1100,23.029294503691553,v1_Ra80_repeat_20261001,0.0221,0.0221,11.2813,0.0221,0.2493,1,,1101,8.2,,380.70147594448827,383.2427463003228,True,0.17588396715088514,0.0006807958055685989,0.006253297633959533,v1_Ra80_repeat_20261001,FS 0.20,2,0.00663428712559612,0.2656141208075538,0.0007253468886705725,-0.6630967918811126
1790893161.458,2026-10-01T18:19:21,1100,23.029294503691553,v1_Ra80_repeat_20261001,0.0295,0.0295,10.8107,0.0295,0.3189,1,,1100,8.2,,368.70805390501573,376.3158262487707,True,0.1703430097832156,0.0008708615419006265,0.008259300682118621,v1_Ra80_repeat_20261001,FS 0.20,2,0.008855722633714277,0.345015204272903,0.0009421777133027906,-2.0216456000778704
1790893162.51,2026-10-01T18:19:22,1100,23.029294503691553,v1_Ra80_repeat_20261001,0.0368,0.0368,10.2789,0.0368,0.3783,1,,1101,8.2,,358.7597169533183,363.1606855665723,True,0.1657468811097522,0.00103307281687365,0.010069410604340226,v1_Ra80_repeat_20261001,FS 0.20,2,0.011047138743074081,0.41621649132878097,0.0011366162916370364,-1.211851609539727
1790893163.563,2026-10-01T18:19:23,1100,23.029294503691553,v1_Ra80_repeat_20261001,0.0442,0.0442,9.9365,0.0442,0.4392,1,,1100,8.2,,351.5196277255427,355.3644108225683,True,0.16240196206853147,0.001199380336164174,0.011931200222003623,v1_Ra80_repeat_20261001,FS 0.20,2,0.01326857425119224,0.4912413049082255,0.0013414962691679305,-1.0819268840472795
1790893164.616,2026-10-01T18:19:24,1100,23.029294503691553,v1_Ra80_repeat_20261001,0.0515,0.0515,9.744,0.0515,0.5018,1,,1100,8.3,,349.83197039806555,352.608645733676,True,0.1616222648918617,0.0013703302656811992,0.013697538910346778,v1_Ra80_repeat_20261001,FS 0.20,2,0.015459990360552043,0.5699078932928734,0.001556321312933112,-0.7874666061670088
1790893165.669,2026-10-01T18:19:25,1100,23.029294503691553,v1_Ra80_repeat_20261001,0.0589,0.0589,9.1643,0.0589,0.5398,1,,1100,8.3,,338.5488321553453,339.6604766554333,True,0.156409458424227,0.0014741017883912139,0.015225898916984107,v1_Ra80_repeat_20261001,FS 0.20,2,0.017681425868670202,0.6263564369864133,0.0017104726638236766,-0.32728108699432434
1790893166.724,2026-10-01T18:19:26,1100,23.029294503691553,v1_Ra80_repeat_20261001,0.0663,0.0663,8.9929,0.0663,0.5962,1,,1100,8.3,,338.0838925774583,338.9678639856754,True,0.15619465647936628,0.0016281205747292363,0.016839875395657577,v1_Ra80_repeat_20261001,FS 0.20,2,0.01990286137678836,0.703381552302015,0.0019208151244345844,-0.26078324883755943
1790893167.78,2026-10-01T18:19:27,1100,23.029294503691553,v1_Ra80_repeat_20261001,0.0736,0.0736,8.8065,0.0736,0.6482,1,,1100,8.3,,335.38451868562333,336.18072370744585,True,0.15494754655487336,0.001770123711069257,0.01845599215786143,v1_Ra80_repeat_20261001,FS 0.20,2,0.022094277486148162,0.7778606005074665,0.0021242047097575403,-0.2368383924699402
1790893168.867,2026-10-01T18:19:28,1100,23.029294503691553,v1_Ra80_repeat_20261001,0.081,0.081,8.2401,0.081,0.6674,1,,1100,8.3,,323.88083043462075,325.080148912474,True,0.1496328460498814,0.0018225556383332647,0.019677609609125554,v1_Ra80_repeat_20261001,FS 0.20,2,0.024315712994266322,0.8220094459371636,0.0022447676812346125,-0.36893008750779055
1790893169.923,2026-10-01T18:19:29,1100,23.029294503691553,v1_Ra80_repeat_20261001,0.0884,0.0884,7.902,0.0884,0.6985,1,,1101,8.2,,318.6987145568196,326.6255045518278,True,0.1472387100761187,0.001907484437182777,0.02092943385183354,v1_Ra80_repeat_20261001,FS 0.20,2,0.02653714850238448,0.8802348629889225,0.0024037713703895258,-2.426874167675541
1790893170.979,2026-10-01T18:19:30,1100,23.029294503691553,v1_Ra80_repeat_20261001,0.0957,0.0957,7.5304,0.0957,0.7207,1,,1100,8.3,,310.36782736787245,315.4415607037208,True,0.14338984270558042,0.001968108853081786,0.02217426370363587,v1_Ra80_repeat_20261001,FS 0.20,2,0.028728564611744282,0.9313263710151776,0.002543293570006248,-1.6084542964247772
1790893172.066,2026-10-01T18:19:32,1100,23.029294503691553,v1_Ra80_repeat_20261001,0.1031,0.1031,7.2541,0.1031,0.7479,1,,1100,8.3,,307.0423556803689,307.5584032320762,True,0.14185347578818147,0.0020423874167057967,0.023260370382711785,v1_Ra80_repeat_20261001,FS 0.20,2,0.03095000011986244,0.9899755181810318,0.0027034543938758387,-0.1677884740862945
1790893173.122,2026-10-01T18:19:33,1100,23.029294503691553,v1_Ra80_repeat_20261001,0.1104,0.1104,7.0546,0.1104,0.7788,1,,1100,8.3,,304.3679916903784,304.2250006867846,True,0.14061792043080326,0.002126770049646309,0.02443421247909486,v1_Ra80_repeat_20261001,FS 0.20,2,0.033141416229222245,1.0540323275360566,0.0028783826214209985,0.047001726771633834
1790893174.179,2026-10-01T18:19:34,1100,23.029294503691553,v1_Ra80_repeat_20261001,0.1178,0.1178,6.5764,0.1178,0.7747,1,,1100,8.3,,295.7194304311088,297.5672582149059,True,0.1366222877355163,0.0021155736485118076,0.025016415235254188,v1_Ra80_repeat_20261001,FS 0.20,2,0.035362851737340405,1.0857052048160065,0.0029648758504722574,-0.620978193260302
1790893175.235,2026-10-01T18:19:35,1100,23.029294503691553,v1_Ra80_repeat_20261001,0.1252,0.1252,6.3332,0.1252,0.7929,1,,1100,8.3,,290.99801745736613,291.205590936147,True,0.1344409963645824,0.0021652747462308146,0.026019549304191196,v1_Ra80_repeat_20261001,FS 0.20,2,0.037584287245458564,1.1418546537180179,0.00311821042446936,-0.07128073266505774
1790893176.29,2026-10-01T18:19:36,1100,23.029294503691553,v1_Ra80_repeat_20261001,0.1325,0.1325,6.2188,0.1325,0.824,1,,1100,8.3,,288.89125406999483,288.96748641872136,True,0.1334676723145513,0.0022502035450803265,0.02723730911063453,v1_Ra80_repeat_20261001,FS 0.20,2,0.039775703354818365,1.2125239228938463,0.003311196152658298,-0.026380943292725334
1790893177.346,2026-10-01T18:19:37,1100,23.029294503691553,v1_Ra80_repeat_20261001,0.1399,0.1399,5.7474,0.1399,0.8041,1,,1101,8.2,,281.1627644434452,286.184189484959,True,0.12989711243629062,0.002195860037134819,0.027310121948797745,v1_Ra80_repeat_20261001,FS 0.20,2,0.041997138862936524,1.2348971019099533,0.003372293490931066,-1.7546130170750462
1790893178.402,2026-10-01T18:19:38,1100,23.029294503691553,v1_Ra80_repeat_20261001,0.1473,0.1473,5.4339,0.1473,0.8004,1,,1100,8.3,,276.92312771040406,279.65716515174677,True,0.1279384015433635,0.0021857559678183174,0.027600645169074567,v1_Ra80_repeat_20261001,FS 0.20,2,0.04421857437105468,1.2756468525481215,0.0034835741139251745,-0.9776389744418523
1790893179.458,2026-10-01T18:19:39,1100,23.029294503691553,v1_Ra80_repeat_20261001,0.1546,0.1546,5.1462,0.1546,0.7956,1,,1101,8.3,,272.09941851748454,274.4236992300159,True,0.12570984934999985,0.0021726479860023156,0.027921486950720997,v1_Ra80_repeat_20261001,FS 0.20,2,0.04640999048041448,1.3168285815447536,0.003596034396183377,-0.8469679255300844
1790893180.51,2026-10-01T18:19:40,1100,23.029294503691553,v1_Ra80_repeat_20261001,0.162,0.162,4.7159,0.162,0.764,1,,1101,8.2,,260.2056576016139,266.61247654261047,True,0.12021493539139856,0.002086353772380303,0.02803806288678956,v1_Ra80_repeat_20261001,FS 0.20,2,0.048631425988532644,1.334002062297018,0.003642932244812156,-2.4030454328616613
1790893181.566,2026-10-01T18:19:41,1100,23.029294503691553,v1_Ra80_repeat_20261001,0.1694,0.1694,4.5305,0.1694,0.7675,1,,1100,8.3,,258.12920061607656,257.3674504044277,True,0.11925561288988105,0.0020959116757878044,0.028393088081044158,v1_Ra80_repeat_20261001,FS 0.20,2,0.050852861496650796,1.388452114671343,0.0037916260565627824,0.2959776811138459
1790893182.651,2026-10-01T18:19:42,1100,23.029294503691553,v1_Ra80_repeat_20261001,0.1767,0.1767,4.2863,0.1767,0.7574,1,,1100,8.3,,252.35536099314686,254.1177557579715,True,0.11658810072420213,0.0020683302973833004,0.028660525401180227,v1_Ra80_repeat_20261001,FS 0.20,2,0.053044277606010604,1.430746303488779,0.003907124276967262,-0.6935346802382392
1790893183.707,2026-10-01T18:19:43,1100,23.029294503691553,v1_Ra80_repeat_20261001,0.1841,0.1841,3.6516,0.1841,0.6723,1,,1101,8.2,,240.37054824547113,244.44746394988215,True,0.11105112084674802,0.0018359367031037666,0.026708730089031758,v1_Ra80_repeat_20261001,FS 0.20,2,0.05526571311412876,1.4009200859772004,0.003825673960971035,-1.6678085501622975
1790893184.763,2026-10-01T18:19:44,1100,23.029294503691553,v1_Ra80_repeat_20261001,0.1914,0.1914,3.2473,0.1914,0.6215,1,,1100,8.3,,228.57595537909674,229.78695148946713,True,0.10560202249712686,0.0016972105622177465,0.025964620023368926,v1_Ra80_repeat_20261001,FS 0.20,2,0.057457129223488564,1.4067795761234057,0.0038416752297809305,-0.5270082145747534
1790893185.819,2026-10-01T18:19:45,1100,23.029294503691553,v1_Ra80_repeat_20261001,0.1988,0.1988,2.4427,0.1988,0.4856,1,,1100,8.2,,219.46652092851764,219.3570040500333,True,0.10139346652635248,0.0013260908270521926,0.02112913806765007,v1_Ra80_repeat_20261001,FS 0.20,2,0.05967856473160672,1.3304770887259223,0.0036333061428388625,0.049926319407300745
1790893199.739,2026-10-01T18:19:59,1200,25.161419196062347,v1_Ra80_repeat_20261001,0.0044,0.0044,14.0472,0.0044,0.0618,1,,1200,9.1,,444.7346564419604,446.8759367610801,True,0.1880564208885577,0.00012939561801277545,0.001326963213764665,v1_Ra80_repeat_20261001,FS 0.20,2,0.0013208535453675533,0.06350029365224406,0.0001329556592415023,-0.4791666194066124
1790893200.817,2026-10-01T18:20:00,1200,25.161419196062347,v1_Ra80_repeat_20261001,0.0088,0.0088,13.7206,0.0088,0.1207,1,,1200,9.0,,438.81255842960627,437.6988594291163,True,0.18555225679830106,0.00025271927336799343,0.0026266342558571164,v1_Ra80_repeat_20261001,FS 0.20,2,0.0026417070907351066,0.12487009838197378,0.00026145054290374706,0.25444411757036267
1790893201.869,2026-10-01T18:20:01,1200,25.161419196062347,v1_Ra80_repeat_20261001,0.0176,0.0176,13.0267,0.0176,0.2293,1,,1200,9.0,,430.00006990074553,435.6343529199876,True,0.18182588866428254,0.00048010380599238525,0.00509221709560122,v1_Ra80_repeat_20261001,FS 0.20,2,0.005283414181470213,0.24071824107389012,0.0005040110933770918,-1.2933514038726113
1790893202.926,2026-10-01T18:20:02,1200,25.161419196062347,v1_Ra80_repeat_20261001,0.0264,0.0264,12.6196,0.0264,0.3332,1,,1200,9.0,,424.9738116185313,429.0006738043189,True,0.1797005311520599,0.0006976475715510805,0.0074871098766652235,v1_Ra80_repeat_20261001,FS 0.20,2,0.00792512127220532,0.35494442807574905,0.0007431756250979397,-0.9386610398715689
1790893203.982,2026-10-01T18:20:03,1200,25.161419196062347,v1_Ra80_repeat_20261001,0.0352,0.0352,12.3139,0.0352,0.4334,1,,1200,9.1,,421.7075590569834,420.5881907454682,True,0.17831939352865783,0.0009074443502708233,0.009814064394331636,v1_Ra80_repeat_20261001,FS 0.20,2,0.010566828362940426,0.46854865938755047,0.0009810379182930342,0.2661435428158887
1790893205.034,2026-10-01T18:20:05,1200,25.161419196062347,v1_Ra80_repeat_20261001,0.0439,0.0439,11.9713,0.0439,0.5255,1,,1200,9.0,,415.3845392032963,417.4182331740326,True,0.17564569930297094,0.00110028150915394,0.01208074659040569,v1_Ra80_repeat_20261001,FS 0.20,2,0.01317851605491718,0.5769263462719241,0.0012079569761117815,-0.4872077473166758
1790893206.121,2026-10-01T18:20:06,1200,25.161419196062347,v1_Ra80_repeat_20261001,0.0527,0.0527,11.4935,0.0527,0.6057,1,,1200,9.1,,410.2552154744217,409.61564439201084,True,0.17347676048055477,0.001268202683338804,0.014098562854726895,v1_Ra80_repeat_20261001,FS 0.20,2,0.015820223145652283,0.6766516884273615,0.00141675992562211,0.15613932015710041
1790893207.173,2026-10-01T18:20:07,1200,25.161419196062347,v1_Ra80_repeat_20261001,0.0615,0.0615,11.0725,0.0615,0.681,1,,1200,9.1,,401.8512835323577,405.4995068176538,True,0.1699231508404618,0.0014258643344126226,0.0161827801508346,v1_Ra80_repeat_20261001,FS 0.20,2,0.01846193023638739,0.7745550748927412,0.0016217481003345925,-0.8996862447323895
1790893208.229,2026-10-01T18:20:08,1200,25.161419196062347,v1_Ra80_repeat_20261001,0.0703,0.0703,10.5408,0.0703,0.741,1,,1200,9.0,,391.0713327784947,393.13147639490467,True,0.16536483966151064,0.001551491148017259,0.018093959277433347,v1_Ra80_repeat_20261001,FS 0.20,2,0.021103637327122497,0.8602365056680635,0.001801146185891092,-0.5240342582847557
1790893209.286,2026-10-01T18:20:09,1200,25.161419196062347,v1_Ra80_repeat_20261001,0.0791,0.0791,10.1187,0.0791,0.8004,1,,1200,9.0,,386.6930770886029,385.7142732346915,True,0.16351349058661915,0.0016758616934858489,0.019765693879474043,v1_Ra80_repeat_20261001,FS 0.20,2,0.023745344417857604,0.9483959807533285,0.0019857327516247447,0.2537639703355854
1790893210.341,2026-10-01T18:20:10,1200,25.161419196062347,v1_Ra80_repeat_20261001,0.0879,0.0879,9.7477,0.0879,0.8568,1,,1200,9.0,,378.68851938950456,384.2107910194045,True,0.16012875667869436,0.001793950898274207,0.021605717880379235,v1_Ra80_repeat_20261001,FS 0.20,2,0.026387051508592715,1.036633500148536,0.002170482724991365,-1.437302584669209
1790893211.427,2026-10-01T18:20:11,1200,25.161419196062347,v1_Ra80_repeat_20261001,0.0967,0.0967,9.3428,0.0967,0.9034,1,,1200,9.0,,367.7969908729665,371.99589570459466,True,0.15552326474961392,0.0018915210568404746,0.02345542445814278,v1_Ra80_repeat_20261001,FS 0.20,2,0.029028758599327815,1.118149063853686,0.002341158400449094,-1.128750311525628
1790893212.479,2026-10-01T18:20:12,1200,25.161419196062347,v1_Ra80_repeat_20261001,0.1055,0.1055,8.9783,0.1055,0.9472,1,,1200,9.1,,363.9760563280902,368.23902222803895,True,0.15390757938632885,0.0019832286307718593,0.02485079325560167,v1_Ra80_repeat_20261001,FS 0.20,2,0.031670465690062925,1.1999426718687787,0.0025124162395851394,-1.1576627251928873
1790893213.535,2026-10-01T18:20:13,1200,25.161419196062347,v1_Ra80_repeat_20261001,0.1143,0.1143,8.5736,0.1143,0.98,1,,1200,9.1,,356.493804550189,357.56591571665126,True,0.1507437029733766,0.0020519046222090605,0.026250976971707612,v1_Ra80_repeat_20261001,FS 0.20,2,0.03431217278079803,1.2738143241938138,0.002667087244540201,-0.2998359517331184
1790893214.589,2026-10-01T18:20:14,1200,25.161419196062347,v1_Ra80_repeat_20261001,0.1231,0.1231,8.2303,0.1231,1.0131,1,,1200,9.1,,354.09819079369527,353.7348757903544,True,0.14973071569578988,0.0021212087477142844,0.027321213782818914,v1_Ra80_repeat_20261001,FS 0.20,2,0.03695387987153314,1.3510640208287914,0.002828831131876485,0.10270827905478619
1790893215.789,2026-10-01T18:20:15,1200,25.161419196062347,v1_Ra80_repeat_20261001,0.1318,0.1318,8.2462,0.1318,1.0868,1,,1201,9.0,,352.8066538811686,351.4346467290409,True,0.14918458823372438,0.002275520350425313,0.029416042512145652,v1_Ra80_repeat_20261001,FS 0.20,2,0.03956556756350989,1.471437792748578,0.003080867355340719,0.3904017901756651
1790893216.845,2026-10-01T18:20:16,1200,25.161419196062347,v1_Ra80_repeat_20261001,0.1406,0.1406,7.6097,0.1406,1.0699,1,,1200,9.0,,342.4393811249047,345.968050068592,True,0.14480077829069854,0.0022401354645933407,0.02983533138997982,v1_Ra80_repeat_20261001,FS 0.20,2,0.042207274654244994,1.5048086002271917,0.003150738492189919,-1.0199406976996062
1790893217.896,2026-10-01T18:20:17,1200,25.161419196062347,v1_Ra80_repeat_20261001,0.1494,0.1494,7.2962,0.1494,1.0901,1,,1200,9.0,,335.9373973218226,335.15667433330236,True,0.14205140900955152,0.0022824298251735682,0.030986988322399236,v1_Ra80_repeat_20261001,FS 0.20,2,0.0448489817449801,1.5783574520157477,0.003304733623764518,0.23294269465861106
1790893218.949,2026-10-01T18:20:18,1200,25.161419196062347,v1_Ra80_repeat_20261001,0.1582,0.1582,6.8499,0.1582,1.0837,1,,1200,9.0,,327.2725854044211,333.9889445358665,True,0.13838748605401793,0.002269029631722407,0.031620652542385004,v1_Ra80_repeat_20261001,FS 0.20,2,0.04749068883571521,1.6283843481142466,0.003409478949620929,-2.0109525304135234
1790893220.003,2026-10-01T18:20:20,1200,25.161419196062347,v1_Ra80_repeat_20261001,0.167,0.167,6.4711,0.167,1.0807,1,,1200,9.0,,326.10229792552445,325.0383990860428,True,0.13789262901622218,0.002262748291042175,0.03164628058622743,v1_Ra80_repeat_20261001,FS 0.20,2,0.05013239592645032,1.6848892885226874,0.0035277878765614668,0.32731481648728966
1790893221.079,2026-10-01T18:20:21,1200,25.161419196062347,v1_Ra80_repeat_20261001,0.1758,0.1758,6.3158,0.1758,1.1103,1,,1200,9.1,,317.8829812317531,326.1256839933651,True,0.13441708408804784,0.002324724185753796,0.03335373274093605,v1_Ra80_repeat_20261001,FS 0.20,2,0.05277410301718543,1.7770722732410713,0.0037207987872070578,-2.527462008107184
1790893222.134,2026-10-01T18:20:22,1200,25.161419196062347,v1_Ra80_repeat_20261001,0.1846,0.1846,6.0359,0.1846,1.1142,1,,1201,9.0,,315.3230104926479,317.6474259060569,True,0.1333345983231041,0.0023328899286380973,0.033742625503150415,v1_Ra80_repeat_20261001,FS 0.20,2,0.05541581010792052,1.8466333022693975,0.003866444294338528,-0.7317595622816309
1790893223.188,2026-10-01T18:20:23,1200,25.161419196062347,v1_Ra80_repeat_20261001,0.1934,0.1934,5.6197,0.1934,1.0868,1,,1200,9.1,,310.0303011099413,308.86722015060855,True,0.13109657174051645,0.002275520350425313,0.033474713574709776,v1_Ra80_repeat_20261001,FS 0.20,2,0.05805751719865563,1.8879723756076665,0.003952999228686113,0.3765634173693355
1790893224.243,2026-10-01T18:20:24,1200,25.161419196062347,v1_Ra80_repeat_20261001,0.2022,0.2022,5.1831,0.2022,1.048,1,,1200,9.1,,299.51890276056474,306.40594554575955,True,0.12665181817007906,0.002194281677627648,0.03341245821008666,v1_Ra80_repeat_20261001,FS 0.20,2,0.06069922428939074,1.920989493255878,0.004022129816762017,-2.2476857532669148
1790893225.298,2026-10-01T18:20:25,1200,25.161419196062347,v1_Ra80_repeat_20261001,0.211,0.211,4.8209,0.211,1.0172,1,,1200,9.1,,293.79708553105957,295.89088690106564,True,0.12423234297611102,0.002129793246643935,0.03306208592650475,v1_Ra80_repeat_20261001,FS 0.20,2,0.06334093138012585,1.965084655214032,0.0041144553949650714,-0.70762617664063
1790893226.376,2026-10-01T18:20:26,1200,25.161419196062347,v1_Ra80_repeat_20261001,0.2197,0.2197,4.3255,0.2197,0.9503,1,,1200,9.0,,280.51930992943426,284.95590901235914,True,0.11861782447427052,0.0019897193494747656,0.03234963235684725,v1_Ra80_repeat_20261001,FS 0.20,2,0.0659526190721026,1.9752545121692315,0.004135748840366682,-1.556942299705899
1790893227.43,2026-10-01T18:20:27,1200,25.161419196062347,v1_Ra80_repeat_20261001,0.2285,0.2285,4.0536,0.2285,0.9262,1,,1201,9.0,,274.1360445317696,273.930713997936,True,0.11591865536999978,0.0019392592460102365,0.032263391385140575,v1_Ra80_repeat_20261001,FS 0.20,2,0.06859432616283771,2.0321707849710213,0.004254919006939034,0.0749571053340059
1790893228.487,2026-10-01T18:20:28,1200,25.161419196062347,v1_Ra80_repeat_20261001,0.2373,0.2373,3.3527,0.2373,0.7956,1,,1201,9.0,,263.0058492464286,269.9999892176379,True,0.11121224299841281,0.001665811548397478,0.02888688744072821,v1_Ra80_repeat_20261001,FS 0.20,2,0.07123603325357282,1.9856651020827536,0.004157546327676355,-2.5904223150066685
1790893229.539,2026-10-01T18:20:29,1200,25.161419196062347,v1_Ra80_repeat_20261001,0.2461,0.2461,3.133,0.2461,0.771,1,,1200,9.1,,263.75619170455593,255.8826894451613,True,0.11152952593346682,0.0016143045548195772,0.027914065712922195,v1_Ra80_repeat_20261001,FS 0.20,2,0.07387774034430793,2.048237463504429,0.004288559100761734,3.0769968365062184
1790893240.713,2026-10-01T18:20:40,1300,27.293543888433145,v1_Ra80_repeat_20261001,0.0052,0.0052,16.3072,0.0052,0.0848,1,,1300,9.9,,512.9852540944057,514.2857732541074,True,0.19997111937857648,0.00013910814431938217,0.0015785645766389575,v1_Ra80_repeat_20261001,FS 0.20,2,0.001561008735434381,0.08689211269651417,0.00014254010086323953,-0.25287869650229
1790893241.768,2026-10-01T18:20:41,1300,27.293543888433145,v1_Ra80_repeat_20261001,0.0103,0.0103,15.6579,0.0103,0.1613,1,,1300,9.9,,504.6510879612697,509.27924416135966,True,0.19672230760976192,0.00026460075092825874,0.0030522108759658043,v1_Ra80_repeat_20261001,FS 0.20,2,0.0030919980721104087,0.16648795983518092,0.00027311121632301704,-0.9087659183344976
1790893242.821,2026-10-01T18:20:42,1300,27.293543888433145,v1_Ra80_repeat_20261001,0.0207,0.0207,14.9958,0.0207,0.3104,1,,1300,9.9,,495.34854680541685,502.3258042108864,True,0.19309600538537317,0.0005091883018483045,0.00598387070934079,v1_Ra80_repeat_20261001,FS 0.20,2,0.006214015542979171,0.3251047062073143,0.0005333102876178941,-1.3889904414586596
1790893243.878,2026-10-01T18:20:43,1300,27.293543888433145,v1_Ra80_repeat_20261001,0.031,0.031,14.8833,0.031,0.4614,1,,1300,9.9,,499.9999994684231,498.8469958772612,True,0.19490922747769213,0.0007568926626056948,0.00881209089848067,v1_Ra80_repeat_20261001,FS 0.20,2,0.00930601361508958,0.48976722476308987,0.0008034270021845186,0.23113371448377773
1790893244.929,2026-10-01T18:20:44,1300,27.293543888433145,v1_Ra80_repeat_20261001,0.0414,0.0414,14.0086,0.0414,0.58,1,,1300,9.9,,481.14786504315816,487.17210232744037,True,0.1875603175556111,0.0009514472135052081,0.011511205643822518,v1_Ra80_repeat_20261001,FS 0.20,2,0.012428031085958342,0.62644080712495,0.001027629931663771,-1.2365727133187066
1790893245.999,2026-10-01T18:20:45,1300,27.293543888433145,v1_Ra80_repeat_20261001,0.0517,0.0517,13.3593,0.0517,0.6907,1,,1300,9.9,,465.65920763243867,466.30456954165993,True,0.18152255304801207,0.0011330423971862883,0.014164219333595882,v1_Ra80_repeat_20261001,FS 0.20,2,0.015520029158068752,0.7592778844013203,0.0012455393575685615,-0.13839922475038513
1790893247.05,2026-10-01T18:20:47,1300,27.293543888433145,v1_Ra80_repeat_20261001,0.0621,0.0621,12.7717,0.0621,0.7931,1,,1299,9.9,,455.6822219454034,462.7669132805181,True,0.17763333989824517,0.001301022043156863,0.016620238309139786,v1_Ra80_repeat_20261001,FS 0.20,2,0.018642046628937512,0.8883083027529071,0.0014572042403237831,-1.5309416321257485
1790893248.106,2026-10-01T18:20:48,1300,27.293543888433145,v1_Ra80_repeat_20261001,0.0724,0.0724,12.228,0.0724,0.8853,1,,1299,9.9,,445.83335568513576,450.00006683145557,True,0.1737940700655237,0.0014522693415795875,0.018962224695286873,v1_Ra80_repeat_20261001,FS 0.20,2,0.021734044701047922,1.011119938749872,0.0016586676693846937,-0.9259356727785661
1790893249.159,2026-10-01T18:20:49,1300,27.293543888433145,v1_Ra80_repeat_20261001,0.0827,0.0827,11.8648,0.0827,0.9812,1,,1300,9.9,,437.8760175682146,443.87695603093107,True,0.1706921528119301,0.0016095862170539832,0.021398225602173773,v1_Ra80_repeat_20261001,FS 0.20,2,0.02482604277315833,1.1418483841585338,0.0018731180402638992,-1.3519373739010465
1790893250.333,2026-10-01T18:20:50,1300,27.293543888433145,v1_Ra80_repeat_20261001,0.0931,0.0931,11.398,0.0931,1.0612,1,,1300,9.9,,432.78902813738114,434.69392581071133,True,0.16870915044951998,0.0017408203154684946,0.023414903977950183,v1_Ra80_repeat_20261001,FS 0.20,2,0.027948060244027094,1.2612933878087451,0.002069058757315818,-0.4382158480308984
1790893251.422,2026-10-01T18:20:51,1300,27.293543888433145,v1_Ra80_repeat_20261001,0.1034,0.1034,11.0043,0.1034,1.1378,1,,1299,10.0,,428.56000551746547,428.9994901663931,True,0.16706059938410042,0.0018664769647003892,0.0253527849428654,v1_Ra80_repeat_20261001,FS 0.20,2,0.031040058316137504,1.3811963919380017,0.0022657507903669984,-0.10244409585595804
1790893252.479,2026-10-01T18:20:52,1300,27.293543888433145,v1_Ra80_repeat_20261001,0.1138,0.1138,10.6234,0.1138,1.2089,1,,1300,9.9,,423.5590974167053,429.0005201332633,True,0.16511115311281568,0.0019831112696662868,0.02725509784262807,v1_Ra80_repeat_20261001,FS 0.20,2,0.034162075787006266,1.5002982315779398,0.002461128572175211,-1.2683953657836367
1790893253.536,2026-10-01T18:20:53,1300,27.293543888433145,v1_Ra80_repeat_20261001,0.1241,0.1241,10.2106,0.1241,1.2671,1,,1300,9.9,,418.4103968262434,420.5879927498131,True,0.16310409460148015,0.0020785840762628433,0.028918769216266058,v1_Ra80_repeat_20261001,FS 0.20,2,0.03725407385911667,1.6102757944277908,0.002641538651005529,-0.5177503783055037
1790893254.592,2026-10-01T18:20:54,1300,27.293543888433145,v1_Ra80_repeat_20261001,0.1345,0.1345,9.6449,0.1345,1.2972,1,,1300,9.9,,404.63494473092396,412.4999384832563,True,0.15773416914366173,0.0021279609057913034,0.030613637531888886,v1_Ra80_repeat_20261001,FS 0.20,2,0.04037609132998544,1.6969344700574556,0.0027836958155812125,-1.9066654364244484
1790893255.67,2026-10-01T18:20:55,1300,27.293543888433145,v1_Ra80_repeat_20261001,0.1448,0.1448,9.2957,0.1448,1.346,1,,1300,9.9,,398.2151628724296,400.0002384188065,True,0.15523161969577226,0.0022080137058241556,0.03227740779981075,v1_Ra80_repeat_20261001,FS 0.20,2,0.043468089402095844,1.8059865916279019,0.0029625877762623027,-0.44626862059714556
1790893256.727,2026-10-01T18:20:56,1300,27.293543888433145,v1_Ra80_repeat_20261001,0.1551,0.1551,8.9477,0.1551,1.3878,1,,1300,9.9,,389.2854460655144,392.848437307066,True,0.15175065128321066,0.0022765835222457375,0.034043178175085495,v1_Ra80_repeat_20261001,FS 0.20,2,0.04656008747420625,1.9122555226100444,0.0031369141180987454,-0.9069633230503582
1790893257.783,2026-10-01T18:20:57,1300,27.293543888433145,v1_Ra80_repeat_20261001,0.1655,0.1655,8.6657,0.1655,1.4342,1,,1300,9.9,,390.90897741405115,390.00003813580406,True,0.15238353376574176,0.0023526992993261543,0.03503526896093098,v1_Ra80_repeat_20261001,FS 0.20,2,0.049682104945075016,2.0280287835383337,0.0033268316120791458,0.2330613306069873
1790893258.836,2026-10-01T18:20:58,1300,27.293543888433145,v1_Ra80_repeat_20261001,0.1758,0.1758,8.0993,0.1758,1.4239,1,,1300,9.9,,383.09002464916375,385.7148112101413,True,0.14933556167632372,0.002335802909155286,0.035493598196834876,v1_Ra80_repeat_20261001,FS 0.20,2,0.05277410301718543,2.090672273241071,0.0034295936357376143,-0.6804992924027364
1790893259.891,2026-10-01T18:20:59,1300,27.293543888433145,v1_Ra80_repeat_20261001,0.1862,0.1862,7.7734,0.1862,1.4474,1,,1300,9.9,,375.3308780208499,373.68436411795756,True,0.14631090312268652,0.0023743529255645488,0.03682524590237618,v1_Ra80_repeat_20261001,FS 0.20,2,0.05589612048805419,2.192102370159087,0.003595982227251769,0.4406162154466431
1790893260.945,2026-10-01T18:21:00,1300,27.293543888433145,v1_Ra80_repeat_20261001,0.1965,0.1965,7.1032,0.1965,1.3958,1,,1300,9.8,,361.94914952604904,365.0932243377497,True,0.1410944583906649,0.0022897069320871885,0.036825361218595115,v1_Ra80_repeat_20261001,FS 0.20,2,0.058988118560164594,2.221920418582419,0.003644896536018221,-0.8611704085726979
1790893262.119,2026-10-01T18:21:02,1300,27.293543888433145,v1_Ra80_repeat_20261001,0.2069,0.2069,6.9722,0.2069,1.4425,1,,1299,10.0,,359.21732477872865,357.5005315806152,True,0.1400295426873234,0.0023663148370366596,0.03834687075042554,v1_Ra80_repeat_20261001,FS 0.20,2,0.06211013603103335,2.3551073514901617,0.0038633798742774917,0.48022115953869626
1790893263.174,2026-10-01T18:21:03,1300,27.293543888433145,v1_Ra80_repeat_20261001,0.2172,0.2172,6.5136,0.2172,1.4148,1,,1300,9.9,,351.36336971961555,354.0982125680557,True,0.13696792605763594,0.0023208750304606353,0.03845120457481362,v1_Ra80_repeat_20261001,FS 0.20,2,0.06520213410314377,2.417299958634089,0.003965402258359756,-0.772340201495525
1790893264.241,2026-10-01T18:21:04,1300,27.293543888433145,v1_Ra80_repeat_20261001,0.2275,0.2275,6.0651,0.2275,1.3798,1,,1300,9.9,,341.6526984803795,342.8571136630353,True,0.13318252719455279,0.0022634601124042865,0.038565828653768154,v1_Ra80_repeat_20261001,FS 0.20,2,0.06829413217525418,2.476409375189713,0.004062366895728321,-0.3512877915199164
1790893265.298,2026-10-01T18:21:05,1300,27.293543888433145,v1_Ra80_repeat_20261001,0.2379,0.2379,5.7679,0.2379,1.3722,1,,1300,9.9,,337.4998652188651,339.6548993001602,True,0.13156367614714085,0.002250992873054908,0.03882533335574643,v1_Ra80_repeat_20261001,FS 0.20,2,0.07141614964612293,2.56811089339608,0.004212796471541502,-0.6344775493406396
1790893266.354,2026-10-01T18:21:06,1300,27.293543888433145,v1_Ra80_repeat_20261001,0.2482,0.2482,5.4863,0.2482,1.3617,1,,1300,9.9,,334.3748423365241,335.15652735692356,True,0.13034548455415132,0.0022337683976380034,0.03888832386321449,v1_Ra80_repeat_20261001,FS 0.20,2,0.07450814771823334,2.660194868672298,0.0043638534399639845,-0.23322983638834893
1790893267.407,2026-10-01T18:21:07,1300,27.293543888433145,v1_Ra80_repeat_20261001,0.2586,0.2586,4.9457,0.2586,1.279,1,,1300,9.9,,323.88035342492003,327.46241036442143,True,0.1262545390967341,0.002098105148402002,0.03771006855994221,v1_Ra80_repeat_20261001,FS 0.20,2,0.07763016518910211,2.685353222868392,0.004405123864095451,-1.0938833973386575
1790893268.462,2026-10-01T18:21:08,1300,27.293543888433145,v1_Ra80_repeat_20261001,0.2689,0.2689,4.6036,0.2689,1.2379,1,,1300,9.9,,317.97350806627946,322.3882257032301,True,0.12395194176292045,0.002030683630341547,0.03717628652492462,v1_Ra80_repeat_20261001,FS 0.20,2,0.08072216326121251,2.7553117568652046,0.0045198856782888595,-1.3693793026469114
1790893269.546,2026-10-01T18:21:09,1300,27.293543888433145,v1_Ra80_repeat_20261001,0.2793,0.2793,3.9085,0.2793,1.0916,1,,1299,9.9,,301.4084711360738,307.6248062342984,True,0.11749458465364361,0.001790689272866009,0.03458433704088149,v1_Ra80_repeat_20261001,FS 0.20,2,0.08384418073208127,2.7254269470510257,0.004470861852385698,-2.0207522190164307
1790893270.601,2026-10-01T18:21:10,1300,27.293543888433145,v1_Ra80_repeat_20261001,0.2896,0.2896,3.5684,0.2896,1.0334,1,,1300,9.8,,305.78531720930187,300.5530487613214,True,0.11920076002930086,0.0016952164662694521,0.03227180160751581,v1_Ra80_repeat_20261001,FS 0.20,2,0.08693617880419169,2.786760039768434,0.004571474266457482,1.7408801772413884
1790893277.94,2026-10-01T18:21:17,1400,29.42566858080394,v1_Ra80_repeat_20261001,0.006,0.006,17.94,0.006,0.1076,1,,1400,10.1,,564.3859813730387,566.5794932943754,True,0.20406672965019357,0.0001408541825400381,0.0018205702241249205,v1_Ra80_repeat_20261001,FS 0.20,2,0.001801163925501209,0.11010937012351107,0.00014413908288797068,-0.38714989640421527
1790893278.997,2026-10-01T18:21:18,1400,29.42566858080394,v1_Ra80_repeat_20261001,0.012,0.012,17.4334,0.012,0.2092,1,,1400,10.3,,557.980737703474,560.5262979576992,True,0.2017507665125537,0.00027385404263360565,0.0035802541390794547,v1_Ra80_repeat_20261001,FS 0.20,2,0.003602327851002418,0.21564964927540453,0.0002822969801462177,-0.4541375245907364
1790893280.08,2026-10-01T18:21:20,1400,29.42566858080394,v1_Ra80_repeat_20261001,0.024,0.024,16.6656,0.024,0.4,1,,1400,10.3,,549.7823742192168,552.25026047749,True,0.198786459673029,0.0005236214964313684,0.006947692056570803,v1_Ra80_repeat_20261001,FS 0.20,2,0.007204655702004836,0.41862293466433864,0.0005479999187235798,-0.4468782425090079
1790893281.133,2026-10-01T18:21:21,1400,29.42566858080394,v1_Ra80_repeat_20261001,0.0361,0.0361,16.0144,0.0361,0.5781,1,,1400,10.4,,542.4560923853733,543.8156927636555,True,0.19613747400777398,0.0007567639677174351,0.010176765333780468,v1_Ra80_repeat_20261001,FS 0.20,2,0.010837002951765607,0.6147930444004942,0.0008047971347614586,-0.2500112439515756
1790893282.187,2026-10-01T18:21:22,1400,29.42566858080394,v1_Ra80_repeat_20261001,0.0481,0.0481,15.8956,0.0481,0.7646,1,,1400,10.4,,541.1462619206986,542.0309621363572,True,0.19566387468365173,0.0010009024904285605,0.01349245607531104,v1_Ra80_repeat_20261001,FS 0.20,2,0.014439330802768024,0.8249612989841001,0.00107991867468005,-0.16321949804705138
1790893283.238,2026-10-01T18:21:23,1400,29.42566858080394,v1_Ra80_repeat_20261001,0.0601,0.0601,15.1325,0.0601,0.9095,1,,1400,10.4,,531.7070873064949,528.9804052562658,True,0.19225092404757896,0.0011905843775108238,0.01633434169275674,v1_Ra80_repeat_20261001,FS 0.20,2,0.018041658653770443,0.9992531896812358,0.0013080761262367665,0.5154599344578958
1790893284.291,2026-10-01T18:21:24,1400,29.42566858080394,v1_Ra80_repeat_20261001,0.0721,0.0721,14.7731,0.0721,1.0651,1,,1400,10.4,,526.8296052838195,519.5124402064039,True,0.19048735826432978,0.001394273139622626,0.019305968554578955,v1_Ra80_repeat_20261001,FS 0.20,2,0.02164398650477286,1.1899687164919006,0.0015577330000900093,1.4084677307262483
1790893285.345,2026-10-01T18:21:25,1400,29.42566858080394,v1_Ra80_repeat_20261001,0.0842,0.0842,13.9564,0.0842,1.1751,1,,1400,10.4,,509.52370247907766,514.5467890092846,True,0.18423001115514714,0.0015382690511412524,0.022023270680126904,v1_Ra80_repeat_20261001,FS 0.20,2,0.02527633375453363,1.3411722529949686,0.001755666555213638,-0.9762156984554182
1790893286.398,2026-10-01T18:21:26,1400,29.42566858080394,v1_Ra80_repeat_20261001,0.0962,0.0962,13.439,0.0962,1.2928,1,,1401,10.4,,500.9647584535742,507.1434410232655,True,0.18113532812936675,0.0016923446764661825,0.024643111950351324,v1_Ra80_repeat_20261001,FS 0.20,2,0.02887866160553605,1.5054827490003053,0.001970757824707875,-1.2183303716251537
1790893287.45,2026-10-01T18:21:27,1400,29.42566858080394,v1_Ra80_repeat_20261001,0.1082,0.1082,12.9161,0.1082,1.3975,1,,1400,10.4,,493.18191660365756,494.31828822008583,True,0.1783212626916794,0.0018294026031570932,0.027059268657208615,v1_Ra80_repeat_20261001,FS 0.20,2,0.03248098945653847,1.6625168811191717,0.00217632394283508,-0.22988662234610935
1790893288.621,2026-10-01T18:21:28,1400,29.42566858080394,v1_Ra80_repeat_20261001,0.1202,0.1202,12.1522,0.1202,1.4607,1,,1400,10.4,,477.1321997329551,478.9121261232481,True,0.17251811849300908,0.0019121347995932495,0.029234366345987087,v1_Ra80_repeat_20261001,FS 0.20,2,0.036083317307540885,1.7837746493515683,0.002335056877974519,-0.3716603304036892
1790893289.674,2026-10-01T18:21:29,1400,29.42566858080394,v1_Ra80_repeat_20261001,0.1322,0.1322,11.6077,0.1322,1.5345,1,,1400,10.4,,466.3071158844559,469.565716311547,True,0.16860406050422239,0.0020087429656848368,0.03142434483908176,v1_Ra80_repeat_20261001,FS 0.20,2,0.03968564515854331,1.9213560536974936,0.0025151583300363754,-0.6939604647220654
1790893290.741,2026-10-01T18:21:30,1400,29.42566858080394,v1_Ra80_repeat_20261001,0.1443,0.1443,11.1693,0.1443,1.6117,1,,1400,10.4,,460.2586243452606,459.57402840376744,True,0.16641708930285118,0.002109801914496091,0.03343902860867911,v1_Ra80_repeat_20261001,FS 0.20,2,0.04331799240830408,2.0686643500486155,0.0027079928064667,0.14896314830299406
1790893291.796,2026-10-01T18:21:31,1400,29.42566858080394,v1_Ra80_repeat_20261001,0.1563,0.1563,10.5971,0.1563,1.6563,1,,1400,10.4,,446.75351709927327,449.71007930333826,True,0.16153400722742633,0.0021681857113481887,0.03540319063917249,v1_Ra80_repeat_20261001,FS 0.20,2,0.046920320259306494,2.188540723589213,0.0028649174217169338,-0.6574373891386043
1790893292.851,2026-10-01T18:21:32,1400,29.42566858080394,v1_Ra80_repeat_20261001,0.1683,0.1683,10.0169,0.1683,1.6858,1,,1400,10.4,,436.7346831531677,443.87720247822244,True,0.15791146743060816,0.0022068027967100017,0.03686037497098258,v1_Ra80_repeat_20261001,FS 0.20,2,0.05052264811030891,2.2990407332433405,0.0030095678727438705,-1.6091205597352554
1790893293.907,2026-10-01T18:21:33,1400,29.42566858080394,v1_Ra80_repeat_20261001,0.1803,0.1803,9.5312,0.1803,1.7185,1,,1400,10.4,,430.0001888272618,435.8986869751334,True,0.15547645614703226,0.0022496088540432664,0.03816385808332211,v1_Ra80_repeat_20261001,FS 0.20,2,0.05412497596131133,2.4184643790109965,0.003165899843009245,-1.353180985426572
1790893294.964,2026-10-01T18:21:34,1400,29.42566858080394,v1_Ra80_repeat_20261001,0.1923,0.1923,9.2913,0.1923,1.7867,1,,1400,10.4,,427.18265957266794,423.93196308411234,True,0.15445771365580319,0.0023388863191848145,0.03994012356776153,v1_Ra80_repeat_20261001,FS 0.20,2,0.057727303812313745,2.579111660892183,0.0033761957683498918,0.766796743729059
1790893296.047,2026-10-01T18:21:36,1400,29.42566858080394,v1_Ra80_repeat_20261001,0.2044,0.2044,8.7434,0.2044,1.7872,1,,1400,10.4,,417.3075335976364,424.0545453744744,True,0.1508871347804991,0.0023395408460553536,0.040896704429221886,v1_Ra80_repeat_20261001,FS 0.20,2,0.06135965106207452,2.678624717091359,0.00350646370685357,-1.5910716794415802
1790893297.104,2026-10-01T18:21:37,1400,29.42566858080394,v1_Ra80_repeat_20261001,0.2164,0.2164,8.3552,0.2164,1.8081,1,,1400,10.4,,409.4333540870366,407.54791249316895,True,0.14804004411127744,0.002366900069243893,0.042170680487835795,v1_Ra80_repeat_20261001,FS 0.20,2,0.06496197891307694,2.8034669681672173,0.003669888922669074,0.4626306591373419
1790893298.155,2026-10-01T18:21:38,1400,29.42566858080394,v1_Ra80_repeat_20261001,0.2284,0.2284,8.1048,0.2284,1.8511,1,,1400,10.4,,414.0140226253152,411.9985581552214,True,0.14969629015400157,0.002423189380110265,0.04269590386662327,v1_Ra80_repeat_20261001,FS 0.20,2,0.06856430676407935,2.956132855356605,0.003869736773429398,0.4891921173506786
1790893299.212,2026-10-01T18:21:39,1400,29.42566858080394,v1_Ra80_repeat_20261001,0.2404,0.2404,7.6307,0.2404,1.8344,1,,1399,10.4,,406.4947575714541,401.8865840016929,True,0.14697752696789007,0.0024013281826342553,0.0430933716368708,v1_Ra80_repeat_20261001,FS 0.20,2,0.07216663461508177,3.054822378659522,0.003998926663114328,1.1466353327539425
1790893300.386,2026-10-01T18:21:40,1400,29.42566858080394,v1_Ra80_repeat_20261001,0.2525,0.2525,7.272,0.2525,1.8362,1,,1400,10.5,,394.5451787519005,396.92078606260566,True,0.14265688196449874,0.0024036844793681963,0.04444210532691963,v1_Ra80_repeat_20261001,FS 0.20,2,0.07579898186484255,3.1787688616256107,0.0041611792703345985,-0.5985091721375513
1790893301.438,2026-10-01T18:21:41,1400,29.42566858080394,v1_Ra80_repeat_20261001,0.2645,0.2645,6.651,0.2645,1.7592,1,,1401,10.4,,387.50016717294784,389.2945468507264,True,0.14010959602772355,0.002302887341305158,0.04335255562802895,v1_Ra80_repeat_20261001,FS 0.20,2,0.07940130971584497,3.228653354123199,0.004226480751860366,-0.46093111046495716
1790893302.518,2026-10-01T18:21:42,1400,29.42566858080394,v1_Ra80_repeat_20261001,0.2765,0.2765,6.103,0.2765,1.6875,1,,1400,10.4,,374.1376143510479,384.58013741269497,True,0.1352780577823738,0.0022090281880698353,0.04307088453537435,v1_Ra80_repeat_20261001,FS 0.20,2,0.0830036375668474,3.2895614827343183,0.004306212765480837,-2.7153048339678465
1790893303.574,2026-10-01T18:21:43,1400,29.42566858080394,v1_Ra80_repeat_20261001,0.2885,0.2885,5.8531,0.2885,1.6886,1,,1400,10.4,,370.68966537822234,372.41419878416764,True,0.13403137254548414,0.0022104681471850217,0.04349984291535578,v1_Ra80_repeat_20261001,FS 0.20,2,0.08660596541784979,3.428993247458966,0.004488736438718803,-0.46306865086654936
1790893304.63,2026-10-01T18:21:44,1400,29.42566858080394,v1_Ra80_repeat_20261001,0.3005,0.3005,5.4709,0.3005,1.644,1,,1400,10.4,,364.90408815052433,368.3103320561827,True,0.13193946405916296,0.002152084350332924,0.04302238340533099,v1_Ra80_repeat_20261001,FS 0.20,2,0.09020829326885221,3.5284486482971436,0.0046189289032564735,-0.9248298538469313
1790893305.717,2026-10-01T18:21:45,1400,29.42566858080394,v1_Ra80_repeat_20261001,0.3126,0.3126,4.9998,0.3126,1.5629,1,,1400,10.4,,355.97588010462005,360.33131784697616,True,0.12871126513556144,0.002045920091931464,0.041925862025014464,v1_Ra80_repeat_20261001,FS 0.20,2,0.09384064051861299,3.598399891111286,0.004710498839355412,-1.2087313887619855
1790893306.772,2026-10-01T18:21:46,1400,29.42566858080394,v1_Ra80_repeat_20261001,0.3246,0.3246,4.2317,0.3246,1.3736,1,,1400,10.4,,340.53308769787236,347.61867458307734,True,0.12312756843309336,0.001798116218745319,0.03851876444235348,v1_Ra80_repeat_20261001,FS 0.20,2,0.0974429683696154,3.564650261144136,0.0046663187599869016,-2.0383217022800104
1790893307.84,2026-10-01T18:21:47,1400,29.42566858080394,v1_Ra80_repeat_20261001,0.3366,0.3366,4.1185,0.3366,1.3863,1,,1400,10.4,,353.4921496687275,337.7303214208496,True,0.12781321528295492,0.001814741201257015,0.037449742148174266,v1_Ra80_repeat_20261001,FS 0.20,2,0.10104529622061782,3.7386242672905152,0.004894060083583219,4.6669864232406155
1790893316.281,2026-10-01T18:21:56,1500,31.557793273174738,v1_Ra80_repeat_20261001,0.0069,0.0069,19.4643,0.0069,0.1343,1,,1499,11.0,,614.2854001108844,617.1431396491357,True,0.20710276277625847,0.0001425255172670777,0.0020877437933621646,v1_Ra80_repeat_20261001,FS 0.20,2,0.0020713385143263903,0.13730919154573573,0.00014571901377945074,-0.46305943542951367
1790893317.352,2026-10-01T18:21:57,1500,31.557793273174738,v1_Ra80_repeat_20261001,0.0138,0.0138,19.0273,0.0138,0.2626,1,,1500,10.9,,611.4281370238587,617.144385277436,True,0.20613945308471313,0.0002786835505162666,0.004101291928699793,v1_Ra80_repeat_20261001,FS 0.20,2,0.004142677028652781,0.27051076028150717,0.000287078823793241,-0.9262416364701376
1790893318.406,2026-10-01T18:21:58,1500,31.557793273174738,v1_Ra80_repeat_20261001,0.0277,0.0277,18.5279,0.0277,0.5132,1,,1500,10.9,,608.3339293803647,605.0052851470355,True,0.20509625890908184,0.0005446321329967555,0.008055935681045085,v1_Ra80_repeat_20261001,FS 0.20,2,0.008315373456063915,0.5367308296795202,0.0005696041633154236,0.5501843231865644
1790893319.466,2026-10-01T18:21:59,1500,31.557793273174738,v1_Ra80_repeat_20261001,0.0415,0.0415,17.8148,0.0415,0.7393,1,,1500,11.0,,597.2229043632979,604.1656434550532,True,0.2013502412145455,0.0007845801557375318,0.011821038533672406,v1_Ra80_repeat_20261001,FS 0.20,2,0.012458050484716696,0.7859354589940676,0.0008340719123728042,-1.1491449682659471
1790893320.522,2026-10-01T18:22:00,1500,31.557793273174738,v1_Ra80_repeat_20261001,0.0553,0.0553,17.1741,0.0553,0.9497,1,,1501,10.9,,591.8911019249208,595.6395460192198,True,0.199552654920999,0.0010078665952981659,0.015322019435279067,v1_Ra80_repeat_20261001,FS 0.20,2,0.016600727513369478,1.027009597068758,0.001089911199258956,-0.6293141748815345
1790893321.579,2026-10-01T18:22:01,1500,31.557793273174738,v1_Ra80_repeat_20261001,0.0691,0.0691,16.7512,0.0691,1.1575,1,,1500,11.0,,587.0993274289503,589.6666707919508,True,0.19793713591869622,0.0012283937917843815,0.018826985965283333,v1_Ra80_repeat_20261001,FS 0.20,2,0.020743404542022253,1.2730532439035913,0.0013510243640796021,-0.43538892227914516
1790893322.649,2026-10-01T18:22:02,1500,31.557793273174738,v1_Ra80_repeat_20261001,0.083,0.083,15.923,0.083,1.3216,1,,1500,11.0,,571.0525260144095,576.3166967553957,True,0.19252704981527674,0.0014025444796736404,0.022100156802557388,v1_Ra80_repeat_20261001,FS 0.20,2,0.02491610096943339,1.483326003380679,0.001574175769974224,-0.9134163161718112
1790893323.704,2026-10-01T18:22:03,1500,31.557793273174738,v1_Ra80_repeat_20261001,0.0968,0.0968,15.5203,0.0968,1.5024,1,,1500,10.9,,564.5588381264133,564.4736221582889,True,0.19033774057568228,0.001594417998079356,0.025412520752820685,v1_Ra80_repeat_20261001,FS 0.20,2,0.02905877799808617,1.7175635192485523,0.0018227597097540005,0.015096536805137006
1790893324.761,2026-10-01T18:22:04,1500,31.557793273174738,v1_Ra80_repeat_20261001,0.1106,0.1106,14.8137,0.1106,1.6384,1,,1500,11.0,,555.6563749134284,561.5394268363843,True,0.18733632669446293,0.001738747635818169,0.0281569117750935,v1_Ra80_repeat_20261001,FS 0.20,2,0.033201455026738956,1.9145705438765688,0.002031832889875787,-1.0476649798394466
1790893325.816,2026-10-01T18:22:05,1500,31.557793273174738,v1_Ra80_repeat_20261001,0.1244,0.1244,14.0939,0.1244,1.7533,1,,1500,11.0,,546.1534906445195,549.1880145986329,True,0.18413248433376408,0.0018606849547607395,0.030655817439934216,v1_Ra80_repeat_20261001,FS 0.20,2,0.03734413205539173,2.0980470772647277,0.0022265468722102444,-0.5525473742050147
1790893326.872,2026-10-01T18:22:06,1500,31.557793273174738,v1_Ra80_repeat_20261001,0.1383,0.1383,13.7842,0.1383,1.9064,1,,1500,10.9,,536.6024855766682,537.7792223617007,True,0.1809124183245687,0.0020231619219505353,0.0339260057490403,v1_Ra80_repeat_20261001,FS 0.20,2,0.041516828482802866,2.3278725268208906,0.002470448518369074,-0.21881410365107712
1790893327.923,2026-10-01T18:22:07,1500,31.557793273174738,v1_Ra80_repeat_20261001,0.1521,0.1521,13.0392,0.1521,1.9833,1,,1500,11.0,,528.4097325207313,531.7758084096113,True,0.17815027910992695,0.0021047718421131436,0.035841731808575875,v1_Ra80_repeat_20261001,FS 0.20,2,0.04565950551145565,2.48854292924209,0.002640959554963199,-0.6329877808746054
1790893328.976,2026-10-01T18:22:08,1500,31.557793273174738,v1_Ra80_repeat_20261001,0.1659,0.1659,12.5324,0.1659,2.0791,1,,1501,11.0,,521.9510765462474,530.1074701551897,True,0.17597278067695826,0.0022064393369321013,0.0380379376977536,v1_Ra80_repeat_20261001,FS 0.20,2,0.049802182540108424,2.6756828404234323,0.0028395612872225864,-1.5386301963551952
1790893330.034,2026-10-01T18:22:10,1500,31.557793273174738,v1_Ra80_repeat_20261001,0.1797,0.1797,11.9109,0.1797,2.1404,1,,1500,11.0,,506.9770375602502,511.5413153464374,True,0.17092437020951165,0.0022714937986481987,0.04031605555548365,v1_Ra80_repeat_20261001,FS 0.20,2,0.05394485956876121,2.8358922603649175,0.003009583107388027,-0.8922598525782921
1790893331.085,2026-10-01T18:22:11,1500,31.557793273174738,v1_Ra80_repeat_20261001,0.1936,0.1936,11.229,0.1936,2.1739,1,,1500,11.0,,498.55164979951496,504.86702512542934,True,0.1680837995522983,0.0023070455844147447,0.04163904754020227,v1_Ra80_repeat_20261001,FS 0.20,2,0.05811755599617234,2.976670400000155,0.003158983533087276,-1.2508987538541239
1790893332.137,2026-10-01T18:22:12,1500,31.557793273174738,v1_Ra80_repeat_20261001,0.2074,0.2074,10.749,0.2074,2.2293,1,,1501,10.9,,488.1755408927802,490.90885150479835,True,0.16458555456541726,0.0023658386868465843,0.043607770350709466,v1_Ra80_repeat_20261001,FS 0.20,2,0.062260233024825126,3.14617368897468,0.0033388684470080886,-0.556785766571466
1790893333.219,2026-10-01T18:22:13,1500,31.557793273174738,v1_Ra80_repeat_20261001,0.2212,0.2212,9.984,0.2212,2.2085,1,,1500,10.9,,469.5651502208875,479.80887948972395,True,0.15831116920024538,0.0023437647422512365,0.044913089268201256,v1_Ra80_repeat_20261001,FS 0.20,2,0.06640291005347791,3.2470464867093485,0.003445919434910627,-2.1349603366512593
1790893334.274,2026-10-01T18:22:14,1500,31.557793273174738,v1_Ra80_repeat_20261001,0.2351,0.2351,9.4855,0.2351,2.23,1,,1500,11.0,,463.25382186039405,463.0442585267474,True,0.15618334141854912,0.0023665815599820048,0.04596817204912996,v1_Ra80_repeat_20261001,FS 0.20,2,0.07057560648088904,3.3987529561507634,0.0036069175215070514,0.04525773288139856
1790893335.33,2026-10-01T18:22:15,1500,31.557793273174738,v1_Ra80_repeat_20261001,0.2489,0.2489,9.0118,0.2489,2.243,1,,1501,10.9,,455.33679985551316,464.87529956319804,True,0.1535141633298703,0.0023803777753540973,0.04704006407587514,v1_Ra80_repeat_20261001,FS 0.20,2,0.07471828350954182,3.548619622918472,0.0037659631224166595,-2.0518405079055335
1790893336.387,2026-10-01T18:22:16,1500,31.557793273174738,v1_Ra80_repeat_20261001,0.2627,0.2627,8.5267,0.2627,2.24,1,,1499,11.0,,449.9996107812649,450.0002682216518,True,0.1517147609632561,0.002377194033345153,0.047534317450661445,v1_Ra80_repeat_20261001,FS 0.20,2,0.0788609605381946,3.6900557984463234,0.003916061886954145,-0.00014609777667651258
1790893337.441,2026-10-01T18:22:17,1500,31.557793273174738,v1_Ra80_repeat_20261001,0.2765,0.2765,8.1065,0.2765,2.2414,1,,1500,11.0,,446.2772794433249,450.0,True,0.15045979852410835,0.0023786797796159936,0.04796075075448387,v1_Ra80_repeat_20261001,FS 0.20,2,0.0830036375668474,3.843461482734318,0.004078863260780328,-0.8272712348166844
1790893338.498,2026-10-01T18:22:18,1500,31.557793273174738,v1_Ra80_repeat_20261001,0.2904,0.2904,7.7525,0.2904,2.2513,1,,1500,11.0,,436.0000826723308,443.3826358906799,True,0.1469949011905824,0.0023891861282455103,0.04930809019851444,v1_Ra80_repeat_20261001,FS 0.20,2,0.08717633399425852,4.014120642254807,0.004259974839239169,-1.6650523996093902
1790893339.555,2026-10-01T18:22:19,1500,31.557793273174738,v1_Ra80_repeat_20261001,0.3042,0.3042,7.2194,0.3042,2.1961,1,,1500,11.0,,425.490153177293,423.7294394848391,True,0.1434515393678643,0.002330605275280933,0.04928718108949612,v1_Ra80_repeat_20261001,FS 0.20,2,0.0913190110229113,4.126120195575842,0.004378834066869565,0.41552781760798574
1790893340.612,2026-10-01T18:22:20,1500,31.557793273174738,v1_Ra80_repeat_20261001,0.318,0.318,6.6376,0.318,2.1108,1,,1500,11.0,,416.5411710913304,422.84405815942137,True,0.14043444191820398,0.0022400808774932805,0.04839054727745708,v1_Ra80_repeat_20261001,FS 0.20,2,0.09546168805156408,4.21558925765702,0.0044737828706857986,-1.4905937417038606
1790893341.669,2026-10-01T18:22:21,1500,31.557793273174738,v1_Ra80_repeat_20261001,0.3318,0.3318,6.4034,0.3318,2.1246,1,,1500,11.0,,415.3588129015361,406.1513115109278,True,0.1400358167064485,0.002254726090734425,0.04884556411324291,v1_Ra80_repeat_20261001,FS 0.20,2,0.09960436508021685,4.411727828498339,0.004681934406539741,2.2670125959597165
1790893342.724,2026-10-01T18:22:22,1500,31.557793273174738,v1_Ra80_repeat_20261001,0.3457,0.3457,6.0124,0.3457,2.0785,1,,1500,11.0,,409.43393781963096,413.1293581072441,True,0.13803827940807664,0.0022058025885303124,0.04847720503749266,v1_Ra80_repeat_20261001,FS 0.20,2,0.10377706150762799,4.556939678097904,0.004836040095128624,-0.8944947182024876
1790893343.8,2026-10-01T18:22:23,1500,31.557793273174738,v1_Ra80_repeat_20261001,0.3595,0.3595,5.2207,0.3595,1.8768,1,,1500,11.0,,389.2859934553826,394.3648644589871,True,0.13124551672586904,0.001991749000795617,0.04603843994645614,v1_Ra80_repeat_20261001,FS 0.20,2,0.10791973853628077,4.552772117972265,0.004831617283046358,-1.2878609281209652
1790893344.857,2026-10-01T18:22:24,1500,31.557793273174738,v1_Ra80_repeat_20261001,0.3733,0.3733,5.0117,0.3733,1.8709,1,,1500,11.0,,389.50282798152784,389.9992509328058,True,0.13131862122977203,0.00198548764151136,0.045868162432661216,v1_Ra80_repeat_20261001,FS 0.20,2,0.11206241556493356,4.751974066606769,0.005043019820423443,-0.12728818070563142
1790893345.913,2026-10-01T18:22:25,1500,31.557793273174738,v1_Ra80_repeat_20261001,0.3872,0.3872,4.4002,0.3872,1.7038,1,,1500,11.0,,383.9284537393951,380.70900990444443,True,0.12943925325832728,0.0018081532116131567,0.04237792579302334,v1_Ra80_repeat_20261001,FS 0.20,2,0.11623511199234468,4.799114246012509,0.005093047210251187,0.845644245655941
1790893346.969,2026-10-01T18:22:26,1500,31.557793273174738,v1_Ra80_repeat_20261001,0.401,0.401,3.9468,0.401,1.5827,1,,1501,10.9,,386.4528441181619,374.7307207933659,True,0.1302903368453278,0.0016796361591854346,0.039108708697383546,v1_Ra80_repeat_20261001,FS 0.20,2,0.12037778902099747,4.898310063680054,0.005198318507524437,3.1281458056009903
1790893354.339,2026-10-01T18:22:34,1600,33.68991796554553,v1_Ra80_repeat_20261001,0.0079,0.0079,21.5355,0.0079,0.1701,1,,1600,11.8,,681.2506356824315,684.3751005825652,True,0.21514402680886288,0.000148368240714939,0.002384343241850678,v1_Ra80_repeat_20261001,FS 0.20,2,0.0023715325019099255,0.17370230878090098,0.0001515103231154931,-0.45654274935982286
1790893355.391,2026-10-01T18:22:35,1600,33.68991796554553,v1_Ra80_repeat_20261001,0.0158,0.0158,21.0737,0.0158,0.333,1,,1600,11.8,,678.1253064426892,679.687266647386,True,0.21415702454784036,0.00029045634425675887,0.004689274582093501,v1_Ra80_repeat_20261001,FS 0.20,2,0.004743065003819851,0.34268525735239486,0.0002989042254692589,-0.229805718209386
1790893356.447,2026-10-01T18:22:36,1600,33.68991796554553,v1_Ra80_repeat_20261001,0.0315,0.0315,20.2616,0.0315,0.6382,1,,1600,11.8,,665.9777919746148,669.7831611638208,True,0.210320748966589,0.0005566643810950856,0.009150997457145172,v1_Ra80_repeat_20261001,FS 0.20,2,0.009456110608881347,0.6673377719963242,0.0005820795484639723,-0.5681494265388443
1790893357.502,2026-10-01T18:22:37,1600,33.68991796554553,v1_Ra80_repeat_20261001,0.0473,0.0473,19.497,0.0473,0.9222,1,,1600,11.8,,657.5758363916066,659.0905014560803,True,0.20766734878974094,0.0008043809029236727,0.013392160757434365,v1_Ra80_repeat_20261001,FS 0.20,2,0.014199175612701198,0.9808053466661056,0.0008554989051655258,-0.22981139329538713
1790893358.557,2026-10-01T18:22:38,1600,33.68991796554553,v1_Ra80_repeat_20261001,0.063,0.063,19.035,0.063,1.1992,1,,1600,11.8,,654.5452417426986,650.0005201844942,True,0.20671026441837992,0.0010459917358339496,0.017495378065630545,v1_Ra80_repeat_20261001,FS 0.20,2,0.018912221217762693,1.296914974087438,0.0011312227693251844,0.6991873724830899
1790893359.613,2026-10-01T18:22:39,1600,33.68991796554553,v1_Ra80_repeat_20261001,0.0788,0.0788,18.4839,0.0788,1.4565,1,,1600,11.8,,644.8773619690201,647.3899730463927,True,0.20365707594960208,0.0012704194156455532,0.021567744965234024,v1_Ra80_repeat_20261001,FS 0.20,2,0.02365528622158254,1.6034648660746056,0.0013986082376702203,-0.3881139934171607
1790893360.668,2026-10-01T18:22:40,1600,33.68991796554553,v1_Ra80_repeat_20261001,0.0946,0.0946,17.4536,0.0946,1.6511,1,,1601,11.8,,628.5477865550092,635.293971523538,True,0.19850007436070816,0.0014401575675745783,0.02508455829390121,v1_Ra80_repeat_20261001,FS 0.20,2,0.028398351225402397,1.8572373172241456,0.0016199590437782454,-1.0618997300336885
1790893361.723,2026-10-01T18:22:41,1600,33.68991796554553,v1_Ra80_repeat_20261001,0.1103,0.1103,16.8198,0.1103,1.8552,1,,1600,11.8,,617.1430900400082,617.1429315511659,True,0.19489838622384145,0.001618182011607024,0.028706235735859197,v1_Ra80_repeat_20261001,FS 0.20,2,0.03311139683046389,2.1299638155778955,0.0018578423521679664,2.5681059323545696e-05
1790893362.801,2026-10-01T18:22:42,1600,33.68991796554553,v1_Ra80_repeat_20261001,0.1261,0.1261,16.2763,0.1261,2.0524,1,,1600,11.8,,611.1119588204019,608.5517810902729,True,0.19299371004618335,0.0017901879908485642,0.03207100765944633,v1_Ra80_repeat_20261001,FS 0.20,2,0.03785446183428374,2.4061185840448216,0.0020987159392489726,0.42070006360710455
1790893363.855,2026-10-01T18:22:43,1600,33.68991796554553,v1_Ra80_repeat_20261001,0.1418,0.1418,15.6323,0.1418,2.2167,1,,1601,11.8,,602.7779804330748,604.1656434550532,True,0.1903617775742357,0.001933497232174046,0.0351172843538509,v1_Ra80_repeat_20261001,FS 0.20,2,0.04256750743934524,2.6587021951759753,0.0023190297900247256,-0.2296825443503736
1790893364.911,2026-10-01T18:22:44,1600,33.68991796554553,v1_Ra80_repeat_20261001,0.1576,0.1576,14.8092,0.1576,2.3339,1,,1600,11.8,,586.4863297470038,583.7840354441141,True,0.18521675289700573,0.0020357239094920404,0.03800106186711052,v1_Ra80_repeat_20261001,FS 0.20,2,0.04731057244316508,2.8746392809602876,0.002507379028842652,0.46289280604150385
1790893365.966,2026-10-01T18:22:45,1600,33.68991796554553,v1_Ra80_repeat_20261001,0.1733,0.1733,14.1978,0.1733,2.4605,1,,1600,11.8,,576.3158013615339,582.0170649263673,True,0.18200482425134376,0.0021461496547860517,0.040769391006020665,v1_Ra80_repeat_20261001,FS 0.20,2,0.05202361804822659,3.1091800048688447,0.002711955128679929,-0.9795698285160581
1790893367.02,2026-10-01T18:22:47,1600,33.68991796554553,v1_Ra80_repeat_20261001,0.1891,0.1891,13.595,0.1891,2.5708,1,,1600,11.9,,571.0523819311675,568.421783734675,True,0.1803425971770179,0.0022423578673131405,0.042989631842561445,v1_Ra80_repeat_20261001,FS 0.20,2,0.056766683052046435,3.337999407970544,0.002911540856367416,0.4627898282167697
1790893368.075,2026-10-01T18:22:48,1600,33.68991796554553,v1_Ra80_repeat_20261001,0.2049,0.2049,13.0814,0.2049,2.6804,1,,1600,11.9,,565.3309268720022,568.4205444227473,True,0.17853571903825227,0.002337955510948398,0.04527602038231708,v1_Ra80_repeat_20261001,FS 0.20,2,0.06150974805586629,3.5760413702346145,0.0031191708808086392,-0.5435443143390728
1790893369.127,2026-10-01T18:22:49,1600,33.68991796554553,v1_Ra80_repeat_20261001,0.2206,0.2206,12.2735,0.2206,2.7075,1,,1601,11.9,,546.1534906445195,553.8460895096478,True,0.17247934178479438,0.0023615932494749988,0.047339659909098206,v1_Ra80_repeat_20261001,FS 0.20,2,0.06622279366092779,3.740598965075589,0.0032627048069864,-1.3889416231030904
1790893370.213,2026-10-01T18:22:50,1600,33.68991796554553,v1_Ra80_repeat_20261001,0.2364,0.2364,11.7618,0.2364,2.7805,1,,1600,11.8,,539.99959509365,550.3658028194877,True,0.17053589571659522,0.002425266862480234,0.04917007234313967,v1_Ra80_repeat_20261001,FS 0.20,2,0.07096585866474764,3.961823244657046,0.003455665754458067,-1.8835123244817065
1790893371.265,2026-10-01T18:22:51,1600,33.68991796554553,v1_Ra80_repeat_20261001,0.2521,0.2521,11.1024,0.2521,2.7989,1,,1600,11.8,,529.8656351389582,540.0007081043668,True,0.16733551565384766,0.00244131610192265,0.05044208274836509,v1_Ra80_repeat_20261001,FS 0.20,2,0.07567890426980912,4.137337952275424,0.0036087569266446376,-1.8768629028260153
1790893372.321,2026-10-01T18:22:52,1600,33.68991796554553,v1_Ra80_repeat_20261001,0.2679,0.2679,10.6517,0.2679,2.8536,1,,1600,11.8,,523.6719128577988,526.8300905506294,True,0.16537949200747037,0.002489027699612874,0.052036154827768195,v1_Ra80_repeat_20261001,FS 0.20,2,0.08042196927362899,4.360044549174268,0.00380301081246176,-0.5994679782868384
1790893373.374,2026-10-01T18:22:53,1600,33.68991796554553,v1_Ra80_repeat_20261001,0.2837,0.2837,10.0541,0.2837,2.8523,1,,1600,11.8,,512.3166848404708,513.6680578866617,True,0.16179342639076305,0.0024878937859566163,0.053165277370074725,v1_Ra80_repeat_20261001,FS 0.20,2,0.08516503427744883,4.536673705235483,0.003957074052577968,-0.26308294343836414
1790893374.427,2026-10-01T18:22:54,1600,33.68991796554553,v1_Ra80_repeat_20261001,0.2994,0.2994,9.3815,0.2994,2.8088,1,,1600,11.8,,502.3256482401848,510.17263972855744,True,0.15863818258827175,0.0024499512905356885,0.05339576894661387,v1_Ra80_repeat_20261001,FS 0.20,2,0.08987807988251033,4.67980528378628,0.00408191932300909,-1.5381051191901807
1790893375.508,2026-10-01T18:22:55,1600,33.68991796554553,v1_Ra80_repeat_20261001,0.3152,0.3152,9.0573,0.3152,2.8549,1,,1600,11.8,,502.3254387937868,502.32624092782316,True,0.15863811644353865,0.002490161613269132,0.054272160469210795,v1_Ra80_repeat_20261001,FS 0.20,2,0.09462114488633017,4.92361675716488,0.0042945817531754625,-0.00015968388090703556
1790893376.562,2026-10-01T18:22:56,1600,33.68991796554553,v1_Ra80_repeat_20261001,0.3309,0.3309,8.5401,0.3309,2.8259,1,,1601,11.8,,493.2176654871,502.3260303679763,True,0.15576181377044096,0.0024648666163218464,0.05471287650322212,v1_Ra80_repeat_20261001,FS 0.20,2,0.09933419049139168,5.10090544849308,0.004449220267173222,-1.8132376843389864
1790893377.616,2026-10-01T18:22:57,1600,33.68991796554553,v1_Ra80_repeat_20261001,0.3467,0.3467,7.8615,0.3467,2.7256,1,,1600,11.9,,477.7782440185547,485.3358588253741,True,0.15088592943014295,0.002377380816535201,0.05447624101625148,v1_Ra80_repeat_20261001,FS 0.20,2,0.10407725549521153,5.218099239189068,0.004551441528479974,-1.5571927500083294
1790893378.673,2026-10-01T18:22:58,1600,33.68991796554553,v1_Ra80_repeat_20261001,0.3624,0.3624,7.034,0.3624,2.5491,1,,1601,11.8,,457.4469448145919,469.9880628140818,True,0.14446515365117482,0.0022234302316663786,0.053212973006080834,v1_Ra80_repeat_20261001,FS 0.20,2,0.10879030110027302,5.267545043294669,0.00459457019964919,-2.668390751118055
1790893379.723,2026-10-01T18:22:59,1600,33.68991796554553,v1_Ra80_repeat_20261001,0.3782,0.3782,6.8035,0.3782,2.5731,1,,1600,11.9,,458.23530798602405,459.6490017003134,True,0.1447141246148787,0.0022443640222434423,0.0536215665095252,v1_Ra80_repeat_20261001,FS 0.20,2,0.11353336610409287,5.528821151308045,0.004822466004980118,-0.3075594005556126
1790893380.811,2026-10-01T18:23:00,1600,33.68991796554553,v1_Ra80_repeat_20261001,0.394,0.394,6.0697,0.394,2.3915,1,,1600,11.8,,448.4791684379161,446.87575973498497,True,0.14163306305170448,0.0020859650068769937,0.05092130112486475,v1_Ra80_repeat_20261001,FS 0.20,2,0.11827643110791272,5.594419818483792,0.004879683870013102,0.3588041347067028
1790893381.865,2026-10-01T18:23:01,1600,33.68991796554553,v1_Ra80_repeat_20261001,0.4097,0.4097,5.6493,0.4097,2.3145,1,,1600,11.9,,438.77491035345884,443.4828115043274,True,0.13856838604132463,0.0020188024287755807,0.050371720045175726,v1_Ra80_repeat_20261001,FS 0.20,2,0.12298947671297422,5.772882493521811,0.005035346381057621,-1.0615746605599052
1790893382.921,2026-10-01T18:23:02,1600,33.68991796554553,v1_Ra80_repeat_20261001,0.4255,0.4255,5.0846,0.4255,2.1635,1,,1600,11.8,,429.54301496497465,433.0306638928505,True,0.13565288468995043,0.0018870939963948883,0.04809740222278684,v1_Ra80_repeat_20261001,FS 0.20,2,0.12773254171679407,5.888863478014945,0.005136509782736826,-0.8054046095772205
1790893383.972,2026-10-01T18:23:03,1600,33.68991796554553,v1_Ra80_repeat_20261001,0.4412,0.4412,4.7986,0.4412,2.1171,1,,1600,11.9,,444.65250443631703,432.00089462957294,True,0.14042457404717854,0.001846622001279232,0.045466551069626424,v1_Ra80_repeat_20261001,FS 0.20,2,0.13244558732185557,6.117583265830366,0.005336008621860096,2.928607316332621
1790893391.864,2026-10-01T18:23:11,1700,35.82204265791633,v1_Ra80_repeat_20261001,0.0089,0.0089,24.1564,0.0089,0.215,1,,1700,12.7,,760.7144429271557,760.7134777557576,True,0.2259402687755526,0.00015599975404467298,0.0026989086180424344,v1_Ra80_repeat_20261001,FS 0.20,2,0.00267172648949346,0.21923517348907684,0.00015907271228947535,0.00012687712604986245
1790893392.941,2026-10-01T18:23:12,1700,35.82204265791633,v1_Ra80_repeat_20261001,0.0178,0.0178,23.5454,0.0178,0.4191,1,,1701,12.6,,756.334248429539,753.4290684713824,True,0.22463930448956826,0.0003040906833494067,0.005291457060550711,v1_Ra80_repeat_20261001,FS 0.20,2,0.00534345297898692,0.43071874431532503,0.0003125210147703307,0.3855943551595242
1790893393.997,2026-10-01T18:23:13,1700,35.82204265791633,v1_Ra80_repeat_20261001,0.0356,0.0356,22.5752,0.0356,0.8037,1,,1700,12.7,,743.5950593153848,750.0000349030415,True,0.22085563002512767,0.0005831488480265287,0.01032116818103042,v1_Ra80_repeat_20261001,FS 0.20,2,0.01068690595797384,0.8395310779793355,0.0006091471705936536,-0.8539967052781261
1790893395.059,2026-10-01T18:23:15,1700,35.82204265791633,v1_Ra80_repeat_20261001,0.0534,0.0534,21.2728,0.0534,1.136,1,,1700,12.7,,720.000306699194,729.4764121395474,True,0.21384773790823605,0.0008242591655569698,0.015066661528070333,v1_Ra80_repeat_20261001,FS 0.20,2,0.01603035893696076,1.2086370009920315,0.0008769631389955726,-1.2990283554968007
1790893396.111,2026-10-01T18:23:16,1700,35.82204265791633,v1_Ra80_repeat_20261001,0.0713,0.0713,20.509,0.0713,1.4623,1,,1700,12.7,,708.360737442672,707.458378849924,True,0.21039066222010946,0.0010610160015791874,0.019713029899722276,v1_Ra80_repeat_20261001,FS 0.20,2,0.021403831314706034,1.5846496126921024,0.0011497904643114152,0.1275493540997985
1790893397.165,2026-10-01T18:23:17,1700,35.82204265791633,v1_Ra80_repeat_20261001,0.0891,0.0891,20.0608,0.0891,1.7874,1,,1700,12.7,,703.2258761170851,701.6126111682979,True,0.20886555387122097,0.0012969021412997605,0.024271593660904173,v1_Ra80_repeat_20261001,FS 0.20,2,0.02674728429369295,1.9718134649041281,0.001430708909521016,0.22993670910516073
1790893398.24,2026-10-01T18:23:18,1700,35.82204265791633,v1_Ra80_repeat_20261001,0.1069,0.1069,19.0713,0.1069,2.0387,1,,1700,12.7,,688.6291445772713,695.2493075863458,True,0.20453016957818743,0.001479240458469185,0.028270878603079943,v1_Ra80_repeat_20261001,FS 0.20,2,0.03209073727267987,2.297770906464839,0.001667217191904745,-0.9521998708718393
1790893399.293,2026-10-01T18:23:19,1700,35.82204265791633,v1_Ra80_repeat_20261001,0.1247,0.1247,18.5592,0.1247,2.3143,1,,1700,12.7,,684.3748323623913,684.4839872044304,True,0.20326659366711838,0.0016792103757469147,0.032292153426460316,v1_Ra80_repeat_20261001,FS 0.20,2,0.0374341902516668,2.6606219373742355,0.0019304947341220562,-0.015947026384777185
1790893400.345,2026-10-01T18:23:20,1700,35.82204265791633,v1_Ra80_repeat_20261001,0.1425,0.1425,17.7687,0.1425,2.532,1,,1700,12.7,,674.9995976678747,679.6881537894706,True,0.20048204939244654,0.0018371691964702884,0.03582049387593506,v1_Ra80_repeat_20261001,FS 0.20,2,0.04277764323065371,2.978166557632318,0.0021608988395102886,-0.6898098922948348
1790893401.399,2026-10-01T18:23:21,1700,35.82204265791633,v1_Ra80_repeat_20261001,0.1603,0.1603,17.1141,0.1603,2.7434,1,,1700,12.7,,665.625435857828,665.6253017476956,True,0.19769782377585693,0.0019905568616100273,0.039357781180546586,v1_Ra80_repeat_20261001,FS 0.20,2,0.04812109620964063,3.3020047672390858,0.002395869449040163,2.014799198590822e-05
1790893402.451,2026-10-01T18:23:22,1700,35.82204265791633,v1_Ra80_repeat_20261001,0.1782,0.1782,16.3561,0.1782,2.9147,1,,1700,12.7,,651.5158135663569,654.5448970038251,True,0.19350711610296245,0.002114848758669806,0.042720889007189095,v1_Ra80_repeat_20261001,FS 0.20,2,0.0534945685873859,3.5990745660197114,0.0026114174283140145,-0.46277703047320484
1790893403.507,2026-10-01T18:23:23,1700,35.82204265791633,v1_Ra80_repeat_20261001,0.196,0.196,15.7525,0.196,3.0875,1,,1700,12.7,,643.3440427377718,644.1179811729171,True,0.19108001337795272,0.002240229026106641,0.045828438983138486,v1_Ra80_repeat_20261001,FS 0.20,2,0.05883802156637283,3.9095707048258084,0.0028367072947585344,-0.12015476322148055
1790893404.561,2026-10-01T18:23:24,1700,35.82204265791633,v1_Ra80_repeat_20261001,0.2138,0.2138,15.0814,0.2138,3.2244,1,,1700,12.7,,632.352837525741,639.7058043930201,True,0.18781550869704017,0.0023395609625192727,0.04869235983949712,v1_Ra80_repeat_20261001,FS 0.20,2,0.06418147454535975,4.196760432980592,0.0030450864899041288,-1.1494294434698626
1790893405.649,2026-10-01T18:23:25,1700,35.82204265791633,v1_Ra80_repeat_20261001,0.2316,0.2316,14.4627,0.2316,3.3496,1,,1700,12.7,,626.4237058672734,622.1280284550858,True,0.18605449362367696,0.002430403609990868,0.051061802966974594,v1_Ra80_repeat_20261001,FS 0.20,2,0.06952492752434666,4.48484375048406,0.0032541140558339635,0.6904812539719529
1790893406.707,2026-10-01T18:23:26,1700,35.82204265791633,v1_Ra80_repeat_20261001,0.2494,0.2494,13.9479,0.2494,3.4786,1,,1700,12.7,,621.9583341396628,634.8754614151858,True,0.18472823079575312,0.002524003462417672,0.0534090167765302,v1_Ra80_repeat_20261001,FS 0.20,2,0.0748683805033336,4.789320657336214,0.003475036486444283,-2.03459230361962
1790893407.762,2026-10-01T18:23:27,1700,35.82204265791633,v1_Ra80_repeat_20261001,0.2672,0.2672,13.057,0.2672,3.4888,1,,1701,12.7,,605.7041300218771,612.2774351328871,True,0.17990055954374712,0.0025314043809816517,0.055003068785971394,v1_Ra80_repeat_20261001,FS 0.20,2,0.0802118334823205,4.9875911535370525,0.003618897642917056,-1.073582780260951
1790893408.848,2026-10-01T18:23:28,1700,35.82204265791633,v1_Ra80_repeat_20261001,0.2851,0.2851,12.1035,0.2851,3.4507,1,,1700,12.7,,584.7024805457295,592.4469843347197,True,0.17366284659969944,0.002503759773404433,0.05635645276701548,v1_Ra80_repeat_20261001,FS 0.20,2,0.08558530586006578,5.151318139398234,0.003737694710474358,-1.3072062131747941
1790893409.905,2026-10-01T18:23:29,1700,35.82204265791633,v1_Ra80_repeat_20261001,0.3029,0.3029,11.7253,0.3029,3.5516,1,,1700,12.7,,578.6346606600091,583.399911456695,True,0.1718606396498932,0.002576970820767724,0.058612599726441686,v1_Ra80_repeat_20261001,FS 0.20,2,0.0909287588390527,5.465546564798403,0.003965692650363992,-0.8168069111953669
1790893410.982,2026-10-01T18:23:30,1700,35.82204265791633,v1_Ra80_repeat_20261001,0.3207,0.3207,10.9778,0.3207,3.5206,1,,1700,12.7,,566.890633981302,570.7164245407284,True,0.16837253899797952,0.002554477832975236,0.05930465515517493,v1_Ra80_repeat_20261001,FS 0.20,2,0.09627221181803962,5.660468579547257,0.004107124214823124,-0.670348774788665
1790893412.039,2026-10-01T18:23:32,1700,35.82204265791633,v1_Ra80_repeat_20261001,0.3385,0.3385,10.2428,0.3385,3.4672,1,,1700,12.7,,554.1126013690246,559.1251149862273,True,0.164577327602056,0.0025157318475520474,0.05975197286524662,v1_Ra80_repeat_20261001,FS 0.20,2,0.10161566479702655,5.845584183644798,0.004241440441376833,-0.8964923025012506
1790893413.092,2026-10-01T18:23:33,1700,35.82204265791633,v1_Ra80_repeat_20261001,0.3563,0.3563,9.7337,0.3563,3.4681,1,,1700,12.7,,548.8413291898723,549.8154886330667,True,0.16301170378089666,0.002516384869778281,0.0603415117026709,v1_Ra80_repeat_20261001,FS 0.20,2,0.10695911777601345,6.097593377091022,0.004424293335305239,-0.17717933803871322
1790893414.168,2026-10-01T18:23:34,1700,35.82204265791633,v1_Ra80_repeat_20261001,0.3741,0.3741,9.168,0.3741,3.4297,1,,1699,12.8,,544.9999663116159,543.7497988339828,True,0.1618707782085649,0.002488522588125651,0.060093989951937286,v1_Ra80_repeat_20261001,FS 0.20,2,0.11230257075500037,6.322896159885933,0.00458776858508006,0.22991594301533524
1790893415.224,2026-10-01T18:23:35,1700,35.82204265791633,v1_Ra80_repeat_20261001,0.392,0.392,8.6929,0.392,3.4076,1,,1700,12.7,,535.6440586263943,536.2502690792553,True,0.1590919742609177,0.002472487264570361,0.06074963872136023,v1_Ra80_repeat_20261001,FS 0.20,2,0.11767604313274566,6.578680332827669,0.0047733605295797385,-0.1130461815714967
1790893416.279,2026-10-01T18:23:36,1700,35.82204265791633,v1_Ra80_repeat_20261001,0.4098,0.4098,7.903,0.4098,3.2386,1,,1699,12.7,,524.4925599484759,523.1700807016523,True,0.15577986071822744,0.0023498642020887343,0.058964329112471715,v1_Ra80_repeat_20261001,FS 0.20,2,0.12301949611173257,6.69864104482191,0.004860401653143113,0.25278189552619956
1790893417.336,2026-10-01T18:23:37,1700,35.82204265791633,v1_Ra80_repeat_20261001,0.4276,0.4276,7.4522,0.4276,3.1866,1,,1701,12.7,,516.6670413232623,516.222927428862,True,0.1534555985750172,0.0023121340290174646,0.05889632212935963,v1_Ra80_repeat_20261001,FS 0.20,2,0.1283629490907195,6.948195346164836,0.00504147332584212,0.08603141604195397
1790893418.393,2026-10-01T18:23:38,1700,35.82204265791633,v1_Ra80_repeat_20261001,0.4454,0.4454,6.7811,0.4454,3.0203,1,,1700,12.7,,502.56732098318935,507.1422148743977,True,0.14926783188685236,0.002191470033214539,0.05738880996242061,v1_Ra80_repeat_20261001,FS 0.20,2,0.1337064020697064,7.096043236856448,0.005148748835534749,-0.9020928956469221
1790893419.459,2026-10-01T18:23:39,1700,35.82204265791633,v1_Ra80_repeat_20261001,0.4632,0.4632,6.3009,0.4632,2.9186,1,,1699,12.7,,495.4546880331691,490.90911644548214,True,0.14715530436043164,0.0021176785216501515,0.05625252457519284,v1_Ra80_repeat_20261001,FS 0.20,2,0.13904985504869333,7.3210847168967454,0.005312034489191194,0.9259497196955735
1790893420.509,2026-10-01T18:23:40,1700,35.82204265791633,v1_Ra80_repeat_20261001,0.481,0.481,5.5584,0.481,2.6736,1,,1700,12.7,,477.77843475341797,486.20838378801636,True,0.1419052694043395,0.0019399113600643612,0.05343690190664646,v1_Ra80_repeat_20261001,FS 0.20,2,0.14439330802768024,7.415419786285727,0.005380482152551511,-1.7338140015030645
1790893421.568,2026-10-01T18:23:41,1700,35.82204265791633,v1_Ra80_repeat_20261001,0.4988,0.4988,5.3836,0.4988,2.6853,1,,1699,12.8,,494.4543805091598,476.6664505004883,True,0.146858202401958,0.0019484006490053968,0.05186065111744916,v1_Ra80_repeat_20261001,FS 0.20,2,0.1497367610066672,7.7790484450233945,0.005644323926163932,3.7317352605778398
1790893429.567,2026-10-01T18:23:49,1800,37.95416735028712,v1_Ra80_repeat_20261001,0.01,0.01,26.965,0.01,0.2697,1,,1800,13.7,,851.8338679826684,858.250454596373,True,0.23879089367512218,0.00016452770348733268,0.0030234126464263227,v1_Ra80_repeat_20261001,FS 0.20,2,0.003001939875835348,0.27467723299939756,0.00016756401314662911,-0.7476356789956173
1790893430.621,2026-10-01T18:23:50,1800,37.95416735028712,v1_Ra80_repeat_20261001,0.02,0.02,26.1058,0.02,0.5221,1,,1800,13.6,,842.3070701602228,848.0771668624129,True,0.23612028776076532,0.0003185017203957597,0.005919085715792865,v1_Ra80_repeat_20261001,FS 0.20,2,0.006003879751670696,0.5360292132998573,0.00032699909331237347,-0.6803740187390606
1790893431.698,2026-10-01T18:23:51,1800,37.95416735028712,v1_Ra80_repeat_20261001,0.04,0.04,25.0247,0.04,1.001,1,,1800,13.6,,823.0771475533857,825.0002475893325,True,0.23072964695956685,0.0006106497263285873,0.011613547904364866,v1_Ra80_repeat_20261001,FS 0.20,2,0.012007759503341393,1.0447574158039634,0.0006373434865538986,-0.23310296470409053
1790893432.755,2026-10-01T18:23:52,1800,37.95416735028712,v1_Ra80_repeat_20261001,0.06,0.06,24.2933,0.06,1.4576,1,,1800,13.6,,816.8661740159678,830.7693907454905,True,0.22898855168578428,0.0008891938472492997,0.017039577773938667,v1_Ra80_repeat_20261001,FS 0.20,2,0.018011639255012087,1.5470846075123181,0.0009437830091753917,-1.673535024809547
1790893433.811,2026-10-01T18:23:53,1800,37.95416735028712,v1_Ra80_repeat_20261001,0.08,0.08,23.0334,0.08,1.8427,1,,1800,13.6,,796.2959313100782,803.4705842351514,True,0.223222184764396,0.001124120130575113,0.02209792631889519,v1_Ra80_repeat_20261001,FS 0.20,2,0.024015519006682785,1.9938107884249219,0.0012163037085940694,-0.8929577592318383
1790893434.865,2026-10-01T18:23:54,1800,37.95416735028712,v1_Ra80_repeat_20261001,0.1,0.1,22.6193,0.1,2.2619,1,,1799,13.7,,794.0205529012474,791.1126058323589,True,0.22258433780371978,0.0013798487672154163,0.027202764296026763,v1_Ra80_repeat_20261001,FS 0.20,2,0.030019398758353483,2.490535958541774,0.001519325775719321,0.36757688443467273
1790893435.921,2026-10-01T18:23:55,1800,37.95416735028712,v1_Ra80_repeat_20261001,0.12,0.12,21.9407,0.12,2.6329,1,,1801,13.5,,787.3486239871909,785.6429889396622,True,0.22071402490843953,0.0016061734909595781,0.03193292299499606,v1_Ra80_repeat_20261001,FS 0.20,2,0.036023278510024175,2.9549601178628753,0.0018026429443405146,0.21710052422547754
1790893436.988,2026-10-01T18:23:56,1800,37.95416735028712,v1_Ra80_repeat_20261001,0.14,0.14,20.3862,0.14,2.8541,1,,1799,13.6,,760.7151505862475,776.7851822306511,True,0.21324797882348479,0.0017411142696447763,0.03582766474903363,v1_Ra80_repeat_20261001,FS 0.20,2,0.04202715826169488,3.2854832663882254,0.0020042751822948283,-2.068787099961944
1790893438.045,2026-10-01T18:23:58,1800,37.95416735028712,v1_Ra80_repeat_20261001,0.16,0.16,19.9464,0.16,3.1914,1,,1800,13.6,,755.1722402928135,755.9116337288515,True,0.21169415882139364,0.0019468806559491045,0.04035585989123719,v1_Ra80_repeat_20261001,FS 0.20,2,0.04803103801336557,3.748005404117824,0.0022864320422603555,-0.09781479779462643
1790893439.101,2026-10-01T18:23:59,1800,37.95416735028712,v1_Ra80_repeat_20261001,0.18,0.18,19.0748,0.18,3.4335,1,,1800,13.6,,744.8270963312098,744.827540281085,True,0.20879414948314148,0.0020945712640851196,0.044020296774731474,v1_Ra80_repeat_20261001,FS 0.20,2,0.054034917765036265,4.131226531051672,0.002520212138449653,-5.9604385072020705e-05
1790893440.157,2026-10-01T18:24:00,1800,37.95416735028712,v1_Ra80_repeat_20261001,0.2,0.2,18.3454,0.2,3.6691,1,,1800,13.6,,731.6457287561207,738.7386206149813,True,0.20509907388046564,0.002238296614257962,0.0478883737372126,v1_Ra80_repeat_20261001,FS 0.20,2,0.06003879751670697,4.523846647189767,0.0027597259910678612,-0.9601355149072899
1790893441.208,2026-10-01T18:24:01,1800,37.95416735028712,v1_Ra80_repeat_20261001,0.22,0.22,17.7982,0.22,3.9156,1,,1800,13.6,,726.6673914536568,724.9996463848674,True,0.20370351817629195,0.0023886713970152017,0.051455763874911874,v1_Ra80_repeat_20261001,FS 0.20,2,0.06604267726837766,4.943265752532113,0.003015588290662551,0.23003391478952917
1790893442.28,2026-10-01T18:24:02,1800,37.95416735028712,v1_Ra80_repeat_20261001,0.24,0.24,16.8636,0.24,4.0473,1,,1799,13.7,,713.3329671195952,720.0012016341816,True,0.19996553683620433,0.002469013623745946,0.054180683989150234,v1_Ra80_repeat_20261001,FS 0.20,2,0.07204655702004835,5.263783847078706,0.003211117048622828,-0.9261421369091583
1790893443.335,2026-10-01T18:24:03,1800,37.95416735028712,v1_Ra80_repeat_20261001,0.26,0.26,16.0875,0.26,4.1827,1,,1800,13.6,,699.9998338744717,707.9998648821629,True,0.19622791742147908,0.002551612997317265,0.05705978901045118,v1_Ra80_repeat_20261001,FS 0.20,2,0.07805043677171906,5.603900930829549,0.0034186019678157644,-1.1299480980865306
1790893444.392,2026-10-01T18:24:04,1800,37.95416735028712,v1_Ra80_repeat_20261001,0.28,0.28,15.4943,0.28,4.3384,1,,1800,13.6,,696.7738720180932,696.7751179480047,True,0.19532359752578068,0.002646596176527416,0.0594578384327203,v1_Ra80_repeat_20261001,FS 0.20,2,0.08405431652338977,5.980217003784641,0.0036481697070396162,-0.00017881377784023655
1790893445.448,2026-10-01T18:24:05,1800,37.95416735028712,v1_Ra80_repeat_20261001,0.3,0.3,14.421,0.3,4.3263,1,,1800,13.6,,680.1498714672107,679.6870212274371,True,0.19066346355223723,0.0026392146963190484,0.06074120359500747,v1_Ra80_repeat_20261001,FS 0.20,2,0.09005819627506044,6.20463206594398,0.003785071801237032,0.06809755450938315
1790893446.5,2026-10-01T18:24:06,1800,37.95416735028712,v1_Ra80_repeat_20261001,0.32,0.32,13.7604,0.32,4.4033,1,,1800,13.6,,667.4432848748438,674.9991953394101,True,0.18710148124324857,0.0026861877521904783,0.06299923695071306,v1_Ra80_repeat_20261001,FS 0.20,2,0.09606207602673114,6.53404611730757,0.003986027445906331,-1.1193954773185966
1790893447.557,2026-10-01T18:24:07,1800,37.95416735028712,v1_Ra80_repeat_20261001,0.34,0.34,13.3041,0.34,4.5234,1,,1800,13.6,,660.6061709481764,654.5448516044416,True,0.1851848627498163,0.0027594535185561757,0.06538735191182671,v1_Ra80_repeat_20261001,FS 0.20,2,0.10206595577840184,6.922459157875407,0.004222974815461979,0.9260357527642427
1790893448.61,2026-10-01T18:24:08,1800,37.95416735028712,v1_Ra80_repeat_20261001,0.36,0.36,12.4327,0.36,4.4758,1,,1799,13.6,,651.51472906241,650.0003972316335,True,0.18263629827698205,0.002730415629472019,0.06560211112794057,v1_Ra80_repeat_20261001,FS 0.20,2,0.10806983553007253,7.159071187647493,0.004367317543959857,0.23297398543540293
1790893449.689,2026-10-01T18:24:09,1800,37.95416735028712,v1_Ra80_repeat_20261001,0.38,0.38,11.9716,0.38,4.5492,1,,1800,13.6,,645.2015231375754,650.0001986227517,True,0.18086654464143279,0.0027751925424715383,0.06733037426130814,v1_Ra80_repeat_20261001,FS 0.20,2,0.11407371528174323,7.532582206623829,0.004595174088933495,-0.7382575413582892
1790893450.741,2026-10-01T18:24:10,1800,37.95416735028712,v1_Ra80_repeat_20261001,0.4,0.4,11.4706,0.4,4.5882,1,,1800,13.6,,638.3635218810014,648.337629648654,True,0.17894967740665627,0.002798984090250574,0.06863500355495175,v1_Ra80_repeat_20261001,FS 0.20,2,0.12007759503341393,7.887592214804412,0.004811744283078732,-1.5384125973156637
1790893451.798,2026-10-01T18:24:11,1800,37.95416735028712,v1_Ra80_repeat_20261001,0.42,0.42,10.3343,0.42,4.3404,1,,1800,13.6,,613.6435171863013,621.670781878629,True,0.1720200257051102,0.0026478162559007,0.06754372162165329,v1_Ra80_repeat_20261001,FS 0.20,2,0.12608147478508464,7.971701212189244,0.004863054109487144,-1.2912404646185927
1790893452.854,2026-10-01T18:24:12,1800,37.95416735028712,v1_Ra80_repeat_20261001,0.44,0.44,9.573,0.44,4.2121,1,,1800,13.6,,597.2228977421764,600.0,True,0.16741690467512854,0.0025695481641045386,0.06734938044054467,v1_Ra80_repeat_20261001,FS 0.20,2,0.13208535453675532,8.191209198778328,0.004996962692841352,-0.4628503763039249
1790893453.942,2026-10-01T18:24:13,1800,37.95416735028712,v1_Ra80_repeat_20261001,0.46,0.46,8.335,0.46,3.8341,1,,1799,13.6,,572.4093111020011,579.7298425821737,True,0.1604610195526869,0.002338953162553883,0.06396289740296322,v1_Ra80_repeat_20261001,FS 0.20,2,0.13808923428842604,8.176916174571657,0.004988243380833149,-1.262748774078326
1790893455.001,2026-10-01T18:24:15,1800,37.95416735028712,v1_Ra80_repeat_20261001,0.48,0.48,7.6051,0.48,3.6504,1,,1800,13.6,,561.5378981348385,562.4340580057606,True,0.15741348350661732,0.0022268888721177576,0.06207729232798616,v1_Ra80_repeat_20261001,FS 0.20,2,0.1440931140400967,8.372822139569235,0.005107753794331559,-0.15933598937795113
1790893456.059,2026-10-01T18:24:16,1800,37.95416735028712,v1_Ra80_repeat_20261001,0.5,0.5,7.2452,0.5,3.6226,1,,1800,13.7,,570.182026546081,553.846542878864,True,0.15983665453320667,0.0022099297688291113,0.06067059324937567,v1_Ra80_repeat_20261001,FS 0.20,2,0.1500969937917674,8.740527093771064,0.005332068409369534,2.94946025704268
