# a180.0_U23.0_SST_wf_Ks0_Tu1.0: section coefficients, q = 0.5 U^2, A = c dz, c = 0.048 m; Cm about the centroid, CCW +
# averaging window t U/c = 50 .. 150; decimated
t_s,t_U_over_c,Cd,Cl,Cm_z_ccw,Cd_pressure,Cd_viscous
4.2267585e-05,0.020253218,2.1892365,-1.1681709,-0.3917896,2.1806139,0.0086225983
0.00012746544,0.061077191,2.4167979,-1.4168109,-0.42324482,2.4082512,0.0085467547
0.00016473204,0.078934104,2.2335957,-1.3381449,-0.35259265,2.2251287,0.0084670045
0.00025342772,0.12143411,2.1640219,-1.3610757,-0.32140318,2.1559326,0.0080892892
0.00028927764,0.1386122,2.147917,-1.3868324,-0.31788335,2.1399544,0.0079626185
0.00038017835,0.18216879,2.0478137,-1.4211502,-0.29771616,2.040146,0.0076677279
0.00041974993,0.20113017,2.0073149,-1.4337087,-0.2922499,1.9997637,0.0075511587
0.00049940599,0.2392987,1.9129191,-1.4050898,-0.2658231,1.9055654,0.007353753
0.00054607417,0.26166054,1.8730414,-1.3807654,-0.25193276,1.8657501,0.0072912694
0.00062414312,0.29906858,1.8495981,-1.3598404,-0.23999085,1.8422758,0.0073222937
0.00067053197,0.32129657,1.8392893,-1.3567247,-0.23703522,1.8319465,0.0073427679
0.00074851947,0.35866558,1.8032322,-1.3574685,-0.23270118,1.7958839,0.0073483714
0.00079017991,0.37862787,1.777385,-1.3550603,-0.22896885,1.7700482,0.0073367949
0.00088063821,0.42197247,1.7206993,-1.3409341,-0.2188334,1.7134167,0.0072825518
0.0009191717,0.44043644,1.7049642,-1.3361688,-0.21558997,1.6977134,0.0072507685
0.0010019721,0.48011164,1.6866564,-1.3309479,-0.21164408,1.6794845,0.0071719679
0.0010451684,0.50080987,1.6777069,-1.329553,-0.21038566,1.670579,0.0071278667
0.0011318032,0.54232239,1.6569281,-1.3264786,-0.20796961,1.6498896,0.0070384381
0.0011643738,0.55792912,1.6458056,-1.3242213,-0.20678563,1.6388005,0.0070050829
0.0012514931,0.59967377,1.6213364,-1.317478,-0.20360536,1.6144192,0.0069172114
0.0012951738,0.6206041,1.6103295,-1.3139937,-0.2020577,1.6034551,0.0068743347
0.0013828227,0.66260256,1.5923285,-1.3102365,-0.2000705,1.5855401,0.006788344
0.0014157767,0.67839299,1.5847583,-1.309236,-0.19944374,1.5780025,0.0067558696
0.0015038405,0.72059025,1.5719873,-1.3076216,-0.19857704,1.5653167,0.0066705121
0.0015479287,0.74171583,1.5686902,-1.3066474,-0.19825264,1.5620605,0.0066297183
0.0016250767,0.77868256,1.558397,-1.3052524,-0.19786373,1.5518368,0.0065601769
0.0016691396,0.79979606,1.5528048,-1.3048356,-0.19770139,1.5462843,0.0065204733
0.0017572529,0.84201699,1.5435964,-1.3056403,-0.19825683,1.5371554,0.0064410384
0.0017903001,0.85785212,1.538753,-1.3058413,-0.19840664,1.5323413,0.0064116518
0.0018784069,0.90006997,1.5326786,-1.3070327,-0.19958033,1.5263431,0.0063355222
0.0019224252,0.92116208,1.5309835,-1.3078703,-0.20026112,1.5246846,0.0062989185
0.0019994141,0.95805261,1.5247094,-1.3095313,-0.20144331,1.5184731,0.0062362979
0.0020434005,0.97912941,1.5219376,-1.3111157,-0.20231669,1.5157367,0.0062008855
0.0021313732,1.021283,1.5179578,-1.3145701,-0.20429477,1.5118278,0.006130046
0.0021753596,1.0423598,1.5168431,-1.3170003,-0.20554623,1.5107485,0.0060946141
0.0022523681,1.0792597,1.5146145,-1.3207893,-0.2077587,1.5085813,0.006033235
0.0022963804,1.100349,1.5146614,-1.3232145,-0.2092149,1.5086629,0.0059984839
0.0023844377,1.1425431,1.5156578,-1.3277954,-0.21226012,1.509728,0.0059298129
0.0024174665,1.1583694,1.5153216,-1.329381,-0.2133948,1.5094173,0.0059042806
0.002505517,1.2005602,1.5165124,-1.3338336,-0.21677365,1.5106758,0.0058366374
0.0025495291,1.2216494,1.5169238,-1.3360425,-0.21849018,1.5111207,0.0058031647
0.0026265834,1.2585712,1.5188593,-1.3403271,-0.221834,1.5131145,0.0057448286
0.002670622,1.279673,1.5190556,-1.3428975,-0.22376698,1.513344,0.0057116787
0.0027587125,1.3218831,1.5192061,-1.3480426,-0.22785517,1.5135596,0.0056464849
0.0027917615,1.3377191,1.5196387,-1.3500247,-0.22945718,1.5140164,0.005622269
0.0028799191,1.3799612,1.518867,-1.3544278,-0.23357923,1.5133086,0.0055583746
0.0029240114,1.4010888,1.5190013,-1.3569117,-0.23584069,1.5134744,0.0055268901
0.0030012135,1.4380815,1.5167768,-1.3606301,-0.2395775,1.5113042,0.0054725796
0.0030453466,1.4592286,1.5156524,-1.3630293,-0.24194673,1.5102103,0.0054421263
0.0031336536,1.5015424,1.5109856,-1.3673907,-0.24645376,1.5056025,0.0053831258
0.0031667842,1.5174174,1.5094035,-1.3690746,-0.24820376,1.5040419,0.0053616159
0.0032551739,1.5597708,1.5026716,-1.3732595,-0.25278517,1.4973665,0.0053050742
0.0032994034,1.5809641,1.4987081,-1.374985,-0.25491843,1.4934305,0.0052776447
0.0033768608,1.6180791,1.4904846,-1.3771573,-0.25838827,1.4852534,0.0052312369
0.0034211531,1.6393025,1.4848218,-1.3777295,-0.26016938,1.4796164,0.0052054185
0.0035098294,1.6817932,1.4728262,-1.3780811,-0.26348976,1.4676711,0.0051551287
0.0035431139,1.6977421,1.4677031,-1.3776402,-0.26455967,1.4625666,0.0051365553
0.0036319748,1.7403213,1.4521395,-1.3753231,-0.26695723,1.4470538,0.0050856807
0.0036764661,1.76164,1.4430076,-1.3733673,-0.26783444,1.4379483,0.0050592829
0.0037544142,1.7989901,1.4252661,-1.3688174,-0.26888193,1.4202544,0.0050116767
0.003799014,1.8203609,1.413745,-1.3658724,-0.26924621,1.4087615,0.0049835462
0.003877173,1.8578121,1.3908597,-1.35899,-0.26921594,1.3859268,0.0049329123
0.0039219046,1.879246,1.3766844,-1.3541967,-0.26884892,1.3717808,0.0049036369
0.0040115231,1.9221882,1.3460448,-1.3421291,-0.2672919,1.3411984,0.0048464592
0.0040451869,1.9383187,1.3346065,-1.3372538,-0.26669331,1.3297805,0.00482596
0.004135097,1.9814006,1.298124,-1.319894,-0.26331938,1.2933473,0.0047766678
0.0041688737,1.9975853,1.284159,-1.3129806,-0.26200691,1.2793978,0.0047611849
0.004259148,2.0408417,1.2461926,-1.2939259,-0.25845352,1.2414621,0.004730444
0.0043043849,2.0625178,1.2256355,-1.2835379,-0.25646336,1.220913,0.0047225462
0.0043837296,2.1005371,1.1892594,-1.2645168,-0.25308641,1.1845348,0.004724619
0.0044291764,2.1223137,1.1676332,-1.2527091,-0.251073,1.1628962,0.0047370305
0.0045089133,2.160521,1.131868,-1.2323225,-0.24854978,1.1270845,0.0047835476
0.0045545976,2.1824114,1.1123271,-1.2206998,-0.24762766,1.1075008,0.0048262632
0.0046347738,2.2208291,1.0804073,-1.2012798,-0.24746702,1.0754763,0.0049310274
0.0046692264,2.2373376,1.0684951,-1.1935402,-0.24801282,1.0635076,0.0049874998
0.0047613889,2.2814988,1.0449289,-1.1782113,-0.25306378,1.0397583,0.0051705748
0.004796055,2.2981097,1.038632,-1.1742569,-0.25616957,1.0333813,0.0052507449
0.0048888236,2.3425613,1.0345282,-1.1721204,-0.26880254,1.0290382,0.0054899907
0.0049237415,2.3592928,1.0403723,-1.1760293,-0.27602633,1.0347848,0.0055874466
0.0050054556,2.3984475,1.0669096,-1.1933961,-0.29684373,1.0610826,0.0058269928
0.005052313,2.4209,1.0896743,-1.2085922,-0.31114111,1.083704,0.0059703202
0.0051346074,2.4603327,1.1391536,-1.2411107,-0.33857778,1.1329259,0.0062276879
0.0051699934,2.4772885,1.1657709,-1.2581712,-0.3516093,1.1594317,0.0063391422
0.0052646678,2.5226533,1.2374981,-1.3044491,-0.3856182,1.230861,0.0066371186
0.0053002955,2.5397249,1.266152,-1.3224604,-0.3982844,1.2594036,0.0067483332
0.0053836632,2.579672,1.3360827,-1.3654161,-0.42767539,1.3290804,0.0070023654
0.0054314593,2.6025742,1.3735986,-1.3884773,-0.44282439,1.366454,0.0071445567
0.0055153717,2.6427823,1.4417203,-1.4285776,-0.46862303,1.4343338,0.0073865289
0.0055514427,2.6600663,1.4643755,-1.4421583,-0.47709827,1.4568887,0.007486815
0.0056358358,2.7005046,1.5262044,-1.4749304,-0.49767687,1.5184907,0.0077136826
0.0056721066,2.7178844,1.5505216,-1.4869774,-0.50541078,1.5427138,0.0078078694
0.0057569801,2.7585529,1.5995222,-1.5079202,-0.51875048,1.5915019,0.0080203097
0.0058056324,2.7818655,1.6354492,-1.5209742,-0.52767979,1.6273117,0.008137507
0.0058910451,2.8227925,1.6753732,-1.5305296,-0.53497416,1.6670388,0.0083344005
0.0059277572,2.8403837,1.704468,-1.5386612,-0.54101821,1.6960521,0.0084159301
0.0060136705,2.8815505,1.7446586,-1.5423323,-0.54585322,1.7360591,0.0085995114
0.0060506051,2.8992483,1.754188,-1.5390721,-0.54481449,1.7455127,0.0086753457
0.0061370702,2.9406795,1.7993086,-1.5392477,-0.54877761,1.7904619,0.0088467232
0.0061742422,2.9584911,1.8078469,-1.5332231,-0.54684127,1.7989295,0.0089174724
0.0062612709,3.0001923,1.8410462,-1.5209697,-0.54450172,1.8319697,0.0090764574
0.0062986961,3.0181252,1.8623365,-1.5172418,-0.54519136,1.8531945,0.0091420109
0.006386333,3.0601179,1.88774,-1.4945592,-0.53826499,1.8784528,0.009287283
0.0064240171,3.0781749,1.9074488,-1.4874435,-0.53739706,1.8981023,0.0093464854
0.0065122981,3.1204762,1.9385739,-1.4618414,-0.5302843,1.9290974,0.0094765503
0.0065502803,3.138676,1.946024,-1.4473457,-0.52506385,1.9364959,0.009528074
0.0066392657,3.1813148,1.9819128,-1.4204302,-0.51827036,1.972276,0.0096367954
0.0066775536,3.1996611,1.9890578,-1.4052849,-0.51282942,1.9793809,0.0096769418
0.0067672962,3.2426628,2.0186572,-1.3731328,-0.50330105,2.0089034,0.0097538981
0.0068059326,3.261176,2.0336109,-1.3601267,-0.49994069,2.0238311,0.0097798751
0.0068834779,3.2983332,2.0623366,-1.3334091,-0.49150313,2.0525179,0.009818738
0.0069224003,3.3169835,2.0807569,-1.318139,-0.48628944,2.0709267,0.0098301691
0.0070136444,3.3607046,2.1520599,-1.3254639,-0.49563204,2.1422194,0.0098405361
0.0070529335,3.3795306,2.2140333,-1.3208944,-0.48898294,2.2042002,0.0098330775
0.0071318487,3.4173442,2.1995155,-1.2714024,-0.47012288,2.1897142,0.0098012772
0.0071847117,3.4426744,2.1664212,-1.2383313,-0.46056615,2.1566542,0.0097670528
0.0072643783,3.4808479,2.1617852,-1.2099732,-0.45342587,2.1520867,0.0096984415
0.0073043544,3.5000032,2.1618291,-1.1962023,-0.4497063,2.1521738,0.0096552097
0.0073846622,3.538484,2.1444758,-1.1605965,-0.43829363,2.1349251,0.0095506859
0.0074249558,3.5577913,2.1359174,-1.1438716,-0.43358859,2.12643,0.009487408
0.0075194063,3.6030488,2.1040465,-1.1064951,-0.42168196,2.0947318,0.009314727
0.0075600392,3.6225188,2.0816394,-1.0890264,-0.4149535,2.0724056,0.0092338852
0.007641596,3.6615981,2.0543406,-1.0539707,-0.40018098,2.0452725,0.0090680898
0.0076825073,3.6812014,2.0454929,-1.0375605,-0.39250048,2.0365073,0.0089855064
0.0077645706,3.7205234,2.0621435,-1.0036086,-0.37274855,2.0533163,0.0088271726
0.0078057238,3.7402427,2.1056679,-0.99242001,-0.36344403,2.0969152,0.0087527718
0.0078882326,3.7797781,2.1371109,-0.98145918,-0.35626479,2.1284899,0.0086209274
0.0079295891,3.7995948,2.1461849,-0.97527666,-0.35295251,2.1376206,0.008564256
0.0080124347,3.8392916,2.1044692,-0.96781234,-0.35461202,2.0960051,0.0084641218
0.0080539093,3.8591649,2.0698884,-0.95687191,-0.35337115,2.0614706,0.0084177375
0.0081366055,3.8987901,1.9969686,-0.93731935,-0.34718893,1.9886421,0.00832648
0.0081776795,3.9184714,1.9646369,-0.92195693,-0.33924331,1.9563536,0.0082833581
0.0082592991,3.9575808,1.9377101,-0.89724597,-0.32237548,1.9295042,0.0082059317
0.0082998611,3.9770168,1.9651628,-0.88942853,-0.31314705,1.9569911,0.0081717814
0.0083939223,4.0220878,1.9642571,-0.87941828,-0.29986927,1.9561476,0.008109442
0.0084341375,4.0413576,1.9464355,-0.87462726,-0.29587531,1.9383407,0.0080947167
0.0085147858,4.0800015,1.862481,-0.86560262,-0.29014931,1.854389,0.0080919381
0.008555323,4.0994256,1.7972902,-0.85626419,-0.2853817,1.7891877,0.0081024993
0.0086367549,4.1384451,1.7177772,-0.85471058,-0.27669189,1.7096386,0.0081385762
0.0086775309,4.1579836,1.7134833,-0.85618014,-0.27066794,1.7053226,0.0081606699
0.0087588863,4.1969663,1.6982611,-0.87218246,-0.26292534,1.6900511,0.008210056
0.0088128764,4.2228366,1.7086261,-0.88836247,-0.25906224,1.7003856,0.0082404976
0.0088933734,4.2614081,1.66372,-0.90969379,-0.25660117,1.6554313,0.0082887097
0.0089333088,4.2805438,1.6156636,-0.91669212,-0.25463137,1.6073421,0.0083215293
0.0090125024,4.3184908,1.501104,-0.92148169,-0.24616328,1.4926875,0.0084165312
0.0090517642,4.3373037,1.4616061,-0.92325482,-0.23990092,1.4531247,0.0084814006
0.0091424283,4.3807469,1.3980679,-0.93455489,-0.22390377,1.3893936,0.0086742219
0.0091808779,4.3991707,1.3939517,-0.93913862,-0.21692621,1.3851794,0.0087723121
0.0092697582,4.4417591,1.4012341,-0.9550659,-0.20425366,1.3921996,0.0090345375
0.009307488,4.459838,1.4117042,-0.95944511,-0.19947498,1.4025497,0.0091544913
0.0093947956,4.5016729,1.4256692,-0.94915698,-0.18460364,1.4162385,0.0094306295
0.0094319709,4.5194861,1.4256856,-0.93913683,-0.17733412,1.4161433,0.0095422302
0.0095182454,4.5608259,1.4280431,-0.90014177,-0.15529529,1.4182517,0.0097913969
0.0095550207,4.5784474,1.437774,-0.87957067,-0.14408926,1.4278821,0.0098918397
0.0096403671,4.6193426,1.4617911,-0.83838988,-0.11979825,1.4516931,0.010097999
0.009688821,4.6425601,1.4846141,-0.82171348,-0.10768656,1.4744138,0.010200264
0.0097610064,4.6771489,1.5215201,-0.80317488,-0.089828431,1.5111732,0.010346966
0.0098087594,4.7000306,1.5566529,-0.79547189,-0.078511783,1.5462146,0.010438356
0.0098915676,4.7397095,1.6270058,-0.78129547,-0.059372827,1.6164403,0.01056553
0.0099381094,4.7620108,1.6823399,-0.76857911,-0.04730632,1.6717279,0.010612028
0.01001826,4.8004161,1.7697173,-0.75009929,-0.026089507,1.7590795,0.010637711
0.010063415,4.8220529,1.8208437,-0.74931848,-0.016451864,1.8102231,0.010620548
0.010141489,4.8594636,1.9018723,-0.76240859,-0.0044167232,1.8913315,0.01054081
0.010185649,4.8806235,1.945085,-0.77083875,0.0028871951,1.9346158,0.010469178
0.010273087,4.922521,1.9746423,-0.77824562,0.017237249,1.9643699,0.010272374
0.010305614,4.9381067,1.98117,-0.78241592,0.020950642,1.9709894,0.010180544
0.01039174,4.9793754,2.0881262,-0.8348913,0.016097404,2.0782215,0.0099046691
0.010434518,4.999873,2.1915825,-0.88750604,0.0069009749,2.181844,0.0097384965
0.010519549,5.0406174,2.1793055,-0.91885819,0.0081730038,2.1699662,0.0093392998
0.010561816,5.0608701,2.1841493,-0.95263013,-0.0029425464,2.1750183,0.0091309976
0.010645928,5.1011739,2.4166692,-1.0547614,-0.019489179,2.4080171,0.0086520624
0.010687775,5.1212253,2.3193914,-1.0502791,-0.020762462,2.3109944,0.0083969221
0.010771093,5.1611486,2.5601633,-1.2030377,-0.066216546,2.5522831,0.0078801581
0.010812565,5.1810207,2.4818064,-1.1945597,-0.058867274,2.4742132,0.0075931974
0.010895168,5.2206014,2.5741864,-1.3121699,-0.10633737,2.5671352,0.0070512744
0.0109363,5.2403102,2.6337137,-1.3491809,-0.10740697,2.626957,0.0067566917
0.011018265,5.2795855,2.5991769,-1.4193164,-0.14480869,2.5929706,0.0062063132
0.0110591,5.2991519,2.7454691,-1.4849445,-0.15463071,2.7395478,0.0059212501
0.011140482,5.3381478,2.6481771,-1.5313217,-0.18391318,2.6427831,0.0053940652
0.011181041,5.3575823,2.7698529,-1.5919324,-0.19345574,2.7647197,0.0051332238
0.011271986,5.4011602,2.7537695,-1.686085,-0.23632398,2.7491564,0.0046131364
0.01131227,5.4204627,2.688802,-1.6738204,-0.22599222,2.6844093,0.0043926514
0.011392636,5.4589714,2.7758209,-1.7772615,-0.26602351,2.7718068,0.0040140541
0.011432718,5.4781774,2.62689,-1.7493186,-0.25997712,2.6230523,0.0038376985
0.011522656,5.5212726,2.6875555,-1.8404133,-0.28990717,2.6840537,0.0035017793
0.011562536,5.5403818,2.6343515,-1.8807428,-0.31516614,2.6309776,0.0033739252
0.011642147,5.5785287,2.6017176,-1.9100371,-0.32141591,2.5985699,0.0031477608
0.011691799,5.6023205,2.703155,-2.0022681,-0.35671123,2.7001217,0.0030333773
0.01177111,5.6403236,2.6301314,-2.0539418,-0.38051133,2.6272571,0.0028743389
0.011810712,5.6592993,2.6458763,-2.0426946,-0.36765174,2.6430675,0.0028087905
0.011899685,5.7019325,2.6271398,-2.1062655,-0.39277674,2.624452,0.0026877296
0.011939189,5.7208615,2.5178687,-2.1236131,-0.40587423,2.5152275,0.0026411224
0.01201811,5.7586776,2.4993294,-2.1544909,-0.41368543,2.4967582,0.0025711993
0.012067394,5.782293,2.5372409,-2.2287651,-0.44485577,2.5347015,0.0025393605
0.012146194,5.8200511,2.4529932,-2.2677341,-0.46219692,2.4504991,0.0024940823
0.012185577,5.8389222,2.4597783,-2.2504182,-0.44636795,2.4573006,0.0024776479
0.012274189,5.8813822,2.4084785,-2.2936886,-0.46273005,2.4060306,0.0024479721
0.012313572,5.9002533,2.3028181,-2.3079061,-0.47366038,2.3003831,0.0024349728
0.012392338,5.9379955,2.2589428,-2.316261,-0.47195475,2.2565224,0.0024203695
0.012441567,5.9615844,2.2703615,-2.3709327,-0.4964835,2.2679427,0.0024188358
0.012520357,5.9993377,2.1550441,-2.3790724,-0.50142577,2.1526213,0.0024228063
0.012559786,6.018231,2.1578789,-2.3501877,-0.48215646,2.1554459,0.0024329321
0.012648573,6.0607748,2.0704807,-2.357708,-0.48617954,2.0679973,0.0024833944
0.012688097,6.0797134,1.9546288,-2.355716,-0.49041334,1.9521094,0.0025193303
0.012767241,6.1176365,1.8866085,-2.3285771,-0.47845862,1.8839735,0.0026350015
0.012816803,6.1413848,1.8652619,-2.3634955,-0.49929027,1.8625171,0.002744814
0.012896263,6.1794595,1.7347987,-2.3418263,-0.50106054,1.7318129,0.0029858204
0.012936093,6.1985444,1.7705848,-2.3181999,-0.48765624,1.7674391,0.0031456736
0.013025957,6.2416042,1.7102905,-2.3241591,-0.50670782,1.7066747,0.0036157608
0.013065899,6.2607434,1.6110655,-2.3038262,-0.51001229,1.6072019,0.0038636638
0.013148299,6.3002265,1.625579,-2.3296227,-0.53797055,1.621143,0.004436
0.013191445,6.3209006,1.6301402,-2.3606916,-0.56357053,1.6253899,0.004750301
0.013276891,6.3618435,1.6577291,-2.4073681,-0.60477718,1.6523476,0.0053815319
0.013311374,6.3783667,1.6683502,-2.4275943,-0.62218681,1.662709,0.0056412316
0.013398523,6.4201257,1.7011018,-2.4832005,-0.66678194,1.6947891,0.0063126624
0.013442244,6.4410753,1.7181625,-2.5113834,-0.6886392,1.7115068,0.0066557528
0.013520294,6.4784742,1.7310252,-2.5503736,-0.72110993,1.7237518,0.0072733568
0.013563042,6.4989577,1.7370975,-2.5674436,-0.73602753,1.7294848,0.0076126852
0.013646958,6.5391675,1.7380017,-2.5960864,-0.76263633,1.7297247,0.0082769982
0.013688117,6.5588896,1.7326177,-2.607551,-0.77436067,1.7240176,0.0086000995
0.013776904,6.6014333,1.7232173,-2.6251558,-0.79476077,1.7139338,0.0092834987
0.013816546,6.6204282,1.7201662,-2.6297453,-0.80166234,1.7105867,0.0095795024
0.013902531,6.6616296,1.708911,-2.6395186,-0.81655767,1.6987169,0.010194094
0.013941228,6.6801719,1.7004141,-2.6433713,-0.82296176,1.6899579,0.010456152
0.014026062,6.7208214,1.6880109,-2.6479888,-0.83394831,1.6770168,0.010994033
0.014064709,6.7393396,1.6823241,-2.6479087,-0.83748218,1.6711041,0.011220084
0.014150528,6.7804612,1.6658382,-2.6461251,-0.8444665,1.6541664,0.011671758
0.014190192,6.7994671,1.6606459,-2.6443524,-0.8469559,1.6487893,0.011856615
0.014271359,6.8383594,1.6424072,-2.635537,-0.84932613,1.6302135,0.012193671
0.014313411,6.8585093,1.6322833,-2.6299601,-0.8498384,1.6199344,0.012348922
0.014401519,6.900728,1.6152711,-2.6142934,-0.84842778,1.602635,0.012636068
0.014438656,6.9185227,1.6071674,-2.6072019,-0.84743581,1.5944248,0.012742584
0.014527428,6.9610594,1.5840036,-2.5829601,-0.84143964,1.571037,0.012966682
0.014569274,6.9811106,1.583931,-2.5755001,-0.84009149,1.5708725,0.013058497
0.014653331,7.0213878,1.5615978,-2.5486111,-0.83250755,1.5483786,0.01321927
0.01469544,7.0415648,1.5539146,-2.5374242,-0.82963908,1.5406258,0.013288785
0.014779818,7.0819964,1.5356584,-2.4962191,-0.81469787,1.5222504,0.013408047
0.014822108,7.1022603,1.5351884,-2.5034248,-0.82285321,1.5217216,0.013466734
0.014896265,7.1377934,1.5274844,-2.4480746,-0.79815943,1.5139386,0.013545812
0.014938723,7.1581379,1.4989814,-2.4347262,-0.79666053,1.4853885,0.013592849
0.015023848,7.1989274,1.5472228,-2.4122172,-0.78859498,1.5335404,0.013682349
0.015066518,7.2193732,1.482329,-2.3657618,-0.77163458,1.4686156,0.013713408
0.015152093,7.2603781,1.5320087,-2.3578094,-0.77190043,1.5182282,0.01378048
0.015195001,7.2809382,1.5266575,-2.3235767,-0.75753191,1.5128588,0.013798717
0.015281062,7.3221754,1.4777351,-2.2673838,-0.73887996,1.4639236,0.013811437
0.015313428,7.3376841,1.499371,-2.2647776,-0.73935396,1.4855543,0.013816695
0.015399948,7.3791416,1.4803975,-2.195642,-0.71173733,1.4665907,0.013806733
0.015443336,7.3999318,1.4485758,-2.1667466,-0.70408651,1.4347875,0.013788326
0.015530374,7.4416377,1.5105182,-2.1383306,-0.69483516,1.4967655,0.013752714
0.015574049,7.462565,1.5509597,-2.1138677,-0.6832908,1.5372316,0.013728045
0.015650705,7.4992963,1.4521943,-2.0404021,-0.65884501,1.4385376,0.013656722
0.015694654,7.5203548,1.4247967,-2.0094693,-0.65059365,1.4111861,0.013610532
0.015782856,7.5626184,1.5415053,-1.9801226,-0.63532365,1.5279868,0.013518582
0.01581603,7.5785144,1.5527417,-1.9595956,-0.62575716,1.5392652,0.013476528
0.015904836,7.6210672,1.4396212,-1.8718426,-0.59717475,1.4262748,0.013346299
0.015949388,7.642415,1.3979885,-1.8407114,-0.59014001,1.3847078,0.01328071
0.016027639,7.6799104,1.5060553,-1.813002,-0.57768852,1.4928847,0.013170637
0.016072498,7.7014052,1.5728407,-1.7995979,-0.56904666,1.5597465,0.013094185
0.016150719,7.738886,1.4887796,-1.718542,-0.53836897,1.4758407,0.012938923
0.01619521,7.7602046,1.4188071,-1.6774018,-0.52762166,1.4059558,0.012851228
0.016272825,7.7973951,1.4385688,-1.6244447,-0.51248494,1.4258475,0.012721306
0.01631705,7.8185867,1.5218832,-1.6289754,-0.51090436,1.5092384,0.012644779
0.016405449,7.8609442,1.5799811,-1.5818607,-0.48668207,1.5675329,0.012448171
0.016449648,7.882123,1.51819,-1.5357508,-0.47106052,1.5058505,0.012339491
0.016526997,7.9191858,1.4308254,-1.4517159,-0.44525029,1.418669,0.012156358
0.01657128,7.9404052,1.4040231,-1.4213495,-0.43836784,1.3919565,0.012066663
0.016648942,7.9776182,1.5278092,-1.412933,-0.4319547,1.5158854,0.011923796
0.016693458,7.9989486,1.5996661,-1.3990908,-0.42008593,1.5878415,0.011824653
0.016782999,8.0418535,1.5995608,-1.3466476,-0.39640084,1.5879748,0.011585981
0.016816741,8.0580218,1.5353325,-1.3195992,-0.38932352,1.5238411,0.011491337
0.016907055,8.101297,1.4094191,-1.240038,-0.36733406,1.3981648,0.011254323
0.016940826,8.1174792,1.3862323,-1.2189425,-0.3616226,1.3750519,0.011180382
0.017030721,8.1605538,1.469806,-1.1995918,-0.35410729,1.4587917,0.011014278
0.01707562,8.1820678,1.5662273,-1.195188,-0.34569811,1.5553065,0.010920722
0.017154193,8.2197173,1.6466222,-1.1669633,-0.32594876,1.6359065,0.010715633
0.017199091,8.2412313,1.6205908,-1.1408365,-0.31580966,1.6100082,0.010582625
0.017277664,8.2788807,1.5464347,-1.092778,-0.29897044,1.5360943,0.010340335
0.017322563,8.3003947,1.4693076,-1.0669059,-0.29303463,1.459098,0.010209616
0.017401385,8.3381637,1.3633744,-1.0258688,-0.28463259,1.3533623,0.01001209
0.017446573,8.3598163,1.3271499,-1.0044349,-0.27944762,1.3172244,0.0099254332
0.017525877,8.3978163,1.4253355,-1.0158347,-0.28083909,1.4155343,0.0098012339
0.01757137,8.4196147,1.5573294,-1.0178215,-0.27212257,1.547613,0.00971647
0.01765114,8.4578381,1.6677034,-0.99501424,-0.25114761,1.658185,0.0095183246
0.017696874,8.479752,1.6541466,-0.97879371,-0.24297385,1.6447602,0.0093864031
0.017777344,8.5183107,1.5953334,-0.94659429,-0.23016486,1.5861927,0.0091406827
0.017823714,8.5405294,1.5112158,-0.92180478,-0.22284456,1.5022116,0.0090041654
0.017905588,8.5797607,1.3967305,-0.88722642,-0.21321065,1.3879345,0.0087960223
0.017952824,8.6023947,1.3227223,-0.86884135,-0.20924327,1.3140186,0.0087037101
0.018036164,8.6423286,1.232123,-0.85246576,-0.2083294,1.2235387,0.008584296
0.018072132,8.6595631,1.2335583,-0.85799567,-0.2110123,1.2250102,0.0085480839
0.018156542,8.7000099,1.3819281,-0.8997378,-0.22016045,1.3734616,0.0084664927
0.018192987,8.7174728,1.5385762,-0.92938763,-0.22165943,1.5301654,0.0084108457
0.018278883,8.7586313,1.7086976,-0.93897309,-0.20924537,1.7004893,0.0082082845
0.018328585,8.7824472,1.703245,-0.91770592,-0.19608182,1.6951738,0.0080712669
0.018403688,8.818434,1.6067844,-0.87980147,-0.18131721,1.5989075,0.0078768928
0.018453757,8.8424251,1.5282994,-0.86065537,-0.17504659,1.5205402,0.0077592281
0.01852886,8.8784119,1.4892063,-0.852909,-0.17015126,1.481613,0.0075933282
0.018578928,8.9024031,1.3662205,-0.82307999,-0.16180342,1.3587247,0.0074957907
0.018654031,8.9383899,1.2931727,-0.80763739,-0.15648613,1.2857906,0.0073820981
0.0187041,8.9623811,1.2069611,-0.79269074,-0.15339231,1.1996391,0.0073220364
0.018779203,8.9983679,1.1216011,-0.78125151,-0.1515725,1.114339,0.007262108
0.018829271,9.0223591,1.1003666,-0.78643005,-0.15470286,1.0931349,0.0072317259
0.018904374,9.0583458,1.0868688,-0.80404837,-0.16299269,1.0796703,0.0071984642
0.018954443,9.082337,1.1329923,-0.82695067,-0.17003306,1.1258157,0.007176574
0.019029545,9.1183238,1.357315,-0.88790047,-0.18080339,1.3501944,0.0071205817
0.019079614,9.142315,1.5497602,-0.93643446,-0.18839111,1.5427119,0.0070482506
0.019154717,9.1783018,1.6105621,-0.93566547,-0.17793229,1.6036606,0.0069014819
0.019204785,9.202293,1.5541451,-0.90987895,-0.16403883,1.5473376,0.0068074649
0.019279888,9.2382798,1.4026358,-0.86466992,-0.14673791,1.3959437,0.0066921318
0.019329957,9.262271,1.3537091,-0.85934041,-0.14364469,1.3470825,0.0066266457
0.01940506,9.2982577,1.2481435,-0.83536077,-0.13447291,1.2415936,0.0065498774
0.019455128,9.3222489,1.2430117,-0.8337939,-0.13215411,1.2365051,0.0065066126
0.019529677,9.3579703,1.1155443,-0.81191103,-0.12559896,1.1090874,0.0064568456
0.019579303,9.3817492,1.0591585,-0.8053149,-0.12236121,1.0527235,0.0064350472
0.019653741,9.4174175,0.96108056,-0.79736842,-0.11986108,0.9546641,0.0064164597
0.019703366,9.4411964,0.8706483,-0.7933338,-0.1187084,0.86422767,0.0064206237
0.019790211,9.4828094,0.8072151,-0.80626274,-0.12487675,0.80076921,0.0064458931
0.01982743,9.5006436,0.82977784,-0.81884881,-0.12859526,0.82331868,0.0064591607
0.019914275,9.5422566,1.057961,-0.87078689,-0.14258836,1.0514963,0.0064647071
0.019951017,9.5598621,1.1755874,-0.8977114,-0.14524413,1.1691362,0.0064511983
0.020036748,9.6009417,1.4074607,-0.95627269,-0.14998306,1.4010934,0.0063672382
0.02007349,9.6185472,1.3766887,-0.94300847,-0.14049138,1.3703711,0.0063176144
0.020159221,9.6596267,1.178855,-0.88649662,-0.11475656,1.1726246,0.0062304124
0.020195963,9.6772322,1.102079,-0.86985807,-0.10818454,1.0958718,0.0062071305
0.020281694,9.7183118,0.97227286,-0.84691062,-0.098425358,0.96609862,0.0061742385
0.020330683,9.7417858,0.9063469,-0.84490957,-0.098022422,0.90018185,0.0061650521
0.020414744,9.7820651,0.89391251,-0.87161229,-0.10808519,0.88775896,0.0061535511
0.020450651,9.7992705,0.9083816,-0.89073383,-0.11546664,0.90223322,0.0061483746
0.020534434,9.8394164,1.1035492,-0.96186391,-0.13273058,1.0974267,0.006122486
0.02058231,9.8623569,1.3066654,-1.016415,-0.14069594,1.3005899,0.0060754954
0.020666093,9.9025028,1.3209427,-1.0212757,-0.12835528,1.3149914,0.0059512676
0.020702,9.9197082,1.2358366,-0.99864676,-0.11761,1.2299308,0.0059057605
0.020785782,9.9598541,1.0229642,-0.95666772,-0.10421884,1.0171289,0.005835308
0.020833658,9.9827946,0.94110558,-0.95735623,-0.10816997,0.93529011,0.0058154712
0.020916529,10.022504,1.0223286,-1.0214436,-0.13309372,1.0165434,0.0057852495
0.020951669,10.039342,1.1255166,-1.0594302,-0.14415776,1.1197548,0.0057618133
0.021033392,10.0785,1.4440598,-1.1535419,-0.16120146,1.4384096,0.0056501803
0.021079908,10.100789,1.4406786,-1.1464405,-0.14997792,1.4351154,0.0055631439
0.021161016,10.139653,1.2091819,-1.105582,-0.13673534,1.2037436,0.0054382594
0.021207194,10.16178,1.1049049,-1.1108457,-0.14564361,1.0995166,0.0053882663
0.021287724,10.200368,1.1902393,-1.1786543,-0.1762797,1.1849249,0.005314437
0.021333592,10.222346,1.3823801,-1.2373434,-0.19256486,1.3771255,0.0052545189
0.021413594,10.260681,1.5851554,-1.2850954,-0.19243579,1.5800656,0.0050898391
0.021459154,10.282511,1.4627069,-1.2649519,-0.18434737,1.4577169,0.0049899552
0.021538639,10.320598,1.2339431,-1.2552101,-0.19252912,1.229084,0.0048590188
0.021583919,10.342294,1.2410081,-1.2910011,-0.21360108,1.2362052,0.0048029055
0.021662959,10.380168,1.5263961,-1.380828,-0.24343752,1.5217075,0.0046885552
0.021708011,10.401755,1.6984055,-1.4160131,-0.24522909,1.693812,0.0045934517
0.021786639,10.439431,1.5718523,-1.3984513,-0.23204175,1.5674408,0.0044114901
0.021831458,10.460907,1.3949159,-1.3821902,-0.23390759,1.3905844,0.0043315067
0.021909715,10.498405,1.3390756,-1.4304672,-0.2702461,1.33484,0.0042355231
0.021954344,10.51979,1.4952714,-1.4751489,-0.28713113,1.4910918,0.004179588
0.022043421,10.562472,1.7631931,-1.5303539,-0.28956363,1.7591753,0.0040178208
0.022076759,10.578447,1.7102872,-1.5209078,-0.28301427,1.7063384,0.0039487827
0.02216551,10.620973,1.3535295,-1.4842403,-0.2885721,1.3497152,0.0038143628
0.022209819,10.642205,1.360111,-1.5105191,-0.30816354,1.3563364,0.0037745865
0.022287272,10.679318,1.6034081,-1.5727033,-0.33051617,1.5997086,0.0036995056
0.022331487,10.700504,1.7081986,-1.5841394,-0.32437851,1.7045576,0.0036409808
0.02240879,10.737545,1.5491428,-1.5425263,-0.30555334,1.5456041,0.0035386452
0.022452929,10.758695,1.3623678,-1.5211253,-0.31053021,1.3588566,0.0035111399
0.022541195,10.80099,1.3692074,-1.5357623,-0.33421865,1.3656878,0.0035195816
0.022585329,10.822137,1.4776978,-1.5570321,-0.34181569,1.474163,0.0035347677
0.022662562,10.859144,1.5714924,-1.5496131,-0.32831174,1.5679129,0.0035794523
0.022706695,10.880291,1.4589882,-1.5178401,-0.32220353,1.4553502,0.0036379288
0.022795032,10.922619,1.2409636,-1.4930399,-0.34610087,1.2370534,0.003910205
0.022826907,10.937893,1.3149285,-1.5128575,-0.36067789,1.3108784,0.0040500986
0.022912633,10.97897,1.4888401,-1.5708892,-0.39532853,1.4843431,0.0044970452
0.022956764,11.000116,1.5265866,-1.5897172,-0.41030219,1.5218333,0.004753377
0.023042296,11.0411,1.4895182,-1.6053509,-0.43814109,1.4842321,0.0052861624
0.023084681,11.06141,1.4978788,-1.6287889,-0.46001847,1.4923137,0.0055650493
0.023161022,11.09799,1.6015605,-1.6964959,-0.50472014,1.5954808,0.0060796688
0.023203395,11.118293,1.6666494,-1.733074,-0.52564989,1.6602813,0.0063680727
0.023287481,11.158584,1.7267197,-1.7803969,-0.55499959,1.7197799,0.0069398194
0.023328975,11.178467,1.6974583,-1.7919976,-0.56790704,1.6902332,0.0072250738
0.023418714,11.221467,1.7077436,-1.8286395,-0.59776211,1.6998903,0.0078533239
0.023458863,11.240705,1.747349,-1.8555362,-0.61348394,1.7392166,0.0081324609
0.023538201,11.278721,1.8220515,-1.9015107,-0.63533021,1.8133927,0.0086587529
0.023585422,11.301348,1.8175034,-1.9049027,-0.63965496,1.808547,0.0089564117
0.023664095,11.339045,1.7747887,-1.9041381,-0.64774347,1.7653469,0.0094417661
0.023711571,11.361794,1.7798995,-1.9169196,-0.65755708,1.7701735,0.0097259505
0.023792199,11.400429,1.8483327,-1.9566914,-0.67424382,1.8381609,0.010171832
0.023833707,11.420318,1.8496153,-1.963863,-0.67736894,1.8392409,0.010374412
0.023920363,11.461841,1.7784365,-1.9375467,-0.67290937,1.7676715,0.010764985
0.023957027,11.479409,1.7789718,-1.9382726,-0.67616594,1.768051,0.010920806
0.024045654,11.521876,1.8909276,-1.9754837,-0.68615969,1.8796792,0.011248385
0.024088785,11.542543,1.8680266,-1.9691761,-0.68321104,1.8566614,0.011365177
0.02416795,11.580476,1.7469768,-1.9299886,-0.67707094,1.7354077,0.011569091
0.02421328,11.602197,1.7883162,-1.9340069,-0.67880554,1.7766306,0.011685579
0.024292737,11.64027,1.8975913,-1.9625438,-0.68173686,1.8857489,0.011842368
0.024338214,11.662061,1.8059045,-1.9371582,-0.67506281,1.7940031,0.011901476
0.024417916,11.700251,1.7402125,-1.8858713,-0.66020635,1.7282104,0.012002147
0.024463543,11.722114,1.8058203,-1.900637,-0.6642316,1.7937536,0.012066701
0.024543508,11.760431,1.8533468,-1.9015313,-0.65772734,1.8412031,0.012143716
0.024589286,11.782366,1.7798088,-1.863504,-0.64518917,1.7676413,0.012167471
0.024669556,11.820829,1.7236062,-1.8223771,-0.63534493,1.711396,0.012210176
0.024704025,11.837345,1.7817314,-1.8276363,-0.6344575,1.7695019,0.012229472
0.024796122,11.881475,1.8372606,-1.8165665,-0.62243665,1.8250243,0.012236368
0.024830731,11.898059,1.778763,-1.7835056,-0.61089212,1.7665334,0.012229609
0.02492323,11.942381,1.7035294,-1.7228456,-0.5938772,1.6913187,0.012210674
0.024957997,11.95904,1.7519932,-1.7203449,-0.59089081,1.7397887,0.012204515
0.02503929,11.997993,1.8537029,-1.7147626,-0.58011573,1.8415463,0.012156577
0.025085865,12.02031,1.8106177,-1.6865634,-0.56961876,1.7985082,0.012109571
0.025167556,12.059454,1.7276136,-1.6122968,-0.54398764,1.7155938,0.012019729
0.02521436,12.081881,1.6870225,-1.5888504,-0.53988495,1.6750449,0.011977598
0.025296482,12.121231,1.8270965,-1.5825922,-0.53031252,1.8151913,0.011905178
0.025331766,12.138138,1.8550089,-1.5743734,-0.52412678,1.8431489,0.011859997
0.0254143,12.177686,1.831103,-1.5274759,-0.50331998,1.8193741,0.011728946
0.025461593,12.200347,1.7630901,-1.4852717,-0.48938876,1.7514404,0.011649693
0.025544608,12.240124,1.6665648,-1.426704,-0.47428828,1.6550369,0.011527913
0.025580278,12.257217,1.6739063,-1.4063086,-0.46668185,1.6624205,0.011485781
0.02566373,12.297204,1.8081683,-1.4009488,-0.4586192,1.7967854,0.011382947
0.025711564,12.320125,1.8616488,-1.3819756,-0.44540246,1.8503497,0.011299091
0.025795515,12.360351,1.8626935,-1.3384964,-0.42482699,1.851578,0.011115513
0.025831586,12.377635,1.830429,-1.3117713,-0.41420648,1.8194005,0.011028495
0.025915981,12.418074,1.7032283,-1.2550083,-0.39927859,1.6924006,0.01082767
0.025964352,12.441252,1.6551594,-1.2301367,-0.39267474,1.6444359,0.01072356
0.026049265,12.48194,1.6230528,-1.2022539,-0.38662155,1.6124751,0.010577744
0.026085754,12.499424,1.6573047,-1.1936927,-0.38244208,1.6467802,0.010524552
0.02617113,12.540333,1.8253149,-1.1851961,-0.36821634,1.8149406,0.010374262
0.026207808,12.557908,1.8726076,-1.1696135,-0.35738192,1.862318,0.010289607
0.026293607,12.59902,1.8859671,-1.1307607,-0.33550981,1.8759123,0.010054827
0.026342758,12.622571,1.8618094,-1.1110378,-0.32750141,1.8518999,0.0099094864
0.026416651,12.657979,1.8200681,-1.080899,-0.31490843,1.8103729,0.0096952473
0.026466019,12.681634,1.7612931,-1.0470893,-0.30182163,1.7517283,0.0095647989
0.02654023,12.717194,1.6832623,-1.0156084,-0.29144349,1.6738652,0.0093971473
0.026589819,12.740955,1.609243,-0.98783334,-0.2829222,1.5999386,0.0093043965
0.026676772,12.78262,1.5572895,-0.9741674,-0.28050231,1.5481311,0.0091584293
0.026714106,12.800509,1.5146124,-0.95950446,-0.27697306,1.5055132,0.0090991805
0.026801378,12.842327,1.4985402,-0.96449225,-0.28094968,1.4895834,0.008956802
0.026838837,12.860276,1.5313053,-0.96631183,-0.2791228,1.5224086,0.008896738
0.02692636,12.902214,1.67209,-0.98224109,-0.27444291,1.6633468,0.0087432277
0.026963924,12.920214,1.7569757,-0.99579734,-0.27303267,1.7483064,0.0086693571
0.027051648,12.962248,1.8577749,-0.99324245,-0.25969457,1.8492985,0.0084764351
0.027089276,12.980278,1.8430415,-0.97926,-0.2515145,1.8346511,0.0083903378
0.027177118,13.022369,1.8098362,-0.95743203,-0.23755107,1.8016432,0.0081929982
0.027214779,13.040415,1.7817265,-0.94805086,-0.2324706,1.7736133,0.0081131569
0.027302685,13.082537,1.7278941,-0.94141202,-0.22787917,1.7199574,0.0079367201
0.027340379,13.100598,1.6996453,-0.93425216,-0.22364684,1.6917821,0.0078631652
0.027428329,13.142741,1.6168129,-0.91811048,-0.21582884,1.6091087,0.0077041705
0.027466022,13.160802,1.5908545,-0.91411029,-0.21280903,1.5832159,0.0076385849
0.027553895,13.202908,1.544917,-0.90144161,-0.20370673,1.5374224,0.0074945449
0.027591555,13.220954,1.4900566,-0.89027138,-0.19987887,1.4826197,0.0074368941
0.02766683,13.257023,1.4285449,-0.87009252,-0.18826704,1.4212142,0.0073306651
0.027716988,13.281057,1.3699393,-0.86290367,-0.18591098,1.3626706,0.0072687366
0.027792162,13.317078,1.298783,-0.85030676,-0.17922848,1.2915986,0.00718439
0.027842241,13.341074,1.2884834,-0.84749253,-0.17503397,1.2813475,0.0071358936
0.027917269,13.377025,1.2261535,-0.84176697,-0.17205661,1.219083,0.0070704466
0.027967235,13.400967,1.2197617,-0.84883198,-0.17286798,1.2127287,0.0070329762
0.028054557,13.442809,1.2032782,-0.86205668,-0.17592003,1.1962988,0.0069794524
0.028091935,13.460719,1.1756159,-0.86336366,-0.17680599,1.1686551,0.0069608128
0.028179018,13.502446,1.1787096,-0.87722484,-0.1792795,1.1717825,0.0069270978
0.028216283,13.520302,1.1904814,-0.89075687,-0.1830713,1.1835657,0.0069156856
0.02830307,13.561888,1.2300036,-0.91064269,-0.18526611,1.2231091,0.0068944628
0.028340197,13.579678,1.2853225,-0.9287464,-0.18773206,1.2784394,0.0068830983
0.028426653,13.621105,1.4160359,-0.96657164,-0.1910968,1.409193,0.0068428859
0.028463621,13.638818,1.4560729,-0.97656093,-0.19019275,1.4492562,0.0068167265
0.028549688,13.680059,1.4759364,-0.97199547,-0.17812431,1.4691902,0.0067461916
0.028586485,13.697691,1.433957,-0.9586586,-0.17014399,1.4272383,0.0067187307
0.028672118,13.738723,1.3568378,-0.93488947,-0.15534971,1.3501715,0.0066663043
0.02872091,13.762103,1.3170678,-0.92651102,-0.14910448,1.3104229,0.0066449652
0.028806019,13.802884,1.2648139,-0.92054105,-0.14189975,1.2582025,0.0066114492
0.028842382,13.820308,1.2343622,-0.91586943,-0.13833336,1.2277617,0.0066004805
0.028926967,13.860838,1.2023331,-0.91672487,-0.13274021,1.1957557,0.0065774387
0.028963103,13.878154,1.1587787,-0.908117,-0.12821103,1.1522083,0.0065703754
0.029047133,13.918418,1.1195217,-0.90648898,-0.12356462,1.1129594,0.0065622519
0.029094971,13.94134,1.0750688,-0.90470906,-0.12106734,1.0685083,0.0065605024
0.029178357,13.981296,1.0103829,-0.91176368,-0.1205778,1.0038138,0.006569101
0.029213974,13.998363,0.98401811,-0.91894195,-0.1226915,0.97744356,0.0065745516
0.029296765,14.038033,1.0786363,-0.95129895,-0.12873239,1.0720606,0.0065757135
0.029343884,14.060611,1.1628058,-0.98325231,-0.1350848,1.1562401,0.0065656507
0.029426005,14.099961,1.398512,-1.0474272,-0.1408553,1.392013,0.0064989869
0.029472723,14.122346,1.4021192,-1.0438451,-0.13147056,1.3956793,0.0064399678
0.029554133,14.161355,1.2780126,-1.0152526,-0.11540605,1.2716622,0.0063503949
0.029588881,14.178006,1.2331792,-1.0116414,-0.11284397,1.2268599,0.0063193664
0.02968119,14.222237,1.1137166,-1.0106467,-0.11514776,1.1074616,0.0062549921
0.029715663,14.238755,1.1050588,-1.0268184,-0.1226442,1.0988259,0.0062329254
0.029807238,14.282635,1.3038453,-1.1103908,-0.1464234,1.2976889,0.0061564026
0.029841448,14.299027,1.4528861,-1.1512,-0.15334917,1.4467801,0.0061060053
0.029932324,14.342572,1.5153195,-1.178233,-0.1494192,1.5093968,0.0059226727
0.029966273,14.358839,1.445572,-1.1649417,-0.14401788,1.4397164,0.00585562
0.030056497,14.402072,1.2779688,-1.1684224,-0.15363859,1.2722593,0.0057094914
0.030090219,14.41823,1.2788677,-1.1917932,-0.16550954,1.273205,0.0056627021
0.030179847,14.461177,1.5668705,-1.2966772,-0.19588863,1.5613591,0.0055113553
0.03022451,14.482578,1.7065312,-1.3350565,-0.19874457,1.7011305,0.0054007012
0.030302429,14.519914,1.571443,-1.3282391,-0.19383715,1.5662461,0.0051968719
0.030346822,14.541186,1.4411862,-1.3193588,-0.19693042,1.4360858,0.0051004305
0.030424299,14.57831,1.4461059,-1.3838842,-0.23378147,1.4411439,0.004961971
0.030468454,14.599468,1.6229745,-1.4385102,-0.25055875,1.618098,0.0048764595
0.030556506,14.641659,1.8450949,-1.497832,-0.25333819,1.8404473,0.0046475501
0.030589439,14.65744,1.746457,-1.4848988,-0.24803069,1.7418976,0.004559315
0.030677059,14.699424,1.4608574,-1.480709,-0.26794858,1.4564706,0.0043868111
0.030720772,14.72037,1.5278606,-1.5263753,-0.29176218,1.5235386,0.0043219759
0.030808003,14.762168,1.8705781,-1.6103726,-0.30864595,1.8664207,0.0041574084
0.030840655,14.777814,1.9212534,-1.6230388,-0.30591141,1.9171739,0.0040795573
0.030927592,14.819471,1.5556603,-1.5766298,-0.30119266,1.5517574,0.003902954
0.03097099,14.840266,1.4725013,-1.5862019,-0.31855254,1.4686528,0.0038485643
0.031057677,14.881804,1.7311854,-1.6744794,-0.35492845,1.7274383,0.003747075
0.031100966,14.902546,1.8593104,-1.6858994,-0.34569674,1.8556329,0.0036774431
0.031176666,14.938819,1.6936607,-1.6544778,-0.33157933,1.6901118,0.0035488629
0.031219888,14.95953,1.4773704,-1.6248667,-0.33492311,1.4738651,0.003505334
0.031306288,15.00093,1.5127289,-1.6511476,-0.36103067,1.5092553,0.0034735541
0.031349488,15.02163,1.6458881,-1.678696,-0.36797828,1.6424248,0.0034632935
0.031425089,15.057855,1.6832321,-1.6643051,-0.35136905,1.6797838,0.0034483698
0.031468289,15.078555,1.5064502,-1.614663,-0.33948017,1.5029813,0.0034689381
0.031554769,15.119993,1.3393357,-1.595211,-0.36397125,1.335683,0.0036526351
0.031598049,15.140732,1.3922286,-1.6210638,-0.38188876,1.3884278,0.0038008284
0.031679012,15.179527,1.5944769,-1.6597301,-0.40026975,1.5903119,0.0041649528
0.031724568,15.201356,1.5455838,-1.6553161,-0.4085769,1.5411675,0.0044163112
0.031802165,15.238537,1.4739386,-1.6636073,-0.4382074,1.4690236,0.0049150296
0.03184435,15.258751,1.5051837,-1.6954115,-0.46399993,1.4999744,0.0052093325
0.031928727,15.299181,1.6638943,-1.7808804,-0.51605788,1.6580879,0.0058063865
0.031971115,15.319493,1.706971,-1.8084471,-0.53375056,1.7008635,0.0061074737
0.032055796,15.360069,1.6702539,-1.8402061,-0.56552419,1.6635274,0.0067264512
0.032097788,15.38019,1.6763161,-1.8645854,-0.58505219,1.6692714,0.0070447746
0.032180462,15.419805,1.7711749,-1.933717,-0.62593164,1.7634982,0.0076766949
0.032221089,15.439272,1.8153261,-1.9608299,-0.63984173,1.8073465,0.0079795659
0.032308904,15.48135,1.7917618,-1.9803557,-0.65636706,1.7831487,0.0086130885
0.032348229,15.500193,1.7718355,-1.983557,-0.66322372,1.762941,0.0088944237
0.032433929,15.541258,1.8081628,-2.0257696,-0.68976134,1.7986661,0.0094966628
0.03247274,15.559854,1.8346943,-2.0461453,-0.69951532,1.8249401,0.0097542615
0.032558462,15.60093,1.8184265,-2.0485524,-0.70300972,1.8081498,0.01027665
0.032597838,15.619797,1.7977802,-2.045376,-0.70482565,1.7872753,0.010504947
0.032678479,15.658438,1.8251423,-2.0756728,-0.72203954,1.814199,0.010943248
0.032720213,15.678435,1.8574308,-2.0901058,-0.72720263,1.8462883,0.0111425
0.032808003,15.720501,1.7896272,-2.0671904,-0.72087895,1.7781287,0.011498446
0.032845368,15.738406,1.7869208,-2.0718326,-0.7255689,1.7752811,0.01163969
0.032936426,15.782037,1.9066745,-2.0978303,-0.7317099,1.8947446,0.011929865
0.032969508,15.797889,1.8288858,-2.0870136,-0.72969797,1.8168795,0.012006275
0.033058639,15.840598,1.7491662,-2.0585024,-0.72412629,1.736953,0.012213159
0.033103284,15.86199,1.8360569,-2.0679031,-0.72423738,1.823745,0.012311845
0.03318153,15.899483,1.8255166,-2.0617097,-0.71934619,1.8130887,0.012427937
0.03322632,15.920945,1.7472873,-2.0356647,-0.71222216,1.7348084,0.012478917
0.033304816,15.958558,1.7835376,-2.0269013,-0.71002972,1.7709549,0.012582713
0.033349754,15.980091,1.8633268,-2.0288772,-0.70499946,1.8506912,0.01263564
0.033428536,16.01784,1.7708775,-1.9890111,-0.69055823,1.7581903,0.012687167
0.033473641,16.039453,1.7155521,-1.9606339,-0.68271348,1.7028441,0.01270799
0.033552729,16.077349,1.7886785,-1.9542735,-0.67903804,1.775937,0.012741539
0.03359802,16.099051,1.852025,-1.9476286,-0.67093212,1.8392755,0.012749558
0.033688824,16.142562,1.745342,-1.8850891,-0.64745565,1.7326098,0.012732129
0.033722952,16.158914,1.7148625,-1.862341,-0.64018708,1.7021407,0.012721763
0.033814175,16.202626,1.7815269,-1.8443777,-0.6333023,1.7688341,0.012692729
0.033848466,16.219057,1.8399262,-1.8431992,-0.62908027,1.8272564,0.012669738
0.033928666,16.257486,1.7914969,-1.7888814,-0.60652341,1.7789106,0.012586267
0.033974627,16.279509,1.7339372,-1.7485148,-0.59311829,1.7214047,0.012532506
0.034055268,16.318149,1.7176385,-1.705867,-0.58294029,1.7051862,0.012452297
0.034101469,16.340287,1.8046311,-1.7056067,-0.57906048,1.7922254,0.012405674
0.034182563,16.379145,1.8492579,-1.6719079,-0.55901772,1.836969,0.012288905
0.034229029,16.40141,1.8169466,-1.6309093,-0.5426054,1.8047365,0.012210092
0.034310589,16.440491,1.7151953,-1.5589704,-0.52117814,1.7031189,0.012076423
0.034345648,16.45729,1.6863235,-1.5396439,-0.51805571,1.6742951,0.012028417
0.034439423,16.502224,1.8265651,-1.5169224,-0.50372572,1.8146552,0.011909862
0.034474706,16.51913,1.8587389,-1.5111047,-0.49876491,1.8468877,0.011851223
0.034557257,16.558686,1.8943777,-1.468588,-0.47698324,1.8827006,0.011677088
0.034604585,16.581364,1.8502931,-1.4313863,-0.46344204,1.8387285,0.011564593
0.034687683,16.621182,1.7238086,-1.3630367,-0.44524648,1.7124387,0.011369898
0.034723397,16.638294,1.6865755,-1.3386597,-0.43819959,1.6752801,0.011295333
0.03480698,16.678344,1.6962143,-1.3058048,-0.42944978,1.6850624,0.011151914
0.034854912,16.701312,1.7717084,-1.3054586,-0.42695301,1.760635,0.011073399
0.034939055,16.74163,1.9168423,-1.2733747,-0.40204916,1.9059518,0.010890501
0.034975225,16.758962,1.9305722,-1.253141,-0.39092862,1.9197788,0.010793402
0.035059883,16.799527,1.9119351,-1.2103227,-0.37206374,1.901397,0.010538068
0.035108393,16.822772,1.874328,-1.1836359,-0.36154422,1.8639433,0.010384784
0.035181371,16.85774,1.7966183,-1.1403685,-0.34677063,1.7864505,0.010167741
0.03523015,16.881114,1.7316284,-1.1108336,-0.33824409,1.7215865,0.010041921
0.03531575,16.92213,1.6420428,-1.0750119,-0.32900939,1.6321834,0.0098594045
0.035352525,16.939751,1.6344331,-1.071048,-0.32954551,1.62464,0.0097930734
0.03543857,16.980981,1.6001727,-1.0519605,-0.32543328,1.5905225,0.0096501859
0.035475535,16.998694,1.6443852,-1.0548896,-0.32447009,1.6347988,0.0095864007
0.035561943,17.040097,1.7931143,-1.0617994,-0.31663479,1.7837016,0.009412724
0.03559908,17.057892,1.8297683,-1.0562974,-0.3098646,1.8204433,0.0093250238
0.035685835,17.099462,1.9014031,-1.0320802,-0.28906619,1.8923024,0.0091006757
0.035723047,17.117294,1.9181472,-1.0232287,-0.28167146,1.9091436,0.0090035763
0.035810057,17.158986,1.8650282,-0.99517074,-0.26724139,1.8562439,0.0087843356
0.035859855,17.182847,1.8645564,-0.98964579,-0.26217838,1.8558897,0.0086666447
0.035934592,17.218659,1.7967977,-0.97512902,-0.25609177,1.7882982,0.0084995063
0.035984497,17.242571,1.7600806,-0.96433117,-0.25001666,1.7516888,0.0083917423
0.036059394,17.27846,1.7340801,-0.95038485,-0.24038978,1.7258444,0.0082357176
0.036109326,17.302385,1.6618315,-0.92720907,-0.23162768,1.6536942,0.0081372858
0.036184224,17.338274,1.5752563,-0.90617744,-0.22227225,1.5672621,0.0079942383
0.036234155,17.362199,1.5494014,-0.90317005,-0.21850412,1.5414974,0.0079039949
0.036309053,17.398088,1.4750909,-0.88356751,-0.20922657,1.4673127,0.0077781922
0.036358985,17.422013,1.4026792,-0.87114915,-0.2054575,1.3949794,0.0076998141
0.036433882,17.457902,1.3575699,-0.87162619,-0.20429439,1.3499746,0.0075952671
0.036483814,17.481828,1.3563264,-0.88012707,-0.20537449,1.3487924,0.0075339681
0.036558712,17.517716,1.3134362,-0.88339615,-0.20595676,1.3059815,0.0074546602
0.036608583,17.541613,1.3112103,-0.89451849,-0.20893462,1.3038014,0.0074088467
0.0366833,17.577414,1.3156106,-0.91314407,-0.21305219,1.3082613,0.0073492957
0.036733111,17.601282,1.3408236,-0.92120431,-0.21248566,1.3335085,0.0073151694
0.036820064,17.642947,1.4181738,-0.9535418,-0.216872,1.4109232,0.0072505833
0.036857298,17.660789,1.4882878,-0.96432966,-0.21432658,1.481068,0.0072197883
0.036944,17.702333,1.5634695,-0.98836919,-0.21390599,1.5563374,0.0071321413
0.036981075,17.720099,1.6030497,-0.9910844,-0.20908565,1.5959585,0.0070912085
0.037067456,17.761489,1.5566714,-0.97846273,-0.19793984,1.5496749,0.0069964704
0.037104435,17.779209,1.5194163,-0.97029996,-0.19288373,1.5124549,0.0069614151
0.037190458,17.820428,1.4745822,-0.9638022,-0.18458031,1.4676946,0.0068875766
0.037227239,17.838052,1.4323816,-0.95300654,-0.17891336,1.4255193,0.0068623172
0.037312863,17.87908,1.3882191,-0.95194791,-0.17368246,1.3814047,0.0068144199
0.037361638,17.902451,1.3634662,-0.94995947,-0.16977244,1.3566736,0.0067925814
0.037434629,17.937427,1.3148498,-0.94598339,-0.16420394,1.3080832,0.0067665862
0.037483131,17.960667,1.3185269,-0.93941943,-0.15914483,1.3117748,0.0067520396
0.037567766,18.001221,1.2873911,-0.93593443,-0.15144178,1.2806618,0.0067293504
0.037603934,18.018552,1.252573,-0.93328662,-0.14877829,1.2458505,0.0067225443
0.03768801,18.058838,1.1740988,-0.91834685,-0.13798423,1.1673809,0.0067179179
0.037735881,18.081776,1.1611319,-0.92200124,-0.13585587,1.154413,0.0067188728
0.037819316,18.121756,1.0846288,-0.92055278,-0.13136305,1.0778985,0.0067302206
0.037854951,18.138831,1.0890526,-0.9252089,-0.13047676,1.0823172,0.0067354634
0.037937807,18.178533,1.0629462,-0.94016325,-0.13267237,1.0561972,0.0067489856
0.037984955,18.201124,1.0729889,-0.95613139,-0.13596026,1.0662326,0.0067563626
0.038067113,18.240492,1.2082995,-0.99329889,-0.13937164,1.2015462,0.0067532325
0.038102196,18.257302,1.3054169,-1.0202698,-0.14238865,1.2986809,0.0067360779
0.0381953,18.301914,1.403776,-1.0395054,-0.1307487,1.3971319,0.0066441029
0.038230043,18.318562,1.3543487,-1.0283854,-0.12377552,1.3477402,0.0066085403
0.038310805,18.357261,1.2485252,-1.0124364,-0.11314373,1.2419827,0.0065425748
0.038356745,18.379274,1.1850155,-1.0046604,-0.10940081,1.1785022,0.0065132478
0.03843681,18.417638,1.1362226,-1.0257034,-0.1189501,1.129755,0.0064676187
0.038482359,18.439464,1.1677075,-1.0543645,-0.12908463,1.1612675,0.006439961
0.038561713,18.477487,1.4200899,-1.1350917,-0.1461335,1.4137289,0.0063610001
0.038606902,18.499141,1.5581597,-1.1721169,-0.14864369,1.5518775,0.0062822394
0.038696874,18.542252,1.4736532,-1.1680546,-0.13942083,1.4675482,0.0061049819
0.038730511,18.55837,1.3953556,-1.1589597,-0.13761445,1.3893105,0.006045094
0.038819818,18.601163,1.3127936,-1.1991526,-0.16168954,1.3068853,0.0059082181
0.038864303,18.622478,1.4131636,-1.2421824,-0.17583863,1.4073254,0.0058381607
0.038941914,18.659667,1.741421,-1.3430602,-0.19553448,1.7357592,0.0056617342
0.038986138,18.680858,1.7401997,-1.3545377,-0.19342531,1.7346636,0.0055360151
0.039063222,18.717794,1.5047287,-1.3281935,-0.18975685,1.4993913,0.0053373869
0.03910709,18.738814,1.444261,-1.3555778,-0.20990458,1.4390152,0.0052457559
0.039194639,18.780765,1.7159685,-1.4626926,-0.24787592,1.7109088,0.0050596937
0.039238321,18.801696,1.9030915,-1.5049158,-0.2502188,1.8981557,0.0049357908
0.039314433,18.838166,1.7550914,-1.4981266,-0.24362311,1.7503861,0.0047052229
0.039357827,18.858959,1.5702521,-1.4889067,-0.2523042,1.565651,0.0046010903
0.03944442,18.900451,1.6627301,-1.5775572,-0.30094043,1.6582929,0.0044372168
0.039487614,18.921148,1.8892814,-1.6308522,-0.31124628,1.8849391,0.0043423139
0.039573796,18.962444,1.9334852,-1.6480551,-0.30081393,1.9293783,0.0041069165
0.039606115,18.97793,1.7619147,-1.6276391,-0.30067428,1.7578865,0.0040281632
0.039691864,19.019018,1.6006998,-1.6511369,-0.335585,1.5968115,0.0038883929
0.039734739,19.039562,1.749017,-1.7015397,-0.35537464,1.7451926,0.003824371
0.039820488,19.080651,1.9883869,-1.7536742,-0.35428975,1.9847351,0.0036517184
0.039863183,19.101109,1.8301865,-1.7234466,-0.34371291,1.8266262,0.0035602857
0.039948454,19.141967,1.5236598,-1.6937801,-0.3614162,1.5202072,0.0034525718
0.039991089,19.162397,1.628409,-1.7308867,-0.38046761,1.6249912,0.0034177634
0.0400657,19.198148,1.8583273,-1.7665721,-0.3774732,1.8549807,0.0033465514
0.040108336,19.218577,1.8088548,-1.7444341,-0.36489997,1.8055506,0.0033042381
0.040193606,19.259436,1.3776425,-1.6745786,-0.36635528,1.3743298,0.0033126948
0.040236241,19.279865,1.361699,-1.6796473,-0.38029697,1.3583216,0.0033773951
0.040321511,19.320724,1.7064448,-1.7330205,-0.40075655,1.702856,0.0035887698
0.040363209,19.340705,1.7107733,-1.7229354,-0.3978235,1.707041,0.0037322738
0.040448339,19.381496,1.478091,-1.6960153,-0.42023079,1.4739138,0.0041772698
0.040484006,19.398586,1.4883339,-1.714843,-0.44003528,1.4839205,0.0044134667
0.040571835,19.440671,1.6752959,-1.7999973,-0.49445121,1.6702522,0.0050436558
0.040615855,19.461764,1.7359123,-1.8345546,-0.51607692,1.73055,0.0053622913
0.040695457,19.499906,1.6787753,-1.861457,-0.54877956,1.6728241,0.0059512451
0.04073998,19.52124,1.6820962,-1.8895333,-0.57298238,1.6757953,0.0063009514
0.040819234,19.559216,1.8091364,-1.9702513,-0.62069176,1.8021982,0.0069382287
0.040862458,19.579928,1.8715538,-2.0068096,-0.63919565,1.8642742,0.0072796706
0.040947122,19.620496,1.8276708,-2.0273428,-0.65924796,1.8197364,0.007934421
0.040988456,19.640302,1.8031096,-2.0379162,-0.67147742,1.7948528,0.0082567717
0.041069313,19.679046,1.8556621,-2.0890233,-0.70201133,1.8467787,0.0088834521
0.041116866,19.701831,1.8946126,-2.1171263,-0.71521815,1.8853771,0.0092354978
0.041194917,19.739231,1.8535597,-2.117318,-0.72016744,1.8437749,0.0097848386
0.041241564,19.761583,1.8331345,-2.121773,-0.72707482,1.8230321,0.010102403
0.041319309,19.798835,1.8684703,-2.1623083,-0.7481584,1.8578733,0.010596963
0.041365956,19.821187,1.880616,-2.1691895,-0.75090914,1.8697551,0.010860854
0.041444785,19.85896,1.8292037,-2.1603641,-0.75196407,1.8179398,0.01126391
0.041485264,19.878355,1.845499,-2.17989,-0.76202288,1.8340467,0.011452284
0.041569279,19.918613,1.8389109,-2.1742318,-0.75799159,1.8271308,0.011780088
0.041613977,19.940031,1.8023,-2.1668934,-0.75849376,1.7903656,0.011934319
0.041699796,19.981152,1.886293,-2.1902622,-0.76462356,1.8740978,0.01219522
0.04173913,20,1.8231059,-2.1742372,-0.75902332,1.8108189,0.012286995
0.04182662,20.041922,1.7907218,-2.1540723,-0.75514206,1.7782415,0.01248032
0.041859619,20.057734,1.8409066,-2.1643005,-0.75731615,1.8283574,0.012549244
0.041947772,20.099974,1.7842322,-2.1428702,-0.74671614,1.7715595,0.012672707
0.041991919,20.121128,1.7399844,-2.1173746,-0.73917849,1.7272572,0.012727225
0.042069307,20.15821,1.8295677,-2.1189581,-0.73620604,1.8167363,0.012831457
0.042113603,20.179435,1.8552811,-2.1150835,-0.73111228,1.84241,0.012871157
0.042202369,20.221968,1.7097147,-2.056622,-0.71395925,1.6967954,0.01291934
0.042235719,20.237948,1.7174554,-2.048214,-0.71119966,1.7045138,0.01294151
0.04232483,20.280648,1.8478743,-2.0438229,-0.70069284,1.8348895,0.012984831
0.042369483,20.302044,1.7596439,-2.0064019,-0.68764613,1.7466579,0.012985968
0.042447794,20.339568,1.6981203,-1.9587029,-0.67356586,1.6851424,0.012977916
0.042492646,20.361059,1.7476085,-1.9570628,-0.67243085,1.734634,0.012974518
0.042571318,20.398757,1.8257513,-1.9315311,-0.6547332,1.8128111,0.012940199
0.042616384,20.420351,1.7544443,-1.8955094,-0.6415273,1.7415396,0.012904708
0.042695437,20.45823,1.6594248,-1.8374586,-0.6248313,1.6465875,0.012837304
0.042740733,20.479935,1.708224,-1.8305128,-0.62279136,1.6954208,0.012803233
0.042820205,20.518015,1.8512901,-1.8144881,-0.60764067,1.8385754,0.012714759
0.042865735,20.539832,1.8044275,-1.7751893,-0.59169738,1.7917806,0.012646844
0.042945647,20.578122,1.6907803,-1.6945851,-0.56685125,1.6782524,0.012527838
0.042991442,20.600066,1.6728318,-1.6697721,-0.56209187,1.6603574,0.012474372
0.04307182,20.63858,1.8344452,-1.6728734,-0.5546841,1.8220719,0.012373254
0.043117884,20.660653,1.872555,-1.6493555,-0.54086892,1.8602635,0.012291476
0.043198759,20.699405,1.7696862,-1.5730189,-0.51402651,1.7575577,0.012128566
0.043245125,20.721623,1.6903581,-1.5284864,-0.50289049,1.6783178,0.012040261
0.043326534,20.760631,1.6830531,-1.4821087,-0.49045291,1.6711349,0.011918156
0.043361529,20.777399,1.7614826,-1.4839612,-0.48786617,1.7496145,0.011868119
0.043455147,20.822258,1.8900643,-1.4569157,-0.46582548,1.8783899,0.011674344
0.043490356,20.839129,1.8909139,-1.4336947,-0.454747,1.8793311,0.011582799
0.043572763,20.878615,1.7837474,-1.3620747,-0.43033587,1.7723895,0.011357978
0.043620013,20.901256,1.6794502,-1.3273742,-0.42437642,1.6682135,0.011236693
0.043702985,20.941014,1.630985,-1.2836484,-0.41450424,1.6199238,0.011061254
0.043738656,20.958106,1.6532811,-1.2717922,-0.4102352,1.6422803,0.011000821
0.043822122,20.9981,1.8604882,-1.2624619,-0.39458213,1.8496438,0.010844342
0.043869971,21.021028,1.9150395,-1.2438013,-0.38075694,1.9043152,0.010724266
0.043953971,21.061278,1.9021242,-1.1997661,-0.35925167,1.8916527,0.010471432
0.043990076,21.078578,1.8949469,-1.1815942,-0.35113909,1.8845956,0.010351254
0.044074535,21.119048,1.7954078,-1.1324135,-0.33404647,1.7853354,0.010072441
0.044122935,21.142239,1.705773,-1.0999492,-0.32499659,1.695844,0.0099290591
0.044195721,21.177116,1.6490932,-1.0744666,-0.31794291,1.6393415,0.0097517901
0.044244369,21.200427,1.5946499,-1.0542859,-0.31424016,1.5849905,0.0096594287
0.044329679,21.241304,1.5644003,-1.0381894,-0.31152171,1.5548693,0.00953099
0.044366261,21.258834,1.6243282,-1.0466516,-0.312273,1.6148509,0.0094773193
0.044451686,21.299766,1.7879633,-1.0600995,-0.30612338,1.7786486,0.0093147463
0.0444884,21.317358,1.8661835,-1.0599903,-0.29869651,1.8569604,0.0092231402
0.044574411,21.358572,1.9284333,-1.0335028,-0.27694804,1.9194549,0.0089784573
0.04462366,21.38217,1.8990745,-1.0142121,-0.26647896,1.8902383,0.0088362245
0.04469763,21.417615,1.8512854,-0.99906551,-0.25842539,1.8426506,0.0086348012
0.044746998,21.44127,1.8091531,-0.98245027,-0.25071423,1.8006405,0.0085125601
0.044833499,21.482718,1.7695179,-0.96857094,-0.24180827,1.7612052,0.008312731
0.044870608,21.5005,1.6898978,-0.94925209,-0.23642022,1.6816621,0.008235669
0.044957239,21.54201,1.5968542,-0.92219028,-0.22495279,1.5887792,0.0080749538
0.0449944,21.559817,1.5609593,-0.91543392,-0.22151265,1.5529477,0.0080115851
0.045081126,21.601373,1.4307025,-0.88928476,-0.21380076,1.4228254,0.0078771245
0.045118314,21.619192,1.4200697,-0.88361784,-0.20990213,1.4122458,0.0078238543
0.045205084,21.660769,1.3552151,-0.88932179,-0.21358832,1.3475082,0.0077068518
0.045242271,21.678588,1.3318958,-0.88467826,-0.21180042,1.3242318,0.0076639219
0.045329041,21.720166,1.3460828,-0.9135926,-0.22093255,1.3385068,0.0075759699
0.045366202,21.737972,1.363045,-0.91831216,-0.22020454,1.355503,0.0075419944
0.045452883,21.779506,1.4834325,-0.95814793,-0.22607909,1.475976,0.0074564574
0.045490008,21.797295,1.5659928,-0.98027056,-0.22809912,1.5585817,0.0074110399
0.045576555,21.838766,1.7153244,-1.0058766,-0.22288913,1.7080465,0.0072778727
0.04562595,21.862435,1.7066753,-0.99779661,-0.21483958,1.6994817,0.0071936023
0.045699958,21.897897,1.6547658,-0.97865787,-0.20183448,1.6476894,0.0070763421
0.045749228,21.921505,1.5812369,-0.96198442,-0.19441889,1.5742299,0.0070070345
0.045835317,21.962756,1.5135396,-0.95361685,-0.18766247,1.5066345,0.0069050672
0.045872155,21.980407,1.492613,-0.95382551,-0.18577031,1.4857478,0.0068651785
0.045957965,22.021525,1.3983346,-0.93987634,-0.17836574,1.391547,0.0067876158
0.045994676,22.039116,1.3780149,-0.93877397,-0.17610754,1.3712543,0.0067606801
0.046080172,22.080082,1.3425575,-0.93214205,-0.16973184,1.3358499,0.0067075591
0.04611673,22.0976,1.3014298,-0.92588941,-0.16659571,1.2947401,0.0066896944
0.046201857,22.13839,1.217956,-0.90867276,-0.15650048,1.2112905,0.0066654882
0.046250371,22.161636,1.2001381,-0.91175752,-0.1549696,1.1934803,0.0066577632
0.046335057,22.202215,1.0860191,-0.8958387,-0.14726698,1.079357,0.006662149
0.046371256,22.21956,1.0898591,-0.90491245,-0.14826592,1.0831897,0.0066693841
0.046455504,22.259929,1.060132,-0.92027655,-0.15211438,1.0534449,0.0066870868
0.046491506,22.27718,1.0629551,-0.92569864,-0.15221618,1.0562584,0.0066966872
0.046575254,22.317309,1.0685798,-0.9384692,-0.15259372,1.0618576,0.0067221689
0.046622955,22.340166,1.1289437,-0.95830492,-0.15556932,1.1222108,0.0067329526
0.046706108,22.38001,1.3108948,-1.0001619,-0.15638239,1.3041772,0.0067175728
0.046753454,22.402697,1.3702979,-1.0169992,-0.15374694,1.3636127,0.0066851657
0.046835972,22.442237,1.2947193,-0.98874013,-0.13195424,1.2880976,0.0066216491
0.046871205,22.459119,1.2482107,-0.97682178,-0.12474322,1.2416114,0.0065992593
0.04695311,22.498365,1.1434066,-0.96591817,-0.11753999,1.1368459,0.0065606395
0.046999713,22.520696,1.0778695,-0.95832098,-0.11269637,1.0713233,0.0065461905
0.047080889,22.559593,0.99299962,-0.97501102,-0.11804043,0.98646735,0.0065322646
0.047127085,22.581728,1.0550671,-0.9984532,-0.12556526,1.0485435,0.0065236123
0.047207599,22.620308,1.2383779,-1.0600901,-0.13783427,1.2318908,0.0064871546
0.047253418,22.642263,1.3943702,-1.1084325,-0.14537736,1.3879321,0.0064380971
0.047333275,22.680527,1.4518182,-1.1213271,-0.13456462,1.4455055,0.0063127393
0.04737872,22.702303,1.3648936,-1.1068101,-0.12721464,1.3586512,0.0062424417
0.047457925,22.740256,1.2035693,-1.0943064,-0.12668874,1.1974262,0.0061431061
0.047503,22.761854,1.1654033,-1.111344,-0.13730803,1.1593058,0.0060975523
0.047581575,22.799505,1.3611711,-1.1928556,-0.16281339,1.355162,0.006009127
0.047626315,22.820943,1.5635594,-1.2475692,-0.17224016,1.5576315,0.0059278964
0.047704323,22.858322,1.5991638,-1.2716005,-0.16823977,1.5934231,0.0057406879
0.047748739,22.879604,1.469665,-1.2552896,-0.16440134,1.4640244,0.0056406438
0.047837257,22.922019,1.3464904,-1.2967646,-0.19419286,1.3410085,0.0054818941
0.047870352,22.937877,1.4167893,-1.3338856,-0.20870345,1.4113623,0.005427017
0.047958334,22.980035,1.788254,-1.4313914,-0.22383655,1.7830291,0.0052249541
0.048002181,23.001045,1.7768907,-1.439381,-0.22075855,1.7717917,0.005099024
0.048078679,23.0377,1.4759335,-1.420845,-0.22779907,1.4710168,0.0049167037
0.04812228,23.058592,1.4485089,-1.4527511,-0.2495179,1.4436711,0.0048377856
0.048209228,23.100255,1.7829114,-1.5640257,-0.28634055,1.7782405,0.0046708995
0.048252592,23.121034,1.9079956,-1.5867536,-0.28162325,1.9034385,0.0045570773
0.04833909,23.162481,1.6436884,-1.5631663,-0.27577375,1.6393545,0.0043339757
0.048371456,23.177989,1.520988,-1.5566527,-0.2838225,1.5167124,0.00427559
0.04845762,23.219276,1.6754932,-1.6554233,-0.33505547,1.6713453,0.0041478684
0.048500616,23.239878,1.8895053,-1.6920109,-0.3366012,1.8854399,0.004065353
0.048586461,23.281012,1.83974,-1.6872167,-0.32173704,1.8358761,0.0038639061
0.048629309,23.301544,1.5950497,-1.6605107,-0.32670016,1.5912632,0.0037865257
0.0487149,23.342556,1.5940383,-1.7074923,-0.36652792,1.5903496,0.0036886977
0.048746963,23.35792,1.7252109,-1.7361439,-0.37337281,1.7215618,0.0036491296
0.048832413,23.398865,1.869168,-1.7517237,-0.3597736,1.8656586,0.0035093786
0.048875097,23.419318,1.6456419,-1.7125897,-0.352171,1.6421937,0.0034481683
0.048960466,23.460223,1.4376651,-1.6819055,-0.36746806,1.4342474,0.0034176904
0.04900315,23.480676,1.5054594,-1.7134331,-0.38388005,1.5020321,0.003427283
0.049088518,23.521581,1.7556616,-1.7249818,-0.37401589,1.7521924,0.0034691337
0.049131236,23.54205,1.59989,-1.687876,-0.36518229,1.5963693,0.0035207199
0.049205908,23.577831,1.2796386,-1.6522591,-0.38538242,1.2758812,0.0037573901
0.049255659,23.60167,1.419072,-1.687777,-0.41128124,1.4150697,0.0040022853
0.049337531,23.6409,1.63094,-1.7491098,-0.44683192,1.6264536,0.0044863963
0.049381129,23.661791,1.6361137,-1.757505,-0.45878303,1.6313435,0.0047702559
0.049459097,23.699151,1.5606092,-1.7746808,-0.4929392,1.5552885,0.0053207438
0.049502576,23.719984,1.597331,-1.809766,-0.52074606,1.591686,0.0056450732
0.049589892,23.761823,1.7789528,-1.9067485,-0.57537772,1.7726461,0.0063067093
0.049624813,23.778556,1.8153874,-1.9313748,-0.58979341,1.8088166,0.0065708473
0.049711057,23.819882,1.7497018,-1.9575203,-0.61894894,1.7424697,0.0072321881
0.049753312,23.840129,1.7469484,-1.9781637,-0.63668954,1.739382,0.0075664159
0.049835976,23.879738,1.8475509,-2.0459801,-0.67477593,1.8393334,0.0082175823
0.049876452,23.899133,1.8918147,-2.0705021,-0.68636523,1.8832915,0.0085231853
0.049963751,23.940964,1.8350131,-2.0771331,-0.69814709,1.8258519,0.0091611264
0.050002788,23.959669,1.8230359,-2.0815109,-0.70477936,1.813592,0.0094438503
0.050087891,24.000448,1.8689768,-2.1263133,-0.73004854,1.8589398,0.010036904
0.050126474,24.018935,1.897049,-2.143003,-0.73712345,1.8867652,0.010283828
0.050211806,24.059824,1.8436744,-2.1311468,-0.73658971,1.8328906,0.010783809
0.050251073,24.078639,1.836737,-2.1389172,-0.74310757,1.8257372,0.010999876
0.050339809,24.121158,1.8897108,-2.1754047,-0.75902213,1.8782827,0.011428078
0.050381818,24.141288,1.8545831,-2.1607678,-0.75335584,1.8429879,0.011595246
0.050461468,24.179453,1.838327,-2.1599599,-0.75820593,1.8264376,0.01188939
0.050508739,24.202104,1.8908787,-2.1729086,-0.76132522,1.8788338,0.012044933
0.050590896,24.241471,1.8129111,-2.1543483,-0.75535569,1.8006639,0.012247223
0.050634877,24.262545,1.7638102,-2.142988,-0.75496366,1.7514571,0.012353093
0.050711986,24.299493,1.8944785,-2.1549065,-0.75464998,1.8819523,0.012526196
0.050756119,24.32064,1.8897124,-2.1459821,-0.74894233,1.8771198,0.012592606
0.050833463,24.357701,1.7520607,-2.1036158,-0.73775057,1.7393732,0.012687477
0.050877742,24.378918,1.7816531,-2.097762,-0.73522347,1.7689033,0.012749765
0.050966466,24.421432,1.8746018,-2.0939022,-0.72693762,1.8617543,0.012847532
0.050999803,24.437406,1.7915455,-2.0708871,-0.72024782,1.7786764,0.012869115
0.051088868,24.480082,1.7444235,-2.0297008,-0.70845137,1.7315052,0.012918301
0.051133496,24.501467,1.8295158,-2.0275444,-0.70315305,1.8165759,0.012939981
0.051211766,24.538971,1.8332943,-1.9998388,-0.68842724,1.8203463,0.012947929
0.051256592,24.56045,1.7717809,-1.9655254,-0.67620648,1.7588395,0.01294137
0.051335214,24.598124,1.7180853,-1.9284767,-0.66690466,1.7051551,0.012930234
0.051380241,24.619699,1.8119837,-1.924749,-0.66124887,1.7990659,0.012917805
0.051459258,24.657561,1.8477002,-1.8900949,-0.64236033,1.8348416,0.012858619
0.051504512,24.679245,1.779168,-1.8522462,-0.62931798,1.7663555,0.012812527
0.051583932,24.717301,1.6928744,-1.7983028,-0.61565741,1.6801375,0.012736924
0.051629442,24.739108,1.7706857,-1.7924942,-0.61236321,1.7579881,0.012697575
0.05170931,24.777378,1.878119,-1.7777805,-0.59844844,1.8655226,0.012596335
0.051755081,24.79931,1.8443956,-1.7313751,-0.57913104,1.8318737,0.012521893
0.051835418,24.837805,1.7503061,-1.6532475,-0.55454307,1.7379137,0.012392479
0.051881458,24.859865,1.7116373,-1.625691,-0.54956241,1.6993045,0.012332858
0.051962263,24.898584,1.8517081,-1.6178269,-0.54041274,1.839475,0.01223305
0.052008602,24.920789,1.9135383,-1.6020615,-0.52900516,1.9013855,0.012152782
0.052089938,24.959762,1.8811398,-1.5494297,-0.507076,1.8691617,0.011978063
0.052136571,24.982107,1.8027955,-1.5036791,-0.4927942,1.7909245,0.011870965
0.052218451,25.021341,1.7153173,-1.4348098,-0.47359964,1.7036151,0.011702209
0.052253645,25.038205,1.690935,-1.4156166,-0.46998105,1.6792916,0.011643404
0.052336016,25.077674,1.8383258,-1.4031804,-0.45961263,1.8268139,0.011511934
0.052383247,25.100306,1.9278383,-1.3881018,-0.44630267,1.916426,0.011412291
0.052466161,25.140035,1.9536439,-1.3407409,-0.42235752,1.942453,0.011190858
0.052513709,25.162819,1.9159871,-1.3132348,-0.41218878,1.9049399,0.011047167
0.052597209,25.20283,1.7945264,-1.2493214,-0.39230413,1.7837353,0.0107911
0.052633107,25.220031,1.7618998,-1.2325271,-0.3877534,1.7512113,0.010688523
0.052717109,25.260282,1.6793119,-1.1917355,-0.37788321,1.668827,0.010484922
0.052753195,25.277573,1.6499803,-1.1807797,-0.37733113,1.6395645,0.010415852
0.052837667,25.318049,1.6994843,-1.1596766,-0.36805656,1.6892064,0.010277825
0.052886083,25.341248,1.8115382,-1.1640065,-0.36375598,1.8013507,0.010187523
0.05297105,25.381962,1.9319365,-1.136879,-0.34093869,1.9219629,0.0099735999
0.053007557,25.399454,1.9746408,-1.1261359,-0.33168916,1.964777,0.0098637651
0.053092924,25.440359,1.957435,-1.0902423,-0.31250403,1.9478385,0.009596529
0.053129585,25.457926,1.9216167,-1.0751818,-0.30652934,1.9121306,0.0094860867
0.053215314,25.499005,1.9017812,-1.050906,-0.29360078,1.892534,0.0092472458
0.053264414,25.522532,1.8324204,-1.0256367,-0.2848598,1.8232967,0.0091236236
0.053338185,25.55788,1.7618526,-0.99723627,-0.27363327,1.7528966,0.0089560192
0.053387447,25.581485,1.6962487,-0.97902438,-0.26714386,1.6873961,0.0088525496
0.053473792,25.622859,1.5860195,-0.9418016,-0.25504146,1.5773413,0.0086781302
0.053510842,25.640612,1.5880195,-0.94501988,-0.25488387,1.579416,0.0086035109
0.053597405,25.68209,1.4794316,-0.92684225,-0.25169911,1.4709924,0.008439215
0.053634539,25.699883,1.4771484,-0.93100478,-0.25262041,1.4687723,0.00837611
0.053721255,25.741435,1.4674475,-0.94479599,-0.25671289,1.4592,0.0082473983
0.053758441,25.759253,1.4906572,-0.94753604,-0.2547178,1.482457,0.0082002153
0.053845208,25.800829,1.6030107,-0.97840043,-0.25665778,1.5949251,0.0080855823
0.053882394,25.818647,1.6713201,-0.99158711,-0.25526369,1.663291,0.0080290793
0.053969161,25.860223,1.8097362,-1.0081695,-0.24708487,1.8018626,0.0078736162
0.054006347,25.878041,1.821224,-1.0134184,-0.24565452,1.8134253,0.0077986868
0.054093114,25.919617,1.7705866,-0.99319129,-0.23229896,1.7629613,0.0076252962
0.054130246,25.93741,1.7796506,-0.99214926,-0.22777925,1.7720979,0.0075527515
0.054216869,25.978916,1.6750134,-0.97264004,-0.21838367,1.6676156,0.0073977976
0.054266305,26.002605,1.6422829,-0.96891933,-0.21508572,1.6349648,0.0073180922
0.054340405,26.038111,1.6027539,-0.97160309,-0.21287342,1.5955461,0.0072078522
0.054389749,26.061755,1.5727504,-0.96789949,-0.20870563,1.5656102,0.0071401375
0.054463664,26.097172,1.4852163,-0.95258254,-0.20116933,1.478163,0.007053254
0.054512879,26.120755,1.4617438,-0.9481295,-0.19610542,1.4547402,0.0070036238
0.054598818,26.161934,1.4090798,-0.94158512,-0.1891572,1.4021496,0.0069301618
0.054635598,26.179557,1.3903347,-0.94035143,-0.18653297,1.3834325,0.0069021866
0.054721255,26.220601,1.3195035,-0.92385623,-0.1756862,1.3126498,0.0068537642
0.054757884,26.238153,1.294423,-0.91962836,-0.17320465,1.2875853,0.0068376789
0.05484318,26.279024,1.2505806,-0.91592098,-0.16709918,1.2437698,0.0068107721
0.05489181,26.302325,1.181383,-0.90509614,-0.16210917,1.1745802,0.0068028577
0.054964572,26.337191,1.1410071,-0.90698936,-0.1595108,1.1342088,0.0067982878
0.055012972,26.360382,1.1324717,-0.90700818,-0.15614009,1.1256713,0.0068003921
0.055097406,26.400841,1.0949325,-0.9165722,-0.15700902,1.0881223,0.0068101923
0.055133499,26.418135,1.0875633,-0.92523515,-0.15876816,1.0807458,0.0068175359
0.055217451,26.458362,1.1062822,-0.9450706,-0.161758,1.0994462,0.0068360074
0.055265252,26.481267,1.0969829,-0.94924188,-0.16084749,1.0901332,0.0068496309
0.055348622,26.521215,1.2086184,-0.97885865,-0.16316326,1.2017528,0.0068656656
0.05538423,26.538277,1.2868464,-0.99762686,-0.16354957,1.279985,0.0068613852
0.055467036,26.577955,1.3919808,-1.0200456,-0.15678129,1.3851575,0.0068232598
0.055514137,26.600524,1.3690224,-1.0072402,-0.14496647,1.3622302,0.0067922112
0.055596261,26.639875,1.2733717,-0.97992482,-0.12658838,1.2666292,0.0067424567
0.055642972,26.662257,1.2326197,-0.9728981,-0.12191801,1.2259013,0.0067184199
0.055724354,26.701253,1.1431074,-0.97063565,-0.11624073,1.1364243,0.0066831756
0.055759104,26.717904,1.1053734,-0.97207192,-0.11536085,1.0987012,0.0066722329
0.055851353,26.762107,1.0173112,-0.99096439,-0.12093296,1.0106556,0.0066555526
0.05588581,26.778617,1.0859657,-1.0076099,-0.12585444,1.0793177,0.0066480146
0.055977277,26.822445,1.309669,-1.0834084,-0.14092311,1.3030678,0.0066012189
0.05601144,26.838815,1.4270218,-1.1140836,-0.1438381,1.4204603,0.0065615063
0.056102142,26.882276,1.4622239,-1.1275385,-0.13329624,1.4558103,0.0064136393
0.056136011,26.898505,1.4183925,-1.1159479,-0.12641456,1.4120336,0.0063588435
0.056225967,26.941609,1.230473,-1.1040579,-0.12760617,1.2242335,0.0062394787
0.05625958,26.957715,1.2152809,-1.1204187,-0.1365409,1.2090784,0.0062025095
0.056348846,27.000489,1.4221176,-1.2147379,-0.16714707,1.416027,0.0060905529
0.056393301,27.02179,1.6459268,-1.2762124,-0.17728819,1.639928,0.0059987625
0.056470815,27.058932,1.6301903,-1.2876814,-0.17039498,1.6243925,0.0057977819
0.056514952,27.080081,1.4916632,-1.2762554,-0.16959347,1.4859713,0.0056918561
0.056602928,27.122236,1.3996318,-1.3166,-0.19718399,1.394111,0.0055208148
0.056635806,27.137991,1.4909311,-1.3592271,-0.21329798,1.4854719,0.0054592151
0.05672324,27.179886,1.8576504,-1.4593597,-0.22833269,1.8524194,0.0052309965
0.056766816,27.200766,1.7958445,-1.452445,-0.2212281,1.7907482,0.0050962931
0.056853683,27.24239,1.5055393,-1.4534227,-0.24153317,1.5006555,0.0048838174
0.056886177,27.25796,1.5106901,-1.4871455,-0.26119567,1.5058696,0.0048205466
0.056972615,27.299378,1.8923807,-1.5971652,-0.29102531,1.8877534,0.0046273175
0.057015721,27.320033,1.9693231,-1.6159173,-0.2869491,1.9648229,0.0045001896
0.057101704,27.361233,1.6148936,-1.5812438,-0.28475584,1.6106203,0.004273347
0.057144602,27.381788,1.5537933,-1.6021167,-0.30544205,1.5495946,0.0041987118
0.057219536,27.417694,1.800383,-1.6902221,-0.34233356,1.796308,0.0040750486
0.057262307,27.438189,1.9968458,-1.7328475,-0.34502308,1.9928643,0.0039814496
0.057347657,27.479086,1.7772664,-1.6993133,-0.32905186,1.7734887,0.0037777105
0.057390256,27.499498,1.5888023,-1.688652,-0.34161611,1.5850917,0.0037106401
0.05747539,27.540291,1.7037755,-1.7495351,-0.37864498,1.7001636,0.0036119098
0.057517902,27.560661,1.894799,-1.7817568,-0.37860931,1.8912492,0.0035497776
0.057602925,27.601402,1.7741223,-1.7468344,-0.35631897,1.770718,0.003404236
0.057645347,27.621729,1.5370202,-1.7149345,-0.3621486,1.5336541,0.0033660037
0.057730191,27.662383,1.5471452,-1.7356118,-0.38986237,1.5437829,0.0033623294
0.057762007,27.677628,1.6543645,-1.7562078,-0.39400721,1.6509921,0.0033723658
0.057846991,27.71835,1.7472858,-1.7415413,-0.37866826,1.7438635,0.0034222478
0.057889506,27.738722,1.4906489,-1.69025,-0.37292925,1.487146,0.0035029541
0.057972527,27.778502,1.4021579,-1.7051557,-0.41224925,1.3983123,0.0038455961
0.05801973,27.801121,1.5679102,-1.7427223,-0.43400222,1.5638006,0.0041095466
0.058099911,27.839541,1.6860778,-1.7864361,-0.46342076,1.6814598,0.0046179742
0.058143635,27.860492,1.6193732,-1.78426,-0.4758759,1.6144518,0.0049213516
0.058222535,27.898298,1.6041907,-1.8282857,-0.52204907,1.5986801,0.005510585
0.058266608,27.919416,1.69715,-1.877334,-0.55244116,1.6912993,0.005850723
0.058354988,27.961765,1.8500956,-1.961431,-0.59809672,1.8435614,0.0065342623
0.058390106,27.978592,1.8273045,-1.9719946,-0.6088993,1.820499,0.0068055254
0.058476285,28.019887,1.763985,-2.0040892,-0.64419696,1.7564905,0.0074944691
0.058518384,28.040059,1.8085841,-2.0387176,-0.66534461,1.8007474,0.0078367323
0.058600682,28.079493,1.9158818,-2.1012444,-0.6957086,1.9073994,0.0084823882
0.058640955,28.098791,1.9026547,-2.1072249,-0.70079059,1.8938699,0.0087848479
0.0587278,28.140404,1.8338047,-2.1140307,-0.71596088,1.8243717,0.0094329798
0.05876667,28.15903,1.8514018,-2.1352838,-0.72891142,1.8416839,0.0097178292
0.058851502,28.199678,1.9062969,-2.1757233,-0.74771535,1.8960024,0.01029452
0.058897713,28.221821,1.8724922,-2.166555,-0.74601614,1.8619127,0.010579538
0.058975223,28.258961,1.8560655,-2.180967,-0.75877613,1.8450343,0.011031188
0.05902243,28.281581,1.8827377,-2.2023591,-0.76813768,1.8714605,0.011277173
0.059103451,28.320403,1.8481885,-2.1863419,-0.76202527,1.8365543,0.011634166
0.059145648,28.340623,1.8388891,-2.193008,-0.76819432,1.827085,0.011804158
0.059225833,28.379045,1.8928433,-2.2163611,-0.77573706,1.8807582,0.012085129
0.059273497,28.401884,1.8271862,-2.1909255,-0.76660562,1.8149689,0.012217306
0.05935639,28.441604,1.8424067,-2.1942314,-0.77204378,1.8299664,0.012440296
0.059400192,28.462592,1.9266213,-2.2027837,-0.76894178,1.9140828,0.012538471
0.059476922,28.499358,1.8033017,-2.1686673,-0.75816516,1.7906461,0.012655604
0.059520877,28.52042,1.7611887,-2.1483029,-0.75346215,1.7484627,0.012726046
0.059608866,28.562582,1.8959905,-2.161883,-0.75169644,1.8831308,0.012859719
0.059641953,28.578436,1.8553987,-2.1477438,-0.74609942,1.842509,0.01288976
0.059730225,28.620733,1.7280299,-2.0929952,-0.73046788,1.7150723,0.012957568
0.059774509,28.641952,1.7933992,-2.096457,-0.73033432,1.7803992,0.013000045
0.059852051,28.679108,1.8509402,-2.0822392,-0.71832154,1.8378926,0.013047641
0.059896513,28.700413,1.7737349,-2.0474675,-0.7064987,1.7606792,0.013055704
0.059974369,28.737718,1.7335515,-2.0043742,-0.69339952,1.720489,0.013062491
0.060019018,28.759113,1.8041705,-2.0048354,-0.69091827,1.7911059,0.013064576
0.060108466,28.801973,1.8065298,-1.9614999,-0.66861245,1.7934937,0.013036089
0.060142101,28.81809,1.7651662,-1.9382956,-0.66061602,1.7521509,0.01301531
0.060232004,28.861169,1.698978,-1.8883939,-0.64772598,1.686019,0.012958957
0.060265796,28.87736,1.7805534,-1.8846857,-0.64305177,1.7676178,0.012935609
0.060356183,28.920671,1.8431074,-1.845959,-0.62190039,1.8302753,0.012832104
0.06040146,28.942366,1.7762782,-1.8040038,-0.60657019,1.7635105,0.012767664
0.060480989,28.980474,1.7011958,-1.7345385,-0.58742957,1.6885276,0.012668209
0.060526501,29.002282,1.7688404,-1.7286669,-0.58394136,1.7562203,0.012620131
0.060606525,29.040627,1.8704113,-1.7167278,-0.57118189,1.857907,0.012504345
0.060652289,29.062555,1.8650169,-1.6786728,-0.55434207,1.8525981,0.01241885
0.060732847,29.101156,1.7425549,-1.5964804,-0.52860354,1.7302896,0.012265383
0.060767372,29.117699,1.6960231,-1.5710785,-0.52387868,1.6838143,0.012208795
0.060860017,29.162092,1.8049928,-1.5437211,-0.51249971,1.7929121,0.01208068
0.060894759,29.178739,1.8882219,-1.5374911,-0.50348165,1.8762015,0.012020367
0.060976375,29.217846,1.9163185,-1.5002514,-0.4840373,1.9044842,0.011834341
0.061023013,29.240194,1.8648551,-1.4615606,-0.46983909,1.8531433,0.011711848
0.061105151,29.279551,1.7211346,-1.3857494,-0.44893108,1.7096338,0.01150074
0.061152137,29.302065,1.6737904,-1.3557263,-0.44230556,1.6623933,0.011397085
0.061234753,29.341653,1.706499,-1.3281677,-0.43463774,1.6952479,0.011251139
0.061270286,29.358679,1.8069612,-1.3278365,-0.42909259,1.7957738,0.011187478
0.061353197,29.398407,1.9523069,-1.2936063,-0.40284055,1.9413134,0.010993484
0.061401025,29.421325,1.9657561,-1.2718768,-0.39074469,1.9549029,0.010853165
0.061484725,29.461431,1.9206894,-1.2242072,-0.371396,1.9101101,0.010579275
0.061520597,29.478619,1.8685758,-1.1973191,-0.36217946,1.8581168,0.010458975
0.061604714,29.518925,1.7454326,-1.1456202,-0.34732764,1.7352319,0.010200664
0.061653098,29.54211,1.7031743,-1.1263605,-0.34206504,1.6930975,0.010076816
0.061737771,29.582682,1.6218963,-1.0924565,-0.3353514,1.6119888,0.009907544
0.06177406,29.60007,1.5975823,-1.0843182,-0.33460011,1.5877327,0.0098496203
0.061858733,29.640643,1.680954,-1.0818694,-0.33006163,1.6712395,0.0097145455
0.061895022,29.658031,1.7704798,-1.0954051,-0.33030906,1.760837,0.0096427639
0.061979695,29.698604,1.9323543,-1.0861247,-0.31144574,1.9229267,0.0094276255
0.062029028,29.722243,1.9709028,-1.0698792,-0.29846607,1.9616208,0.0092819471
0.062103028,29.757701,1.9287856,-1.0374539,-0.28157929,1.9197254,0.0090602382
0.062152362,29.78134,1.9179879,-1.0260432,-0.27443932,1.9090664,0.0089214766
0.062238695,29.822708,1.8460309,-1.0049702,-0.26466486,1.8373301,0.0087007498
0.062275695,29.840437,1.8194966,-0.99927978,-0.26249502,1.8108836,0.0086130526
0.062362029,29.881805,1.7337625,-0.96816754,-0.2487658,1.7253416,0.00842091
0.062399029,29.899535,1.7074262,-0.95412033,-0.24096611,1.6990819,0.0083443096
0.062485362,29.940903,1.5884271,-0.93191262,-0.2341895,1.5802464,0.0081806439
0.062522362,29.958632,1.5444242,-0.91457904,-0.2269994,1.5363089,0.0081153286
0.062608696,30,1.4702214,-0.90244745,-0.22158195,1.4622519,0.0079695034
0.062645808,30.017783,1.4236726,-0.89829064,-0.22140292,1.4157611,0.0079114938
0.062732404,30.059277,1.3632922,-0.89739649,-0.22149916,1.3554996,0.0077925975
0.062769516,30.07706,1.3672858,-0.91008938,-0.22559178,1.3595369,0.0077488967
0.062856105,30.11855,1.3838806,-0.93100532,-0.22991317,1.3762232,0.0076574321
0.062905558,30.142247,1.4380265,-0.94730096,-0.23145958,1.4304177,0.0076088012
0.062979709,30.177777,1.5593222,-0.97567695,-0.23176575,1.5517959,0.0075262121
0.063029103,30.201445,1.6646427,-1.0034787,-0.23423578,1.6571846,0.0074581182
0.063115453,30.242821,1.7415569,-1.0165651,-0.22785657,1.7342382,0.0073186974
0.063152417,30.260533,1.7237476,-1.0082887,-0.22130832,1.7164914,0.0072562788
0.063238558,30.301809,1.6653401,-0.98993155,-0.20834681,1.6582177,0.0071224442
0.063275432,30.319478,1.6192245,-0.98471459,-0.20546064,1.612154,0.0070704473
0.063361334,30.360639,1.5330695,-0.96757651,-0.19583535,1.5261011,0.0069683753
0.063398089,30.378251,1.5145374,-0.97070123,-0.19545933,1.5076072,0.0069302865
0.063483692,30.419269,1.4559288,-0.96676901,-0.18967114,1.4490763,0.0068524693
0.063532511,30.442662,1.4002492,-0.9556433,-0.18398847,1.3934312,0.0068180347
0.063605588,30.477677,1.3548871,-0.95395798,-0.17965736,1.3481098,0.0067773244
0.063654206,30.500974,1.3516548,-0.94335594,-0.17251169,1.3448996,0.0067552165
0.063739064,30.541635,1.2729821,-0.9304076,-0.16388614,1.2662564,0.0067257659
0.06377535,30.559022,1.2432048,-0.92784884,-0.16128079,1.2364855,0.0067192957
0.063859793,30.599484,1.182943,-0.92168933,-0.15446794,1.1762305,0.0067125375
0.063907907,30.622539,1.133235,-0.91397421,-0.14958092,1.1265187,0.006716245
0.063991848,30.662761,1.1008352,-0.92135208,-0.14807724,1.0941018,0.0067333429
0.064027713,30.679946,1.0925084,-0.92878923,-0.14945841,1.0857672,0.0067411401
0.06411114,30.719921,1.0776628,-0.94483899,-0.15224823,1.0708992,0.0067636115
0.064158652,30.742688,1.0813659,-0.95318393,-0.15276676,1.0745901,0.0067758528
0.064241475,30.782373,1.1666893,-0.98051866,-0.15533368,1.159898,0.0067912706
0.064276844,30.799321,1.2577524,-1.0032406,-0.15691635,1.2509664,0.0067859965
0.064359073,30.838723,1.3791546,-1.0302206,-0.15051749,1.3724177,0.0067369454
0.064405869,30.861146,1.3611186,-1.0194762,-0.1388648,1.3544195,0.0066991324
0.064487404,30.900214,1.2317555,-0.9893771,-0.12173815,1.2251127,0.006642804
0.064533794,30.922443,1.193139,-0.98601444,-0.11753448,1.1865204,0.0066186176
0.064614626,30.961175,1.0773447,-0.98141143,-0.11379591,1.0707555,0.006589196
0.064649132,30.977709,1.0393214,-0.9882192,-0.11582655,1.0327398,0.0065816081
0.064740758,31.021613,1.1208309,-1.034936,-0.13054293,1.1142754,0.0065555396
0.064774971,31.038007,1.2051775,-1.0669579,-0.13865404,1.1986409,0.0065366366
0.064865833,31.081545,1.4929648,-1.1445728,-0.14544339,1.4865404,0.0064243758
0.064899763,31.097803,1.4933797,-1.1504752,-0.14230848,1.4870149,0.006364879
0.064989874,31.140981,1.3442165,-1.1219514,-0.12692346,1.337999,0.0062174153
0.065034735,31.162477,1.2492212,-1.1199835,-0.13105153,1.2430624,0.0061588178
0.06511294,31.19995,1.2501738,-1.1717276,-0.15642944,1.2441051,0.006068745
0.065157475,31.22129,1.4141266,-1.226007,-0.17112226,1.4081199,0.0060066808
0.065235112,31.258491,1.6898229,-1.3057635,-0.18101955,1.6839896,0.0058332396
0.065279325,31.279676,1.6436457,-1.3050677,-0.17630722,1.6379286,0.0057170945
0.065367428,31.321893,1.3979168,-1.2976158,-0.18466107,1.3923943,0.0055225227
0.065400357,31.337671,1.3889753,-1.3249032,-0.19995499,1.3835127,0.0054626212
0.065487921,31.379629,1.7137264,-1.443731,-0.23686063,1.7084425,0.0052839028
0.065531561,31.400539,1.8531053,-1.4705288,-0.23247127,1.8479465,0.0051588531
0.065618555,31.442224,1.6045585,-1.4498938,-0.22858103,1.5996449,0.0049136014
0.065651086,31.457812,1.5035159,-1.4575514,-0.24126388,1.4986718,0.0048440733
0.065737619,31.499276,1.6608644,-1.5557079,-0.287326,1.6561837,0.0046806797
0.065780777,31.519956,1.880279,-1.6047212,-0.29460042,1.875701,0.0045780172
0.065866877,31.561212,1.8391607,-1.6093975,-0.28316203,1.8348268,0.0043338636
0.065909825,31.581791,1.5998454,-1.5886333,-0.28840791,1.5956086,0.0042367591
0.065984838,31.617735,1.6056789,-1.6457192,-0.32902764,1.6015608,0.0041181377
0.066027635,31.638242,1.7792596,-1.695529,-0.34564801,1.7752131,0.0040465047
0.066113073,31.679181,1.9845272,-1.7394508,-0.33946225,1.9806749,0.0038522413
0.066155719,31.699616,1.7627533,-1.7022535,-0.33108318,1.7589967,0.0037566039
0.066240901,31.740432,1.544808,-1.7041652,-0.36110622,1.5411632,0.0036448636
0.066283449,31.76082,1.680863,-1.7480563,-0.37936363,1.6772663,0.0035966531
0.066368487,31.801567,1.9177171,-1.7890819,-0.37416032,1.9142515,0.0034656553
0.066410969,31.821923,1.7450291,-1.7434736,-0.35759762,1.7416285,0.0034005558
0.066485313,31.857546,1.4367382,-1.7008957,-0.36945742,1.4333745,0.0033637228
0.066527796,31.877902,1.4860775,-1.7153528,-0.3833152,1.4827024,0.0033751676
0.066612767,31.918618,1.7724808,-1.7525779,-0.38595928,1.7690491,0.003431647
0.066655276,31.938987,1.7291713,-1.7342251,-0.37966637,1.7256891,0.0034821751
0.066739791,31.979483,1.3343614,-1.678551,-0.39416997,1.330609,0.0037523739
0.066778975,31.998259,1.4097555,-1.7051747,-0.41591017,1.4058001,0.0039554128
0.066869565,32.041666,1.6541695,-1.7772948,-0.45931449,1.6496546,0.0045148909
0.066904567,32.058439,1.6843615,-1.7902135,-0.47030864,1.6796107,0.0047508221
0.066991913,32.100292,1.5921344,-1.8089403,-0.5068938,1.5867576,0.0053768062
0.067035792,32.121317,1.6163163,-1.8445034,-0.53573468,1.6106043,0.0057120364
0.067115097,32.159317,1.7917312,-1.9345601,-0.58693512,1.7854006,0.0063305632
0.067159065,32.180385,1.8524427,-1.969403,-0.60599074,1.8457713,0.0066713835
0.067245564,32.221833,1.7793106,-1.9943644,-0.63434465,1.7719641,0.0073465342
0.067279453,32.238071,1.7669919,-2.0082533,-0.64783844,1.7593729,0.007618932
0.06737048,32.281688,1.8713394,-2.0808312,-0.68882558,1.8629923,0.008347159
0.067410912,32.301062,1.913375,-2.1061013,-0.70077636,1.9047187,0.0086563609
0.067490247,32.339077,1.8584478,-2.110357,-0.71018254,1.8492047,0.0092430719
0.067537045,32.361501,1.8323963,-2.1149202,-0.71876599,1.8228098,0.0095865197
0.067614246,32.398493,1.8796257,-2.1570195,-0.74166972,1.8694958,0.010129834
0.067660419,32.420617,1.9075172,-2.1737881,-0.74884252,1.8970907,0.010426467
0.067745515,32.461393,1.8524709,-2.1631285,-0.74943673,1.8415462,0.010924734
0.067784664,32.480151,1.8540533,-2.1781376,-0.75897363,1.842915,0.011138293
0.067864804,32.518552,1.8924769,-2.2041222,-0.76998899,1.8809563,0.011520623
0.067906372,32.53847,1.8553761,-2.1872339,-0.76303534,1.8436884,0.011687711
0.067994032,32.580473,1.8654157,-2.2001311,-0.7725057,1.8534017,0.01201401
0.06803136,32.59836,1.89619,-2.2106085,-0.77517539,1.8840571,0.012132932
0.06812223,32.641902,1.802459,-2.1728127,-0.76215857,1.7900948,0.012364128
0.068154973,32.657591,1.7893639,-2.1690284,-0.76334828,1.7769177,0.012446159
0.0682427,32.699627,1.9224462,-2.1897264,-0.76440071,1.909819,0.012627173
0.068286638,32.720681,1.8252502,-2.1646315,-0.75655584,1.8125657,0.012684485
0.068363649,32.757582,1.765136,-2.1280881,-0.74591962,1.7523467,0.012789251
0.068407731,32.778704,1.8500984,-2.1393102,-0.7468553,1.8372441,0.012854343
0.068496065,32.821031,1.8074875,-2.1115109,-0.73388399,1.794552,0.012935517
0.068540326,32.842239,1.7451823,-2.0834374,-0.72613388,1.7322193,0.012963027
0.068617913,32.879417,1.8126347,-2.0666815,-0.7180097,1.7996202,0.013014495
0.068662339,32.900704,1.8835004,-2.0668817,-0.7129351,1.8704658,0.013034549
0.068740259,32.938041,1.7808157,-2.0150796,-0.69400901,1.7677757,0.013039958
0.068784886,32.959424,1.7245385,-1.9844899,-0.68549624,1.7115016,0.013036932
0.068874361,33.002298,1.8169993,-1.9674389,-0.67597781,1.8039707,0.013028608
0.068907993,33.018413,1.8702392,-1.9641087,-0.67087569,1.8572262,0.013013014
0.068997907,33.061497,1.7719101,-1.8957809,-0.64486934,1.7589699,0.012940215
0.069031705,33.077692,1.722734,-1.8678874,-0.63737262,1.7098241,0.012909917
0.069122084,33.120999,1.7938353,-1.8415075,-0.62843259,1.7809982,0.012837009
0.069167408,33.142716,1.886745,-1.8348171,-0.62001018,1.8739602,0.012784791
0.069246958,33.180834,1.822044,-1.7686137,-0.59249472,1.8093805,0.012663483
0.069292535,33.202673,1.7414383,-1.7251659,-0.58146224,1.7288455,0.012592847
0.069372542,33.24101,1.7351789,-1.6689999,-0.56424288,1.722685,0.012493881
0.069406928,33.257486,1.8109654,-1.6704935,-0.56159161,1.798511,0.012454474
0.069498917,33.301564,1.9116669,-1.6453846,-0.54272513,1.8993669,0.012299908
0.069533519,33.318145,1.8722096,-1.6167122,-0.53208297,1.8599816,0.012228016
0.069626109,33.36251,1.7411538,-1.5295057,-0.50510225,1.7291215,0.012032272
0.069660942,33.379201,1.7193089,-1.5003701,-0.49689439,1.7073397,0.011969133
0.069742466,33.418265,1.7720178,-1.4696634,-0.48728393,1.7601726,0.011845155
0.069789206,33.440661,1.8979095,-1.4621914,-0.4760239,1.8861467,0.011762748
0.069871277,33.479987,1.9337523,-1.4241658,-0.45575134,1.9221857,0.011566579
0.06991833,33.502533,1.911947,-1.3928182,-0.44302479,1.900512,0.011435048
0.070000961,33.542127,1.8061432,-1.3294126,-0.42286667,1.7949465,0.011196759
0.07003648,33.559147,1.7594375,-1.3076081,-0.41795655,1.7483383,0.01109922
0.070119622,33.598986,1.6642286,-1.2650376,-0.40996482,1.653324,0.010904632
0.070167289,33.621826,1.6791002,-1.2451807,-0.40289011,1.6682836,0.01081663
0.070251006,33.66194,1.8187484,-1.2404114,-0.39462601,1.8080832,0.01066517
0.070286982,33.679179,1.916723,-1.2294739,-0.38273746,1.9061401,0.010582869
0.070371168,33.719518,1.9622059,-1.1870041,-0.3576862,1.9518627,0.010343235
0.070419422,33.74264,1.9713945,-1.1674,-0.34738805,1.9612093,0.010185268
0.070491972,33.777403,1.9360919,-1.1337157,-0.33272841,1.9261474,0.0099445225
0.070540473,33.800643,1.8911708,-1.1058888,-0.32145433,1.881379,0.0097917825
0.070625568,33.841418,1.7949033,-1.0644129,-0.3067859,1.7853461,0.0095571758
0.070662127,33.858936,1.747989,-1.0435315,-0.29964349,1.7385178,0.0094711939
0.070747603,33.899893,1.6592689,-1.0163695,-0.29281922,1.6499716,0.0092972734
0.070784315,33.917484,1.6135302,-1.0081231,-0.29248409,1.6043031,0.0092270865
0.070870132,33.958605,1.5646451,-0.99314374,-0.28980275,1.5555765,0.0090686225
0.070919263,33.982147,1.5386997,-0.99368012,-0.2913943,1.5297187,0.0089809556
0.070993091,34.017523,1.649744,-1.0105278,-0.28968132,1.6408915,0.0088524308
0.071042379,34.04114,1.7240927,-1.0178741,-0.28592867,1.7153305,0.0087621733
0.071128739,34.082521,1.88803,-1.0288618,-0.274251,1.8794491,0.0085809383
0.071165788,34.100273,1.911534,-1.0292965,-0.27005929,1.9030397,0.0084943332
0.071252284,34.14172,1.9126197,-1.0077693,-0.25333646,1.9043301,0.0082896437
0.07128937,34.15949,1.8690537,-0.99689005,-0.24836335,1.8608516,0.0082020724
0.071375904,34.200954,1.799297,-0.9869364,-0.24230954,1.7912854,0.008011643
0.071413003,34.21873,1.7884004,-0.98398161,-0.23888144,1.7804671,0.0079333056
0.071499561,34.260206,1.6918205,-0.96852655,-0.23163414,1.6840609,0.0077595492
0.071536647,34.277977,1.6751163,-0.96157061,-0.22603667,1.6674264,0.0076899146
0.071623181,34.319441,1.6159934,-0.95160396,-0.21846263,1.608455,0.0075383984
0.071660253,34.337205,1.5768174,-0.94406283,-0.21461084,1.5693405,0.0074768776
0.071746696,34.378625,1.4913521,-0.91824121,-0.20071391,1.4840017,0.0073504048
0.071796041,34.402269,1.4252015,-0.90962332,-0.19765483,1.4179133,0.0072882776
0.071870018,34.437717,1.3472211,-0.89684526,-0.19115397,1.3400149,0.0072061636
0.071919283,34.461323,1.3334194,-0.89443441,-0.18685517,1.3262605,0.0071589866
0.0720054,34.502587,1.274271,-0.89097412,-0.18312012,1.2671817,0.0070892183
0.072042251,34.520245,1.2285036,-0.89077773,-0.18274677,1.2214389,0.007064726
0.072128117,34.561389,1.1756858,-0.90531913,-0.18649933,1.1686569,0.0070289608
0.072164862,34.578996,1.1439936,-0.90839033,-0.18706056,1.1369743,0.0070193101
0.07225045,34.620007,1.1561124,-0.92410042,-0.18922901,1.1491064,0.007005947
0.072287063,34.637551,1.1673514,-0.93957234,-0.19407274,1.1603491,0.0070023028
0.072372319,34.678403,1.2214714,-0.95518728,-0.19362234,1.2144721,0.0069992421
0.072420922,34.701692,1.2907348,-0.97146153,-0.19549057,1.2837432,0.0069916354
0.072505765,34.742346,1.4456481,-1.0089448,-0.19597614,1.4386896,0.0069585295
0.072542031,34.759723,1.4853996,-1.0129945,-0.19158852,1.478464,0.0069356677
0.072626461,34.800179,1.4694189,-1.0037967,-0.17795475,1.4625453,0.0068735695
0.07266254,34.817467,1.4618779,-0.99470263,-0.17005802,1.4550284,0.006849546
0.072746449,34.857673,1.3956605,-0.96852717,-0.15538991,1.3888568,0.0068037561
0.072794252,34.880579,1.4233187,-0.96856162,-0.15104133,1.4165439,0.0067747765
0.072877588,34.920511,1.3190542,-0.96255406,-0.14397694,1.3123252,0.0067290026
0.072913187,34.937569,1.3007468,-0.96183367,-0.14067706,1.2940333,0.00671352
0.072995937,34.97722,1.2032716,-0.9551323,-0.13383557,1.196585,0.0066865564
0.073043035,34.999788,1.1698466,-0.95377347,-0.13010502,1.1631663,0.0066803525
0.07312511,35.039115,1.073579,-0.95152833,-0.12607761,1.0669,0.0066789798
0.073171811,35.061493,1.0616346,-0.96427224,-0.12840668,1.0549508,0.0066837192
0.0732532,35.100491,1.0353825,-0.98139083,-0.13154453,1.0286864,0.006696069
0.073299519,35.122686,1.0953574,-1.0073858,-0.13711362,1.0886585,0.006698823
0.073380224,35.161357,1.3476187,-1.0676881,-0.14391017,1.3409552,0.0066634382
0.073414675,35.177865,1.4336671,-1.0937234,-0.14550604,1.4270409,0.0066261145
0.073506136,35.22169,1.3893442,-1.0776218,-0.12564421,1.3828371,0.0065071346
0.073540287,35.238054,1.3299807,-1.0675898,-0.12070172,1.3235124,0.0064683738
0.073630979,35.281511,1.1896822,-1.0587641,-0.11886213,1.1832985,0.0063836402
0.073664845,35.297738,1.1585877,-1.070093,-0.12552196,1.1522305,0.0063571448
0.073754785,35.340835,1.2966579,-1.1491348,-0.15211249,1.2903794,0.0062785657
0.073799568,35.362293,1.5065875,-1.2035523,-0.16048784,1.5003756,0.0062118347
0.073877635,35.3997,1.6074137,-1.237272,-0.15808127,1.6013716,0.0060420949
0.073922082,35.420998,1.5093339,-1.2269565,-0.15403371,1.5033892,0.0059447191
0.073999581,35.458133,1.3584517,-1.2270879,-0.16130685,1.3526502,0.0058015037
0.074043719,35.479282,1.3384021,-1.2587534,-0.17875693,1.3326719,0.005730238
0.074131687,35.521433,1.6911511,-1.3802152,-0.21191553,1.6855955,0.0055555961
0.074175516,35.542435,1.8001015,-1.409079,-0.21048113,1.7946701,0.0054314769
0.074251972,35.57907,1.6056499,-1.3941775,-0.20686277,1.6004341,0.0052157853
0.074295531,35.599942,1.4906347,-1.4006487,-0.21867721,1.4855178,0.0051169264
0.07438239,35.641562,1.6248989,-1.4914608,-0.26089533,1.6199555,0.0049433773
0.074425691,35.66231,1.8677548,-1.5557464,-0.2745835,1.8629197,0.0048351063
0.07450127,35.698525,1.8874488,-1.5642858,-0.26255994,1.8828427,0.0046061436
0.074544351,35.719168,1.676985,-1.5465896,-0.26471604,1.6724931,0.0044919102
0.074630305,35.760355,1.5791527,-1.597444,-0.30690121,1.5748195,0.0043332494
0.074673192,35.780904,1.7797711,-1.6582637,-0.32760614,1.7755155,0.0042556086
0.074758781,35.821916,1.9996457,-1.7077263,-0.32463932,1.9956032,0.0040425422
0.074801498,35.842384,1.823928,-1.6806355,-0.31674031,1.8199932,0.0039347809
0.074876139,35.87815,1.5574322,-1.6748637,-0.34182803,1.5536212,0.0038110514
0.074918724,35.898555,1.6539295,-1.7195423,-0.36498478,1.650172,0.0037575126
0.075003814,35.939328,1.9735551,-1.7853092,-0.36959036,1.9699433,0.0036117889
0.075046293,35.959682,1.9157244,-1.7679393,-0.35742678,1.9122022,0.0035222553
0.075131209,36.000371,1.5114159,-1.7151905,-0.36554243,1.5080056,0.0034103366
0.075173634,36.0207,1.5246526,-1.7270879,-0.37994001,1.5212651,0.0033874573
0.075258483,36.061357,1.8255133,-1.7747088,-0.38576944,1.8221651,0.0033481211
0.075300908,36.081685,1.842518,-1.7598584,-0.3739432,1.8391903,0.0033277534
0.075385757,36.122342,1.3597903,-1.6859119,-0.37528931,1.3563943,0.0033960168
0.075417617,36.137608,1.2969329,-1.6784646,-0.38372227,1.2934541,0.0034788543
0.075501379,36.177744,1.6255881,-1.73858,-0.41601632,1.6217893,0.0037988699
0.075549251,36.200683,1.6976107,-1.7608188,-0.42914657,1.6935729,0.0040377364
0.075630079,36.239413,1.5358682,-1.7432963,-0.4486499,1.5313327,0.0045355584
0.075673972,36.260445,1.5370857,-1.7676471,-0.47511021,1.5322325,0.0048532366
0.075753081,36.298351,1.7030018,-1.8528557,-0.5287037,1.6975521,0.0054497045
0.075797286,36.319533,1.7866381,-1.8971843,-0.55338237,1.7808566,0.0057815107
0.075886001,36.362042,1.7329746,-1.9286508,-0.58721164,1.7265137,0.0064609403
0.075921263,36.378938,1.7220148,-1.9460098,-0.60425529,1.7152701,0.0067447653
0.076007808,36.420408,1.8421168,-2.0293221,-0.65374101,1.8346627,0.0074540631
0.07605009,36.440668,1.9025363,-2.0630327,-0.67001031,1.8947453,0.0077909767
0.076132673,36.480239,1.8604384,-2.0813436,-0.68683217,1.8520092,0.0084292532
0.076173051,36.499587,1.8334146,-2.0887759,-0.69677796,1.8246727,0.0087419053
0.07626013,36.541312,1.8713527,-2.1364236,-0.72621671,1.8619443,0.0094084157
0.076299071,36.559971,1.9079574,-2.1594487,-0.73636458,1.898267,0.0096904021
0.076383894,36.600616,1.8673731,-2.1564373,-0.73972446,1.8571098,0.01026338
0.076422333,36.619035,1.8520725,-2.1607931,-0.74554597,1.8415604,0.010512082
0.076507398,36.659795,1.8933577,-2.2028782,-0.76660214,1.8823403,0.011017486
0.076546561,36.678561,1.8956046,-2.2039741,-0.76682502,1.8843855,0.011219151
0.076634976,36.720926,1.8481736,-2.1998155,-0.77030321,1.836546,0.011627638
0.07667683,36.740981,1.8776977,-2.2173534,-0.77733615,1.8658967,0.011800994
0.076756158,36.778992,1.8426854,-2.2019147,-0.77022609,1.8306139,0.012071469
0.076803153,36.801511,1.8123049,-2.1936271,-0.77064973,1.8000889,0.012215944
0.076884607,36.840541,1.9323987,-2.2174957,-0.77525954,1.9199606,0.01243808
0.076928275,36.861465,1.8495587,-2.1979703,-0.76835257,1.8370382,0.012520446
0.077004929,36.898195,1.7684828,-2.1691491,-0.76276746,1.7558136,0.01266922
0.077048816,36.919224,1.8574442,-2.1817483,-0.76454012,1.8446886,0.01275566
0.077136703,36.961337,1.8201599,-2.1577525,-0.75147299,1.8072979,0.012862003
0.077180741,36.982438,1.7545512,-2.1285074,-0.74313913,1.7416476,0.012903665
0.077257925,37.019422,1.8233133,-2.1244147,-0.74034833,1.8103205,0.012992755
0.077302119,37.040599,1.8853988,-2.1236841,-0.73502143,1.8723671,0.013031733
0.077379598,37.077724,1.7676207,-2.0723923,-0.71795559,1.7545559,0.013064773
0.077423952,37.098977,1.7199736,-2.0450306,-0.71115278,1.7068965,0.01307716
0.077512884,37.14159,1.8660226,-2.0391013,-0.70090509,1.8529221,0.013100545
0.077546314,37.157609,1.86736,-2.0235657,-0.69286373,1.854264,0.013095988
0.077635643,37.200412,1.7327337,-1.9550396,-0.67038671,1.7196694,0.013064365
0.077680436,37.221876,1.709855,-1.934753,-0.66586475,1.6968075,0.013047542
0.077759002,37.259522,1.8513206,-1.9248085,-0.65517203,1.8383162,0.013004392
0.077804014,37.28109,1.8609549,-1.9032996,-0.64424884,1.847997,0.012957823
0.077883003,37.318939,1.7475165,-1.8294657,-0.61840043,1.7346553,0.012861283
0.077928263,37.340626,1.6879793,-1.796052,-0.61046865,1.6751668,0.012812553
0.078007688,37.378684,1.8387549,-1.7832592,-0.60164394,1.8260215,0.012733344
0.078053205,37.400494,1.8778607,-1.7738181,-0.59346117,1.8651937,0.012667043
0.078133082,37.438769,1.809579,-1.7000661,-0.56495014,1.7970534,0.012525628
0.078178865,37.460706,1.7300823,-1.6567669,-0.55445972,1.717636,0.012446295
0.078259235,37.499217,1.7142641,-1.6088879,-0.5420202,1.7019273,0.012336787
0.078305319,37.521299,1.8422934,-1.603788,-0.5328122,1.8300179,0.012275467
0.078386224,37.560066,1.915211,-1.5790926,-0.51601234,1.9030918,0.012119183
0.078432595,37.582285,1.9060061,-1.5466078,-0.50183119,1.8939967,0.012009432
0.078514058,37.621319,1.7499792,-1.4702199,-0.48054327,1.7381686,0.011810639
0.078549072,37.638097,1.716803,-1.4369642,-0.47065843,1.7050694,0.011733613
0.078631003,37.677356,1.7047061,-1.3987731,-0.4620975,1.6931157,0.011590355
0.078677979,37.699865,1.8148806,-1.3971857,-0.45723451,1.8033689,0.011511611
0.078760453,37.739384,1.9424177,-1.3607524,-0.4304374,1.9310947,0.011323015
0.078807749,37.762047,1.9388014,-1.3346862,-0.41817491,1.9276136,0.011187814
0.078890819,37.801851,1.889305,-1.2785244,-0.39599534,1.8783802,0.010924749
0.078926535,37.818965,1.8419056,-1.2553225,-0.3888544,1.8310951,0.010810515
0.07901007,37.858992,1.7283063,-1.2104073,-0.37862086,1.7177387,0.010567569
0.079057986,37.881952,1.6729742,-1.1873844,-0.37387419,1.6625209,0.010453311
0.079142102,37.922257,1.6526485,-1.1647827,-0.36934644,1.6423486,0.010299906
0.079178236,37.939572,1.6776671,-1.1566722,-0.36530764,1.6674242,0.010242872
0.079262822,37.980102,1.8817872,-1.1534478,-0.3509234,1.8717124,0.010074791
0.079299162,37.997515,1.9337789,-1.144491,-0.34193721,1.9237995,0.0099793956
0.079383955,38.038145,1.9605521,-1.1069454,-0.31882605,1.9508326,0.0097195634
0.079432589,38.061449,1.9592026,-1.0878524,-0.30821635,1.9496397,0.009562953
0.079517964,38.102358,1.8852504,-1.0554208,-0.29504042,1.8759453,0.0093050546
0.079554633,38.119928,1.9062232,-1.049516,-0.28911638,1.8970216,0.0092015445
0.079640349,38.161001,1.7743562,-1.0039448,-0.27283196,1.765369,0.0089871686
0.079677135,38.178627,1.756902,-0.9959899,-0.2695498,1.7479955,0.0089065108
0.079763166,38.21985,1.64101,-0.95884834,-0.25691428,1.6322788,0.0087312273
0.079800071,38.237534,1.5725955,-0.94116969,-0.25263427,1.5639346,0.0086609595
0.079886308,38.278856,1.5154483,-0.9381266,-0.25283254,1.5069514,0.0084969061
0.079935682,38.302514,1.4636549,-0.92772336,-0.25057026,1.455243,0.0084119365
0.080009743,38.338002,1.4800762,-0.94762668,-0.25633191,1.4717795,0.0082966672
0.080059117,38.36166,1.4763845,-0.94736954,-0.25440498,1.4681535,0.0082310346
0.080133178,38.397148,1.5826131,-0.97863504,-0.25800379,1.5744806,0.0081324372
0.080182552,38.420806,1.676713,-0.99622591,-0.2564446,1.6686551,0.0080579034
0.080268956,38.462208,1.8342807,-1.0174359,-0.24856913,1.8263833,0.0078973999
0.080305986,38.479952,1.8431825,-1.0162771,-0.24429345,1.835363,0.0078194779
0.080392391,38.521354,1.8109264,-0.9948241,-0.22901262,1.8032869,0.007639512
0.080429421,38.539098,1.7796338,-0.99494336,-0.22781234,1.7720708,0.0075630854
0.080515826,38.5805,1.6802704,-0.97190692,-0.21672776,1.6728653,0.0074050714
0.080552856,38.598244,1.6636982,-0.97934171,-0.21857151,1.6563556,0.0073425423
0.080639207,38.63962,1.6003418,-0.97043919,-0.21117709,1.5931349,0.0072068605
0.080676078,38.657287,1.5506203,-0.96652482,-0.20983895,1.5434644,0.0071559547
0.08076211,38.698511,1.488366,-0.95380767,-0.20035963,1.4813122,0.0070538597
0.080811271,38.722067,1.4538662,-0.94641235,-0.19513868,1.4468632,0.0070030391
0.080884841,38.75732,1.3907761,-0.93788787,-0.18907333,1.3838389,0.0069371339
0.080933774,38.780767,1.3531068,-0.9247575,-0.18072907,1.3462047,0.0069020769
0.081019405,38.821798,1.2871484,-0.91402655,-0.1737221,1.2802919,0.0068565127
0.081055923,38.839296,1.2602138,-0.91277957,-0.17195398,1.2533728,0.0068410309
0.081141131,38.880125,1.1832226,-0.90414888,-0.16543021,1.1764018,0.0068208285
0.081177649,38.897623,1.1390896,-0.89927572,-0.16270896,1.1322719,0.0068176496
0.081262408,38.938237,1.1091205,-0.90317246,-0.16074247,1.1023033,0.0068171407
0.081310842,38.961445,1.1114621,-0.92328473,-0.16693354,1.10464,0.006822108
0.08139513,39.001833,1.1026802,-0.93382224,-0.16734357,1.0958457,0.006834559
0.081431254,39.019143,1.1055492,-0.94361069,-0.16941271,1.0987081,0.0068410766
0.081515118,39.059327,1.1427618,-0.9600583,-0.1697407,1.1358999,0.006861917
0.081562999,39.08227,1.2232082,-0.97836423,-0.17099027,1.2163414,0.0068667964
0.081646271,39.122172,1.3736061,-1.0109016,-0.16784547,1.3667619,0.0068442474
0.08168196,39.139272,1.4129308,-1.0194069,-0.16455433,1.4061072,0.0068236045
0.081764684,39.178911,1.3510658,-0.99499953,-0.14492938,1.3442943,0.00677147
0.081811872,39.201522,1.2860146,-0.97747543,-0.13427132,1.2792688,0.0067457517
0.081894018,39.240884,1.2286205,-0.965683,-0.12457761,1.2219151,0.0067054634
0.08192905,39.25767,1.1969363,-0.9684337,-0.12324545,1.1902454,0.0066908954
0.082022144,39.302277,1.0740371,-0.96597042,-0.11905475,1.0673726,0.0066645168
0.082056813,39.31889,1.0349196,-0.96747307,-0.11830088,1.0282606,0.0066589975
0.082137709,39.357652,1.0087492,-0.9968164,-0.12725022,1.0020958,0.0066533628
0.082183636,39.379659,1.1254682,-1.0217652,-0.13225092,1.118823,0.0066451779
0.082263834,39.418087,1.381328,-1.0959054,-0.14337269,1.3747351,0.0065929077
0.082309337,39.439891,1.4677553,-1.120138,-0.14221571,1.4612247,0.0065306093
0.082388778,39.477956,1.3952562,-1.1087323,-0.12926288,1.3888496,0.0064066454
0.082434053,39.49965,1.3112653,-1.0975051,-0.12415984,1.3049213,0.006344041
0.082512649,39.537311,1.1979858,-1.0987129,-0.12881746,1.1917296,0.0062562543
0.082557561,39.558831,1.1869986,-1.1275478,-0.14312565,1.1807858,0.0062128196
0.082646954,39.601665,1.5280571,-1.233038,-0.16771802,1.5219665,0.0060905737
0.082680206,39.617599,1.6370622,-1.2631689,-0.17068508,1.631045,0.0060171626
0.082768879,39.660088,1.5266097,-1.2596911,-0.16237003,1.5208104,0.0057992179
0.082813215,39.681332,1.3978243,-1.252293,-0.16526027,1.3921185,0.0057058566
0.082890804,39.71851,1.3708253,-1.3092979,-0.19716849,1.365256,0.0055692544
0.082934319,39.739361,1.5486211,-1.3714445,-0.21565414,1.5431354,0.0054857062
0.08302135,39.781063,1.8262114,-1.443693,-0.21973956,1.8209642,0.0052471909
0.083064865,39.801915,1.7039913,-1.4274186,-0.21295209,1.698871,0.0051202872
0.083141017,39.838404,1.4752106,-1.4424472,-0.23863363,1.4702625,0.004948039
0.083184532,39.859255,1.5227496,-1.4879217,-0.26208093,1.5178833,0.0048663263
0.083271563,39.900957,1.9211742,-1.5885866,-0.28142398,1.9165142,0.0046599861
0.083315078,39.921808,1.9401881,-1.6025607,-0.27794666,1.9356604,0.0045276502
0.08339123,39.958298,1.5698231,-1.5658683,-0.279542,1.5654848,0.0043383824
0.083434746,39.979149,1.5199834,-1.5978234,-0.30642561,1.5157162,0.004267199
0.083521059,40.020508,1.9098546,-1.7105297,-0.34237323,1.9057374,0.004117226
0.083563803,40.040989,2.0207096,-1.7284567,-0.3356111,2.0166955,0.0040140658
0.083649136,40.081878,1.6588128,-1.6786467,-0.32640112,1.6549961,0.0038167481
0.083691737,40.102291,1.5372363,-1.6813725,-0.34383944,1.5334784,0.0037579092
0.083766203,40.137972,1.7305245,-1.7512828,-0.3772916,1.7268564,0.0036680828
0.083808716,40.158343,1.9247236,-1.7902739,-0.37936388,1.9211238,0.003599806
0.083893671,40.199051,1.7292464,-1.7463396,-0.35828424,1.7258009,0.0034455266
0.083936118,40.21939,1.5020982,-1.7126538,-0.36241761,1.4986909,0.0034072929
0.08402099,40.260058,1.5956442,-1.7453632,-0.39023879,1.5922542,0.0033900463
0.084063426,40.280392,1.7515177,-1.7648127,-0.38859497,1.7481267,0.0033909531
0.084148331,40.321075,1.6697461,-1.7206565,-0.36771568,1.6663275,0.0034186352
0.084190801,40.341425,1.3825813,-1.6820715,-0.37503265,1.379081,0.0035003243
0.084274656,40.381606,1.4307898,-1.7103871,-0.41229122,1.4269607,0.0038290754
0.084313217,40.400083,1.5932061,-1.7458678,-0.42921849,1.5891779,0.0040281658
0.084394426,40.438996,1.662135,-1.7726243,-0.45185729,1.6576207,0.004514304
0.084438206,40.459974,1.571013,-1.7653975,-0.46496258,1.5662001,0.0048128423
0.084525683,40.50189,1.613466,-1.829991,-0.52169748,1.608,0.0054659817
0.084560849,40.51874,1.7093994,-1.8718335,-0.5448688,1.7036659,0.0057335045
0.08464912,40.561037,1.8334789,-1.9457756,-0.58732583,1.8270739,0.0064050151
0.08468432,40.577903,1.7832383,-1.9525779,-0.59907136,1.7765615,0.0066768174
0.084770875,40.619378,1.7571544,-1.9961912,-0.63934877,1.7497818,0.0073726552
0.084813191,40.639654,1.821823,-2.0365393,-0.66176685,1.814106,0.0077170462
0.084895879,40.679275,1.9224151,-2.096466,-0.69064881,1.9140521,0.0083629608
0.08493632,40.698653,1.8825228,-2.0959904,-0.69490727,1.8738544,0.0086684728
0.085023496,40.740425,1.8273838,-2.1107664,-0.71456019,1.8180574,0.0093263726
0.08506246,40.759095,1.8565952,-2.1343162,-0.72772469,1.8469802,0.0096149668
0.08514734,40.799767,1.9129966,-2.1712341,-0.74445307,1.9027997,0.010196868
0.08518579,40.818191,1.8783484,-2.1637982,-0.74380742,1.8679084,0.010440001
0.08527081,40.85893,1.8623667,-2.1800634,-0.75797763,1.8514166,0.01095003
0.085317789,40.881441,1.8895469,-2.2019029,-0.76756965,1.8783448,0.011202018
0.085398105,40.919926,1.8557549,-2.1874657,-0.76215247,1.8441874,0.011567504
0.085439812,40.93991,1.839831,-2.1919729,-0.76767333,1.8280899,0.011741185
0.085527901,40.982119,1.8991128,-2.2172468,-0.77635095,1.8870534,0.012059366
0.085565463,41.000118,1.8501708,-2.1984053,-0.76909665,1.8380036,0.012167161
0.085646298,41.038851,1.8285311,-2.1916099,-0.77183958,1.8161402,0.012390895
0.085689887,41.059737,1.9102968,-2.2046639,-0.77272777,1.8977973,0.012499555
0.085777534,41.101735,1.8052908,-2.1719177,-0.76065294,1.7926446,0.012646155
0.085810454,41.117509,1.7707585,-2.1563803,-0.75695964,1.7580589,0.012699612
0.085898387,41.159644,1.8907245,-2.1643278,-0.75460901,1.8778792,0.012845261
0.085942432,41.180749,1.8705749,-2.1512233,-0.74801903,1.8576844,0.012890488
0.086019654,41.217751,1.7405147,-2.101753,-0.73405782,1.7275627,0.012951979
0.086063858,41.238932,1.7714064,-2.0922889,-0.73011687,1.7584132,0.012993198
0.086152461,41.281387,1.876624,-2.0862647,-0.72005151,1.8635735,0.013050537
0.08619686,41.302662,1.790397,-2.0516897,-0.70876737,1.7773382,0.013058746
0.08627472,41.33997,1.7306185,-2.0083541,-0.69689092,1.7175503,0.013068155
0.086319311,41.361337,1.8044795,-2.0067537,-0.69323602,1.7914058,0.013073752
0.086397536,41.39882,1.8495007,-1.9774611,-0.67544453,1.8364496,0.01305106
0.086442342,41.420289,1.7789146,-1.9414061,-0.66253137,1.7658903,0.013024287
0.086520946,41.457953,1.7002323,-1.8880489,-0.64696108,1.6872576,0.012974628
0.086565977,41.479531,1.7743919,-1.8856133,-0.64565268,1.7614452,0.012946741
0.086644987,41.517389,1.8792301,-1.8636006,-0.62964009,1.8663689,0.012861142
0.086690255,41.539081,1.8189624,-1.8212333,-0.61337678,1.8061654,0.012797044
0.086781076,41.582599,1.709426,-1.741925,-0.59206186,1.6967486,0.012677413
0.086815231,41.598965,1.7346519,-1.7321469,-0.58936335,1.7220107,0.012641186
0.086906592,41.642742,1.8948478,-1.7152404,-0.57133843,1.8823298,0.012518014
0.086940955,41.659208,1.8879732,-1.694651,-0.5620561,1.8755179,0.012455349
0.087021368,41.697739,1.7729727,-1.6170395,-0.53617837,1.7606739,0.012298807
0.087067464,41.719827,1.7341791,-1.5739638,-0.52309469,1.7219628,0.012216273
0.087148399,41.758608,1.7445531,-1.5370292,-0.51432054,1.7324514,0.012101767
0.087194806,41.780844,1.8795745,-1.534464,-0.50509324,1.867545,0.012029563
0.087276281,41.819885,1.9373069,-1.5021109,-0.48602323,1.9254539,0.011852998
0.087323005,41.842273,1.9093776,-1.4663713,-0.47146138,1.8976462,0.011731357
0.087405024,41.881574,1.7814761,-1.3960228,-0.45079513,1.7699645,0.011511542
0.087440289,41.898472,1.7424486,-1.3712145,-0.44429287,1.7310244,0.011424183
0.087522823,41.938019,1.6851194,-1.325064,-0.43359712,1.6738634,0.011255985
0.087570142,41.960693,1.7348847,-1.3217269,-0.4325847,1.7237084,0.011176303
0.087653251,42.000516,1.917236,-1.2981063,-0.41080039,1.9062331,0.011002855
0.087688974,42.017633,1.963181,-1.2795945,-0.39783774,1.9522742,0.01090685
0.087772584,42.057697,1.9534751,-1.236868,-0.37758331,1.9428277,0.010647407
0.087820507,42.08066,1.9406148,-1.2152297,-0.36831916,1.9301297,0.010485085
0.087904629,42.120968,1.8322258,-1.15972,-0.34940526,1.822015,0.010210747
0.087940786,42.138293,1.7644159,-1.1339614,-0.34203334,1.7543098,0.010106036
0.088025367,42.178822,1.6835732,-1.100836,-0.33366905,1.6736696,0.0099036431
0.088073838,42.202047,1.6418613,-1.0836671,-0.33045976,1.6320491,0.0098122031
0.088158897,42.242805,1.6053877,-1.0667974,-0.3276942,1.5957136,0.0096741518
0.088195441,42.260315,1.6633973,-1.0743461,-0.3279886,1.6537842,0.00961304
0.088280857,42.301244,1.8279365,-1.0830271,-0.32000552,1.8184983,0.0094382034
0.088317559,42.31883,1.8951155,-1.0782398,-0.31107167,1.885769,0.0093464346
0.088403338,42.359933,1.9521777,-1.0557596,-0.29189254,1.9430711,0.0091066756
0.088440162,42.377577,1.9606346,-1.0442741,-0.28342193,1.951632,0.0090026558
0.088526206,42.418807,1.905622,-1.0192141,-0.27063675,1.8968511,0.0087708606
0.088575437,42.442397,1.8700287,-1.0118906,-0.2667577,1.8613818,0.0086468888
0.08864937,42.477823,1.8159239,-0.99249181,-0.25654088,1.8074505,0.0084734172
0.088698708,42.501464,1.795286,-0.98763026,-0.25307398,1.7869218,0.0083641838
0.088785118,42.542869,1.6958474,-0.95141569,-0.23709268,1.6876636,0.008183764
0.088822172,42.560624,1.6478369,-0.93923967,-0.23158882,1.6397264,0.0081104244
0.088908681,42.602076,1.5320663,-0.91899036,-0.22436332,1.5241123,0.0079540125
0.088945765,42.619846,1.5023725,-0.90589641,-0.21799525,1.4944803,0.0078922023
0.089032293,42.661307,1.430607,-0.89642203,-0.21290161,1.4228519,0.0077550709
0.089069377,42.679076,1.391078,-0.89513878,-0.21307772,1.3833764,0.0077015921
0.089155905,42.720538,1.3388685,-0.89851058,-0.21413603,1.3312749,0.0075936504
0.089192959,42.738293,1.3424685,-0.90718112,-0.21611646,1.3349143,0.0075542825
0.089279396,42.779711,1.3546287,-0.93266006,-0.22310952,1.3471545,0.0074741805
0.08931642,42.797451,1.3567366,-0.93569531,-0.22226015,1.349293,0.007443621
0.089402716,42.838801,1.456636,-0.97032235,-0.22690919,1.4492656,0.007370418
0.089451979,42.862406,1.5390361,-0.9876365,-0.22577042,1.5317141,0.0073220037
0.089525781,42.89777,1.629217,-1.0146646,-0.22679884,1.6219854,0.0072316098
0.089574912,42.921312,1.6819723,-1.0192368,-0.22100495,1.6748079,0.0071643816
0.089660739,42.962438,1.606556,-0.99971737,-0.20786638,1.5995058,0.0070501881
0.089697467,42.980036,1.6021496,-0.99213319,-0.20130975,1.5951431,0.0070065011
0.089782999,43.02102,1.50585,-0.97474271,-0.19115066,1.4989319,0.0069181245
0.089819584,43.038551,1.4769971,-0.96866414,-0.18680606,1.4701095,0.0068876531
0.089904778,43.079373,1.4311576,-0.97116594,-0.18343843,1.4243312,0.0068263598
0.089953326,43.102635,1.4035443,-0.97005094,-0.18018674,1.3967468,0.006797577
0.090025995,43.137456,1.3691751,-0.95649735,-0.17223393,1.362412,0.0067631025
0.090074318,43.160611,1.3492938,-0.95861631,-0.17024143,1.3425503,0.0067434992
0.090158634,43.201012,1.2879845,-0.95066564,-0.16213999,1.2812668,0.0067177251
0.090194667,43.218278,1.2497134,-0.94091706,-0.15632879,1.2430011,0.0067122792
0.090278505,43.25845,1.1995017,-0.93503063,-0.14847107,1.1927911,0.0067106212
0.090326258,43.281332,1.1432267,-0.92600479,-0.14333591,1.1365126,0.0067140991
0.090409538,43.321237,1.0951012,-0.93459494,-0.14209675,1.0883674,0.0067337574
0.090445104,43.338279,1.0956978,-0.94204636,-0.14276427,1.0889558,0.0067420012
0.090527818,43.377913,1.0717117,-0.95409537,-0.14408995,1.0649491,0.0067626904
0.090574895,43.400471,1.0740746,-0.96531891,-0.14591447,1.0672995,0.0067750455
0.090656956,43.439792,1.2098446,-1.0022324,-0.14932246,1.2030632,0.0067814504
0.090703663,43.462172,1.3257864,-1.031963,-0.15043751,1.3190246,0.0067618222
0.090785016,43.501154,1.3870694,-1.0423876,-0.13837517,1.3803799,0.0066895177
0.090819753,43.517798,1.3438825,-1.0314867,-0.13056108,1.3372252,0.006657369
0.090911977,43.561989,1.214932,-1.0113957,-0.11750648,1.2083406,0.0065913944
0.090946398,43.578482,1.1644173,-1.0046072,-0.1141818,1.1578432,0.0065741287
0.091037826,43.622292,1.1041056,-1.0190911,-0.11923248,1.0975693,0.0065363945
0.091071954,43.638645,1.1210617,-1.0423682,-0.12773531,1.1145403,0.0065214393
0.091162603,43.682081,1.3510046,-1.1227544,-0.14586244,1.3445506,0.0064540298
0.09119646,43.698304,1.4825995,-1.1578586,-0.14952827,1.4761941,0.0064054303
0.091286374,43.741387,1.5012809,-1.1715472,-0.14066553,1.4950408,0.0062400646
0.091319951,43.757476,1.4297764,-1.1590414,-0.13511469,1.4235954,0.0061810298
0.091409173,43.800229,1.259533,-1.1609869,-0.14504414,1.2534809,0.0060521123
0.091453607,43.82152,1.2901266,-1.1988006,-0.16224005,1.284132,0.0059946205
0.091531092,43.858648,1.6107038,-1.3026311,-0.18805585,1.6048434,0.0058603554
0.091575221,43.879794,1.7339667,-1.3388407,-0.19015313,1.72822,0.0057467208
0.091663147,43.921925,1.5283016,-1.3248443,-0.18464802,1.5227871,0.0055145593
0.091696018,43.937675,1.4343496,-1.3247668,-0.19065991,1.4289066,0.0054429664
0.091783404,43.979548,1.5341904,-1.414639,-0.23281903,1.5289175,0.0052729391
0.091826954,44.000416,1.7549271,-1.4791591,-0.24839799,1.749756,0.0051711272
0.091913782,44.042021,1.8217841,-1.4976847,-0.23737552,1.8168738,0.0049103334
0.091946256,44.057581,1.6601596,-1.4835036,-0.23857499,1.6553379,0.0048217151
0.092032622,44.098965,1.5293713,-1.5274261,-0.27638436,1.5247262,0.0046450369
0.092075701,44.119607,1.6927259,-1.5934865,-0.30247748,1.6881632,0.0045626718
0.092161642,44.160787,2.0073292,-1.6608055,-0.30300859,2.002992,0.0043371912
0.092204513,44.181329,1.8536477,-1.640417,-0.29517351,1.849431,0.0042167015
0.092290067,44.222324,1.5542937,-1.6340486,-0.3206884,1.5502407,0.0040530044
0.092322097,44.237672,1.620965,-1.6746392,-0.34162221,1.6169578,0.0040072667
0.092407386,44.278539,1.9831915,-1.7568792,-0.35562919,1.9793423,0.0038491534
0.092449964,44.298941,1.9779479,-1.7564149,-0.34770816,1.9742002,0.0037477089
0.092535005,44.33969,1.5580203,-1.7052362,-0.35138478,1.5544259,0.0035943306
0.092577488,44.360046,1.5508326,-1.7170285,-0.3671026,1.5472815,0.0035510728
0.092662396,44.400731,1.8627337,-1.7882441,-0.38453809,1.8592784,0.0034553199
0.092704811,44.421055,1.8966024,-1.7894212,-0.37573201,1.8932083,0.003394134
0.092789642,44.461703,1.4574024,-1.7107401,-0.36650263,1.4540777,0.0033246557
0.092832057,44.482027,1.4228255,-1.702927,-0.37718457,1.4194779,0.0033476338
0.092906304,44.517604,1.6098339,-1.7425676,-0.39708945,1.6064009,0.003432934
0.092948758,44.537947,1.7662898,-1.7587859,-0.39625925,1.7627843,0.0035055321
0.093032649,44.578144,1.480059,-1.7060897,-0.39670502,1.4762984,0.0037605863
0.09308062,44.60113,1.4245201,-1.7039781,-0.41546795,1.4205037,0.0040163661
0.093161293,44.639786,1.5928031,-1.7699976,-0.46283877,1.5882593,0.0045437458
0.093205032,44.660744,1.6892602,-1.8083233,-0.48527956,1.6844078,0.0048523433
0.093283866,44.698519,1.6759839,-1.8369231,-0.51561281,1.670565,0.0054188303
0.093327883,44.719611,1.639511,-1.8552109,-0.53888163,1.6337598,0.0057512692
0.093416205,44.761932,1.7525073,-1.9377972,-0.59455821,1.7460525,0.0064547589
0.093451376,44.778784,1.8299225,-1.9777312,-0.6147175,1.8231866,0.0067359166
0.093537776,44.820184,1.8600355,-2.0236769,-0.6440812,1.8526218,0.0074137582
0.09357999,44.840412,1.8039295,-2.0307915,-0.65696972,1.7961809,0.0077486279
0.093662449,44.879923,1.8306167,-2.0783462,-0.69066178,1.822207,0.0084096228
0.093702795,44.899256,1.8845672,-2.1096126,-0.70582678,1.8758417,0.0087254465
0.09378981,44.94095,1.8934994,-2.1328947,-0.71974366,1.884128,0.0093713392
0.093828717,44.959594,1.8554666,-2.1301159,-0.7236704,1.8458142,0.0096523501
0.093913492,45.000215,1.8707586,-2.1633018,-0.74558778,1.8605128,0.010245762
0.093951933,45.018634,1.8945948,-2.1816015,-0.754023,1.8841,0.010494745
0.09403702,45.059406,1.8675801,-2.1773833,-0.75430275,1.8565933,0.010986803
0.094076184,45.078172,1.8488191,-2.1801723,-0.75904987,1.8376228,0.01119635
0.094164623,45.120548,1.8914906,-2.2173288,-0.77641339,1.8798756,0.011614956
0.094206519,45.140624,1.8661868,-2.2016653,-0.76864716,1.854408,0.011778758
0.094285923,45.178671,1.8504141,-2.2022032,-0.77363199,1.8383499,0.012064258
0.094333008,45.201233,1.8940108,-2.2175418,-0.77824876,1.8817975,0.01221323
0.094414656,45.240356,1.8050791,-2.1892678,-0.7684925,1.7926683,0.012410849
0.094458379,45.261306,1.7841014,-2.1805438,-0.76745981,1.7715861,0.012515269
0.094535053,45.298046,1.9135561,-2.1987731,-0.76880265,1.9008762,0.012679898
0.094578934,45.319073,1.8646681,-2.1808599,-0.76122983,1.8519287,0.012739419
0.094666868,45.361208,1.7542545,-2.1370425,-0.74967733,1.7414024,0.012852036
0.09471091,45.382311,1.8364242,-2.145735,-0.74980182,1.823509,0.012915149
0.094788132,45.419313,1.8404866,-2.1267865,-0.73819085,1.8274991,0.012987438
0.094832338,45.440495,1.7607847,-2.0952637,-0.72901311,1.7477726,0.013012139
0.094909855,45.477639,1.7744745,-2.0703711,-0.72088198,1.7614186,0.013055865
0.094954243,45.498908,1.8548668,-2.072518,-0.71683435,1.8417884,0.013078451
0.095043216,45.541541,1.7863182,-2.0186111,-0.69431603,1.7732361,0.013082117
0.095076659,45.557566,1.7431478,-1.9941557,-0.68701381,1.7300708,0.013076938
0.095166034,45.600391,1.796937,-1.9701294,-0.67795228,1.7838723,0.013064623
0.095210837,45.621859,1.8668742,-1.9630383,-0.67025981,1.8538306,0.013043628
0.095289438,45.659523,1.789138,-1.9058086,-0.64741305,1.776162,0.012975958
0.095334477,45.681104,1.7336249,-1.8659472,-0.63467686,1.7206929,0.012931975
0.095413485,45.718962,1.7489678,-1.837215,-0.62768847,1.7361017,0.012866024
0.095458751,45.740652,1.8661776,-1.8336332,-0.62056019,1.8533596,0.012817963
0.095538205,45.778723,1.8433954,-1.7786477,-0.59506615,1.8306973,0.012698116
0.095583733,45.800539,1.7702852,-1.7371521,-0.58319019,1.7576613,0.012623917
0.09566366,45.838837,1.7136451,-1.6686038,-0.56324832,1.7011319,0.012513213
0.095709471,45.860788,1.7790805,-1.6703908,-0.56411937,1.7666192,0.012461371
0.095789897,45.899326,1.9046231,-1.6468947,-0.54415327,1.8922908,0.012332253
0.095836001,45.921417,1.8993492,-1.6170235,-0.53051317,1.8871129,0.012236282
0.095916956,45.960208,1.7693726,-1.539879,-0.50679779,1.757314,0.012058594
0.095963375,45.982451,1.715994,-1.4984322,-0.49548004,1.7040268,0.011967221
0.096044859,46.021495,1.7350495,-1.4630465,-0.48667618,1.7232115,0.011837994
0.096079893,46.038282,1.8358079,-1.4569927,-0.47819211,1.8240275,0.011780352
0.096161887,46.077571,1.9437158,-1.4301825,-0.45819371,1.9321186,0.011597172
0.096208899,46.100097,1.9322904,-1.3977677,-0.44416379,1.9208229,0.011467577
0.096291451,46.139654,1.8489337,-1.3368232,-0.42280127,1.8377086,0.011225081
0.096338789,46.162337,1.7635752,-1.3013442,-0.41395779,1.7524861,0.011089107
0.096421917,46.202169,1.6794276,-1.2567888,-0.40416302,1.6685472,0.010880429
0.096457655,46.219293,1.6668172,-1.2407456,-0.40001339,1.6560087,0.0108085
0.096541286,46.259366,1.7498153,-1.2345856,-0.39638024,1.7391528,0.010662502
0.096589234,46.282341,1.8675699,-1.2250238,-0.38497178,1.857005,0.010564944
0.096673399,46.32267,1.9728352,-1.1883231,-0.35844093,1.9624972,0.01033805
0.096709561,46.339998,1.9732556,-1.1691418,-0.34853872,1.9630316,0.010223943
0.096794163,46.380536,1.9292936,-1.1301514,-0.33176004,1.91935,0.0099436252
0.096830518,46.397956,1.9376515,-1.1183772,-0.3246361,1.9278265,0.0098250673
0.096915548,46.4387,1.835117,-1.0719166,-0.30797014,1.8255432,0.0095737757
0.096964264,46.462043,1.7809333,-1.0495804,-0.2995726,1.7714833,0.009450008
0.09703749,46.497131,1.6685303,-1.0080393,-0.28742383,1.6592385,0.0092918271
0.097086409,46.520571,1.6463305,-1.0051425,-0.28692368,1.6371353,0.0091951688
0.097172209,46.561683,1.5563913,-0.98275601,-0.28341552,1.5473585,0.0090327798
0.097209049,46.579336,1.5539226,-0.9841162,-0.28478955,1.5449581,0.0089645308
0.097295122,46.620579,1.5720173,-0.99220221,-0.2857692,1.5632011,0.0088161441
0.097332047,46.638273,1.6391355,-1.0020633,-0.2840875,1.6303823,0.0087531721
0.097418358,46.67963,1.8040597,-1.0240991,-0.27882908,1.7954637,0.0085959765
0.09745537,46.697365,1.8403084,-1.0259345,-0.27455992,1.8317892,0.0085191539
0.097541834,46.738796,1.8973942,-1.0163225,-0.25916101,1.8890748,0.0083194638
0.097591242,46.76247,1.9064678,-1.0059394,-0.24981346,1.898264,0.0082038049
0.097665355,46.797983,1.8347072,-0.98757025,-0.2401004,1.8266727,0.0080345382
0.097714763,46.821657,1.7864457,-0.98606522,-0.23928759,1.7785169,0.0079287283
0.097788876,46.85717,1.7448112,-0.97699949,-0.23187179,1.7370358,0.0077754079
0.097838284,46.880844,1.6803291,-0.9694688,-0.22932565,1.6726486,0.0076805093
0.097924748,46.922275,1.6140663,-0.96062357,-0.22249537,1.6065392,0.007527108
0.097961805,46.940031,1.5990479,-0.95242074,-0.21646656,1.5915812,0.007466672
0.098048197,46.981428,1.5018693,-0.9281965,-0.20454178,1.4945324,0.0073369716
0.098085181,46.999149,1.480658,-0.92026629,-0.19868162,1.4733708,0.0072872025
0.098171429,47.040476,1.4016036,-0.91140896,-0.19289126,1.3944155,0.0071880183
0.098208339,47.058163,1.3454911,-0.90415255,-0.19059538,1.3383402,0.0071509428
0.09829439,47.099395,1.2875169,-0.89626562,-0.18408824,1.2804388,0.0070781422
0.098343505,47.122929,1.2383456,-0.89026771,-0.17998731,1.2313004,0.007045148
0.098417052,47.158171,1.1665499,-0.89041114,-0.17933249,1.1595404,0.0070095612
0.098466016,47.181633,1.1694411,-0.90527703,-0.18280284,1.1624465,0.006994539
0.098551537,47.222612,1.1421843,-0.91747717,-0.18502713,1.1352049,0.0069794096
0.09858812,47.240141,1.1375242,-0.92239585,-0.18541306,1.1305475,0.0069767068
0.098673307,47.280959,1.1612675,-0.94484287,-0.18962105,1.1542915,0.0069760261
0.098709734,47.298414,1.1931641,-0.95114703,-0.18914773,1.186187,0.006977147
0.098794529,47.339045,1.3318829,-0.97925636,-0.18929384,1.3249155,0.0069674431
0.098842871,47.362209,1.4240998,-1.0062796,-0.19203704,1.4171507,0.0069491861
0.098927218,47.402625,1.4914851,-1.0164905,-0.18289848,1.4845901,0.006895014
0.098963275,47.419903,1.4583394,-1.006127,-0.17528005,1.4514692,0.0068701913
0.099047114,47.460075,1.3882592,-0.97983087,-0.15747461,1.3814402,0.0068189335
0.09908293,47.477237,1.4093512,-0.97049094,-0.1519192,1.402551,0.0068001753
0.099178086,47.522833,1.329594,-0.96463662,-0.14345166,1.3228514,0.0067425839
0.099213658,47.539878,1.2976202,-0.96427214,-0.14060323,1.2908946,0.0067256132
0.09929633,47.579491,1.2165157,-0.95871881,-0.13307611,1.2098219,0.0066938112
0.099343375,47.602034,1.1664896,-0.95468009,-0.12905495,1.1598046,0.0066850006
0.099425359,47.641318,1.0764999,-0.95302154,-0.12505642,1.069821,0.0066789069
0.099460353,47.658086,1.0503301,-0.95751739,-0.12526417,1.0436486,0.0066815009
0.099553253,47.7026,1.0273228,-0.98416542,-0.13141446,1.0206297,0.0066930889
0.09958794,47.719221,1.0609872,-0.99714903,-0.13276355,1.0542914,0.0066958255
0.099668615,47.757878,1.3009546,-1.0604466,-0.14362358,1.294283,0.0066716139
0.099714518,47.779873,1.4320679,-1.0952342,-0.14486685,1.4254422,0.0066257782
0.099794486,47.818191,1.4110258,-1.0869032,-0.12891481,1.4045076,0.0065182022
0.099839991,47.839996,1.3456639,-1.0749331,-0.12162268,1.3392014,0.0064625365
0.099919273,47.877985,1.1961796,-1.0626474,-0.11925113,1.1897961,0.0063833975
0.099964405,47.899611,1.1607791,-1.0755812,-0.12645157,1.1544328,0.006346258
0.10005426,47.942667,1.3012223,-1.1549071,-0.15322965,1.2949576,0.0062647622
0.10008781,47.95874,1.4506434,-1.1973479,-0.1614331,1.4444268,0.0062165806
0.10017696,48.00146,1.6116492,-1.2439486,-0.15967365,1.6056254,0.006023803
0.10021027,48.01742,1.5462388,-1.2335409,-0.1546962,1.5402904,0.0059484531
0.10029877,48.059828,1.3579962,-1.2357567,-0.16447206,1.3522165,0.005779708
0.10034287,48.08096,1.3496505,-1.2652981,-0.18011723,1.3439426,0.0057078133
0.1004198,48.11782,1.6661536,-1.3727627,-0.20953305,1.6605955,0.0055581211
0.1004636,48.138806,1.812355,-1.4154084,-0.21413829,1.8069178,0.005437154
0.10055091,48.180645,1.588976,-1.398748,-0.20901044,1.5837866,0.0051894114
0.10059443,48.201497,1.487633,-1.4085839,-0.222021,1.4825405,0.0050924638
0.1006704,48.237898,1.5930191,-1.4890679,-0.26119114,1.5880762,0.004942873
0.10071366,48.258628,1.8169238,-1.5478592,-0.27385885,1.8120839,0.0048398563
0.10079999,48.299997,1.8741807,-1.5723345,-0.26650255,1.8695992,0.0045815265
0.10084303,48.320618,1.6564574,-1.5498932,-0.26697988,1.6519869,0.0044705109
0.1009289,48.361766,1.6035649,-1.6072373,-0.30986828,1.5992493,0.0043156578
0.10097177,48.382309,1.7893632,-1.6692639,-0.33223209,1.7851263,0.0042368913
0.10104659,48.418159,2.0256232,-1.7137159,-0.32604808,2.0215715,0.0040517206
0.10108933,48.438636,1.8633978,-1.6832336,-0.31416671,1.8594565,0.0039413479
0.10117452,48.479456,1.5569653,-1.6850867,-0.34670091,1.5531648,0.0038005572
0.10121711,48.499866,1.6576182,-1.7236303,-0.36643654,1.6538719,0.003746297
0.10130212,48.540599,1.9804198,-1.7925184,-0.37244012,1.9768213,0.0035984108
0.10134457,48.560939,1.8974337,-1.7717639,-0.35991884,1.8939239,0.0035098306
0.10142947,48.601619,1.4983654,-1.7148245,-0.36769135,1.4949567,0.0034087317
0.10147191,48.621959,1.5553122,-1.741067,-0.38627649,1.5519232,0.0033889774
0.1015462,48.657554,1.8098786,-1.7732629,-0.38572448,1.8065196,0.0033589823
0.10158865,48.677894,1.8463661,-1.7648829,-0.37636547,1.8430259,0.0033402023
0.10167355,48.718575,1.3805105,-1.6906069,-0.37576334,1.3771058,0.0034046388
0.101716,48.738915,1.3203896,-1.6884738,-0.39028365,1.3168688,0.0035208512
0.10179887,48.778627,1.6472465,-1.7500706,-0.42156001,1.6433897,0.0038567647
0.10184608,48.801248,1.6949347,-1.7635578,-0.43211993,1.6908324,0.0041022974
0.10192643,48.839746,1.5346908,-1.749573,-0.45441379,1.53008,0.0046108083
0.10197029,48.860765,1.5422603,-1.7760463,-0.48099612,1.5373278,0.0049324822
0.10204952,48.898726,1.7280039,-1.8640779,-0.53440288,1.722473,0.0055309939
0.10209378,48.919938,1.8020774,-1.9087022,-0.55951042,1.7962137,0.0058637195
0.10217365,48.958207,1.7428835,-1.9316349,-0.58760053,1.7364073,0.0064761377
0.1022177,48.979313,1.7274034,-1.9559861,-0.61028512,1.7205721,0.006831294
0.102304,49.020665,1.8535444,-2.0384662,-0.65816125,1.8460065,0.0075379096
0.10234612,49.040848,1.9094486,-2.0735416,-0.67516899,1.9015764,0.0078722188
0.10242841,49.080282,1.8568791,-2.0868196,-0.69028195,1.8483722,0.0085069458
0.10246867,49.099571,1.8314477,-2.0938264,-0.69990823,1.8226295,0.0088181455
0.10255551,49.141181,1.8819126,-2.1439172,-0.72921431,1.872433,0.009479624
0.10259437,49.159803,1.9134734,-2.1641409,-0.73834725,1.9037151,0.0097582432
0.1026791,49.200401,1.8679362,-2.1599177,-0.74161099,1.8576107,0.010325542
0.10271755,49.218825,1.8566329,-2.1644588,-0.7471594,1.8460609,0.010571948
0.1028027,49.259626,1.8979849,-2.2083875,-0.76881406,1.8869152,0.011069718
0.10284196,49.278438,1.893944,-2.2030077,-0.7662064,1.8826764,0.01126755
0.10293077,49.320996,1.8570305,-2.2052385,-0.77249946,1.8453588,0.011671649
0.10297296,49.341209,1.8779279,-2.2218572,-0.77950644,1.8660857,0.011842198
0.10305294,49.379534,1.8397011,-2.201847,-0.77066707,1.8275938,0.012107293
0.1031005,49.402325,1.8274764,-2.1976365,-0.77194504,1.8152243,0.012252058
0.10318308,49.441891,1.9370515,-2.2160741,-0.77407379,1.9245861,0.012465424
0.10321573,49.457539,1.8668631,-2.1993297,-0.76788638,1.8543378,0.012525329
0.10330366,49.499672,1.776716,-2.1636181,-0.75994759,1.7640254,0.012690593
0.10334763,49.520738,1.8649474,-2.1784847,-0.76247133,1.8521752,0.012772251
0.10342457,49.557604,1.8199511,-2.1612456,-0.75346378,1.8070851,0.012865953
0.10346853,49.578671,1.7660782,-2.1338699,-0.7449384,1.7531695,0.012908639
0.10355646,49.620804,1.8377873,-2.1213607,-0.73794898,1.8247843,0.013003004
0.10360042,49.64187,1.8861307,-2.1208558,-0.73360612,1.8730933,0.013037425
0.10367754,49.678823,1.7623145,-2.0665589,-0.71625445,1.7492481,0.013066352
0.10372223,49.700235,1.7402505,-2.0412294,-0.70818063,1.7271715,0.013079029
0.10380043,49.737705,1.8527234,-2.0402911,-0.70275274,1.839626,0.013097396
0.10384511,49.759117,1.8562407,-2.0197121,-0.69211917,1.8431478,0.013092884
0.10393449,49.801941,1.730513,-1.949646,-0.66858437,1.7174544,0.013058516
0.103968,49.818,1.7195177,-1.9317884,-0.66317713,1.7064718,0.013045928
0.10405737,49.860823,1.859624,-1.9242387,-0.65440383,1.8466289,0.012995088
0.10410206,49.882235,1.8538259,-1.898381,-0.64295089,1.8408789,0.012946987
0.10418026,49.919706,1.7444609,-1.8233042,-0.61672918,1.7316101,0.012850839
0.10422494,49.941118,1.694357,-1.7895604,-0.60748771,1.6815545,0.012802518
0.10430314,49.978588,1.8400489,-1.7779871,-0.59961575,1.8273272,0.01272169
0.10434783,50,1.8762513,-1.7702403,-0.59258295,1.8635949,0.012656445
0.1044277,50.038272,1.8135181,-1.6978535,-0.56424268,1.8010046,0.012513464
0.1044735,50.060218,1.744287,-1.6529968,-0.55189514,1.7318545,0.012432518
0.1045539,50.098744,1.7082946,-1.6019569,-0.53977807,1.695974,0.012320639
0.10459999,50.120827,1.8259381,-1.5995597,-0.53265456,1.8136783,0.012259811
0.1046809,50.1596,1.9266186,-1.5751256,-0.51436428,1.9145141,0.012104532
0.1047273,50.181832,1.9148232,-1.5419234,-0.49961519,1.9028295,0.011993706
0.10480875,50.220859,1.7596349,-1.4666282,-0.47885407,1.7478408,0.011794095
0.10484376,50.237636,1.7181058,-1.4361651,-0.46995453,1.7063907,0.011715151
0.10493746,50.282534,1.7079529,-1.3923831,-0.46011828,1.6964036,0.011549271
0.10497271,50.299424,1.8129465,-1.3843078,-0.45085629,1.8014566,0.011489878
0.10505524,50.338969,1.932288,-1.3579021,-0.43079193,1.9209827,0.011305302
0.10510255,50.361641,1.9593979,-1.331928,-0.41651916,1.9482271,0.011170726
0.10518563,50.401445,1.8931983,-1.2748761,-0.39461008,1.8822891,0.010909173
0.10522133,50.418555,1.8518127,-1.2549097,-0.38893585,1.8410201,0.010792685
0.1053049,50.458597,1.7393221,-1.2031061,-0.37457627,1.7287803,0.010541837
0.10535281,50.481554,1.6762815,-1.1771742,-0.36862,1.6658594,0.010422035
0.10543693,50.521862,1.6388165,-1.1507037,-0.3632546,1.6285558,0.010260642
0.10547308,50.539186,1.6659383,-1.1472986,-0.36122034,1.6557355,0.010202787
0.10555767,50.579716,1.8096427,-1.1485521,-0.35360676,1.7995941,0.010048637
0.10559399,50.597118,1.8984266,-1.1452485,-0.34572207,1.8884662,0.0099604727
0.10567879,50.637751,1.9754194,-1.1079249,-0.31922132,1.9657101,0.0097092776
0.10572741,50.661052,1.957503,-1.0863173,-0.30825371,1.9479479,0.0095550195
0.10581282,50.701975,1.9113579,-1.0553931,-0.29317051,1.902064,0.0092939374
0.10584949,50.719548,1.8833076,-1.0474591,-0.29047903,1.8741164,0.0091911316
0.10593522,50.760627,1.8135014,-1.0107229,-0.27398875,1.8045314,0.0089700235
0.10597203,50.778263,1.7620323,-0.99427995,-0.2678027,1.7531476,0.0088846899
0.10605804,50.819477,1.6564127,-0.9638216,-0.25785638,1.6477074,0.0087052756
0.10609495,50.837162,1.6302321,-0.95181764,-0.25241597,1.6215998,0.0086323888
0.10618118,50.878482,1.5353459,-0.9374428,-0.24948011,1.5268775,0.00846838
0.10623051,50.90212,1.4889937,-0.93107366,-0.2483284,1.4806149,0.0083787437
0.10630457,50.937605,1.4488708,-0.93073494,-0.24900807,1.4406105,0.008260304
0.10635398,50.961282,1.4639901,-0.94521226,-0.25281653,1.4558007,0.0081893325
0.10644049,51.002736,1.5376665,-0.9646428,-0.25297127,1.5295861,0.0080804389
0.10647758,51.020506,1.5762213,-0.97869666,-0.25470782,1.56819,0.0080312849
0.10656411,51.061968,1.7566733,-1.0152545,-0.25282062,1.7487817,0.0078916057
0.10660119,51.079737,1.8119119,-1.0148582,-0.2460368,1.8040907,0.0078211416
0.10668769,51.121183,1.7997821,-1.0056428,-0.23476319,1.7921383,0.0076437381
0.10672474,51.138937,1.7854154,-0.99681363,-0.22874065,1.7778453,0.0075701245
0.10681112,51.180328,1.7030469,-0.98038228,-0.21876232,1.6956414,0.0074055144
0.1068481,51.19805,1.6709625,-0.97324162,-0.21460848,1.6636195,0.007342915
0.10693434,51.23937,1.6160596,-0.97486513,-0.21217799,1.6088514,0.0072082187
0.10697126,51.25706,1.5950056,-0.97225993,-0.20904908,1.5878506,0.0071550189
0.10705729,51.298285,1.4967274,-0.95648166,-0.20096421,1.4896795,0.0070478964
0.10710638,51.321807,1.4708807,-0.95437861,-0.19724559,1.4638841,0.0069966692
0.10719214,51.3629,1.4154386,-0.94521847,-0.18913403,1.4085185,0.006920148
0.10722884,51.380487,1.3787848,-0.94199566,-0.18705664,1.3718919,0.006892976
0.10731432,51.421444,1.3159603,-0.9216175,-0.17523728,1.3091167,0.006843545
0.10735089,51.438967,1.2751527,-0.9144986,-0.17143407,1.2683243,0.0068284011
0.10743603,51.479766,1.1974907,-0.90698898,-0.16528341,1.1906883,0.0068023662
0.10747245,51.497217,1.1865993,-0.9067018,-0.16266809,1.1798021,0.0067971987
0.10755724,51.537845,1.1316374,-0.90526444,-0.1586725,1.1248414,0.0067959176
0.10760556,51.560997,1.1030827,-0.90627966,-0.15778295,1.0962827,0.0067999411
0.10768988,51.601399,1.0956462,-0.93105189,-0.16410688,1.0888335,0.0068127791
0.10772592,51.618668,1.0952405,-0.93483933,-0.16390288,1.0884206,0.0068199946
0.10780977,51.658849,1.0998905,-0.95019806,-0.16534415,1.0930511,0.0068394514
0.10785754,51.681736,1.1498784,-0.96564934,-0.1669566,1.1430274,0.0068509488
0.10794083,51.721646,1.3158116,-1.0038448,-0.16796645,1.3089634,0.0068481809
0.1079764,51.738691,1.3633538,-1.0128924,-0.16494929,1.3565198,0.0068340229
0.10805912,51.778327,1.3756142,-1.0088663,-0.15021409,1.3688316,0.0067826101
0.10810621,51.800891,1.3181726,-0.99178953,-0.13869253,1.31142,0.0067526581
0.10818825,51.840205,1.2375289,-0.97085387,-0.12552009,1.2308192,0.0067096822
0.10823495,51.86258,1.202757,-0.97001662,-0.12156726,1.1960684,0.0066885387
0.10831628,51.901553,1.1017832,-0.96848601,-0.11743997,1.0951219,0.006661401
0.10835101,51.918194,1.0512674,-0.97011642,-0.11747824,1.0446135,0.0066539195
0.10844321,51.962372,1.057303,-0.99935573,-0.12612137,1.0506596,0.0066434254
0.10847765,51.978876,1.0966694,-1.017501,-0.13061898,1.0900333,0.0066361437
0.10856909,52.022688,1.3904064,-1.1016554,-0.14330307,1.3838301,0.0065762954
0.10860323,52.039047,1.4607756,-1.1258669,-0.14490386,1.4542462,0.0065293691
0.10869389,52.08249,1.4001062,-1.1150002,-0.12980436,1.393722,0.0063841616
0.10872775,52.098714,1.3523978,-1.1069024,-0.12512346,1.3460629,0.0063348966
0.10881767,52.141798,1.193947,-1.1084612,-0.13251111,1.1877156,0.0062314553
0.10885125,52.15789,1.206937,-1.1325814,-0.14337071,1.2007396,0.0061974104
0.10894047,52.200641,1.4905381,-1.2316466,-0.16967251,1.4844601,0.0060779435
0.1089849,52.221929,1.6585051,-1.2789625,-0.17479364,1.6525266,0.0059784285
0.10906239,52.259061,1.5541049,-1.2721735,-0.16619603,1.5483209,0.0057840074
0.10910651,52.280204,1.4279144,-1.2668576,-0.16961411,1.422227,0.0056874767
0.10919444,52.322338,1.4085868,-1.3230346,-0.20050391,1.4030589,0.005527927
0.10922732,52.338093,1.5352002,-1.3715574,-0.21616499,1.5297355,0.0054647142
0.10931472,52.379972,1.8345112,-1.4545466,-0.22428639,1.8292844,0.0052267639
0.10935828,52.400841,1.7248474,-1.4406057,-0.217663,1.7197497,0.0050977144
0.10944512,52.442452,1.4678271,-1.4528503,-0.24442695,1.4629245,0.0049025862
0.10947759,52.458013,1.5243025,-1.4912118,-0.26304986,1.5194608,0.0048417122
0.10956399,52.49941,1.9261719,-1.6020864,-0.2882088,1.9215308,0.0046410911
0.10960707,52.520055,1.9460492,-1.6105533,-0.28218281,1.9415366,0.0045125914
0.10969302,52.561238,1.5682541,-1.579534,-0.28774943,1.5639526,0.0043015019
0.10973589,52.58178,1.5369065,-1.6087689,-0.31086601,1.5326747,0.0042318087
0.10981079,52.61767,1.8474678,-1.7043497,-0.34458058,1.8433645,0.0041033287
0.10985351,52.638141,1.9947458,-1.7336901,-0.34204239,1.9907419,0.0040039512
0.10993881,52.679015,1.6947788,-1.6811261,-0.32458809,1.6909733,0.0038054436
0.1099814,52.699419,1.5518812,-1.6868344,-0.34416672,1.5481374,0.0037437426
0.11006647,52.740183,1.758004,-1.7582285,-0.37802256,1.7543612,0.0036427251
0.11010897,52.760547,1.9207382,-1.787895,-0.37693099,1.9171632,0.0035750015
0.11019388,52.801236,1.6995176,-1.7436991,-0.3589611,1.6960897,0.0034278684
0.11023632,52.821571,1.4921998,-1.7150539,-0.36512786,1.4888058,0.0033940671
0.1103212,52.862242,1.5939868,-1.7483538,-0.39294951,1.5906,0.0033868475
0.11035303,52.877494,1.7031012,-1.7630378,-0.39252522,1.6997086,0.0033925578
0.11043791,52.918165,1.6932951,-1.7284741,-0.37248486,1.6898658,0.0034292863
0.11048038,52.938515,1.4159842,-1.680494,-0.37177361,1.4124737,0.0035105352
0.11056388,52.978526,1.4267285,-1.710673,-0.41298443,1.422881,0.0038475223
0.11061144,53.001315,1.5935483,-1.7508181,-0.43454031,1.5894435,0.004104794
0.11069185,53.039844,1.666113,-1.7784116,-0.4577775,1.6615095,0.0046035221
0.11073554,53.060781,1.587737,-1.7777497,-0.47334606,1.5828306,0.0049064395
0.11081428,53.098509,1.6020885,-1.8296874,-0.52206853,1.5965924,0.0054960446
0.11085825,53.119579,1.7133269,-1.8823055,-0.5524209,1.7074941,0.005832849
0.11094649,53.161857,1.8463669,-1.9564853,-0.59398291,1.8398582,0.0065087597
0.11098158,53.178674,1.7938452,-1.9645005,-0.60612454,1.7870649,0.0067803295
0.11106776,53.219967,1.7617746,-2.0039438,-0.6439111,1.7543019,0.0074727622
0.11110986,53.240142,1.8207215,-2.043099,-0.66634071,1.8129063,0.0078151695
0.11119216,53.279575,1.923084,-2.1025875,-0.69459273,1.9146265,0.008457506
0.11123242,53.298869,1.8872342,-2.104052,-0.69938874,1.8784737,0.0087605467
0.11131928,53.340488,1.8319306,-2.1146134,-0.71650176,1.8225182,0.0094124083
0.11135814,53.359111,1.8584606,-2.1388993,-0.73025581,1.8487624,0.0096982098
0.11144292,53.399731,1.9123238,-2.1747785,-0.74667589,1.9020496,0.010274143
0.11148138,53.418159,1.8789874,-2.1674383,-0.74585935,1.8684734,0.010513974
0.11156651,53.458953,1.8623132,-2.1830751,-0.75963932,1.8512969,0.011016312
0.11161367,53.481548,1.8902608,-2.2047741,-0.76899137,1.8789966,0.011264222
0.11169449,53.520277,1.8546041,-2.189306,-0.76324266,1.8429812,0.011622967
0.11173658,53.540442,1.837756,-2.1938872,-0.7690471,1.8259619,0.011794083
0.11181649,53.578734,1.8976902,-2.2185966,-0.7774496,1.8856114,0.012078781
0.11186395,53.601475,1.8420509,-2.1967488,-0.76893231,1.8298389,0.012212013
0.11194647,53.641015,1.8353345,-2.1932583,-0.77267296,1.8229006,0.012433892
0.11199024,53.661989,1.9236817,-2.2010234,-0.76968778,1.9111449,0.012536822
0.11206695,53.698746,1.8282311,-2.1750945,-0.76043548,1.8155741,0.012656988
0.11211085,53.719781,1.7715391,-2.1530952,-0.75525661,1.7588147,0.012724381
0.11219881,53.76193,1.8919354,-2.1602429,-0.75260004,1.8790714,0.012863992
0.11223185,53.777763,1.8925108,-2.1540509,-0.74838281,1.8796126,0.01289823
0.11232013,53.82006,1.7398625,-2.0971355,-0.73208898,1.7268966,0.012965912
0.11236435,53.841251,1.7715798,-2.0870391,-0.72784017,1.7585753,0.013004521
0.11244189,53.878407,1.8917513,-2.0856937,-0.71941658,1.8786974,0.013053826
0.11248629,53.899681,1.8031372,-2.0529036,-0.70850833,1.7900751,0.013062079
0.1125753,53.942332,1.7192184,-2.0008773,-0.69437109,1.7061492,0.013069114
0.11260876,53.958362,1.7861751,-2.0009276,-0.69169341,1.7731035,0.013071655
0.11269818,54.001211,1.854047,-1.9748155,-0.67471006,1.8410019,0.013045159
0.11273179,54.017317,1.7949643,-1.9425492,-0.66236017,1.7819404,0.013023867
0.11282166,54.060378,1.7008264,-1.8809831,-0.64453393,1.6878662,0.012960194
0.11286671,54.081967,1.7761079,-1.8746789,-0.64053319,1.7631778,0.012930001
0.11294577,54.119848,1.8914821,-1.8518785,-0.62436287,1.8786386,0.012843552
0.11299107,54.141556,1.8274636,-1.8107022,-0.60895593,1.8146861,0.012777526
0.11307057,54.179649,1.7100234,-1.7434764,-0.58970879,1.6973576,0.012665844
0.11311613,54.201479,1.7320103,-1.7118462,-0.58020648,1.7193951,0.012615183
0.11319611,54.239802,1.8788506,-1.7141584,-0.57299159,1.8663364,0.012514188
0.11324195,54.261767,1.8977284,-1.6924195,-0.56178959,1.8852951,0.012433289
0.11332243,54.300331,1.8052385,-1.6128686,-0.53278679,1.7929651,0.012273366
0.11336857,54.322439,1.7346982,-1.5697302,-0.52164965,1.7225123,0.012185942
0.11344957,54.361251,1.7263555,-1.5208436,-0.50795394,1.7142935,0.012062046
0.11348439,54.377939,1.7879887,-1.5250737,-0.50857307,1.7759762,0.012012457
0.11357756,54.422581,1.94733,-1.4926139,-0.48243409,1.9355074,0.011822688
0.11361261,54.439375,1.9251503,-1.4677638,-0.47222046,1.9134177,0.011732641
0.11369465,54.478687,1.8166993,-1.3984099,-0.44923392,1.8051907,0.011508594
0.11374169,54.501229,1.7571044,-1.3643508,-0.44015316,1.7457212,0.011383165
0.1138243,54.540812,1.6852528,-1.3140376,-0.42850073,1.6740554,0.011197439
0.11385982,54.55783,1.6859465,-1.2996657,-0.42392763,1.6748137,0.01113277
0.11394295,54.597661,1.8572785,-1.2947841,-0.41512571,1.8462972,0.01098134
0.11399062,54.620504,1.9315171,-1.2736535,-0.39951481,1.9206482,0.010868933
0.11407429,54.660595,1.9726573,-1.2326502,-0.37554346,1.9620349,0.010622403
0.11411024,54.677825,1.9506852,-1.215041,-0.36888781,1.9401809,0.010504295
0.11419442,54.718157,1.8900361,-1.1644452,-0.34813642,1.8798158,0.010220319
0.11424264,54.741266,1.8504534,-1.1432077,-0.34097937,1.8403849,0.010068544
0.11432728,54.78182,1.73412,-1.0933899,-0.32558723,1.7242755,0.0098444985
0.11436364,54.799246,1.69589,-1.0778073,-0.32176253,1.6861253,0.0097646445
0.11444872,54.840014,1.618144,-1.0573851,-0.31969358,1.6085365,0.0096074482
0.11448527,54.857525,1.6026799,-1.0515774,-0.3186988,1.5931346,0.0095452732
0.11457074,54.898478,1.6669848,-1.0536972,-0.3165557,1.6575866,0.0093981386
0.11461969,54.921933,1.7395781,-1.0564611,-0.31204174,1.7302779,0.0093001944
0.11469324,54.957177,1.8967323,-1.0613703,-0.30018371,1.887606,0.0091263225
0.11474236,54.980715,1.9509082,-1.0563688,-0.2909234,1.9419125,0.0089957131
0.11482845,55.021967,1.9416435,-1.0264855,-0.27201557,1.9328783,0.0087651906
0.11486538,55.039661,1.9215792,-1.0150445,-0.26547335,1.9129095,0.0086697615
0.11495166,55.081004,1.8728557,-1.0017479,-0.25724568,1.864397,0.0084587041
0.11498868,55.098741,1.8166483,-0.9938099,-0.25541022,1.8082755,0.0083727868
0.11507509,55.140148,1.7481187,-0.97885168,-0.247238,1.7399344,0.0081842316
0.11511215,55.157907,1.7464345,-0.97265608,-0.24159114,1.7383273,0.0081071888
0.11519863,55.199343,1.6454393,-0.93903064,-0.22621247,1.6375011,0.0079381641
0.11523569,55.217101,1.5956457,-0.92890232,-0.22178641,1.5877762,0.0078694783
0.11532216,55.258537,1.4881916,-0.91149004,-0.21481514,1.4804671,0.0077244742
0.11537158,55.282215,1.4546058,-0.89877063,-0.20755228,1.4469561,0.0076497439
0.1154457,55.317731,1.382233,-0.88919122,-0.20328515,1.3746871,0.0075458823
0.11549511,55.341409,1.3467856,-0.89070762,-0.20371352,1.3393017,0.0074838998
0.11558151,55.382807,1.3069873,-0.90169833,-0.20710242,1.2995939,0.0073933223
0.11561852,55.400543,1.3036058,-0.90458384,-0.20668368,1.2962449,0.0073609093
0.11570478,55.441873,1.3174916,-0.93120519,-0.21416106,1.3101953,0.0072962477
0.1157417,55.459563,1.3089026,-0.93450971,-0.21382497,1.3016301,0.0072725209
0.11582778,55.500809,1.4043131,-0.96475356,-0.2165792,1.3970954,0.0072177739
0.11586461,55.518461,1.4348444,-0.97783666,-0.21852343,1.4276528,0.0071916547
0.11595043,55.559583,1.5732202,-1.0151343,-0.2197943,1.5661077,0.0071125046
0.11598716,55.577181,1.6039087,-1.0140687,-0.21381752,1.5968361,0.0070726796
0.11607269,55.618164,1.5843388,-1.0064277,-0.20275314,1.5773627,0.0069761013
0.11612145,55.641526,1.5491676,-0.9931831,-0.19375481,1.5422395,0.0069281394
0.11620657,55.682313,1.4635001,-0.97531026,-0.18256192,1.456643,0.0068571061
0.11624297,55.699755,1.4345665,-0.9697905,-0.17840188,1.4277326,0.0068339188
0.1163277,55.740354,1.3940385,-0.97003365,-0.17321316,1.3872504,0.0067880437
0.11636391,55.757709,1.4158411,-0.96802684,-0.17094311,1.4090714,0.0067696759
0.11644822,55.798104,1.3434416,-0.95846218,-0.16290578,1.3367096,0.0067320354
0.11649623,55.821112,1.3223902,-0.95705828,-0.15880127,1.3156748,0.0067154958
0.11657999,55.861246,1.2388122,-0.9448809,-0.14960172,1.2321151,0.0066970888
0.11661577,55.878388,1.2031435,-0.94102638,-0.14648115,1.1964478,0.0066957623
0.11669901,55.918277,1.1436581,-0.93343918,-0.1380496,1.1369576,0.0067004464
0.1167464,55.940984,1.0860888,-0.93458356,-0.13729848,1.0793791,0.0067097218
0.11682902,55.980573,1.0795281,-0.95373183,-0.13964272,1.0728005,0.006727571
0.1168643,55.997477,1.0623158,-0.95682911,-0.13957447,1.0555798,0.0067360492
0.11695801,56.042378,1.1017699,-0.98635325,-0.14410227,1.0950142,0.006755709
0.11699299,56.059139,1.1591015,-1.0028309,-0.14609529,1.1523452,0.0067562285
0.11707432,56.09811,1.3869021,-1.056703,-0.14798549,1.3801898,0.0067122383
0.11712058,56.12028,1.4018126,-1.0588103,-0.1400036,1.3951498,0.0066628038
0.11720121,56.158911,1.2949105,-1.0345666,-0.1234825,1.2883267,0.0065837708
0.11724708,56.180892,1.2439331,-1.0251078,-0.11664213,1.2373829,0.0065501681
0.11732698,56.219176,1.1397683,-1.0222596,-0.11530905,1.1332629,0.0065054704
0.11737245,56.240968,1.1236719,-1.0377131,-0.12225156,1.1171889,0.0064830088
0.11745168,56.27893,1.2247434,-1.097011,-0.14058094,1.2183099,0.0064334107
0.11749676,56.300532,1.4027685,-1.152142,-0.15200191,1.3963841,0.00638439
0.11757535,56.338188,1.5583722,-1.1974105,-0.15159059,1.5521295,0.0062427069
0.11762007,56.359617,1.496575,-1.1859167,-0.14379497,1.4904201,0.0061549038
0.11770919,56.40232,1.3011186,-1.1709764,-0.14438483,1.2951114,0.0060071575
0.11774248,56.41827,1.284329,-1.1907476,-0.15560067,1.2783687,0.0059603251
0.11783097,56.460673,1.5230661,-1.2921535,-0.18786558,1.5172451,0.0058210117
0.11787503,56.481787,1.7160503,-1.3449764,-0.1948978,1.7103345,0.0057158513
0.11795191,56.518623,1.6579201,-1.3556163,-0.19121714,1.6524188,0.0055012168
0.11799571,56.539611,1.5118269,-1.3466977,-0.19391561,1.5064335,0.0053933468
0.118083,56.581436,1.4894621,-1.4087755,-0.23047022,1.484245,0.0052171267
0.11812652,56.602289,1.6717118,-1.4694671,-0.24953777,1.6665873,0.005124519
0.11820244,56.638671,1.9054719,-1.5281674,-0.25129984,1.9005663,0.0049055275
0.11824571,56.659404,1.7822333,-1.5139675,-0.2454452,1.7774574,0.0047759116
0.11833202,56.700758,1.5174942,-1.5313503,-0.27640552,1.5129089,0.0045852868
0.11837505,56.721378,1.6289024,-1.5824965,-0.29920542,1.6243952,0.0045072212
0.11846091,56.762521,1.9848092,-1.6670235,-0.31074588,1.9805057,0.0043034976
0.11849305,56.777921,1.9829344,-1.6733551,-0.30739143,1.9787233,0.0042111022
0.11857859,56.81891,1.5781261,-1.6288816,-0.31113869,1.5741095,0.0040166252
0.11862129,56.839367,1.5779575,-1.6612098,-0.33518033,1.574003,0.0039544698
0.11870652,56.880207,1.9365663,-1.7568355,-0.36308698,1.932751,0.003815283
0.11874907,56.900598,2.008686,-1.7705166,-0.35599872,2.0049657,0.0037203125
0.11883408,56.941329,1.6157644,-1.7136304,-0.34946126,1.6122117,0.0035527151
0.11887656,56.961686,1.526996,-1.716411,-0.36528297,1.5234888,0.0035071984
0.11896141,57.002341,1.7828656,-1.7866918,-0.39327425,1.7794367,0.003428946
0.11899322,57.017583,1.8778614,-1.7951624,-0.38679413,1.8744696,0.0033917949
0.11907804,57.058229,1.6308441,-1.7233995,-0.36037625,1.6275361,0.0033079613
0.11912046,57.078552,1.3772787,-1.6990058,-0.37042145,1.3739554,0.0033232872
0.11920528,57.119199,1.4948014,-1.7225298,-0.39604894,1.4913525,0.0034489223
0.11924775,57.139549,1.7035631,-1.7431763,-0.39810544,1.7000149,0.0035481649
0.1193303,57.179101,1.5759823,-1.7184557,-0.40132583,1.5721441,0.0038381272
0.11937722,57.201587,1.470829,-1.7130719,-0.42020394,1.4667328,0.0040962233
0.1194572,57.23991,1.5642178,-1.7670479,-0.46709625,1.5595807,0.0046371422
0.11950092,57.260858,1.6700397,-1.8132636,-0.49396409,1.6650853,0.0049544461
0.11957994,57.29872,1.7401697,-1.8605283,-0.52786642,1.7346408,0.0055289739
0.11962408,57.319871,1.6788116,-1.8738301,-0.54859262,1.6729508,0.0058607972
0.11970369,57.358017,1.7079025,-1.9299619,-0.5941997,1.7014051,0.0064973851
0.11974757,57.379045,1.8127853,-1.9829176,-0.6219558,1.8059314,0.0068538822
0.11983358,57.420255,1.8961099,-2.0412234,-0.65330902,1.888576,0.0075338138
0.11987557,57.440378,1.8349377,-2.0442176,-0.6630563,1.8270742,0.0078635014
0.11995764,57.479702,1.8126294,-2.0770219,-0.69210194,1.8041131,0.0085162709
0.11999781,57.498952,1.8702172,-2.110472,-0.70880693,1.8613858,0.0088314006
0.12008452,57.540498,1.9150103,-2.1456807,-0.72628534,1.9055357,0.009474619
0.12012335,57.559103,1.8723829,-2.1408457,-0.72833601,1.8626321,0.0097508296
0.12020802,57.599678,1.8624648,-2.1633901,-0.74680854,1.8521312,0.010333612
0.12025419,57.621801,1.8917108,-2.1865426,-0.75755238,1.8810831,0.010627685
0.12033172,57.65895,1.877164,-2.1849861,-0.75748878,1.8661002,0.011063778
0.12037895,57.681582,1.8492152,-2.1855708,-0.76200501,1.8379078,0.011307428
0.12046006,57.720443,1.8852098,-2.2202688,-0.77853305,1.8735308,0.011678984
0.12050236,57.740712,1.8683265,-2.2065493,-0.77092935,1.8564875,0.011839079
0.12058282,57.779267,1.8385599,-2.2039474,-0.77530398,1.8264421,0.012117849
0.12063069,57.802207,1.8913202,-2.2162702,-0.77773884,1.8790539,0.012266241
0.12071411,57.842177,1.8096353,-2.1924572,-0.7692079,1.7971782,0.012457078
0.1207469,57.857889,1.7839538,-2.1778389,-0.76487171,1.7714234,0.012530378
0.12083456,57.899891,1.9131068,-2.1935717,-0.76614118,1.9003955,0.01271136
0.12087847,57.920932,1.8532355,-2.1812129,-0.76194419,1.8404666,0.012768891
0.12095542,57.957803,1.7547298,-2.1379634,-0.74890161,1.7418688,0.012860992
0.12099947,57.978911,1.8055316,-2.1410328,-0.74951524,1.7926094,0.012922174
0.12108771,58.021197,1.8361592,-2.1231593,-0.73669976,1.823151,0.013008229
0.12113194,58.042389,1.7661814,-2.0927008,-0.72730917,1.7531505,0.013030948
0.12120947,58.07954,1.7660572,-2.0662791,-0.71953314,1.752987,0.013070233
0.12125388,58.100819,1.8494718,-2.066991,-0.71467595,1.8363812,0.013090563
0.12133176,58.138133,1.7943758,-2.0193236,-0.69385681,1.781285,0.013090839
0.12137636,58.159503,1.7461753,-1.9875746,-0.68344507,1.733094,0.013081345
0.12146578,58.202353,1.7905937,-1.9644612,-0.67602766,1.7775307,0.013063083
0.12149938,58.218451,1.8472312,-1.9585829,-0.66954474,1.8341831,0.013048115
0.12158924,58.261511,1.7900902,-1.898776,-0.64425889,1.7771226,0.012967549
0.12162304,58.277708,1.750471,-1.8680907,-0.63411704,1.7375387,0.012932275
0.12171336,58.320986,1.7539178,-1.8248841,-0.62157571,1.7410663,0.01285148
0.12175869,58.342703,1.8611083,-1.8199998,-0.61493685,1.8483054,0.012802953
0.12183818,58.380794,1.8357689,-1.7733531,-0.59362716,1.8230871,0.012681849
0.12188373,58.40262,1.7830664,-1.7277095,-0.57812569,1.7704608,0.012605595
0.12196373,58.440952,1.6989031,-1.6631072,-0.562542,1.6864108,0.012492319
0.1219981,58.457421,1.7437264,-1.659655,-0.56141524,1.7312732,0.012453214
0.12208999,58.501456,1.8871539,-1.6388858,-0.54216093,1.8748432,0.012310633
0.12212462,58.518045,1.9020174,-1.6241225,-0.53437077,1.8897786,0.012238804
0.12221716,58.562387,1.7722992,-1.5348866,-0.50504068,1.7602672,0.012032076
0.122252,58.579082,1.7378607,-1.5008627,-0.49417537,1.725902,0.011958693
0.12233349,58.618133,1.7010565,-1.4547336,-0.48418719,1.6892368,0.011819722
0.1223802,58.640511,1.8014137,-1.4525448,-0.47969013,1.7896678,0.011745874
0.12246226,58.679835,1.9500909,-1.4144363,-0.45137052,1.9385242,0.011566668
0.12250936,58.702402,1.952006,-1.388654,-0.43889289,1.9405682,0.011437821
0.12259199,58.741994,1.8684982,-1.3340123,-0.42100356,1.8573066,0.011191593
0.12262747,58.758994,1.7983242,-1.3032107,-0.4124661,1.7872382,0.011086032
0.12271058,58.798818,1.7059212,-1.2571724,-0.4013857,1.6950608,0.010860377
0.12275827,58.821671,1.6574438,-1.237117,-0.39861541,1.6466873,0.010756474
0.12284195,58.861768,1.7161981,-1.2118553,-0.38766341,1.705589,0.010609092
0.12287794,58.879014,1.7973259,-1.2141557,-0.38524189,1.7867823,0.010543618
0.12296211,58.919345,1.9436629,-1.1888916,-0.36192343,1.9333221,0.010340877
0.12301035,58.942461,1.9682508,-1.1684081,-0.34943686,1.9580557,0.010195062
0.12308285,58.977199,1.9609039,-1.1365031,-0.33289996,1.9509481,0.0099558805
0.12313136,59.000445,1.922384,-1.113304,-0.32352758,1.9125874,0.0097965919
0.12321633,59.041159,1.865198,-1.0712614,-0.30500286,1.8556587,0.0095392851
0.12325294,59.058699,1.8205931,-1.0564303,-0.30040938,1.8111513,0.0094418367
0.12333835,59.099625,1.7150314,-1.0142726,-0.28607337,1.7057862,0.0092451275
0.12337495,59.117165,1.652526,-0.99491838,-0.28101152,1.6433532,0.0091727955
0.12346086,59.158327,1.5762728,-0.98376588,-0.280669,1.5672661,0.0090067123
0.12350999,59.18187,1.5431608,-0.97411538,-0.27842527,1.5342457,0.0089151323
0.12358369,59.217185,1.5223377,-0.97936859,-0.28160063,1.5135546,0.0087831046
0.12363282,59.240728,1.5689999,-0.98603019,-0.28032268,1.5602964,0.0087035597
0.12371911,59.282071,1.7078939,-1.0070188,-0.27666275,1.6993346,0.0085593119
0.12375625,59.299871,1.8118131,-1.0226235,-0.27423312,1.8033246,0.0084884524
0.12384293,59.341404,1.9030193,-1.0269803,-0.26326119,1.89472,0.0082993097
0.12388008,59.359204,1.8857852,-1.0135836,-0.25508042,1.8775715,0.0082136683
0.12396676,59.400737,1.8540148,-0.99773943,-0.24285587,1.8460001,0.0080147201
0.1240039,59.418537,1.8156233,-0.98582403,-0.23673869,1.8076889,0.0079343986
0.12409058,59.46007,1.755799,-0.98122582,-0.23241704,1.7480434,0.0077556387
0.12412773,59.47787,1.7302821,-0.97659821,-0.22877596,1.7226006,0.0076814576
0.12421441,59.519403,1.6365289,-0.96022189,-0.22054307,1.6290047,0.0075241969
0.12425155,59.537203,1.6132002,-0.95819242,-0.21799698,1.6057389,0.0074613297
0.12433823,59.578736,1.5563414,-0.94531182,-0.208563,1.5490139,0.0073274675
0.12438776,59.602469,1.4846772,-0.93034464,-0.2025593,1.4774169,0.0072603147
0.12446206,59.638069,1.4096899,-0.91338639,-0.19304645,1.4025186,0.007171261
0.12451159,59.661802,1.3788562,-0.91076779,-0.18977233,1.3717339,0.007122236
0.12458588,59.697402,1.2889439,-0.8935891,-0.18202816,1.2818841,0.0070598266
0.12463541,59.721135,1.2718723,-0.89610526,-0.18041775,1.2648483,0.0070241015
0.12472209,59.762668,1.1860691,-0.88883531,-0.17533594,1.1790878,0.0069813083
0.12475924,59.780468,1.1413887,-0.88767273,-0.17488227,1.134419,0.0069696984
0.12484592,59.822001,1.1144145,-0.90847338,-0.18025589,1.1074607,0.0069537669
0.12488306,59.839801,1.11359,-0.91426857,-0.18069306,1.1066386,0.0069513785
0.12496974,59.881334,1.1346605,-0.94001944,-0.18731076,1.1277078,0.0069527389
0.12500689,59.899134,1.1399665,-0.94564701,-0.18714454,1.1330106,0.0069558347
0.12509357,59.940667,1.2674361,-0.97685153,-0.19073958,1.2604785,0.0069575921
0.12513071,59.958467,1.3409192,-0.988461,-0.18888161,1.3339687,0.0069505556
0.12521739,60,1.493494,-1.025797,-0.18854045,1.4865879,0.0069061778
0.12525341,60.017261,1.4769924,-1.0169541,-0.18039789,1.4701123,0.0068800772
0.12533723,60.057422,1.5647633,-0.99913979,-0.16454356,1.5579438,0.0068194216
0.12538497,60.080298,1.4980064,-0.98360119,-0.15489385,1.4912282,0.0067781727
0.1254682,60.120178,1.3811772,-0.97650159,-0.14642699,1.374456,0.0067211756
0.12550375,60.137213,1.3190994,-0.96814977,-0.14088672,1.3123968,0.0067026341
0.12559817,60.182455,1.2213896,-0.9614594,-0.13217905,1.2147218,0.0066677944
0.12563343,60.199352,1.1679587,-0.95627485,-0.12898104,1.1612974,0.0066612408
0.1257154,60.238629,1.0835336,-0.95609705,-0.12547046,1.0768786,0.0066549958
0.12576203,60.260972,1.0421827,-0.95809456,-0.1240632,1.0355238,0.0066589171
0.12584328,60.299903,1.0174537,-0.98238739,-0.13026666,1.0107825,0.0066711552
0.12588951,60.322059,1.0691635,-1.0016509,-0.13295805,1.0624875,0.0066760559
0.12597011,60.360676,1.3137287,-1.0681238,-0.14480294,1.3070791,0.0066496229
0.12601596,60.382646,1.4357179,-1.0995139,-0.14496633,1.4291162,0.0066017391
0.12609585,60.420928,1.3951015,-1.088613,-0.12904313,1.3886077,0.0064936974
0.12614131,60.442711,1.3243,-1.0764551,-0.12234398,1.3178613,0.0064387555
0.12622052,60.480664,1.2001692,-1.0661379,-0.11961102,1.1938084,0.0063608227
0.1262656,60.502265,1.1765385,-1.084502,-0.12898717,1.1702151,0.0063233376
0.12634417,60.539915,1.2908184,-1.1511112,-0.15153462,1.2845672,0.0062512273
0.1263889,60.561348,1.494713,-1.2062215,-0.1609179,1.4885281,0.006184951
0.12646687,60.598709,1.6171454,-1.2487532,-0.16151855,1.6111332,0.0060121631
0.12651127,60.619982,1.5245986,-1.2380496,-0.15677547,1.5186869,0.005911638
0.12659972,60.662366,1.3392107,-1.23993,-0.16703745,1.3334648,0.0057458664
0.12663277,60.678201,1.3428542,-1.2681284,-0.18152307,1.3371624,0.0056917344
0.12672062,60.720298,1.7027169,-1.3906571,-0.21462208,1.6972017,0.0055152205
0.1267644,60.741275,1.8085374,-1.4184549,-0.21312688,1.8031472,0.005390167
0.12684077,60.77787,1.5981172,-1.4025134,-0.20995768,1.5929425,0.0051746896
0.12688428,60.798717,1.4905847,-1.4116867,-0.2228613,1.4855074,0.0050772865
0.12697105,60.840296,1.6330722,-1.5048054,-0.26585991,1.6281661,0.0049061309
0.12701431,60.861025,1.8837736,-1.5694452,-0.27910286,1.8789758,0.0047978904
0.1271006,60.902369,1.8350497,-1.5663494,-0.26386845,1.8305093,0.004540433
0.12713287,60.917836,1.668994,-1.5566361,-0.26924451,1.6645345,0.0044594793
0.12721875,60.958987,1.5959482,-1.6077576,-0.31014875,1.5916424,0.0043057974
0.12726161,60.97952,1.7731,-1.6706223,-0.33405614,1.768871,0.0042290839
0.12734713,61.020502,2.0074399,-1.7148707,-0.32589973,2.0034229,0.0040170195
0.12738981,61.040953,1.8021982,-1.6784339,-0.31560932,1.7982864,0.0039118198
0.12747503,61.081786,1.5770627,-1.6916666,-0.35081443,1.5732821,0.0037806417
0.12751759,61.102176,1.6974434,-1.7412262,-0.37366411,1.6937173,0.0037260868
0.12759198,61.137823,1.9773557,-1.7884236,-0.37019252,1.973761,0.0035947663
0.12763445,61.158175,1.8970268,-1.7692592,-0.35888329,1.8935205,0.0035063035
0.12771932,61.198842,1.4968582,-1.7135266,-0.36683752,1.4934528,0.0034053796
0.12776174,61.219168,1.5432098,-1.7330098,-0.38241532,1.5398234,0.0033863878
0.12784658,61.25982,1.8234813,-1.781803,-0.38971319,1.8201262,0.0033550594
0.127889,61.280146,1.824357,-1.7621524,-0.37625141,1.821015,0.0033420595
0.12797386,61.320807,1.3442703,-1.6820043,-0.37661715,1.340834,0.0034362497
0.12801631,61.341151,1.3161568,-1.6883324,-0.39458454,1.312588,0.0035687938
0.12809784,61.380213,1.6577849,-1.752352,-0.4242377,1.6538614,0.0039235113
0.12813517,61.398101,1.6992538,-1.7636018,-0.43317888,1.6951293,0.004124525
0.12822416,61.440745,1.5353128,-1.7531214,-0.45969562,1.5306151,0.0046977737
0.12826802,61.46176,1.5501665,-1.7829279,-0.48754273,1.545143,0.0050234753
0.12834729,61.499744,1.7423594,-1.8776127,-0.54304244,1.736736,0.0056234421
0.12839158,61.520967,1.8086843,-1.914042,-0.56407523,1.8027272,0.0059571033
0.12847138,61.559203,1.7390137,-1.9402295,-0.59493683,1.7324414,0.006572275
0.12851526,61.580228,1.7346382,-1.9651122,-0.6169227,1.7277108,0.0069274016
0.12860115,61.621382,1.8620211,-2.0445162,-0.66220031,1.8543913,0.0076298157
0.12864308,61.641477,1.914767,-2.0765073,-0.67747324,1.9068062,0.0079608593
0.12872502,61.680741,1.8490241,-2.08852,-0.69289966,1.840433,0.0085910376
0.12876513,61.699956,1.8321562,-2.0957764,-0.70214012,1.8232564,0.0088998279
0.1288517,61.741439,1.8819836,-2.1463846,-0.73129517,1.8724283,0.0095552732
0.12889047,61.760017,1.9149365,-2.1668173,-0.74026217,1.9051063,0.0098301938
0.12897515,61.800592,1.8684988,-2.1602039,-0.74251171,1.858108,0.010390803
0.12901363,61.819029,1.8526265,-2.1664057,-0.74931462,1.8419924,0.010634193
0.12909895,61.859911,1.8993483,-2.2078728,-0.76882573,1.8882255,0.011122753
0.12913837,61.8788,1.8872118,-2.2003899,-0.76555055,1.8758946,0.011317145
0.12922775,61.921632,1.8554149,-2.2069804,-0.77404385,1.8436994,0.011715487
0.1292703,61.94202,1.8878534,-2.2215487,-0.77891316,1.875971,0.011882444
0.12935135,61.980855,1.8306778,-2.1967708,-0.76943407,1.8185346,0.012143195
0.12938977,61.999266,1.8192579,-2.1941037,-0.77086044,1.8070004,0.012257516
0.12947293,62.039114,1.9360726,-2.2175158,-0.77521041,1.923597,0.012475615
0.12951668,62.060078,1.8472397,-2.1939459,-0.76707337,1.834686,0.012553662
0.12960433,62.102074,1.7842406,-2.1669123,-0.76187519,1.7715236,0.012717007
0.12963724,62.117845,1.862278,-2.1780058,-0.76264952,1.8495003,0.012777685
0.12972518,62.159982,1.8181998,-2.1524326,-0.74945931,1.8053208,0.012879008
0.12976922,62.181086,1.7572236,-2.124024,-0.74140713,1.7443051,0.012918526
0.12984644,62.218085,1.8250904,-2.1193166,-0.73850471,1.8120869,0.013003469
0.12989065,62.239268,1.8872351,-2.1184519,-0.73309584,1.8741949,0.01304028
0.12997924,62.28172,1.7664369,-2.0587197,-0.71254582,1.753365,0.013071836
0.13001254,62.297674,1.7186158,-2.0386178,-0.70900997,1.7055357,0.013080114
0.13010151,62.340309,1.8640155,-2.0319073,-0.69846733,1.8509186,0.013096891
0.13014611,62.361679,1.849347,-2.0078316,-0.68747347,1.8362591,0.013087919
0.13022434,62.399163,1.7393898,-1.9475608,-0.66699654,1.7263351,0.013054614
0.13026915,62.420634,1.6958467,-1.9226394,-0.66098497,1.6828112,0.01303549
0.13034777,62.458308,1.8471852,-1.9150136,-0.65204022,1.8341962,0.012988914
0.13039282,62.479891,1.8689121,-1.8921587,-0.63995085,1.8559718,0.012940334
0.13047185,62.517762,1.7488904,-1.820433,-0.61548278,1.7360513,0.012839122
0.13051714,62.539461,1.6923483,-1.7881588,-0.60800214,1.6795608,0.012787417
0.13059661,62.577541,1.8235311,-1.7762029,-0.60143216,1.8108239,0.012707216
0.13064215,62.599364,1.890089,-1.7637964,-0.59003776,1.8774473,0.012641701
0.13072209,62.637669,1.8129475,-1.6945887,-0.56345507,1.8004494,0.012498057
0.13076791,62.659626,1.7564953,-1.6444232,-0.54709436,1.7440805,0.012414862
0.13084836,62.698173,1.7163216,-1.5881561,-0.53254713,1.7040226,0.012299013
0.13089448,62.72027,1.8045393,-1.594526,-0.53349018,1.7923001,0.012239178
0.13097545,62.759068,1.9032354,-1.5681414,-0.513513,1.8911481,0.012087338
0.13102187,62.781314,1.9034521,-1.5362525,-0.4988925,1.8914753,0.011976809
0.13110339,62.820373,1.7947805,-1.4618526,-0.47462249,1.7830091,0.011771352
0.13115012,62.842765,1.7152577,-1.4230286,-0.46539682,1.703594,0.011663775
0.13123217,62.882082,1.7058945,-1.3786568,-0.45389948,1.6943802,0.01151434
0.13126746,62.898989,1.7604475,-1.3753533,-0.45150631,1.7489913,0.011456217
0.13135003,62.938556,1.939301,-1.3556755,-0.43099851,1.9280199,0.011281034
0.13139738,62.961244,1.9583149,-1.3292805,-0.41640249,1.9471643,0.011150579
0.13148051,63.00108,1.9322332,-1.2791507,-0.39466911,1.9213438,0.010889431
0.13151626,63.018206,1.8851758,-1.2519841,-0.38546898,1.8744046,0.010771155
0.1315999,63.058284,1.7692719,-1.2046443,-0.37309563,1.758761,0.010510893
0.13164784,63.081256,1.6982233,-1.1785956,-0.36706272,1.6878388,0.010384446
0.13173202,63.121592,1.6389844,-1.1448285,-0.35988661,1.628773,0.010211411
0.1317682,63.138927,1.6444701,-1.1378067,-0.35780458,1.6343175,0.010152526
0.13185283,63.179481,1.7576742,-1.1390864,-0.35327668,1.7476632,0.010011074
0.13190129,63.2027,1.8844075,-1.1298098,-0.33946145,1.8745054,0.0099021188
0.13197403,63.237558,1.9544275,-1.1076485,-0.32181902,1.9447306,0.0096968064
0.13202268,63.260867,1.9742241,-1.0913444,-0.31054728,1.9646791,0.0095450401
0.13210812,63.301807,1.9289936,-1.0592311,-0.29449317,1.9197111,0.0092824887
0.13214482,63.319392,1.9057106,-1.0460545,-0.28839213,1.8965328,0.0091778104
0.13223058,63.360486,1.876685,-1.0266611,-0.27717087,1.867735,0.0089499164
0.1322674,63.378128,1.8026437,-1.0048906,-0.27085003,1.7937825,0.0088611987
0.13235344,63.419357,1.7245086,-0.97711979,-0.25918582,1.7158362,0.0086724299
0.13240268,63.442949,1.6461271,-0.95744067,-0.25279968,1.6375541,0.0085729785
0.13247661,63.478377,1.5464203,-0.92764268,-0.24285625,1.5379905,0.0084297913
0.13252596,63.502022,1.5269717,-0.9278603,-0.24214586,1.5186335,0.0083381837
0.13260003,63.537514,1.444297,-0.92111133,-0.24205777,1.4360867,0.008210308
0.13264943,63.561186,1.436438,-0.92284373,-0.24193405,1.4283019,0.0081361179
0.13273597,63.60265,1.4348693,-0.93904323,-0.24587597,1.4268464,0.0080228947
0.13277305,63.620421,1.4681573,-0.94559543,-0.24499727,1.4601774,0.0079799283
0.13285959,63.661885,1.6005353,-0.9784418,-0.24611725,1.5926648,0.0078705763
0.13289667,63.679656,1.6745486,-1.0022584,-0.24961491,1.6667336,0.0078149947
0.13298317,63.721103,1.8061936,-1.0202506,-0.2418833,1.7985339,0.0076596849
0.13302022,63.738857,1.8050655,-1.0161052,-0.23670493,1.7974791,0.007586425
0.13310662,63.780254,1.7581669,-0.99439373,-0.22219757,1.7507447,0.0074222203
0.1331436,63.797974,1.7320997,-0.99365416,-0.22025485,1.7247455,0.0073542954
0.13322982,63.839287,1.6288785,-0.97148191,-0.20924243,1.6216619,0.0072165789
0.13327903,63.862869,1.6032517,-0.97917811,-0.21086923,1.5961055,0.0071462113
0.13335275,63.898191,1.5550409,-0.97175602,-0.2039271,1.5479898,0.0070511653
0.13340183,63.92171,1.5007526,-0.9693955,-0.2023061,1.4937572,0.006995396
0.13348756,63.962791,1.4352076,-0.9547781,-0.19213178,1.4282901,0.0069175329
0.13352425,63.980369,1.4045211,-0.95253961,-0.19030107,1.3976315,0.0068896227
0.1336097,64.021313,1.3462427,-0.94270354,-0.18175679,1.3394073,0.0068353728
0.13364624,64.038823,1.318462,-0.93083914,-0.1756262,1.3116437,0.0068182949
0.13373134,64.079602,1.2525491,-0.91810221,-0.16690156,1.245761,0.0067881109
0.13377987,64.102853,1.2362738,-0.92161291,-0.16539757,1.2294975,0.0067762843
0.13385248,64.137645,1.1644793,-0.91100268,-0.15848833,1.1577079,0.0067713638
0.13390076,64.160782,1.1134637,-0.90700472,-0.15557722,1.1066883,0.0067753946
0.13398503,64.20116,1.1031813,-0.92117152,-0.1567824,1.0963937,0.006787627
0.13402104,64.218413,1.0923159,-0.92886283,-0.1588597,1.0855216,0.0067942989
0.13410483,64.258562,1.0996359,-0.94366534,-0.15979805,1.0928228,0.0068130883
0.13415255,64.281431,1.1041266,-0.9557411,-0.16208577,1.0973017,0.0068249648
0.13423577,64.321307,1.1851909,-0.97924654,-0.1632014,1.1783493,0.0068416076
0.13427132,64.338343,1.2628017,-0.99894131,-0.16413465,1.2559636,0.0068381262
0.13435397,64.377946,1.3908846,-1.0251286,-0.158126,1.384085,0.0067996194
0.13440101,64.400485,1.3692162,-1.0134191,-0.14636109,1.3624491,0.0067671426
0.13448299,64.439766,1.2684046,-0.9848762,-0.1275572,1.2616891,0.0067154485
0.13452964,64.462118,1.2224444,-0.97616842,-0.12227179,1.2157527,0.0066916805
0.1346109,64.501056,1.1234843,-0.97298492,-0.11686356,1.1168259,0.0066583364
0.13464558,64.517675,1.0856527,-0.97613895,-0.11694483,1.0790045,0.0066482904
0.13473771,64.56182,1.0090504,-0.997618,-0.12316866,1.0024172,0.0066332173
0.1347721,64.578299,1.0938313,-1.0141493,-0.12741816,1.0872063,0.0066250744
0.13486344,64.622067,1.3456123,-1.0991847,-0.14452783,1.3390409,0.0065714135
0.13489756,64.638413,1.4544662,-1.125947,-0.1453749,1.4479386,0.0065275859
0.13498814,64.681815,1.4500421,-1.127689,-0.13168187,1.4436632,0.0063789055
0.13502196,64.698024,1.3748964,-1.1201314,-0.12876092,1.36857,0.0063264521
0.1351118,64.741069,1.2217297,-1.1134557,-0.13152946,1.2155157,0.0062139952
0.13515654,64.762507,1.212544,-1.1437765,-0.14679544,1.2063773,0.0061666941
0.13523453,64.799879,1.482858,-1.2311721,-0.16945346,1.4767962,0.0060618436
0.13527893,64.821153,1.6587268,-1.2799653,-0.17526172,1.6527628,0.0059640833
0.13535635,64.858253,1.5852253,-1.2818468,-0.16791936,1.5794595,0.005765781
0.13540044,64.879379,1.4489828,-1.2721213,-0.16956741,1.4433167,0.0056660697
0.13548831,64.921481,1.3991614,-1.330573,-0.20374176,1.3936577,0.005503738
0.1355321,64.942467,1.5860322,-1.3918449,-0.22166456,1.5806149,0.0054172838
0.1356085,64.979072,1.8525025,-1.467021,-0.22960774,1.8472973,0.005205183
0.13565202,64.999927,1.7349803,-1.4532832,-0.22306627,1.7299054,0.0050748276
0.1357388,65.041508,1.4798872,-1.4598332,-0.24590287,1.4750106,0.0048766434
0.13578206,65.062238,1.5634163,-1.5111924,-0.2704929,1.5586212,0.0047951025
0.1358576,65.098431,1.9422193,-1.6140228,-0.29307958,1.9376028,0.0046165237
0.13590064,65.119059,1.9582762,-1.6175564,-0.2843841,1.9537871,0.0044891387
0.13598654,65.160215,1.5772086,-1.5862576,-0.28999457,1.5729317,0.0042768489
0.13602939,65.18075,1.5406283,-1.6143383,-0.31310676,1.5364206,0.0042077226
0.13611493,65.221737,1.9136932,-1.7208904,-0.34707167,1.9096353,0.0040578334
0.13615763,65.242196,2.0061323,-1.7399074,-0.34242501,2.0021767,0.0039555749
0.13623221,65.277936,1.7089059,-1.6876933,-0.32646646,1.7051216,0.0037843416
0.13627478,65.298333,1.5498693,-1.690796,-0.34615426,1.5461461,0.0037232179
0.13635982,65.339079,1.7597634,-1.7612944,-0.37939146,1.7561397,0.003623739
0.13640229,65.359432,1.9147742,-1.7880691,-0.37706397,1.9112175,0.0035567264
0.13648719,65.400111,1.6879434,-1.7420382,-0.35890035,1.68453,0.0034134124
0.13652962,65.420442,1.4901975,-1.7153473,-0.3658835,1.4868151,0.0033823119
0.13661448,65.461104,1.5879269,-1.7474261,-0.39331173,1.5845448,0.0033820885
0.13665691,65.481435,1.7465108,-1.7679947,-0.39239755,1.743116,0.0033948429
0.13674177,65.522097,1.6240193,-1.720752,-0.3745848,1.6205605,0.0034587899
0.13678425,65.542451,1.3624317,-1.6778452,-0.37862688,1.3588635,0.0035682075
0.1368659,65.581576,1.4591982,-1.7183253,-0.41948273,1.4552586,0.0039396142
0.13690321,65.599453,1.5981124,-1.7556558,-0.43875345,1.5939598,0.0041526442
0.13699194,65.64197,1.6564302,-1.7816524,-0.46376206,1.6517105,0.0047197166
0.13702686,65.658704,1.5944283,-1.7845839,-0.47816884,1.5894627,0.0049656636
0.13711445,65.700674,1.6304888,-1.845488,-0.53268702,1.6248631,0.0056256736
0.13715848,65.721774,1.7418353,-1.9002267,-0.56312405,1.73587,0.0059653241
0.13723789,65.759821,1.8534424,-1.9645564,-0.59914438,1.8468658,0.0065765923
0.13728162,65.780775,1.7912126,-1.9740939,-0.61387067,1.784296,0.0069165649
0.13736728,65.821823,1.7700135,-2.0161228,-0.65158954,1.7624059,0.0076075663
0.13740912,65.841868,1.8384723,-2.0554096,-0.67274707,1.8305258,0.0079465131
0.13749091,65.88106,1.9255255,-2.1077877,-0.6980639,1.916945,0.0085804378
0.13753096,65.900253,1.8791856,-2.109071,-0.70349671,1.8703049,0.0088807288
0.13761744,65.941689,1.8345936,-2.120848,-0.72037,1.8250667,0.0095269114
0.13765618,65.960251,1.8700175,-2.1469922,-0.73417853,1.8602092,0.0098083637
0.13774084,66.000819,1.9047034,-2.1753524,-0.7477315,1.8943302,0.010373218
0.13777934,66.019266,1.8742253,-2.166745,-0.74629142,1.8636158,0.010609542
0.1378647,66.060167,1.8634346,-2.1882524,-0.76253069,1.8523322,0.011102373
0.13790414,66.079065,1.8894452,-2.2068819,-0.77013881,1.8781405,0.011304675
0.1379937,66.12198,1.8436135,-2.1877277,-0.76379045,1.8319199,0.011693583
0.1380277,66.138272,1.8432788,-2.1954427,-0.76949078,1.8314498,0.011829007
0.13811769,66.181392,1.9000171,-2.2135469,-0.7742514,1.8878803,0.012136772
0.1381563,66.199894,1.8347404,-2.195376,-0.76884745,1.8224995,0.012240949
0.13823991,66.239957,1.8487329,-2.1914685,-0.7708407,1.8362715,0.012461326
0.13828369,66.260934,1.9277477,-2.2027896,-0.77029202,1.9151881,0.01255965
0.13836041,66.297694,1.8007879,-2.1702667,-0.76005375,1.7881094,0.012678476
0.13840431,66.31873,1.7614065,-2.1517274,-0.75568162,1.748659,0.012747564
0.1384923,66.360892,1.9022459,-2.1617063,-0.75223087,1.8893627,0.012883201
0.13853637,66.382012,1.8470292,-2.1421531,-0.74486738,1.8341065,0.012922735
0.13861364,66.419038,1.7456865,-2.0942769,-0.73072725,1.7327054,0.01298103
0.13865788,66.440235,1.7958932,-2.0895018,-0.72794755,1.7828754,0.013017802
0.13873545,66.477403,1.8775663,-2.0800717,-0.71725016,1.8645072,0.013059065
0.13877987,66.498687,1.7883607,-2.0482851,-0.7074624,1.7752953,0.013065457
0.13886891,66.541354,1.7324958,-1.9997032,-0.69335748,1.7194234,0.013072407
0.13890238,66.557391,1.8007448,-1.9977731,-0.68944034,1.7876723,0.013072542
0.13899182,66.600248,1.8391292,-1.9644264,-0.67004275,1.8260888,0.013040337
0.13903668,66.62174,1.7754708,-1.929202,-0.6577127,1.7624612,0.013009556
0.13911535,66.659439,1.6981917,-1.8794145,-0.64478832,1.685237,0.012954711
0.13916042,66.681035,1.7910075,-1.8754017,-0.64092926,1.7780852,0.01292231
0.13923952,66.718935,1.8791558,-1.8469007,-0.62281513,1.8663262,0.012829545
0.13928485,66.740655,1.810964,-1.8058975,-0.60787541,1.7982015,0.012762531
0.13936437,66.778763,1.723617,-1.7291808,-0.58481988,1.7109639,0.012653098
0.13940997,66.800611,1.739268,-1.7187402,-0.58420029,1.7266646,0.012603407
0.13948998,66.838951,1.8843908,-1.7111884,-0.57166585,1.871894,0.012496738
0.13953584,66.860922,1.8850258,-1.679058,-0.55623148,1.8726131,0.012412677
0.13961633,66.899491,1.7653956,-1.6033862,-0.53188473,1.7531431,0.012252495
0.13966249,66.921608,1.7205176,-1.5598548,-0.51877697,1.7083506,0.012166949
0.13974352,66.960435,1.7331282,-1.5234497,-0.51006699,1.7210812,0.012046913
0.13978997,66.982693,1.8514901,-1.5201338,-0.50196097,1.8395157,0.011974403
0.13987155,67.021786,1.9245671,-1.4839242,-0.4798501,1.9127711,0.011796051
0.13990663,67.038591,1.9387582,-1.4639319,-0.46973819,1.9270543,0.011703843
0.13998872,67.077927,1.8285639,-1.3923271,-0.44626344,1.8170854,0.011478557
0.14003579,67.100481,1.7358926,-1.362373,-0.44160333,1.7245375,0.011355107
0.14011845,67.14009,1.683502,-1.3080266,-0.42592579,1.6723286,0.011173354
0.14016584,67.162799,1.7105207,-1.2967953,-0.42300392,1.6994303,0.011090489
0.14024907,67.20268,1.9037625,-1.2847536,-0.40664153,1.8928342,0.010928372
0.14028484,67.219818,1.9385603,-1.270052,-0.39726356,1.9277219,0.010838416
0.14036856,67.259933,1.9795093,-1.2291032,-0.37357421,1.9689237,0.010585669
0.14040452,67.277166,1.9512452,-1.2059175,-0.3642039,1.9407788,0.010466369
0.14048872,67.317511,1.8743866,-1.1547213,-0.34491498,1.8642031,0.01018344
0.14053698,67.340636,1.8308877,-1.1326882,-0.3373059,1.8208535,0.010034219
0.14062167,67.381218,1.7312166,-1.0914942,-0.32482199,1.7214,0.0098166237
0.14065805,67.398651,1.6886694,-1.0768824,-0.32190543,1.6789301,0.0097392464
0.14074318,67.43944,1.6148864,-1.0503341,-0.31695878,1.6052999,0.0095865505
0.14079195,67.462811,1.5818,-1.0439641,-0.31775349,1.572294,0.0095060164
0.14086527,67.497942,1.6698871,-1.0571842,-0.31806947,1.6605108,0.0093763089
0.14091424,67.521408,1.7562881,-1.0621087,-0.31347681,1.747013,0.0092750957
0.1410001,67.56255,1.9277705,-1.0634509,-0.29787917,1.9187068,0.0090636714
0.14103697,67.580213,1.9436624,-1.0524752,-0.28870343,1.9346983,0.0089640188
0.14112307,67.621469,1.9314697,-1.0223826,-0.26993989,1.9227361,0.0087335559
0.14116002,67.639175,1.9018915,-1.0112397,-0.26425788,1.8932529,0.008638607
0.14124627,67.680505,1.8546298,-1.0004869,-0.25714771,1.8462001,0.0084296631
0.14128332,67.698256,1.8041595,-0.99073392,-0.25405143,1.7958137,0.0083457368
0.14136976,67.739676,1.7503921,-0.97663429,-0.24528155,1.7422336,0.008158531
0.1414068,67.757427,1.7444344,-0.96881147,-0.23882188,1.7363529,0.0080814884
0.14149324,67.798847,1.6389887,-0.93553119,-0.22362185,1.6310736,0.0079151487
0.14154264,67.822515,1.5618206,-0.92326585,-0.22005458,1.553993,0.0078275283
0.14161673,67.858017,1.4690736,-0.90620919,-0.21293037,1.4613674,0.0077061238
0.14166613,67.881686,1.4485889,-0.90001021,-0.20756978,1.4409573,0.0076315994
0.14174022,67.917188,1.3878033,-0.89261565,-0.20360248,1.380273,0.0075302944
0.14178961,67.940856,1.3312222,-0.88960469,-0.20371852,1.3237514,0.0074708046
0.14187605,67.982276,1.2934689,-0.89860742,-0.20599651,1.2860854,0.0073835028
0.14191306,68.00001,1.3040229,-0.91036399,-0.20897721,1.2966708,0.0073520729
0.14199925,68.041308,1.3107829,-0.93307459,-0.21474197,1.3034935,0.0072894002
0.14203619,68.059007,1.3183328,-0.93729701,-0.21402487,1.3110666,0.0072662262
0.14212222,68.100232,1.4114151,-0.97139642,-0.21865549,1.404205,0.0072100912
0.14215905,68.117877,1.468237,-0.97990441,-0.21613816,1.4610544,0.0071826487
0.14224485,68.158993,1.5782117,-1.0146224,-0.21819658,1.5711129,0.0070988288
0.1422938,68.182445,1.6279386,-1.01966,-0.21281144,1.6208953,0.0070433614
0.14236706,68.217548,1.5639026,-1.0019723,-0.20053276,1.5569401,0.0069625801
0.14241584,68.240924,1.54907,-0.99191367,-0.19192055,1.5421546,0.0069153775
0.14250093,68.281697,1.451082,-0.97208197,-0.18070208,1.4442337,0.0068482803
0.14253728,68.299113,1.4272514,-0.96922392,-0.17751662,1.4204256,0.0068258671
0.14262196,68.339688,1.3873794,-0.96997278,-0.17247108,1.3805979,0.0067815484
0.14267025,68.362828,1.3950616,-0.96673485,-0.16967647,1.3883049,0.006756717
0.14274243,68.397417,1.3395709,-0.96003961,-0.16272072,1.3328437,0.0067271665
0.14279038,68.420393,1.3180526,-0.95649117,-0.15751329,1.3113413,0.0067112862
0.14287408,68.460496,1.2296722,-0.94271126,-0.14804812,1.2229759,0.0066963264
0.14290982,68.477623,1.1877084,-0.93686894,-0.14419004,1.1810122,0.0066961533
0.14299298,68.51747,1.1292153,-0.93246392,-0.1374459,1.122513,0.0067022943
0.14304035,68.540169,1.0889457,-0.93598352,-0.13663581,1.0822326,0.0067130711
0.14312287,68.57971,1.0637663,-0.9547471,-0.14040543,1.057035,0.0067313059
0.14316988,68.602232,1.0701888,-0.96314402,-0.14042889,1.0634466,0.0067421342
0.14325174,68.641458,1.1263609,-0.99221947,-0.14465354,1.119604,0.0067568716
0.14328674,68.65823,1.2076931,-1.0089131,-0.14534377,1.2009394,0.0067537456
0.14337955,68.7027,1.4079573,-1.0632822,-0.14572985,1.4012717,0.0066856311
0.14341421,68.719308,1.4039643,-1.0556567,-0.13619738,1.3973165,0.0066477987
0.14349475,68.757901,1.2797495,-1.0289295,-0.12048815,1.2731759,0.0065735784
0.14354058,68.779861,1.2152142,-1.0217216,-0.11594885,1.208672,0.0065422221
0.14362041,68.818111,1.1261161,-1.0218362,-0.11556134,1.1196163,0.0064998601
0.14366587,68.839897,1.1201949,-1.0426403,-0.1243537,1.1137178,0.0064770799
0.14374501,68.877819,1.2621884,-1.1113685,-0.14450578,1.2557648,0.0064235876
0.14379005,68.899399,1.4543084,-1.1607993,-0.15124733,1.4479411,0.0063672876
0.14387979,68.9424,1.5331997,-1.192882,-0.14754723,1.5270019,0.0061977427
0.14391329,68.958452,1.4731077,-1.1796268,-0.14120487,1.4669736,0.006134012
0.14400235,69.001125,1.303683,-1.178376,-0.14801244,1.297691,0.0059920087
0.1440467,69.022378,1.289596,-1.2086493,-0.16392858,1.2836653,0.0059307084
0.14412402,69.059425,1.5758551,-1.306568,-0.19044234,1.570057,0.0057980816
0.14416813,69.080562,1.7395372,-1.3519443,-0.19424995,1.7338513,0.0056858273
0.14425585,69.122593,1.5887654,-1.3445086,-0.18775867,1.5833199,0.0054455779
0.14428874,69.138355,1.480704,-1.3431724,-0.19439226,1.4753341,0.0053698113
0.14437593,69.180132,1.526207,-1.4246601,-0.23665039,1.5210102,0.0051968023
0.14441945,69.200986,1.7482879,-1.484249,-0.25071641,1.7431896,0.0050982557
0.14450607,69.242494,1.8646841,-1.529164,-0.25025317,1.8598444,0.0048397422
0.14453856,69.258059,1.7270148,-1.5045947,-0.24323076,1.7222672,0.0047476105
0.14462472,69.299347,1.5252746,-1.5422349,-0.28266872,1.5207072,0.0045674307
0.14466773,69.319954,1.6826765,-1.5974174,-0.30389125,1.6781886,0.0044879268
0.14475374,69.361169,2.0054018,-1.6736342,-0.31011649,2.001128,0.0042738344
0.14479649,69.381652,1.897791,-1.6555815,-0.30013893,1.8936378,0.0041532529
0.14488181,69.422534,1.5644825,-1.6525099,-0.32725564,1.5604965,0.0039860179
0.14491381,69.437865,1.6091061,-1.6735059,-0.34085351,1.6051651,0.0039409247
0.14499913,69.478748,1.9651595,-1.7620931,-0.361588,1.9613658,0.0037936678
0.14504179,69.499189,2.0007596,-1.7699927,-0.35411269,1.9970643,0.003695297
0.14512711,69.540072,1.5727521,-1.7086006,-0.35218687,1.5692131,0.0035390126
0.14516977,69.560513,1.5356818,-1.7217062,-0.3698214,1.532184,0.0034978716
0.14525509,69.601395,1.8315513,-1.7921513,-0.39156527,1.8281346,0.0034167055
0.14529775,69.621837,1.8833746,-1.7910037,-0.38050527,1.8800102,0.0033644226
0.1453724,69.657609,1.5322008,-1.7136581,-0.36294366,1.5288929,0.003307881
0.14541506,69.67805,1.3418226,-1.6927399,-0.37200552,1.3384859,0.0033367019
0.14550038,69.718933,1.5703184,-1.7355773,-0.40085125,1.5668403,0.0034781784
0.14554304,69.739374,1.7507059,-1.7514378,-0.39978852,1.7471216,0.0035843501
0.14562422,69.778273,1.5214509,-1.7118447,-0.40502768,1.5175542,0.003896656
0.14567028,69.800344,1.4625909,-1.7158583,-0.42581222,1.458426,0.0041649631
0.14575023,69.838652,1.5996373,-1.7785236,-0.47366104,1.5949203,0.0047170007
0.14579454,69.859882,1.6991702,-1.8250732,-0.50008613,1.6941303,0.0050398889
0.14587429,69.898096,1.7241807,-1.8634601,-0.53287459,1.7185601,0.0056206133
0.14591859,69.919326,1.6669576,-1.8796075,-0.55525005,1.6609987,0.0059588406
0.14600721,69.961786,1.7587858,-1.9566889,-0.60886741,1.7521121,0.0066737205
0.14604265,69.97877,1.8447878,-1.9978822,-0.62923377,1.8378279,0.0069599
0.14612943,70.02035,1.8799853,-2.0440136,-0.65692627,1.8723433,0.0076420556
0.14617122,70.040374,1.8212942,-2.0474713,-0.66741944,1.8133226,0.0079715774
0.14625291,70.079518,1.8330309,-2.0888107,-0.69822766,1.8244093,0.0086216205
0.14629292,70.09869,1.8851074,-2.1193953,-0.71306603,1.8761751,0.0089322567
0.14637933,70.140096,1.8975427,-2.1420929,-0.72606856,1.8879765,0.0095662192
0.14641804,70.158646,1.8606324,-2.1387896,-0.72936348,1.850792,0.0098404757
0.14650266,70.19919,1.8709112,-2.1692609,-0.7498519,1.8604945,0.01041662
0.14654887,70.221334,1.9004108,-2.1915808,-0.75981861,1.8897069,0.010703887
0.14662656,70.258561,1.8629967,-2.1815183,-0.75761486,1.8518655,0.011131171
0.14667401,70.281299,1.8523506,-2.1904931,-0.76506046,1.8409785,0.011372059
0.1467558,70.320488,1.891744,-2.219594,-0.77761709,1.8800113,0.01173272
0.14679859,70.340989,1.8527944,-2.200435,-0.76933385,1.840905,0.011889428
0.14688024,70.380117,1.8574286,-2.2073483,-0.77631094,1.8452608,0.012167819
0.14691906,70.398716,1.9074409,-2.2177362,-0.77730019,1.8951592,0.012281672
0.14700311,70.438992,1.7962153,-2.1863929,-0.76748082,1.7837446,0.012470688
0.14704688,70.459965,1.783564,-2.1766956,-0.76597312,1.7709936,0.012570405
0.14713457,70.50198,1.9197282,-2.1939398,-0.76524939,1.9069918,0.012736402
0.1471675,70.51776,1.8530455,-2.1752341,-0.75840099,1.8402713,0.012774252
0.14725547,70.559912,1.757385,-2.1293229,-0.74559388,1.7445071,0.012877957
0.14729954,70.581028,1.8426251,-2.1396754,-0.74619976,1.8296882,0.012936897
0.1473768,70.618048,1.836013,-2.1196312,-0.73492529,1.8230107,0.013002257
0.14742103,70.639241,1.7562694,-2.0875085,-0.72570449,1.7432446,0.01302472
0.14750967,70.681718,1.8021338,-2.0641715,-0.71671635,1.7890651,0.013068633
0.14754298,70.69768,1.8585415,-2.0643987,-0.71279524,1.8454598,0.013081675
0.14763201,70.740339,1.7841177,-2.0094566,-0.69013912,1.7710369,0.013080868
0.14767664,70.761721,1.7365104,-1.9771659,-0.67993228,1.7234393,0.013071058
0.14775491,70.799228,1.7942528,-1.9610765,-0.67426331,1.7811979,0.01305484
0.14779975,70.820713,1.8668823,-1.9530587,-0.6658879,1.8538514,0.01303086
0.14787842,70.858409,1.7883966,-1.8946214,-0.64260176,1.7754397,0.01295694
0.14792349,70.880004,1.733137,-1.8547426,-0.63001582,1.7202271,0.012909931
0.14800257,70.917898,1.7545181,-1.821457,-0.62027616,1.7416777,0.012840407
0.14804788,70.939609,1.8640357,-1.8167565,-0.61354097,1.8512443,0.012791406
0.1481274,70.977714,1.8358275,-1.7695218,-0.59210639,1.8231581,0.012669449
0.14817298,70.999553,1.7838678,-1.723052,-0.57617188,1.771275,0.012592773
0.14825297,71.037883,1.7026431,-1.6597088,-0.56101429,1.6901643,0.012478819
0.14829883,71.059856,1.7760726,-1.6479516,-0.55468536,1.7636468,0.012425825
0.14837935,71.098439,1.8886216,-1.6377945,-0.54198976,1.8763246,0.01229698
0.1484255,71.120551,1.8981039,-1.6056131,-0.52656897,1.8859047,0.012199226
0.14850652,71.159375,1.7866843,-1.5316262,-0.50281371,1.774669,0.012015282
0.14855298,71.181636,1.7258456,-1.4891887,-0.49107746,1.7139276,0.011918045
0.14863457,71.22073,1.7128919,-1.4457886,-0.48032732,1.7011096,0.011782304
0.14866964,71.237538,1.7988415,-1.4463685,-0.47739152,1.7871151,0.011726435
0.14876347,71.282495,1.9410277,-1.4078193,-0.44904906,1.92951,0.01151773
0.14879877,71.299411,1.9500254,-1.3879857,-0.43958995,1.9386056,0.011419788
0.14888141,71.339011,1.8592707,-1.3285144,-0.41894674,1.8480982,0.011172428
0.14892881,71.361721,1.7987736,-1.2941162,-0.40829271,1.7877436,0.011030015
0.149012,71.401585,1.70217,-1.2501515,-0.39900213,1.691363,0.010807061
0.14904777,71.418725,1.673106,-1.2321301,-0.39482931,1.6623775,0.010728425
0.14913149,71.45884,1.6905178,-1.2080693,-0.38735042,1.6799372,0.010580575
0.14917949,71.481839,1.7981982,-1.20668,-0.38149473,1.7877049,0.01049325
0.14926373,71.522205,1.9433027,-1.1809454,-0.35814489,1.9330152,0.010287434
0.14929994,71.539554,1.9748272,-1.1669681,-0.34865842,1.9646488,0.010178393
0.14938462,71.58013,1.9562199,-1.1282227,-0.32908847,1.9463181,0.0099017798
0.149421,71.597562,1.9227495,-1.1104651,-0.32222026,1.9129666,0.00978292
0.14950608,71.638331,1.8742742,-1.0726358,-0.30549007,1.8647503,0.0095238459
0.14955483,71.661688,1.8161869,-1.0488511,-0.29695315,1.8067938,0.0093930779
0.14964033,71.702656,1.7200084,-1.0095237,-0.2829478,1.7108112,0.0091972535
0.14967705,71.720252,1.6490239,-0.98947867,-0.2778974,1.6399002,0.0091237355
0.14976288,71.761378,1.5860686,-0.97869524,-0.27660712,1.5771127,0.0089558648
0.14979973,71.779036,1.5358476,-0.96337388,-0.27313416,1.5269611,0.0088864928
0.14988583,71.820293,1.5273574,-0.97610504,-0.27832478,1.5186276,0.0087297373
0.14992278,71.837998,1.5195741,-0.97293708,-0.27646424,1.5109037,0.0086703661
0.15000909,71.879356,1.6394163,-0.99722463,-0.27644142,1.6308819,0.0085343938
0.15004612,71.8971,1.713938,-1.0084138,-0.27421517,1.7054671,0.0084708492
0.15013258,71.938528,1.8817101,-1.0257162,-0.26413419,1.8734131,0.0082969862
0.15018202,71.962216,1.8990421,-1.0169817,-0.25486259,1.8908572,0.0081849025
0.15025618,71.997755,1.8819188,-1.0031994,-0.24353664,1.8739028,0.0080160794
0.15030563,72.021448,1.8145777,-0.98812022,-0.23688984,1.806672,0.0079056548
0.15039216,72.06291,1.7503412,-0.98381922,-0.23285236,1.7426132,0.0077280137
0.15042923,72.080671,1.7330647,-0.98000336,-0.22924976,1.7254097,0.0076549493
0.15051568,72.122098,1.6376513,-0.96619846,-0.22248903,1.6301545,0.0074967745
0.15055271,72.139841,1.6128338,-0.95813489,-0.21694977,1.6053979,0.0074358455
0.15063907,72.181219,1.5541315,-0.95006422,-0.21011791,1.546827,0.0073044516
0.15067604,72.198936,1.5323354,-0.94484269,-0.20581621,1.5250831,0.0072522737
0.15076224,72.240238,1.4394257,-0.92025806,-0.19296781,1.4322774,0.0071483019
0.15079913,72.257918,1.3930521,-0.914996,-0.19077511,1.3859425,0.0071095857
0.15088512,72.299122,1.323917,-0.90883032,-0.18525398,1.3168818,0.0070351753
0.15093419,72.322632,1.2812121,-0.89811671,-0.17945963,1.2742098,0.0070022211
0.15100768,72.357849,1.1989677,-0.89086554,-0.17479383,1.1920055,0.0069622466
0.1510566,72.381286,1.1930646,-0.89477912,-0.17364427,1.1861211,0.0069435084
0.15114203,72.422225,1.1441414,-0.90576562,-0.1759186,1.1372172,0.0069241696
0.15117858,72.439734,1.1251888,-0.91266966,-0.17778097,1.1182688,0.0069200298
0.15126367,72.480511,1.1141288,-0.92390408,-0.17890238,1.1072085,0.0069203753
0.15130007,72.497948,1.1286028,-0.93602575,-0.18178433,1.1216801,0.0069227788
0.15138477,72.538536,1.1644299,-0.95037479,-0.18161508,1.1574958,0.0069340787
0.15143305,72.561667,1.2372432,-0.97176112,-0.185064,1.2303067,0.0069364651
0.15151728,72.60203,1.3956804,-1.0093968,-0.18577476,1.388763,0.0069174496
0.15155328,72.61928,1.4395916,-1.0141926,-0.18107171,1.4326928,0.0068988053
0.15163702,72.659405,1.4252942,-1.0010353,-0.16510889,1.4184488,0.0068453203
0.15168471,72.682256,1.3951416,-0.99040635,-0.15570182,1.3883248,0.0068167631
0.15176784,72.722092,1.3797954,-0.97145336,-0.14248455,1.373024,0.0067713968
0.15180336,72.73911,1.3251221,-0.96568272,-0.13851529,1.3183722,0.0067499093
0.15188591,72.778663,1.2527314,-0.96855784,-0.133415,1.2460193,0.0067120599
0.15193287,72.801168,1.1750391,-0.96044258,-0.12878612,1.1683421,0.0066970504
0.15201477,72.84041,1.1036813,-0.96026753,-0.12429202,1.0969996,0.0066817086
0.15206133,72.862722,1.0455188,-0.96011463,-0.12252749,1.0388388,0.0066799571
0.15214247,72.901603,1.0137632,-0.98386898,-0.12822185,1.0070789,0.0066843114
0.15217711,72.9182,1.0353544,-0.99905224,-0.13224971,1.028668,0.0066863877
0.15226916,72.962307,1.3104283,-1.069012,-0.14336147,1.3037715,0.0066567509
0.15230353,72.978775,1.4207251,-1.0968824,-0.14448834,1.4141033,0.0066218699
0.15239479,73.022504,1.4119035,-1.096543,-0.12985822,1.4054099,0.0064936068
0.15242887,73.038832,1.3722234,-1.0864554,-0.12320074,1.3657752,0.0064482326
0.15251935,73.082187,1.2075792,-1.0725523,-0.12007187,1.2012303,0.0063488968
0.15255313,73.098375,1.1797822,-1.0853508,-0.12739209,1.1734637,0.0063185391
0.15264285,73.141367,1.2991771,-1.1575086,-0.15250985,1.2929453,0.0062317406
0.15267638,73.15743,1.4549047,-1.2013572,-0.16149713,1.4487217,0.0061830091
0.15276542,73.200096,1.6245297,-1.2566022,-0.16345914,1.6185446,0.0059851137
0.15280976,73.221345,1.5285112,-1.2460339,-0.15891242,1.5226294,0.0058818778
0.15288709,73.2584,1.364026,-1.2486588,-0.16869399,1.3582952,0.0057308031
0.15293114,73.279504,1.3603355,-1.278203,-0.18414397,1.3546789,0.0056565965
0.15301892,73.321565,1.7284082,-1.3985519,-0.21527203,1.7229335,0.0054747362
0.15306266,73.342525,1.8267245,-1.4311789,-0.21734299,1.8213771,0.0053474039
0.15313897,73.379088,1.5886262,-1.4073732,-0.21163941,1.5834946,0.0051315807
0.15318244,73.399921,1.4863727,-1.4203954,-0.22689563,1.4813371,0.0050356289
0.15326913,73.441459,1.6565385,-1.5234651,-0.27367899,1.6516752,0.0048633614
0.15331236,73.462173,1.892949,-1.5699326,-0.27698928,1.8881965,0.0047525017
0.15338782,73.49833,1.8681889,-1.5826177,-0.27014082,1.8636632,0.0045256374
0.15343083,73.518938,1.6383858,-1.5526,-0.26863854,1.6339677,0.0044180362
0.15351666,73.560067,1.6103187,-1.6223474,-0.3173155,1.6060501,0.004268578
0.15355948,73.580584,1.8124328,-1.6746546,-0.33234514,1.8082436,0.0041892622
0.15364496,73.621546,1.9887868,-1.7163622,-0.32690629,1.9848083,0.0039784742
0.15368762,73.641985,1.7694806,-1.6831304,-0.32044604,1.7656031,0.0038774457
0.15376217,73.677704,1.5455254,-1.686764,-0.34914601,1.5417592,0.0037661357
0.15380471,73.698091,1.6898707,-1.7326361,-0.3690758,1.6861574,0.0037133224
0.15388972,73.738822,1.9696131,-1.7923528,-0.37259639,1.9660451,0.0035680268
0.15393217,73.759167,1.870351,-1.7654859,-0.35793024,1.8668675,0.0034835503
0.15401703,73.799828,1.484064,-1.7135691,-0.36859553,1.4806705,0.0033934618
0.15405946,73.820156,1.5430529,-1.7376609,-0.38619256,1.539673,0.0033799086
0.15414431,73.860813,1.8204888,-1.7693754,-0.38320939,1.8171284,0.003360435
0.15418673,73.881142,1.780155,-1.7522204,-0.37519944,1.7767973,0.0033577607
0.1542716,73.921807,1.3274223,-1.6808568,-0.38029671,1.3239353,0.0034869989
0.15431406,73.942152,1.3467991,-1.6969106,-0.40030439,1.3431625,0.0036366346
0.15439374,73.980332,1.6550257,-1.7584673,-0.43041945,1.6510122,0.0040135162
0.15443047,73.997932,1.6908369,-1.7700381,-0.43994886,1.6866156,0.0042213617
0.15451895,74.04033,1.5437346,-1.761485,-0.46700771,1.5389274,0.0048072322
0.1545628,74.061342,1.5649659,-1.7951201,-0.49627041,1.5598302,0.0051357198
0.15464214,74.099359,1.7537145,-1.8873358,-0.54965457,1.7479769,0.0057375671
0.15468646,74.120597,1.8193479,-1.9255413,-0.57144747,1.8132748,0.0060730617
0.15476614,74.158775,1.7408579,-1.9495054,-0.60150072,1.7341678,0.0066900896
0.15480983,74.179708,1.743663,-1.9741905,-0.62264146,1.736619,0.0070440663
0.15489527,74.220649,1.8681319,-2.0551668,-0.66807535,1.8603908,0.0077411367
0.15493698,74.240639,1.9173443,-2.0828358,-0.68135322,1.9092755,0.0080688203
0.15501853,74.27971,1.8542789,-2.0946912,-0.69632192,1.8455859,0.0086929729
0.15505846,74.298845,1.8345032,-2.1020617,-0.70567079,1.8255042,0.0089989818
0.15514473,74.340183,1.8860277,-2.1522449,-0.73415126,1.8763813,0.0096464735
0.15518342,74.35872,1.9155945,-2.1716462,-0.74271557,1.9056771,0.0099174204
0.15526803,74.399266,1.8653986,-2.162398,-0.74411584,1.8549284,0.010470189
0.15531427,74.42142,1.8575219,-2.1750573,-0.75388358,1.8467653,0.010756593
0.15539207,74.4587,1.8963712,-2.211582,-0.77124176,1.8851823,0.011188814
0.15543963,74.481491,1.8773126,-2.1980901,-0.76456337,1.8658977,0.011414884
0.15552176,74.520842,1.8608064,-2.2093506,-0.7748093,1.849036,0.011770433
0.15556479,74.541462,1.8896643,-2.2243359,-0.77994736,1.8777312,0.011933122
0.15564705,74.580878,1.8260153,-2.1948884,-0.76887441,1.8138266,0.012188664
0.15568621,74.599641,1.8168961,-2.1975457,-0.77328118,1.8045922,0.012303922
0.15577098,74.64026,1.9358807,-2.2129339,-0.77217962,1.9233678,0.012512894
0.15581473,74.661227,1.8232519,-2.1917402,-0.76763931,1.8106642,0.012587699
0.15589143,74.697979,1.7822894,-2.1663674,-0.76156195,1.7695602,0.01272917
0.15593533,74.719013,1.8753655,-2.1768815,-0.76083696,1.8625584,0.012807107
0.15602329,74.761161,1.7979732,-2.145699,-0.74770471,1.7850745,0.012898658
0.15606736,74.782275,1.7479773,-2.1184897,-0.739976,1.7350382,0.012939087
0.15614461,74.819291,1.8373746,-2.1181657,-0.73699162,1.8243524,0.013022177
0.15618884,74.840486,1.8807121,-2.1121347,-0.73004595,1.8676589,0.013053227
0.15626638,74.877643,1.7665918,-2.056058,-0.7112562,1.7535149,0.013076913
0.15631079,74.898919,1.7188768,-2.0310479,-0.70602659,1.7057888,0.013087933
0.15639982,74.941579,1.8717618,-2.0284885,-0.69628016,1.858664,0.013097728
0.15643327,74.957609,1.8498616,-2.0062293,-0.68679154,1.8367722,0.013089371
0.1565227,75.00046,1.728412,-1.9366154,-0.66331451,1.7153638,0.013048221
0.15656754,75.021946,1.7134783,-1.9161684,-0.65749258,1.7004499,0.013028379
0.15664621,75.059642,1.8648337,-1.9126592,-0.64972946,1.8518585,0.012975159
0.15669128,75.081239,1.8549946,-1.8846045,-0.63753904,1.8420719,0.012922647
0.15677036,75.119129,1.7398622,-1.8083,-0.61128134,1.7270423,0.012819848
0.15681568,75.140846,1.6866658,-1.7746216,-0.60230272,1.6738958,0.01276995
0.1568952,75.178948,1.8555281,-1.7624412,-0.59295418,1.8428422,0.012685931
0.15694077,75.200788,1.882611,-1.7519893,-0.5848381,1.8699956,0.012615422
0.15702078,75.239126,1.8116625,-1.678812,-0.55684894,1.7991943,0.012468277
0.15706665,75.261103,1.7316803,-1.6345517,-0.54591004,1.7192938,0.012386467
0.15714718,75.299689,1.7103177,-1.5853868,-0.53350885,1.6980444,0.012273348
0.15719334,75.321808,1.8333582,-1.5837469,-0.52639914,1.821148,0.012210152
0.15727438,75.360641,1.9280976,-1.557058,-0.50728971,1.9160475,0.012050113
0.15730922,75.377336,1.8982381,-1.5335079,-0.49844602,1.8862718,0.011966285
0.15740243,75.422,1.7756757,-1.4496588,-0.47114748,1.7639444,0.011731302
0.1574375,75.438803,1.7136056,-1.4223327,-0.46549728,1.7019554,0.011650251
0.15751959,75.478138,1.692451,-1.3752578,-0.45293598,1.6809526,0.011498364
0.15756666,75.500691,1.7720582,-1.3703495,-0.44914968,1.7606378,0.01142048
0.15764931,75.540294,1.9563447,-1.3429501,-0.42373915,1.9451086,0.011236098
0.15768485,75.557323,1.9509627,-1.3220367,-0.41345507,1.9398266,0.011136059
0.15776801,75.597171,1.9394003,-1.2783808,-0.3941893,1.928525,0.010875245
0.15781568,75.620014,1.8742344,-1.244229,-0.38306595,1.8635171,0.010717333
0.15789939,75.660122,1.7578707,-1.195962,-0.37003992,1.7474099,0.010460869
0.15793536,75.677359,1.7138958,-1.176778,-0.36488389,1.70353,0.010365788
0.15801954,75.717696,1.6456125,-1.1426188,-0.3577763,1.6354223,0.010190192
0.1580678,75.740821,1.6445408,-1.1359675,-0.35711837,1.6344282,0.010112569
0.15815249,75.7814,1.7776724,-1.135971,-0.35010316,1.7677042,0.0099681845
0.15818883,75.798816,1.8548693,-1.130841,-0.34181732,1.8449822,0.00988713
0.15827376,75.839508,1.9653999,-1.1030056,-0.31803358,1.9557522,0.0096477319
0.15832245,75.862841,1.9702689,-1.0852935,-0.30697819,1.9607729,0.0094960544
0.15839572,75.897951,1.9328142,-1.0595351,-0.29418547,1.9235431,0.0092710497
0.15844466,75.9214,1.9014196,-1.0403966,-0.28505863,1.8922879,0.0091316776
0.15853046,75.962513,1.8565967,-1.0219865,-0.27532271,1.8476903,0.0089064396
0.15856729,75.980161,1.7952688,-0.99886454,-0.26749681,1.7864493,0.0088195633
0.15865335,76.021395,1.7186531,-0.97327094,-0.25658762,1.7100194,0.0086336728
0.15869027,76.039086,1.6478179,-0.95775807,-0.25218948,1.6392582,0.0085597029
0.15877654,76.080425,1.536046,-0.92329422,-0.24062543,1.5276513,0.0083947811
0.15881355,76.098161,1.5356602,-0.92602911,-0.24004278,1.5273335,0.0083267059
0.15889996,76.139562,1.4328802,-0.9150123,-0.23901228,1.4247009,0.0081792522
0.15893703,76.157325,1.4301341,-0.91944953,-0.23998916,1.4220101,0.008124053
0.15902352,76.198771,1.4357767,-0.9407056,-0.2460172,1.4277667,0.0080099524
0.15907295,76.222455,1.4766243,-0.94633734,-0.24359324,1.4686718,0.0079524797
0.15914709,76.25798,1.5814569,-0.97847588,-0.24702791,1.5735966,0.0078602958
0.15919652,76.281664,1.6909553,-1.0064432,-0.24902878,1.6831696,0.0077857601
0.15927066,76.31719,1.8001271,-1.018712,-0.24106948,1.7924744,0.0076526218
0.15932004,76.340854,1.8023065,-1.0140017,-0.23433791,1.794751,0.0075554878
0.1594064,76.382234,1.7548803,-0.99581523,-0.2214011,1.7474871,0.0073932149
0.15944337,76.399949,1.7165426,-0.9936303,-0.21962637,1.7092158,0.0073267633
0.15952957,76.441251,1.6187274,-0.97164593,-0.20858078,1.6115347,0.0071926885
0.15956646,76.458927,1.6013624,-0.9783078,-0.2100437,1.5942216,0.0071407546
0.15965243,76.500122,1.5441863,-0.97166756,-0.203072,1.5371549,0.007031461
0.15968921,76.517748,1.501455,-0.96999837,-0.20197981,1.4944646,0.006990445
0.15977494,76.558824,1.4344142,-0.95461904,-0.19159292,1.4275012,0.0069130061
0.15982383,76.582253,1.3971949,-0.94905132,-0.18743932,1.3903182,0.0068767542
0.15989705,76.617337,1.3445035,-0.94272996,-0.18132959,1.3376718,0.0068317353
0.15994576,76.640676,1.3149965,-0.92704249,-0.17286374,1.3081874,0.006809124
0.16003079,76.68142,1.2526405,-0.91941225,-0.16579656,1.2458587,0.0067818283
0.16006716,76.698845,1.2322638,-0.92144321,-0.16505304,1.2254903,0.0067735084
0.16015182,76.739416,1.1452169,-0.91191032,-0.1586933,1.1384472,0.0067697153
0.16020006,76.762531,1.114179,-0.90748027,-0.1542721,1.1074039,0.0067751596
0.16027226,76.797125,1.1036856,-0.92067267,-0.15630757,1.0968993,0.0067862403
0.16032024,76.820115,1.0911463,-0.93406625,-0.1598944,1.0843504,0.0067958301
0.16040394,76.860222,1.1057537,-0.95329699,-0.16293236,1.0989396,0.0068141431
0.1604397,76.877358,1.1059347,-0.95685392,-0.16215646,1.0991111,0.0068236481
0.1605229,76.917225,1.1962468,-0.98121744,-0.16317112,1.1894075,0.0068392896
0.16057025,76.939913,1.3066452,-1.0073789,-0.16373832,1.2998143,0.0068308331
0.16065282,76.979476,1.379355,-1.0197534,-0.15340525,1.3725696,0.0067853446
0.16069982,77.001996,1.3593318,-1.0089484,-0.14219498,1.3525794,0.0067524471
0.1607817,77.041232,1.2383562,-0.98203983,-0.12614999,1.2316525,0.0067036893
0.16081668,77.057991,1.2171128,-0.97628262,-0.12205879,1.210426,0.0066867693
0.16090946,77.10245,1.1051368,-0.97175854,-0.11561292,1.0984857,0.0066510195
0.1609441,77.11905,1.0587448,-0.97494912,-0.11627417,1.0521024,0.0066424171
0.16102466,77.157651,1.0543425,-0.99665172,-0.1226159,1.0477121,0.0066303087
0.16107051,77.179621,1.107567,-1.0250372,-0.13063486,1.100949,0.0066179579
0.16115038,77.217892,1.3611016,-1.1025613,-0.14437325,1.3545366,0.006565007
0.16119583,77.23967,1.4741054,-1.1317365,-0.14390059,1.4676041,0.0065012521
0.16127503,77.27762,1.4217386,-1.1258033,-0.13219065,1.4153688,0.0063697368
0.1613201,77.299216,1.3345603,-1.1141494,-0.12722995,1.3282573,0.006303023
0.16140984,77.342213,1.2077598,-1.1198305,-0.13555201,1.2015625,0.0061972969
0.16144336,77.358277,1.21916,-1.1436212,-0.14635803,1.212998,0.0061619724
0.16153244,77.40096,1.5646494,-1.2584758,-0.17561971,1.55862,0.0060294012
0.16157679,77.42221,1.6814608,-1.2900423,-0.17565005,1.6755382,0.0059226711
0.16165413,77.459273,1.5260914,-1.2770791,-0.16834938,1.5203627,0.0057286198
0.16169818,77.480379,1.4026406,-1.274298,-0.17372694,1.3970045,0.0056361308
0.16178598,77.522449,1.4633424,-1.3535318,-0.21122088,1.457865,0.005477427
0.1618188,77.538174,1.6136458,-1.4023587,-0.22521748,1.6082373,0.0054084694
0.16190606,77.579988,1.8217691,-1.4624707,-0.22584103,1.8166107,0.0051583993
0.16194955,77.600828,1.664358,-1.4372311,-0.2182634,1.6593232,0.0050348503
0.16203628,77.642383,1.4859468,-1.4776793,-0.25659646,1.4810952,0.0048515993
0.16206872,77.657927,1.5847999,-1.5205324,-0.2742009,1.5800094,0.0047905169
0.16215501,77.699277,1.9536985,-1.6100425,-0.28629215,1.9491227,0.0045758024
0.16219805,77.719899,1.9093677,-1.6056332,-0.27834535,1.904921,0.0044466882
0.16228388,77.761028,1.5443223,-1.5939128,-0.29811005,1.5400672,0.0042550804
0.16232673,77.781557,1.5804401,-1.6319844,-0.3217122,1.5762509,0.0041892044
0.16241224,77.822533,1.9668096,-1.7235223,-0.34112747,1.962782,0.0040275346
0.16244424,77.837867,2.0156634,-1.738372,-0.33900071,2.0117154,0.0039479692
0.16252948,77.87871,1.6461856,-1.6896569,-0.3336634,1.642423,0.0037625232
0.16257205,77.899107,1.541676,-1.6981449,-0.35338669,1.5379677,0.0037082941
0.16265705,77.939839,1.8278947,-1.7783065,-0.38311521,1.8242903,0.0036044283
0.16269952,77.960186,1.9395877,-1.7914873,-0.37434932,1.9360558,0.0035318449
0.16278445,78.00088,1.592822,-1.7206693,-0.35579708,1.5894214,0.0034005972
0.16282691,78.021228,1.4594235,-1.7094297,-0.36879923,1.4560425,0.0033809994
0.16291184,78.061922,1.6112814,-1.7533989,-0.39309428,1.6078911,0.0033902448
0.1629543,78.082269,1.7727642,-1.7676458,-0.38984722,1.7693594,0.0034048524
0.16302861,78.117877,1.602623,-1.7124318,-0.37177764,1.5991508,0.0034721831
0.16307108,78.138224,1.3604538,-1.6852816,-0.38396713,1.3568652,0.0035886154
0.16316167,78.181636,1.5158967,-1.7327983,-0.42713393,1.5118785,0.0040181451
0.16319843,78.199248,1.6270426,-1.7616819,-0.44196259,1.6228089,0.0042336127
0.1632866,78.241498,1.629068,-1.7795249,-0.46712875,1.6242596,0.0048083207
0.16332147,78.258206,1.5753655,-1.7856162,-0.48365665,1.5703068,0.0050586601
0.16340907,78.300178,1.6593121,-1.8585903,-0.5406608,1.6535884,0.0057237374
0.16345312,78.321289,1.767836,-1.9130171,-0.57002138,1.7617725,0.0060635289
0.16353241,78.359281,1.841311,-1.9664533,-0.60228423,1.8346376,0.0066733713
0.16357598,78.380155,1.7766693,-1.9760133,-0.61810176,1.7696545,0.0070148339
0.16366121,78.420996,1.7809886,-2.0253676,-0.65767681,1.773283,0.0077056064
0.16370284,78.440943,1.858877,-2.0657615,-0.67768044,1.8508361,0.008040865
0.1637843,78.479976,1.9166126,-2.1072055,-0.69865523,1.9079456,0.0086669819
0.16382415,78.499071,1.8662894,-2.1074423,-0.70442248,1.8573237,0.0089657317
0.16391036,78.540382,1.8399044,-2.1262641,-0.72390623,1.830296,0.0096083626
0.16394902,78.558905,1.8752018,-2.1522938,-0.7369698,1.8653159,0.0098859145
0.16403367,78.599466,1.8935172,-2.1725226,-0.7471645,1.8830759,0.010441298
0.1640799,78.621618,1.861804,-2.1649029,-0.74736749,1.8510818,0.010722223
0.16415774,78.658916,1.8710151,-2.1937522,-0.76497083,1.8598532,0.0111619
0.16420536,78.681734,1.8952813,-2.2113491,-0.77223868,1.8838853,0.011395928
0.16428765,78.721165,1.8390933,-2.1887637,-0.76529504,1.8273511,0.011742237
0.16433076,78.741822,1.856729,-2.2035431,-0.77343553,1.8448192,0.011909769
0.16441332,78.781382,1.8840789,-2.2081888,-0.77195426,1.8719037,0.012175175
0.16445268,78.800244,1.8220207,-2.1899178,-0.76758577,1.8097416,0.012279065
0.16453781,78.841032,1.8702704,-2.197079,-0.77229074,1.8577681,0.012502316
0.16458158,78.862009,1.9319699,-2.2020479,-0.76894077,1.9193777,0.012592172
0.1646583,78.898768,1.7896517,-2.1615642,-0.75717294,1.7769469,0.012704818
0.16470228,78.919844,1.7651981,-2.1479801,-0.75442252,1.7524234,0.012774738
0.16479025,78.961996,1.9038067,-2.1563964,-0.74941737,1.8909057,0.012901057
0.1648233,78.977831,1.8483319,-2.1404883,-0.74419337,1.8354032,0.012928712
0.16491172,79.0202,1.7506515,-2.0858101,-0.72738037,1.7376572,0.012994394
0.16495593,79.041385,1.8170579,-2.0868902,-0.72582461,1.8040286,0.013029345
0.16503356,79.078578,1.8545791,-2.069137,-0.7135629,1.8415165,0.013062702
0.16507802,79.099883,1.7790791,-2.0379515,-0.703652,1.7660121,0.013066929
0.16516701,79.142525,1.7569491,-1.993706,-0.68966553,1.7438771,0.013071943
0.16520056,79.158603,1.8194148,-1.9959013,-0.68782787,1.8063446,0.013070185
0.16529004,79.201477,1.822336,-1.9505021,-0.66484765,1.8093058,0.013030215
0.16532359,79.217554,1.7788857,-1.9255802,-0.65600251,1.7658801,0.013005699
0.16541368,79.260724,1.7165683,-1.8708954,-0.64065036,1.7036269,0.012941427
0.16545873,79.282308,1.8161512,-1.8667248,-0.63598426,1.8032445,0.012906704
0.16553791,79.320249,1.875799,-1.8352332,-0.61812785,1.8629921,0.012806948
0.16558331,79.342001,1.7986691,-1.7892001,-0.60141064,1.7859309,0.012738235
0.16566275,79.380067,1.72269,-1.7207149,-0.58282169,1.71006,0.012630027
0.16570845,79.401965,1.7624338,-1.7055483,-0.57753842,1.7498535,0.012580264
0.1657886,79.440371,1.8819398,-1.6998336,-0.56681421,1.8694721,0.012467631
0.1658344,79.462317,1.903289,-1.6675392,-0.55042885,1.8909076,0.012381407
0.16591504,79.500956,1.7733759,-1.5899582,-0.52588489,1.7611576,0.012218283
0.16594976,79.517591,1.7302752,-1.5610905,-0.51909799,1.7181223,0.012152927
0.16604233,79.561951,1.7393764,-1.5157018,-0.50734718,1.7273636,0.012012779
0.16607705,79.578585,1.8334889,-1.5136724,-0.50167693,1.8215295,0.011959475
0.16615884,79.61778,1.9519395,-1.48195,-0.47799642,1.9401555,0.011783987
0.16620577,79.640263,1.9368066,-1.4503382,-0.46439567,1.9251464,0.011660216
0.16628788,79.679609,1.8236754,-1.3806697,-0.44206642,1.8122422,0.011433197
0.1663348,79.702093,1.7372481,-1.3522395,-0.43775411,1.7259381,0.011309953
0.16641692,79.741439,1.6898881,-1.2991775,-0.42193777,1.6787611,0.011126964
0.16645211,79.758302,1.6894079,-1.2880091,-0.41985143,1.678345,0.01106296
0.16653618,79.798585,1.8555018,-1.2838585,-0.41075315,1.8445933,0.010908498
0.16658422,79.821604,1.9374407,-1.2597917,-0.3930882,1.9266486,0.010792074
0.16666829,79.861887,1.9720967,-1.2187872,-0.36995545,1.9615552,0.010541509
0.16670431,79.879151,1.9508309,-1.2019643,-0.36302059,1.9404083,0.010422649
0.16678838,79.919434,1.8997019,-1.1564144,-0.34411392,1.8895612,0.010140626
0.16683642,79.942453,1.8573114,-1.1308073,-0.33451327,1.8473203,0.0099910621
0.16692049,79.982736,1.7257686,-1.0796879,-0.31995492,1.7159981,0.0097705376
0.16695652,80,1.7041534,-1.0705809,-0.31704101,1.6944618,0.0096916547
0.16704169,80.04081,1.6089924,-1.0428814,-0.31284548,1.5994614,0.0095309381
0.16707828,80.058343,1.5999278,-1.0392789,-0.31294572,1.5904607,0.0094670954
0.16716383,80.099335,1.6458826,-1.044452,-0.31288386,1.6365643,0.009318313
0.16721282,80.12281,1.7049575,-1.0447003,-0.30852311,1.6957344,0.009223125
0.16728644,80.158086,1.8398159,-1.0584596,-0.30219168,1.8307577,0.0090582151
0.16733559,80.181638,1.9307879,-1.0534184,-0.29052515,1.9218546,0.0089333324
0.16742174,80.222917,1.9493958,-1.0290626,-0.27182779,1.9406875,0.0087083528
0.1674587,80.240625,1.9140612,-1.0142948,-0.2646494,1.9054478,0.0086133231
0.16754501,80.281986,1.8697112,-0.99969855,-0.25557,1.8613062,0.0084050174
0.16758204,80.299726,1.8409173,-0.99541207,-0.25279487,1.8325985,0.00831874
0.16766848,80.341145,1.7656373,-0.97541168,-0.24231675,1.757506,0.0081312462
0.16770554,80.358903,1.7267246,-0.97318233,-0.24186027,1.7186693,0.0080552846
0.16779205,80.400358,1.6474971,-0.94982313,-0.22975446,1.639611,0.007886106
0.16782913,80.418124,1.6194821,-0.9337733,-0.22072926,1.6116629,0.0078192262
0.16791564,80.459578,1.5265695,-0.91901583,-0.21349335,1.5188956,0.0076739664
0.16795272,80.477344,1.4600463,-0.90771313,-0.21007597,1.4524298,0.007616482
0.16803918,80.518773,1.3874029,-0.89499325,-0.20294026,1.3799073,0.0074956365
0.16808855,80.542432,1.3646779,-0.89135515,-0.19944765,1.3572425,0.0074354514
0.16816258,80.577905,1.3109766,-0.89354032,-0.20027953,1.3036207,0.0073559326
0.1682119,80.601534,1.289973,-0.90173405,-0.20277624,1.2826623,0.0073106972
0.1682981,80.64284,1.2788811,-0.91384425,-0.20513201,1.2716336,0.0072475126
0.16833501,80.660525,1.2958299,-0.92815349,-0.2086346,1.2886055,0.0072243895
0.16842101,80.701735,1.321173,-0.9442703,-0.20979973,1.3139938,0.0071791151
0.16845782,80.719371,1.3719064,-0.96311362,-0.21268519,1.3647475,0.0071589228
0.16854356,80.760454,1.4793297,-0.99889173,-0.21618094,1.4722274,0.0071023233
0.16858025,80.778035,1.547499,-1.0134694,-0.21544136,1.5404285,0.0070705018
0.16866568,80.818973,1.5906859,-1.0188628,-0.20691727,1.5837011,0.0069848699
0.1687144,80.842316,1.5494994,-1.0044121,-0.19727277,1.5425625,0.0069368588
0.1687873,80.877247,1.5107786,-0.99088549,-0.18594302,1.5039039,0.0068747521
0.16883579,80.900482,1.4458986,-0.97563732,-0.1781935,1.4390573,0.0068413029
0.1689204,80.941027,1.3946987,-0.96998269,-0.17083169,1.3879016,0.0067970538
0.16895658,80.958359,1.4274936,-0.9687755,-0.16828215,1.4207149,0.0067786398
0.16904075,80.998691,1.3512218,-0.96114793,-0.1612749,1.3444855,0.0067362732
0.16908868,81.02166,1.3267865,-0.9620655,-0.15826737,1.3200681,0.0067183724
0.16917228,81.061717,1.2551261,-0.9517126,-0.1492103,1.2484307,0.0066954109
0.16920799,81.078829,1.2168876,-0.94492387,-0.14449327,1.2101951,0.0066925686
0.16929105,81.11863,1.1598505,-0.94030096,-0.13739108,1.1531555,0.0066949944
0.16933835,81.141294,1.0952969,-0.93576299,-0.13463311,1.0885951,0.0067018395
0.16942079,81.180795,1.0815059,-0.95394825,-0.13636777,1.0747864,0.0067194581
0.169456,81.197665,1.0602807,-0.9595622,-0.13743069,1.0535533,0.0067274475
0.16954949,81.242464,1.098061,-0.9890825,-0.14208996,1.0913145,0.0067464923
0.16958441,81.259194,1.1578135,-1.0069019,-0.14457375,1.1510672,0.0067462543
0.16966555,81.298078,1.3931359,-1.0632621,-0.14729197,1.3864365,0.0066994224
0.16971172,81.320199,1.4115693,-1.0653971,-0.13913879,1.4049219,0.0066473206
0.16979215,81.358741,1.3011351,-1.0418826,-0.12342222,1.2945701,0.0065649501
0.16983792,81.380669,1.2512735,-1.0351472,-0.11798479,1.2447443,0.0065291285
0.16991766,81.418877,1.1369509,-1.0283832,-0.11588796,1.1304699,0.0064809933
0.16996303,81.440618,1.1269739,-1.047458,-0.12418411,1.1205179,0.0064560298
0.1700421,81.478505,1.2565141,-1.114075,-0.14469616,1.2501128,0.006401288
0.17008711,81.500072,1.4432262,-1.1637837,-0.1517307,1.4368802,0.0063460412
0.17016555,81.537659,1.5677026,-1.2036091,-0.15102006,1.5615068,0.0061957971
0.17021019,81.559048,1.4980045,-1.1896764,-0.1430274,1.4918972,0.0061073029
0.17029913,81.601666,1.3201026,-1.1882818,-0.14994896,1.3141436,0.0059589446
0.17033237,81.617592,1.3035554,-1.2074491,-0.1606793,1.2976442,0.0059111455
0.17042069,81.659914,1.5758179,-1.3178551,-0.19498571,1.5700572,0.0057607316
0.17046468,81.680995,1.7480136,-1.3651839,-0.1991573,1.7423657,0.0056479005
0.17054144,81.717771,1.6323604,-1.3604419,-0.19275323,1.6269276,0.0054327847
0.17058515,81.738719,1.4992387,-1.3543078,-0.19732947,1.4939104,0.0053282951
0.1706723,81.780479,1.5345156,-1.4354452,-0.2405853,1.5293616,0.0051540624
0.17071574,81.801294,1.7501152,-1.4932269,-0.25437839,1.7450596,0.0050555811
0.17079156,81.837624,1.9058693,-1.5414457,-0.25474583,1.9010395,0.0048297643
0.17083477,81.858328,1.7405613,-1.5161443,-0.24726963,1.7358567,0.0047045679
0.17092095,81.89962,1.5304221,-1.5522065,-0.28658624,1.525897,0.0045250626
0.17096393,81.920218,1.6871686,-1.6070034,-0.3079917,1.682722,0.0044465739
0.17104971,81.961317,2.0087883,-1.682636,-0.31425728,2.0045529,0.0042354104
0.1710925,81.981824,1.9036429,-1.6633639,-0.30328003,1.8995273,0.0041156241
0.17116725,82.017639,1.5620479,-1.6482017,-0.32314065,1.5580822,0.0039656919
0.17120989,82.038074,1.6137868,-1.6798275,-0.34371689,1.6098808,0.0039060176
0.17129506,82.078884,1.9636982,-1.7674021,-0.36437808,1.9599368,0.0037613779
0.17133759,82.099264,1.9971673,-1.7744519,-0.35675577,1.9935022,0.0036650537
0.17142254,82.139969,1.5765618,-1.7122787,-0.35402516,1.5730495,0.0035123679
0.17146499,82.160306,1.5362575,-1.7244828,-0.37137824,1.5327847,0.0034727419
0.17154983,82.200959,1.8072774,-1.7886954,-0.39191438,1.803878,0.0033993213
0.17159224,82.221282,1.8802392,-1.7872416,-0.37960695,1.876887,0.003352195
0.17167707,82.261929,1.4632902,-1.6995136,-0.36332558,1.4599801,0.003310124
0.17171948,82.282252,1.3223297,-1.6931658,-0.37733752,1.3189727,0.0033569971
0.17179374,82.317834,1.5509643,-1.7304245,-0.4011236,1.5474499,0.0035143453
0.1718362,82.338181,1.7289268,-1.7470008,-0.40183826,1.72529,0.0036368494
0.17192511,82.380781,1.5265959,-1.7218132,-0.41568254,1.52257,0.0040258224
0.17196146,82.398197,1.4743848,-1.720275,-0.43010952,1.4701368,0.0042480197
0.17204949,82.440379,1.6215928,-1.7983682,-0.48764206,1.6167224,0.0048703376
0.17209329,82.461369,1.7192821,-1.8394233,-0.51097091,1.7140898,0.0051922857
0.17217261,82.499377,1.7253495,-1.8787317,-0.54464968,1.7195748,0.0057746859
0.17221689,82.520591,1.6767627,-1.8929891,-0.56546692,1.6706453,0.0061174326
0.17229634,82.558663,1.7536956,-1.9638748,-0.61431709,1.746933,0.0067626418
0.17233986,82.579516,1.8520071,-2.01076,-0.63743188,1.8448921,0.0071150126
0.17242497,82.620297,1.8805811,-2.053181,-0.66329408,1.8727967,0.0077844315
0.17246651,82.640202,1.8239277,-2.057671,-0.67405341,1.8158161,0.0081116475
0.17254774,82.679128,1.8390084,-2.0990392,-0.70395709,1.8302532,0.0087551299
0.17258756,82.698206,1.8847696,-2.1279183,-0.71806442,1.8757073,0.0090622226
0.17267364,82.739453,1.8922686,-2.1486006,-0.73010696,1.8825808,0.0096877556
0.17271996,82.761647,1.859866,-2.1448588,-0.73337856,1.8498546,0.010011433
0.17279683,82.798481,1.8723328,-2.1759901,-0.75313852,1.8618085,0.010524293
0.1728431,82.820653,1.9016207,-2.1989524,-0.76313035,1.8908157,0.010804987
0.17292896,82.861795,1.8550769,-2.1845567,-0.75991704,1.8438148,0.011262044
0.1729688,82.880882,1.8552461,-2.1989942,-0.76897745,1.8437888,0.011457373
0.17305146,82.920489,1.8879464,-2.2211235,-0.77781628,1.8761393,0.011807113
0.17309486,82.941287,1.8438311,-2.1991941,-0.76904571,1.831871,0.011960093
0.17317805,82.981149,1.8655768,-2.2116537,-0.77725681,1.853342,0.012234804
0.1732178,83.000197,1.9176615,-2.2189149,-0.77637444,1.9053191,0.012342333
0.17330351,83.041266,1.7911729,-2.1836531,-0.76633351,1.7786468,0.012526146
0.17334729,83.062245,1.7993423,-2.1767971,-0.76549742,1.7867189,0.012623439
0.17342403,83.099013,1.9128836,-2.1939504,-0.76519915,1.9001238,0.012759747
0.17346794,83.120056,1.8112134,-2.1671326,-0.75663243,1.798405,0.012808454
0.17355594,83.16222,1.7714178,-2.1285939,-0.74447639,1.758506,0.012911783
0.173589,83.178061,1.8426415,-2.1376154,-0.74480193,1.8296876,0.012953965
0.17367731,83.22038,1.8039392,-2.1083747,-0.73099248,1.7909172,0.01302199
0.17372156,83.241583,1.7459484,-2.0792477,-0.723015,1.7329064,0.013042018
0.17379915,83.278759,1.8024312,-2.0611748,-0.71506201,1.7893536,0.013077633
0.17384357,83.300045,1.8713061,-2.0605759,-0.70984322,1.8582145,0.01309151
0.17392148,83.337377,1.7829054,-2.0060676,-0.6884496,1.7698196,0.013085752
0.17396611,83.358762,1.7352666,-1.9736977,-0.67826111,1.7221922,0.013074444
0.1740556,83.401643,1.8157945,-1.9572036,-0.67112881,1.8027437,0.013050773
0.17408924,83.417763,1.8670704,-1.9489585,-0.66396315,1.8540404,0.013029949
0.17417918,83.460859,1.77428,-1.879446,-0.63692669,1.7613392,0.012940846
0.17422428,83.482467,1.7099131,-1.8437994,-0.62792293,1.6970195,0.012893645
0.17430342,83.520387,1.7769848,-1.8182429,-0.61868981,1.7641623,0.012822429
0.17434876,83.542113,1.8745327,-1.8156234,-0.612801,1.8617637,0.012769005
0.17442834,83.580247,1.8345092,-1.7558825,-0.58626972,1.821867,0.012642206
0.17447395,83.602101,1.7623292,-1.7091495,-0.57201946,1.7497646,0.012564588
0.17455402,83.640469,1.7113242,-1.6431099,-0.55365319,1.6988706,0.012453602
0.17459992,83.66246,1.7909524,-1.6489957,-0.55463097,1.7785529,0.012399428
0.17468049,83.70107,1.9109532,-1.6226263,-0.53401419,1.8986916,0.012261599
0.17471513,83.717665,1.8886856,-1.6005898,-0.52530795,1.8764985,0.012187039
0.17480779,83.762064,1.7600456,-1.5169019,-0.49846006,1.748071,0.011974641
0.17484265,83.778768,1.7289678,-1.4825051,-0.48785266,1.7170665,0.011901251
0.17492425,83.81787,1.6955642,-1.439751,-0.47874951,1.6838009,0.011763363
0.17497104,83.840289,1.8094629,-1.4399698,-0.47446829,1.7977746,0.011688294
0.1750532,83.879657,1.9418907,-1.4002178,-0.44623718,1.9303862,0.011504455
0.1751003,83.902225,1.9496559,-1.3717565,-0.43206773,1.938283,0.011372822
0.17518301,83.941858,1.8662931,-1.3188197,-0.41475768,1.855172,0.011121071
0.17521857,83.958897,1.7926111,-1.2885825,-0.40642583,1.7815975,0.011013542
0.1753018,83.99878,1.7033887,-1.2433452,-0.3955562,1.6926043,0.010784391
0.17534953,84.021648,1.6641786,-1.2222143,-0.39108769,1.6535006,0.010678085
0.17543331,84.061793,1.6936977,-1.1984619,-0.38310288,1.6831668,0.01053086
0.17546932,84.07905,1.7831219,-1.2016266,-0.3793423,1.7726554,0.010466517
0.17555359,84.119429,1.9202685,-1.177366,-0.35844148,1.9099997,0.010268799
0.17560188,84.14257,1.9721223,-1.1587019,-0.3443414,1.9619982,0.010124139
0.17567448,84.177355,1.9628938,-1.125914,-0.32759059,1.9530064,0.0098873847
0.175723,84.200605,1.9210674,-1.104716,-0.31907656,1.9113384,0.0097290166
0.17580815,84.241405,1.87181,-1.0681702,-0.30277081,1.8623387,0.0094713375
0.17584473,84.258932,1.8224674,-1.0465813,-0.29482886,1.8130951,0.0093722685
0.17593023,84.299904,1.7238226,-1.0096171,-0.28237196,1.7146499,0.009172703
0.17596695,84.317497,1.6709762,-0.9958654,-0.27845163,1.661879,0.0090972291
0.1760528,84.358632,1.5928219,-0.97284449,-0.27219966,1.5838921,0.0089297924
0.17610193,84.382174,1.5325739,-0.96143069,-0.27103421,1.5237372,0.0088366858
0.17617574,84.417544,1.5273654,-0.96622303,-0.27259361,1.5186633,0.0087020678
0.17622502,84.441155,1.510694,-0.96909338,-0.27401623,1.5020723,0.0086217034
0.17631136,84.482525,1.6241257,-0.99459518,-0.2746293,1.6156366,0.0084890763
0.17634838,84.500266,1.7034042,-1.0030938,-0.27079366,1.6949772,0.0084269662
0.17643487,84.541707,1.8687743,-1.0200879,-0.26119248,1.8605166,0.0082577003
0.17647193,84.559467,1.8878832,-1.0228657,-0.25815292,1.8797078,0.0081753739
0.17655842,84.600907,1.8758118,-1.0013166,-0.24172795,1.8678305,0.0079813092
0.17659548,84.618667,1.8379604,-0.99835232,-0.23965033,1.8300629,0.0078975299
0.17668196,84.660108,1.7485486,-0.98014345,-0.23053937,1.7408297,0.0077189036
0.17671903,84.677868,1.7328514,-0.98063038,-0.22905522,1.7252049,0.0076464842
0.17680547,84.719289,1.6556298,-0.97394804,-0.22404441,1.6481441,0.0074856531
0.17685484,84.742942,1.6043974,-0.95853323,-0.21628196,1.596992,0.0074054473
0.17692883,84.778396,1.549638,-0.95424328,-0.21205873,1.5423444,0.0072936443
0.17697811,84.80201,1.5284698,-0.94567383,-0.20479638,1.5212442,0.0072255999
0.17705196,84.837397,1.4424734,-0.92564237,-0.19498146,1.4353363,0.0071370962
0.17710114,84.860964,1.4023649,-0.91887133,-0.19006355,1.3952795,0.0070853789
0.1771871,84.90215,1.3356639,-0.91190951,-0.18416611,1.3286506,0.0070132954
0.17722388,84.919776,1.2780487,-0.90001432,-0.17992425,1.27106,0.0069887404
0.17730958,84.96084,1.2029045,-0.89529886,-0.17517531,1.195961,0.0069435531
0.17734625,84.978412,1.1857662,-0.89259055,-0.17185814,1.1788356,0.006930674
0.17743165,85.019333,1.1364969,-0.89994339,-0.1726246,1.129587,0.0069099525
0.17748035,85.042668,1.1273644,-0.91216643,-0.17586176,1.1204595,0.0069048846
0.17755325,85.0776,1.1091847,-0.92145971,-0.17694427,1.1022788,0.00690585
0.17760174,85.100832,1.122054,-0.93233304,-0.17856618,1.1151439,0.006910096
0.17768638,85.141389,1.1506225,-0.94899543,-0.17979938,1.1436999,0.0069226263
0.17772256,85.158728,1.2060347,-0.96522933,-0.18238299,1.1991083,0.0069264311
0.17780677,85.199078,1.3596078,-1.0005799,-0.18323312,1.3526922,0.0069155969
0.17785474,85.222063,1.4262359,-1.0123908,-0.17943146,1.4193426,0.0068933068
0.1779384,85.262152,1.4213607,-1.0018921,-0.16401306,1.41452,0.0068406511
0.17797414,85.279277,1.4055677,-0.99668722,-0.15744281,1.3987487,0.0068190438
0.17805725,85.319097,1.3770276,-0.96971207,-0.14099943,1.370254,0.0067736433
0.17810455,85.341764,1.3152927,-0.9655331,-0.13699179,1.3085476,0.0067450367
0.17818701,85.381275,1.2413429,-0.96826384,-0.13174922,1.2346349,0.0067080584
0.17822222,85.398145,1.1835914,-0.96257311,-0.12846623,1.176895,0.0066963893
0.17830404,85.437354,1.1054126,-0.96080917,-0.12350936,1.0987332,0.006679459
0.17835059,85.459658,1.0433297,-0.9608011,-0.12207095,1.0366529,0.0066767284
0.17843169,85.498519,1.011536,-0.98420638,-0.12762481,1.0048565,0.0066794573
0.17847786,85.520639,1.0777085,-1.0025175,-0.13182114,1.0710278,0.006680666
0.17855832,85.559193,1.3098508,-1.069874,-0.14305236,1.3032006,0.0066502178
0.17860408,85.581123,1.4435641,-1.1062379,-0.14484198,1.4369639,0.0066002584
0.17868385,85.619344,1.4141798,-1.0990214,-0.13013575,1.4076947,0.0064851624
0.17872922,85.641084,1.3430937,-1.0866411,-0.12313919,1.3366691,0.0064245799
0.17880831,85.678981,1.2106588,-1.0751998,-0.12059379,1.2043208,0.00633804
0.17885331,85.700546,1.1833834,-1.0933701,-0.13032187,1.1770863,0.0062970937
0.17893177,85.738139,1.3047775,-1.1634389,-0.15457154,1.2985586,0.0062189891
0.17897643,85.759542,1.5221968,-1.2211467,-0.16454568,1.5160487,0.0061480879
0.17906538,85.802159,1.6079979,-1.2588472,-0.1632026,1.6020563,0.005941564
0.17909862,85.818087,1.5232692,-1.2467776,-0.15891446,1.5174042,0.0058650148
0.17918694,85.860408,1.3504582,-1.2543268,-0.17229159,1.3447628,0.0056953402
0.17923093,85.881488,1.3858773,-1.2980811,-0.19229641,1.3802558,0.0056214823
0.1793077,85.918274,1.7504956,-1.4074864,-0.2179591,1.7450406,0.005454933
0.17935143,85.939226,1.8334145,-1.4381709,-0.21947734,1.8280877,0.0053267422
0.1794386,85.980995,1.5442527,-1.4090897,-0.21545937,1.539165,0.0050876869
0.17948204,86.001812,1.4721918,-1.43157,-0.23452679,1.4671944,0.0049973536
0.17955787,86.038146,1.6755866,-1.5246702,-0.2729844,1.6707403,0.0048463415
0.17960109,86.058855,1.9165508,-1.5790672,-0.27951309,1.9118165,0.0047342404
0.17968728,86.100157,1.7952279,-1.5731676,-0.26846596,1.7907483,0.004479613
0.17973027,86.120757,1.5790753,-1.5576777,-0.27595398,1.5746938,0.0043814931
0.17981606,86.161861,1.6489832,-1.6413976,-0.32613402,1.6447443,0.0042388565
0.17985886,86.182372,1.8926865,-1.6944972,-0.33581105,1.888532,0.0041545653
0.17993364,86.218201,1.9702716,-1.7107217,-0.32493038,1.9663059,0.0039656997
0.1799763,86.238643,1.7486478,-1.6838726,-0.32258664,1.7447809,0.0038668618
0.18006146,86.279451,1.5925168,-1.7004191,-0.35549711,1.5887707,0.0037461311
0.18010401,86.299838,1.7328882,-1.7500819,-0.37621066,1.7291966,0.0036915706
0.180189,86.340562,1.9614813,-1.7869824,-0.36685388,1.957944,0.0035373257
0.18023144,86.360899,1.7779257,-1.7438779,-0.35211574,1.7744673,0.0034583641
0.1803163,86.40156,1.4938695,-1.7197178,-0.37458744,1.4904794,0.0033900892
0.18035873,86.42189,1.5799351,-1.7434993,-0.38824911,1.5765566,0.0033784867
0.18043298,86.457467,1.8394131,-1.7793852,-0.38765613,1.8360485,0.0033646592
0.1804754,86.477798,1.7660649,-1.7483048,-0.37416705,1.7626999,0.0033649421
0.18056026,86.518458,1.3196719,-1.6783826,-0.38122434,1.3161621,0.0035097542
0.18060275,86.538818,1.3406234,-1.6933676,-0.40102352,1.3369563,0.0036671386
0.18069084,86.581028,1.6832601,-1.7637325,-0.43368609,1.6791596,0.0041005025
0.18072706,86.598384,1.6730877,-1.7683498,-0.44269709,1.6687747,0.0043130308
0.18081511,86.640572,1.5433052,-1.7699232,-0.47549278,1.5383901,0.0049151175
0.18085896,86.661584,1.5872916,-1.8100177,-0.50627962,1.5820452,0.0052463565
0.18093832,86.699612,1.7790598,-1.9012441,-0.55738174,1.7732111,0.0058487345
0.18098262,86.720839,1.8301191,-1.934627,-0.57736058,1.8239345,0.0061846169
0.18106206,86.758903,1.7372758,-1.9556948,-0.60753105,1.7304707,0.0068050952
0.18110552,86.779727,1.7435257,-1.9833171,-0.62973952,1.7363662,0.007159419
0.18119048,86.820439,1.8842921,-2.0642231,-0.67262009,1.8764427,0.0078493797
0.18123196,86.840317,1.9231143,-2.0888568,-0.6847024,1.9149419,0.0081723315
0.18131309,86.879191,1.8440954,-2.0960233,-0.699002,1.8353033,0.0087920744
0.18135286,86.898244,1.828353,-2.1041389,-0.70844887,1.8192567,0.0090962903
0.18143883,86.939441,1.8884146,-2.1567834,-0.73679469,1.8786792,0.0097353629
0.18148515,86.961637,1.9150538,-2.171771,-0.74333218,1.9050015,0.010052364
0.18156205,86.998483,1.8613926,-2.1627292,-0.74522784,1.8508453,0.010547251
0.18160835,87.020667,1.8603498,-2.1806548,-0.75712182,1.8495205,0.010829243
0.18169432,87.061862,1.8977477,-2.2102798,-0.77024116,1.8864584,0.011289315
0.18173425,87.080996,1.8674233,-2.1944541,-0.76369641,1.8559509,0.011472374
0.18181721,87.120748,1.8669537,-2.2124705,-0.77621052,1.85513,0.01182373
0.18186081,87.14164,1.8949877,-2.2238608,-0.77927581,1.8830064,0.011981288
0.1819445,87.181739,1.8196622,-2.1927089,-0.7690475,1.8074293,0.012232854
0.18198454,87.200924,1.8312657,-2.2007093,-0.77494956,1.8189171,0.012348593
0.18207065,87.242185,1.9146531,-2.2015318,-0.76791967,1.9021079,0.012545154
0.18210347,87.257914,1.8263764,-2.189406,-0.76657827,1.8137766,0.01259975
0.18219116,87.299929,1.8091696,-2.1678457,-0.76123732,1.7964111,0.012758453
0.18223509,87.320982,1.8950311,-2.1757665,-0.75880549,1.8822008,0.012830261
0.18231209,87.357877,1.7970916,-2.1417605,-0.74631491,1.784187,0.01290461
0.18235618,87.379004,1.7469881,-2.1154363,-0.73900184,1.7340441,0.012943987
0.18244452,87.421331,1.8588233,-2.1162192,-0.73475193,1.845789,0.013034322
0.18248879,87.442544,1.8622276,-2.1013504,-0.72641946,1.8491681,0.013059496
0.18256639,87.47973,1.7503202,-2.0442792,-0.70827595,1.7372417,0.013078492
0.18261083,87.501021,1.7424768,-2.0265156,-0.70317737,1.729388,0.013088792
0.18268876,87.538365,1.8700874,-2.023917,-0.69481625,1.8569938,0.013093582
0.18273341,87.559759,1.8346804,-1.991978,-0.68115316,1.8216002,0.01308021
0.18282293,87.602653,1.7105462,-1.9272529,-0.66142168,1.6975115,0.01303473
0.18285658,87.618779,1.7128592,-1.9122399,-0.65623398,1.6998406,0.013018646
0.18294655,87.66189,1.8796639,-1.9008868,-0.64431029,1.8667115,0.012952384
0.18298036,87.67809,1.8626508,-1.8811107,-0.63609823,1.8497396,0.012911146
0.1830708,87.721427,1.7293973,-1.7946235,-0.60707601,1.716606,0.012791352
0.18310483,87.737729,1.6866261,-1.7698124,-0.60100851,1.6738719,0.012754135
0.18319578,87.781313,1.8663547,-1.7622871,-0.59343574,1.8537008,0.012653931
0.18323,87.797708,1.8826032,-1.7504925,-0.58516543,1.8700031,0.012600079
0.18332152,87.841562,1.7925302,-1.6654799,-0.55356829,1.7800993,0.012430944
0.18335594,87.858053,1.756948,-1.6281995,-0.54109454,1.7445795,0.012368496
0.18344802,87.902175,1.7234705,-1.5785106,-0.53070199,1.7112337,0.01223679
0.18348267,87.91878,1.8106451,-1.5799681,-0.52774593,1.7984557,0.012189471
0.18356375,87.95763,1.9095713,-1.5535844,-0.50791481,1.8975374,0.012033927
0.18361024,87.979906,1.9018496,-1.5207227,-0.49331214,1.8899287,0.011920867
0.18369186,88.019015,1.7891281,-1.4461536,-0.46885955,1.7774171,0.011710952
0.18373867,88.041447,1.7179369,-1.4111434,-0.46129302,1.7063371,0.011599841
0.18382082,88.080811,1.6768168,-1.3642082,-0.44994696,1.6653721,0.011444676
0.18385616,88.097745,1.7598593,-1.3607123,-0.44594574,1.7484729,0.011386371
0.18393887,88.137377,1.9177282,-1.3391852,-0.42589336,1.9065144,0.01121375
0.18398628,88.160091,1.9647233,-1.308768,-0.40785489,1.9536391,0.011084177
0.18406957,88.200002,1.9464256,-1.2689278,-0.39034981,1.9356028,0.010822834
0.18410534,88.217144,1.8919385,-1.2389057,-0.37994241,1.8812354,0.010703113
0.18418909,88.257274,1.7697701,-1.1850078,-0.36420258,1.7593348,0.010435252
0.18423711,88.28028,1.727235,-1.1629513,-0.35779176,1.7169316,0.010303426
0.18432137,88.320657,1.6467364,-1.1265243,-0.35000631,1.6366155,0.010120856
0.18435763,88.33803,1.614715,-1.1194143,-0.35021364,1.6046561,0.010058874
0.18444235,88.378627,1.6882465,-1.1124878,-0.34527369,1.6783225,0.0099239856
0.18449086,88.401873,1.817679,-1.1191194,-0.33955943,1.8078515,0.009827536
0.18457585,88.442596,1.9404766,-1.1050736,-0.32105527,1.9308721,0.0096045388
0.18461237,88.460094,1.9713218,-1.0897387,-0.31030849,1.9618277,0.0094941306
0.18469791,88.501081,1.9392212,-1.055204,-0.29152934,1.9299875,0.0092337316
0.18473461,88.518669,1.9223591,-1.046686,-0.28729187,1.913232,0.0091271867
0.18482049,88.559817,1.8458642,-1.0184569,-0.27533143,1.8369656,0.0088986018
0.18485729,88.577452,1.8616002,-1.0147068,-0.27049774,1.8527928,0.0088073395
0.18494342,88.618723,1.7681534,-0.97518242,-0.25340897,1.7595432,0.0086102648
0.1849927,88.642335,1.6935725,-0.96060299,-0.24994896,1.6850641,0.0085083684
0.18506661,88.677752,1.5927981,-0.93323736,-0.24020038,1.5844338,0.0083643079
0.18511589,88.701364,1.5354019,-0.92395326,-0.23691898,1.5271303,0.0082715694
0.18520235,88.742793,1.457152,-0.90885573,-0.23161132,1.4490323,0.0081197292
0.18523948,88.760584,1.4409004,-0.91344139,-0.2332435,1.4328399,0.0080604189
0.18532611,88.802095,1.4019576,-0.9175495,-0.23473129,1.3940165,0.0079411126
0.18536324,88.819886,1.425768,-0.9330028,-0.23854954,1.4178726,0.0078953787
0.18544987,88.861398,1.4670375,-0.95137428,-0.23983413,1.4592379,0.0077996107
0.185487,88.879188,1.5343832,-0.97070195,-0.24213125,1.526627,0.0077561865
0.18557363,88.9207,1.6924923,-1.0072055,-0.24247472,1.6848559,0.0076364928
0.18561076,88.938491,1.7227816,-1.0167641,-0.24188583,1.7152072,0.007574383
0.18569698,88.979803,1.7631318,-1.0102044,-0.22822391,1.7557135,0.0074183363
0.1857339,88.997495,1.7194553,-1.0015468,-0.22372244,1.7121016,0.0073536489
0.18582005,89.038774,1.6790016,-0.99250118,-0.21442848,1.6717912,0.0072104393
0.18586928,89.062363,1.6091944,-0.9755965,-0.20668374,1.6020552,0.0071392047
0.18594312,89.097745,1.5650766,-0.97753261,-0.20455065,1.5580325,0.0070441012
0.18599203,89.12118,1.5258918,-0.97211849,-0.20035766,1.5189029,0.0069888295
0.18607762,89.162192,1.4554954,-0.96811163,-0.19554888,1.4485896,0.006905775
0.1861143,89.179768,1.4191545,-0.95659196,-0.18926032,1.4122769,0.0068775966
0.1861998,89.220736,1.3657151,-0.95075434,-0.18253208,1.3588916,0.0068235792
0.18623621,89.238183,1.3514304,-0.94784134,-0.17870567,1.3446255,0.0068049116
0.18632116,89.27889,1.2931626,-0.93085207,-0.16863402,1.2863925,0.0067700094
0.18636971,89.302152,1.2501099,-0.92710283,-0.16537119,1.2433517,0.0067582616
0.18645425,89.342663,1.1917702,-0.92073649,-0.15841487,1.1850217,0.0067484964
0.18649035,89.359961,1.1617164,-0.91545047,-0.15450601,1.1549674,0.0067490099
0.18657459,89.400324,1.1175812,-0.91897688,-0.15169989,1.1108194,0.0067617799
0.18661069,89.417622,1.1001333,-0.9202746,-0.15094142,1.0933646,0.0067687475
0.1866941,89.457589,1.0928623,-0.94227511,-0.15564248,1.0860753,0.00678704
0.18674176,89.480428,1.0971491,-0.95104374,-0.15678852,1.0903499,0.0067992058
0.18682503,89.520328,1.1285292,-0.97092464,-0.15862351,1.1217082,0.0068210307
0.18686036,89.537258,1.1809696,-0.98200348,-0.15836473,1.174145,0.0068245749
0.18695458,89.582404,1.3750862,-1.0266049,-0.15651208,1.3682931,0.0067930995
0.18698991,89.599333,1.3813891,-1.025931,-0.14990802,1.3746216,0.0067675162
0.18707167,89.638508,1.2880805,-0.99811064,-0.130218,1.2813723,0.006708168
0.1871181,89.660754,1.233541,-0.98723103,-0.12280571,1.2268607,0.00668032
0.18719934,89.699684,1.1396799,-0.97900607,-0.11575072,1.1330377,0.0066421914
0.18724577,89.721929,1.0743936,-0.97823441,-0.11434909,1.0677653,0.0066282694
0.18732627,89.760504,1.0787522,-1.0032587,-0.12200615,1.0721407,0.0066115511
0.18737171,89.782277,1.1087621,-1.0273808,-0.1290394,1.1021667,0.0065953481
0.18745122,89.820378,1.3478983,-1.1045485,-0.14466214,1.3413552,0.006543019
0.18749666,89.842151,1.476834,-1.1427308,-0.14763519,1.470354,0.0064800579
0.18757618,89.880252,1.4592493,-1.1390982,-0.13405119,1.4529062,0.0063431313
0.18762162,89.902025,1.3523932,-1.1241205,-0.1288564,1.3461209,0.0062722949
0.18770113,89.940126,1.2112507,-1.1242904,-0.13569754,1.2050771,0.0061736599
0.18774657,89.961898,1.2256175,-1.1534767,-0.14929868,1.2194932,0.0061243255
0.18782609,90,1.5547536,-1.2602542,-0.17614109,1.5487486,0.0060050158
0.1878704,90.021234,1.6801568,-1.2950358,-0.1773865,1.6742577,0.0058990583
0.18794768,90.058263,1.5581814,-1.2892558,-0.1704846,1.5524817,0.0056997554
0.18799169,90.079353,1.4277756,-1.2810416,-0.17367164,1.422172,0.0056035175
0.18807941,90.121382,1.460293,-1.3618865,-0.21459234,1.4548509,0.0054421468
0.18812312,90.142328,1.6743957,-1.4197523,-0.22758484,1.6690482,0.0053474773
0.18819939,90.178876,1.8399846,-1.476001,-0.23151946,1.834859,0.0051255715
0.18824285,90.1997,1.6783358,-1.4510873,-0.22364887,1.6733355,0.0050002632
0.1883295,90.241219,1.4984445,-1.4850874,-0.2584127,1.4936292,0.004815325
0.18837271,90.261921,1.6303991,-1.5407854,-0.28170804,1.6256659,0.0047332023
0.18844814,90.298065,1.9650494,-1.6215911,-0.29125301,1.9605067,0.004542762
0.18849113,90.318669,1.9256977,-1.6180801,-0.28351965,1.9212829,0.0044147849
0.18857693,90.359781,1.5462115,-1.59992,-0.30079023,1.5419903,0.0042212108
0.18861974,90.380292,1.5815792,-1.635824,-0.32313259,1.5774234,0.0041558495
0.1887052,90.421243,1.959596,-1.7324906,-0.34661149,1.9555984,0.0039976273
0.18874786,90.441684,1.9982562,-1.743655,-0.34168819,1.9943634,0.0038928122
0.18883304,90.482498,1.5854359,-1.6874387,-0.33808358,1.5817163,0.0037195274
0.18886494,90.497783,1.5343504,-1.6969333,-0.3533265,1.5306702,0.0036801917
0.18894994,90.538511,1.8068664,-1.7757762,-0.38346373,1.8032864,0.0035799438
0.1889924,90.558858,1.9266531,-1.7937447,-0.37689483,1.9231422,0.0035109057
0.18907726,90.599523,1.6104455,-1.7278335,-0.35879865,1.6070612,0.0033843196
0.18911968,90.619848,1.4588896,-1.7070311,-0.36757482,1.455522,0.0033675281
0.18920452,90.660499,1.5871783,-1.7494505,-0.3941536,1.5837901,0.0033882456
0.18924695,90.680832,1.7710313,-1.7695057,-0.39291048,1.7676196,0.0034116686
0.18933185,90.721513,1.5300931,-1.7044622,-0.37702822,1.5265688,0.00352425
0.18937433,90.741867,1.3354216,-1.6776577,-0.38682801,1.3317506,0.0036709313
0.18945265,90.779393,1.5132184,-1.7320081,-0.42938035,1.5091418,0.0040765365
0.18949786,90.80106,1.637114,-1.7679451,-0.44914512,1.6327594,0.0043545589
0.18957679,90.838878,1.657316,-1.7962035,-0.47713445,1.6524324,0.0048835628
0.18962044,90.859794,1.5904446,-1.8000098,-0.49532026,1.5852446,0.0052000107
0.18970819,90.901839,1.6780164,-1.8776674,-0.55357326,1.6721444,0.0058720744
0.18974345,90.918737,1.7671631,-1.9185934,-0.57515242,1.7610162,0.0061469319
0.18983136,90.960858,1.8460196,-1.9791079,-0.61151098,1.8391921,0.0068274061
0.18987465,90.981603,1.7803384,-1.9881754,-0.62688661,1.7731702,0.0071682287
0.18995095,91.018162,1.7814994,-2.0308136,-0.66141175,1.7737134,0.0077860173
0.18999241,91.03803,1.8499336,-2.068019,-0.68062464,1.8418135,0.0081200221
0.19008154,91.080737,1.9146016,-2.1154973,-0.70438511,1.9057981,0.008803498
0.1901212,91.099744,1.8649524,-2.1130223,-0.70864173,1.8558535,0.0090989306
0.19020702,91.140864,1.8461019,-2.1335753,-0.72814914,1.8363692,0.0097327464
0.19024559,91.159344,1.8758034,-2.1575861,-0.74044122,1.8657977,0.010005713
0.1903302,91.199885,1.8956515,-2.1746295,-0.74842274,1.8851019,0.010549563
0.19036878,91.218376,1.8637887,-2.1680134,-0.74892745,1.8530096,0.010779104
0.19045471,91.259551,1.8716736,-2.1981449,-0.76733839,1.8604204,0.011253172
0.19049461,91.278667,1.8953828,-2.2128578,-0.77322631,1.8839392,0.01144363
0.19057747,91.318371,1.8383539,-2.1894782,-0.76581648,1.8265692,0.011784621
0.19062102,91.339237,1.854542,-2.2035164,-0.77375938,1.842592,0.011950063
0.19070458,91.379276,1.8855266,-2.2077762,-0.77177263,1.873315,0.012211538
0.19074454,91.398427,1.8193441,-2.1898934,-0.76786178,1.8070307,0.012313453
0.19083059,91.439659,1.8696152,-2.1961695,-0.7718477,1.8570817,0.01253349
0.19087439,91.460647,1.9307989,-2.1992114,-0.76769642,1.9181788,0.012620109
0.19095118,91.497438,1.7878074,-2.1591541,-0.75615194,1.7750801,0.012727283
0.19099512,91.518497,1.7632514,-2.144627,-0.75292973,1.7504568,0.012794574
0.19108319,91.560694,1.9031842,-2.1531557,-0.74803541,1.8902669,0.012917306
0.1911273,91.581832,1.8112714,-2.1282412,-0.74054629,1.7983196,0.012951789
0.19120464,91.61889,1.7522551,-2.0811748,-0.725338,1.7392499,0.013005214
0.19124892,91.640108,1.8170905,-2.0823864,-0.72395255,1.804053,0.013037453
0.19133768,91.682638,1.8368591,-2.0576839,-0.70943418,1.8237897,0.013069375
0.19137103,91.69862,1.783351,-2.031917,-0.70068905,1.7702806,0.013070364
0.19146017,91.741331,1.7499648,-1.988001,-0.68774239,1.7368943,0.013070517
0.19149367,91.757385,1.8106462,-1.9908033,-0.68656897,1.7975772,0.01306901
0.19158324,91.800301,1.8317662,-1.9476694,-0.66377596,1.8187413,0.013024857
0.19162814,91.821819,1.7666543,-1.9121489,-0.6517245,1.7536655,0.012988742
0.19170692,91.859567,1.7073961,-1.8641564,-0.63887227,1.6944676,0.012928498
0.19175206,91.881196,1.8062635,-1.8603034,-0.63420867,1.7933705,0.012892949
0.19183127,91.919149,1.8828654,-1.8278593,-0.61531903,1.8700733,0.012792135
0.19187665,91.940897,1.8051463,-1.7870863,-0.60110687,1.7924241,0.012722195
0.19195631,91.979066,1.7237086,-1.7104245,-0.57785428,1.7110991,0.012609445
0.19200197,92.000944,1.7370155,-1.6984508,-0.57680487,1.724457,0.012558447
0.19208211,92.039345,1.8983727,-1.6875718,-0.56152829,1.885924,0.012448664
0.19212805,92.061358,1.884598,-1.6676638,-0.5528804,1.8722347,0.012363259
0.19220871,92.100007,1.8007372,-1.588403,-0.52408923,1.7885413,0.012195903
0.19225494,92.122159,1.7335994,-1.5450505,-0.5125391,1.721494,0.012105347
0.19233612,92.16106,1.7261885,-1.4969932,-0.49904243,1.7142111,0.011977467
0.19237103,92.177786,1.7893077,-1.5003432,-0.49928655,1.7773824,0.011925297
0.19246441,92.222529,1.9431186,-1.4661205,-0.47297757,1.9313877,0.011730925
0.19249954,92.239363,1.9376239,-1.44176,-0.46179576,1.9259849,0.01163904
0.19258178,92.278769,1.8518468,-1.3800308,-0.44067807,1.8404394,0.011407413
0.19262893,92.301363,1.7770208,-1.3437055,-0.43136075,1.7657446,0.011276116
0.19271173,92.341038,1.6822292,-1.2934988,-0.41972295,1.6711534,0.011075789
0.19274733,92.358096,1.6797639,-1.2823455,-0.41729031,1.6687577,0.011006264
0.19283065,92.398021,1.7895925,-1.2642038,-0.40704719,1.7787337,0.010858821
0.19287842,92.42091,1.9115116,-1.2560179,-0.39431758,1.900756,0.010755601
0.19296229,92.461098,1.967175,-1.2140768,-0.36955731,1.9566539,0.010521172
0.19299833,92.478367,1.9745665,-1.1971604,-0.36034193,1.964162,0.010404446
0.19308266,92.518775,1.939587,-1.1584464,-0.34376602,1.9294656,0.010121392
0.19313099,92.541932,1.8808178,-1.126726,-0.33159664,1.870853,0.0099648057
0.1932158,92.582569,1.7867949,-1.083667,-0.31702951,1.77707,0.0097248299
0.19325223,92.600026,1.7165782,-1.0595744,-0.31054453,1.7069391,0.0096390409
0.19333746,92.640864,1.646433,-1.037443,-0.30554339,1.6369676,0.009465454
0.19337406,92.658405,1.6005531,-1.0205861,-0.30195816,1.5911535,0.0093995501
0.19345965,92.699415,1.5640904,-1.020193,-0.30552486,1.554843,0.0092473322
0.19350866,92.722899,1.6171074,-1.0293124,-0.30587999,1.6079462,0.0091611415
0.19358231,92.758191,1.72719,-1.0313301,-0.2971869,1.7181708,0.0090191863
0.19363149,92.781756,1.8293962,-1.0468146,-0.29469647,1.8204829,0.0089133328
0.19370536,92.817149,1.9291888,-1.0428213,-0.28120735,1.9204525,0.008736271
0.19375466,92.840772,1.9180166,-1.024586,-0.27007814,1.9094034,0.0086132358
0.193841,92.882145,1.8883849,-1.0039995,-0.25586877,1.8799844,0.008400506
0.19387804,92.899896,1.8518923,-0.9941769,-0.25133708,1.843579,0.0083132665
0.1939645,92.941323,1.805459,-0.98698838,-0.24509173,1.7973392,0.0081198504
0.19400157,92.959088,1.7535869,-0.97971855,-0.24298975,1.7455455,0.0080413995
0.19408808,93.00054,1.6876795,-0.96848375,-0.23549979,1.6798122,0.0078672764
0.19412516,93.018305,1.6799073,-0.96103303,-0.22932479,1.6721103,0.0077969683
0.19421167,93.059757,1.5807398,-0.9321784,-0.21559398,1.5730968,0.0076430054
0.19424874,93.077522,1.547873,-0.92288925,-0.21002582,1.5402918,0.0075812039
0.19433518,93.118939,1.4610836,-0.91209227,-0.20420467,1.4536288,0.0074547641
0.19438454,93.14259,1.3854926,-0.89443271,-0.19774222,1.3781002,0.0073923823
0.19445854,93.178049,1.3295522,-0.88798417,-0.19327398,1.3222458,0.0073063773
0.19450783,93.20167,1.3182883,-0.89292352,-0.19274787,1.3110311,0.007257172
0.1945817,93.237062,1.2808667,-0.89887417,-0.19414751,1.2736714,0.007195286
0.19463088,93.260632,1.249828,-0.90365981,-0.19576303,1.2426668,0.007161214
0.19471685,93.301823,1.2469546,-0.91679703,-0.19788348,1.2398388,0.0071157518
0.19475363,93.31945,1.2584662,-0.9332367,-0.2027489,1.2513661,0.0071001304
0.19483933,93.360512,1.2892435,-0.94880625,-0.20301344,1.2821716,0.0070718804
0.194876,93.378082,1.3389087,-0.96674584,-0.20550392,1.3318503,0.007058432
0.19496139,93.418999,1.4520887,-1.0022628,-0.20844866,1.445072,0.007016612
0.19501007,93.442325,1.5080492,-1.0140627,-0.2058459,1.5010679,0.0069813187
0.19508293,93.477237,1.5463742,-1.0153658,-0.19621049,1.5394545,0.0069196092
0.1951314,93.50046,1.4933026,-0.998812,-0.18613929,1.4864211,0.0068814922
0.19521596,93.540979,1.428649,-0.97859205,-0.17197108,1.4218231,0.006825917
0.19525211,93.558301,1.3928662,-0.97057545,-0.16657819,1.3860577,0.0068085242
0.1953362,93.598597,1.4293502,-0.96921853,-0.16028941,1.422585,0.0067652691
0.1953841,93.621546,1.3624477,-0.96295103,-0.15620256,1.3557078,0.0067398829
0.19546763,93.661575,1.3129505,-0.96022089,-0.14864789,1.306243,0.0067074689
0.19550332,93.678675,1.2804193,-0.96005382,-0.14658195,1.2737228,0.0066965006
0.19558631,93.718442,1.1779257,-0.94455559,-0.13634318,1.1712384,0.0066873783
0.19563355,93.741078,1.1562954,-0.94562561,-0.13348837,1.149608,0.0066873722
0.1957159,93.780533,1.0782633,-0.95189423,-0.1325203,1.071564,0.0066992375
0.19575106,93.797383,1.0735964,-0.96103118,-0.13407408,1.0668913,0.006705083
0.19584444,93.842127,1.0552019,-0.97942363,-0.13686045,1.048478,0.0067239555
0.1958793,93.85883,1.099014,-0.99736107,-0.13995211,1.0922861,0.006727931
0.19596033,93.897658,1.3216174,-1.0533874,-0.14615221,1.3149143,0.0067031138
0.19600645,93.919758,1.4228717,-1.081166,-0.14599355,1.4162151,0.0066565429
0.19608678,93.95825,1.3594663,-1.0607797,-0.12742807,1.3529039,0.0065623819
0.19613249,93.98015,1.2977503,-1.0491131,-0.11998771,1.2912325,0.0065177583
0.19621212,94.01831,1.1740014,-1.0404059,-0.1167108,1.1675454,0.0064560583
0.19625744,94.040022,1.142048,-1.0523586,-0.12282067,1.1356212,0.0064268104
0.19633641,94.077865,1.2192867,-1.1123591,-0.14406087,1.2129152,0.0063714223
0.19638137,94.099405,1.3882448,-1.1598871,-0.15296361,1.3819221,0.0063227117
0.19647087,94.142294,1.587703,-1.2187083,-0.15528179,1.5815507,0.0061522602
0.19650431,94.158313,1.5402777,-1.2130652,-0.15109004,1.534196,0.0060817045
0.19659314,94.20088,1.3451287,-1.1987285,-0.15136822,1.3392085,0.0059201991
0.19663739,94.222084,1.318514,-1.2216651,-0.16435589,1.3126615,0.0058525325
0.19671457,94.259064,1.543518,-1.3183475,-0.19596452,1.5377969,0.0057211295
0.19675852,94.280126,1.7411333,-1.3721072,-0.203398,1.7355203,0.0056130262
0.19684614,94.322107,1.6466567,-1.3775552,-0.19864872,1.6412927,0.0053640042
0.19687888,94.337797,1.5329037,-1.3735191,-0.20304147,1.5276203,0.0052833487
0.19696595,94.379517,1.512371,-1.4370317,-0.24102498,1.5072656,0.0051053956
0.19700935,94.400314,1.6999692,-1.4993707,-0.26082322,1.6949574,0.0050117639
0.19709592,94.441793,1.9169152,-1.5558958,-0.26017918,1.9121576,0.004757573
0.19713907,94.46247,1.7392393,-1.5305059,-0.25386646,1.7346055,0.0046338137
0.19721441,94.498571,1.5289006,-1.5530419,-0.28471842,1.5244244,0.0044762282
0.19725736,94.519152,1.6512931,-1.6064531,-0.30874555,1.6468926,0.0044004097
0.19734308,94.560226,1.994251,-1.6893524,-0.32060743,1.9900501,0.0042009388
0.19738585,94.580719,1.961544,-1.6856606,-0.31249,1.9574619,0.0040820207
0.19747122,94.621624,1.5599491,-1.6559434,-0.32754161,1.5560407,0.0039083839
0.19751383,94.642045,1.6249956,-1.6898844,-0.34836392,1.6211445,0.0038510341
0.19758832,94.677736,1.9457621,-1.7758346,-0.37183193,1.9420311,0.0037309324
0.19763083,94.698108,2.0019706,-1.7819245,-0.36233405,1.9983309,0.0036397223
0.19771575,94.738799,1.5957754,-1.7173774,-0.35354821,1.592292,0.00348344
0.19775819,94.759132,1.5118206,-1.7156555,-0.36743004,1.5083759,0.0034447295
0.19784301,94.799774,1.7673584,-1.779046,-0.39146297,1.7639744,0.0033840072
0.1978854,94.820087,1.8803091,-1.7876541,-0.38407166,1.8769622,0.0033468745
0.19797019,94.860714,1.5164116,-1.7133522,-0.36803456,1.5130957,0.003315925
0.19801259,94.881032,1.3344128,-1.6885217,-0.37550629,1.3310438,0.0033690551
0.19809747,94.921704,1.5671463,-1.7333382,-0.40718783,1.5635562,0.0035900483
0.19813943,94.94181,1.7349755,-1.7549918,-0.41075149,1.7312358,0.003739725
0.19821586,94.978431,1.5708511,-1.7331535,-0.42264834,1.5667366,0.0041144997
0.19826068,94.999907,1.4987853,-1.7332069,-0.44133497,1.4943851,0.0044002506
0.19834847,95.041974,1.634983,-1.8115903,-0.49899136,1.6299428,0.0050401786
0.19838362,95.058816,1.7206348,-1.8477725,-0.51911573,1.7153333,0.0053014988
0.19847201,95.101173,1.7455962,-1.8978388,-0.55785248,1.7396375,0.0059586854
0.19850751,95.118182,1.704165,-1.909154,-0.57427738,1.6979294,0.0062355125
0.1985956,95.160391,1.7688969,-1.9815229,-0.62591717,1.7619433,0.0069535569
0.19863884,95.181112,1.8614058,-2.0264805,-0.64783742,1.8541009,0.0073048667
0.19872331,95.221585,1.8907293,-2.0669456,-0.67180074,1.8827611,0.0079682284
0.19876454,95.24134,1.8341882,-2.0701739,-0.68153024,1.8258971,0.0082910437
0.19884521,95.279998,1.8422738,-2.1081559,-0.70960461,1.8333489,0.008924862
0.19888479,95.298963,1.8852673,-2.1361519,-0.7232963,1.8760397,0.0092276229
0.19897047,95.340019,1.8933958,-2.155721,-0.73452935,1.8835544,0.0098414294
0.199009,95.358481,1.8654163,-2.1517731,-0.73658829,1.8553106,0.010105688
0.19909358,95.399009,1.875267,-2.182882,-0.75675967,1.8646092,0.010657849
0.19913997,95.421236,1.9027361,-2.2042797,-0.76588399,1.8918066,0.010929472
0.19921834,95.458788,1.857099,-2.1887848,-0.76165282,1.8457664,0.011332598
0.19926652,95.481874,1.8586672,-2.2047173,-0.77188003,1.8471069,0.011560321
0.19935044,95.522084,1.8866627,-2.2201802,-0.77708996,1.8747664,0.011896398
0.19938572,95.538992,1.8460886,-2.2025471,-0.77038943,1.8340741,0.012014532
0.1994702,95.579469,1.8698773,-2.2128756,-0.77752031,1.8575945,0.012282765
0.19951072,95.598889,1.9195315,-2.2186153,-0.77624459,1.9071435,0.012388026
0.19959734,95.64039,1.7956539,-2.1838863,-0.76608269,1.7830895,0.012564407
0.19964113,95.661375,1.7915897,-2.1747566,-0.76478762,1.7789318,0.012657921
0.19971788,95.69815,1.9136663,-2.1914783,-0.76391047,1.900877,0.012789229
0.19976181,95.719199,1.8151929,-2.1641568,-0.75463911,1.8023582,0.012834755
0.19984982,95.761374,1.7663248,-2.1258707,-0.7436504,1.7533918,0.012932963
0.19989392,95.782501,1.8539548,-2.1340937,-0.74235717,1.8409689,0.012985858
0.19997124,95.81955,1.8051386,-2.1051966,-0.7296032,1.7921002,0.013038416
0.20001549,95.840757,1.7516392,-2.0755144,-0.72060049,1.7385833,0.013055902
0.20009311,95.877948,1.7896812,-2.0570487,-0.71448723,1.7765927,0.013088474
0.20013755,95.899244,1.8685657,-2.0541841,-0.70731481,1.8554641,0.013101628
0.20022667,95.941946,1.7723281,-1.9936527,-0.68399726,1.7592409,0.013087215
0.20026016,95.957993,1.7343013,-1.9685505,-0.67631008,1.721225,0.013076248
0.20034968,96.000886,1.7988907,-1.946877,-0.6677764,1.7858429,0.013047793
0.20039456,96.022394,1.8725283,-1.9404422,-0.65990259,1.8595123,0.013016065
0.20047331,96.06013,1.7826033,-1.8754816,-0.63523061,1.7696722,0.012931123
0.20051845,96.081755,1.719595,-1.8352037,-0.62330281,1.7067145,0.012880523
0.20059762,96.119691,1.7570619,-1.808587,-0.61639387,1.7442554,0.012806595
0.200643,96.141437,1.8760406,-1.8053915,-0.60893376,1.8632871,0.012753469
0.20072262,96.179587,1.8446604,-1.7459187,-0.58161912,1.8320367,0.012623663
0.20076826,96.201457,1.7684262,-1.7020131,-0.56907621,1.7558821,0.012544096
0.20084838,96.239851,1.6955441,-1.6390122,-0.55331749,1.6831161,0.012428007
0.20089431,96.261856,1.7829947,-1.6300062,-0.5474398,1.770621,0.012373642
0.20097494,96.300492,1.8931524,-1.616984,-0.53340633,1.8809149,0.012237501
0.20102115,96.322636,1.8990253,-1.5842776,-0.51781366,1.88689,0.012135266
0.2011023,96.361521,1.7963894,-1.5103842,-0.49332065,1.784446,0.01194338
0.20113719,96.378237,1.7260397,-1.4800935,-0.48655358,1.7141729,0.011866739
0.20121884,96.417361,1.7032331,-1.4234194,-0.47037726,1.6915115,0.011721639
0.20126566,96.439796,1.8050768,-1.420804,-0.46583249,1.7934291,0.011647694
0.20134788,96.479194,1.9362649,-1.396084,-0.4458802,1.9247943,0.011470597
0.20139502,96.501781,1.9421286,-1.3681321,-0.43211221,1.9307885,0.011340196
0.20147779,96.541442,1.8888624,-1.3088982,-0.40821214,1.877776,0.011086403
0.20151337,96.558489,1.840194,-1.2877727,-0.40331519,1.8292179,0.010976089
0.20159665,96.598393,1.7110536,-1.2387861,-0.3920416,1.7003166,0.010736992
0.20164441,96.62128,1.6693547,-1.2104544,-0.38455725,1.6587323,0.010622309
0.20172825,96.661455,1.6705209,-1.1886339,-0.37900864,1.6600536,0.010467343
0.20176429,96.678723,1.7239218,-1.1826918,-0.37484037,1.7135134,0.01040837
0.20184861,96.719126,1.9019397,-1.1782767,-0.36110475,1.8917075,0.010232202
0.20189694,96.742282,1.9637487,-1.1562459,-0.34515118,1.9536522,0.010096539
0.20198164,96.782869,1.9694728,-1.1178556,-0.32346973,1.9596472,0.0098256534
0.20201802,96.800301,1.9440891,-1.1041231,-0.31750118,1.9343816,0.0097074538
0.20210321,96.84112,1.9241427,-1.0753878,-0.30285792,1.914698,0.0094447809
0.20213979,96.858648,1.85752,-1.0541905,-0.29615088,1.8481776,0.009342348
0.20222534,96.89964,1.792667,-1.0211049,-0.28204109,1.7835359,0.0091310775
0.20226208,96.917245,1.7190481,-1.0011645,-0.27679505,1.7099971,0.0090509567
0.20234793,96.958382,1.6159683,-0.96464602,-0.26492468,1.6070886,0.0088796764
0.20239706,96.981927,1.5751975,-0.95885099,-0.26430669,1.5664143,0.0087832059
0.20247088,97.017295,1.5016412,-0.94711068,-0.26302926,1.4929964,0.0086447761
0.20252018,97.04092,1.5067412,-0.95323471,-0.2646643,1.498182,0.0085591545
0.20260651,97.082288,1.5320034,-0.96522995,-0.26559369,1.5235745,0.0084289328
0.20264357,97.100043,1.6026048,-0.98101897,-0.26624833,1.5942294,0.0083754609
0.20273003,97.141471,1.7592433,-1.0119544,-0.26448642,1.7510071,0.0082362422
0.20276708,97.159226,1.7962357,-1.0164605,-0.26146858,1.7880699,0.0081657407
0.20285354,97.200654,1.8685312,-1.0123432,-0.24716971,1.8605507,0.007980539
0.20289059,97.218409,1.8337861,-1.0033497,-0.24234408,1.8258864,0.0078997822
0.20297705,97.259837,1.7811867,-0.98589026,-0.23019704,1.773473,0.0077136825
0.2030141,97.277591,1.7506588,-0.97779894,-0.22546304,1.7430182,0.0076405903
0.20310056,97.319019,1.6904932,-0.97694853,-0.2226704,1.6830139,0.007479266
0.20314991,97.342666,1.6530532,-0.97236555,-0.21874949,1.6456603,0.0073928402
0.20322386,97.378098,1.5690788,-0.95743181,-0.21146689,1.5617996,0.0072791723
0.20327315,97.401718,1.5408969,-0.95561216,-0.20808057,1.5336866,0.0072103388
0.20334695,97.437082,1.4943114,-0.94575009,-0.20028702,1.4871932,0.0071182252
0.20339614,97.460649,1.4388794,-0.93799568,-0.19641867,1.4318152,0.0070642416
0.20348204,97.50181,1.3607468,-0.91965857,-0.18528101,1.3537598,0.006986945
0.20351881,97.51943,1.3204921,-0.91299518,-0.18194929,1.3135309,0.0069611963
0.20360448,97.56048,1.2292249,-0.89838056,-0.17389452,1.2223118,0.0069131478
0.20364111,97.57803,1.2237884,-0.8978657,-0.17095332,1.2168895,0.0068988361
0.20372645,97.618925,1.1690101,-0.89744782,-0.16747333,1.1621344,0.0068756848
0.20377511,97.64224,1.133308,-0.89816813,-0.16702407,1.1264395,0.0068684552
0.20384795,97.677141,1.1111312,-0.91437931,-0.1710881,1.1042644,0.0068667501
0.20389642,97.700369,1.0954804,-0.91766113,-0.1702955,1.0886095,0.0068709184
0.20398098,97.740887,1.1137099,-0.94239121,-0.17629908,1.1068266,0.0068832428
0.20401716,97.758221,1.1178335,-0.94610259,-0.17520962,1.1109427,0.0068907991
0.20410128,97.798531,1.2193032,-0.97490106,-0.17852491,1.2124005,0.0069027708
0.2041492,97.821493,1.3216607,-0.99807778,-0.17886156,1.314765,0.0068956165
0.20423283,97.861563,1.435943,-1.0182468,-0.17170161,1.4290875,0.006855475
0.20426853,97.87867,1.4108242,-1.010001,-0.16391473,1.4039906,0.0068336097
0.20435158,97.918465,1.3302955,-0.98327689,-0.14486266,1.3235105,0.006785014
0.20439886,97.941121,1.3325851,-0.9720858,-0.13735236,1.3258247,0.0067604765
0.20448123,97.98059,1.2443842,-0.96414139,-0.1287351,1.2376656,0.0067185064
0.20451642,97.99745,1.2154353,-0.96710725,-0.12717921,1.2087313,0.0067040586
0.20460981,98.042199,1.1065029,-0.9627084,-0.1212943,1.0998236,0.0066793328
0.20464466,98.0589,1.0551106,-0.96239627,-0.12052607,1.0484361,0.0066745295
0.20472571,98.097738,0.99707517,-0.98039113,-0.12487452,0.99040325,0.0066719129
0.20477184,98.119841,1.0703501,-1.0024348,-0.13080389,1.0636785,0.0066715587
0.20485222,98.158355,1.2826742,-1.0676107,-0.14226718,1.2760308,0.006643355
0.20489794,98.180263,1.4360825,-1.1059439,-0.14420649,1.429487,0.0065954839
0.20497763,98.21845,1.4392213,-1.1064785,-0.13111088,1.4327444,0.0064769025
0.20502298,98.240176,1.3635301,-1.0919077,-0.12338182,1.3571167,0.006413465
0.20510197,98.278029,1.2135221,-1.0801681,-0.12131878,1.2071996,0.0063225549
0.20514693,98.299571,1.187146,-1.0974612,-0.13064703,1.1808661,0.0062798966
0.20523649,98.342483,1.3615827,-1.1800089,-0.1569379,1.3553985,0.0061841506
0.20526996,98.358523,1.5322344,-1.2282814,-0.16645388,1.5261073,0.0061271365
0.20535883,98.401106,1.6136989,-1.2653967,-0.16482739,1.6077815,0.0059174175
0.2054031,98.422319,1.4949076,-1.2497181,-0.16050881,1.489092,0.0058155649
0.20548029,98.459307,1.3540332,-1.2652616,-0.1768042,1.3483643,0.0056689317
0.20552426,98.480376,1.4035619,-1.3077185,-0.1950931,1.3979676,0.0055943015
0.2056119,98.522368,1.809938,-1.4301393,-0.22211979,1.8045461,0.0053919044
0.2056447,98.538087,1.8241844,-1.4388005,-0.21826905,1.8188913,0.0052931406
0.20573179,98.579818,1.528899,-1.4069473,-0.21494236,1.5238419,0.005057146
0.20577522,98.600627,1.4632315,-1.438297,-0.23856132,1.4582627,0.0049688297
0.20586179,98.642109,1.7776073,-1.5505255,-0.27799108,1.772816,0.0047913542
0.2058942,98.657637,1.9259099,-1.5902168,-0.28320618,1.9212069,0.0047029829
0.20598036,98.69892,1.7803546,-1.5707733,-0.26735022,1.7759029,0.0044516651
0.20602329,98.719491,1.5733306,-1.5678481,-0.28229927,1.5689723,0.004358343
0.20610906,98.760589,1.6959106,-1.6531042,-0.32855643,1.6916938,0.0042167704
0.20615181,98.781076,1.9197922,-1.7087376,-0.34094415,1.9156614,0.0041308882
0.20623727,98.822026,1.9056983,-1.7083971,-0.32501312,1.9017828,0.0039154985
0.20627984,98.842424,1.6451256,-1.6745873,-0.32581768,1.6412948,0.0038308347
0.20635434,98.87812,1.6102007,-1.715516,-0.36285103,1.6064653,0.0037354612
0.20639691,98.898518,1.7625198,-1.7548771,-0.37610886,1.7588408,0.0036789883
0.20648199,98.939289,1.9416205,-1.7856087,-0.36674512,1.9380962,0.0035242685
0.20652436,98.95959,1.7246411,-1.7463659,-0.35812173,1.7211905,0.0034506722
0.20660909,99.000191,1.4883731,-1.7149059,-0.3745153,1.4849796,0.003393493
0.20665146,99.020492,1.6050121,-1.7494723,-0.39072428,1.6016267,0.0033853151
0.20673619,99.061093,1.8236074,-1.7642636,-0.37984409,1.8202301,0.0033772524
0.20677856,99.081394,1.676647,-1.7242232,-0.36741982,1.6732527,0.0033942336
0.20686329,99.121995,1.2969018,-1.6792584,-0.38891388,1.2933035,0.003598289
0.20690518,99.142065,1.4172077,-1.708565,-0.40969664,1.4134329,0.0037747822
0.20698148,99.178628,1.6800527,-1.7691322,-0.43901158,1.6758783,0.0041744239
0.20702622,99.200061,1.655735,-1.7687211,-0.44775965,1.6512882,0.0044467526
0.20711384,99.24205,1.551194,-1.7818688,-0.48599004,1.5461299,0.0050641095
0.20714895,99.25887,1.5967452,-1.8160014,-0.5109024,1.5914152,0.0053299402
0.20723714,99.301127,1.8005576,-1.9165054,-0.56673243,1.7945577,0.0059998907
0.20727249,99.31807,1.8350846,-1.9413319,-0.58215737,1.8288162,0.0062683643
0.20736038,99.360184,1.7429375,-1.9654017,-0.61540761,1.7359796,0.0069579585
0.20740351,99.380849,1.7562939,-1.9963848,-0.63836159,1.7489834,0.0073104274
0.20748789,99.42128,1.8956678,-2.0730328,-0.67755108,1.8876776,0.0079901912
0.20752908,99.441017,1.9272871,-2.0949626,-0.68854033,1.9189795,0.0083075868
0.20760968,99.479638,1.8385434,-2.0984688,-0.70219469,1.8296229,0.0089205084
0.2076492,99.498573,1.8344419,-2.1096451,-0.71186681,1.8252208,0.0092211094
0.20773485,99.539616,1.8981415,-2.1639969,-0.74034382,1.8882929,0.009848575
0.20778103,99.561743,1.9130399,-2.1710721,-0.74354087,1.9028817,0.010158143
0.20785789,99.598571,1.8590379,-2.1641781,-0.74700119,1.8483929,0.010645006
0.20790429,99.620807,1.8661411,-2.186424,-0.76035091,1.8552203,0.010920826
0.20798268,99.65837,1.8976997,-2.2091316,-0.76983265,1.8863705,0.011329176
0.20803095,99.681496,1.8560717,-2.1903936,-0.7629818,1.8445262,0.011545523
0.20811523,99.721882,1.8726588,-2.2146039,-0.77705618,1.8607677,0.011891055
0.20815069,99.738872,1.9001631,-2.2219052,-0.77800911,1.8881492,0.012013894
0.20823552,99.77952,1.815495,-2.189269,-0.76794535,1.8032323,0.012262646
0.20827625,99.799035,1.8392373,-2.1961998,-0.77270447,1.8268611,0.01237622
0.2083636,99.84089,1.9092711,-2.1984463,-0.76651478,1.896708,0.012563057
0.20840787,99.862105,1.8180304,-2.1787685,-0.76229164,1.8053962,0.012634195
0.20848535,99.89923,1.8183894,-2.1613676,-0.75786586,1.8056187,0.012770704
0.20852962,99.920445,1.9045916,-2.1726801,-0.75703361,1.8917524,0.012839209
0.2086071,99.957571,1.7961128,-2.136618,-0.74438718,1.7832012,0.012911527
0.20865138,99.978785,1.7508084,-2.1046365,-0.7341847,1.7378601,0.012948214
0.20873987,100.02119,1.8665592,-2.1078048,-0.73070546,1.8535265,0.01303272
0.20878416,100.04241,1.8606487,-2.0925006,-0.72286981,1.8475935,0.013055296
0.20886182,100.07962,1.7557723,-2.0365253,-0.70485747,1.7427012,0.013071155
0.20890629,100.10093,1.7378176,-2.0183214,-0.70037714,1.7247376,0.013079966
0.20898429,100.13831,1.870794,-2.013208,-0.69039238,1.8577129,0.013081072
0.20902896,100.15971,1.8353982,-1.983139,-0.67763968,1.8223326,0.013065606
0.20911855,100.20264,1.7101437,-1.9174651,-0.65759208,1.6971284,0.013015374
0.20915223,100.21878,1.7113312,-1.9030449,-0.6529936,1.6983338,0.012997402
0.20924228,100.26192,1.8844522,-1.8898421,-0.63984065,1.8715253,0.012926918
0.20927613,100.27815,1.8688997,-1.8700889,-0.63164781,1.8560154,0.012884269
0.20936666,100.32152,1.7323908,-1.7865883,-0.60446737,1.7196301,0.012760616
0.2094007,100.33784,1.7067376,-1.7592007,-0.59834236,1.6940159,0.01272175
0.20949176,100.38147,1.874577,-1.7464479,-0.58679364,1.8619573,0.012619705
0.209526,100.39787,1.8939585,-1.7362307,-0.57936373,1.8813926,0.012565876
0.20961758,100.44176,1.8121225,-1.6547482,-0.54790258,1.7997287,0.012393828
0.20965203,100.45826,1.7491712,-1.6226392,-0.53976889,1.736841,0.012330219
0.2097442,100.50243,1.7211329,-1.5614462,-0.52393691,1.7089398,0.012193039
0.2097789,100.51905,1.801591,-1.5572403,-0.51859943,1.789445,0.012146042
0.20986008,100.55796,1.9353813,-1.5396006,-0.50126008,1.923389,0.011992333
0.20990663,100.58026,1.9373566,-1.5145028,-0.48929541,1.9254778,0.01187877
0.20998834,100.61941,1.8181785,-1.4382629,-0.46418213,1.8065137,0.011664766
0.21003519,100.64186,1.7476117,-1.4000874,-0.45452675,1.736063,0.0115487
0.21011745,100.68128,1.6886376,-1.3513554,-0.44322196,1.6772542,0.011383372
0.21015281,100.69822,1.7175314,-1.3423459,-0.44020404,1.7062067,0.011324665
0.21023562,100.7379,1.8941459,-1.3285519,-0.42442231,1.8829835,0.011162408
0.2102831,100.76065,1.9462971,-1.3057596,-0.4090666,1.9352587,0.011038355
0.21036646,100.8006,1.9526745,-1.256918,-0.38517554,1.9418947,0.010779806
0.21040228,100.81776,1.933603,-1.239829,-0.37826345,1.9229431,0.01065988
0.21048612,100.85793,1.8294116,-1.1869465,-0.36118156,1.8190272,0.010384392
0.21053417,100.88096,1.7600715,-1.1594261,-0.35359705,1.749826,0.010245573
0.21061852,100.92138,1.6564615,-1.1168429,-0.34418593,1.646412,0.010049416
0.21065477,100.93875,1.6326651,-1.1048588,-0.34129206,1.6226827,0.0099824075
0.21073957,100.97938,1.6580986,-1.0994317,-0.34020573,1.6482504,0.0098482579
0.21078816,101.00266,1.7283283,-1.0959952,-0.33450774,1.7185646,0.0097637351
0.2108611,101.03761,1.8906212,-1.0989956,-0.32313841,1.8810244,0.0095968265
0.21090984,101.06097,1.9488636,-1.0924258,-0.31393909,1.939403,0.0094605355
0.21099544,101.10198,1.9640573,-1.0595858,-0.29252429,1.9548524,0.0092048536
0.2110322,101.11959,1.9271087,-1.0418245,-0.28484614,1.9180106,0.0090980978
0.21111808,101.16075,1.8763127,-1.0228873,-0.27532841,1.8674483,0.0088643718
0.21115494,101.17841,1.8604495,-1.0123412,-0.26891036,1.8516782,0.0087712975
0.21124106,101.21967,1.8127331,-0.99591144,-0.26011151,1.8041658,0.0085672803
0.21127801,101.23738,1.7475224,-0.97512199,-0.25320023,1.7390351,0.0084873877
0.21136432,101.27874,1.6602887,-0.94908548,-0.24165661,1.651977,0.0083117373
0.21141368,101.30239,1.5816868,-0.93269807,-0.23625922,1.573469,0.008217847
0.21148777,101.33789,1.4954222,-0.91217254,-0.22844911,1.4873377,0.0080844742
0.21153719,101.36157,1.4802697,-0.90774585,-0.22461405,1.4722684,0.0080013162
0.21161133,101.3971,1.4208885,-0.90844593,-0.2257806,1.4130014,0.0078871199
0.21166076,101.42078,1.3768212,-0.90327084,-0.22427985,1.3689995,0.0078217536
0.21174725,101.46223,1.402407,-0.93256205,-0.23247636,1.3946844,0.0077225766
0.21178432,101.47999,1.3918636,-0.93564412,-0.23242373,1.3841789,0.0076847602
0.21187078,101.52142,1.5088426,-0.97005648,-0.23592092,1.501247,0.0075956355
0.21190782,101.53916,1.5533493,-0.97807772,-0.23415657,1.5457964,0.0075528847
0.21199417,101.58054,1.6861012,-1.0157622,-0.23651007,1.6786716,0.0074296503
0.21203113,101.59825,1.7366245,-1.0182948,-0.23080543,1.7292544,0.0073700759
0.2121173,101.63954,1.6887455,-1.002926,-0.21866284,1.6815174,0.0072280282
0.21215418,101.65721,1.668305,-0.99501415,-0.21307454,1.6611324,0.0071725679
0.21224011,101.69839,1.588077,-0.98074575,-0.20350853,1.5810234,0.0070535131
0.21228914,101.72188,1.5419696,-0.9694459,-0.19700664,1.5349724,0.0069972234
0.21237477,101.76291,1.4930648,-0.97269754,-0.19452108,1.486153,0.0069117238
0.2124114,101.78046,1.4725161,-0.97135914,-0.19166938,1.4656358,0.0068802538
0.21249671,101.82134,1.3888937,-0.95855168,-0.18371866,1.3820727,0.0068209691
0.2125332,101.83882,1.3693399,-0.95576956,-0.18028232,1.3625382,0.0068017112
0.21261814,101.87953,1.3454643,-0.94617515,-0.17199475,1.3386991,0.0067652063
0.21266656,101.90273,1.3019992,-0.94400682,-0.16942882,1.2952505,0.0067486922
0.212739,101.93744,1.2398806,-0.93211516,-0.16091303,1.2331457,0.0067348854
0.21278717,101.96052,1.2196878,-0.92906141,-0.15622284,1.2129566,0.0067311674
0.21287122,102.00079,1.1341077,-0.91900276,-0.14906928,1.1273728,0.0067349187
0.21290713,102.018,1.0939445,-0.91488245,-0.14634745,1.0872022,0.0067423215
0.21299069,102.05804,1.0954677,-0.93446627,-0.1488622,1.0887073,0.0067604514
0.21303827,102.08084,1.080181,-0.94493978,-0.15121209,1.0734081,0.0067729434
0.21312124,102.12059,1.0852936,-0.95965082,-0.15243499,1.0784997,0.0067938572
0.21315668,102.13758,1.1078389,-0.96829338,-0.15260819,1.1010365,0.0068023572
0.21325081,102.18268,1.2910908,-1.0154846,-0.15598922,1.2842939,0.006796855
0.21328597,102.19953,1.3635231,-1.0313043,-0.15380936,1.3567459,0.0067772442
0.21336768,102.23868,1.3542169,-1.024572,-0.13811103,1.3475056,0.0067113003
0.21341418,102.26096,1.2903827,-1.0048336,-0.12594283,1.2837066,0.0066761275
0.21349517,102.29977,1.1913684,-0.9952454,-0.11839918,1.184739,0.006629385
0.21354126,102.32185,1.1190065,-0.98567728,-0.11342644,1.112396,0.0066104791
0.21362156,102.36033,1.0328991,-1.0028471,-0.11922884,1.0263085,0.0065905944
0.21366726,102.38223,1.1017622,-1.0290236,-0.12780256,1.0951869,0.0065752916
0.21374687,102.42038,1.2896608,-1.0979464,-0.14349711,1.2831345,0.0065263595
0.21379218,102.44209,1.4706847,-1.1422784,-0.14723052,1.4642167,0.00646807
0.21387116,102.47993,1.4821593,-1.1549517,-0.13929992,1.4758302,0.0063291209
0.21391611,102.50147,1.4036998,-1.1403146,-0.13151667,1.3974466,0.0062532443
0.21399447,102.53902,1.2539363,-1.1336698,-0.13529532,1.2477914,0.0061449022
0.21403907,102.56039,1.2457624,-1.1646026,-0.15155932,1.2396705,0.0060918507
0.21411683,102.59765,1.4977015,-1.2525323,-0.17591605,1.4917221,0.0059793906
0.21416111,102.61886,1.6857144,-1.3036377,-0.18205842,1.6798359,0.0058784897
0.21424933,102.66114,1.5734038,-1.3043961,-0.17531395,1.5677571,0.0056466994
0.21429327,102.68219,1.4433546,-1.2949302,-0.17777761,1.4378063,0.0055482499
0.21436994,102.71893,1.4449596,-1.3606476,-0.21324376,1.4395562,0.005403326
0.21441362,102.73986,1.6253467,-1.4207047,-0.23144639,1.6200335,0.0053132197
0.2145007,102.78158,1.8548428,-1.4902603,-0.236581,1.8497788,0.0050640531
0.2145441,102.80238,1.6905131,-1.4641752,-0.2282713,1.6855747,0.0049383742
0.21461983,102.83867,1.4934011,-1.4888589,-0.25881167,1.4886274,0.0047736429
0.21466301,102.85936,1.5887634,-1.5394761,-0.28211563,1.5840702,0.0046931635
0.21474914,102.90063,1.9712137,-1.6336836,-0.29626988,1.9667309,0.0044828544
0.2147921,102.92121,1.9342176,-1.6298969,-0.28848754,1.9298616,0.0043559831
0.21487782,102.96229,1.556669,-1.6110562,-0.30537943,1.5525048,0.0041641191
0.2149099,102.97766,1.5532543,-1.6339008,-0.32231996,1.5491386,0.0041156402
0.21499532,103.01859,1.9153352,-1.7278648,-0.34964308,1.9113666,0.0039685778
0.21503796,103.03902,2.0155216,-1.753238,-0.34766906,2.0116531,0.0038685244
0.21512309,103.07981,1.6485534,-1.6981765,-0.33764036,1.6448661,0.0036872894
0.21516561,103.10019,1.531914,-1.7019842,-0.35617395,1.5282794,0.0036345911
0.21525058,103.1409,1.7986544,-1.7783231,-0.38575717,1.7951156,0.0035387683
0.21529302,103.16124,1.9164814,-1.7935371,-0.37802058,1.913008,0.0034733829
0.21537786,103.20189,1.593824,-1.7243941,-0.35936295,1.5904668,0.0033571531
0.21542028,103.22222,1.4485958,-1.7041713,-0.36828739,1.4452479,0.0033478924
0.2154945,103.25778,1.5209825,-1.7343986,-0.39103835,1.5175999,0.0033826415
0.21553694,103.27812,1.7183834,-1.7591148,-0.39434741,1.714963,0.0034203206
0.21562185,103.3188,1.5872149,-1.7109908,-0.37943739,1.5836578,0.0035570352
0.21566404,103.33902,1.376,-1.6868603,-0.39133281,1.3722899,0.003710089
0.21574996,103.38019,1.5124228,-1.7350805,-0.43582496,1.5082375,0.0041853136
0.2157945,103.40153,1.6352767,-1.7766501,-0.45901057,1.630803,0.0044737098
0.21587317,103.43922,1.6680229,-1.8056917,-0.48642657,1.6630063,0.0050165954
0.21591689,103.46018,1.6103466,-1.8165619,-0.50695043,1.6050114,0.0053352153
0.21599598,103.49808,1.661372,-1.8787115,-0.55712281,1.6554267,0.0059452689
0.21604009,103.51921,1.77396,-1.9338915,-0.58681914,1.7676663,0.0062937061
0.2161277,103.56119,1.8674061,-1.9967169,-0.62258004,1.8604284,0.0069776391
0.21617072,103.5818,1.802656,-2.0019242,-0.63503244,1.7953399,0.0073161316
0.21624649,103.61811,1.7859357,-2.0385935,-0.66654865,1.7780081,0.0079275905
0.21629584,103.64176,1.8615432,-2.0826407,-0.68962661,1.85322,0.0083232521
0.21637627,103.68029,1.9212948,-2.1233516,-0.70965203,1.9123581,0.0089366357
0.21641573,103.6992,1.8728012,-2.1202186,-0.71311275,1.863573,0.0092282257
0.21650122,103.74017,1.8445337,-2.1359731,-0.73034533,1.8346811,0.0098525997
0.21653972,103.75862,1.8750062,-2.1613595,-0.74332885,1.864885,0.010121229
0.21662435,103.79917,1.8971152,-2.1793594,-0.7514954,1.8864598,0.010655409
0.21667079,103.82142,1.8592259,-2.1711339,-0.75180815,1.8483027,0.010923126
0.21674936,103.85907,1.8712304,-2.2010169,-0.7691555,1.8598893,0.011341104
0.21678963,103.87836,1.893588,-2.2151181,-0.77477087,1.8820619,0.011526161
0.2168736,103.9186,1.8350759,-2.1912401,-0.76726256,1.8232174,0.011858422
0.21691795,103.93985,1.857145,-2.2044217,-0.7743744,1.8451238,0.012021181
0.21700347,103.98083,1.867662,-2.2043424,-0.77105614,1.8553889,0.012273079
0.21704466,104.00057,1.8050982,-2.187389,-0.7679752,1.7927243,0.01237389
0.21713185,104.04235,1.8834241,-2.1930383,-0.76916247,1.8708409,0.012583183
0.21716473,104.0581,1.9286267,-2.1998257,-0.76829721,1.9159829,0.012643803
0.21725251,104.10016,1.7733733,-2.15234,-0.75424133,1.7606094,0.012763933
0.21729647,104.12123,1.7705074,-2.1424299,-0.75202052,1.7576768,0.012830677
0.21737357,104.15817,1.9001775,-2.1507137,-0.74712606,1.8872441,0.012933439
0.21741769,104.17931,1.809171,-2.1246922,-0.7390491,1.7962039,0.012967103
0.21750612,104.22168,1.7546897,-2.0740722,-0.72248134,1.7416665,0.013023124
0.21753936,104.23761,1.8096252,-2.0795432,-0.72336846,1.7965796,0.013045611
0.21762815,104.28015,1.8362631,-2.0533691,-0.70780668,1.8231876,0.013075471
0.21767265,104.30148,1.7753134,-2.0187918,-0.69544704,1.7622392,0.013074227
0.21775069,104.33887,1.7334816,-1.9835861,-0.68709253,1.7204104,0.013071126
0.2177954,104.3603,1.8251011,-1.9810654,-0.68106022,1.812035,0.013066029
0.21787381,104.39787,1.8376997,-1.9434656,-0.66160347,1.8246799,0.013019814
0.21791874,104.41939,1.7754758,-1.9075943,-0.64904905,1.7624947,0.01298118
0.21800885,104.46257,1.7161991,-1.8529712,-0.63418586,1.7032907,0.012908479
0.21804272,104.47881,1.792909,-1.8528046,-0.63256626,1.780029,0.012880037
0.21813332,104.52222,1.8646231,-1.8141031,-0.60928526,1.8518612,0.012761843
0.21816739,104.53854,1.8199291,-1.7805095,-0.59711559,1.8072207,0.012708434
0.21825849,104.58219,1.7216402,-1.6966714,-0.57337373,1.7090625,0.012577644
0.21829277,104.59862,1.7375053,-1.6854474,-0.57102517,1.724966,0.012539309
0.21838444,104.64254,1.8901527,-1.6804153,-0.55953679,1.8777418,0.012410878
0.21841892,104.65907,1.9087046,-1.6584502,-0.54773483,1.8963602,0.012344437
0.21849963,104.69774,1.8093913,-1.5807846,-0.52020191,1.797217,0.012174209
0.21854591,104.71991,1.7458403,-1.5375956,-0.50831584,1.7337595,0.012080845
0.21862715,104.75884,1.7005067,-1.4902083,-0.49811328,1.6885572,0.011949487
0.21867373,104.78116,1.805929,-1.4881318,-0.49334282,1.7940494,0.011879581
0.21875552,104.82036,1.932682,-1.4570377,-0.4698406,1.9209744,0.011707526
0.21879068,104.8372,1.9487717,-1.4363176,-0.45947277,1.9371558,0.01161583
0.21888476,104.88228,1.8531703,-1.3660405,-0.43497448,1.8418228,0.011347539
0.21892015,104.89924,1.7930888,-1.3411496,-0.42886434,1.7818419,0.011246887
0.21900301,104.93894,1.6897228,-1.2844376,-0.41505607,1.6786863,0.011036478
0.21905052,104.96171,1.6769805,-1.2670701,-0.41124623,1.6660393,0.010941113
0.21913395,105.00168,1.7915449,-1.2522807,-0.40175433,1.7807515,0.010793447
0.21916981,105.01887,1.8592596,-1.2500129,-0.39574661,1.8485405,0.010719089
0.21925371,105.05907,1.9717728,-1.2115193,-0.36892263,1.9612783,0.010494494
0.21930181,105.08212,1.9688558,-1.1870585,-0.35611339,1.9585141,0.010341675
0.21938624,105.12257,1.9419119,-1.1491011,-0.3394884,1.9318535,0.010058495
0.21942252,105.13996,1.908783,-1.1309406,-0.33219437,1.8988426,0.0099404284
0.21950736,105.18061,1.81964,-1.0873907,-0.31595421,1.809948,0.0096920003
0.21954381,105.19808,1.7666076,-1.0629503,-0.30819832,1.7570062,0.0096013229
0.21962907,105.23893,1.6736595,-1.0325781,-0.29995653,1.6642376,0.0094219312
0.21967791,105.26233,1.6051448,-1.0196459,-0.29967521,1.5958148,0.0093300222
0.21975131,105.2975,1.579663,-1.0067519,-0.2965269,1.5704663,0.0091966982
0.21980035,105.321,1.5582166,-1.007397,-0.29842342,1.5491073,0.009109307
0.21988632,105.36219,1.6603081,-1.0226652,-0.29675772,1.6513543,0.0089538226
0.21992321,105.37987,1.7346722,-1.0289878,-0.29270229,1.7257906,0.0088816022
0.22000943,105.42118,1.9032945,-1.0398642,-0.28057963,1.8946032,0.0086913386
0.22004642,105.43891,1.9321624,-1.0334497,-0.27312976,1.923561,0.0086013282
0.22013279,105.4803,1.9193783,-1.0128337,-0.25793212,1.9109873,0.0083909874
0.22016983,105.49804,1.8732063,-0.99913654,-0.251833,1.8649037,0.0083026259
0.22025629,105.53947,1.8193716,-0.99105592,-0.24590853,1.8112637,0.008107898
0.22029337,105.55724,1.8029259,-0.98448282,-0.24085435,1.7948991,0.0080268097
0.22037991,105.59871,1.7102564,-0.96894857,-0.23354244,1.7024065,0.0078499773
0.22042936,105.6224,1.670359,-0.96573677,-0.23083566,1.6626044,0.0077545888
0.22050353,105.65794,1.6320018,-0.95194486,-0.22068045,1.6243815,0.0076203665
0.22055292,105.68161,1.5557082,-0.93219355,-0.21296513,1.5481689,0.007539333
0.22062699,105.7171,1.4716326,-0.91293324,-0.20332165,1.464205,0.0074275676
0.22067636,105.74075,1.4506356,-0.91270283,-0.20037979,1.4432729,0.0073626564
0.22076266,105.78211,1.3621342,-0.89459703,-0.19153021,1.3548703,0.0072639136
0.22079961,105.79981,1.3189032,-0.89356258,-0.19139792,1.3116776,0.0072255971
0.22088573,105.84108,1.2713426,-0.89123104,-0.18794504,1.2641912,0.0071513967
0.22092262,105.85875,1.2518266,-0.894344,-0.18878231,1.2447008,0.0071258387
0.22100853,105.89992,1.1581484,-0.90700703,-0.19186642,1.1510641,0.0070842773
0.22104531,105.91754,1.1681641,-0.91536085,-0.19361873,1.1610898,0.0070743143
0.22113096,105.95859,1.1855791,-0.94060556,-0.19990463,1.1785221,0.0070569837
0.22117982,105.982,1.2071077,-0.94688769,-0.19868645,1.2000571,0.0070506012
0.22126514,106.02288,1.3226308,-0.97366341,-0.20141251,1.3156015,0.0070293092
0.22130163,106.04036,1.3887203,-0.98715119,-0.20036983,1.3817059,0.0070144281
0.22138657,106.08107,1.5124388,-1.0146096,-0.19745362,1.5054782,0.006960553
0.22142288,106.09847,1.5375311,-1.0198083,-0.19446166,1.5306004,0.0069307129
0.22150741,106.13897,1.480685,-0.99481585,-0.17642697,1.4738186,0.0068664339
0.22155557,106.16205,1.4335188,-0.98498446,-0.16940125,1.4266832,0.0068355734
0.22163958,106.2023,1.4334913,-0.96922514,-0.15797602,1.4266997,0.0067915793
0.22167548,106.2195,1.4303008,-0.971366,-0.15609069,1.423532,0.0067687258
0.22175897,106.25951,1.3248795,-0.96355302,-0.14842356,1.3181543,0.0067251751
0.2218065,106.28228,1.3068608,-0.96308113,-0.14439925,1.3001545,0.0067062519
0.22188938,106.322,1.1986059,-0.9529094,-0.13660794,1.1919205,0.0066854486
0.22192477,106.33895,1.1768877,-0.95183365,-0.1334214,1.1702048,0.0066829254
0.22200705,106.37838,1.0838654,-0.94746917,-0.12847331,1.077181,0.0066843973
0.22205389,106.40082,1.0682844,-0.96045666,-0.13074305,1.0615928,0.0066915832
0.2221355,106.43993,1.0390751,-0.97588211,-0.13345115,1.0323694,0.0067056282
0.22218193,106.46218,1.0756223,-0.99101757,-0.13472539,1.0689103,0.0067119713
0.22226285,106.50095,1.2943558,-1.0515968,-0.14472113,1.2876642,0.0066915723
0.22229739,106.5175,1.3961594,-1.0768908,-0.14520925,1.3894981,0.0066612937
0.22238909,106.56144,1.4040996,-1.0763939,-0.12959327,1.3975516,0.0065479788
0.22242334,106.57785,1.3344188,-1.065785,-0.12438754,1.3279088,0.0065099333
0.22251424,106.62141,1.203918,-1.052723,-0.11791989,1.1974908,0.0064271962
0.22254818,106.63767,1.1643333,-1.0536043,-0.11947639,1.1579308,0.0064025139
0.22263834,106.68087,1.2235904,-1.1164547,-0.14311091,1.2172549,0.0063354279
0.22268321,106.70237,1.3852491,-1.1688116,-0.15517081,1.3789634,0.0062856826
0.22276145,106.73986,1.6084481,-1.228922,-0.15908907,1.6023129,0.006135249
0.22280599,106.7612,1.5599929,-1.2259526,-0.15404366,1.5539556,0.0060373047
0.22288365,106.79841,1.3737021,-1.2096094,-0.15273527,1.3678142,0.0058878793
0.22292786,106.8196,1.3338943,-1.2296165,-0.16564617,1.3280777,0.0058166083
0.22301599,106.86183,1.5593124,-1.3329867,-0.20041591,1.5536477,0.0056646525
0.22304892,106.87761,1.7332003,-1.3792532,-0.20818842,1.7276151,0.0055851526
0.22313646,106.91955,1.6981147,-1.3972291,-0.20455895,1.6927814,0.0053332921
0.22318008,106.94045,1.536087,-1.3845109,-0.20697784,1.530864,0.0052230467
0.22326706,106.98213,1.5225752,-1.4518613,-0.24683817,1.5175292,0.0050459535
0.22329958,106.99772,1.6509026,-1.4990667,-0.26329222,1.6459252,0.0049773353
0.2233861,107.03917,1.9470179,-1.5687,-0.26608176,1.9422861,0.0047317464
0.22342923,107.05984,1.8000624,-1.5528711,-0.26094155,1.7954585,0.0046039442
0.22351528,107.10107,1.5364824,-1.5632542,-0.28875593,1.5320623,0.0044200719
0.22355818,107.12163,1.661442,-1.6172243,-0.31303186,1.6570963,0.0043457134
0.22363314,107.15754,1.9939368,-1.6992313,-0.32793077,1.9897589,0.004177914
0.22367589,107.17803,1.9967305,-1.7029073,-0.32042507,1.9926684,0.0040621542
0.22376124,107.21893,1.6016789,-1.6594097,-0.32513333,1.5978005,0.0038783629
0.22380384,107.23934,1.5842549,-1.6892412,-0.34970092,1.5804338,0.0038210986
0.22388894,107.28012,1.9391602,-1.7819177,-0.3755669,1.9354706,0.0036895538
0.22393146,107.30049,1.9922336,-1.7865582,-0.3660358,1.9886331,0.0036005364
0.22401633,107.34116,1.5771452,-1.7151619,-0.35463352,1.5736947,0.0034504442
0.22405877,107.3615,1.4979098,-1.7144997,-0.36901049,1.4944936,0.0034162847
0.22414365,107.40217,1.7577662,-1.7728116,-0.38992219,1.7543997,0.003366443
0.22418609,107.4225,1.8663722,-1.7804312,-0.38293543,1.8630351,0.0033370528
0.22426036,107.45809,1.5621704,-1.7140492,-0.36675301,1.5588507,0.0033196701
0.2243028,107.47842,1.3492607,-1.685178,-0.37421674,1.345884,0.0033766333
0.22438767,107.51909,1.510834,-1.7232861,-0.40806274,1.5072068,0.0036271979
0.2244289,107.53885,1.6922824,-1.7538764,-0.41744191,1.6884889,0.0037935295
0.22451315,107.57922,1.5879444,-1.7404635,-0.43066012,1.5837048,0.0042396092
0.22455752,107.60048,1.5128511,-1.7390506,-0.4489411,1.5083174,0.0045337157
0.22463651,107.63833,1.6212261,-1.8135068,-0.50385333,1.6161064,0.0051196663
0.22468053,107.65942,1.7330465,-1.8608523,-0.52994288,1.7275968,0.0054497415
0.22476914,107.70188,1.7655368,-1.9128262,-0.56836054,1.7594216,0.0061152509
0.22480465,107.71889,1.7174295,-1.9224691,-0.58370155,1.7110357,0.0063938353
0.22489236,107.76092,1.7751888,-1.9923308,-0.6338926,1.7680775,0.0071112209
0.22493531,107.7815,1.864345,-2.0375026,-0.65597364,1.8568844,0.0074606403
0.22501919,107.82169,1.8999741,-2.0776935,-0.67877519,1.8918566,0.0081175048
0.22506014,107.84132,1.8447846,-2.0795165,-0.68727406,1.8363486,0.0084360307
0.22514033,107.87974,1.8446712,-2.1128594,-0.71308597,1.8356101,0.0090610909
0.22517971,107.89861,1.884814,-2.1411281,-0.72703429,1.875454,0.0093599722
0.22526512,107.93954,1.8950121,-2.1603995,-0.73776759,1.8850485,0.0099635925
0.22531126,107.96164,1.8646263,-2.1565158,-0.74037296,1.854353,0.010273349
0.22538821,107.99852,1.8717895,-2.1875506,-0.75999461,1.861027,0.010762488
0.22543471,108.0208,1.9012008,-2.2071554,-0.7679241,1.8901741,0.01102674
0.22551353,108.05857,1.8549331,-2.1905245,-0.76309341,1.8435151,0.011418001
0.22556222,108.0819,1.8561197,-2.2072977,-0.77375225,1.8444803,0.011639443
0.22563857,108.11848,1.8896895,-2.2227925,-0.77864647,1.8777538,0.011935749
0.22568335,108.13994,1.8366637,-2.1997887,-0.77014228,1.8245827,0.012080997
0.22576989,108.1814,1.8681954,-2.2134689,-0.77829603,1.8558507,0.012344767
0.22581169,108.20144,1.9284888,-2.220554,-0.77630899,1.9160432,0.0124456
0.2258882,108.2381,1.7932178,-2.182879,-0.76596717,1.7806253,0.012592474
0.22593198,108.25907,1.7844147,-2.1749894,-0.76532306,1.7717315,0.012683265
0.22601976,108.30113,1.9027355,-2.184495,-0.76056658,1.8899106,0.012824885
0.2260637,108.32219,1.8033478,-2.1559261,-0.75177438,1.7904816,0.012866205
0.22614078,108.35912,1.7613592,-2.1247402,-0.74360168,1.7484079,0.012951358
0.22618489,108.38026,1.8466859,-2.1309366,-0.74154858,1.8336832,0.01300278
0.22627327,108.42261,1.7799627,-2.0921895,-0.72566942,1.7669047,0.013058012
0.22630652,108.43854,1.7586049,-2.0709894,-0.71812955,1.745536,0.013068897
0.22639527,108.48107,1.8064672,-2.0486948,-0.70955862,1.7933652,0.013101963
0.22643976,108.50238,1.8804277,-2.045385,-0.70243544,1.8673195,0.013108237
0.22651778,108.53977,1.775187,-1.9879943,-0.68121138,1.7620981,0.013088966
0.22656243,108.56116,1.7171036,-1.9549226,-0.67194558,1.704031,0.013072605
0.22664086,108.59875,1.7940346,-1.936241,-0.66319082,1.7809908,0.013043827
0.22668576,108.62026,1.868835,-1.9311734,-0.65664045,1.8558249,0.013010087
0.22676454,108.65801,1.7897176,-1.8692875,-0.63230226,1.7767957,0.012921927
0.22680972,108.67966,1.7271105,-1.8262416,-0.61883593,1.7142415,0.012868981
0.22688896,108.71762,1.7598906,-1.7938765,-0.60921068,1.7470977,0.01279297
0.22693432,108.73936,1.871963,-1.7911615,-0.60300942,1.8592231,0.012739847
0.22701399,108.77754,1.8383962,-1.7460722,-0.58288809,1.8257859,0.01261026
0.22705965,108.79942,1.7844868,-1.6930514,-0.56380649,1.7719582,0.012528542
0.22713979,108.83782,1.7111179,-1.6254348,-0.54604976,1.6987117,0.012406213
0.22718577,108.85985,1.753416,-1.6224104,-0.54634736,1.7410651,0.012350951
0.22726646,108.89851,1.9059917,-1.6039716,-0.5278379,1.8937726,0.01221903
0.22731267,108.92065,1.9195207,-1.5827973,-0.51671443,1.907403,0.012117747
0.22739395,108.9596,1.7997825,-1.5065489,-0.49156855,1.7878606,0.011921911
0.22744052,108.98192,1.728748,-1.465127,-0.48074403,1.7169322,0.011815828
0.22752224,109.02107,1.6959697,-1.4112919,-0.46615727,1.6843037,0.011666061
0.22755746,109.03795,1.7475963,-1.4073416,-0.46453119,1.7359859,0.011610408
0.22763965,109.07733,1.932696,-1.3868659,-0.44288249,1.9212524,0.01144362
0.2276869,109.09997,1.9567317,-1.3645155,-0.43034549,1.9454135,0.011318127
0.22776967,109.13964,1.9060287,-1.3089609,-0.40842626,1.8949625,0.011066181
0.22781724,109.16243,1.8554174,-1.2779541,-0.39817342,1.8445036,0.010913878
0.22790056,109.20235,1.7435665,-1.2266707,-0.38428031,1.7328991,0.010667393
0.22793649,109.21957,1.6846821,-1.2037552,-0.37994954,1.6741059,0.010576212
0.22802032,109.25974,1.6490718,-1.1737854,-0.37247209,1.6386637,0.010408117
0.22806841,109.28278,1.6705688,-1.1679595,-0.37109439,1.6602385,0.010330256
0.22814084,109.31749,1.8199941,-1.1684933,-0.36219422,1.8097987,0.010195372
0.22818912,109.34062,1.9345773,-1.1575115,-0.34846059,1.9245036,0.01007374
0.22827362,109.38111,1.9630733,-1.1192735,-0.32541204,1.9532553,0.0098180283
0.22830995,109.39852,1.9667785,-1.1023398,-0.31578599,1.9570782,0.0097002902
0.22839526,109.4394,1.8983115,-1.0686546,-0.30184387,1.8888783,0.0094332004
0.22844401,109.46275,1.9100724,-1.0585822,-0.29416795,1.9007801,0.0092923634
0.22851713,109.49779,1.8127601,-1.0187368,-0.27910544,1.8036562,0.0091038308
0.22856588,109.52115,1.7751814,-1.0064439,-0.27442372,1.7661876,0.0089938122
0.2286521,109.56247,1.6434586,-0.96539665,-0.2615661,1.6346433,0.0088153258
0.22868912,109.5802,1.581977,-0.94653806,-0.25653909,1.5732332,0.0087437942
0.2287755,109.62159,1.5242293,-0.94456384,-0.2572745,1.5156528,0.0085764576
0.22881251,109.63933,1.4786962,-0.93243101,-0.25433955,1.4701859,0.0085103429
0.22889889,109.68072,1.4880652,-0.95335729,-0.26084431,1.4796946,0.0083705305
0.22893591,109.69846,1.4829513,-0.95292816,-0.25947297,1.4746313,0.0083199555
0.22902228,109.73984,1.5963901,-0.98183693,-0.26114363,1.5881874,0.0082027671
0.2290593,109.75758,1.6776563,-0.99487464,-0.25898435,1.6695106,0.0081457206
0.22914568,109.79897,1.8371138,-1.0160164,-0.25139423,1.8291282,0.0079856234
0.22919504,109.82262,1.8550788,-1.0156586,-0.24562831,1.8471978,0.0078809269
0.22926907,109.8581,1.8179464,-0.99651189,-0.23297616,1.8102222,0.007724243
0.22931843,109.88175,1.7856716,-0.99574388,-0.23022775,1.7780513,0.0076203277
0.22939247,109.91722,1.7017734,-0.9736652,-0.21956288,1.6942922,0.0074811696
0.22944182,109.94087,1.6749681,-0.98080258,-0.22107301,1.6675732,0.0073948186
0.2295282,109.98226,1.6118197,-0.9726469,-0.21413439,1.6045652,0.0072545626
0.22956522,110,1.5603012,-0.96483882,-0.21110453,1.5530993,0.0072018586
0.22965131,110.04125,1.4970335,-0.95549302,-0.20333249,1.489939,0.0070945115
0.22968817,110.05891,1.4708204,-0.948096,-0.1985399,1.4637664,0.0070539905
0.22977403,110.10006,1.3982322,-0.93679299,-0.19063594,1.3912611,0.0069711693
0.22981078,110.11767,1.3701552,-0.92555078,-0.18366499,1.3632128,0.0069423949
0.2298964,110.15869,1.2981094,-0.91514526,-0.17684438,1.2912197,0.0068897511
0.22994522,110.18209,1.2592506,-0.91135249,-0.17377068,1.2523843,0.0068662234
0.23001833,110.21712,1.2021314,-0.90254473,-0.16693333,1.195286,0.0068454363
0.23006697,110.24042,1.1503348,-0.8998048,-0.16482209,1.1434972,0.0068376188
0.23015188,110.28111,1.1131594,-0.90307546,-0.16297682,1.1063262,0.0068332219
0.23018818,110.2985,1.1076712,-0.9133606,-0.16565073,1.1008357,0.0068354231
0.2302727,110.339,1.1099534,-0.93316884,-0.16982412,1.1031076,0.0068458271
0.23032086,110.36208,1.1062494,-0.94060074,-0.17040956,1.0993954,0.0068540417
0.23040488,110.40234,1.1396425,-0.95724674,-0.17110632,1.1327675,0.0068749511
0.2304408,110.41955,1.1920904,-0.97210431,-0.17336347,1.1852104,0.0068800574
0.23052433,110.45957,1.3532025,-1.0084474,-0.17264748,1.3463369,0.0068656516
0.23057189,110.48236,1.4139061,-1.0190696,-0.16759326,1.4070643,0.0068417071
0.2306548,110.52209,1.375288,-0.99905132,-0.14855788,1.3684979,0.0067900582
0.23069021,110.53906,1.3174533,-0.98272374,-0.13961706,1.3106831,0.0067701903
0.23077253,110.57851,1.2509565,-0.96704278,-0.12881617,1.24423,0.0067265012
0.23081938,110.60095,1.2152178,-0.96835683,-0.12554544,1.2085118,0.0067059358
0.230901,110.64006,1.1160242,-0.96321136,-0.1197421,1.1093445,0.0066796806
0.23094743,110.66231,1.0604582,-0.96526775,-0.1190476,1.0537882,0.0066700144
0.23102833,110.70108,0.99935695,-0.98563147,-0.12440276,0.99269361,0.006663332
0.23106288,110.71763,1.0597,-0.99912083,-0.12810672,1.0530383,0.0066617307
0.23115462,110.76159,1.2929269,-1.0738639,-0.1422429,1.2862996,0.0066272538
0.23118888,110.77801,1.4079947,-1.1046611,-0.14474108,1.4014031,0.0065915751
0.23127985,110.82159,1.4328831,-1.1125374,-0.13214333,1.4264284,0.006454633
0.23131381,110.83787,1.3881842,-1.1022675,-0.12539887,1.3817794,0.0064047811
0.23140401,110.88109,1.2205384,-1.0893216,-0.12351917,1.214244,0.0062944064
0.23144891,110.9026,1.1817765,-1.1053514,-0.13352079,1.1755256,0.0062508087
0.2315272,110.94011,1.3446928,-1.1832128,-0.15880799,1.338527,0.0061658076
0.23157176,110.96147,1.5542747,-1.2452296,-0.17170036,1.5481863,0.0060884209
0.23164945,110.9987,1.6267542,-1.2744539,-0.16786984,1.6208542,0.0058999671
0.23169369,111.01989,1.5115478,-1.259601,-0.16309352,1.5057522,0.0057955477
0.23178186,111.06214,1.3456306,-1.2749893,-0.18087392,1.3400047,0.0056258732
0.23181482,111.07793,1.4029367,-1.3135582,-0.19702987,1.3973677,0.0055689911
0.23190241,111.11991,1.8058003,-1.434755,-0.22412858,1.8004329,0.0053673877
0.23194606,111.14082,1.8266028,-1.4507215,-0.22248458,1.8213669,0.0052358681
0.23203308,111.18252,1.5011514,-1.4240245,-0.22509298,1.4961426,0.005008795
0.23206561,111.19811,1.4674248,-1.4448918,-0.24068623,1.4624811,0.0049437787
0.23215216,111.23958,1.7716468,-1.5551238,-0.28024113,1.766879,0.0047678385
0.23219532,111.26026,1.956985,-1.6012445,-0.28459258,1.952336,0.0046490117
0.2322814,111.3015,1.717382,-1.5727491,-0.27109895,1.7129777,0.004404332
0.23232434,111.32208,1.5574189,-1.5746747,-0.28778741,1.5531009,0.004318064
0.23239932,111.35801,1.6866271,-1.6562283,-0.33060036,1.6824289,0.0041982217
0.2324421,111.37851,1.9182142,-1.7144534,-0.34385109,1.9141006,0.004113585
0.23252748,111.41942,1.9126039,-1.7130056,-0.32643561,1.9087036,0.0039003094
0.2325701,111.43984,1.6370747,-1.6768021,-0.32698317,1.6332589,0.0038158274
0.23265521,111.48062,1.6319128,-1.7231712,-0.36682937,1.628204,0.0037087284
0.23269773,111.501,1.8033694,-1.768593,-0.38023536,1.7997182,0.0036512326
0.23278267,111.5417,1.9137678,-1.7808588,-0.36417015,1.9102725,0.0034952661
0.2328251,111.56203,1.6622971,-1.735044,-0.3575243,1.6588669,0.0034302105
0.23289934,111.5976,1.472867,-1.711879,-0.37423309,1.4694752,0.0033917779
0.23294175,111.61792,1.5985845,-1.7479756,-0.39098658,1.5951969,0.0033876819
0.2330266,111.65858,1.8200297,-1.761923,-0.38000223,1.8166382,0.0033914541
0.23306903,111.67891,1.6475543,-1.7214574,-0.36952427,1.6441374,0.0034168825
0.23315394,111.7196,1.2916352,-1.6780412,-0.39065664,1.2879901,0.0036450714
0.23319523,111.73938,1.4381429,-1.7133364,-0.4131837,1.4343129,0.0038300825
0.23327944,111.77973,1.6808727,-1.7746621,-0.44521646,1.6765779,0.0042948195
0.23332372,111.80095,1.6415358,-1.7718383,-0.45452106,1.6369602,0.0045755129
0.23340247,111.83868,1.559172,-1.7892182,-0.49148657,1.5540326,0.0051393818
0.23344632,111.8597,1.6162639,-1.8334238,-0.52321193,1.6107913,0.0054725739
0.23353454,111.90197,1.8124256,-1.9292414,-0.57555214,1.8062801,0.0061455161
0.2335699,111.91891,1.8360615,-1.9490961,-0.58871,1.8296467,0.0064148752
0.23365738,111.96083,1.7461135,-1.9771034,-0.62374062,1.7390087,0.0071047559
0.23370025,111.98137,1.770463,-2.0075579,-0.645407,1.763008,0.0074550758
0.23378397,112.02148,1.9026859,-2.0817686,-0.68290961,1.8945603,0.0081256019
0.23382488,112.04109,1.9204713,-2.0997762,-0.69260367,1.9120327,0.0084386478
0.233905,112.07948,1.8409978,-2.1023059,-0.70524417,1.8319531,0.0090447622
0.23394434,112.09833,1.8296965,-2.1153544,-0.71650503,1.8203548,0.0093416945
0.23402968,112.13922,1.9033433,-2.1664348,-0.74190778,1.8933854,0.0099578685
0.23407584,112.16134,1.90745,-2.1723569,-0.74509095,1.8971885,0.0102615
0.23415283,112.19823,1.8541285,-2.1658974,-0.74904203,1.8433885,0.010740028
0.23419936,112.22052,1.8667048,-2.1878399,-0.76168316,1.8556955,0.011009278
0.23427825,112.25833,1.8932936,-2.2060299,-0.76879805,1.8818877,0.011405914
0.23432705,112.28171,1.8492101,-2.1891404,-0.76367819,1.8375928,0.011617253
0.23440358,112.31838,1.8727661,-2.2128681,-0.77657319,1.8608427,0.011923479
0.2344485,112.33991,1.8975767,-2.2178003,-0.77630418,1.8855039,0.012072717
0.23453543,112.38156,1.8096447,-2.1846729,-0.76713661,1.7973272,0.012317556
0.23457748,112.40171,1.8547007,-2.1994437,-0.77421345,1.8422682,0.012432501
0.23465406,112.43841,1.9070299,-2.1959805,-0.76585175,1.8944436,0.012586347
0.23469789,112.45941,1.8135947,-2.1737633,-0.76050953,1.8009411,0.012653529
0.2347857,112.50148,1.8335143,-2.1612114,-0.75738572,1.8207112,0.012803069
0.23482968,112.52256,1.9065915,-2.1670612,-0.75414675,1.8937264,0.012865109
0.23490679,112.5595,1.7798576,-2.1225028,-0.73935536,1.766927,0.012930595
0.23495092,112.58065,1.7371824,-2.1004046,-0.73401843,1.7242141,0.012968345
0.2350283,112.61773,1.8576282,-2.1019543,-0.72919119,1.8445885,0.013039675
0.23507261,112.63896,1.8735988,-2.0874523,-0.72043559,1.8605379,0.013060853
0.23516142,112.68151,1.7306706,-2.0232591,-0.70084035,1.7175953,0.013075295
0.2351948,112.69751,1.7420701,-2.0107241,-0.6966755,1.7289913,0.013078809
0.23528401,112.74025,1.8754495,-2.002938,-0.68578201,1.8623726,0.013076834
0.23532873,112.76168,1.8260695,-1.970336,-0.67261019,1.813014,0.013055486
0.23540718,112.79928,1.7274774,-1.9091251,-0.65257743,1.7144718,0.013005566
0.23545213,112.82081,1.7146221,-1.8910529,-0.64824299,1.7016425,0.012979667
0.23553098,112.8586,1.8744817,-1.8860949,-0.63961771,1.861567,0.012914702
0.23557615,112.88024,1.8624021,-1.8570473,-0.6270843,1.8495462,0.012855915
0.23565543,112.91823,1.7470332,-1.7768591,-0.59889995,1.7342897,0.012743452
0.23570086,112.94,1.7072545,-1.7428901,-0.59201507,1.6945644,0.012690104
0.2357806,112.97821,1.8399057,-1.7387848,-0.58591876,1.8273044,0.012601324
0.2358263,113.0001,1.8972157,-1.722658,-0.57405297,1.8846859,0.012529737
0.23590653,113.03855,1.828188,-1.6550191,-0.54773252,1.8158109,0.012377088
0.23595252,113.06058,1.7520507,-1.6114557,-0.53565244,1.7397614,0.012289348
0.23603326,113.09927,1.708601,-1.5523346,-0.52021898,1.6964388,0.012162178
0.23607955,113.12145,1.775608,-1.5484938,-0.51791337,1.7635089,0.012099091
0.23616083,113.1604,1.9202226,-1.526105,-0.49727732,1.9082768,0.01194579
0.23620742,113.18272,1.9274607,-1.4976905,-0.48374112,1.9156294,0.01183127
0.23628925,113.22193,1.830964,-1.422855,-0.45746061,1.8193507,0.011613273
0.23632443,113.23879,1.7766329,-1.3981983,-0.45208485,1.7651107,0.011522129
0.23640677,113.27824,1.6862263,-1.3414006,-0.43818722,1.6748869,0.011339383
0.23645398,113.30087,1.690742,-1.3282899,-0.43593408,1.6794854,0.011256546
0.23653689,113.34059,1.8832948,-1.3163775,-0.42071158,1.8721944,0.011100349
0.23657252,113.35767,1.9333754,-1.3012653,-0.41028526,1.922361,0.011014393
0.23665594,113.39764,1.967774,-1.2588301,-0.38640805,1.9570051,0.010768978
0.23670375,113.42055,1.9474004,-1.2326182,-0.375533,1.9367888,0.010611616
0.2367877,113.46077,1.8655405,-1.1804884,-0.35630534,1.8552094,0.010331048
0.23682377,113.47806,1.8200018,-1.1597524,-0.34962132,1.8097827,0.010219092
0.23690817,113.5185,1.7083402,-1.1141052,-0.33737246,1.698341,0.0099992181
0.23695654,113.54168,1.6462421,-1.0910074,-0.33258081,1.6363431,0.0098989571
0.23704144,113.58236,1.5968345,-1.0731186,-0.33053237,1.5870806,0.0097538622
0.23707792,113.59984,1.6363241,-1.0817092,-0.33284663,1.6266279,0.0096961192
0.23716316,113.64068,1.7728684,-1.0893467,-0.32723331,1.7633342,0.0095342064
0.23719976,113.65822,1.8360747,-1.0884201,-0.32131376,1.8266279,0.0094468035
0.23728541,113.69926,1.9454544,-1.064585,-0.29803724,1.9362441,0.0092103089
0.23733445,113.72276,1.9637074,-1.0498551,-0.28688496,1.9546377,0.0090696624
0.23740811,113.75805,1.9071544,-1.0239579,-0.27435849,1.898288,0.008866412
0.23745729,113.78162,1.8933714,-1.0172371,-0.26918667,1.8846326,0.0087388483
0.23754345,113.8229,1.819864,-0.99610943,-0.25911129,1.811332,0.0085319854
0.23758043,113.84062,1.8023339,-0.99184587,-0.25684285,1.7938851,0.0084487126
0.23766676,113.88199,1.7080978,-0.95857848,-0.24200644,1.6998338,0.0082640137
0.23770379,113.89973,1.680041,-0.94627788,-0.23485424,1.6718521,0.008188953
0.23779023,113.94115,1.562144,-0.92539744,-0.22785012,1.5541155,0.0080284789
0.2378273,113.95891,1.5133814,-0.90972324,-0.22168541,1.5054163,0.0079650792
0.23791382,114.00037,1.4399887,-0.89668839,-0.21511718,1.4321648,0.007823885
0.2379509,114.01814,1.4077105,-0.89911737,-0.21655266,1.3999421,0.0077683262
0.23803742,114.0596,1.3498324,-0.89942253,-0.21655271,1.3421771,0.0076552628
0.23807449,114.07736,1.3515062,-0.90730656,-0.21831363,1.3438923,0.0076139267
0.23816092,114.11878,1.3640912,-0.93307864,-0.22546656,1.3565616,0.0075295966
0.23821029,114.14243,1.3805487,-0.93910831,-0.22461355,1.3730619,0.0074868474
0.23828428,114.17788,1.4712291,-0.97187587,-0.22956112,1.4638101,0.0074190498
0.23833356,114.2015,1.5541147,-0.99007436,-0.22878206,1.5467473,0.0073673773
0.2384197,114.24277,1.6591204,-1.0127476,-0.22547562,1.6518662,0.0072542185
0.23845656,114.26044,1.6991582,-1.0197881,-0.22299474,1.691958,0.0072001901
0.23854246,114.3016,1.6206739,-0.99936052,-0.20966654,1.6135939,0.007079945
0.23857922,114.31921,1.6204883,-0.99330031,-0.20357008,1.613455,0.0070332956
0.23866482,114.36023,1.5187315,-0.97465109,-0.19333744,1.5117921,0.0069393871
0.23870144,114.37777,1.4906762,-0.96919439,-0.18925833,1.4837697,0.0069065358
0.23878671,114.41863,1.4444621,-0.97201412,-0.18614859,1.4376218,0.0068403114
0.23883532,114.44193,1.4160219,-0.97086458,-0.18293074,1.4092131,0.0068088928
0.23892019,114.48259,1.369761,-0.95591207,-0.17379566,1.3629934,0.0067675754
0.23895647,114.49997,1.3579435,-0.95822922,-0.17263826,1.3511916,0.0067519409
0.23904092,114.54044,1.2979746,-0.94968179,-0.1644088,1.2912507,0.0067238529
0.239077,114.55773,1.2579018,-0.94091434,-0.15908145,1.2511846,0.0067172045
0.23916098,114.59797,1.2027198,-0.93215625,-0.15032634,1.1960062,0.0067136627
0.23920881,114.62089,1.1533093,-0.92579609,-0.14580821,1.1465935,0.0067157931
0.23929224,114.66087,1.0965801,-0.92820905,-0.14266994,1.0898461,0.0067339984
0.23932789,114.67795,1.0974019,-0.93669924,-0.14361283,1.0906592,0.0067426871
0.23941078,114.71766,1.07248,-0.95181169,-0.14640494,1.0657164,0.0067635803
0.23945795,114.74027,1.0779878,-0.96175453,-0.14747485,1.0712123,0.0067754843
0.2395402,114.77968,1.1573204,-0.99092632,-0.15083572,1.1505319,0.006788471
0.239587,114.80211,1.2844179,-1.0212869,-0.15269692,1.2776406,0.0067773857
0.23966858,114.84119,1.3909506,-1.0422331,-0.14332565,1.3842363,0.0067143278
0.23970339,114.85788,1.3583705,-1.0364478,-0.13699319,1.3516883,0.0066822228
0.23979584,114.90218,1.2252987,-1.006001,-0.1181596,1.2186857,0.0066130676
0.23983036,114.91871,1.1880822,-1.0020511,-0.11524272,1.1814878,0.0065943227
0.239922,114.96262,1.0969205,-1.0064932,-0.11616335,1.0903612,0.0065593298
0.23995622,114.97902,1.0938421,-1.0221825,-0.12212675,1.0872956,0.0065465042
0.24004709,115.02256,1.2576843,-1.0920861,-0.14026619,1.2511898,0.0064944552
0.24008102,115.03882,1.3914353,-1.1333821,-0.14822341,1.3849782,0.0064570336
0.24017115,115.08201,1.5280607,-1.1693818,-0.14216846,1.5217596,0.0063010902
0.24020482,115.09814,1.4621836,-1.162138,-0.13837667,1.4559435,0.0062401252
0.24029422,115.14098,1.2757337,-1.1450287,-0.1371299,1.2696302,0.0061034397
0.24033875,115.16232,1.2528807,-1.1674262,-0.14966843,1.2468341,0.0060465622
0.24041638,115.19952,1.4704935,-1.2608579,-0.17990114,1.46456,0.0059334951
0.24046059,115.2207,1.6703032,-1.3165799,-0.18826238,1.6644683,0.0058349082
0.24053769,115.25764,1.6454452,-1.3275397,-0.18172164,1.6398188,0.0056264576
0.2405816,115.27869,1.501642,-1.3110268,-0.17968554,1.4961221,0.0055199848
0.24066914,115.32063,1.4415255,-1.3733602,-0.21797321,1.4361783,0.0053472744
0.24071276,115.34153,1.6065155,-1.4307401,-0.23628414,1.6012574,0.0052580834
0.24078887,115.378,1.8900569,-1.5073074,-0.2444914,1.8850113,0.0050455692
0.24083225,115.39879,1.7807841,-1.4928175,-0.23668511,1.7758701,0.0049140474
0.24091873,115.44023,1.4962708,-1.4960995,-0.26092228,1.4915544,0.0047164377
0.24096186,115.46089,1.5907984,-1.5496996,-0.28591114,1.5861612,0.0046372102
0.24104791,115.50212,1.9906582,-1.6518683,-0.30458178,1.9862253,0.0044328954
0.2410801,115.51755,1.9734095,-1.6516147,-0.29895681,1.9690701,0.004339473
0.24116578,115.5586,1.597192,-1.6188948,-0.30380515,1.5930583,0.0041336497
0.24120853,115.57909,1.5545029,-1.6421864,-0.32562498,1.5504354,0.0040675153
0.24129388,115.61999,1.9106928,-1.7413505,-0.35729458,1.9067674,0.0039254408
0.2413365,115.64041,2.0038338,-1.7613701,-0.35343393,2.0000056,0.0038281916
0.24142158,115.68117,1.6360149,-1.7023966,-0.34057171,1.6323666,0.003648284
0.24146408,115.70154,1.5264881,-1.7035368,-0.35730299,1.522892,0.0035961546
0.24154901,115.74223,1.7741057,-1.7753314,-0.38627488,1.7706004,0.0035052891
0.24158084,115.75748,1.8816444,-1.7901414,-0.38186358,1.878183,0.0034613737
0.24166566,115.79813,1.6783911,-1.7397762,-0.36172688,1.6750444,0.0033467154
0.24170808,115.81845,1.4675776,-1.7105688,-0.36860751,1.4642435,0.0033340924
0.24179291,115.8591,1.5011387,-1.7343546,-0.39487562,1.4977474,0.0033912739
0.24183532,115.87942,1.7034949,-1.7550054,-0.3963781,1.7000494,0.0034454504
0.24192025,115.92012,1.6077957,-1.7164287,-0.38529103,1.6041674,0.0036282636
0.24196116,115.93972,1.4076834,-1.6923574,-0.39760555,1.4038839,0.0037995261
0.24204483,115.97982,1.5068062,-1.7423596,-0.44412791,1.5025117,0.0042945263
0.24208894,116.00095,1.6269188,-1.7794174,-0.4663292,1.6223259,0.0045928084
0.24216757,116.03863,1.7125398,-1.8275479,-0.5002435,1.7073909,0.0051489605
0.24221141,116.05964,1.6456314,-1.834457,-0.51786134,1.6401629,0.0054684792
0.24229952,116.10186,1.6773554,-1.8971782,-0.57085469,1.6712007,0.0061547092
0.24233483,116.11877,1.7636881,-1.9407389,-0.59454449,1.7572505,0.0064375419
0.24242212,116.1606,1.8885837,-2.0132099,-0.63297044,1.8814584,0.0071253255
0.24246488,116.18109,1.8267807,-2.0198828,-0.64478903,1.81932,0.0074606436
0.24254838,116.2211,1.7953263,-2.0519537,-0.67543146,1.7871961,0.0081302003
0.24258919,116.24065,1.8509193,-2.0864122,-0.69405375,1.8424632,0.0084560275
0.24266918,116.27898,1.9232496,-2.1319991,-0.7158633,1.9141843,0.0090653277
0.24271628,116.30155,1.8759507,-2.1286561,-0.71903032,1.8665412,0.0094095348
0.24279371,116.33865,1.841217,-2.139488,-0.73340918,1.8312511,0.0099659653
0.24283985,116.36076,1.8755326,-2.1673441,-0.74752332,1.8652508,0.010281773
0.24292461,116.40137,1.8897373,-2.1824345,-0.75439451,1.8789371,0.010800199
0.24296344,116.41998,1.8612169,-2.1743745,-0.7539147,1.8502006,0.011016349
0.24305051,116.4617,1.8790948,-2.2081839,-0.77261019,1.8676334,0.011461398
0.24309141,116.4813,1.8939666,-2.2147589,-0.77485887,1.8823285,0.011638071
0.24316827,116.51813,1.8336706,-2.1911532,-0.76774061,1.8217423,0.011928259
0.24321342,116.53976,1.8599685,-2.2064636,-0.77558718,1.8478805,0.012087986
0.24330103,116.58175,1.8640973,-2.1989077,-0.76849524,1.8517661,0.01233117
0.24334348,116.60208,1.7945081,-2.1834714,-0.7669521,1.7820778,0.012430272
0.24342008,116.63879,1.867406,-2.1917705,-0.76960666,1.8547937,0.012612277
0.24346393,116.6598,1.9296129,-2.1943555,-0.76515504,1.9169227,0.01269021
0.24355177,116.70189,1.7717702,-2.1462738,-0.75126977,1.7589723,0.012797875
0.24358475,116.71769,1.757594,-2.136426,-0.74931732,1.7447494,0.012844606
0.24367291,116.75994,1.8992529,-2.1446491,-0.74419752,1.8862962,0.012956717
0.24371707,116.7811,1.8080622,-2.1184586,-0.73619599,1.7950747,0.01298743
0.24379448,116.81819,1.7486067,-2.0702555,-0.7205349,1.7355759,0.013030734
0.24383881,116.83943,1.8025015,-2.0725294,-0.72079057,1.7894435,0.013057959
0.24392766,116.882,1.8372059,-2.0444585,-0.70372121,1.8241235,0.01308248
0.24396105,116.898,1.7870454,-2.0189548,-0.69454567,1.7739658,0.013079592
0.24405031,116.94077,1.7282708,-1.9736008,-0.68285937,1.7152012,0.013069609
0.24409505,116.96221,1.820144,-1.9712523,-0.67722982,1.8070842,0.013059776
0.24417354,116.99982,1.8411722,-1.9356826,-0.65818685,1.828165,0.013007199
0.2442185,117.02137,1.776193,-1.8960176,-0.64392929,1.7632281,0.012964845
0.24429739,117.05917,1.697512,-1.8392959,-0.62807661,1.6846177,0.01289429
0.24434258,117.08082,1.7920089,-1.8354774,-0.6246615,1.7791524,0.012856529
0.24442191,117.11883,1.9000787,-1.8088537,-0.60693914,1.8873248,0.012753967
0.24446736,117.14061,1.8334447,-1.7696521,-0.59278749,1.8207644,0.01268031
0.24454714,117.17884,1.7372972,-1.691887,-0.56888766,1.7247406,0.012556547
0.24459287,117.20075,1.7075053,-1.6691455,-0.56591735,1.6950037,0.012501687
0.24467314,117.23921,1.8892326,-1.6610223,-0.55218894,1.8768353,0.012397241
0.24471917,117.26127,1.8958241,-1.6467826,-0.54470349,1.8835117,0.012312378
0.24479997,117.29999,1.8437759,-1.5757988,-0.51636866,1.8316379,0.012137979
0.2448463,117.32219,1.7689431,-1.5307173,-0.50361542,1.7569052,0.012037883
0.24492763,117.36116,1.6872103,-1.4714203,-0.49029411,1.6753162,0.011894144
0.24496259,117.37791,1.7330796,-1.4625769,-0.48671791,1.7212375,0.011842085
0.24505613,117.42273,1.9224155,-1.4428767,-0.46587636,1.910753,0.011662478
0.24509134,117.4396,1.9593894,-1.4244655,-0.45477762,1.9478177,0.011571747
0.24517373,117.47908,1.9169398,-1.3651797,-0.43031976,1.9056038,0.011335968
0.24522096,117.50171,1.8103988,-1.3291101,-0.42228186,1.7992023,0.01119653
0.24530391,117.54146,1.7128367,-1.2754215,-0.40893208,1.7018681,0.01096858
0.24533957,117.55854,1.6785864,-1.2568138,-0.40420665,1.6677014,0.010885023
0.24542302,117.59853,1.6858087,-1.2321699,-0.39793145,1.6750799,0.010728782
0.24547086,117.62145,1.7899939,-1.2297792,-0.39164811,1.7793501,0.010643758
0.24555488,117.66171,1.9287025,-1.2031575,-0.36999671,1.9182532,0.010449213
0.245591,117.67902,1.9731627,-1.1893338,-0.35912851,1.9628191,0.01034367
0.24567546,117.71949,1.9640632,-1.1505485,-0.33940271,1.9539934,0.010069816
0.24572387,117.74269,1.9278687,-1.1273413,-0.33019725,1.917959,0.0099096966
0.24579666,117.77757,1.8815382,-1.0895773,-0.31359831,1.8718561,0.0096820506
0.24584529,117.80087,1.8350924,-1.0712424,-0.3077549,1.8255457,0.0095466989
0.24593061,117.84175,1.7179314,-1.0263245,-0.29250925,1.708586,0.0093454365
0.24596722,117.8593,1.6700642,-1.0083341,-0.28747416,1.6607922,0.0092719513
0.2460529,117.90035,1.5832671,-0.99470901,-0.28706761,1.5741612,0.0091059419
0.24608973,117.91799,1.556363,-0.98290531,-0.28357603,1.547326,0.0090370384
0.24617568,117.95918,1.5272835,-0.98691594,-0.28704208,1.5184025,0.0088810795
0.24622492,117.98277,1.59106,-0.99885728,-0.28710658,1.582261,0.0087989922
0.24629878,118.01816,1.7085126,-1.0070623,-0.27959835,1.6998422,0.0086704385
0.24634816,118.04183,1.817837,-1.0284844,-0.27894822,1.8092626,0.0085744587
0.24642224,118.07732,1.9080399,-1.0295797,-0.26776576,1.8996295,0.0084104318
0.24647162,118.10099,1.8864881,-1.0131079,-0.25766321,1.878193,0.0082950069
0.24655805,118.1424,1.852657,-0.99310537,-0.24358843,1.8445636,0.0080934355
0.24659509,118.16015,1.8259862,-0.984783,-0.2385267,1.8179744,0.0080118511
0.24668151,118.20156,1.7729151,-0.98305589,-0.23512001,1.765085,0.007830124
0.24671855,118.21931,1.7350052,-0.97778911,-0.23206974,1.7272506,0.007754625
0.24680497,118.26072,1.6553452,-0.96128588,-0.22267336,1.6477507,0.0075944624
0.24684201,118.27846,1.6189114,-0.96095142,-0.22224277,1.6113812,0.0075302454
0.24692844,118.31988,1.5622162,-0.94551792,-0.21158404,1.5548245,0.007391641
0.24696548,118.33762,1.5059677,-0.93124969,-0.20586353,1.4986287,0.0073389868
0.24705177,118.37897,1.4156749,-0.91057134,-0.1949743,1.4084457,0.0072291939
0.24710097,118.40255,1.3990711,-0.91244569,-0.19247879,1.3918948,0.0071762662
0.24717479,118.43792,1.3160194,-0.89618879,-0.18494454,1.3089101,0.0071092354
0.24722399,118.4615,1.2763389,-0.89601089,-0.18377716,1.2692691,0.0070697951
0.24730978,118.5026,1.2071638,-0.89392972,-0.18042954,1.2001459,0.0070179603
0.24734654,118.52022,1.1631071,-0.89236544,-0.1794423,1.1561031,0.0070039844
0.24743213,118.56123,1.136684,-0.91117321,-0.18391303,1.1297014,0.0069826406
0.24746875,118.57878,1.1407459,-0.91640632,-0.1842987,1.133768,0.0069779429
0.24755404,118.61964,1.1561128,-0.94005306,-0.18992881,1.1491392,0.0069735326
0.2475905,118.63712,1.15355,-0.9430304,-0.18891713,1.1465755,0.0069745392
0.24767543,118.67781,1.2637578,-0.97092233,-0.19151705,1.2567828,0.0069749892
0.24772384,118.70101,1.3405652,-0.98479327,-0.1903102,1.3335993,0.0069658126
0.24780828,118.74147,1.4687492,-1.0141579,-0.18774542,1.4618239,0.0069253332
0.24784443,118.75879,1.4939691,-1.0189469,-0.18425719,1.4870691,0.0069000159
0.24792838,118.79901,1.4447753,-0.99712143,-0.1663624,1.437931,0.0068442766
0.24797617,118.82192,1.3780893,-0.9781028,-0.15584226,1.3712718,0.0068174945
0.2480596,118.86189,1.3962793,-0.97325361,-0.14831874,1.3895125,0.0067667521
0.24809523,118.87896,1.3361474,-0.96569325,-0.14374157,1.3294009,0.0067465178
0.24817806,118.91865,1.2832963,-0.96805789,-0.13791922,1.2765872,0.0067091176
0.24822519,118.94124,1.2023454,-0.95862936,-0.1325913,1.1956508,0.0066945305
0.24830734,118.9806,1.1348498,-0.95661035,-0.12651144,1.1281675,0.0066823991
0.24834241,118.9974,1.080232,-0.95442008,-0.12541899,1.0735503,0.006681649
0.24843553,119.04202,1.0187749,-0.97072066,-0.12798409,1.0120846,0.0066902863
0.24847026,119.05867,1.0287206,-0.98488746,-0.13151282,1.0220254,0.0066952604
0.24855115,119.09743,1.1749539,-1.0281713,-0.13938141,1.1682616,0.0066922959
0.2485971,119.11944,1.3308781,-1.0694055,-0.14407062,1.324212,0.0066661395
0.24867727,119.15786,1.4616065,-1.0985991,-0.13668004,1.455038,0.0065684871
0.24872292,119.17973,1.3993731,-1.0863787,-0.12761577,1.3928657,0.0065073881
0.24880235,119.21779,1.2726965,-1.0667817,-0.11820422,1.2662796,0.0064169113
0.24884762,119.23948,1.1976467,-1.0644951,-0.11938031,1.1912701,0.0063766011
0.24893767,119.28263,1.2002873,-1.1170328,-0.14218605,1.1939857,0.0063016
0.24897127,119.29873,1.3044199,-1.1551781,-0.15299269,1.2981528,0.0062671119
0.24906065,119.34156,1.6202547,-1.2414128,-0.16323709,1.6141506,0.0061041206
0.24909398,119.35753,1.6106937,-1.2442854,-0.15985715,1.6046677,0.0060260195
0.24918263,119.40001,1.4109734,-1.2268483,-0.15645134,1.4051345,0.0058388381
0.24922685,119.4212,1.3406661,-1.2379581,-0.16639744,1.3349035,0.0057626239
0.24930372,119.45803,1.4808007,-1.3241169,-0.20043362,1.4751692,0.0056315735
0.24934765,119.47908,1.7097019,-1.3880299,-0.21273461,1.7041708,0.0055310823
0.24943515,119.52101,1.7353402,-1.4118239,-0.20804067,1.7300641,0.0052761768
0.24947861,119.54183,1.571846,-1.3989776,-0.20999772,1.5666829,0.0051631058
0.24955467,119.57828,1.4944739,-1.4496802,-0.24556393,1.4894671,0.0050067936
0.24959813,119.5991,1.6407336,-1.5062184,-0.2662191,1.6358148,0.0049187767
0.2496849,119.64068,1.9425028,-1.5794999,-0.27132762,1.9378252,0.004677646
0.24972775,119.66122,1.8352621,-1.5676342,-0.26498517,1.8307125,0.0045495779
0.24981345,119.70228,1.5361102,-1.5786931,-0.29557678,1.5317442,0.0043659615
0.24984559,119.71768,1.6019177,-1.6070596,-0.30962968,1.5976049,0.0043127125
0.24993129,119.75874,1.9767719,-1.703177,-0.33133352,1.9726369,0.0041350215
0.24997414,119.77928,2.0067145,-1.7135921,-0.32511381,2.0026942,0.0040203551
0.25005984,119.82034,1.5918743,-1.6635951,-0.32709302,1.5880364,0.003837834
0.25010269,119.84087,1.5754677,-1.6924149,-0.35136332,1.5716849,0.0037828159
0.25018839,119.88194,1.9322137,-1.7871793,-0.37906247,1.9285565,0.0036572279
0.25023124,119.90247,1.9891024,-1.7926639,-0.36959615,1.9855323,0.003570031
0.25030623,119.9384,1.6199003,-1.7221678,-0.3534878,1.6164635,0.0034367324
0.25034908,119.95894,1.4858188,-1.7134315,-0.36777619,1.4824153,0.0034035233
0.25043478,120,1.6805406,-1.7677247,-0.39276721,1.6771712,0.0033693576
0.25047718,120.02031,1.8398623,-1.774943,-0.38346403,1.8365118,0.0033505038
0.25056199,120.06095,1.5124926,-1.698663,-0.36473973,1.5091342,0.0033584023
0.25060441,120.08128,1.3294958,-1.6834198,-0.37902774,1.3260563,0.0034394766
0.25068894,120.12179,1.5420401,-1.7284655,-0.41288386,1.5383011,0.0037389914
0.25072837,120.14067,1.6651445,-1.7545372,-0.42388071,1.661222,0.0039225437
0.25081065,120.1801,1.5854065,-1.7487494,-0.4408195,1.5810113,0.0043952233
0.25085471,120.20122,1.5267319,-1.7524748,-0.46016868,1.5220333,0.0046985746
0.25093375,120.23909,1.6426486,-1.8275735,-0.51446475,1.6373569,0.0052916262
0.25097788,120.26024,1.7567963,-1.8803017,-0.54295093,1.7511717,0.0056245508
0.25105774,120.2985,1.7957517,-1.9291139,-0.57699672,1.7895242,0.0062274827
0.25110205,120.31973,1.7324345,-1.9399083,-0.5952292,1.7258586,0.0065759758
0.25118924,120.36151,1.789825,-2.0085369,-0.64340014,1.7825352,0.0072898078
0.25123186,120.38193,1.8732566,-2.0494048,-0.66326647,1.8656215,0.0076350985
0.2513151,120.42182,1.8982472,-2.0867516,-0.68498125,1.8899639,0.0082832751
0.25135576,120.4413,1.8448339,-2.0884754,-0.69313607,1.8362365,0.0085973806
0.25143548,120.4795,1.8468599,-2.1216371,-0.71823131,1.8376472,0.009212728
0.25147465,120.49827,1.8834564,-2.1469695,-0.73069189,1.87395,0.0095063339
0.25155977,120.53905,1.8949789,-2.1656313,-0.74073855,1.8848817,0.010097149
0.25160588,120.56115,1.8640632,-2.1608365,-0.74296037,1.8536632,0.010399974
0.25169071,120.6018,1.8778692,-2.1969908,-0.76435594,1.8669485,0.010920679
0.25172964,120.62045,1.9010922,-2.212134,-0.77062203,1.8899608,0.011131457
0.25180903,120.65849,1.8498909,-2.1925793,-0.76457621,1.8383804,0.011510507
0.25185001,120.67813,1.8560292,-2.2095227,-0.77461546,1.844338,0.011691163
0.25193601,120.71934,1.8795361,-2.2179233,-0.77626824,1.867525,0.012011065
0.25198177,120.74126,1.8261105,-2.1975826,-0.76997483,1.8139575,0.01215308
0.25206045,120.77896,1.8703832,-2.2131552,-0.77789434,1.8579985,0.012384679
0.25210313,120.79942,1.9317854,-2.2189454,-0.77506955,1.9193028,0.012482658
0.25219064,120.84135,1.7800595,-2.1750503,-0.76346912,1.7674153,0.012644189
0.25223446,120.86235,1.8112483,-2.1766216,-0.7646641,1.7985167,0.012731655
0.25231128,120.89916,1.900096,-2.1811647,-0.75892204,1.8872499,0.012846177
0.25235525,120.92023,1.8004037,-2.1521038,-0.75001754,1.787518,0.01288561
0.25244336,120.96244,1.7844013,-2.1235309,-0.74200414,1.7714214,0.012979916
0.25247647,120.97831,1.843825,-2.1260293,-0.73942803,1.830809,0.013016059
0.25256491,121.02068,1.7796543,-2.0862988,-0.72301246,1.7665867,0.013067624
0.25260922,121.04192,1.7566902,-2.0584772,-0.71318762,1.7436106,0.013079624
0.25268693,121.07915,1.803738,-2.0407228,-0.70614259,1.790633,0.01310499
0.25273144,121.10048,1.8791666,-2.0377911,-0.69915753,1.8660585,0.013108114
0.25280949,121.13788,1.7771203,-1.9799753,-0.67742719,1.7640352,0.013085123
0.2528542,121.15931,1.7256574,-1.9457309,-0.66697546,1.7125914,0.013065959
0.25294386,121.20227,1.8076114,-1.9277879,-0.65911683,1.7945854,0.013026027
0.25297757,121.21842,1.871209,-1.9225058,-0.65290839,1.8582108,0.012998191
0.25306769,121.2616,1.7755036,-1.8505106,-0.62545338,1.7626118,0.012891802
0.25310157,121.27784,1.7312329,-1.8208111,-0.61676958,1.7183826,0.012850285
0.25319219,121.32126,1.7667506,-1.7869922,-0.60766707,1.7539898,0.012760762
0.25322627,121.33759,1.8613455,-1.7858873,-0.60206721,1.8486254,0.012720033
0.25331741,121.38126,1.8435402,-1.7239424,-0.5731558,1.8309722,0.012567944
0.25335169,121.39768,1.7765583,-1.6894421,-0.56324579,1.7640528,0.01250551
0.25344339,121.44162,1.703788,-1.6133991,-0.54259329,1.691424,0.012363912
0.25347789,121.45815,1.74593,-1.6043623,-0.53900115,1.7336082,0.012321723
0.25357019,121.50238,1.9217689,-1.5907057,-0.52148843,1.9096003,0.012168584
0.25360491,121.51902,1.9145147,-1.5710897,-0.5123543,1.9024237,0.012090981
0.25368619,121.55797,1.8426918,-1.5011574,-0.48640633,1.8308009,0.011890932
0.25373278,121.58029,1.7610166,-1.4574141,-0.4748333,1.7492366,0.01178001
0.2538146,121.6195,1.6807198,-1.4005308,-0.46240649,1.6690981,0.01162179
0.25386151,121.64197,1.7465461,-1.3904478,-0.45763501,1.7349991,0.011546988
0.2539439,121.68145,1.9304284,-1.3756945,-0.43897972,1.9190494,0.011379014
0.25397931,121.69842,1.9565123,-1.3501071,-0.42493698,1.9452268,0.011285508
0.25406221,121.73814,1.945104,-1.3087134,-0.40565896,1.9340705,0.011033582
0.25410972,121.76091,1.8723412,-1.2720254,-0.39423705,1.8614618,0.010879345
0.25419317,121.80089,1.7516797,-1.2195802,-0.38010609,1.7410571,0.010622603
0.25422904,121.81808,1.7036664,-1.2029951,-0.37736947,1.6931397,0.010526691
0.25431298,121.8583,1.6359809,-1.1672304,-0.36950878,1.6256342,0.01034663
0.25436109,121.88136,1.6626287,-1.1576517,-0.36599325,1.652361,0.010267774
0.25444555,121.92183,1.8076304,-1.1539569,-0.35623915,1.7975106,0.010119802
0.25448184,121.93922,1.884525,-1.153446,-0.35018141,1.8744892,0.010035762
0.25456655,121.97981,1.9764808,-1.1179176,-0.32448319,1.9666907,0.0097901009
0.25460294,121.99724,1.9617735,-1.1016052,-0.31568543,1.9520993,0.0096741894
0.25468817,122.03808,1.9251736,-1.0710314,-0.30106024,1.9157687,0.0094049379
0.254737,122.06148,1.8839667,-1.0532017,-0.29365877,1.874704,0.0092626301
0.25482264,122.10251,1.8228335,-1.0187373,-0.27812057,1.8137976,0.0090358075
0.25485941,122.12013,1.7724363,-1.0017703,-0.27139124,1.7634876,0.0089486191
0.25494534,122.16131,1.6706626,-0.97135833,-0.26137682,1.6618955,0.0087670462
0.25498222,122.17898,1.6423456,-0.95721301,-0.25529494,1.6336519,0.0086936865
0.25506839,122.22027,1.5461191,-0.94290608,-0.25269569,1.5375903,0.008528765
0.25510536,122.23799,1.5150584,-0.93569227,-0.25068888,1.5065986,0.0084597895
0.25519171,122.27936,1.4578454,-0.93500881,-0.25203194,1.4495289,0.0083165359
0.25522875,122.29711,1.4772562,-0.9454595,-0.254256,1.4689949,0.0082613259
0.25531522,122.33854,1.5211696,-0.96130602,-0.25508073,1.5130207,0.0081489609
0.25536465,122.36223,1.5831105,-0.97993219,-0.25673453,1.5750273,0.0080832677
0.25543879,122.39775,1.7630801,-1.010191,-0.25308555,1.7551158,0.00796429
0.25548821,122.42143,1.8234808,-1.0162595,-0.24782562,1.8156103,0.0078705215
0.25557471,122.46288,1.8077209,-1.0058978,-0.23627183,1.8000304,0.0076904545
0.25561175,122.48063,1.7971026,-0.99681252,-0.2297981,1.7894873,0.0076153386
0.25569814,122.52203,1.7114774,-0.98017768,-0.22006046,1.7040303,0.0074471344
0.25573514,122.53976,1.679993,-0.97301402,-0.21588779,1.6726103,0.00738277
0.2558214,122.58109,1.6254212,-0.97492818,-0.21368179,1.618177,0.0072441414
0.25585832,122.59878,1.6025248,-0.9722139,-0.21061389,1.5953357,0.0071891144
0.25594438,122.64002,1.5042757,-0.95522783,-0.20207771,1.497197,0.0070787333
0.25598122,122.65767,1.4890873,-0.95410723,-0.19905512,1.4820494,0.0070379157
0.25606705,122.69879,1.4322456,-0.94563314,-0.19144468,1.425291,0.006954589
0.25611602,122.72226,1.3826569,-0.93966463,-0.18787869,1.3757417,0.0069151782
0.25618936,122.7574,1.3235331,-0.92379082,-0.17766939,1.3166644,0.0068687801
0.25623815,122.78078,1.2795184,-0.91332576,-0.17266319,1.2726721,0.0068463093
0.25632336,122.82161,1.1959067,-0.90465728,-0.16633616,1.1890887,0.0068180224
0.2563598,122.83907,1.1904289,-0.90540691,-0.16397268,1.1836173,0.0068116257
0.25644466,122.87973,1.1367283,-0.90417242,-0.16006934,1.1299208,0.0068075018
0.25648095,122.89712,1.1120474,-0.90423415,-0.15936576,1.1052381,0.0068092993
0.2565654,122.93759,1.0982526,-0.92786296,-0.16557038,1.0914326,0.006820087
0.25661353,122.96065,1.1059488,-0.93749004,-0.16690563,1.0991202,0.006828638
0.2566975,123.00088,1.109334,-0.95170545,-0.16789078,1.1024874,0.006846598
0.25673338,123.01808,1.1319439,-0.95814863,-0.16757024,1.1250888,0.0068551369
0.25681684,123.05807,1.2770988,-0.99591679,-0.17034983,1.2702399,0.0068588519
0.25686435,123.08084,1.3628959,-1.0106962,-0.16675475,1.356053,0.0068429185
0.25694721,123.12054,1.377203,-1.0067559,-0.15214288,1.3704098,0.0067931399
0.25698259,123.13749,1.35472,-0.99902594,-0.14473674,1.3479498,0.0067702211
0.25707654,123.18251,1.2525275,-0.9706812,-0.12793031,1.2458081,0.006719444
0.25711164,123.19933,1.2245926,-0.96809692,-0.12388489,1.2178896,0.0067029945
0.25719321,123.23841,1.1264683,-0.96727589,-0.11949335,1.1197955,0.0066728636
0.25723961,123.26065,1.0733443,-0.96787589,-0.11796521,1.0666828,0.0066615738
0.25732045,123.29938,1.0031533,-0.98570923,-0.12294352,0.99650186,0.0066513997
0.25736647,123.32143,1.085135,-1.0061444,-0.1278756,1.0784897,0.0066452239
0.25744664,123.35985,1.2750066,-1.0744061,-0.14214741,1.2683959,0.0066107689
0.25749224,123.3817,1.4398083,-1.1145336,-0.14446235,1.4332474,0.0065608713
0.25757175,123.4198,1.4500001,-1.1191941,-0.13300064,1.4435638,0.0064363083
0.25761698,123.44147,1.3685749,-1.1047432,-0.12574968,1.3622059,0.0063690351
0.25769581,123.47924,1.2254997,-1.0947571,-0.12461815,1.2192278,0.0062718701
0.25774067,123.50074,1.1859586,-1.1107969,-0.13485166,1.1797318,0.0062267972
0.2578189,123.53822,1.3546942,-1.1891046,-0.16013278,1.3485547,0.0061395249
0.25786343,123.55956,1.5616658,-1.2507628,-0.17288404,1.5556055,0.0060602982
0.25795214,123.60206,1.6083159,-1.2753062,-0.16711405,1.602474,0.005841916
0.25798529,123.61795,1.5087117,-1.2639485,-0.16458493,1.5029474,0.0057643342
0.25807338,123.66016,1.3634691,-1.2869656,-0.18520528,1.3578742,0.0055948892
0.25811727,123.68119,1.4529067,-1.341342,-0.20720359,1.4473886,0.0055181446
0.25819386,123.71789,1.8170697,-1.4456115,-0.22783148,1.8117372,0.0053325081
0.25823749,123.7388,1.8074706,-1.4535729,-0.22377257,1.8022701,0.0052004863
0.25832446,123.78047,1.4913804,-1.4249283,-0.22593048,1.4864042,0.0049762192
0.25836781,123.80124,1.4834791,-1.4658217,-0.2512742,1.4785874,0.0048917396
0.25844348,123.8375,1.8015614,-1.5707606,-0.285429,1.7968258,0.0047355743
0.25848662,123.85817,1.9561427,-1.6037853,-0.28404984,1.9515275,0.0046151194
0.25857268,123.89941,1.7115998,-1.5787214,-0.27502606,1.7072268,0.0043729845
0.25861561,123.91998,1.5459597,-1.5845101,-0.2941501,1.5416701,0.0042896185
0.25870127,123.96102,1.7554109,-1.6759946,-0.33636559,1.7512603,0.0041506225
0.25874402,123.98151,1.9624881,-1.7230127,-0.34216953,1.9584282,0.0040598668
0.25882935,124.0224,1.8323958,-1.7027963,-0.32610851,1.8285461,0.0038497704
0.2588613,124.03771,1.641332,-1.6803864,-0.32883654,1.6375408,0.0037911749
0.25894641,124.07849,1.6364209,-1.7315899,-0.37149031,1.632734,0.003686905
0.25898892,124.09886,1.8136432,-1.7700497,-0.37987861,1.8100137,0.0036294633
0.25907387,124.13956,1.8897926,-1.7751569,-0.36286031,1.8863158,0.0034768066
0.2591163,124.15989,1.6377965,-1.7319466,-0.35812084,1.6343801,0.0034163833
0.25920116,124.20055,1.4911925,-1.72056,-0.38039518,1.4878087,0.0033837987
0.25924359,124.22089,1.6164566,-1.7559699,-0.39377061,1.613071,0.0033855863
0.25932845,124.26155,1.8043916,-1.7517006,-0.37682062,1.8009887,0.0034029773
0.25937089,124.28188,1.566121,-1.7046626,-0.36915371,1.5626711,0.0034498915
0.25944522,124.3175,1.2821333,-1.6759754,-0.39310048,1.2784456,0.0036876653
0.25949532,124.34151,1.494985,-1.7225187,-0.41945802,1.4910553,0.003929702
0.25957771,124.38099,1.6825486,-1.7750179,-0.44977738,1.6781372,0.0044114008
0.25962163,124.40203,1.6273459,-1.7717702,-0.45973627,1.6226457,0.0047002165
0.25970027,124.43971,1.5729689,-1.8019688,-0.50184819,1.5676944,0.0052744735
0.25974412,124.46072,1.6492545,-1.8474637,-0.53251626,1.6436452,0.0056093884
0.25982346,124.49874,1.8175144,-1.9349658,-0.58016767,1.8112971,0.0062172436
0.25986756,124.51987,1.8339021,-1.9559479,-0.59502701,1.8273475,0.0065545837
0.25995451,124.56154,1.7524641,-1.9860234,-0.63076152,1.7452195,0.0072445576
0.25999705,124.58192,1.7768961,-2.0179293,-0.65277876,1.7693041,0.0075919834
0.26008017,124.62175,1.9080888,-2.0902891,-0.68822702,1.8998359,0.0082529645
0.26012081,124.64122,1.9168922,-2.1019398,-0.69505483,1.9083304,0.0085617314
0.26020047,124.67939,1.840305,-2.1058539,-0.70838497,1.8311428,0.009162133
0.26023963,124.69816,1.8354723,-2.1180553,-0.71869106,1.8260166,0.0094557072
0.26032473,124.73893,1.9042482,-2.169735,-0.74431326,1.8941875,0.010060636
0.26037086,124.76104,1.8976336,-2.1705677,-0.74553045,1.8872754,0.010358234
0.26045571,124.80169,1.8576798,-2.1716127,-0.75282699,1.846806,0.010873782
0.26049464,124.82035,1.871406,-2.1917514,-0.76365313,1.8603144,0.011091616
0.26057408,124.85841,1.8845882,-2.1998794,-0.76636904,1.8731119,0.011476351
0.2606151,124.87807,1.8474473,-2.1881856,-0.76375924,1.8357978,0.0116495
0.26070122,124.91934,1.8835579,-2.2143371,-0.7766905,1.8715742,0.011983753
0.26074708,124.94131,1.8896541,-2.2123717,-0.7739187,1.8775276,0.012126591
0.26082599,124.97912,1.8079635,-2.1811999,-0.76596271,1.7956216,0.012341896
0.26086882,124.99964,1.8587591,-2.1960767,-0.77262909,1.8463032,0.012455972
0.2609564,125.04161,1.8708746,-2.1877732,-0.76352298,1.8582546,0.012619979
0.2609893,125.05737,1.8158892,-2.1709793,-0.7592711,1.8032213,0.012667857
0.26107716,125.09947,1.8326651,-2.1561622,-0.75530974,1.8198527,0.012812427
0.26112117,125.12056,1.9065081,-2.1621551,-0.75212326,1.8936351,0.012872912
0.26119831,125.15753,1.7783247,-2.1172906,-0.73739374,1.7653879,0.012936795
0.26124248,125.17869,1.738188,-2.095414,-0.73189892,1.7252151,0.01297284
0.261331,125.2211,1.879817,-2.0947203,-0.72472485,1.8667707,0.013046237
0.26137535,125.24235,1.8565076,-2.0718476,-0.71427452,1.8434467,0.013060935
0.26145313,125.27962,1.744293,-2.0167786,-0.69720671,1.7312242,0.013068795
0.26149768,125.30097,1.7309738,-2.0033246,-0.69546501,1.7179004,0.013073408
0.26157582,125.33841,1.8729689,-1.9959918,-0.68355073,1.8599029,0.013065963
0.26162057,125.35986,1.8327507,-1.9652978,-0.67093881,1.8197075,0.013043229
0.26169908,125.39748,1.7240459,-1.9029132,-0.65093402,1.7110568,0.012989124
0.26174406,125.41903,1.7090181,-1.8828171,-0.64573217,1.6960576,0.012960483
0.26183427,125.46226,1.8888076,-1.8690374,-0.63211827,1.8759268,0.012880751
0.26186819,125.47851,1.879468,-1.8460446,-0.62208967,1.8666332,0.012834732
0.2619589,125.52197,1.7400188,-1.7607488,-0.59374558,1.7273153,0.012703579
0.26199302,125.53832,1.719975,-1.7327141,-0.58725308,1.7073127,0.012662357
0.26208425,125.58204,1.8482846,-1.7229357,-0.57928856,1.8357266,0.012557933
0.26211857,125.59848,1.880894,-1.7133475,-0.57201996,1.8683901,0.012503966
0.26221037,125.64247,1.83295,-1.6380712,-0.54114135,1.8206226,0.012327405
0.26224492,125.65902,1.7811506,-1.6025124,-0.53007149,1.7688914,0.012259183
0.26232573,125.69775,1.6920507,-1.5396014,-0.51574617,1.6799274,0.012123324
0.26237207,125.71995,1.7534031,-1.5238327,-0.50882083,1.7413433,0.012059763
0.26245344,125.75894,1.9172496,-1.5118628,-0.49299859,1.9053348,0.011914777
0.26250009,125.78129,1.9385268,-1.4876457,-0.4803741,1.9267233,0.011803578
0.26258201,125.82055,1.8775826,-1.4243126,-0.45593476,1.8660004,0.011582179
0.26261721,125.83742,1.8065451,-1.3951271,-0.44909973,1.7950582,0.011486855
0.26271145,125.88257,1.6838646,-1.3317204,-0.43491087,1.6726035,0.011261091
0.26274689,125.89955,1.6786502,-1.3164151,-0.43060285,1.6674572,0.011192996
0.26282989,125.93932,1.7967982,-1.3041736,-0.42289776,1.7857519,0.011046286
0.26287747,125.96212,1.8916192,-1.2870666,-0.40808706,1.8806779,0.010941314
0.26296102,126.00216,1.9679688,-1.2442475,-0.38130408,1.9572648,0.010703996
0.26299693,126.01936,1.9586137,-1.2281311,-0.37435079,1.9480256,0.010588044
0.26308097,126.05963,1.91459,-1.182782,-0.35518195,1.9042865,0.010303548
0.26312913,126.08271,1.8618181,-1.1534901,-0.34463064,1.8516704,0.010147699
0.26320157,126.11742,1.7393907,-1.1058279,-0.33121097,1.7294466,0.0099440632
0.26324998,126.14061,1.7075274,-1.088054,-0.32528015,1.6976958,0.0098316131
0.26333492,126.18132,1.6287573,-1.0673654,-0.32348284,1.619087,0.0096703156
0.26337142,126.19881,1.610903,-1.0586579,-0.32148661,1.6012945,0.0096085315
0.2634568,126.23972,1.667937,-1.0601791,-0.31974327,1.6584717,0.0094653579
0.26349347,126.25729,1.7125033,-1.0587741,-0.31653109,1.7031084,0.009394947
0.26357919,126.29836,1.8972164,-1.0671072,-0.30378091,1.8880217,0.0091946846
0.26362826,126.32187,1.9543939,-1.0618262,-0.29445243,1.9453315,0.009062427
0.26370197,126.35719,1.955363,-1.0359357,-0.27749611,1.9465015,0.0088614903
0.26375118,126.38077,1.920331,-1.0180726,-0.26810877,1.9115996,0.0087314005
0.26383741,126.42209,1.8740514,-1.0050949,-0.26017761,1.8655342,0.0085171901
0.26387437,126.4398,1.8188747,-0.99484399,-0.2571236,1.8104435,0.0084311474
0.26396077,126.4812,1.7611695,-0.98085645,-0.24900889,1.7529292,0.0082402919
0.26399779,126.49894,1.7576102,-0.97370234,-0.24294705,1.749448,0.008162127
0.26408427,126.54038,1.6542815,-0.93898358,-0.22705848,1.6462899,0.0079915201
0.26412136,126.55815,1.5902895,-0.92841054,-0.22391147,1.582367,0.0079225029
0.2642079,126.59962,1.4857677,-0.90938551,-0.21608988,1.4779924,0.0077753576
0.26424499,126.61739,1.4688519,-0.90056464,-0.21040178,1.4611342,0.007717684
0.26433154,126.65886,1.3995995,-0.89349292,-0.20611277,1.3920072,0.007592263
0.26438092,126.68253,1.3470407,-0.89075131,-0.20611967,1.339511,0.0075296954
0.26445497,126.71801,1.3178505,-0.90156429,-0.20932513,1.3104018,0.0074487199
0.26450433,126.74166,1.3153146,-0.91057849,-0.21124719,1.3079109,0.007403604
0.26457829,126.7771,1.330377,-0.9321275,-0.21679945,1.3230318,0.0073451864
0.26462757,126.80071,1.3300636,-0.93747907,-0.21633115,1.3227523,0.0073113045
0.26471366,126.84196,1.4240074,-0.97196435,-0.2211615,1.416757,0.0072503394
0.26475053,126.85963,1.4845557,-0.98094996,-0.21860026,1.477335,0.0072206851
0.26483639,126.90077,1.5927102,-1.0151705,-0.22066132,1.5855788,0.0071314053
0.26487314,126.91838,1.6350767,-1.0187625,-0.21596217,1.6279887,0.007088021
0.26495873,126.95939,1.5800641,-1.0029916,-0.20322615,1.5730766,0.006987519
0.26500754,126.98278,1.5635113,-0.99266465,-0.19468499,1.5565738,0.0069375143
0.26508057,127.01777,1.4772575,-0.97630494,-0.18541981,1.4703837,0.0068737206
0.26512917,127.04106,1.4420157,-0.97075681,-0.18060295,1.4351751,0.0068405827
0.265214,127.08171,1.399496,-0.97055251,-0.17540807,1.3927036,0.0067923566
0.26525025,127.09908,1.4014341,-0.96821782,-0.17320889,1.3946594,0.0067747697
0.26533462,127.13951,1.3465718,-0.95832555,-0.16495055,1.3398337,0.0067381609
0.26538269,127.16254,1.3259125,-0.95686385,-0.16092339,1.319191,0.0067215204
0.26546655,127.20272,1.2424093,-0.94411774,-0.15155649,1.235706,0.0067032633
0.26550239,127.2199,1.2074437,-0.94052294,-0.14840224,1.2007419,0.0067017977
0.26558574,127.25983,1.1483461,-0.93189144,-0.13970105,1.14164,0.0067060582
0.26563317,127.28256,1.0892612,-0.9336003,-0.13925184,1.0825458,0.0067153672
0.26571587,127.32219,1.0858033,-0.95133176,-0.14060069,1.0790694,0.0067338884
0.26575119,127.33911,1.0661951,-0.95406201,-0.14052858,1.0594525,0.0067426205
0.26583333,127.37847,1.0792559,-0.97309298,-0.14258653,1.0724942,0.0067617533
0.26588006,127.40086,1.1458311,-0.99736866,-0.14699172,1.1390648,0.0067663133
0.26596154,127.43991,1.361632,-1.0500042,-0.14943943,1.3549011,0.0067309779
0.26600787,127.46211,1.408166,-1.0563278,-0.14190074,1.4014815,0.0066844789
0.26608865,127.50081,1.3195494,-1.0328232,-0.12391154,1.3129444,0.0066050368
0.26612311,127.51732,1.260341,-1.023967,-0.11929572,1.253762,0.0065789989
0.26621464,127.56118,1.1424403,-1.0156308,-0.11416091,1.1359138,0.0065264855
0.2662488,127.57755,1.1245614,-1.0225554,-0.11681883,1.1180507,0.0065106931
0.2663395,127.62101,1.1904521,-1.0809383,-0.1369379,1.183991,0.0064611044
0.26638466,127.64265,1.3279908,-1.1290495,-0.14791611,1.3215704,0.0064203652
0.26646339,127.68037,1.556557,-1.1883485,-0.15049082,1.5502664,0.0062905758
0.26650819,127.70184,1.525222,-1.1873284,-0.14504158,1.5190193,0.006202742
0.26658629,127.73926,1.3575394,-1.1640986,-0.13807254,1.3514721,0.0060673018
0.26663075,127.76057,1.2865534,-1.1774594,-0.14933224,1.2805503,0.0060030879
0.2667083,127.79773,1.3953079,-1.2481388,-0.17687088,1.3894155,0.0058924187
0.26675246,127.81889,1.6186344,-1.3132952,-0.19063593,1.6128288,0.0058056101
0.26684047,127.86106,1.7101266,-1.3551988,-0.19011043,1.7045592,0.0055674005
0.26688432,127.88207,1.5497724,-1.3413045,-0.18959375,1.5443183,0.0054541462
0.26696079,127.91871,1.4407188,-1.3764901,-0.2163476,1.4354249,0.0052938619
0.26700437,127.93959,1.5410728,-1.4266885,-0.23698587,1.5358639,0.0052088952
0.26709126,127.98123,1.9020045,-1.5189611,-0.24938984,1.8970239,0.0049806024
0.26713458,128.00199,1.8482546,-1.5154226,-0.24362999,1.8434079,0.0048467823
0.26721017,128.03821,1.5377113,-1.5026237,-0.25726724,1.5330511,0.0046602642
0.26725327,128.05886,1.5304457,-1.5421989,-0.28278955,1.5258654,0.0045802894
0.26733926,128.10006,1.9170258,-1.6460184,-0.31003527,1.9126272,0.0043986422
0.26738213,128.1206,2.0059546,-1.6722526,-0.30895132,2.0016758,0.0042787984
0.26746771,128.16161,1.6301698,-1.6279363,-0.30445634,1.6261048,0.0040649451
0.26751046,128.1821,1.550601,-1.6422174,-0.32480663,1.5466041,0.0039969073
0.26758506,128.21784,1.8076495,-1.7278936,-0.35873332,1.8037652,0.0038843437
0.26762769,128.23827,1.9816893,-1.7643145,-0.35982709,1.9778905,0.0037987873
0.2677127,128.279,1.7584033,-1.7294798,-0.34530335,1.7547934,0.0036098508
0.2677552,128.29937,1.5554784,-1.709665,-0.35415657,1.5519287,0.0035497019
0.26784011,128.34005,1.6708558,-1.7605872,-0.38724038,1.6673866,0.0034692127
0.26788249,128.36036,1.8512327,-1.7884525,-0.38626902,1.8478102,0.0034224767
0.26796724,128.40097,1.748075,-1.7436277,-0.36089337,1.7447515,0.0033235764
0.26800962,128.42128,1.4496788,-1.7071338,-0.36707253,1.4463619,0.0033168249
0.26809437,128.46189,1.4518473,-1.7170468,-0.39202242,1.448437,0.003410307
0.26813675,128.48219,1.6446414,-1.7445478,-0.40033379,1.6411493,0.0034920803
0.2682109,128.51772,1.6995332,-1.7360096,-0.39523945,1.6958376,0.0036956068
0.26826008,128.54129,1.4875147,-1.7093331,-0.40737924,1.4835952,0.0039194621
0.26834174,128.58042,1.5022345,-1.7464479,-0.45189415,1.4977995,0.0044349491
0.26838559,128.60143,1.6242057,-1.7864219,-0.47641293,1.6194601,0.0047455765
0.26846438,128.63918,1.7424553,-1.850412,-0.51647085,1.7371393,0.00531596
0.26850839,128.66027,1.6952986,-1.8592526,-0.53287071,1.6896595,0.0056390775
0.26858794,128.69839,1.6763062,-1.9079508,-0.57867218,1.6700441,0.0062621169
0.26863207,128.71953,1.7587478,-1.9534343,-0.60582537,1.7521274,0.0066204727
0.26871888,128.76113,1.8989082,-2.0311635,-0.64561401,1.8915957,0.0073124609
0.26876135,128.78148,1.8587011,-2.0393408,-0.65551451,1.8510564,0.0076447339
0.26884431,128.82123,1.8015935,-2.0623719,-0.6819672,1.7932887,0.008304813
0.26888485,128.84066,1.8361977,-2.0918276,-0.69963957,1.8275707,0.0086270519
0.26896438,128.87876,1.9237013,-2.1436505,-0.72347821,1.9144702,0.0092310555
0.26901125,128.90123,1.8875667,-2.1418221,-0.72609867,1.8779972,0.0095695463
0.26908846,128.93822,1.8479086,-2.1453711,-0.73636252,1.8377957,0.010112977
0.26913462,128.96034,1.8746288,-2.1725478,-0.75092277,1.8642071,0.010421713
0.26921954,129.00103,1.8949915,-2.1899896,-0.75830401,1.8840646,0.010926897
0.26925855,129.01972,1.8618084,-2.1802935,-0.75696088,1.8506727,0.011135715
0.26934637,129.0618,1.8785297,-2.2124662,-0.77471354,1.8669637,0.011566027
0.26938782,129.08167,1.8903651,-2.218954,-0.77700637,1.8786284,0.011736671
0.26946618,129.11921,1.8290398,-2.1921981,-0.76860117,1.8170219,0.012017902
0.26951238,129.14135,1.8650762,-2.2114179,-0.77742139,1.8529038,0.012172347
0.26959216,129.17958,1.8650954,-2.2043031,-0.77086159,1.8527132,0.012382262
0.26963531,129.20025,1.7941433,-2.1878221,-0.76867765,1.7816656,0.012477693
0.26972288,129.24221,1.8737553,-2.1922848,-0.7690534,1.8610827,0.012672561
0.26975582,129.258,1.9180082,-2.1967136,-0.76690209,1.9052801,0.012728132
0.26984368,129.3001,1.7652368,-2.1457971,-0.75108038,1.7524034,0.012833407
0.26988761,129.32115,1.7630118,-2.1356775,-0.74876793,1.750119,0.012892805
0.26996467,129.35807,1.8956613,-2.1431954,-0.7434719,1.8826762,0.012985136
0.27000896,129.37929,1.804408,-2.1152855,-0.73463938,1.7913939,0.013014124
0.27009753,129.42173,1.7391705,-2.0638618,-0.7187785,1.7261124,0.01305809
0.27013075,129.43765,1.7956074,-2.0696718,-0.71984281,1.7825302,0.013077175
0.27021932,129.48009,1.8390448,-2.039127,-0.70091127,1.8259484,0.013096403
0.27026406,129.50153,1.7715074,-2.0067337,-0.6900748,1.7584185,0.01308891
0.27034236,129.53905,1.7296802,-1.9663238,-0.6789124,1.7166044,0.013075762
0.27038711,129.56049,1.8164503,-1.9661913,-0.67521215,1.8033869,0.013063333
0.27046541,129.59801,1.842538,-1.9283457,-0.65499782,1.8295312,0.013006856
0.27051015,129.61945,1.777031,-1.8896314,-0.64114706,1.7640691,0.012961812
0.27058928,129.65736,1.6916725,-1.832085,-0.62569938,1.6787855,0.012886953
0.27063468,129.67912,1.7826128,-1.8284214,-0.62236884,1.7697654,0.012847455
0.27072548,129.72263,1.867026,-1.8006012,-0.60412132,1.8543,0.012725964
0.27075953,129.73894,1.8276427,-1.7676181,-0.5917921,1.8149728,0.012669912
0.27085033,129.78245,1.7129737,-1.6782927,-0.56614442,1.7004452,0.012528499
0.27088438,129.79877,1.7120904,-1.6611635,-0.56208709,1.6996029,0.012487562
0.27097519,129.84228,1.8830301,-1.6538965,-0.54980465,1.8706671,0.012363013
0.27100924,129.85859,1.9106162,-1.636985,-0.5398893,1.8983177,0.012298537
0.27110004,129.9021,1.8319216,-1.5613769,-0.51149761,1.8198209,0.012100708
0.27113409,129.91842,1.7749304,-1.5288963,-0.50229677,1.7629044,0.012025998
0.2712249,129.96193,1.689086,-1.460197,-0.48551164,1.6772299,0.011856073
0.27125895,129.97825,1.7382109,-1.4495622,-0.48083149,1.7264081,0.011802819
0.27135121,130.02245,1.9238703,-1.4334214,-0.46240934,1.9122444,0.011625872
0.27138644,130.03934,1.9523448,-1.4163178,-0.45241685,1.9408081,0.011536764
0.27146888,130.07884,1.898917,-1.353308,-0.42680156,1.8876172,0.011299769
0.27151616,130.10149,1.8486304,-1.3223345,-0.41702924,1.8374729,0.011157474
0.27159917,130.14127,1.7135812,-1.270782,-0.40586179,1.7026561,0.010925116
0.27163486,130.15837,1.6831078,-1.2542797,-0.40227752,1.6722689,0.010838857
0.2717184,130.1984,1.676551,-1.2223201,-0.39359989,1.665873,0.010678
0.27176629,130.22135,1.7407881,-1.2198703,-0.39051819,1.7301913,0.010596789
0.27185037,130.26164,1.9228077,-1.2028274,-0.37058895,1.9123946,0.010413122
0.27188649,130.27894,1.9549762,-1.1866531,-0.35931658,1.9446636,0.010312638
0.27197101,130.31944,1.9699139,-1.1448276,-0.336767,1.9598705,0.010043421
0.27201944,130.34265,1.9370593,-1.1235474,-0.32746727,1.9271765,0.0098828311
0.27209226,130.37754,1.8974041,-1.0950208,-0.3151153,1.887752,0.009652163
0.27214092,130.40086,1.8340877,-1.0617782,-0.30232089,1.8245748,0.0095129432
0.27222629,130.44176,1.7411168,-1.0240636,-0.28941782,1.7318124,0.0093044749
0.27226295,130.45933,1.6771698,-1.0072863,-0.2850731,1.6679426,0.0092271455
0.27234866,130.5004,1.6039993,-0.9867178,-0.28015078,1.5949412,0.0090581567
0.27238545,130.51803,1.5554522,-0.97850198,-0.27965579,1.546464,0.0089882112
0.27247145,130.55924,1.5435958,-0.98181379,-0.28139849,1.5347675,0.008828314
0.27252068,130.58283,1.5312935,-0.97909325,-0.28019289,1.5225477,0.0087458327
0.27259461,130.61825,1.6342167,-1.0014896,-0.28091538,1.6255917,0.0086250752
0.27264395,130.64189,1.7363325,-1.0153472,-0.27774037,1.7277947,0.0085378027
0.27271801,130.67738,1.8789713,-1.0236659,-0.26629589,1.8705845,0.0083867776
0.27276743,130.70106,1.9076104,-1.0206932,-0.25894387,1.8993362,0.0082742276
0.27285392,130.7425,1.8852717,-1.003764,-0.24557448,1.8771964,0.0080752761
0.272891,130.76027,1.8324869,-0.99031806,-0.23980184,1.8244955,0.0079914087
0.27297753,130.80173,1.7659881,-0.98501994,-0.23544971,1.7581782,0.0078099137
0.2730146,130.81949,1.7500911,-0.98127299,-0.23181922,1.742356,0.0077351097
0.27310107,130.86093,1.6543529,-0.96683134,-0.22472479,1.6467808,0.0075721087
0.2731381,130.87867,1.6324481,-0.95944096,-0.21931283,1.6249397,0.0075084036
0.27322448,130.92006,1.572168,-0.94976979,-0.21177569,1.564797,0.0073710101
0.27326148,130.93779,1.5437495,-0.94469836,-0.20822851,1.5364333,0.0073161542
0.27334772,130.97912,1.4538124,-0.91952467,-0.19487104,1.4466064,0.0072059886
0.27339695,131.0027,1.3858295,-0.91003317,-0.19131047,1.3786766,0.0071528659
0.2734707,131.03805,1.3194818,-0.9033821,-0.1866642,1.3123973,0.0070845013
0.27351982,131.06158,1.2991403,-0.8976204,-0.18130182,1.2920928,0.0070475352
0.27360563,131.1027,1.2113778,-0.89041879,-0.17623384,1.2043825,0.0069952226
0.27364236,131.1203,1.1908026,-0.89361654,-0.17695655,1.1838235,0.0069791247
0.2737279,131.16129,1.1564489,-0.90863092,-0.18010011,1.1494921,0.0069567586
0.27376449,131.17882,1.1266965,-0.91229215,-0.18094292,1.1197451,0.0069513827
0.27384971,131.21965,1.1328359,-0.92643516,-0.18253986,1.1258874,0.0069485267
0.27388616,131.23712,1.1413833,-0.93985624,-0.1865596,1.1344339,0.0069493809
0.27397101,131.27777,1.1931821,-0.95693468,-0.18676068,1.1862256,0.006956495
0.27401936,131.30095,1.2637324,-0.97580932,-0.18919993,1.2567773,0.0069550856
0.27410376,131.34138,1.4161831,-1.0112086,-0.18879869,1.4092542,0.0069287954
0.27413982,131.35867,1.467295,-1.0180401,-0.18482347,1.4603871,0.0069079733
0.27422374,131.39888,1.4373937,-0.99941314,-0.16736115,1.4305419,0.0068518035
0.27427153,131.42177,1.4018854,-0.98793774,-0.15819908,1.3950629,0.0068225146
0.27435485,131.4617,1.3974508,-0.96993222,-0.14506322,1.3906731,0.0067776695
0.27439044,131.47875,1.3466409,-0.96698945,-0.14239861,1.3398851,0.0067557909
0.27447321,131.51841,1.2799579,-0.96750008,-0.1359691,1.2732414,0.0067165231
0.2745203,131.54098,1.2063959,-0.95974958,-0.1312155,1.1996962,0.006699792
0.27460239,131.58031,1.1321356,-0.95741727,-0.12526363,1.1254509,0.006684694
0.2746491,131.60269,1.06457,-0.95543847,-0.12365093,1.0578874,0.0066825494
0.27473047,131.64168,1.0122166,-0.97243165,-0.12723576,1.0055286,0.0066880085
0.2747652,131.65833,1.0231417,-0.98704463,-0.13092397,1.0164497,0.0066919644
0.27485747,131.70254,1.2282867,-1.0406899,-0.13954119,1.2216059,0.0066808735
0.27489191,131.71904,1.3431361,-1.0741135,-0.14372509,1.3364786,0.0066574764
0.27497199,131.75741,1.4627804,-1.1018379,-0.13609664,1.4562245,0.006555921
0.27501754,131.77924,1.4025658,-1.0894178,-0.12689039,1.3960717,0.006494086
0.27510823,131.82269,1.239146,-1.0674195,-0.11802156,1.232756,0.0063899609
0.27514209,131.83892,1.1916393,-1.0684841,-0.12025566,1.1852799,0.0063593868
0.27523203,131.88202,1.2153307,-1.1248295,-0.14381081,1.2090492,0.0062815744
0.27526563,131.89811,1.3184977,-1.1612785,-0.1534678,1.3122531,0.0062446083
0.27535488,131.94088,1.6307293,-1.2476781,-0.16400769,1.6246555,0.0060737681
0.27539933,131.96218,1.5905022,-1.2475315,-0.15940688,1.5845339,0.0059682621
0.27547684,131.99932,1.3876511,-1.2300592,-0.15852949,1.3818444,0.0058067833
0.27552097,132.02046,1.346337,-1.250324,-0.1719113,1.3406064,0.0057306297
0.27560892,132.06261,1.5821534,-1.3558041,-0.20766761,1.5765808,0.0055725129
0.2756418,132.07836,1.7500989,-1.4054024,-0.21762592,1.7446086,0.0054902976
0.2757292,132.12024,1.7027729,-1.4156057,-0.21022779,1.6975382,0.005234685
0.27577275,132.14111,1.534081,-1.3993761,-0.21186766,1.5289557,0.0051253685
0.27584875,132.17753,1.5135535,-1.4603047,-0.24981039,1.5085805,0.0049729953
0.27589206,132.19828,1.6904547,-1.519156,-0.26958939,1.6855716,0.0048830913
0.27597844,132.23967,1.9547774,-1.5890168,-0.27309604,1.9501393,0.0046381401
0.27602151,132.26031,1.7906582,-1.5640517,-0.26444977,1.786145,0.0045132137
0.27610745,132.30148,1.5450966,-1.5856911,-0.2994557,1.5407566,0.0043400334
0.27615032,132.32203,1.653799,-1.6358969,-0.32316807,1.6495295,0.0042694727
0.27622521,132.35791,2.0036136,-1.7086121,-0.32922903,1.999509,0.0041046209
0.27626792,132.37838,1.9711137,-1.7068433,-0.3228093,1.9671233,0.0039903652
0.27635319,132.41924,1.5679536,-1.6745797,-0.33529781,1.5641334,0.0038201905
0.27639576,132.43964,1.597045,-1.6980451,-0.35387827,1.593278,0.0037669543
0.2764808,132.48039,1.9364014,-1.7815266,-0.37389949,1.9327624,0.0036389429
0.27652328,132.50074,1.971968,-1.7868808,-0.36573998,1.968416,0.0035519634
0.27660816,132.54141,1.550133,-1.7188399,-0.36084846,1.5467129,0.0034200914
0.27665057,132.56173,1.4974152,-1.7205605,-0.37440266,1.4940198,0.0033954232
0.2767354,132.60238,1.7558665,-1.7766419,-0.39296848,1.7524991,0.0033674155
0.27676721,132.61762,1.8496307,-1.7826958,-0.38747215,1.846276,0.0033547501
0.27685204,132.65827,1.4971122,-1.7031807,-0.36967984,1.4937357,0.0033765465
0.27689447,132.6786,1.322402,-1.6803751,-0.37954687,1.3189333,0.0034686795
0.27697851,132.71887,1.5611358,-1.7345627,-0.41724525,1.5573485,0.0037873309
0.2770267,132.74196,1.6860828,-1.7595192,-0.42833769,1.6820555,0.0040272702
0.27710776,132.7808,1.568686,-1.7527535,-0.44865704,1.564168,0.0045179595
0.27715168,132.80185,1.5367441,-1.7647156,-0.47075196,1.5319136,0.0048305313
0.27723077,132.83974,1.6732122,-1.8469268,-0.52635312,1.6677839,0.0054282982
0.27727495,132.86091,1.7758973,-1.8940464,-0.55160089,1.7701353,0.0057619637
0.27735479,132.89917,1.7770213,-1.9346053,-0.5837967,1.7706525,0.0063687759
0.27739894,132.92033,1.7288086,-1.9494684,-0.60352447,1.7220894,0.0067192392
0.2774856,132.96185,1.8134614,-2.0222558,-0.65113371,1.8060319,0.0074294519
0.27751952,132.9781,1.8752171,-2.053761,-0.66612029,1.867514,0.0077030677
0.27761062,133.02175,1.8849282,-2.0897845,-0.68856453,1.8765184,0.0084098085
0.27765104,133.04112,1.8450976,-2.0932268,-0.69685162,1.8363767,0.0087209113
0.27773036,133.07913,1.8530003,-2.1269757,-0.72146706,1.8436711,0.0093291412
0.27777715,133.10155,1.8961702,-2.1575787,-0.73599823,1.886497,0.0096732751
0.2778543,133.13852,1.8854747,-2.1650334,-0.74173033,1.8752776,0.010197053
0.27790041,133.16061,1.8617133,-2.162319,-0.74467813,1.8512182,0.01049506
0.27798541,133.20134,1.8848808,-2.202337,-0.76675014,1.8738768,0.011003931
0.27802451,133.22008,1.9024904,-2.2117765,-0.77047332,1.8912822,0.011208154
0.2781045,133.25841,1.8437516,-2.1923883,-0.7655351,1.8321727,0.011578842
0.27814597,133.27828,1.8628719,-2.2121173,-0.77588373,1.851116,0.011755864
0.27823339,133.32016,1.860959,-2.209649,-0.77256242,1.848894,0.012065045
0.27827056,133.33798,1.8229498,-2.1950802,-0.7693307,1.8107727,0.012177131
0.27836095,133.38129,1.8986044,-2.216989,-0.77782808,1.8861714,0.01243297
0.27840452,133.40217,1.9198497,-2.2061233,-0.76902295,1.9073291,0.012520595
0.27848114,133.43888,1.7790113,-2.1714768,-0.76213284,1.7663535,0.012657774
0.27852498,133.45989,1.8129826,-2.1728618,-0.76310982,1.8002399,0.012742721
0.27861284,133.50198,1.8718967,-2.1686829,-0.75451641,1.8590323,0.012864417
0.27864584,133.5178,1.7996249,-2.147701,-0.74836938,1.7867324,0.012892529
0.27873399,133.56004,1.7813238,-2.1176753,-0.73976774,1.7683402,0.012983594
0.27877815,133.5812,1.862771,-2.1230485,-0.73697895,1.8497424,0.013028549
0.2788556,133.61831,1.7810676,-2.0801194,-0.72053802,1.7679998,0.013067762
0.27889993,133.63955,1.7555385,-2.0520124,-0.710793,1.7424602,0.013078248
0.27898882,133.68214,1.8228012,-2.0320098,-0.70129164,1.8097004,0.013100822
0.27902222,133.69814,1.8768904,-2.0320246,-0.69724696,1.8637902,0.013100203
0.27911149,133.74092,1.7685979,-1.9651381,-0.67206304,1.755528,0.013069953
0.27915625,133.76237,1.7157606,-1.9347939,-0.6639035,1.7027119,0.013048709
0.27923476,133.79999,1.8025885,-1.9202367,-0.65680511,1.7895777,0.01301079
0.27927975,133.82155,1.8765279,-1.9147356,-0.64959925,1.8635572,0.012970709
0.27935868,133.85937,1.7838908,-1.845424,-0.62332991,1.7710181,0.012872724
0.2794039,133.88104,1.721373,-1.8028879,-0.61043196,1.7085565,0.01281654
0.27948327,133.91907,1.7634721,-1.7726675,-0.60159485,1.7507339,0.012738264
0.27952875,133.94086,1.8820478,-1.7690496,-0.59409256,1.8693662,0.012681559
0.27960858,133.97911,1.841623,-1.7230345,-0.57385309,1.8290774,0.01254566
0.27965435,134.00104,1.779177,-1.6694423,-0.55513478,1.7667165,0.012460485
0.27973467,134.03953,1.7096845,-1.5996285,-0.53585517,1.6973509,0.0123336
0.27978072,134.0616,1.7525387,-1.5941629,-0.53554431,1.7402627,0.01227601
0.27986157,134.10034,1.9010878,-1.5826764,-0.52026855,1.8889469,0.012140859
0.27990794,134.12255,1.9194324,-1.5559912,-0.50655447,1.907396,0.012036426
0.27998932,134.16155,1.8419223,-1.4850809,-0.48036401,1.8300903,0.011832019
0.28002432,134.17832,1.7474455,-1.4542187,-0.47505071,1.7356984,0.011747061
0.28010619,134.21755,1.6753429,-1.391368,-0.45796151,1.6637637,0.011579131
0.28015315,134.24005,1.7117549,-1.3828011,-0.45634955,1.700252,0.011502903
0.2802356,134.27956,1.9250388,-1.3624698,-0.43506874,1.913696,0.011342818
0.28028288,134.30221,1.9659074,-1.3398848,-0.42077902,1.9546878,0.011219641
0.28036589,134.34199,1.9420538,-1.2939535,-0.4004601,1.931087,0.010966841
0.28040158,134.35909,1.8957192,-1.2649174,-0.39057719,1.8848687,0.010850466
0.28048509,134.39911,1.7759006,-1.2110456,-0.37475799,1.765317,0.010583655
0.28053297,134.42205,1.734864,-1.1905986,-0.36947859,1.7244144,0.010449567
0.28061703,134.46233,1.6456468,-1.150341,-0.36047632,1.6353828,0.010264009
0.28065316,134.47964,1.6303151,-1.1407573,-0.35946191,1.6201128,0.010202254
0.28073767,134.52013,1.7324539,-1.135106,-0.35272376,1.7223886,0.010065312
0.28077399,134.53754,1.8158248,-1.1396702,-0.34928567,1.8058324,0.0099923609
0.2808588,134.57818,1.9414457,-1.1159053,-0.3275989,1.931677,0.0097686573
0.28090735,134.60144,1.9796353,-1.1006027,-0.31502421,1.9700172,0.0096180621
0.28099269,134.64233,1.9414011,-1.0679126,-0.29855948,1.9320496,0.0093515307
0.28102935,134.6599,1.9107254,-1.0540665,-0.29241983,1.9014817,0.0092437327
0.28111504,134.70096,1.8887235,-1.0315689,-0.27955566,1.8797128,0.0090107674
0.28115182,134.71858,1.8175525,-1.0140689,-0.27486633,1.8086328,0.0089197825
0.28123778,134.75977,1.7324014,-0.98044136,-0.26120002,1.7236731,0.008728253
0.28127467,134.77745,1.6954597,-0.97229738,-0.25770875,1.6868077,0.0086520578
0.28136085,134.81874,1.5613681,-0.9358362,-0.24664577,1.5528837,0.0084843492
0.28141017,134.84237,1.5452851,-0.9310598,-0.24361713,1.5368933,0.0083917943
0.2814842,134.87785,1.4589358,-0.92472555,-0.24408416,1.4506746,0.0082611969
0.28153358,134.90151,1.4420675,-0.92350253,-0.24319149,1.4338828,0.0081847569
0.28162009,134.94296,1.442154,-0.94178983,-0.24831665,1.434086,0.0080680043
0.28165716,134.96072,1.4701245,-0.94701613,-0.24724035,1.4621003,0.0080241808
0.28174367,135.00217,1.6008076,-0.97831756,-0.2478461,1.5928935,0.0079140968
0.28178074,135.01994,1.6775379,-1.0018369,-0.2509741,1.6696799,0.0078580167
0.28186725,135.06139,1.8144386,-1.0210235,-0.2434223,1.8067378,0.0077007877
0.28190429,135.07914,1.8142357,-1.016615,-0.23802657,1.8066095,0.0076262288
0.2819907,135.12054,1.7694454,-0.99492504,-0.22344683,1.7619869,0.0074585885
0.28202768,135.13826,1.7417811,-0.9945519,-0.22179055,1.7343921,0.0073889429
0.28211392,135.17959,1.63863,-0.97199615,-0.21066894,1.6313827,0.007247316
0.28215084,135.19728,1.6192361,-0.97823973,-0.21213773,1.6120437,0.007192343
0.28223689,135.23851,1.5638893,-0.97194905,-0.20533426,1.5568133,0.0070760265
0.28228599,135.26204,1.505988,-0.9683088,-0.20335839,1.4989697,0.0070182888
0.28235954,135.29728,1.4520866,-0.95399405,-0.19364479,1.4451392,0.0069473282
0.28240849,135.32073,1.4132769,-0.95154391,-0.19115922,1.4063699,0.0069070066
0.28249398,135.3617,1.3523328,-0.94176513,-0.18285303,1.3454837,0.0068490708
0.28253055,135.37922,1.3251699,-0.92945342,-0.17643394,1.3183393,0.0068305315
0.28261571,135.42003,1.2586449,-0.91740022,-0.16807437,1.2518474,0.0067974871
0.28265213,135.43748,1.2555662,-0.92151143,-0.16701861,1.2487792,0.0067870715
0.28273693,135.47811,1.168535,-0.91004151,-0.15972488,1.1617576,0.0067773511
0.28278526,135.50127,1.1177465,-0.90629713,-0.15697046,1.1109663,0.0067801748
0.28286961,135.54169,1.1068624,-0.9201574,-0.15814332,1.1000717,0.0067906572
0.28290566,135.55896,1.0982057,-0.92846639,-0.1604478,1.091409,0.0067967454
0.28298954,135.59915,1.0984069,-0.94189846,-0.16115015,1.0915921,0.0068147919
0.28303731,135.62205,1.102419,-0.95325138,-0.16309398,1.095593,0.0068259719
0.28312062,135.66196,1.1733205,-0.97605098,-0.16487976,1.1664762,0.0068442573
0.2831562,135.67901,1.2712649,-0.99564275,-0.16598287,1.2644223,0.006842559
0.28323896,135.71867,1.3886824,-1.0227255,-0.15994847,1.3818749,0.0068075145
0.28328608,135.74125,1.3692524,-1.0118757,-0.1487799,1.3624764,0.006775976
0.28336819,135.78059,1.2749924,-0.98554252,-0.13019055,1.2682681,0.0067243347
0.28340324,135.79739,1.24139,-0.97645976,-0.12540137,1.2346843,0.0067056979
0.2834963,135.84198,1.1400955,-0.97069665,-0.117512,1.1334302,0.0066652435
0.28353104,135.85862,1.10257,-0.97164183,-0.11638622,1.0959151,0.0066549233
0.2836118,135.89732,1.0192012,-0.98618835,-0.12041625,1.0125617,0.006639471
0.28365775,135.91934,1.0712511,-1.0056786,-0.12634456,1.0646181,0.0066330351
0.28373783,135.95771,1.2350592,-1.0616352,-0.13719339,1.2284573,0.0066018322
0.2837834,135.97955,1.4050432,-1.1102199,-0.14432169,1.3984854,0.0065578028
0.2838628,136.01759,1.4765203,-1.1326338,-0.13710043,1.4700882,0.0064321005
0.28390798,136.03924,1.4048609,-1.1163348,-0.12755102,1.3985007,0.0063601844
0.28399795,136.08235,1.2266507,-1.1035462,-0.12705074,1.2204078,0.0062428835
0.28403157,136.09846,1.2050622,-1.1162162,-0.13439706,1.1988557,0.0062065478
0.28412086,136.14125,1.4001986,-1.205972,-0.16379271,1.3940969,0.00610169
0.28416532,136.16255,1.608023,-1.2615505,-0.1728526,1.6020067,0.0060162649
0.28424283,136.19969,1.6331039,-1.2846444,-0.16884842,1.6272832,0.0058207465
0.28428698,136.22085,1.5000014,-1.2696183,-0.16585133,1.4942855,0.0057159882
0.28436398,136.25774,1.3614847,-1.2916893,-0.18630573,1.3559181,0.0055665281
0.28440784,136.27876,1.4492415,-1.34975,-0.21058457,1.4437529,0.0054886413
0.28449527,136.32065,1.8474012,-1.4554281,-0.22814742,1.8421298,0.0052713521
0.28453884,136.34153,1.8099542,-1.4582848,-0.2240794,1.8048154,0.0051387583
0.28461486,136.37795,1.4995222,-1.4333057,-0.228661,1.494576,0.0049462409
0.28465819,136.39872,1.4881817,-1.4734692,-0.2541395,1.4833199,0.0048618845
0.2847446,136.44012,1.8625899,-1.5886333,-0.28878746,1.8579114,0.0046784434
0.2847877,136.46077,1.9848321,-1.6208547,-0.28790893,1.9802781,0.004553984
0.28487366,136.50196,1.654306,-1.5748416,-0.2768824,1.6499845,0.0043214394
0.28491654,136.52251,1.5345425,-1.5967125,-0.30222134,1.5302976,0.0042448972
0.28499144,136.5584,1.7579253,-1.6825401,-0.33933335,1.7538004,0.0041249379
0.28503417,136.57887,1.9610605,-1.7264409,-0.34361281,1.9570255,0.0040349827
0.28511949,136.61975,1.8266945,-1.7073466,-0.32866153,1.8228677,0.0038267196
0.28516206,136.64016,1.5867105,-1.6831745,-0.33571745,1.5829573,0.0037532194
0.28524714,136.68092,1.6669168,-1.7433163,-0.37635569,1.6632636,0.0036532465
0.28528963,136.70128,1.8586356,-1.7764331,-0.37914458,1.855042,0.0035936671
0.28537454,136.74197,1.8354531,-1.7612453,-0.35808021,1.8320095,0.0034435913
0.28541697,136.7623,1.5664308,-1.7248346,-0.36139234,1.5630354,0.0033953703
0.28549122,136.79788,1.4886542,-1.7208026,-0.38121906,1.4852753,0.0033789617
0.28553365,136.81821,1.6015739,-1.7540145,-0.39394661,1.598187,0.0033869098
0.28561851,136.85887,1.78979,-1.7517338,-0.37896998,1.7863704,0.0034195915
0.28566094,136.8792,1.5467979,-1.7064685,-0.37329451,1.5433196,0.0034782426
0.28574516,136.91956,1.3400473,-1.6941618,-0.40504386,1.3362609,0.0037863816
0.28578408,136.9382,1.5110658,-1.7289423,-0.42406053,1.5070775,0.0039883202
0.28587439,136.98148,1.6842349,-1.781908,-0.45691695,1.6796966,0.0045383399
0.28590939,136.99825,1.6342059,-1.7787562,-0.4650742,1.6294314,0.0047744728
0.28599677,137.04012,1.5867047,-1.8173645,-0.51352598,1.5812861,0.0054185873
0.28604069,137.06117,1.6703779,-1.8693476,-0.54640448,1.6646216,0.0057562992
0.28612007,137.0992,1.8357917,-1.9501572,-0.58963835,1.829424,0.0063676569
0.28616404,137.12027,1.8274454,-1.9694166,-0.60508569,1.8207396,0.0067058343
0.28625046,137.16168,1.7619797,-1.9986825,-0.63902406,1.7545846,0.0073950587
0.2862927,137.18192,1.7951034,-2.0313374,-0.66047314,1.7873636,0.0077397178
0.28637523,137.22146,1.9156777,-2.0979563,-0.69260781,1.907286,0.0083916904
0.28641561,137.24081,1.9058455,-2.108821,-0.70011963,1.8971488,0.0086967287
0.28649483,137.27877,1.8378076,-2.1106453,-0.71215478,1.8285169,0.0092907677
0.28654157,137.30117,1.8475022,-2.1322357,-0.72684217,1.8378647,0.0096374598
0.28662639,137.34181,1.9134289,-2.1753817,-0.74697443,1.9032051,0.010223805
0.28666483,137.36023,1.8925772,-2.1697151,-0.74575881,1.8821117,0.010465504
0.28674984,137.40097,1.856795,-2.1771024,-0.75631545,1.845824,0.010971039
0.28678898,137.41972,1.8730571,-2.1966942,-0.76625254,1.8618736,0.011183451
0.28686908,137.4581,1.875021,-2.1977679,-0.76540054,1.8634654,0.011555551
0.28691062,137.47801,1.8410948,-2.1881515,-0.76468345,1.8293687,0.011726022
0.28699825,137.51999,1.8948548,-2.2175665,-0.77742374,1.8828032,0.012051542
0.28703557,137.53788,1.8885468,-2.2103988,-0.77289011,1.8763849,0.012161929
0.28712645,137.58143,1.8135706,-2.1846876,-0.76845192,1.8011665,0.012404079
0.28717011,137.60234,1.8897733,-2.1974294,-0.77092656,1.8772603,0.012513082
0.28724678,137.63908,1.8440839,-2.1829989,-0.76333175,1.8314384,0.012645571
0.28729067,137.66011,1.7795243,-2.1590451,-0.75704144,1.7668128,0.012711494
0.28737858,137.70224,1.865822,-2.1608013,-0.75507262,1.8529667,0.012855352
0.2874116,137.71806,1.9054083,-2.1588469,-0.75050873,1.8925134,0.012894844
0.28749985,137.76034,1.7507585,-2.104756,-0.73442459,1.7377948,0.012963718
0.28754405,137.78152,1.7586231,-2.0876284,-0.72823983,1.745623,0.013000125
0.28762155,137.81866,1.8921407,-2.0909522,-0.72204921,1.8790874,0.013053322
0.28766594,137.83993,1.8329505,-2.0637538,-0.71184561,1.8198865,0.013063999
0.28775491,137.88256,1.7219821,-2.0063412,-0.69594637,1.7089109,0.013071173
0.28778833,137.89857,1.7588154,-1.9989457,-0.69184491,1.7457408,0.013074636
0.28787769,137.94139,1.8709384,-1.9831882,-0.67767719,1.8578833,0.013055105
0.28791125,137.95747,1.8169763,-1.953379,-0.66618669,1.8039409,0.01303539
0.28800108,138.00052,1.7070957,-1.8867401,-0.6457092,1.6941243,0.012971392
0.2880461,138.02209,1.7467101,-1.874901,-0.64153341,1.7337677,0.012942418
0.28812511,138.05995,1.8871144,-1.864298,-0.63060299,1.8742502,0.012864224
0.28817038,138.08164,1.8545981,-1.8243251,-0.61345711,1.8417983,0.012799722
0.28824984,138.11971,1.7295678,-1.7543201,-0.59277214,1.7168838,0.012683962
0.28829537,138.14153,1.7174109,-1.7187591,-0.58321714,1.70478,0.012630888
0.28837529,138.17983,1.8736868,-1.7117635,-0.57270103,1.8611509,0.01253596
0.28842109,138.20177,1.8862152,-1.698896,-0.56551334,1.8737557,0.012459503
0.28850153,138.24032,1.8153662,-1.6291291,-0.5390722,1.8030649,0.01230121
0.28854762,138.2624,1.7450475,-1.5832187,-0.52558156,1.7328364,0.012211117
0.28862857,138.30119,1.7117278,-1.5293196,-0.51192126,1.6996462,0.012081557
0.28866333,138.31785,1.7771407,-1.5201076,-0.50614442,1.7651079,0.012032836
0.28875644,138.36246,1.9228493,-1.4989234,-0.48703352,1.9109927,0.011856697
0.28879143,138.37923,1.944338,-1.4781688,-0.47602356,1.9325681,0.011769896
0.28887345,138.41853,1.8784548,-1.415819,-0.45276395,1.8669082,0.011546581
0.28892043,138.44104,1.7779137,-1.3755189,-0.44334567,1.7664944,0.011419298
0.28900299,138.4806,1.6828613,-1.3221021,-0.43085541,1.6716388,0.011222474
0.28903848,138.49761,1.6792632,-1.3114503,-0.42919586,1.6681091,0.011154111
0.28912153,138.5374,1.7874009,-1.2934937,-0.41930154,1.776393,0.011007807
0.28916918,138.56023,1.897042,-1.2821283,-0.40665565,1.8861385,0.010903475
0.28925279,138.60029,1.97283,-1.2347862,-0.37683113,1.9621627,0.010667342
0.2892887,138.6175,1.9628934,-1.2210183,-0.37099487,1.9523421,0.010551283
0.28937281,138.6578,1.9192028,-1.1766016,-0.35239114,1.9089354,0.010267386
0.289421,138.6809,1.8724243,-1.150262,-0.34283598,1.8623129,0.010111333
0.28950557,138.72142,1.7343644,-1.094403,-0.32630036,1.724489,0.0098754165
0.28954196,138.73886,1.7202178,-1.0897091,-0.32482882,1.710426,0.0097918033
0.28962698,138.77959,1.624642,-1.0544225,-0.31733308,1.6150143,0.0096276303
0.28966354,138.79711,1.6074,-1.0481509,-0.31653592,1.5978347,0.0095652941
0.2897489,138.83801,1.6388408,-1.0536708,-0.31840522,1.6294182,0.0094226341
0.28979789,138.86149,1.7025481,-1.0535444,-0.31375459,1.6932187,0.009329394
0.28988362,138.90257,1.8763558,-1.0607269,-0.30143009,1.8672243,0.0091315235
0.28992037,138.92018,1.9291575,-1.059613,-0.29533922,1.9201218,0.009035728
0.29000657,138.96148,1.9551892,-1.0350519,-0.27608713,1.9463846,0.008804571
0.29004351,138.97918,1.9229391,-1.0196573,-0.26849408,1.9142323,0.0087068819
0.29012971,139.02049,1.8795849,-1.0036788,-0.25885663,1.871091,0.0084939166
0.29016666,139.03819,1.8464616,-0.99987565,-0.25682676,1.8380555,0.0084061146
0.29025286,139.07949,1.7751077,-0.98027399,-0.24659158,1.7668922,0.0082155813
0.2902898,139.0972,1.7463144,-0.97616185,-0.24458225,1.738176,0.0081383667
0.290376,139.1385,1.656753,-0.94852981,-0.2315271,1.6487871,0.0079658276
0.2904256,139.16227,1.6181094,-0.93151045,-0.22127751,1.6102364,0.0078730052
0.2905,139.19791,1.5409892,-0.92005278,-0.21599476,1.5332423,0.0077469112
0.29054959,139.22168,1.4468948,-0.89919626,-0.20950626,1.4392251,0.0076696541
0.29062399,139.25733,1.3846499,-0.88961223,-0.20411086,1.3770879,0.0075620318
0.29067339,139.281,1.3798769,-0.89397394,-0.2032525,1.3723783,0.0074985646
0.29075948,139.32225,1.3369564,-0.90313508,-0.20573275,1.329554,0.0074024232
0.29079638,139.33993,1.2989115,-0.90106759,-0.2056126,1.2915434,0.0073682008
0.29088248,139.38119,1.2997673,-0.91574321,-0.20819761,1.2924662,0.0073011474
0.29091937,139.39887,1.311225,-0.93365261,-0.21388607,1.3039485,0.0072764688
0.29100547,139.44012,1.3541026,-0.95269016,-0.21504215,1.3468773,0.0072252814
0.29104237,139.4578,1.4094169,-0.97102357,-0.21746525,1.4022161,0.0072008626
0.29112846,139.49906,1.5328046,-1.0076511,-0.2202228,1.5256719,0.0071326346
0.29117766,139.52263,1.5784672,-1.016946,-0.21725992,1.5713853,0.0070818952
0.29125084,139.5577,1.5964584,-1.0125635,-0.20628063,1.5894576,0.0070008014
0.29129943,139.58097,1.5439536,-0.99858371,-0.19813375,1.5370008,0.0069528653
0.29138445,139.62171,1.4982134,-0.98705932,-0.18700082,1.4913342,0.0068791245
0.29142088,139.63917,1.4547145,-0.97449324,-0.18059203,1.4478612,0.0068532559
0.2915059,139.67991,1.4049874,-0.9699016,-0.17373617,1.3981833,0.0068041442
0.29154234,139.69737,1.3884014,-0.97022356,-0.17132358,1.3816156,0.0067858591
0.29162736,139.73811,1.3545591,-0.95843375,-0.16336187,1.3478134,0.0067457776
0.29167539,139.76112,1.3196551,-0.95830472,-0.16050365,1.3129272,0.0067278619
0.29175848,139.80094,1.271499,-0.95641034,-0.15413655,1.2647943,0.0067046516
0.29179409,139.818,1.235348,-0.94668302,-0.14843974,1.2286473,0.006700645
0.29187717,139.85781,1.1765962,-0.94245303,-0.1415418,1.1698946,0.0067015631
0.29192465,139.88056,1.1142118,-0.93397654,-0.13677274,1.1075045,0.0067072609
0.29200774,139.92037,1.0832246,-0.94976144,-0.1379856,1.0764978,0.0067267279
0.29204335,139.93744,1.0536295,-0.95186448,-0.13837132,1.0468949,0.006734616
0.29212643,139.97725,1.0597647,-0.97407613,-0.14209901,1.0530092,0.0067554516
0.29217391,140,1.1312123,-0.99747854,-0.14541255,1.1244507,0.0067615995
0.29225527,140.03898,1.3417538,-1.0463546,-0.14740055,1.3350245,0.0067293661
0.29230155,140.06116,1.4124572,-1.0651709,-0.14434527,1.4057739,0.0066832717
0.2923822,140.09981,1.3360522,-1.0409612,-0.12475355,1.3294536,0.0065986
0.29242808,140.12179,1.2605879,-1.029997,-0.11878491,1.2540265,0.0065614617
0.29250803,140.1601,1.151,-1.0222256,-0.11459921,1.1444878,0.006512252
0.29255351,140.18189,1.1209407,-1.0345476,-0.12043408,1.1144512,0.0064895023
0.29263278,140.21987,1.1964485,-1.0874726,-0.13809844,1.1900056,0.0064428986
0.29267788,140.24149,1.3401862,-1.1367808,-0.14923302,1.3337857,0.0064005367
0.29275652,140.27916,1.5679906,-1.196137,-0.15196028,1.5617237,0.0062669603
0.29280127,140.30061,1.5344336,-1.1924606,-0.14531138,1.5282563,0.0061773057
0.29287928,140.33799,1.3639848,-1.1739039,-0.14135121,1.3579457,0.0060391732
0.2929237,140.35927,1.2881169,-1.18553,-0.15183315,1.282143,0.0059738776
0.2930122,140.40168,1.4711558,-1.2776429,-0.18417483,1.4653157,0.0058401481
0.29304527,140.41752,1.6360921,-1.328533,-0.19596153,1.6303217,0.0057703139
0.29313318,140.45965,1.711336,-1.3661986,-0.19408251,1.7058072,0.0055287818
0.29317697,140.48063,1.5516219,-1.3493192,-0.19210217,1.5462062,0.0054157061
0.29326428,140.52247,1.467594,-1.399382,-0.22616981,1.4623595,0.0052344753
0.29329691,140.5381,1.5602649,-1.4400571,-0.24194858,1.5550956,0.0051692884
0.29338373,140.5797,1.9161624,-1.5298392,-0.25339942,1.9112258,0.0049365529
0.293427,140.60044,1.8383096,-1.5251741,-0.24852962,1.8335059,0.0048037481
0.2935133,140.64179,1.5228144,-1.521877,-0.26908202,1.5182133,0.0046011148
0.29355634,140.66241,1.582332,-1.5677709,-0.29310017,1.577809,0.004523009
0.2936315,140.69843,1.9562557,-1.6644062,-0.31569161,1.9518962,0.0043594638
0.29367436,140.71896,2.017411,-1.679935,-0.31045445,2.0131712,0.0042398161
0.29375989,140.75995,1.6308268,-1.6351436,-0.30817731,1.6267955,0.0040312445
0.29380258,140.7804,1.5608055,-1.6563309,-0.33183345,1.5568395,0.0039660677
0.29388781,140.82124,1.8905771,-1.752796,-0.36514228,1.8867432,0.0038339358
0.29393037,140.84164,2.0036872,-1.7726386,-0.35911724,1.9999443,0.0037429242
0.29401538,140.88237,1.6638419,-1.7183858,-0.34715828,1.660277,0.0035648474
0.29404722,140.89763,1.5433549,-1.7129732,-0.35797945,1.5398303,0.0035245656
0.29413209,140.93829,1.6774312,-1.7647166,-0.38975934,1.6739836,0.0034476315
0.2941745,140.95862,1.8543036,-1.7931967,-0.38894011,1.8509007,0.0034028816
0.29425931,140.99925,1.7166773,-1.7398834,-0.36271471,1.7133649,0.0033124173
0.29430171,141.01957,1.4211098,-1.7008752,-0.36703776,1.4177944,0.0033153606
0.29438654,141.06022,1.4346,-1.7147798,-0.39386741,1.4311695,0.0034305582
0.29442898,141.08055,1.6446331,-1.7411639,-0.40122758,1.6411044,0.003528688
0.29451211,141.12038,1.6309318,-1.7286101,-0.40166139,1.6271256,0.0038062275
0.29455019,141.13863,1.5024353,-1.7156554,-0.41364987,1.498434,0.0040012443
0.29463972,141.18153,1.5362488,-1.7609448,-0.46369312,1.5316576,0.0045911865
0.29467473,141.19831,1.6388623,-1.7975982,-0.48528468,1.6340172,0.0048450643
0.29476247,141.24035,1.7526875,-1.8623516,-0.52699219,1.747202,0.0054854077
0.29480661,141.2615,1.6911071,-1.875013,-0.54639904,1.6852927,0.005814351
0.29488626,141.29967,1.6944336,-1.9238274,-0.59035542,1.6879856,0.0064479342
0.29493021,141.32073,1.7898312,-1.974829,-0.61842737,1.7830249,0.0068062981
0.29500794,141.35797,1.9058306,-2.0404865,-0.65170682,1.8984053,0.0074253099
0.29505019,141.37822,1.8626756,-2.047889,-0.66133404,1.8549201,0.0077555202
0.29514082,141.42164,1.8115314,-2.0742539,-0.6895954,1.8030566,0.0084747607
0.29518107,141.44093,1.8554987,-2.1054964,-0.70687494,1.8467065,0.0087921411
0.29526011,141.4788,1.9227189,-2.1484098,-0.72705345,1.9133344,0.0093844663
0.29530677,141.50116,1.8775652,-2.1429934,-0.72858552,1.8678477,0.0097175492
0.29539148,141.54175,1.8542948,-2.158994,-0.74454028,1.8439923,0.010302476
0.29542992,141.56017,1.8818404,-2.1801711,-0.75483033,1.8712889,0.010551492
0.29551505,141.60096,1.8837526,-2.1900738,-0.75934659,1.8727126,0.011039957
0.29555428,141.61976,1.8556842,-2.1834058,-0.75958826,1.8444403,0.011243844
0.29563475,141.65832,1.8783019,-2.2164627,-0.77677529,1.8666768,0.011625086
0.29567659,141.67837,1.8917809,-2.2172369,-0.77568618,1.8799897,0.011791198
0.29576506,141.72076,1.8289898,-2.199584,-0.77308437,1.8168901,0.012099775
0.29580283,141.73886,1.8655171,-2.2120845,-0.7777286,1.8532954,0.012221662
0.29588424,141.77787,1.8413251,-2.1995556,-0.76977325,1.828903,0.012422149
0.29592791,141.79879,1.7944369,-2.1831434,-0.7660949,1.7819198,0.01251709
0.29601551,141.84077,1.8951846,-2.1941942,-0.7679372,1.8824817,0.012702948
0.29605938,141.86179,1.8829886,-2.1863024,-0.76277613,1.870223,0.012765528
0.2961363,141.89864,1.7551331,-2.1413495,-0.74985372,1.742278,0.012855161
0.29618033,141.91974,1.7829558,-2.137764,-0.74862646,1.7700406,0.012915129
0.29626856,141.96202,1.8617536,-2.1311479,-0.73891598,1.8487467,0.013006882
0.2963017,141.9779,1.7801695,-2.1063659,-0.73195497,1.767144,0.01302549
0.29639025,142.02033,1.7440142,-2.0631824,-0.7187836,1.7309461,0.013068074
0.29643463,142.0416,1.8283582,-2.0665511,-0.71596767,1.8152677,0.013090565
0.29651245,142.07888,1.8154916,-2.0257884,-0.69553478,1.8023954,0.013096135
0.29655702,142.10024,1.7572244,-1.9959145,-0.68622268,1.7441372,0.01308718
0.29663519,142.1377,1.7530768,-1.9620237,-0.6758202,1.7400042,0.013072545
0.29667997,142.15915,1.8263134,-1.9609717,-0.6719982,1.8132566,0.01305674
0.29676978,142.20219,1.8096002,-1.9082352,-0.64730273,1.7966194,0.012980815
0.29680354,142.21836,1.76236,-1.8801432,-0.6383717,1.7494146,0.012945383
0.29689381,142.26162,1.7162196,-1.82911,-0.62535695,1.7033569,0.012862681
0.29692775,142.27788,1.8040903,-1.8270952,-0.62147198,1.7912601,0.012830205
0.29701853,142.32138,1.8669702,-1.785059,-0.59708053,1.8542693,0.012700875
0.29705268,142.33774,1.8195221,-1.7502646,-0.5845204,1.8068784,0.012643712
0.29714399,142.38149,1.7153675,-1.6627698,-0.55948874,1.702862,0.012505526
0.29717833,142.39795,1.7301679,-1.6497126,-0.55646414,1.717702,0.012465841
0.29727021,142.44197,1.9007514,-1.6418121,-0.54286355,1.8884197,0.012331719
0.29730477,142.45854,1.9079053,-1.6257691,-0.53452388,1.8956431,0.012262145
0.29738568,142.49731,1.8199646,-1.5558619,-0.50987184,1.807883,0.012081557
0.29743206,142.51953,1.7500567,-1.5124454,-0.49758571,1.7380763,0.011980338
0.2975135,142.55855,1.699854,-1.4521736,-0.48162936,1.6880194,0.011834584
0.29756019,142.58092,1.7887182,-1.4460067,-0.47664369,1.7769557,0.011762429
0.29764218,142.62021,1.9259804,-1.4234306,-0.45720965,1.9143866,0.011593719
0.29768919,142.64274,1.9372567,-1.3963815,-0.4435051,1.9257882,0.011468501
0.29777174,142.68229,1.882205,-1.3407279,-0.42265975,1.8709813,0.011223686
0.29780723,142.6993,1.8080303,-1.3130145,-0.41549,1.7969132,0.011117138
0.29789029,142.7391,1.7079976,-1.2594679,-0.40190292,1.6971123,0.010885248
0.29793791,142.76192,1.6764021,-1.2389994,-0.39720713,1.6656272,0.010774885
0.29802154,142.80199,1.6832785,-1.2174232,-0.39185334,1.6726542,0.010624324
0.29805749,142.81921,1.7560018,-1.2186384,-0.38916702,1.74544,0.01056174
0.2981416,142.85952,1.9190173,-1.1967323,-0.36759053,1.9086464,0.010370844
0.29818982,142.88262,1.9783888,-1.1736313,-0.35131857,1.9681597,0.010229148
0.29826232,142.91736,1.9716805,-1.1409353,-0.33452784,1.9616878,0.0099927501
0.29831077,142.94058,1.9237613,-1.1152585,-0.32432698,1.9139289,0.0098324504
0.29839578,142.98131,1.8762509,-1.0768079,-0.30716309,1.8666811,0.0095697657
0.2984323,142.99881,1.8269566,-1.0573212,-0.3003831,1.8174879,0.0094687158
0.29851769,143.03973,1.733171,-1.0187954,-0.28689866,1.7239054,0.0092656049
0.29855436,143.0573,1.6641374,-1.0005726,-0.28260502,1.6549469,0.0091904847
0.2986401,143.09838,1.5979356,-0.98476413,-0.27917358,1.5889126,0.0090230252
0.29868918,143.1219,1.538723,-0.96885994,-0.27619843,1.5297921,0.0089309122
0.29876293,143.15724,1.5390963,-0.98002261,-0.28032663,1.5303007,0.0087956236
0.29881216,143.18083,1.5385003,-0.97862675,-0.27887162,1.5297854,0.0087148774
0.29889845,143.22217,1.6657079,-0.99939356,-0.27653639,1.6571335,0.0085744517
0.29893545,143.2399,1.747455,-1.01679,-0.27670137,1.7389467,0.0085083168
0.29902188,143.28132,1.8964309,-1.0261463,-0.26441737,1.8881022,0.0083286954
0.29905894,143.29907,1.9056753,-1.0189071,-0.25703518,1.8974316,0.0082437272
0.29914541,143.34051,1.8779912,-1.0023052,-0.24429404,1.8699463,0.0080449011
0.29918248,143.35827,1.8237733,-0.9889909,-0.23856882,1.8158113,0.0079619589
0.29926895,143.39971,1.7600128,-0.98364722,-0.23408063,1.7522309,0.0077818155
0.29930601,143.41746,1.7443606,-0.97983257,-0.23033458,1.7366532,0.007707434
0.29939248,143.4589,1.6481909,-0.96563302,-0.22342992,1.6406449,0.0075459817
0.29944185,143.48255,1.6184521,-0.95782934,-0.21732899,1.6109897,0.0074624117
0.29951587,143.51802,1.5663299,-0.94930315,-0.21078107,1.5589826,0.007347329
0.29956519,143.54165,1.516028,-0.9420109,-0.20685489,1.5087511,0.0072767988
0.29963909,143.57706,1.4473192,-0.91928099,-0.19399292,1.4401335,0.0071856346
0.2996883,143.60064,1.3799976,-0.91008539,-0.19057311,1.3728636,0.0071340628
0.29977431,143.64186,1.299759,-0.89843479,-0.18362806,1.2927002,0.0070588449
0.29981113,143.6595,1.2940053,-0.89774435,-0.18056924,1.286973,0.0070322966
0.29989691,143.7006,1.2046176,-0.89029778,-0.17544974,1.1976341,0.0069834684
0.29993363,143.7182,1.1830246,-0.89369016,-0.17641142,1.1760559,0.0069686803
0.30001913,143.75917,1.1512846,-0.90914821,-0.17964334,1.1443365,0.006948117
0.30006789,143.78253,1.1212053,-0.91282694,-0.17954025,1.1142625,0.006942769
0.30014087,143.8175,1.1316521,-0.92707793,-0.18188589,1.1247098,0.0069422987
0.30018942,143.84077,1.1353125,-0.94102976,-0.18548161,1.1283676,0.0069449347
0.3002742,143.88139,1.2237428,-0.96490345,-0.18725694,1.2167916,0.0069511944
0.30031043,143.89875,1.2760188,-0.97772155,-0.18835038,1.2690697,0.0069490908
0.30039476,143.93916,1.4202876,-1.0102568,-0.18681379,1.4133678,0.0069197476
0.30044281,143.96218,1.4767272,-1.0186747,-0.18157473,1.4698379,0.0068893713
0.30052662,144.00234,1.4342663,-0.99820287,-0.16369136,1.4274316,0.0068346256
0.30056243,144.0195,1.3830415,-0.98214039,-0.155163,1.3762275,0.0068139567
0.3006457,144.0594,1.38574,-0.97252061,-0.14548237,1.3789723,0.0067676555
0.30069311,144.08212,1.3123821,-0.96472771,-0.13977811,1.3056416,0.0067405364
0.30077575,144.12171,1.2420771,-0.96440951,-0.13356372,1.2353727,0.0067043923
0.30081104,144.13862,1.1841915,-0.95829108,-0.13041598,1.1774972,0.0066942485
0.30089307,144.17793,1.1133295,-0.95723404,-0.12520667,1.1066486,0.0066808484
0.30093973,144.20029,1.0522912,-0.95661023,-0.12361531,1.0456107,0.0066805426
0.30102103,144.23924,1.0102711,-0.97529005,-0.1275252,1.0035844,0.0066866509
0.30106729,144.26141,1.0408091,-0.99786969,-0.13335696,1.0341184,0.0066906729
0.30114794,144.30005,1.2652538,-1.0553666,-0.14272952,1.2585826,0.0066712198
0.30119382,144.32204,1.4208755,-1.0937784,-0.14479127,1.4142464,0.0066290604
0.30127376,144.36035,1.4366014,-1.0946263,-0.1305086,1.4300824,0.0065190244
0.30131925,144.38214,1.3634984,-1.0813793,-0.1228455,1.3570378,0.0064605703
0.30139851,144.42012,1.2173694,-1.0690335,-0.11979444,1.2109939,0.0063755158
0.30144362,144.44173,1.1759439,-1.0788997,-0.12581776,1.1696075,0.0063364267
0.30152223,144.4794,1.2462029,-1.1420739,-0.15002549,1.2399365,0.0062664165
0.30156698,144.50085,1.431031,-1.1915547,-0.15933024,1.4248232,0.0062077641
0.301645,144.53823,1.6240561,-1.2504924,-0.16357649,1.6180142,0.0060418856
0.30168941,144.55951,1.5599692,-1.2427681,-0.15781815,1.5540316,0.0059376012
0.30177788,144.6019,1.3621406,-1.2363642,-0.16357355,1.356377,0.0057635496
0.30181095,144.61775,1.3493447,-1.2587634,-0.17592715,1.3436361,0.00570863
0.30189886,144.65987,1.6474601,-1.3727273,-0.21042644,1.6419175,0.0055426177
0.30194266,144.68086,1.8060144,-1.4149944,-0.21389277,1.8005918,0.0054226218
0.30201906,144.71747,1.6500564,-1.4077907,-0.20939431,1.6448549,0.0052014405
0.3020626,144.73833,1.4929835,-1.4027145,-0.21719948,1.4878844,0.0050991315
0.3021494,144.77992,1.5851201,-1.4912381,-0.26198418,1.5801919,0.0049281832
0.30219268,144.80066,1.8114572,-1.5543113,-0.2774088,1.8066299,0.0048272998
0.30227898,144.84201,1.8857524,-1.5751192,-0.2666154,1.8811816,0.0045707197
0.30231127,144.85748,1.7097394,-1.5571532,-0.26584571,1.7052549,0.0044845002
0.30239718,144.89865,1.5632586,-1.5929498,-0.30353096,1.5589347,0.004323911
0.30244004,144.91919,1.7150141,-1.6544651,-0.32897302,1.7107633,0.004250822
0.3025256,144.96018,2.0336801,-1.7178492,-0.32725134,2.029633,0.0040470875
0.30256829,144.98064,1.8653269,-1.6870849,-0.3157158,1.8613898,0.0039370913
0.30265352,145.02148,1.5580608,-1.6865117,-0.34700009,1.5542639,0.003796834
0.30269608,145.04187,1.6526902,-1.7245656,-0.367102,1.6489462,0.0037439502
0.30277047,145.07752,1.9627785,-1.788996,-0.37374411,1.9591587,0.0036198472
0.30281295,145.09787,1.9424615,-1.7773699,-0.36076382,1.9389303,0.0035312457
0.30289783,145.13854,1.5046772,-1.7163209,-0.36522806,1.5012602,0.0034170433
0.30294023,145.15886,1.5238838,-1.732841,-0.38168602,1.5204871,0.0033966655
0.30302504,145.1995,1.7997454,-1.7736528,-0.38706581,1.7963783,0.0033671065
0.30306745,145.21982,1.8424931,-1.7660802,-0.37757219,1.8391414,0.0033516391
0.30315228,145.26047,1.3796386,-1.6900305,-0.37594977,1.3762158,0.0034228004
0.30319474,145.28081,1.3158086,-1.6876034,-0.39083274,1.3122646,0.0035439966
0.30327719,145.32032,1.6414383,-1.7506074,-0.42302858,1.63755,0.003888345
0.30331492,145.3384,1.6954365,-1.7659936,-0.4324895,1.6913508,0.0040857174
0.30340426,145.38121,1.5401308,-1.7522676,-0.45618993,1.5354828,0.0046480184
0.30343934,145.39801,1.5388,-1.7697059,-0.47615197,1.5338956,0.0049043575
0.30352726,145.44015,1.7301571,-1.866812,-0.53645711,1.7245886,0.0055685148
0.3035715,145.46134,1.8024949,-1.9119347,-0.5619366,1.7965934,0.0059014954
0.3036513,145.49958,1.747188,-1.9349888,-0.5896456,1.7406747,0.0065132889
0.30369526,145.52064,1.7305371,-1.9579498,-0.61147306,1.7236699,0.0068672244
0.30378136,145.5619,1.8503052,-2.0395462,-0.65922075,1.8427336,0.007571537
0.30381506,145.57805,1.8995925,-2.0687238,-0.67325343,1.8917529,0.0078395378
0.30390557,145.62142,1.8608273,-2.0887322,-0.69112831,1.85229,0.0085372495
0.30394575,145.64067,1.8346183,-2.0950858,-0.7003511,1.8257716,0.0088467062
0.30402467,145.67849,1.8738348,-2.1392873,-0.72730805,1.8643867,0.009448149
0.30407129,145.70083,1.9103499,-2.1656666,-0.73952394,1.9005663,0.0097835475
0.304156,145.74141,1.8673327,-2.1603133,-0.74194024,1.8569851,0.010347599
0.30419445,145.75984,1.8556075,-2.1652524,-0.74770797,1.8450149,0.010592534
0.30427965,145.80067,1.8960138,-2.2077858,-0.76885244,1.8849257,0.011088094
0.30431897,145.81951,1.8954465,-2.2047922,-0.7671904,1.8841614,0.011285102
0.30439967,145.85818,1.8472521,-2.1986608,-0.76954862,1.8356013,0.011650712
0.30444167,145.8783,1.8726493,-2.2169812,-0.77777212,1.8608259,0.011823388
0.30453065,145.92094,1.8405639,-2.2015435,-0.77057042,1.8284432,0.012120626
0.30456871,145.93917,1.8216908,-2.1917663,-0.76890867,1.8094564,0.012234416
0.30465085,145.97853,1.923209,-2.2171744,-0.77623378,1.9107514,0.012457551
0.30469457,145.99948,1.8833712,-2.1979918,-0.76710783,1.8708325,0.012538728
0.30478217,146.04146,1.7714322,-2.1649624,-0.76096336,1.7587328,0.012699444
0.30482605,146.06248,1.8636551,-2.1779143,-0.76242032,1.8508738,0.012781342
0.30490297,146.09934,1.8488115,-2.159773,-0.75133989,1.8359385,0.012873083
0.304947,146.12044,1.773558,-2.130118,-0.74267927,1.7606465,0.012911478
0.30502417,146.15742,1.8070902,-2.1193846,-0.73980451,1.7940952,0.012994989
0.30506836,146.17859,1.8799776,-2.1212862,-0.73508083,1.8669415,0.013036073
0.30515691,146.22102,1.773356,-2.0658342,-0.71509404,1.7602839,0.013072107
0.30520129,146.24229,1.7191425,-2.0383522,-0.70886759,1.70606,0.013082553
0.30527913,146.27958,1.8439295,-2.0323286,-0.70033967,1.8308305,0.013099046
0.3053237,146.30094,1.8685331,-2.0156141,-0.69006725,1.8554402,0.013092882
0.30540189,146.33841,1.7539776,-1.9561592,-0.66964975,1.7409163,0.013061369
0.30544668,146.35987,1.6964635,-1.9284905,-0.66332877,1.6834227,0.013040793
0.30552526,146.39752,1.8289111,-1.9158419,-0.65340573,1.8159121,0.012998918
0.30557026,146.41908,1.8793747,-1.9015268,-0.64363636,1.8664206,0.012954145
0.30566056,146.46235,1.7492786,-1.8198909,-0.61531768,1.7364396,0.012839014
0.30569451,146.47862,1.7072689,-1.793311,-0.60833319,1.6944702,0.012798763
0.30578531,146.52213,1.8242142,-1.7754941,-0.60125015,1.8115079,0.012706329
0.30581945,146.53849,1.8869726,-1.7702179,-0.59496447,1.8743138,0.012658868
0.30591077,146.58225,1.8156894,-1.6950691,-0.56350984,1.8031929,0.012496462
0.30594512,146.5987,1.7733515,-1.6593342,-0.55226475,1.7609183,0.01243327
0.30603703,146.64274,1.7123556,-1.5875216,-0.53243443,1.7000592,0.01229638
0.3060716,146.65931,1.7655106,-1.5915775,-0.53414855,1.7532578,0.012252795
0.30615253,146.69809,1.9189212,-1.5720009,-0.51476165,1.90681,0.012111242
0.30619892,146.72031,1.9298771,-1.5499702,-0.50347995,1.9178734,0.012003732
0.30628038,146.75935,1.8072059,-1.4738721,-0.47874353,1.7954071,0.011798816
0.30632708,146.78173,1.746515,-1.4312678,-0.46609105,1.7348277,0.011687272
0.30640909,146.82102,1.6770314,-1.3811019,-0.45612191,1.6655011,0.011530284
0.30644434,146.83791,1.735327,-1.3773032,-0.45293125,1.7238538,0.011473151
0.30652687,146.87746,1.9212818,-1.3590925,-0.43414348,1.9099732,0.011308585
0.3065742,146.90014,1.9662402,-1.328654,-0.41568179,1.9550576,0.011182622
0.3066573,146.93995,1.9510694,-1.2893385,-0.39853798,1.9401426,0.010926792
0.30670493,146.96278,1.8892071,-1.2518216,-0.38521997,1.8784378,0.010769281
0.30678856,147.00285,1.7725111,-1.2027437,-0.37174969,1.7620029,0.010508256
0.30682451,147.02008,1.7323526,-1.1836044,-0.36654139,1.7219421,0.010410502
0.30690862,147.06038,1.6455125,-1.1447359,-0.35822205,1.6352845,0.010227978
0.30694478,147.0777,1.6275867,-1.1345663,-0.35692399,1.6174198,0.010166896
0.30702936,147.11824,1.7322712,-1.129699,-0.35029103,1.7222417,0.010029496
0.30707784,147.14146,1.8272972,-1.1365448,-0.34714509,1.8173685,0.0099287169
0.30716271,147.18213,1.9493134,-1.1076143,-0.32215877,1.9396193,0.0096941016
0.30719919,147.19961,1.9798401,-1.095762,-0.31288845,1.970259,0.0095811171
0.30728457,147.24052,1.9438134,-1.0642871,-0.29630586,1.9344969,0.0093165026
0.30732125,147.2581,1.9070068,-1.0502224,-0.29062278,1.8977973,0.0092094725
0.30740697,147.29918,1.8831707,-1.0300993,-0.27917226,1.8741919,0.0089788213
0.30745607,147.3227,1.8043995,-1.0064175,-0.27131249,1.7955413,0.008858204
0.30752978,147.35802,1.7273199,-0.97691692,-0.25930033,1.718625,0.0086949112
0.307579,147.38161,1.677378,-0.96618272,-0.25499367,1.6687841,0.0085938935
0.30766524,147.42293,1.5496226,-0.93044478,-0.24359167,1.5411959,0.0084267155
0.30770225,147.44066,1.5432069,-0.92626742,-0.24042142,1.5348489,0.0083580436
0.30778859,147.48203,1.4514377,-0.92210419,-0.24176868,1.4432304,0.00820737
0.30782566,147.49979,1.4317757,-0.91691475,-0.2395358,1.4236251,0.0081506379
0.30791221,147.54127,1.4418385,-0.94171648,-0.24705013,1.4338046,0.008033928
0.3079493,147.55904,1.4477201,-0.94285023,-0.24529625,1.4397297,0.0079903727
0.30803586,147.60051,1.5581561,-0.9772375,-0.24924204,1.550271,0.0078850521
0.30807295,147.61829,1.6430159,-0.9927306,-0.24783261,1.6351836,0.0078323609
0.3081595,147.65976,1.7857012,-1.0145655,-0.24164302,1.7780184,0.0076828047
0.30819656,147.67752,1.8065528,-1.0210132,-0.24019566,1.7989423,0.0076104995
0.30828289,147.71889,1.7495702,-0.99721711,-0.22511803,1.7421246,0.0074455878
0.30833223,147.74253,1.7363147,-0.99487165,-0.22038795,1.7289601,0.0073546113
0.30840613,147.77794,1.6386376,-0.97345765,-0.21042036,1.6314025,0.0072351329
0.30845533,147.80151,1.608121,-0.97644763,-0.21015427,1.6009575,0.007163549
0.30854134,147.84272,1.5550904,-0.97209347,-0.20398394,1.5480387,0.0070516256
0.30857814,147.86036,1.5225008,-0.97245968,-0.20314363,1.515492,0.0070087672
0.30866387,147.90144,1.4423006,-0.95394191,-0.1922622,1.4353726,0.0069279244
0.30870057,147.91903,1.41461,-0.95637523,-0.19209956,1.4077113,0.0068986866
0.30878604,147.95998,1.3631244,-0.94549654,-0.18279774,1.3562822,0.0068422192
0.3088226,147.9775,1.3210015,-0.93688353,-0.17835218,1.3141773,0.006824197
0.30890771,148.01828,1.26393,-0.92131226,-0.16862804,1.2571385,0.0067915819
0.30895622,148.04152,1.2544516,-0.92349806,-0.16590784,1.2476723,0.0067792995
0.30904094,148.08212,1.1665361,-0.91135328,-0.15831074,1.1597644,0.0067716472
0.30907715,148.09947,1.1210251,-0.90929058,-0.15705656,1.1142509,0.0067742401
0.30916142,148.13985,1.1079534,-0.91893423,-0.15614522,1.1011676,0.006785755
0.30919748,148.15713,1.0985089,-0.9290687,-0.15914988,1.0917171,0.0067918301
0.30928127,148.19728,1.0938316,-0.94256007,-0.16014049,1.0870213,0.0068102972
0.30932901,148.22015,1.1011536,-0.95500248,-0.16246009,1.0943319,0.0068216897
0.30941223,148.26003,1.1685891,-0.97628894,-0.16336461,1.1617486,0.0068405
0.30945962,148.28274,1.2603,-0.99912559,-0.16413826,1.2534617,0.0068383019
0.30954226,148.32233,1.3917824,-1.0255177,-0.15809676,1.3849823,0.006800099
0.30957755,148.33924,1.3691183,-1.0137316,-0.148259,1.3623425,0.0067757909
0.30965959,148.37855,1.2773386,-0.98863413,-0.13009419,1.2706161,0.0067224528
0.30970626,148.40092,1.2305215,-0.97671099,-0.12302835,1.2238239,0.0066975656
0.30978754,148.43986,1.141064,-0.97334193,-0.11716434,1.1344018,0.0066622462
0.3098338,148.46203,1.0846289,-0.97640306,-0.1168803,1.0779804,0.0066484572
0.30991445,148.50068,1.0135877,-0.99399249,-0.12186104,1.006953,0.0066347054
0.3099603,148.52264,1.0986968,-1.0158136,-0.12765981,1.0920731,0.0066236268
0.31004023,148.56094,1.3036883,-1.0879708,-0.14267742,1.297108,0.0065803229
0.31007436,148.5773,1.4211924,-1.1190456,-0.14571108,1.4146514,0.0065409745
0.31016497,148.62072,1.4532979,-1.1315112,-0.13468711,1.4469032,0.0063947022
0.31021008,148.64233,1.3735667,-1.1205357,-0.12871805,1.3672431,0.0063236026
0.3102887,148.68,1.2173388,-1.1079664,-0.12908671,1.211115,0.0062238321
0.31033349,148.70146,1.2049641,-1.1308342,-0.14074126,1.1987881,0.0061760471
0.31041151,148.73885,1.4205726,-1.2199409,-0.16866729,1.4144943,0.0060783168
0.31045593,148.76013,1.6368171,-1.2803641,-0.17884193,1.63083,0.0059871184
0.31054444,148.80254,1.5850228,-1.2837533,-0.16863264,1.5792612,0.005761613
0.31057747,148.81837,1.4791503,-1.2772991,-0.17006912,1.4734649,0.0056853868
0.31066539,148.8605,1.3926387,-1.3188898,-0.19789959,1.38712,0.0055186804
0.31070922,148.8815,1.5307767,-1.3747717,-0.21691595,1.5253404,0.0054362574
0.31078563,148.91811,1.8481428,-1.4615587,-0.22869496,1.8429096,0.0052332478
0.3108292,148.93899,1.7808874,-1.4529026,-0.22098419,1.7757871,0.0051003339
0.31091604,148.9806,1.4912746,-1.4532791,-0.2410465,1.4863822,0.004892386
0.31095924,149.0013,1.5255832,-1.4975622,-0.26525964,1.5207724,0.0048107749
0.31103483,149.03752,1.8896823,-1.6008553,-0.29190486,1.8850403,0.0046420635
0.31107785,149.05814,1.9569999,-1.6154598,-0.28619692,1.9524829,0.004516957
0.31116378,149.09931,1.6075022,-1.5830546,-0.28477942,1.6032099,0.0042923063
0.31120668,149.11987,1.539038,-1.6051588,-0.30632296,1.5348189,0.0042191791
0.31129212,149.16081,1.8419918,-1.7103237,-0.34787027,1.837915,0.0040767838
0.31133483,149.18127,1.9988944,-1.7391132,-0.34430425,1.994916,0.0039783943
0.31142026,149.22221,1.713437,-1.688935,-0.32649257,1.7096566,0.0037804197
0.31145209,149.23746,1.5750127,-1.6880208,-0.34098487,1.5712797,0.0037330065
0.31153697,149.27813,1.6983542,-1.7516005,-0.37869575,1.6947194,0.0036348613
0.3115794,149.29846,1.8893719,-1.7861884,-0.38002982,1.8857995,0.0035724658
0.31166428,149.33913,1.7653497,-1.7509947,-0.35798371,1.7619245,0.0034251749
0.31170671,149.35947,1.5295126,-1.7157533,-0.36099364,1.5261273,0.0033852822
0.31179159,149.40014,1.5398588,-1.7411064,-0.39207755,1.5364789,0.0033798601
0.31183403,149.42047,1.6967521,-1.763042,-0.39362176,1.6933597,0.0033924556
0.3119189,149.46114,1.6887199,-1.7289454,-0.37453334,1.6852736,0.0034462109
0.31196134,149.48147,1.4172084,-1.681934,-0.37450917,1.413669,0.0035394221
0.31204366,149.52092,1.4386198,-1.7137627,-0.4157851,1.4347248,0.0038950452
0.31208139,149.539,1.5650926,-1.7453039,-0.43389508,1.5609866,0.0041059729
0.31217042,149.58166,1.669089,-1.783753,-0.46296799,1.6644203,0.0046687154
0.31220534,149.59839,1.6164748,-1.785804,-0.47513196,1.6115633,0.0049115388
0.31229265,149.64023,1.6131763,-1.8364225,-0.5267796,1.6076113,0.0055649948
0.31233681,149.66139,1.7161472,-1.8912897,-0.55881827,1.7102413,0.0059058622
0.31241631,149.69948,1.850377,-1.9611545,-0.59678874,1.8438578,0.0065192335
0.3124601,149.72046,1.8053611,-1.9738561,-0.61154926,1.7985029,0.0068581859
0.31254595,149.7616,1.766074,-2.0108791,-0.64776337,1.758526,0.0075480194
0.31258797,149.78173,1.8216268,-2.0484496,-0.66967326,1.8137371,0.0078897071
0.31266997,149.82103,1.9236658,-2.1066993,-0.69746932,1.9151356,0.0085301676
0.31271003,149.84022,1.8900413,-2.1103371,-0.70301964,1.8812104,0.0088309096
0.31279668,149.88174,1.840565,-2.1192402,-0.7182997,1.8310865,0.0094784989
0.31283524,149.90022,1.8584687,-2.1424444,-0.73225586,1.8487084,0.0097603841
0.31292008,149.94087,1.9116532,-2.1779899,-0.74863163,1.9013197,0.010333449
0.31295864,149.95935,1.8804978,-2.1704649,-0.74745498,1.8699265,0.010571261
0.31304348,150,1.8618931,-2.185177,-0.76058846,1.8508276,0.011065446
