# first initial residual per time step; decimated
t_s,Ux_initial,Uy_initial,p_initial,k_initial,omega_initial
1.199993e-06,1,1,1,0.99999739,3.1964677e-06
8.9298143e-06,3.6106801e-05,0.003511129,0.2693946,0.00029930884,6.4128159e-06
1.9798748e-05,2.326811e-05,0.0024387089,0.11886744,0.00022322044,1.134461e-05
4.6204804e-05,3.1287772e-05,0.0033270726,0.081034652,0.00017639848,2.113161e-05
7.5990941e-05,4.0235585e-05,0.0043402009,0.070862845,0.00013998687,2.4725133e-05
0.00012180683,4.6184214e-05,0.004660434,0.065442432,9.7962996e-05,2.3210022e-05
0.00015946374,4.8374864e-05,0.0044022154,0.066609295,8.1913837e-05,2.1935658e-05
0.00021404124,4.9488424e-05,0.0040685438,0.056020445,6.892547e-05,2.0255526e-05
0.00025816143,5.1050854e-05,0.0041877017,0.053198927,6.3439459e-05,1.9421826e-05
0.00032138575,5.2080221e-05,0.0040164431,0.044598071,5.9220593e-05,1.8984483e-05
0.00037229659,5.4365739e-05,0.0037464204,0.041676677,5.7250726e-05,1.895149e-05
0.00044478773,5.6225443e-05,0.0031138533,0.040337543,5.6277087e-05,1.9038395e-05
0.00050262224,5.7022063e-05,0.0027037722,0.039796379,5.5506748e-05,1.8941325e-05
0.00058409852,5.8479817e-05,0.0022967885,0.033236552,5.3181364e-05,1.8622206e-05
0.00064840403,5.9299618e-05,0.0020546176,0.032377668,5.0861363e-05,1.855971e-05
0.0007384765,6.1523112e-05,0.0018287702,0.030115832,4.6452618e-05,1.8569383e-05
0.00080928931,6.2870502e-05,0.0017076553,0.029009038,4.3690094e-05,1.8695998e-05
0.00090783367,6.3887015e-05,0.0016144678,0.029471778,4.1169539e-05,1.8802075e-05
0.00098476858,6.4587964e-05,0.0016014542,0.028452623,4.0049555e-05,1.8960821e-05
0.0010913275,6.5433999e-05,0.001646382,0.029726004,3.9500568e-05,1.910741e-05
0.0011741622,6.5964809e-05,0.0017351132,0.02903364,3.9541835e-05,1.9091286e-05
0.0012883337,6.6684182e-05,0.0019506313,0.028478514,4.0011827e-05,1.9059368e-05
0.0013765918,6.7446081e-05,0.0021736598,0.028455334,4.0398986e-05,1.911136e-05
0.0014974689,6.7740417e-05,0.0024686942,0.02808007,4.1264395e-05,1.9212146e-05
0.0015903989,6.8290181e-05,0.0026488416,0.027042464,4.2116241e-05,1.9243612e-05
0.0017171973,6.8896296e-05,0.0027459173,0.025369655,4.275837e-05,1.923606e-05
0.0018145701,6.9560926e-05,0.0027045432,0.024705314,4.3411084e-05,1.9220654e-05
0.0019475966,7.0470357e-05,0.0025456302,0.024745279,4.447938e-05,1.9297237e-05
0.0020468903,6.8107582e-05,0.0022669119,0.023313503,4.3260874e-05,1.8439345e-05
0.0021753089,6.5084915e-05,0.0019208773,0.022195434,4.1348777e-05,1.7253409e-05
0.002269155,6.3080478e-05,0.0017028604,0.022946943,4.0131756e-05,1.6600427e-05
0.002391382,6.0733373e-05,0.0014622337,0.02306634,3.8720295e-05,1.5856877e-05
0.0024811159,5.8878732e-05,0.0013128867,0.021211561,3.7712736e-05,1.5399035e-05
0.0025986044,5.6980586e-05,0.0011546705,0.0212571,3.6435206e-05,1.480077e-05
0.0026853776,5.5711263e-05,0.0010573776,0.019501481,3.5631098e-05,1.4459532e-05
0.0027995608,5.4172327e-05,0.00094772532,0.018072359,3.4383715e-05,1.394808e-05
0.0028842239,5.3175176e-05,0.00087694729,0.018928702,3.3405038e-05,1.3674193e-05
0.0029960462,5.1829328e-05,0.00079500253,0.018523064,3.2302786e-05,1.3315899e-05
0.0030792138,5.0986917e-05,0.00074399047,0.017646264,3.1612428e-05,1.3081649e-05
0.0031893532,4.9965902e-05,0.00068458767,0.017130228,3.0806753e-05,1.2795916e-05
0.0032715115,4.9330838e-05,0.00064700635,0.016711443,3.0356258e-05,1.2629183e-05
0.0033805761,4.8550424e-05,0.00060410294,0.01726017,2.9937517e-05,1.2446987e-05
0.0034892737,4.7919605e-05,0.00056885068,0.018019587,2.9704082e-05,1.2338888e-05
0.003570623,4.7514905e-05,0.00054645016,0.017699677,2.9602308e-05,1.2280505e-05
0.0036789912,4.7051085e-05,0.00052250169,0.017921046,2.956086e-05,1.2229642e-05
0.0037602674,4.6762023e-05,0.00050656667,0.018351178,2.9554657e-05,1.2194584e-05
0.0038687644,4.6421218e-05,0.00049013923,0.01819586,2.9691954e-05,1.2189464e-05
0.0039502804,4.6351278e-05,0.00048115071,0.018050892,2.9807911e-05,1.2200543e-05
0.0040593159,4.6198425e-05,0.00047133772,0.019236845,3.0037682e-05,1.2259848e-05
0.004141431,4.6319919e-05,0.00046793028,0.020277984,3.0429989e-05,1.2342691e-05
0.0042515269,4.6625846e-05,0.00046601391,0.020968654,3.1019524e-05,1.249282e-05
0.0043346198,4.6856245e-05,0.00046665258,0.0201379,3.1564519e-05,1.2622503e-05
0.0044461554,4.7245921e-05,0.00047099834,0.021928391,3.2213762e-05,1.2805322e-05
0.0045304749,4.7772818e-05,0.00047821525,0.021793297,3.2637154e-05,1.2941053e-05
0.0046438221,4.8464365e-05,0.00049100678,0.022122259,3.3249244e-05,1.3097475e-05
0.0047295987,4.91634e-05,0.00050509283,0.020828102,3.3701413e-05,1.3245218e-05
0.0048448898,4.977124e-05,0.0005267365,0.023162289,3.4134091e-05,1.3404145e-05
0.0049286855,4.7708205e-05,0.00051870251,0.021856455,3.2799266e-05,1.2805798e-05
0.005034861,4.5476413e-05,0.00051825624,0.019224455,3.1564704e-05,1.2122001e-05
0.0051112902,4.4181177e-05,0.00052605591,0.019220746,3.094316e-05,1.1727031e-05
0.0052100016,4.3024516e-05,0.00054718362,0.019732981,3.0345948e-05,1.1291337e-05
0.005282217,4.2344409e-05,0.00057181583,0.020122021,3.0029551e-05,1.1024047e-05
0.0053766863,4.1651655e-05,0.00061785372,0.019525364,2.9675543e-05,1.0710522e-05
0.005446594,4.1481569e-05,0.0006677061,0.017373077,2.9433833e-05,1.0543125e-05
0.0055392078,4.1342285e-05,0.00075829356,0.016968689,2.9199652e-05,1.039238e-05
0.0056083573,4.1267208e-05,0.0008484125,0.01879472,2.8941812e-05,1.0300552e-05
0.0057003434,4.133499e-05,0.0010182725,0.018730939,2.8637069e-05,1.0211767e-05
0.005769368,4.1470089e-05,0.001202086,0.016080508,2.8447231e-05,1.0213142e-05
0.0058616757,4.1665354e-05,0.001573186,0.018329284,2.8200555e-05,1.0224469e-05
0.0059311498,4.1871071e-05,0.0020187616,0.016605192,2.8095371e-05,1.0262197e-05
0.0060241953,4.2131497e-05,0.0029485455,0.016896282,2.8016367e-05,1.0325436e-05
0.006094416,4.2401917e-05,0.0031046343,0.01568949,2.8000822e-05,1.038547e-05
0.0061886983,4.2812395e-05,0.0022279351,0.016435256,2.7965866e-05,1.0446718e-05
0.0062599239,4.3135632e-05,0.0017860157,0.016186956,2.7952205e-05,1.0506552e-05
0.0063556344,4.3702751e-05,0.0014259521,0.017346506,2.8053328e-05,1.0590834e-05
0.0064280853,4.409022e-05,0.0012501362,0.014449576,2.8126749e-05,1.0653442e-05
0.0065254482,4.454475e-05,0.0010813354,0.015930097,2.8258745e-05,1.0735355e-05
0.0065990598,4.4976702e-05,0.00099105816,0.015937889,2.8448923e-05,1.0810407e-05
0.0066980591,4.5647595e-05,0.0009014808,0.01592625,2.8680581e-05,1.0912718e-05
0.0067727906,4.5927838e-05,0.00084533156,0.016482526,2.8898779e-05,1.0982697e-05
0.0068731318,4.6604245e-05,0.00079080644,0.015930962,2.925131e-05,1.1119865e-05
0.0069490067,4.7156115e-05,0.00075900041,0.015773412,2.9563732e-05,1.1236841e-05
0.0070507325,4.7843741e-05,0.00072193593,0.016611224,2.9879547e-05,1.1358488e-05
0.0071532044,4.8688363e-05,0.00069660237,0.016467249,3.0316843e-05,1.1532941e-05
0.0072305724,4.9276473e-05,0.00068004555,0.017151759,3.0644835e-05,1.1643676e-05
0.0073329558,4.895605e-05,0.00064849963,0.016681747,3.0297898e-05,1.1487176e-05
0.0074080575,4.8460322e-05,0.00062549437,0.016632589,2.990031e-05,1.1302824e-05
0.0075058819,4.7763103e-05,0.00060017804,0.015489688,2.9348857e-05,1.1029008e-05
0.007577603,4.7312396e-05,0.00058492136,0.015788363,2.9027772e-05,1.0803253e-05
0.0076710709,4.6715403e-05,0.00056886231,0.016007748,2.8503532e-05,1.051737e-05
0.0077396308,4.6314643e-05,0.00056001417,0.015142892,2.8170709e-05,1.0322645e-05
0.0078291791,4.5788103e-05,0.00055245175,0.014813493,2.7724372e-05,1.0086142e-05
0.0078950998,4.5453694e-05,0.00055003453,0.014683993,2.7504208e-05,9.9260469e-06
0.0079815075,4.509662e-05,0.00055155685,0.013269748,2.7195492e-05,9.7094937e-06
0.008045339,4.4853901e-05,0.00055583638,0.013529096,2.70398e-05,9.5548559e-06
0.0081293587,4.4634717e-05,0.00056709061,0.013730673,2.6895959e-05,9.3752879e-06
0.0081916659,4.450821e-05,0.00057920266,0.013543906,2.6798615e-05,9.2421674e-06
0.0082739966,4.4401099e-05,0.00060200585,0.012286808,2.6793868e-05,9.1086208e-06
0.0083352882,4.4337986e-05,0.00062405133,0.012304421,2.6839476e-05,9.0167928e-06
0.0084165453,4.4408563e-05,0.0006633157,0.012984419,2.6976865e-05,8.92204e-06
0.0084772294,4.4452745e-05,0.00070026467,0.012398704,2.7088273e-05,8.852465e-06
0.0085579524,4.4638936e-05,0.0007637799,0.012652065,2.7249291e-05,8.78883e-06
0.0086184166,4.4786245e-05,0.00082394797,0.012358229,2.7391843e-05,8.757628e-06
0.0086990704,4.5087946e-05,0.00092773853,0.01187114,2.7633326e-05,8.7519183e-06
0.0087596391,4.5356158e-05,0.0010283566,0.01255123,2.780352e-05,8.7721405e-06
0.0088406312,4.5879332e-05,0.0012096891,0.012532686,2.8118033e-05,8.8492644e-06
0.0089015874,4.6271833e-05,0.0013956731,0.012811666,2.8346399e-05,8.934237e-06
0.0089832435,4.6880636e-05,0.0017505355,0.013115265,2.8711622e-05,9.0732869e-06
0.0090448108,4.7334206e-05,0.0021362699,0.012980234,2.9036099e-05,9.1865103e-06
0.009127377,4.8029807e-05,0.0027691124,0.01325411,2.9499059e-05,9.3651996e-06
0.0091897196,4.8601746e-05,0.0028055846,0.013006761,2.9858766e-05,9.4990933e-06
0.0092734603,4.9323378e-05,0.0022003171,0.013575834,3.038191e-05,9.7044123e-06
0.0093367557,4.9964594e-05,0.0018355605,0.013022895,3.0739739e-05,9.8624221e-06
0.0094218807,5.0816032e-05,0.0014995848,0.014660761,3.124568e-05,1.0074488e-05
0.0094862831,5.1480644e-05,0.0013264449,0.014791802,3.1602006e-05,1.0233356e-05
0.009572941,5.2305109e-05,0.0011571716,0.01487126,3.2111288e-05,1.0440899e-05
0.0096385509,5.3019897e-05,0.0010651021,0.014243398,3.2488397e-05,1.0603771e-05
0.0097269191,5.4070689e-05,0.00097371155,0.014494703,3.3073793e-05,1.0825931e-05
0.009793876,5.4719594e-05,0.0009207849,0.015099205,3.3547095e-05,1.0997616e-05
0.0098840913,5.5748784e-05,0.0008700182,0.015536325,3.4239927e-05,1.1231937e-05
0.0099524428,5.6538467e-05,0.00084170771,0.014794711,3.4772935e-05,1.1412647e-05
0.010044515,5.7609524e-05,0.00081497846,0.015099869,3.5532782e-05,1.1648621e-05
0.010137701,5.8785127e-05,0.00079938578,0.015152877,3.6375727e-05,1.1887066e-05
0.010208345,5.9629508e-05,0.000792593,0.015516182,3.6995728e-05,1.2056398e-05
0.010303596,6.0869656e-05,0.00079105644,0.01659042,3.7881262e-05,1.2285093e-05
0.010375849,6.1917407e-05,0.00079517297,0.015765984,3.854652e-05,1.2463809e-05
0.010473395,6.3423359e-05,0.00080683483,0.016965981,3.9446679e-05,1.2715785e-05
0.01054745,6.4495373e-05,0.00081831132,0.016938353,4.0111949e-05,1.2891622e-05
0.010647549,6.6094031e-05,0.00084027008,0.018325459,4.1040967e-05,1.3171551e-05
0.010723643,6.7245938e-05,0.00085900571,0.018629166,4.1643531e-05,1.3376045e-05
0.010826506,6.8850066e-05,0.00089005222,0.019623176,4.248293e-05,1.3645347e-05
0.010904768,7.0071933e-05,0.00091584616,0.019707987,4.311435e-05,1.3812973e-05
0.011010632,7.1571667e-05,0.00095290843,0.019500264,4.3930469e-05,1.3991519e-05
0.011091224,7.2793506e-05,0.00098311766,0.020566282,4.4551942e-05,1.4070474e-05
0.011200357,7.4259535e-05,0.001020678,0.02329917,4.5331068e-05,1.4182654e-05
0.011283554,7.5433094e-05,0.0010497826,0.021668718,4.5984904e-05,1.4324967e-05
0.011396405,7.7016081e-05,0.0010895597,0.02201324,4.7016283e-05,1.4508858e-05
0.011482602,7.838763e-05,0.0011225177,0.023153854,4.7877422e-05,1.4678987e-05
0.011599831,8.0368499e-05,0.0011718782,0.024052178,4.9091067e-05,1.4940935e-05
0.011689549,8.2090892e-05,0.0012153243,0.024696808,5.0176681e-05,1.5173161e-05
0.011811656,8.4474275e-05,0.0012806746,0.024369701,5.1648825e-05,1.5527749e-05
0.011905131,8.6458734e-05,0.0013360933,0.025630789,5.2855676e-05,1.5822832e-05
0.012032255,8.9123223e-05,0.0014143789,0.024880623,5.4521305e-05,1.6241526e-05
0.012129347,9.1076927e-05,0.0014760597,0.025475546,5.5831549e-05,1.6557452e-05
0.01225785,8.9768163e-05,0.0014998314,0.024597297,5.5317551e-05,1.6296967e-05
0.012352353,8.8696409e-05,0.0015161404,0.024881999,5.5018813e-05,1.6113144e-05
0.012475901,8.7096304e-05,0.0015299607,0.023392032,5.4594309e-05,1.5807475e-05
0.01256678,8.5892729e-05,0.0015327111,0.022626383,5.4232512e-05,1.5543776e-05
0.012685682,8.4261998e-05,0.0015202243,0.021416406,5.3742911e-05,1.5191623e-05
0.012773348,8.309177e-05,0.0014982166,0.020930162,5.3447028e-05,1.495679e-05
0.012888496,8.1746786e-05,0.001453895,0.018962827,5.3116581e-05,1.4701827e-05
0.012973745,8.083436e-05,0.001408896,0.019958746,5.2913619e-05,1.4541701e-05
0.013085909,7.9234963e-05,0.0013310857,0.019958303,5.2367374e-05,1.4284214e-05
0.013167945,7.7320612e-05,0.0012582695,0.018435569,5.1470695e-05,1.3997639e-05
0.013274433,7.5026243e-05,0.0011659691,0.017332664,5.0243055e-05,1.3612582e-05
0.013352218,7.3332438e-05,0.0011008452,0.016238251,4.9357483e-05,1.3339399e-05
0.013453311,7.1198472e-05,0.0010207489,0.016207392,4.8138808e-05,1.3006626e-05
0.013527303,6.9832088e-05,0.00096705797,0.015916458,4.7267782e-05,1.2807742e-05
0.013623705,6.8161583e-05,0.00090300368,0.015954974,4.6177209e-05,1.2590146e-05
0.013694531,6.7155623e-05,0.00086109992,0.016586531,4.550519e-05,1.247069e-05
0.013787202,6.5940738e-05,0.00081098377,0.016110222,4.4568413e-05,1.2317334e-05
0.013855555,6.5206563e-05,0.00077861734,0.016640518,4.4008025e-05,1.2226174e-05
0.013945374,6.431729e-05,0.00074036762,0.016392796,4.3327797e-05,1.2108343e-05
0.014033827,6.3514316e-05,0.00070753141,0.016738975,4.2670686e-05,1.2000203e-05
0.014099389,6.3103026e-05,0.00068704452,0.015905436,4.2187999e-05,1.191796e-05
0.014185892,6.257135e-05,0.00066345045,0.016803775,4.159002e-05,1.1799775e-05
0.014250143,6.2219454e-05,0.00064936398,0.015678859,4.113316e-05,1.1717933e-05
0.014335075,6.1874613e-05,0.00063439907,0.01603003,4.0534838e-05,1.1600607e-05
0.014398239,6.1675626e-05,0.00062613371,0.015327327,4.0047685e-05,1.1515288e-05
0.014481783,6.1256092e-05,0.00061818441,0.014866281,3.934581e-05,1.1354924e-05
0.014542521,5.9287846e-05,0.00059841525,0.0146983,3.7761726e-05,1.0923298e-05
0.014620386,5.7033834e-05,0.00057960081,0.016360097,3.5975303e-05,1.0426992e-05
0.014676923,5.58676e-05,0.00057361593,0.015528019,3.4955215e-05,1.0129393e-05
0.014750558,5.4860425e-05,0.00057449606,0.016490619,3.392667e-05,9.8435031e-06
0.014804704,5.4029691e-05,0.00057802788,0.01766325,3.3268152e-05,9.6547154e-06
0.014875743,5.3374656e-05,0.00059141189,0.01527209,3.2600526e-05,9.4436959e-06
0.014928462,5.3097417e-05,0.00060793047,0.015449047,3.2265432e-05,9.3248394e-06
0.014998148,5.2681313e-05,0.00063557041,0.016159672,3.1816658e-05,9.1657924e-06
0.015050033,5.2547018e-05,0.00066416303,0.015534007,3.1516954e-05,9.0650322e-06
0.015118998,5.2484447e-05,0.00071433283,0.016437096,3.1221847e-05,8.9720747e-06
0.015170582,5.2412051e-05,0.00076054975,0.015166775,3.1014633e-05,8.9065024e-06
0.015239196,5.2440628e-05,0.00084192806,0.015112089,3.0722574e-05,8.8197218e-06
0.015290708,5.2532543e-05,0.00092196964,0.015521877,3.0591839e-05,8.7742471e-06
0.015359404,5.251975e-05,0.0010588539,0.014593433,3.0372517e-05,8.7085502e-06
0.015410937,5.2624762e-05,0.0012017032,0.013625048,3.0195472e-05,8.6600483e-06
0.015479884,5.2799047e-05,0.0014736199,0.015913188,3.0066313e-05,8.6222628e-06
0.015531721,5.2870273e-05,0.0017680029,0.014899604,2.9969143e-05,8.6011709e-06
0.015600963,5.3008374e-05,0.0022944804,0.013775579,2.9823001e-05,8.5694431e-06
0.015653142,5.3284059e-05,0.002475818,0.014068614,2.979146e-05,8.5808475e-06
0.015723008,5.3466471e-05,0.0019594247,0.01410066,2.9690511e-05,8.5921349e-06
0.015775632,5.3583394e-05,0.001594838,0.013895044,2.9632338e-05,8.5995023e-06
0.015846237,5.3990027e-05,0.0012557682,0.013424408,2.9716718e-05,8.6414784e-06
0.015899497,5.4098163e-05,0.0010753555,0.014112213,2.9729921e-05,8.6646534e-06
0.015970835,5.4274831e-05,0.00090008753,0.014230591,2.9691486e-05,8.6796909e-06
0.016024598,5.4503147e-05,0.00080293867,0.014246485,2.9728274e-05,8.7055702e-06
0.016096736,5.4726833e-05,0.00070127272,0.015522344,2.978702e-05,8.7319318e-06
0.016151132,5.4921538e-05,0.00064067942,0.015378643,2.9828963e-05,8.7645889e-06
0.016223984,5.5085069e-05,0.00057446356,0.014544059,2.9855412e-05,8.817705e-06
0.016279021,5.5457306e-05,0.00053599179,0.01436293,2.999392e-05,8.8843714e-06
0.0163529,5.5672952e-05,0.00049118243,0.015202277,3.0113028e-05,8.953179e-06
0.016408657,5.5830274e-05,0.00046269223,0.014708854,3.0168059e-05,9.0040491e-06
0.016483433,5.6144174e-05,0.00043114678,0.015115751,3.0268673e-05,9.0938207e-06
0.016540012,5.6433931e-05,0.00041134744,0.01559612,3.0408975e-05,9.1702273e-06
0.016615986,5.6760144e-05,0.00038793189,0.015369338,3.0546102e-05,9.2761294e-06
0.016692577,5.7006476e-05,0.00036758613,0.0156307,3.0666421e-05,9.3943785e-06
0.016750554,5.7487598e-05,0.00035613617,0.01566268,3.0894941e-05,9.5277696e-06
0.016828569,5.7829398e-05,0.00034111472,0.016066384,3.1086125e-05,9.6716945e-06
0.016887589,5.812477e-05,0.00033155037,0.016702004,3.1264882e-05,9.792982e-06
0.016966986,5.8618567e-05,0.00032085272,0.015865715,3.1544303e-05,9.9581886e-06
0.017027259,5.9137364e-05,0.00031478205,0.016792468,3.1813468e-05,1.0101119e-05
0.017108402,5.9546908e-05,0.00030664861,0.015456844,3.2128655e-05,1.0274753e-05
0.01716991,5.9919073e-05,0.00030179428,0.01604637,3.2354898e-05,1.0407284e-05
0.017252856,6.0584896e-05,0.00029747688,0.017149297,3.2810212e-05,1.0603614e-05
0.017315857,6.0909514e-05,0.00029435545,0.017414828,3.310373e-05,1.074218e-05
0.017400799,6.1406378e-05,0.00029170632,0.017280959,3.352555e-05,1.0928445e-05
0.017463733,5.9662512e-05,0.00028058327,0.016373276,3.2703048e-05,1.0680891e-05
0.017545429,5.7627195e-05,0.00026850345,0.016686861,3.1752809e-05,1.0393877e-05
0.017605299,5.6335274e-05,0.00026136977,0.015798392,3.1203171e-05,1.0226782e-05
0.017683529,5.4819723e-05,0.00025386867,0.015634181,3.0556912e-05,1.005691e-05
0.017741195,5.3854321e-05,0.00024971627,0.014867499,3.0151974e-05,9.9530182e-06
0.017816949,5.2774674e-05,0.0002455495,0.01421322,2.9713736e-05,9.8373818e-06
0.017873091,5.2123012e-05,0.00024385176,0.01450995,2.9480297e-05,9.7707286e-06
0.017947192,5.1339363e-05,0.00024273049,0.013662214,2.9228053e-05,9.6963296e-06
0.018002322,5.0858684e-05,0.00024288486,0.013366054,2.9093525e-05,9.6476507e-06
0.018075321,5.0336221e-05,0.00024431774,0.013894305,2.902374e-05,9.5992199e-06
0.01812979,5.0065522e-05,0.00024637168,0.013653294,2.902301e-05,9.581562e-06
0.018202145,4.9818367e-05,0.00025055231,0.013897731,2.9069038e-05,9.5795412e-06
0.018256281,4.9731842e-05,0.00025475274,0.01435032,2.9165953e-05,9.5870734e-06
0.018328381,4.9648867e-05,0.00026128663,0.013694063,2.9340902e-05,9.6069758e-06
0.018382452,4.9708745e-05,0.00026766973,0.014387348,2.9554415e-05,9.6353605e-06
0.018454617,4.9889957e-05,0.00027730001,0.014163371,2.9842135e-05,9.6892584e-06
0.018508856,5.0101258e-05,0.00028590409,0.013680773,3.0102111e-05,9.7325627e-06
0.01858137,5.0441966e-05,0.00029923389,0.015703286,3.0436646e-05,9.8168047e-06
0.018635948,5.0725754e-05,0.00031069895,0.015371524,3.0698557e-05,9.8621768e-06
0.018709056,5.1154013e-05,0.00032850738,0.014935242,3.1096508e-05,9.9570497e-06
0.018764168,5.1458577e-05,0.00034361662,0.015906694,3.138333e-05,1.0029844e-05
0.018838099,5.1916238e-05,0.00036696195,0.016178103,3.1813959e-05,1.0121322e-05
0.018893896,5.2228225e-05,0.00038689717,0.015834088,3.2164844e-05,1.0170815e-05
0.018968815,5.2669574e-05,0.00041795614,0.015451699,3.2620728e-05,1.0241849e-05
0.019025432,5.3010077e-05,0.00044506656,0.016753784,3.2998663e-05,1.029894e-05
0.019101488,5.3336489e-05,0.00048582348,0.0162605,3.3481431e-05,1.0372159e-05
0.019158984,5.3617838e-05,0.00052186334,0.016131948,3.3882281e-05,1.0422922e-05
0.019236279,5.3925687e-05,0.00057713486,0.016334899,3.4446342e-05,1.0491283e-05
0.019294734,5.4132887e-05,0.00062523303,0.016592189,3.4888519e-05,1.0536492e-05
0.019373332,5.443426e-05,0.00070035289,0.016577859,3.5467193e-05,1.0604048e-05
0.019452697,5.4738332e-05,0.00079079822,0.016452085,3.6103111e-05,1.0688473e-05
0.019512736,5.490632e-05,0.00087090848,0.016148513,3.6616259e-05,1.0753668e-05
0.019593488,5.5112711e-05,0.0009994728,0.016490664,3.7312817e-05,1.0856516e-05
0.019654588,5.5281917e-05,0.0011145588,0.01608406,3.7829085e-05,1.0936065e-05
0.019736767,5.5451833e-05,0.0013025667,0.016220668,3.8547996e-05,1.1048994e-05
0.019798919,5.5576871e-05,0.0014759348,0.016256523,3.9071841e-05,1.1141503e-05
0.019882494,5.5715063e-05,0.001761538,0.015803884,3.9737484e-05,1.1257306e-05
0.019945706,5.5823048e-05,0.0020259109,0.01589551,4.0238798e-05,1.1341367e-05
0.020030735,5.5881807e-05,0.0024198517,0.016779572,4.0869471e-05,1.1455908e-05
0.020095049,5.5957249e-05,0.0027261298,0.015535105,4.1386962e-05,1.1540994e-05
0.020181533,5.6041931e-05,0.0029349738,0.015431861,4.2023177e-05,1.1666915e-05
0.020246955,5.609387e-05,0.0027447843,0.016597432,4.2465433e-05,1.1745922e-05
0.020334956,5.6238029e-05,0.0024045117,0.01566671,4.3127807e-05,1.1867872e-05
0.020401534,5.6306637e-05,0.0021745508,0.01447888,4.3604364e-05,1.1951628e-05
0.020491136,5.6409209e-05,0.00191952,0.01513547,4.4206333e-05,1.207819e-05
0.020558963,5.6533898e-05,0.0017638748,0.015492373,4.4636185e-05,1.216048e-05
0.020650261,5.6726256e-05,0.0015972753,0.014495156,4.5216334e-05,1.227231e-05
0.020719393,5.6802062e-05,0.0014964338,0.01511157,4.5653133e-05,1.234842e-05
0.020812393,5.7018059e-05,0.001387277,0.014293029,4.6192127e-05,1.2440112e-05
0.020882797,5.7223672e-05,0.0013219886,0.01493581,4.656406e-05,1.2541685e-05
0.020977503,5.7418719e-05,0.0012497197,0.015373201,4.7091858e-05,1.2660904e-05
0.02104916,5.7612959e-05,0.001205419,0.015217119,4.7456738e-05,1.2747905e-05
0.021145548,5.7971776e-05,0.0011589717,0.016403425,4.7942334e-05,1.2878671e-05
0.021218512,5.8266411e-05,0.0011309756,0.015243215,4.8309918e-05,1.2974899e-05
0.021316763,5.8869938e-05,0.0011035596,0.016313211,4.8847188e-05,1.3142292e-05
0.021391231,5.9351014e-05,0.0010879751,0.015441575,4.9262169e-05,1.3282467e-05
0.021491658,6.0179299e-05,0.0010741389,0.016885915,4.9849725e-05,1.3503529e-05
0.021567879,6.0841528e-05,0.0010664703,0.01642482,5.0351188e-05,1.369055e-05
0.021670837,6.1818696e-05,0.0010611,0.017332531,5.1046337e-05,1.3951966e-05
0.021749034,6.2557672e-05,0.0010577901,0.017076517,5.1578362e-05,1.4139609e-05
0.021854644,6.364638e-05,0.0010566877,0.016786598,5.2329223e-05,1.4380353e-05
0.021934939,6.4422958e-05,0.0010553586,0.017839398,5.2838666e-05,1.4536813e-05
0.022043466,6.5605197e-05,0.0010541833,0.016955918,5.3640047e-05,1.4747606e-05
0.022126065,6.651042e-05,0.0010520285,0.016878553,5.429694e-05,1.4901976e-05
0.022237956,6.7819556e-05,0.0010470003,0.018143151,5.5220554e-05,1.5131866e-05
0.022323127,6.8597713e-05,0.0010355963,0.018182062,5.5746921e-05,1.523657e-05
0.022436187,6.8227585e-05,0.00099701088,0.018471699,5.5313057e-05,1.5068875e-05
0.022520424,6.8014937e-05,0.00096841056,0.019583379,5.5056461e-05,1.4977684e-05
0.022631639,6.7078831e-05,0.00092114604,0.019259806,5.4202819e-05,1.4692524e-05
0.022713486,6.6320919e-05,0.00088666597,0.01919352,5.3518371e-05,1.4480567e-05
0.022820807,6.5202645e-05,0.00084147799,0.019608304,5.2536039e-05,1.421541e-05
0.022926203,6.4478004e-05,0.00080389027,0.01821642,5.1755039e-05,1.4047837e-05
0.023004481,6.4344883e-05,0.00078267463,0.019144917,5.1537019e-05,1.4021346e-05
0.023107715,6.3892549e-05,0.00075316791,0.018517677,5.0911279e-05,1.3927126e-05
0.023184477,6.3772413e-05,0.00073602423,0.018020967,5.0651863e-05,1.3903768e-05
0.02328634,6.3678345e-05,0.00071645751,0.018720827,5.0378865e-05,1.3885394e-05
0.02336225,6.356718e-05,0.00070371936,0.018500771,5.012639e-05,1.384933e-05
0.023462983,6.3591704e-05,0.00069167353,0.018822479,4.9937134e-05,1.3820203e-05
0.023538361,6.3478407e-05,0.00068375157,0.019084779,4.9725266e-05,1.3764513e-05
0.023638409,6.3356463e-05,0.00067664198,0.018798423,4.9451982e-05,1.3677811e-05
0.023713198,6.3280801e-05,0.00067385393,0.017386918,4.9270029e-05,1.3598233e-05
0.023812781,6.3148241e-05,0.00067350206,0.017741737,4.9010866e-05,1.3501672e-05
0.02388729,6.304328e-05,0.00067609692,0.016844349,4.886692e-05,1.3417055e-05
0.023986316,6.2768373e-05,0.00068226144,0.017213541,4.8538974e-05,1.3274523e-05
0.024060515,6.2717101e-05,0.00069210064,0.016657684,4.8406162e-05,1.3206093e-05
0.024159293,6.2448183e-05,0.00070793448,0.016675703,4.8102137e-05,1.3103627e-05
0.024233213,6.2222154e-05,0.00072377861,0.015983912,4.7831274e-05,1.30304e-05
0.024331525,6.2062652e-05,0.00075198364,0.016142035,4.7543761e-05,1.2982266e-05
0.024405228,6.194921e-05,0.00077807128,0.017206882,4.7282033e-05,1.2949965e-05
0.024503384,6.1736714e-05,0.00082052395,0.015883137,4.6966525e-05,1.290245e-05
0.024576837,6.1534374e-05,0.00085814536,0.015695016,4.6603429e-05,1.2853459e-05
0.024674588,6.1480846e-05,0.00092240961,0.016382996,4.6303176e-05,1.2818599e-05
0.024747948,6.1386759e-05,0.0009802486,0.01613666,4.6062006e-05,1.2792322e-05
0.024845698,6.115357e-05,0.0010729813,0.016115066,4.5632023e-05,1.2726985e-05
0.024918932,6.0994122e-05,0.0011582227,0.016105194,4.5299636e-05,1.2679314e-05
0.025016398,6.0762754e-05,0.0013000087,0.015932361,4.484763e-05,1.2603072e-05
0.025089632,6.0828512e-05,0.0014387698,0.015286501,4.4684679e-05,1.2590701e-05
0.025187289,6.053771e-05,0.0016669872,0.015570317,4.4232418e-05,1.250925e-05
0.025260459,6.0413519e-05,0.0018889327,0.015835592,4.3938923e-05,1.2458659e-05
0.025358019,6.0257949e-05,0.0022599773,0.015631013,4.3561284e-05,1.2387548e-05
0.025431222,6.0197108e-05,0.0025875802,0.015720617,4.3351266e-05,1.2343652e-05
0.02552901,6.0238691e-05,0.0029283332,0.015382744,4.3088248e-05,1.2303353e-05
0.025602574,6.023913e-05,0.0027470455,0.01548986,4.2883663e-05,1.2269385e-05
0.025700658,6.0116573e-05,0.0023135769,0.014914812,4.2557736e-05,1.2222314e-05
0.025774321,6.0142025e-05,0.0020216733,0.016068602,4.2371197e-05,1.2196132e-05
0.025872707,6.0259954e-05,0.0016977708,0.015948514,4.2220985e-05,1.2176212e-05
0.02594664,6.0333843e-05,0.0015071683,0.015208021,4.2047797e-05,1.2138239e-05
0.026045538,6.0541389e-05,0.0013095038,0.014752778,4.1951537e-05,1.2111914e-05
0.026119919,6.0717463e-05,0.0011916176,0.014795267,4.1855033e-05,1.2108976e-05
0.026219408,6.0892426e-05,0.001062437,0.015571965,4.1710978e-05,1.2114893e-05
0.026294318,6.1109317e-05,0.00098498492,0.016074447,4.1706488e-05,1.2153292e-05
0.026394628,6.1378096e-05,0.00089846314,0.01623803,4.166709e-05,1.2195549e-05
0.026495448,6.1713872e-05,0.00082959807,0.015877909,4.1711062e-05,1.224438e-05
0.026571451,6.1909292e-05,0.00078634114,0.015378861,4.1744524e-05,1.226931e-05
0.026673315,6.2191911e-05,0.00073855195,0.015698119,4.1804684e-05,1.2285056e-05
0.026750114,6.2361933e-05,0.00070895977,0.01634241,4.1847847e-05,1.2296329e-05
0.026853055,6.2527855e-05,0.00067640328,0.016465743,4.1931696e-05,1.230988e-05
0.026930437,6.2287765e-05,0.00065282233,0.016344627,4.1739681e-05,1.2254583e-05
0.027032984,6.1546169e-05,0.00062349339,0.016792688,4.1297821e-05,1.2135051e-05
0.02710927,6.0909315e-05,0.00060431409,0.01687411,4.0901944e-05,1.203218e-05
0.027210073,6.0040381e-05,0.00058326583,0.015842128,4.0393883e-05,1.1898691e-05
0.027284906,5.9268296e-05,0.00056942506,0.016318299,3.9957018e-05,1.179166e-05
0.027383711,5.8360948e-05,0.00055490245,0.015377338,3.940113e-05,1.1635873e-05
0.027456984,5.7670435e-05,0.00054608153,0.015200452,3.9012e-05,1.15374e-05
0.027553596,5.6671878e-05,0.00053593205,0.01473819,3.8412477e-05,1.1399793e-05
0.027625219,5.5969523e-05,0.00053037065,0.01390046,3.7960666e-05,1.131023e-05
0.027719643,5.5132937e-05,0.00052641578,0.014754669,3.7462863e-05,1.1239334e-05
0.027789636,5.444568e-05,0.00052408709,0.014538319,3.7039292e-05,1.1172308e-05
0.027881916,5.3616552e-05,0.00052347919,0.013712275,3.6512799e-05,1.1105515e-05
0.027950403,5.3052048e-05,0.00052497548,0.013597227,3.6172602e-05,1.1063378e-05
0.028040676,5.2240628e-05,0.00052782945,0.014412412,3.5677941e-05,1.0985808e-05
0.028107706,5.170586e-05,0.00053194446,0.013819967,3.5348646e-05,1.0930025e-05
0.028196226,5.1059512e-05,0.00053959977,0.013765702,3.4959406e-05,1.0865885e-05
0.028262031,5.0548852e-05,0.00054596671,0.014629891,3.4621286e-05,1.0795111e-05
0.028349063,4.9996376e-05,0.00055733093,0.014943961,3.4286031e-05,1.0719072e-05
0.028413795,4.9535017e-05,0.00056658589,0.014238442,3.3995724e-05,1.0650555e-05
0.028499461,4.8967334e-05,0.00058072028,0.013898538,3.3657708e-05,1.0565222e-05
0.028563293,4.8587392e-05,0.00059254247,0.013816429,3.3441463e-05,1.0510778e-05
0.028647888,4.8108109e-05,0.00060953793,0.013907393,3.3168887e-05,1.0434619e-05
0.028710981,4.7780652e-05,0.00062347761,0.014005759,3.3023762e-05,1.0384555e-05
0.028794695,4.733824e-05,0.00064279037,0.012789998,3.2806119e-05,1.0311543e-05
0.028857175,4.7014203e-05,0.000657932,0.012891531,3.2668699e-05,1.0258465e-05
0.028940219,4.6689682e-05,0.00068056432,0.013172363,3.2577328e-05,1.0214126e-05
0.029002292,4.6441972e-05,0.00069787236,0.013117477,3.248034e-05,1.0174951e-05
0.029084844,4.6131261e-05,0.00072254777,0.012570342,3.2408305e-05,1.0130906e-05
0.029146657,4.5958969e-05,0.00074243745,0.01289311,3.2369381e-05,1.0105263e-05
0.029229006,4.571939e-05,0.00077030189,0.012249051,3.2311235e-05,1.0069608e-05
0.029290702,4.5603197e-05,0.00079287579,0.012124657,3.230489e-05,1.0052246e-05
0.029373022,4.5522906e-05,0.00082537905,0.012368631,3.2318413e-05,1.0033259e-05
0.029434806,4.5426909e-05,0.0008502638,0.013504537,3.2288973e-05,1.0005686e-05
0.029517274,4.5344209e-05,0.00088598682,0.012161058,3.2313971e-05,9.9858922e-06
0.029599952,4.5330525e-05,0.00092489557,0.012767926,3.236151e-05,9.9701347e-06
0.029662127,4.5353277e-05,0.00095622233,0.012842846,3.243005e-05,9.9633745e-06
0.029745261,4.5372514e-05,0.0010000978,0.01240451,3.2485136e-05,9.9425216e-06
0.029807867,4.5484746e-05,0.0010374316,0.012883903,3.2593102e-05,9.9638209e-06
0.029891656,4.556361e-05,0.0010898704,0.012353658,3.2707185e-05,9.97648e-06
0.029954768,4.5582212e-05,0.0011321244,0.012147573,3.2779703e-05,9.9788644e-06
0.030039326,4.5742413e-05,0.0011968532,0.012258756,3.2926478e-05,9.9902563e-06
0.030103088,4.5859387e-05,0.0012502787,0.012250042,3.3058467e-05,1.0009745e-05
0.030188571,4.6034607e-05,0.0013290159,0.012964287,3.3210955e-05,1.0032982e-05
0.030253141,4.6272307e-05,0.0013964403,0.01265033,3.3383599e-05,1.0080521e-05
0.030339717,4.6474107e-05,0.001491931,0.013205233,3.3561302e-05,1.0132477e-05
0.030405089,4.6722148e-05,0.0015726695,0.013166805,3.3735286e-05,1.0194765e-05
0.030492802,4.6985445e-05,0.0016855366,0.013904369,3.3919588e-05,1.0267911e-05
0.030559042,4.7288213e-05,0.001778508,0.012778291,3.411919e-05,1.0332694e-05
0.030647971,4.7679741e-05,0.0019083286,0.013606647,3.4361323e-05,1.0433369e-05
0.030715152,4.7948164e-05,0.0020090958,0.013320504,3.4499576e-05,1.0501088e-05
0.030805425,4.8418843e-05,0.0021527421,0.013382725,3.4758927e-05,1.0623182e-05
0.030873665,4.8824034e-05,0.0022645671,0.013921007,3.4957718e-05,1.0728111e-05
0.03096534,4.936814e-05,0.0024091841,0.013311117,3.5206473e-05,1.0882581e-05
0.031034645,4.981398e-05,0.0025102587,0.014400172,3.5423139e-05,1.1005172e-05
0.031127744,5.0390893e-05,0.002626051,0.013952822,3.5702134e-05,1.1178252e-05
0.031198118,5.0762474e-05,0.0026831266,0.013411226,3.587059e-05,1.1293212e-05
0.031292703,5.1358664e-05,0.0026998605,0.01398349,3.6184826e-05,1.1453975e-05
0.031364242,5.1831068e-05,0.0026595952,0.013879083,3.6439282e-05,1.1575718e-05
0.031460429,5.2445844e-05,0.0025574014,0.013470937,3.6788167e-05,1.1717943e-05
0.031533235,5.292933e-05,0.0024590198,0.013828995,3.7092152e-05,1.183343e-05
0.031631251,5.3633801e-05,0.0023154564,0.013892035,3.7568789e-05,1.200498e-05
0.031705487,5.4081961e-05,0.002197486,0.014169799,3.7912665e-05,1.2130266e-05
0.031805481,5.4640831e-05,0.0020336989,0.014443461,3.8359324e-05,1.2311435e-05
0.031881228,5.5099339e-05,0.0019123242,0.014466684,3.874333e-05,1.2465782e-05
0.031983312,5.5791897e-05,0.0017604483,0.014557132,3.9331685e-05,1.2709075e-05
0.032060657,5.6237998e-05,0.0016527846,0.015775319,3.9748096e-05,1.2888374e-05
0.032164954,5.6989785e-05,0.0015257627,0.015017314,4.0423718e-05,1.3155261e-05
0.032243991,5.7470411e-05,0.0014387088,0.016251978,4.0895537e-05,1.3364266e-05
0.032350576,5.8172316e-05,0.0013349617,0.015733125,4.1534434e-05,1.3658061e-05
0.032431475,5.8933235e-05,0.0012704429,0.016425088,4.2168861e-05,1.396335e-05
0.032540688,5.9922741e-05,0.0011927846,0.016980183,4.2978501e-05,1.4371973e-05
0.03262364,6.0642338e-05,0.0011400373,0.017007918,4.3577955e-05,1.4678857e-05
0.032735802,6.195201e-05,0.0010827895,0.01706691,4.4593924e-05,1.5164947e-05
0.032821097,6.279483e-05,0.0010424888,0.018479447,4.5250222e-05,1.5476805e-05
0.032936581,6.431024e-05,0.0010006334,0.017996734,4.6353753e-05,1.5946149e-05
0.033054184,6.5942352e-05,0.00096777243,0.020985578,4.7503572e-05,1.6400778e-05
0.033143885,6.7150909e-05,0.00094776413,0.020863422,4.838674e-05,1.6717829e-05
0.033265341,6.8579572e-05,0.00092386406,0.020824683,4.9347009e-05,1.7033806e-05
0.033355883,6.7865026e-05,0.00088899523,0.019996664,4.8860337e-05,1.6827261e-05
0.033474906,6.7254602e-05,0.00085651822,0.020460923,4.8454576e-05,1.6603797e-05
0.033563383,6.7116043e-05,0.00084274836,0.020039811,4.8381803e-05,1.6490567e-05
0.033680787,6.7148761e-05,0.00083526438,0.019045603,4.85394e-05,1.642398e-05
0.033768583,6.7045084e-05,0.00083418876,0.019897364,4.8595804e-05,1.6330063e-05
0.033886077,6.7588776e-05,0.00084747344,0.019395853,4.9129121e-05,1.6351905e-05
0.03397466,6.8003881e-05,0.00086409863,0.019179488,4.9580758e-05,1.6378191e-05
0.034091189,6.6013564e-05,0.0008598997,0.018417451,4.8253341e-05,1.5767262e-05
0.034176149,6.4445152e-05,0.00085997455,0.019264009,4.7199273e-05,1.5277893e-05
0.034286729,6.2700278e-05,0.00086945955,0.018492167,4.6044654e-05,1.4709969e-05
0.034367827,6.1554873e-05,0.00088212439,0.017696238,4.526876e-05,1.4315722e-05
0.034474194,6.0445288e-05,0.00090963675,0.016669381,4.44954e-05,1.3889744e-05
0.034552935,5.9652208e-05,0.00093517031,0.016241187,4.3980951e-05,1.3613203e-05
0.034656688,5.8880117e-05,0.00097917716,0.01566371,4.3442244e-05,1.3297362e-05
0.034733734,5.8311974e-05,0.0010172774,0.015800887,4.3057942e-05,1.3084119e-05
0.034835591,5.7715558e-05,0.0010791665,0.014829892,4.2656809e-05,1.286506e-05
0.034911478,5.7321984e-05,0.0011337651,0.015767363,4.2381872e-05,1.2710713e-05
0.035012037,5.6962387e-05,0.0012219648,0.015983549,4.2080736e-05,1.2576199e-05
0.03508706,5.6661816e-05,0.0012978313,0.015374748,4.1805052e-05,1.2470077e-05
0.035186684,5.6555841e-05,0.0014244758,0.01461683,4.1647285e-05,1.2403389e-05
0.035261203,5.6434026e-05,0.0015364234,0.016009562,4.14918e-05,1.2349328e-05
0.035360248,5.6337633e-05,0.0017161085,0.015092543,4.1315871e-05,1.229179e-05
0.035434477,5.6412844e-05,0.0018804332,0.015631912,4.1277802e-05,1.2274542e-05
0.035533156,5.6362475e-05,0.0021308119,0.014474716,4.1094799e-05,1.2209701e-05
0.035607165,5.6444512e-05,0.002345681,0.01529337,4.1020094e-05,1.2205743e-05
0.035705843,5.656851e-05,0.0026450459,0.015543756,4.0942864e-05,1.2201288e-05
0.035779852,5.6647478e-05,0.0027963751,0.016406725,4.0874228e-05,1.21987e-05
0.035878531,5.6732581e-05,0.0027007575,0.015582715,4.0776754e-05,1.2216255e-05
0.03595254,5.6820875e-05,0.0025148093,0.015503754,4.0700714e-05,1.2216718e-05
0.036051218,5.6877499e-05,0.0022430563,0.015614634,4.0569736e-05,1.2202754e-05
0.036125465,5.7115973e-05,0.0020680281,0.015707977,4.0633537e-05,1.2227739e-05
0.036224461,5.7139578e-05,0.001859842,0.016253942,4.0516616e-05,1.2211414e-05
0.036298953,5.73345e-05,0.0017322616,0.015549006,4.0557312e-05,1.2242195e-05
0.036398359,5.749454e-05,0.0015890686,0.015071006,4.0604357e-05,1.2269983e-05
0.036473103,5.7479885e-05,0.0014969411,0.016087908,4.0548896e-05,1.2265905e-05
0.036573019,5.7653076e-05,0.0013996124,0.015912111,4.0609081e-05,1.2292746e-05
0.036648282,5.7804552e-05,0.0013397483,0.015844211,4.0697545e-05,1.232093e-05
0.03674899,5.7901633e-05,0.0012707935,0.015806915,4.0770509e-05,1.2345253e-05
0.036849971,5.80334e-05,0.0012125326,0.015167165,4.0841433e-05,1.2373414e-05
0.036926054,5.8194474e-05,0.0011750522,0.015228701,4.0947636e-05,1.2418011e-05
0.037028068,5.8563539e-05,0.0011338323,0.016157147,4.116908e-05,1.2518362e-05
0.037104919,5.8746949e-05,0.0011042209,0.015302576,4.1279441e-05,1.2597805e-05
0.037207816,5.8936174e-05,0.001067526,0.015052509,4.1352645e-05,1.271354e-05
0.037285369,5.9160487e-05,0.0010434363,0.015702587,4.1455398e-05,1.2817046e-05
0.0373894,5.9637171e-05,0.0010169972,0.015689564,4.1712571e-05,1.300492e-05
0.037468012,6.0122538e-05,0.0010008503,0.016182249,4.2008681e-05,1.3167794e-05
0.037573342,6.0405132e-05,0.00097424404,0.016597175,4.2136344e-05,1.3278124e-05
0.037652961,6.0927207e-05,0.00096030734,0.016774222,4.244385e-05,1.3427624e-05
0.037759779,6.1172805e-05,0.00093473142,0.017504133,4.2569772e-05,1.3511914e-05
0.037840462,6.1667344e-05,0.0009211993,0.01813445,4.2903233e-05,1.3645506e-05
0.037948864,6.2164627e-05,0.00090100042,0.017651705,4.3246918e-05,1.378999e-05
0.038030802,6.2318715e-05,0.00088300453,0.017969396,4.3419742e-05,1.3863911e-05
0.038141019,6.2753428e-05,0.00086167776,0.018843232,4.3817619e-05,1.4006833e-05
0.038224433,6.3194156e-05,0.00084732641,0.018422175,4.4264399e-05,1.4152678e-05
0.038336596,6.3588623e-05,0.0008252361,0.018185693,4.4705234e-05,1.432374e-05
0.038421448,6.3726951e-05,0.00080663611,0.018101165,4.4947338e-05,1.4429595e-05
0.038535855,6.4462852e-05,0.00078978755,0.01929923,4.5701582e-05,1.471359e-05
0.038622406,6.4224989e-05,0.00076779659,0.018933439,4.5720627e-05,1.4751281e-05
0.038734596,6.1492073e-05,0.00071253462,0.017669023,4.3980013e-05,1.4213928e-05
0.038815897,5.9312594e-05,0.00067223221,0.018517217,4.2538742e-05,1.3770912e-05
0.038920283,5.655387e-05,0.00062408963,0.016550894,4.072293e-05,1.3184582e-05
0.038995848,5.490943e-05,0.00059506446,0.016035325,3.9633593e-05,1.2826271e-05
0.039093331,5.2422653e-05,0.00055612447,0.01596105,3.7957361e-05,1.2279308e-05
0.039163859,5.0708742e-05,0.00053036708,0.015122841,3.6765261e-05,1.1888397e-05
0.039254637,4.852689e-05,0.00049952893,0.014591369,3.5261161e-05,1.139454e-05
0.039320718,4.7210571e-05,0.00048136766,0.014063786,3.4353455e-05,1.1089507e-05
0.03940627,4.5679602e-05,0.00046107891,0.013584303,3.332145e-05,1.0737571e-05
0.039468792,4.4467823e-05,0.00044636639,0.013202353,3.2478017e-05,1.0451669e-05
0.039550399,4.3278794e-05,0.00043223014,0.013264059,3.1651137e-05,1.0162327e-05
0.039610366,4.2571709e-05,0.00042422889,0.012187016,3.1150036e-05,9.9850288e-06
0.039688991,4.1677326e-05,0.00041481388,0.012500916,3.0497605e-05,9.7658511e-06
0.039747163,4.1207626e-05,0.00041043837,0.011720355,3.0177565e-05,9.6536373e-06
0.039823827,4.0552722e-05,0.00040506766,0.011663643,2.9690488e-05,9.4843573e-06
0.039880792,4.0321502e-05,0.00040421685,0.012028837,2.9513461e-05,9.4264345e-06
0.03995616,3.9903009e-05,0.00040272744,0.012002635,2.9191769e-05,9.3099549e-06
0.040012383,3.9693418e-05,0.00040321498,0.011733266,2.9035346e-05,9.2472063e-06
0.040087098,3.9689637e-05,0.00040756616,0.01236805,2.9027268e-05,9.224104e-06
0.04014285,3.9493118e-05,0.00040933514,0.01217833,2.8878241e-05,9.1550113e-06
0.040217186,3.9560748e-05,0.00041578079,0.010996247,2.8880892e-05,9.1233168e-06
0.040291522,3.9611254e-05,0.00042327374,0.011717948,2.8884833e-05,9.1056432e-06
0.040347274,3.9655038e-05,0.00042976146,0.012333287,2.8880104e-05,9.0918246e-06
0.040421817,3.9954647e-05,0.00044202237,0.01250718,2.905308e-05,9.1257347e-06
0.040477879,4.0021108e-05,0.00045056945,0.013192016,2.9065297e-05,9.1096826e-06
0.040552952,4.0304161e-05,0.00046591942,0.012319741,2.9257392e-05,9.1476475e-06
0.040609561,4.0601317e-05,0.00047974154,0.012790136,2.9443165e-05,9.1879265e-06
0.040685422,4.0943298e-05,0.00049944537,0.01223648,2.9642553e-05,9.2264944e-06
0.040742611,4.1265483e-05,0.00051713345,0.013071905,2.9848834e-05,9.2745484e-06
0.040819311,4.1620728e-05,0.00054271698,0.011971669,3.0072024e-05,9.3197587e-06
0.040877246,4.1963827e-05,0.00056574233,0.011972546,3.0293707e-05,9.376043e-06
0.040955105,4.2301287e-05,0.0005993984,0.012381732,3.0528117e-05,9.4341057e-06
0.04101384,4.264915e-05,0.00062978363,0.012084016,3.0774898e-05,9.4964356e-06
0.041092815,4.3014977e-05,0.00067572867,0.012998667,3.1041446e-05,9.5670439e-06
0.041152563,4.339035e-05,0.00071769311,0.012388412,3.1304782e-05,9.6412878e-06
0.041232895,4.3751068e-05,0.00078193596,0.012646659,3.1586955e-05,9.7086244e-06
0.041293747,4.4113365e-05,0.00084162156,0.012356046,3.187799e-05,9.7895289e-06
0.041375737,4.4883829e-05,0.00094444444,0.013149063,3.2462205e-05,9.9590628e-06
0.041437626,4.4905917e-05,0.0010264526,0.012166894,3.2487339e-05,9.9630944e-06
0.041521082,4.5739141e-05,0.0011846456,0.012399777,3.313005e-05,1.01443e-05
0.041584113,4.573497e-05,0.0013171086,0.012646071,3.3161692e-05,1.0149311e-05
0.041668977,4.6208444e-05,0.0015538386,0.012638698,3.3518428e-05,1.026628e-05
0.041733281,4.6699285e-05,0.0017758217,0.012399741,3.3891462e-05,1.0393951e-05
0.041819719,4.7216184e-05,0.0021173418,0.012890966,3.4297182e-05,1.0560882e-05
0.04188522,4.7795982e-05,0.0023445464,0.012742411,3.472469e-05,1.0735067e-05
0.041973158,4.8428323e-05,0.0022664324,0.012636334,3.5207689e-05,1.0945827e-05
0.04203972,4.8455245e-05,0.0019944045,0.013530378,3.5246906e-05,1.1006761e-05
0.042129357,4.9163626e-05,0.0016846755,0.013941149,3.5776991e-05,1.123501e-05
0.042197132,4.9929444e-05,0.00149828,0.014087381,3.6342016e-05,1.1465329e-05
0.042288368,4.9979253e-05,0.0012768066,0.014332582,3.6387758e-05,1.1530349e-05
0.042357881,5.0810714e-05,0.0011650853,0.014820162,3.69938e-05,1.1769682e-05
0.042450979,5.1769366e-05,0.0010447891,0.015609955,3.7689498e-05,1.2033461e-05
0.042521734,5.1782115e-05,0.00095968668,0.015791222,3.7703932e-05,1.2058505e-05
0.042616073,5.181938e-05,0.00086895501,0.015045126,3.7712925e-05,1.2083409e-05
0.042688333,5.2914642e-05,0.0008305206,0.015436972,3.8534468e-05,1.2375301e-05
0.04278468,5.2876878e-05,0.0007688748,0.015487654,3.85363e-05,1.2407554e-05
0.042857591,5.428574e-05,0.0007512763,0.016102283,3.9600381e-05,1.2767323e-05
0.042956541,5.424692e-05,0.00070891824,0.015123237,3.9616188e-05,1.2797856e-05
0.043030754,5.4221576e-05,0.0006833179,0.016196209,3.9632489e-05,1.2830413e-05
0.043129705,5.4203692e-05,0.00065605169,0.015741875,3.9664115e-05,1.2863088e-05
0.04320701,5.6440538e-05,0.00066612763,0.016151721,4.1342251e-05,1.3446561e-05
0.043310084,5.6455203e-05,0.00064797392,0.016584431,4.1384256e-05,1.3500347e-05
0.043413157,5.6477919e-05,0.00063496842,0.015207199,4.1422041e-05,1.355264e-05
0.043490462,5.6517424e-05,0.00062832293,0.015201021,4.1437171e-05,1.3579188e-05
0.043593536,5.6553032e-05,0.00062290132,0.014900235,4.1451883e-05,1.3603106e-05
0.043670841,5.6617508e-05,0.00062151286,0.014953275,4.1486669e-05,1.3617599e-05
0.043775626,6.0437765e-05,0.0006638754,0.016793321,4.4276821e-05,1.4523124e-05
0.043858729,6.1278105e-05,0.00067561986,0.016224913,4.4821379e-05,1.4688747e-05
0.0439712,6.2487493e-05,0.00069535444,0.016605,4.5661556e-05,1.493694e-05
0.0440569,6.3529812e-05,0.00071357221,0.017304341,4.6361581e-05,1.5124921e-05
0.044172875,6.443363e-05,0.00073501169,0.017782979,4.6919614e-05,1.5242935e-05
0.044258516,6.3092323e-05,0.0007294664,0.018256492,4.5857213e-05,1.4843187e-05
0.044370029,6.182e-05,0.00072916065,0.017809847,4.4830927e-05,1.4440389e-05
0.044452245,6.1256987e-05,0.00073447427,0.017737779,4.4321884e-05,1.4240288e-05
0.044560363,6.0630055e-05,0.00074508823,0.018077983,4.3768628e-05,1.4024319e-05
0.044640534,6.0325923e-05,0.00075639316,0.018865534,4.3454569e-05,1.391861e-05
0.044746531,6.0179357e-05,0.00077687205,0.017419797,4.3203224e-05,1.3825128e-05
0.044825632,6.015099e-05,0.00079567285,0.018224487,4.3093757e-05,1.3776637e-05
0.044930506,6.0107351e-05,0.00082426738,0.017417492,4.2904943e-05,1.3722903e-05
0.045008848,6.0124013e-05,0.00084898945,0.017517906,4.2820205e-05,1.369698e-05
0.045112904,6.0179261e-05,0.00088715674,0.017017617,4.2730564e-05,1.3683709e-05
0.045190831,6.0342501e-05,0.00092171777,0.017289528,4.2765311e-05,1.3709332e-05
0.045294664,6.0417181e-05,0.00097056757,0.01712918,4.273357e-05,1.3706224e-05
0.045372383,6.0518222e-05,0.0010123316,0.016284403,4.2735803e-05,1.3700183e-05
0.045475961,6.0621913e-05,0.0010730173,0.016836985,4.2740651e-05,1.3674067e-05
0.045553633,6.0722672e-05,0.001122326,0.015231524,4.2766145e-05,1.3642502e-05
0.045657307,6.0896148e-05,0.0011928815,0.01500618,4.2815125e-05,1.360984e-05
0.045735075,6.0939649e-05,0.0012469198,0.015468564,4.2842043e-05,1.3576796e-05
0.045838829,6.1079321e-05,0.0013221493,0.01574227,4.2905552e-05,1.3555275e-05
0.045916758,6.119034e-05,0.001379462,0.016473499,4.2967837e-05,1.3547473e-05
0.046020805,6.1369224e-05,0.0014577332,0.015212522,4.3036047e-05,1.3570074e-05
0.046099012,6.1531859e-05,0.0015172415,0.015594296,4.3106998e-05,1.3598581e-05
0.046203435,6.1691227e-05,0.0015956575,0.016593711,4.3135932e-05,1.3646667e-05
0.046281889,6.1870263e-05,0.0016560613,0.015950228,4.3182988e-05,1.3706e-05
0.046386677,6.208223e-05,0.0017360241,0.016185538,4.3219288e-05,1.3787841e-05
0.046465381,6.2278791e-05,0.0017962994,0.016188982,4.3224131e-05,1.3873267e-05
0.046570571,6.2625773e-05,0.0018790168,0.016647942,4.3285455e-05,1.403486e-05
0.046649766,6.2944437e-05,0.0019424059,0.016295053,4.335856e-05,1.4155869e-05
0.046755517,6.3197694e-05,0.0020206217,0.015711925,4.3314943e-05,1.4277048e-05
0.046834917,6.3365325e-05,0.0020788041,0.016035219,4.3244327e-05,1.4339959e-05
0.046941013,6.3728005e-05,0.0021644033,0.016770093,4.3239924e-05,1.4427899e-05
0.04704758,6.4129893e-05,0.0022595579,0.016238035,4.3251137e-05,1.450658e-05
0.047127659,6.4258491e-05,0.0023304031,0.017247378,4.3131843e-05,1.450602e-05
0.047234631,6.4528582e-05,0.0024384499,0.017658885,4.2988314e-05,1.4502032e-05
0.047315066,6.4742838e-05,0.0025285034,0.016619229,4.2909796e-05,1.4492702e-05
0.047422754,6.5067095e-05,0.0026542291,0.016582927,4.2861026e-05,1.4486626e-05
0.047503729,6.5147884e-05,0.0027298831,0.016662637,4.2728041e-05,1.4434581e-05
0.047611927,6.5212305e-05,0.0027630719,0.016541616,4.2599969e-05,1.4382543e-05
0.047693361,6.5377558e-05,0.002709199,0.01589535,4.2572397e-05,1.4351194e-05
0.047802336,6.5480467e-05,0.002550995,0.015717335,4.2518631e-05,1.4302717e-05
0.047884348,6.5539918e-05,0.0023928606,0.016420327,4.2461625e-05,1.4235429e-05
0.047994077,6.5627275e-05,0.0021604416,0.016664275,4.2421328e-05,1.4152539e-05
0.048076679,6.5669831e-05,0.0019885917,0.016175368,4.2379664e-05,1.4097454e-05
0.048187215,6.5712072e-05,0.001769083,0.015789001,4.2276377e-05,1.4009476e-05
0.048270458,6.5726955e-05,0.00161722,0.016487577,4.2212312e-05,1.3947245e-05
0.048381895,6.5775162e-05,0.00143931,0.015889312,4.212409e-05,1.3857541e-05
0.048465832,6.5784503e-05,0.0013236182,0.016889037,4.2059639e-05,1.3787778e-05
0.048578292,6.5804526e-05,0.0011919202,0.01650239,4.1975486e-05,1.3703257e-05
0.048662937,6.5713723e-05,0.0011062386,0.016476789,4.1848848e-05,1.3630199e-05
0.048775702,6.5216661e-05,0.0010043484,0.015906692,4.1469962e-05,1.3459075e-05
0.04886004,6.4784871e-05,0.00093887281,0.016017966,4.1166035e-05,1.3311473e-05
0.048972009,6.407342e-05,0.00086267509,0.016804859,4.0687479e-05,1.3113728e-05
0.049055495,6.3537944e-05,0.0008132215,0.016537626,4.0325057e-05,1.2973297e-05
0.049165977,6.2697164e-05,0.00075446056,0.016853533,3.9751305e-05,1.2783176e-05
0.049248114,6.2029059e-05,0.0007156915,0.016450781,3.93204e-05,1.2650476e-05
0.049356601,6.118084e-05,0.00066997013,0.016796071,3.870737e-05,1.2480758e-05
0.049437083,6.0527951e-05,0.00063984331,0.016050753,3.8241611e-05,1.2363234e-05
0.049543173,5.9650774e-05,0.00060412169,0.015684191,3.7605215e-05,1.2189385e-05
0.049621769,5.9004654e-05,0.00058023799,0.015283318,3.7126388e-05,1.2062179e-05
0.04972527,5.8169306e-05,0.00055227506,0.016032026,3.6495472e-05,1.1917183e-05
0.04980192,5.7550557e-05,0.00053372458,0.016361278,3.6039243e-05,1.1817709e-05
0.049902843,5.6774504e-05,0.0005122623,0.015136783,3.5477786e-05,1.1694265e-05
0.049977565,5.6159582e-05,0.0004977381,0.014339842,3.5034762e-05,1.1589823e-05
0.050075944,5.5357319e-05,0.00048101809,0.014292353,3.4467267e-05,1.146398e-05
0.050148809,5.4767358e-05,0.00047042696,0.014013616,3.4072283e-05,1.1360783e-05
0.050244789,5.4016019e-05,0.0004582913,0.013685692,3.353974e-05,1.1211771e-05
0.05031591,5.3423624e-05,0.0004507214,0.014435442,3.3160243e-05,1.1103341e-05
0.050409652,5.2697143e-05,0.00044291595,0.013506011,3.2708888e-05,1.0970981e-05
0.050479161,5.2124653e-05,0.00043801684,0.013575202,3.2356091e-05,1.0878545e-05
0.050570845,5.1470539e-05,0.00043377936,0.013767014,3.1962037e-05,1.0772819e-05
0.05063889,5.0936176e-05,0.00043157281,0.013445723,3.1666722e-05,1.0698414e-05
0.050728718,5.0342494e-05,0.00043069824,0.013880611,3.1339461e-05,1.0609163e-05
0.050817596,4.9757536e-05,0.00043171303,0.013074797,3.104878e-05,1.0540339e-05
0.050883684,4.9388457e-05,0.00043399369,0.013543502,3.0845038e-05,1.0487697e-05
0.050971078,4.8883038e-05,0.00043829016,0.013220715,3.0603474e-05,1.043959e-05
0.051036134,4.8550542e-05,0.00044277932,0.012754855,3.042311e-05,1.0410659e-05
0.051122303,4.819527e-05,0.00045100888,0.013128583,3.0243128e-05,1.0396854e-05
0.05118653,4.7958434e-05,0.00045842616,0.012743471,3.0105041e-05,1.0402208e-05
0.051271689,4.7685691e-05,0.00047054045,0.012354727,2.9960798e-05,1.0424969e-05
0.051335241,4.7530667e-05,0.00048118422,0.012797542,2.9876616e-05,1.0439587e-05
0.051419656,4.7387875e-05,0.00049807372,0.013072256,2.9797116e-05,1.0473979e-05
0.051482763,4.7314926e-05,0.00051268404,0.013098453,2.977428e-05,1.0495068e-05
0.051566711,4.7280394e-05,0.00053511148,0.012184948,2.9756624e-05,1.0523817e-05
0.051629574,4.7265174e-05,0.00055420621,0.012849135,2.9764392e-05,1.0534488e-05
0.051713326,4.7303566e-05,0.00058314536,0.012427728,2.9797988e-05,1.0556146e-05
0.051776139,4.7359863e-05,0.00060750323,0.013496961,2.9833159e-05,1.0556451e-05
0.051859953,4.7462547e-05,0.00064409075,0.01324887,2.9922656e-05,1.0559213e-05
0.05192289,4.7561865e-05,0.00067469913,0.013283996,2.9990682e-05,1.0559866e-05
0.052006975,4.7754152e-05,0.00072073444,0.012744903,3.0116694e-05,1.0569688e-05
0.052070211,4.7892348e-05,0.00075867866,0.013048568,3.0218782e-05,1.058077e-05
0.052154786,4.809352e-05,0.0008140783,0.012500964,3.0384335e-05,1.0588388e-05
0.052218464,4.8273922e-05,0.00085982805,0.012400373,3.0533173e-05,1.0600358e-05
0.052303715,4.8496017e-05,0.0009254968,0.012568168,3.073399e-05,1.0615391e-05
0.052367949,4.8707615e-05,0.00097878818,0.012751242,3.0912756e-05,1.0633633e-05
0.052454048,4.9005603e-05,0.0010552917,0.012630184,3.1163975e-05,1.0678181e-05
0.052518981,4.9233959e-05,0.0011168755,0.012380003,3.1369819e-05,1.0709225e-05
0.052606085,4.9542859e-05,0.0012035622,0.012141363,3.1638656e-05,1.0768099e-05
0.052671833,4.9798269e-05,0.0012721917,0.013713234,3.18644e-05,1.0820453e-05
0.052760081,5.0148939e-05,0.0013666246,0.013189808,3.2160641e-05,1.0890331e-05
0.052826711,5.0402852e-05,0.0014370923,0.013167929,3.2370578e-05,1.0939063e-05
0.052916152,5.0737964e-05,0.0015313841,0.013615751,3.2650456e-05,1.1008056e-05
0.052983736,5.1021075e-05,0.0016012309,0.013468936,3.2873564e-05,1.1065055e-05
0.053074559,5.1431034e-05,0.0016934382,0.012698033,3.3174874e-05,1.1151969e-05
0.053143235,5.1741512e-05,0.0017608346,0.014299178,3.3426205e-05,1.121278e-05
0.053235521,5.2098608e-05,0.0018448859,0.013449568,3.3690056e-05,1.1283754e-05
0.053305315,5.241035e-05,0.001905898,0.01305234,3.3934876e-05,1.1356053e-05
0.053399134,5.2776769e-05,0.0019817791,0.012548916,3.4222044e-05,1.1433393e-05
0.053470072,5.3038089e-05,0.0020355982,0.013400809,3.4450909e-05,1.1503066e-05
0.053565451,5.3455844e-05,0.0021028121,0.013600854,3.4785525e-05,1.1585002e-05
0.053637611,5.3808555e-05,0.002151643,0.01397864,3.5056103e-05,1.1665461e-05
0.053734716,5.4263762e-05,0.0022119745,0.013974948,3.5463101e-05,1.1787414e-05
0.053808217,5.4645338e-05,0.0022540296,0.013900178,3.5758612e-05,1.1882853e-05
0.053907192,5.5212198e-05,0.0023069407,0.014184131,3.6199871e-05,1.2037567e-05
0.05400731,5.5857397e-05,0.0023568433,0.015736725,3.6682363e-05,1.2227659e-05
0.054083192,5.637678e-05,0.0023917619,0.014841866,3.7056982e-05,1.2387055e-05
0.054185453,5.7149622e-05,0.0024369154,0.015612595,3.7585994e-05,1.2608131e-05
0.054262981,5.7768183e-05,0.0024680854,0.015379891,3.7986947e-05,1.2789072e-05
0.05436749,5.870258e-05,0.0025082842,0.015980365,3.8543333e-05,1.3062235e-05
0.054446747,5.9424122e-05,0.0025374891,0.015783227,3.8980028e-05,1.3282281e-05
0.054553619,6.0440955e-05,0.0025755258,0.016376908,3.9608605e-05,1.3602071e-05
0.054634693,6.1232028e-05,0.0026043962,0.016776955,4.0097659e-05,1.3847949e-05
0.054744142,6.2374257e-05,0.0026453133,0.016282061,4.0828685e-05,1.4199044e-05
0.054827271,6.325705e-05,0.0026767101,0.016527408,4.1418212e-05,1.4442486e-05
0.054939635,6.4583029e-05,0.0027237123,0.017134614,4.2297693e-05,1.477921e-05
0.055025087,6.5579378e-05,0.0027581218,0.01713465,4.2975072e-05,1.5026147e-05
0.055140698,6.6936792e-05,0.0028028131,0.01816431,4.3972731e-05,1.5361899e-05
0.055228357,6.7290906e-05,0.0028013332,0.018599591,4.4295795e-05,1.5471847e-05
0.055344168,6.6720341e-05,0.0027376986,0.019143658,4.4058553e-05,1.5373484e-05
0.055430367,6.6511923e-05,0.0026851782,0.019658526,4.4061464e-05,1.5361852e-05
0.055544608,6.6292711e-05,0.0026001602,0.018340433,4.4095412e-05,1.5362473e-05
0.055629964,6.6324822e-05,0.0025290851,0.018715053,4.4216784e-05,1.5376613e-05
0.055742968,6.5517961e-05,0.0023966836,0.019463788,4.3858986e-05,1.5219742e-05
0.055825948,6.453912e-05,0.0022832412,0.017952204,4.3267224e-05,1.499879e-05
0.055934527,6.3571149e-05,0.0021518216,0.016233012,4.2688999e-05,1.480529e-05
0.056014791,6.3100324e-05,0.0020681352,0.015974364,4.2423071e-05,1.4711002e-05
0.056120435,6.2502781e-05,0.0019670954,0.018091911,4.206864e-05,1.4587728e-05
0.056198896,6.2286097e-05,0.0019054088,0.016129427,4.1970593e-05,1.4531832e-05
0.056302723,6.2014263e-05,0.0018323986,0.016663981,4.1836901e-05,1.443561e-05
0.056380127,6.1859903e-05,0.0017855785,0.016279256,4.1770101e-05,1.4352359e-05
0.056482757,6.1689315e-05,0.0017325921,0.016932165,4.1706692e-05,1.4239305e-05
0.05655946,6.164451e-05,0.0017014059,0.016925914,4.1700264e-05,1.4162375e-05
0.056661435,6.1562687e-05,0.00166801,0.016709351,4.1664974e-05,1.403049e-05
0.056737717,6.1507907e-05,0.0016501344,0.016039611,4.1665729e-05,1.3938626e-05
0.056839272,6.1407685e-05,0.001637292,0.015574797,4.1687373e-05,1.3817073e-05
0.056915344,6.1353453e-05,0.0016370287,0.015900541,4.1716284e-05,1.3728887e-05
0.05701669,6.1210206e-05,0.0016485666,0.015479477,4.1710248e-05,1.3619567e-05
0.057092636,6.1141515e-05,0.001668781,0.01505742,4.1766588e-05,1.3565596e-05
0.057193897,6.1060741e-05,0.001709503,0.014521841,4.1796422e-05,1.3507329e-05
0.057269843,6.097127e-05,0.0017505886,0.015316013,4.1821079e-05,1.3479202e-05
0.057371104,6.0898124e-05,0.0018194884,0.016451809,4.1838772e-05,1.3449217e-05
0.057447092,6.0839866e-05,0.0018846258,0.015250251,4.1879567e-05,1.3432415e-05
0.057548503,6.0804572e-05,0.0019883327,0.014853417,4.191462e-05,1.3400806e-05
0.057624684,6.0723237e-05,0.0020770219,0.015473896,4.1917289e-05,1.335877e-05
0.05772631,6.061206e-05,0.0022075745,0.015444752,4.1877569e-05,1.3290268e-05
0.057828066,6.0488786e-05,0.0023368095,0.015803338,4.1818136e-05,1.3209614e-05
0.057904487,6.0429335e-05,0.0024109336,0.014870796,4.1792676e-05,1.3160721e-05
0.058006638,6.0381132e-05,0.0024291672,0.015195683,4.1778176e-05,1.3101455e-05
0.058083345,6.0297488e-05,0.0023714832,0.015181655,4.1700444e-05,1.3036976e-05
0.058185696,6.0144329e-05,0.0022420786,0.014966115,4.1601504e-05,1.296583e-05
0.058262604,6.0111785e-05,0.0021284517,0.015031716,4.1575244e-05,1.292944e-05
0.058365381,6.0133005e-05,0.0019722467,0.015775544,4.1581027e-05,1.2904058e-05
0.05844272,6.0187041e-05,0.0018592514,0.015912697,4.159444e-05,1.2887871e-05
0.058545953,6.0119021e-05,0.0017137455,0.015752824,4.1503936e-05,1.2849495e-05
0.058623522,6.0128819e-05,0.0016143964,0.016044812,4.1473933e-05,1.2853449e-05
0.058727171,6.0168834e-05,0.001492331,0.01627524,4.1461796e-05,1.2871338e-05
0.058805136,6.0269477e-05,0.0014083171,0.017028518,4.1477526e-05,1.2884768e-05
0.058909468,6.0395398e-05,0.0013064544,0.016745216,4.1503124e-05,1.2889022e-05
0.058987884,6.0457912e-05,0.0012358101,0.015646951,4.150379e-05,1.2887413e-05
0.059092646,6.0561443e-05,0.0011506159,0.016348665,4.1495668e-05,1.2905674e-05
0.059171473,6.0689692e-05,0.001093005,0.016839806,4.1529459e-05,1.2945581e-05
0.059276917,6.0847688e-05,0.0010233457,0.016016227,4.1576395e-05,1.2999983e-05
0.059356259,6.0958085e-05,0.00097605344,0.015440443,4.1619506e-05,1.3041147e-05
0.059462398,6.1104794e-05,0.00092014228,0.015898991,4.1696811e-05,1.3078847e-05
0.059542216,6.1170914e-05,0.00088265573,0.017039769,4.1752486e-05,1.3109157e-05
0.059649065,6.1312195e-05,0.00083940825,0.016498716,4.1831755e-05,1.3147279e-05
0.059729471,6.1345572e-05,0.00081074631,0.016159787,4.1908894e-05,1.3185446e-05
0.059837068,6.1440292e-05,0.00077875308,0.016018911,4.2091017e-05,1.3282224e-05
0.059918101,6.1478377e-05,0.00075787879,0.016557512,4.2219198e-05,1.3367645e-05
0.060026597,6.1580128e-05,0.00073509602,0.016415384,4.2453256e-05,1.3490774e-05
0.06010838,6.1740366e-05,0.00072196008,0.018065611,4.2714775e-05,1.3612941e-05
0.060218097,6.1968918e-05,0.00070843659,0.018207576,4.3090574e-05,1.3790844e-05
0.060300898,6.2131533e-05,0.00070078554,0.01813019,4.3374297e-05,1.3920617e-05
0.060411957,6.2345471e-05,0.00069305597,0.01768896,4.3735024e-05,1.4121225e-05
0.060495436,6.2292785e-05,0.00068705645,0.017278641,4.3853793e-05,1.4244517e-05
0.060606752,6.1776099e-05,0.00067650179,0.01814685,4.366848e-05,1.4335474e-05
0.060687778,5.9664749e-05,0.00065120544,0.017735933,4.2267297e-05,1.3977275e-05
0.0607915,5.6954134e-05,0.00062100969,0.016350007,4.0442157e-05,1.3487182e-05
0.060866193,5.5056878e-05,0.00060099027,0.015871164,3.9149341e-05,1.3137819e-05
0.060961933,5.2741465e-05,0.00057787749,0.015621019,3.7535321e-05,1.2659537e-05
0.061031097,5.1138552e-05,0.00056311747,0.01487396,3.6433032e-05,1.2314358e-05
0.061120251,4.9303558e-05,0.00054744397,0.015394579,3.5162677e-05,1.1915881e-05
0.061185112,4.8130794e-05,0.00053828276,0.015133878,3.4340135e-05,1.1639088e-05
0.061269346,4.6746246e-05,0.00052896367,0.014013586,3.3385699e-05,1.1308503e-05
0.061331057,4.5849565e-05,0.00052394535,0.014390281,3.2771669e-05,1.1091975e-05
0.061411661,4.4809818e-05,0.00051937381,0.013475913,3.2054229e-05,1.084136e-05
0.061490647,4.3923163e-05,0.00051686811,0.012455049,3.1463601e-05,1.0624867e-05
0.061549043,4.3393034e-05,0.00051676302,0.013673613,3.1118776e-05,1.0486403e-05
0.061625939,4.2754799e-05,0.00051761409,0.012570758,3.0720717e-05,1.0321052e-05
0.06168302,4.2374363e-05,0.00051934466,0.012629983,3.0479365e-05,1.0216508e-05
0.06175847,4.1915927e-05,0.00052271587,0.011877738,3.0204032e-05,1.008829e-05
0.061814652,4.1636075e-05,0.00052610734,0.011843382,3.0041573e-05,1.0008948e-05
0.061889146,4.1344443e-05,0.00053228075,0.011821031,2.99003e-05,9.9224643e-06
0.061944786,4.1188477e-05,0.0005381389,0.011692321,2.9842718e-05,9.8658579e-06
0.062018768,4.1020008e-05,0.00054705314,0.012187893,2.9782952e-05,9.7958716e-06
0.062074141,4.0922842e-05,0.00055450717,0.012495954,2.9767086e-05,9.7499996e-06
0.062147935,4.0875203e-05,0.00056639044,0.011496603,2.981131e-05,9.6984101e-06
0.062203308,4.0871787e-05,0.00057622681,0.011688543,2.9850009e-05,9.6646256e-06
0.062277223,4.0891102e-05,0.00059076428,0.01181363,2.9913211e-05,9.6246403e-06
0.062332772,4.0953302e-05,0.00060294969,0.012231109,2.9996275e-05,9.5982962e-06
0.062407097,4.1094558e-05,0.00062138251,0.012478519,3.0140061e-05,9.58316e-06
0.062463044,4.117896e-05,0.00063583272,0.011597822,3.0237903e-05,9.5714027e-06
0.062537994,4.1373368e-05,0.00065779565,0.01257821,3.042973e-05,9.5796414e-06
0.062594504,4.1557188e-05,0.00067599474,0.011888829,3.0561599e-05,9.5856203e-06
0.062670266,4.1795136e-05,0.00070239566,0.011967202,3.0788141e-05,9.6059384e-06
0.062727454,4.1979476e-05,0.00072424889,0.012584542,3.0942892e-05,9.6281236e-06
0.062804228,4.2262393e-05,0.000756514,0.012300548,3.118186e-05,9.6679506e-06
0.062862206,4.2502096e-05,0.0007835305,0.011755733,3.1374702e-05,9.7111574e-06
0.062940085,4.2842484e-05,0.0008234705,0.012339797,3.1633804e-05,9.7607263e-06
0.062998927,4.3078089e-05,0.00085629367,0.012434843,3.183391e-05,9.8065203e-06
0.063077983,4.3407405e-05,0.00090462286,0.012238734,3.209657e-05,9.866312e-06
0.063137735,4.3676872e-05,0.00094478663,0.012514714,3.229934e-05,9.9149324e-06
0.063218094,4.4085905e-05,0.0010048255,0.012248021,3.2613011e-05,9.9929027e-06
0.06327884,4.4366275e-05,0.001053666,0.012328824,3.2812391e-05,1.0044202e-05
0.063360554,4.4790725e-05,0.001127118,0.013088535,3.3111265e-05,1.0127282e-05
0.06342237,4.5078465e-05,0.0011871378,0.012337925,3.330942e-05,1.0184166e-05
0.063505492,4.5537791e-05,0.0012751714,0.013139459,3.3627209e-05,1.0268347e-05
0.063568351,4.5843337e-05,0.0013464607,0.012432562,3.3827478e-05,1.0320996e-05
0.063652847,4.6256649e-05,0.0014496937,0.012615596,3.4087164e-05,1.0377471e-05
0.063716752,4.6592837e-05,0.0015340213,0.012424443,3.4296676e-05,1.0434263e-05
0.063802658,4.706605e-05,0.0016552825,0.013419847,3.4595708e-05,1.0528046e-05
0.063867632,4.7423577e-05,0.0017503749,0.01339237,3.4817109e-05,1.0603051e-05
0.063954984,4.7845752e-05,0.0018723219,0.013370267,3.5100761e-05,1.0702475e-05
0.06402105,4.8216445e-05,0.0019568736,0.01313238,3.5354566e-05,1.0783943e-05
0.064109889,4.866028e-05,0.0020389076,0.013153119,3.5663093e-05,1.0888643e-05
0.06417707,4.8948529e-05,0.0020545904,0.013441046,3.5896486e-05,1.0961177e-05
0.064267412,4.9403604e-05,0.0020059947,0.013514096,3.6237125e-05,1.1061181e-05
0.064358641,4.9845861e-05,0.001898375,0.013731836,3.6584306e-05,1.1169664e-05
0.064427686,5.0163406e-05,0.0018023179,0.01390698,3.6876012e-05,1.126376e-05
0.064520566,5.0597984e-05,0.0016700272,0.014107981,3.7257787e-05,1.1390991e-05
0.064590852,5.0940315e-05,0.0015731655,0.013662705,3.7571648e-05,1.1510132e-05
0.064685431,5.1337179e-05,0.0014485571,0.014156696,3.7999056e-05,1.1672977e-05
0.064756989,5.1639249e-05,0.0013615328,0.014413297,3.8312253e-05,1.1814442e-05
0.064853216,5.2007284e-05,0.0012566756,0.014653341,3.8728363e-05,1.2014042e-05
0.064926024,5.2305971e-05,0.0011872578,0.015016536,3.9051309e-05,1.2185747e-05
0.065023891,5.2722539e-05,0.0011051969,0.014780517,3.949631e-05,1.2409875e-05
0.065097949,5.3045144e-05,0.0010511297,0.015332219,3.9839126e-05,1.2592577e-05
0.06519761,5.3583974e-05,0.00098888673,0.015715855,4.0340018e-05,1.2864938e-05
0.065273086,5.4014056e-05,0.00094777231,0.016042705,4.0710516e-05,1.3100733e-05
0.065374796,5.4764952e-05,0.00090143105,0.016414418,4.1292178e-05,1.3467837e-05
0.065451965,5.5401149e-05,0.00087154879,0.016204679,4.180008e-05,1.3754493e-05
0.065556135,5.6347576e-05,0.00083710245,0.015581402,4.2520205e-05,1.4156206e-05
0.065635247,5.7098108e-05,0.00081512541,0.01649342,4.3077479e-05,1.4453381e-05
0.065742085,5.8202909e-05,0.00079055212,0.016313339,4.3871212e-05,1.4811594e-05
0.065823258,5.9077828e-05,0.00077580342,0.016809522,4.445829e-05,1.5057877e-05
0.065932929,6.0288679e-05,0.00076076444,0.018343864,4.5267334e-05,1.5344065e-05
0.066014408,5.8935551e-05,0.00072496123,0.018822733,4.4153394e-05,1.494217e-05
0.066119491,5.7305707e-05,0.00068536717,0.017323452,4.2807375e-05,1.4428129e-05
0.066196449,5.6379779e-05,0.00066368702,0.019097747,4.2065622e-05,1.4124897e-05
0.06629707,5.5496144e-05,0.0006426153,0.017739277,4.1338643e-05,1.3781226e-05
0.066371512,5.5182046e-05,0.0006339532,0.017465819,4.109649e-05,1.3618586e-05
0.066470024,5.490769e-05,0.00062721628,0.018022631,4.0878219e-05,1.34476e-05
0.066543457,5.4782608e-05,0.00062516126,0.017590614,4.0787707e-05,1.3354328e-05
0.066641111,5.4882845e-05,0.0006283101,0.016989734,4.0858493e-05,1.331675e-05
0.066714373,5.4997906e-05,0.00063307656,0.017758411,4.0970797e-05,1.3307739e-05
0.066812055,5.5132376e-05,0.00064199954,0.017323229,4.1087634e-05,1.3294729e-05
0.066885403,5.5379731e-05,0.00065223054,0.016153986,4.1253449e-05,1.3312605e-05
0.066983668,5.5746192e-05,0.00066986635,0.018080207,4.1548395e-05,1.3344414e-05
0.067057543,5.5946292e-05,0.00068459848,0.017828867,4.1677211e-05,1.3342019e-05
0.067156251,5.6136174e-05,0.00070682519,0.015946967,4.180667e-05,1.3327585e-05
0.067230606,5.6426491e-05,0.00072829237,0.016984755,4.2035315e-05,1.3340804e-05
0.067330223,5.6675963e-05,0.0007591652,0.017011444,4.2187507e-05,1.3331835e-05
0.067405159,5.6795623e-05,0.0007850131,0.016780374,4.2298057e-05,1.3323305e-05
0.067505364,5.6972117e-05,0.0008241459,0.015496645,4.2439957e-05,1.3303729e-05
0.067580929,5.7289058e-05,0.00085999155,0.015205667,4.2702085e-05,1.3318659e-05
0.067682183,5.7403358e-05,0.0009091997,0.01577956,4.2847863e-05,1.327812e-05
0.067783892,5.7630027e-05,0.00096644095,0.016452369,4.3015034e-05,1.3265253e-05
0.067860495,5.7799553e-05,0.0010146424,0.016767855,4.3141023e-05,1.3261091e-05
0.067963134,5.8116005e-05,0.0010887411,0.016374616,4.3369044e-05,1.3272472e-05
0.068040544,5.8312037e-05,0.0011507133,0.01601682,4.3492637e-05,1.3281752e-05
0.068144239,5.8598207e-05,0.0012452599,0.017033757,4.3631731e-05,1.3323876e-05
0.068222413,5.8902273e-05,0.0013283393,0.016087282,4.3788202e-05,1.3388306e-05
0.068327234,5.9273656e-05,0.0014539698,0.016846738,4.3913606e-05,1.3461703e-05
0.0684063,5.9659157e-05,0.001564598,0.016565301,4.404846e-05,1.3567218e-05
0.068512357,6.0156588e-05,0.0017307103,0.016408653,4.4207036e-05,1.3719158e-05
0.068592346,6.0485057e-05,0.0018663078,0.016852727,4.428412e-05,1.3838169e-05
0.068699679,6.1019705e-05,0.002061929,0.017210903,4.4437279e-05,1.4005487e-05
0.068780699,6.1432725e-05,0.0022101882,0.017160423,4.4570614e-05,1.4136087e-05
0.068889433,6.193861e-05,0.0023663463,0.017207013,4.470532e-05,1.4272774e-05
0.068971522,6.2328171e-05,0.0024171347,0.017693388,4.4808234e-05,1.4353858e-05
0.069081626,6.2793068e-05,0.0023879401,0.017408613,4.4927246e-05,1.4438055e-05
0.069164327,6.2564168e-05,0.0023029958,0.017742891,4.4607039e-05,1.4356154e-05
0.069274017,6.2130028e-05,0.002173833,0.016791906,4.4098296e-05,1.4241045e-05
0.069356017,6.1954576e-05,0.0020854805,0.017320538,4.3846106e-05,1.4193589e-05
0.069465172,6.1787894e-05,0.0019803754,0.017443954,4.3524956e-05,1.4136736e-05
0.069547049,6.1799455e-05,0.0019177156,0.016696164,4.3397818e-05,1.412114e-05
0.069656329,6.1699e-05,0.0018434094,0.017653692,4.3145916e-05,1.4070961e-05
0.069738415,6.1723439e-05,0.0017994044,0.016349638,4.3028006e-05,1.4060356e-05
0.069848074,6.1835209e-05,0.0017514001,0.016213868,4.2911656e-05,1.4068526e-05
0.0699305,6.1906142e-05,0.0017198686,0.016222592,4.2799137e-05,1.4088167e-05
0.07004076,6.219133e-05,0.0016888949,0.016563968,4.2777562e-05,1.41548e-05
0.070123751,6.2398536e-05,0.0016685569,0.016407014,4.2738748e-05,1.4184327e-05
0.070234758,6.2680416e-05,0.0016435717,0.015836187,4.2646097e-05,1.4236662e-05
0.070318282,6.2963112e-05,0.0016272491,0.01653276,4.260947e-05,1.4276514e-05
0.070429918,6.3142247e-05,0.0016013471,0.016153228,4.2445273e-05,1.4251654e-05
0.070513851,6.329112e-05,0.0015818628,0.017166827,4.234442e-05,1.4237631e-05
0.070625947,6.3459755e-05,0.0015527498,0.017609675,4.2163681e-05,1.4186619e-05
0.070710065,6.3576783e-05,0.0015296819,0.017731488,4.205664e-05,1.414055e-05
0.070822206,6.3456297e-05,0.001489249,0.016932504,4.1750275e-05,1.4019751e-05
0.070906277,6.3372447e-05,0.0014571942,0.016667676,4.1575928e-05,1.3931562e-05
0.071018089,6.3057817e-05,0.0014048962,0.017094534,4.1230975e-05,1.3766282e-05
0.07110164,6.2744927e-05,0.0013615885,0.016620938,4.0924655e-05,1.3626718e-05
0.071212508,6.2159157e-05,0.0012975446,0.016969652,4.0447355e-05,1.3444541e-05
0.07129512,6.1594212e-05,0.0012468009,0.016535467,4.003994e-05,1.3303936e-05
0.071404402,6.0899651e-05,0.001181023,0.016742152,3.9508887e-05,1.3131221e-05
0.071485629,6.0264861e-05,0.0011298613,0.016278406,3.9046918e-05,1.297683e-05
0.071592903,5.9362838e-05,0.0010637149,0.016074942,3.8389686e-05,1.2754832e-05
0.071698881,5.8475712e-05,0.0010017515,0.016634564,3.7734222e-05,1.2533739e-05
0.071777475,5.7734933e-05,0.00095695953,0.016100814,3.7202091e-05,1.2357562e-05
0.071881059,5.6770772e-05,0.00090203157,0.01582785,3.6502295e-05,1.2125216e-05
0.071957814,5.5961722e-05,0.00086280042,0.015175822,3.593146e-05,1.1935004e-05
0.072058877,5.5033574e-05,0.00081747265,0.015190556,3.5277832e-05,1.1723668e-05
0.072133816,5.4350662e-05,0.00078691345,0.014548974,3.4803117e-05,1.1568935e-05
0.07223257,5.338648e-05,0.00074936132,0.014132978,3.413742e-05,1.1354483e-05
0.072305719,5.2751207e-05,0.00072522456,0.013806923,3.3700964e-05,1.1206187e-05
0.072402167,5.192645e-05,0.00069642342,0.014834497,3.3126916e-05,1.1019364e-05
0.072473703,5.1332766e-05,0.00067725173,0.014577559,3.2709384e-05,1.0880887e-05
0.072568037,5.0587461e-05,0.00065450117,0.014239551,3.2176978e-05,1.07289e-05
0.072638013,5.0049726e-05,0.00063922692,0.01344476,3.1779096e-05,1.061914e-05
0.072730444,4.9454533e-05,0.0006221098,0.013841353,3.1336944e-05,1.0512713e-05
0.072799051,4.9060773e-05,0.00061117412,0.01383932,3.1025882e-05,1.0438615e-05
0.07288967,4.8509294e-05,0.00059807586,0.013512252,3.0601385e-05,1.0350461e-05
0.072957051,4.8144027e-05,0.0005897877,0.01375206,3.0316756e-05,1.0287002e-05
0.073046111,4.7734274e-05,0.00058103163,0.013364433,2.9964109e-05,1.0220803e-05
0.073112397,4.74714e-05,0.00057583991,0.013016269,2.9731436e-05,1.0185988e-05
0.073200137,4.7091025e-05,0.00056979111,0.01331758,2.9417106e-05,1.0137693e-05
0.073265515,4.6905311e-05,0.00056750734,0.013895958,2.92462e-05,1.0137247e-05
0.073352123,4.6592626e-05,0.00056513221,0.013470701,2.8991678e-05,1.0122634e-05
0.073416708,4.642526e-05,0.00056501607,0.013112378,2.883969e-05,1.0112741e-05
0.073502461,4.6240881e-05,0.00056710138,0.01353559,2.8676773e-05,1.0107459e-05
0.073566522,4.6127103e-05,0.00057024338,0.012577028,2.8569662e-05,1.0098243e-05
0.073651654,4.6013982e-05,0.00057686306,0.012568577,2.8466377e-05,1.0067835e-05
0.073715324,4.5884433e-05,0.0005829596,0.012335751,2.8373271e-05,1.0037624e-05
0.073800065,4.5794308e-05,0.00059438151,0.012812471,2.8324583e-05,1.0026548e-05
0.073863571,4.5799233e-05,0.00060574068,0.012896639,2.8332601e-05,1.0029859e-05
0.073948246,4.5768767e-05,0.00062351347,0.012432796,2.8349741e-05,1.0025762e-05
0.074011753,4.5755674e-05,0.00063913944,0.012113139,2.8372641e-05,1.0021796e-05
0.074096495,4.5792419e-05,0.00066459421,0.012110025,2.8464441e-05,1.0035643e-05
0.074160169,4.5853521e-05,0.00068710924,0.012583252,2.8544697e-05,1.0062308e-05
0.074245248,4.5942055e-05,0.00072271562,0.01269743,2.8692681e-05,1.0109413e-05
0.074309229,4.601025e-05,0.00075335588,0.012657973,2.8798863e-05,1.0137699e-05
0.074394825,4.6218064e-05,0.00080268585,0.011959289,2.9019318e-05,1.0198046e-05
0.074459259,4.6346341e-05,0.00084509785,0.012317219,2.9171312e-05,1.0246505e-05
0.074545526,4.6547626e-05,0.00091136745,0.012243418,2.9404686e-05,1.0328643e-05
0.074610569,4.6707993e-05,0.00096917484,0.012570382,2.9569486e-05,1.0412793e-05
0.074697709,4.7043421e-05,0.0010618449,0.012666117,2.9869811e-05,1.0557321e-05
0.074763456,4.7312189e-05,0.0011423503,0.0123434,3.0104673e-05,1.0670868e-05
0.07485165,4.7662494e-05,0.0012655185,0.012724621,3.0430724e-05,1.0845192e-05
0.074940463,4.8041973e-05,0.0014086856,0.012806874,3.0775131e-05,1.1017856e-05
0.075007487,4.8342672e-05,0.0015287009,0.013275564,3.1035236e-05,1.1145185e-05
0.075097499,4.8839858e-05,0.0017014427,0.013501061,3.1449094e-05,1.1333464e-05
0.0751655,4.9148709e-05,0.0018161019,0.013349267,3.1720176e-05,1.1459315e-05
0.075256841,4.9673094e-05,0.0019216576,0.01437849,3.2134837e-05,1.1630871e-05
0.075325861,5.0003243e-05,0.0019217369,0.014496511,3.240302e-05,1.1734008e-05
0.075418677,5.0519868e-05,0.0018279492,0.014208935,3.2805846e-05,1.1881945e-05
0.075488852,5.0936395e-05,0.0017277527,0.013821193,3.3139115e-05,1.1998331e-05
0.075583122,5.1355296e-05,0.0015944599,0.013807193,3.350748e-05,1.2121933e-05
0.075654458,5.1778175e-05,0.0015087617,0.014378592,3.3865554e-05,1.2229897e-05
0.075750297,5.2286693e-05,0.0014108452,0.014225585,3.4334745e-05,1.236889e-05
0.075822804,5.2587917e-05,0.0013471545,0.013924069,3.4656075e-05,1.2456239e-05
0.07592034,5.3120738e-05,0.0012806787,0.014618672,3.5156696e-05,1.260805e-05
0.075994177,5.3542599e-05,0.0012421985,0.01469879,3.5566651e-05,1.2734945e-05
0.076093551,5.4078734e-05,0.0012013712,0.014827258,3.6085428e-05,1.2901448e-05
0.076168845,5.452177e-05,0.0011790333,0.015021752,3.6499954e-05,1.3036235e-05
0.076270212,5.5096936e-05,0.0011575986,0.015226912,3.7032286e-05,1.3203857e-05
0.076347046,5.5554954e-05,0.0011484341,0.015536896,3.7449655e-05,1.3336476e-05
0.076450523,5.616478e-05,0.0011426081,0.015480681,3.7949675e-05,1.3500207e-05
0.076528987,5.6655473e-05,0.001144319,0.015307024,3.8380933e-05,1.3638411e-05
0.0766347,5.7281312e-05,0.0011522589,0.015668376,3.8903488e-05,1.3801469e-05
0.076714893,5.7812454e-05,0.001163416,0.015504692,3.934947e-05,1.3937412e-05
0.076822982,5.8503605e-05,0.001183022,0.015892848,3.9941378e-05,1.4128543e-05
0.076905016,5.9095882e-05,0.0012023046,0.015715326,4.0434781e-05,1.4273276e-05
0.07701578,6.0051778e-05,0.0012351331,0.016149413,4.117875e-05,1.4493078e-05
0.077099925,6.0763356e-05,0.0012622485,0.016838956,4.1734132e-05,1.4642767e-05
0.077213629,6.1738905e-05,0.0013033409,0.016615724,4.2457553e-05,1.4854077e-05
0.077300121,6.2769991e-05,0.0013442223,0.016942245,4.316983e-05,1.5077856e-05
0.077417158,6.4169305e-05,0.0014045779,0.018169441,4.4118313e-05,1.5379816e-05
0.077506358,6.5393006e-05,0.001458545,0.018655033,4.4917719e-05,1.5654372e-05
0.077627273,6.7008423e-05,0.0015383688,0.020188052,4.5931361e-05,1.6019382e-05
0.077719605,6.8393871e-05,0.0016089409,0.020037493,4.6833956e-05,1.6329056e-05
0.077844251,6.9092644e-05,0.0016855299,0.020415339,4.7192794e-05,1.6492059e-05
0.077935404,6.7477601e-05,0.0016952389,0.020794158,4.6039928e-05,1.6108633e-05
0.078053624,6.5800252e-05,0.0017214665,0.019453015,4.484003e-05,1.5720871e-05
0.078140254,6.48273e-05,0.0017496112,0.018384205,4.4187125e-05,1.5499489e-05
0.078253403,6.3740493e-05,0.0017914836,0.018099474,4.3445135e-05,1.5206756e-05
0.078336839,6.2939107e-05,0.0018225664,0.018590595,4.2941503e-05,1.4990932e-05
0.078446696,6.2360312e-05,0.0018738238,0.017239285,4.2603237e-05,1.4779604e-05
0.078528223,6.1878554e-05,0.0019070908,0.017508513,4.2349548e-05,1.4619027e-05
0.078635947,6.1413362e-05,0.0019485443,0.016667502,4.21205e-05,1.4445629e-05
0.078742777,6.092222e-05,0.001978545,0.017017174,4.1901049e-05,1.4274908e-05
0.078822515,6.0781818e-05,0.0020017013,0.016981928,4.1889503e-05,1.4206935e-05
0.078928292,6.0444483e-05,0.0020196157,0.01635133,4.1756414e-05,1.408087e-05
0.0790073,6.0305292e-05,0.0020303759,0.016244526,4.1718741e-05,1.3997147e-05
0.079112345,6.0150278e-05,0.0020408603,0.01531373,4.1684623e-05,1.3906658e-05
0.079190945,6.0189455e-05,0.0020502357,0.015167045,4.1735554e-05,1.3883071e-05
0.079295578,6.0075027e-05,0.0020535699,0.015980561,4.1668776e-05,1.3867208e-05
0.079373929,6.014095e-05,0.0020589181,0.015770047,4.1705882e-05,1.3918211e-05
0.079478312,6.0078051e-05,0.0020587331,0.015532229,4.1595285e-05,1.3948998e-05
0.079556409,6.0173308e-05,0.0020628523,0.015984365,4.1613328e-05,1.402251e-05
0.079660539,6.0323765e-05,0.0020680208,0.016091219,4.1631946e-05,1.4116329e-05
0.079738636,6.0404559e-05,0.0020721984,0.01586526,4.1620915e-05,1.4159668e-05
0.079842766,6.0493618e-05,0.0020799525,0.016569272,4.1619733e-05,1.4198893e-05
0.079920863,6.0537708e-05,0.002087951,0.016828794,4.1579363e-05,1.4208521e-05
0.080024992,6.056864e-05,0.0021026629,0.017571707,4.1525659e-05,1.4196467e-05
0.080103363,6.0802783e-05,0.0021249412,0.017561193,4.1602631e-05,1.4216865e-05
0.080207856,6.0763777e-05,0.002149307,0.01619265,4.1518881e-05,1.4172589e-05
0.080286227,6.0702862e-05,0.0021711099,0.016039411,4.1435135e-05,1.4127295e-05
0.080390816,6.084312e-05,0.0022106201,0.015968034,4.1488501e-05,1.4110308e-05
0.080469475,6.0792254e-05,0.0022329654,0.015413488,4.138698e-05,1.4060955e-05
0.080574353,6.067172e-05,0.0022456193,0.015808869,4.1278885e-05,1.4022076e-05
0.080653011,6.0589145e-05,0.0022407248,0.016340084,4.1178492e-05,1.399993e-05
0.080758092,6.0713348e-05,0.0022087409,0.016087097,4.1215716e-05,1.4021932e-05
0.080837055,6.0616156e-05,0.0021532816,0.017123797,4.1104202e-05,1.3992882e-05
0.08094234,6.0474958e-05,0.0020509639,0.016377676,4.0946287e-05,1.3937704e-05
0.08102141,6.0604226e-05,0.0019635537,0.017129021,4.0972778e-05,1.3943966e-05
0.081127122,6.0410001e-05,0.0018201991,0.016193311,4.079794e-05,1.3853908e-05
0.081206407,6.0254423e-05,0.0017091908,0.016409736,4.0640342e-05,1.3775646e-05
0.081312565,6.0257248e-05,0.00156959,0.017307087,4.0621476e-05,1.3727725e-05
0.081392414,6.0339255e-05,0.0014698977,0.016539394,4.0661622e-05,1.3706659e-05
0.081499032,6.0062948e-05,0.001335784,0.01561181,4.0468217e-05,1.3602908e-05
0.081578995,5.983891e-05,0.0012435075,0.014938282,4.0340911e-05,1.3532119e-05
0.081686096,5.9829852e-05,0.0011385032,0.015494902,4.0380235e-05,1.3485516e-05
0.081766546,5.9896081e-05,0.0010695752,0.015900691,4.0456634e-05,1.3479101e-05
0.081874147,5.9632917e-05,0.00098156988,0.015605903,4.0329252e-05,1.3413935e-05
0.081955107,5.9741136e-05,0.00092751929,0.015761761,4.0435897e-05,1.3461082e-05
0.082063363,5.9807077e-05,0.00086220041,0.015772267,4.0539352e-05,1.3540132e-05
0.082144856,5.9637395e-05,0.00081553125,0.015952761,4.0483974e-05,1.3560408e-05
0.082254069,5.9743212e-05,0.00076423793,0.015842558,4.0637623e-05,1.3685307e-05
0.082336267,5.9948571e-05,0.00073131918,0.016907082,4.0839579e-05,1.3812016e-05
0.082446351,6.0143223e-05,0.00069130317,0.01718712,4.1065423e-05,1.3977371e-05
0.08255719,6.037584e-05,0.000656659,0.018397615,4.1310524e-05,1.4160572e-05
0.082640903,6.0653205e-05,0.00063497754,0.018583694,4.1571907e-05,1.4339987e-05
0.082753333,6.1301993e-05,0.00061244893,0.018205269,4.2121633e-05,1.4652348e-05
0.082837859,6.0909717e-05,0.00058932088,0.018059891,4.191664e-05,1.4662613e-05
0.082947312,5.8079584e-05,0.00054141261,0.018384576,4.003803e-05,1.4059525e-05
0.083025743,5.6103783e-05,0.00051083542,0.01718143,3.8725574e-05,1.3613541e-05
0.083126205,5.3575157e-05,0.00047591966,0.016598519,3.7067558e-05,1.3058373e-05
0.083198637,5.1798706e-05,0.00045338401,0.01671071,3.5907487e-05,1.2662439e-05
0.083291559,4.954337e-05,0.00042723827,0.015921892,3.4443538e-05,1.2169691e-05
0.083359015,4.8193446e-05,0.0004122609,0.015096825,3.3577368e-05,1.1870584e-05
0.083446229,4.6644263e-05,0.00039603926,0.014987916,3.2595518e-05,1.1525395e-05
0.083509841,4.5652222e-05,0.00038655735,0.014134353,3.1962049e-05,1.1294986e-05
0.083592674,4.4427686e-05,0.00037600113,0.013591668,3.1193435e-05,1.1017271e-05
0.083653667,4.3711227e-05,0.00037062163,0.014130672,3.0738268e-05,1.0855031e-05
0.083733511,4.2798976e-05,0.000364505,0.013596452,3.0160158e-05,1.0643768e-05
0.083792406,4.2330229e-05,0.00036248775,0.012830231,2.9877258e-05,1.0547771e-05
0.083869972,4.1651536e-05,0.00036012076,0.011791997,2.9459593e-05,1.0399279e-05
0.08392743,4.1224316e-05,0.00035951198,0.012056205,2.9183232e-05,1.0316512e-05
0.084003361,4.0799721e-05,0.00036088625,0.011648251,2.8927204e-05,1.0242316e-05
0.084059901,4.0610562e-05,0.00036356289,0.011577928,2.8812353e-05,1.021372e-05
0.084134807,4.0452122e-05,0.00036866655,0.011324877,2.8715591e-05,1.0184112e-05
0.084190832,4.0508921e-05,0.00037482272,0.011619166,2.8770402e-05,1.0207623e-05
0.084265112,4.038143e-05,0.00038209124,0.011853022,2.869065e-05,1.0173834e-05
0.084320822,4.0463412e-05,0.00038986594,0.011772713,2.8748032e-05,1.0187984e-05
0.084395102,4.0576182e-05,0.00040160563,0.011712821,2.8821215e-05,1.0185199e-05
0.084450812,4.0656232e-05,0.00041131794,0.011890903,2.8876208e-05,1.0187325e-05
0.084525092,4.0772788e-05,0.00042551764,0.012046106,2.8940275e-05,1.0177883e-05
0.084580802,4.0866653e-05,0.00043723181,0.012287749,2.8985944e-05,1.0158487e-05
0.084655441,4.1239853e-05,0.00045710681,0.012725155,2.9233415e-05,1.0209187e-05
0.08471151,4.1310277e-05,0.00047103255,0.01237833,2.92508e-05,1.0196725e-05
0.084786775,4.1683317e-05,0.00049439576,0.012652703,2.9492224e-05,1.02569e-05
0.084843488,4.2029687e-05,0.00051427941,0.012607739,2.9730391e-05,1.0322594e-05
0.084919422,4.2405609e-05,0.00054171952,0.012553265,2.9982105e-05,1.0382234e-05
0.084976686,4.244402e-05,0.00056077053,0.013229178,2.999921e-05,1.0358901e-05
0.08505362,4.2768988e-05,0.00059223278,0.012521768,3.0266376e-05,1.0413914e-05
0.085111779,4.312159e-05,0.00061888361,0.012977967,3.0508677e-05,1.047e-05
0.085189805,4.3472695e-05,0.0006556041,0.01313757,3.076323e-05,1.0532536e-05
0.085248781,4.3818421e-05,0.00068691255,0.012561522,3.1035407e-05,1.0601577e-05
0.085327997,4.4149111e-05,0.00073018794,0.013516476,3.1319347e-05,1.0652456e-05
0.085387862,4.4507193e-05,0.00076718596,0.012463552,3.1609625e-05,1.0713234e-05
0.085468382,4.4853706e-05,0.00081864873,0.013671648,3.1916142e-05,1.0757926e-05
0.085549498,4.4739306e-05,0.00086667869,0.01327499,3.1898116e-05,1.0689724e-05
0.085610976,4.5112215e-05,0.00091493652,0.013029964,3.2209811e-05,1.0739351e-05
0.085693629,4.5461206e-05,0.00098208224,0.013498066,3.2524586e-05,1.0773174e-05
0.085756037,4.5882712e-05,0.0010400121,0.013618367,3.287414e-05,1.0827991e-05
0.085839905,4.5690923e-05,0.0011056924,0.013010506,3.281385e-05,1.0724991e-05
0.085903612,4.6124543e-05,0.0011718021,0.013176337,3.3193782e-05,1.0784482e-05
0.085988854,4.6574003e-05,0.0012618747,0.012955527,3.3605924e-05,1.0840013e-05
0.086053458,4.6422861e-05,0.0013196419,0.013089073,3.3569059e-05,1.0769902e-05
0.086140271,4.6915475e-05,0.0014208071,0.013673504,3.4053639e-05,1.0862483e-05
0.086205884,4.6734738e-05,0.0014833437,0.012768713,3.4017953e-05,1.0802076e-05
0.086294151,4.733289e-05,0.0015960327,0.013384294,3.4603907e-05,1.0926982e-05
0.086360936,4.7162451e-05,0.0016601598,0.013152255,3.4585371e-05,1.0881796e-05
0.086450458,4.7925666e-05,0.0017722459,0.014098387,3.5319182e-05,1.1082257e-05
0.086518664,4.7773484e-05,0.0018221268,0.013897875,3.5313644e-05,1.1079987e-05
0.086609606,4.757028e-05,0.0018701229,0.01366561,3.5316324e-05,1.1087418e-05
0.086678444,4.8774219e-05,0.0019408369,0.014803289,3.6317253e-05,1.1424436e-05
0.086771913,4.8605721e-05,0.0019369361,0.015539041,3.632254e-05,1.1483076e-05
0.086842014,4.8493772e-05,0.0019163051,0.014729132,3.6323523e-05,1.1528559e-05
0.086935482,4.8419332e-05,0.0018688399,0.016375337,3.6347062e-05,1.1594338e-05
0.087005583,4.8364375e-05,0.0018253076,0.015969592,3.6362211e-05,1.1642608e-05
0.087103725,5.0745897e-05,0.0018501281,0.015874523,3.8217687e-05,1.231003e-05
0.087177331,5.0772115e-05,0.001801891,0.0170949,3.8253539e-05,1.238027e-05
0.087275473,5.0832129e-05,0.001744077,0.016754926,3.831808e-05,1.248076e-05
0.087349079,5.0913563e-05,0.0017062727,0.017962548,3.8365323e-05,1.2545277e-05
0.087447221,5.1024818e-05,0.0016627758,0.017309016,3.8430763e-05,1.2618524e-05
0.08752112,5.1725211e-05,0.0016531555,0.018607738,3.8930912e-05,1.2821809e-05
0.087617482,4.9472198e-05,0.0015448509,0.018628599,3.7170153e-05,1.2250433e-05
0.087687412,4.8411284e-05,0.001488593,0.01751323,3.6319175e-05,1.1963117e-05
0.08777849,4.7379771e-05,0.0014302324,0.016897838,3.5515252e-05,1.1673964e-05
0.087845787,4.6967239e-05,0.0013998033,0.017641067,3.5185402e-05,1.155499e-05
0.087934981,4.6699632e-05,0.0013688341,0.017038646,3.4982981e-05,1.1448329e-05
0.088001554,4.6618193e-05,0.0013491053,0.016733524,3.4915732e-05,1.1408373e-05
0.088090315,4.6823214e-05,0.0013321917,0.016006087,3.5059817e-05,1.1432976e-05
0.088157105,4.6892123e-05,0.0013169948,0.016602825,3.5140478e-05,1.1438595e-05
0.088246429,4.7143585e-05,0.0013007414,0.016749468,3.5338501e-05,1.1477193e-05
0.088313871,4.7552681e-05,0.0012942208,0.016896991,3.5651707e-05,1.1567503e-05
0.088404347,4.7958483e-05,0.001279138,0.016233609,3.5948664e-05,1.1632783e-05
0.088472613,4.8296791e-05,0.0012689569,0.015637039,3.61984e-05,1.170442e-05
0.088564485,4.8911424e-05,0.0012581035,0.016866048,3.664663e-05,1.1844639e-05
0.088657167,4.9527431e-05,0.0012457129,0.015128808,3.7048919e-05,1.2006446e-05
0.088727341,5.0190953e-05,0.0012405402,0.015525678,3.7466862e-05,1.2183715e-05
0.088821825,5.092692e-05,0.0012288843,0.01634137,3.7918669e-05,1.2392479e-05
0.088893243,5.1450103e-05,0.0012191683,0.015615553,3.8226278e-05,1.2556182e-05
0.08898928,5.2379042e-05,0.0012114898,0.016145574,3.8790446e-05,1.2823819e-05
0.089062036,5.3015138e-05,0.0012041588,0.016414401,3.9175292e-05,1.30039e-05
0.089159852,5.3819522e-05,0.0011945893,0.017438181,3.9668133e-05,1.3232318e-05
0.089233771,5.4387434e-05,0.0011881053,0.016108861,3.9985432e-05,1.3398025e-05
0.089333442,5.5409099e-05,0.0011880328,0.017630509,4.0663889e-05,1.3651598e-05
0.089408943,5.6020356e-05,0.00118704,0.018501036,4.1009013e-05,1.3784162e-05
0.089510518,5.6815556e-05,0.0011909692,0.017249098,4.1512241e-05,1.3971499e-05
0.089587534,5.7559329e-05,0.0012011465,0.01783612,4.2041257e-05,1.4144971e-05
0.089691516,5.8430755e-05,0.0012192556,0.017468303,4.2677385e-05,1.4328736e-05
0.089770381,5.9048556e-05,0.0012389111,0.01754803,4.3154346e-05,1.4453932e-05
0.089876864,5.9905228e-05,0.0012748517,0.016022266,4.3830033e-05,1.4632774e-05
0.089957731,6.0532991e-05,0.0013093864,0.01743108,4.434653e-05,1.4763375e-05
0.090067085,6.151818e-05,0.0013699632,0.017810655,4.5159288e-05,1.4970057e-05
0.090150273,6.2172246e-05,0.0014225946,0.017889929,4.5661921e-05,1.5092221e-05
0.090262805,6.3121007e-05,0.001509446,0.016555784,4.6419752e-05,1.5272162e-05
0.090348542,6.3844014e-05,0.0015874444,0.016867062,4.6964879e-05,1.5402971e-05
0.090464563,6.4764947e-05,0.0017099851,0.017358842,4.7651659e-05,1.55637e-05
0.090552789,6.5390003e-05,0.0018142082,0.016748663,4.8050205e-05,1.5678581e-05
0.090672189,6.6317235e-05,0.0019761969,0.017239398,4.8660156e-05,1.5854667e-05
0.090763046,6.7016324e-05,0.0021118881,0.017784634,4.9038919e-05,1.6004628e-05
0.090883038,6.5478631e-05,0.0022199108,0.016480507,4.7779495e-05,1.5608245e-05
0.090971508,6.4473042e-05,0.0022933907,0.015992958,4.6944409e-05,1.535495e-05
0.091087675,6.3288082e-05,0.002350579,0.016025849,4.5930314e-05,1.5031467e-05
0.091173664,6.2509462e-05,0.0023487151,0.017214995,4.5274226e-05,1.4822784e-05
0.091286939,6.1577349e-05,0.0022898958,0.016302203,4.4440716e-05,1.4563822e-05
0.09137106,6.1046615e-05,0.00221402,0.015811352,4.3925721e-05,1.4405956e-05
0.091482322,6.0488122e-05,0.0020922526,0.015955465,4.3307382e-05,1.4232563e-05
0.091565237,6.0191098e-05,0.0019958054,0.016520668,4.290569e-05,1.4125669e-05
0.091675285,5.993557e-05,0.0018677471,0.015889871,4.2459642e-05,1.4027405e-05
0.091757625,5.9891715e-05,0.001779211,0.015292073,4.219088e-05,1.3982852e-05
0.091867311,5.9911218e-05,0.0016714867,0.016382615,4.1878158e-05,1.3954451e-05
0.091949575,5.9982513e-05,0.0015982651,0.016124938,4.1670284e-05,1.3947596e-05
0.092059337,6.0145067e-05,0.0015110469,0.015767888,4.1443247e-05,1.3959161e-05
0.092141755,6.024606e-05,0.0014517025,0.01534675,4.1265796e-05,1.3965619e-05
0.092251845,6.0437399e-05,0.0013825786,0.015219245,4.1082792e-05,1.3965386e-05
0.092334574,6.0594849e-05,0.0013376314,0.015771768,4.098058e-05,1.3955538e-05
0.092445212,6.0838353e-05,0.0012876515,0.015910246,4.0876162e-05,1.3905514e-05
0.092556186,6.0977373e-05,0.0012458361,0.015303362,4.0754758e-05,1.3853283e-05
0.092639625,6.1081393e-05,0.0012206803,0.015368256,4.0661146e-05,1.3829155e-05
0.09275112,6.1144862e-05,0.0011935436,0.015418029,4.0521811e-05,1.377659e-05
0.092834882,6.1184208e-05,0.0011788568,0.015772359,4.0432926e-05,1.3747628e-05
0.09294668,6.1126457e-05,0.0011646036,0.015157506,4.0257226e-05,1.3689698e-05
0.093030543,6.1064427e-05,0.0011579956,0.015504204,4.0127854e-05,1.364281e-05
0.093142341,6.093503e-05,0.0011538775,0.015540321,3.9930297e-05,1.3592667e-05
0.093226082,6.0792628e-05,0.0011532484,0.015610963,3.9749964e-05,1.3560891e-05
0.09333745,6.0576409e-05,0.0011556228,0.016259607,3.946974e-05,1.3551001e-05
0.093420681,6.0355456e-05,0.0011589561,0.016162411,3.9206486e-05,1.3538586e-05
0.093531095,5.9990856e-05,0.0011653141,0.015873141,3.8806306e-05,1.3510002e-05
0.093613399,5.9741869e-05,0.0011726759,0.015612369,3.8518944e-05,1.3498399e-05
0.093722317,5.9230712e-05,0.0011830582,0.015083971,3.8042989e-05,1.3424184e-05
0.0938033,5.8810842e-05,0.0011922031,0.015590999,3.7664901e-05,1.3345013e-05
0.093910218,5.8232436e-05,0.001205285,0.015628179,3.7113119e-05,1.3217766e-05
0.093989578,5.7752315e-05,0.0012153002,0.016922709,3.6678338e-05,1.310152e-05
0.094094209,5.7063488e-05,0.0012284844,0.016096915,3.6081995e-05,1.2926596e-05
0.094171767,5.6496538e-05,0.001236716,0.01566042,3.5619669e-05,1.2773656e-05
0.094274002,5.5752674e-05,0.0012462416,0.015035891,3.5039461e-05,1.2583449e-05
0.094349762,5.5158969e-05,0.0012510383,0.014830141,3.4600668e-05,1.2422629e-05
0.094449579,5.4378043e-05,0.0012546752,0.014652767,3.4048704e-05,1.2212608e-05
0.094523564,5.380831e-05,0.0012557203,0.013881491,3.3633939e-05,1.2063888e-05
0.09462108,5.3065317e-05,0.0012558409,0.014155075,3.3116575e-05,1.1891659e-05
0.094693411,5.2487264e-05,0.0012541683,0.014494508,3.2715742e-05,1.1754233e-05
0.094788752,5.1745945e-05,0.0012500024,0.014145754,3.2197795e-05,1.1580567e-05
0.094859494,5.1237178e-05,0.0012462647,0.013819966,3.1828144e-05,1.1454015e-05
0.094952805,5.0545461e-05,0.0012394318,0.013124848,3.1333943e-05,1.1278068e-05
0.095022078,5.0086068e-05,0.0012340897,0.012714916,3.0990063e-05,1.1161076e-05
0.095113564,4.9473914e-05,0.0012264026,0.01293072,3.0539066e-05,1.1013771e-05
0.095181536,4.9022816e-05,0.0012202414,0.012319587,3.0202821e-05,1.0897842e-05
0.095271371,4.8486667e-05,0.0012140276,0.012498,2.9805692e-05,1.0756117e-05
0.095338208,4.8084887e-05,0.0012095456,0.012627427,2.9507028e-05,1.0657878e-05
0.095426647,4.7599671e-05,0.0012054801,0.012330368,2.9149948e-05,1.0524993e-05
0.095492529,4.7281095e-05,0.001204603,0.011712669,2.8908221e-05,1.0447689e-05
0.095579808,4.6849618e-05,0.0012055186,0.01171776,2.8598456e-05,1.0333791e-05
0.095644863,4.6547227e-05,0.001208739,0.011808395,2.8397813e-05,1.0262196e-05
0.095731152,4.6193116e-05,0.0012162183,0.01166136,2.8142231e-05,1.0165336e-05
0.095795566,4.5962984e-05,0.0012249256,0.012094658,2.7977758e-05,1.0102558e-05
0.095881152,4.5732271e-05,0.0012405584,0.011881359,2.7810722e-05,1.0028794e-05
0.095945139,4.5581503e-05,0.0012545556,0.011847287,2.7695851e-05,9.983784e-06
0.096030236,4.542772e-05,0.00127659,0.011606377,2.7581969e-05,9.9260397e-06
0.096115192,4.5299648e-05,0.0013019217,0.011951946,2.7480313e-05,9.8826681e-06
0.096178857,4.5260178e-05,0.0013240575,0.013073338,2.7431956e-05,9.8626883e-06
0.096263723,4.5253798e-05,0.0013572122,0.011531777,2.7413625e-05,9.8583175e-06
0.096327415,4.5275209e-05,0.0013841503,0.012529665,2.7421142e-05,9.863094e-06
0.096412436,4.534169e-05,0.0014226843,0.01216503,2.7446073e-05,9.8727426e-06
0.096476309,4.5455205e-05,0.0014542903,0.011516642,2.7491499e-05,9.8906972e-06
0.096561682,4.5620641e-05,0.0014984011,0.011808805,2.7584031e-05,9.9340455e-06
0.096625896,4.5745495e-05,0.0015316731,0.012310377,2.7660605e-05,9.9836857e-06
0.096711812,4.5970284e-05,0.0015770393,0.012222969,2.7814814e-05,1.0066168e-05
0.09677648,4.6138344e-05,0.001610152,0.011872214,2.79188e-05,1.0127726e-05
0.096863083,4.638949e-05,0.0016536161,0.011363705,2.810447e-05,1.0215782e-05
0.09692835,4.6621859e-05,0.0016848043,0.012088734,2.8267359e-05,1.0280298e-05
0.097015836,4.6934264e-05,0.0017197198,0.011971472,2.8493357e-05,1.0381728e-05
0.097081816,4.716163e-05,0.0017367973,0.011984052,2.8663646e-05,1.0449054e-05
0.09717032,4.7496705e-05,0.0017466146,0.011749772,2.8930111e-05,1.0555331e-05
0.097237089,4.7733203e-05,0.0017396457,0.012043408,2.9129534e-05,1.0630924e-05
0.097326671,4.8074291e-05,0.0017092418,0.012371555,2.9411802e-05,1.07424e-05
0.097394327,4.8343134e-05,0.0016713318,0.012453854,2.9653899e-05,1.0848093e-05
0.09748517,4.87226e-05,0.0016050472,0.012081703,2.9992842e-05,1.0996974e-05
0.097553786,4.9000369e-05,0.0015499425,0.013322185,3.0256346e-05,1.111692e-05
0.09764598,4.94163e-05,0.0014736687,0.012862177,3.0636417e-05,1.1287732e-05
0.097715671,4.9777706e-05,0.0014165282,0.012469949,3.094759e-05,1.1427787e-05
0.097809328,5.0219744e-05,0.0013410407,0.012930297,3.135992e-05,1.1608441e-05
0.097880132,5.0592669e-05,0.0012862159,0.012785461,3.1674024e-05,1.1757022e-05
0.097975289,5.1067499e-05,0.0012165869,0.01293186,3.2093189e-05,1.1966103e-05
0.098047249,5.1480791e-05,0.0011695141,0.013821126,3.2431091e-05,1.2164181e-05
0.098143982,5.2087169e-05,0.001112237,0.0128936,3.2892495e-05,1.2439099e-05
0.098217178,5.2607792e-05,0.0010743796,0.012960566,3.3287739e-05,1.266167e-05
0.098315658,5.331542e-05,0.0010288056,0.013320231,3.3806706e-05,1.2955126e-05
0.098390214,5.3893639e-05,0.00099875241,0.013614661,3.4226825e-05,1.3179484e-05
0.098490611,5.4725028e-05,0.00096356977,0.013713414,3.4806571e-05,1.3465501e-05
0.098566665,5.5360656e-05,0.00094073427,0.014643654,3.5238884e-05,1.3679859e-05
0.098669125,5.6259215e-05,0.00091546308,0.015610651,3.58369e-05,1.3944426e-05
0.098746789,5.692973e-05,0.00089957985,0.015349908,3.6275935e-05,1.4127291e-05
0.098851453,5.7919499e-05,0.00088425449,0.015348415,3.6921636e-05,1.4365109e-05
0.098930784,5.8602665e-05,0.00087518563,0.015328548,3.7394859e-05,1.4528182e-05
0.09903774,5.9518951e-05,0.00086830854,0.015921739,3.8079821e-05,1.4745583e-05
0.099118866,6.0244921e-05,0.00086757516,0.01623172,3.8632907e-05,1.4897555e-05
0.099228325,6.1259889e-05,0.00087212149,0.015845935,3.9418541e-05,1.5103432e-05
0.099311413,6.2010797e-05,0.00087926152,0.016947664,4.0020956e-05,1.5255511e-05
0.099423585,6.3106881e-05,0.0008952643,0.016965027,4.0909941e-05,1.5479346e-05
0.099537514,6.4235782e-05,0.0009176401,0.016929355,4.1803276e-05,1.5703332e-05
0.099624172,6.5188506e-05,0.00094005291,0.017664521,4.2559114e-05,1.5880281e-05
0.099741424,6.6461545e-05,0.00097626936,0.017428567,4.3515777e-05,1.6101424e-05
0.099830754,6.7533669e-05,0.0010101753,0.018049537,4.4335078e-05,1.6292197e-05
0.099951872,6.9034891e-05,0.0010640114,0.019063431,4.5408913e-05,1.6559019e-05
0.10004427,7.0186479e-05,0.0011109935,0.018831558,4.6277289e-05,1.6782896e-05
0.10016926,7.1442756e-05,0.0011780023,0.018767254,4.7200198e-05,1.698753e-05
0.1002643,7.2452907e-05,0.0012361266,0.01881887,4.7961888e-05,1.7149031e-05
0.10039278,7.3804423e-05,0.0013243111,0.018722464,4.9014323e-05,1.7356057e-05
0.10049083,7.5079626e-05,0.0014040855,0.020025599,4.9984492e-05,1.7569004e-05
0.10062375,7.631995e-05,0.0015171365,0.01957457,5.0983385e-05,1.7747568e-05
0.10072346,7.5994227e-05,0.0015877486,0.019885515,5.0885398e-05,1.7571774e-05
0.10085565,7.5578408e-05,0.0016958341,0.018727352,5.0763277e-05,1.7362176e-05
0.10095428,7.5337432e-05,0.0017887999,0.018811801,5.0677214e-05,1.7230206e-05
0.1010852,7.5144843e-05,0.001928897,0.019120994,5.0614825e-05,1.7071824e-05
0.10118298,7.4930019e-05,0.0020392268,0.018319339,5.0508714e-05,1.6946484e-05
0.1013128,7.4876411e-05,0.0021987834,0.018550566,5.0447191e-05,1.6846521e-05
0.1014097,7.4447213e-05,0.0023064445,0.018975079,5.01478e-05,1.670033e-05
0.10153672,7.3025397e-05,0.0024047348,0.016895588,4.9158632e-05,1.6321247e-05
0.10163024,7.1969121e-05,0.0024437541,0.016728469,4.8432522e-05,1.6060527e-05
0.10175271,7.0666941e-05,0.0024381509,0.016450683,4.7519111e-05,1.5725006e-05
0.10184306,6.9703668e-05,0.0024000973,0.016345905,4.686118e-05,1.5485666e-05
0.10196173,6.8624705e-05,0.0023226446,0.016404812,4.6143278e-05,1.5253503e-05
0.10204961,6.7958787e-05,0.0022566518,0.015608735,4.5697627e-05,1.5139367e-05
0.1021656,6.7265066e-05,0.0021738436,0.015860335,4.527869e-05,1.5016334e-05
0.10225192,6.6824787e-05,0.0021179084,0.016901885,4.5034126e-05,1.4948818e-05
0.10236637,6.6373445e-05,0.0020530862,0.015736598,4.4784129e-05,1.4882398e-05
0.1024519,6.6161913e-05,0.0020119973,0.015878962,4.4664383e-05,1.4832672e-05
0.10256581,6.6075632e-05,0.0019704923,0.015784425,4.4642362e-05,1.4838797e-05
0.10265128,6.612044e-05,0.0019461573,0.015244328,4.4666118e-05,1.4880805e-05
0.10276551,6.633511e-05,0.0019222432,0.015321493,4.4741241e-05,1.5008815e-05
0.10285158,6.671751e-05,0.0019124791,0.015500447,4.4917192e-05,1.5166735e-05
0.102967,6.7272079e-05,0.0019032855,0.015879564,4.5171638e-05,1.5401105e-05
0.10305418,6.7776239e-05,0.0018991002,0.016097791,4.539502e-05,1.55684e-05
0.10317149,6.8682212e-05,0.0018976908,0.016443624,4.5822595e-05,1.5829212e-05
0.10326033,6.9340067e-05,0.0018928061,0.017351563,4.6119742e-05,1.5998318e-05
0.10338015,7.0415466e-05,0.0018844384,0.018464864,4.6636971e-05,1.6243335e-05
0.10347111,7.1140814e-05,0.0018703424,0.019132565,4.6991268e-05,1.6378383e-05
0.10359397,7.223322e-05,0.0018436014,0.018574646,4.758476e-05,1.6601522e-05
0.10368638,7.166742e-05,0.001779947,0.019450604,4.7162744e-05,1.6437093e-05
0.10380845,7.0859289e-05,0.001684183,0.018822511,4.6633648e-05,1.6211654e-05
0.10392982,7.0473895e-05,0.0015873182,0.01862046,4.635671e-05,1.6087964e-05
0.10402076,7.0305494e-05,0.0015125933,0.017901164,4.6254189e-05,1.6050331e-05
0.10414237,7.03888e-05,0.001414977,0.017299716,4.635951e-05,1.6061823e-05
0.10423414,7.0698963e-05,0.0013452869,0.018327829,4.658418e-05,1.6144448e-05
0.10435761,7.1256089e-05,0.0012558297,0.017583199,4.6979513e-05,1.6298346e-05
0.10445119,7.1722325e-05,0.0011916748,0.018944017,4.7310168e-05,1.6429589e-05
0.10457735,7.2379711e-05,0.0011109623,0.018926541,4.7779916e-05,1.662985e-05
0.10467316,7.2952942e-05,0.0010559014,0.018443568,4.8218698e-05,1.6805438e-05
0.1048027,7.3814402e-05,0.0009901698,0.019618582,4.889319e-05,1.7096827e-05
0.10490044,7.3219082e-05,0.00093010004,0.019836005,4.8616028e-05,1.7022264e-05
0.10502752,7.0606717e-05,0.0008394317,0.019512299,4.7022321e-05,1.6465024e-05
0.1051198,6.837786e-05,0.00077763094,0.018759358,4.5652718e-05,1.5998915e-05
0.10523843,6.537222e-05,0.00070504636,0.018313355,4.3795183e-05,1.5364364e-05
0.10532401,6.3088733e-05,0.00065668103,0.017472594,4.2346156e-05,1.4882035e-05
0.10543354,6.0077221e-05,0.00059934553,0.016925338,4.0419049e-05,1.425692e-05
0.10551237,5.8022309e-05,0.00056276478,0.017198525,3.9079329e-05,1.3814336e-05
0.10561327,5.5439966e-05,0.00051989498,0.016049474,3.7365972e-05,1.3256536e-05
0.10568598,5.37034e-05,0.0004924869,0.015774381,3.617908e-05,1.2874285e-05
0.10577935,5.1611874e-05,0.00046099405,0.014241377,3.4739579e-05,1.2385607e-05
0.105847,5.0273228e-05,0.00044122401,0.014752208,3.379579e-05,1.2073523e-05
0.10593449,4.8772101e-05,0.00041951268,0.014830274,3.2734125e-05,1.1718598e-05
0.10599835,4.7754564e-05,0.00040547757,0.014114824,3.2024129e-05,1.1478489e-05
0.1060815,4.665157e-05,0.00039035001,0.013821893,3.12373e-05,1.1213872e-05
0.10614258,4.5926714e-05,0.00038081063,0.012831709,3.0740341e-05,1.1039642e-05
0.10622259,4.5134161e-05,0.00037057606,0.012599588,3.0189774e-05,1.0841201e-05
0.10628165,4.4607995e-05,0.00036423718,0.012749615,2.9830597e-05,1.0710104e-05
0.10635941,4.4088001e-05,0.00035811339,0.012098386,2.9472503e-05,1.0560838e-05
0.10641711,4.3733301e-05,0.00035442943,0.01155915,2.9224631e-05,1.0453842e-05
0.10649335,4.3371514e-05,0.00035144158,0.011616135,2.90066e-05,1.0338629e-05
0.10655009,4.3139372e-05,0.00035004522,0.011957121,2.8863162e-05,1.0263692e-05
0.10662532,4.2919948e-05,0.00034973197,0.011664812,2.874272e-05,1.019437e-05
0.10668147,4.2775905e-05,0.00035025259,0.011352713,2.868346e-05,1.0140024e-05
0.1067561,4.2700543e-05,0.00035268201,0.011754086,2.8678519e-05,1.0087137e-05
0.10681198,4.267099e-05,0.00035541892,0.011997196,2.8723929e-05,1.0062753e-05
0.10688642,4.2667702e-05,0.00036018158,0.01128977,2.879489e-05,1.0029849e-05
0.10694224,4.2693987e-05,0.00036460428,0.011731857,2.8865986e-05,1.0015815e-05
0.10701677,4.2838188e-05,0.00037232644,0.011574962,2.9035886e-05,1.0014026e-05
0.10707277,4.2910012e-05,0.0003786382,0.011027656,2.9160292e-05,1.0015551e-05
0.10714766,4.3102326e-05,0.00038880731,0.011213711,2.936934e-05,1.0048817e-05
0.10722288,4.3328795e-05,0.00040068005,0.010887911,2.9604804e-05,1.0107245e-05
0.10727955,4.3526706e-05,0.00041069316,0.011085561,2.9808866e-05,1.0171337e-05
0.10735551,4.3841943e-05,0.00042599761,0.011503068,3.0066571e-05,1.0279499e-05
0.10741279,4.4071961e-05,0.00043860711,0.011718336,3.0267038e-05,1.0363587e-05
0.10748966,4.4419482e-05,0.00045758129,0.011477885,3.0566667e-05,1.04822e-05
0.1075477,4.473825e-05,0.00047380515,0.012215011,3.082609e-05,1.0587444e-05
0.10762562,4.5112905e-05,0.00049713222,0.012442215,3.1130507e-05,1.0717584e-05
0.10768449,4.5440094e-05,0.00051699523,0.011944385,3.138166e-05,1.0822086e-05
0.10776357,4.5844125e-05,0.00054598203,0.012492214,3.1720138e-05,1.0941844e-05
0.10782333,4.6167614e-05,0.00057037632,0.012430647,3.1978062e-05,1.1039588e-05
0.10790366,4.6623084e-05,0.00060666886,0.012839118,3.2333218e-05,1.1154622e-05
0.10796439,4.6953135e-05,0.0006367376,0.012925374,3.259846e-05,1.1236161e-05
0.10804606,4.7395201e-05,0.00068136817,0.013338154,3.29592e-05,1.1328257e-05
0.10810783,4.774328e-05,0.00071863564,0.013571717,3.3210999e-05,1.1387409e-05
0.10819091,4.8137291e-05,0.00077331901,0.013378234,3.3594192e-05,1.1459103e-05
0.10825375,4.8430573e-05,0.0008184471,0.012858923,3.3876352e-05,1.1513995e-05
0.10833821,4.8791526e-05,0.00088361891,0.013206477,3.4249908e-05,1.15718e-05
0.1084021,4.9061472e-05,0.00093695524,0.013334012,3.4551595e-05,1.161695e-05
0.10848797,4.9427238e-05,0.001013005,0.01320107,3.4927224e-05,1.1684374e-05
0.10855291,4.9655719e-05,0.0010731834,0.013570001,3.5205161e-05,1.1729246e-05
0.10864023,4.9985061e-05,0.0011574352,0.013972222,3.5602981e-05,1.1804545e-05
0.10870626,5.0215999e-05,0.0012218543,0.013661591,3.5885745e-05,1.1859274e-05
0.10879504,5.0585251e-05,0.0013105228,0.013897966,3.6288139e-05,1.1953733e-05
0.10886216,5.0829769e-05,0.0013761848,0.014293594,3.6576474e-05,1.201653e-05
0.10895244,5.118414e-05,0.0014633247,0.013940187,3.6978087e-05,1.210304e-05
0.1090207,5.144997e-05,0.0015254623,0.014166563,3.7250999e-05,1.2159201e-05
0.10911254,5.1857536e-05,0.0016036273,0.01377451,3.7619145e-05,1.2243835e-05
0.10918201,5.2136355e-05,0.0016558378,0.01382974,3.7891101e-05,1.2303912e-05
0.1092755,5.2568077e-05,0.001717791,0.013698366,3.8263362e-05,1.2390646e-05
0.10934624,5.2881687e-05,0.0017569228,0.013026523,3.8539172e-05,1.2440616e-05
0.1094414,5.3284859e-05,0.001800197,0.013359169,3.8931541e-05,1.2512452e-05
0.10951341,5.3625728e-05,0.0018281247,0.013754181,3.9240192e-05,1.2579792e-05
0.10961021,5.4009906e-05,0.0018568162,0.013532046,3.959656e-05,1.2650705e-05
0.10968346,5.4364122e-05,0.0018767996,0.013535019,3.993213e-05,1.2720187e-05
0.10978192,5.4768199e-05,0.0018970059,0.014158967,4.0304242e-05,1.2794572e-05
0.10985638,5.5170474e-05,0.001912072,0.013914173,4.0649543e-05,1.2871874e-05
0.10995659,5.5699984e-05,0.0019281309,0.014892187,4.1085555e-05,1.2982111e-05
0.11003247,5.6152655e-05,0.0019390851,0.015503815,4.1457058e-05,1.3079491e-05
0.1101347,5.6864204e-05,0.001952905,0.015954431,4.1966815e-05,1.324435e-05
0.11021224,5.7486709e-05,0.0019632515,0.015721508,4.2383371e-05,1.3388466e-05
0.11031688,5.8395651e-05,0.0019748944,0.016004767,4.2963353e-05,1.3603693e-05
0.11042298,5.9363243e-05,0.0019830645,0.016327462,4.3573994e-05,1.3835243e-05
0.11050358,6.0201911e-05,0.0019887062,0.01551395,4.4093341e-05,1.4046312e-05
0.11061239,6.1248014e-05,0.001989572,0.016105851,4.4727522e-05,1.4331086e-05
0.11069503,6.2048986e-05,0.0019867748,0.017168292,4.521623e-05,1.4544716e-05
0.11080679,6.327176e-05,0.0019850799,0.016406174,4.5987033e-05,1.4875591e-05
0.11089183,6.4230904e-05,0.001983609,0.016383763,4.659389e-05,1.5122123e-05
0.11100691,6.5505536e-05,0.0019847968,0.017015117,4.7437472e-05,1.5447734e-05
0.11109464,6.6614691e-05,0.0019938568,0.016942721,4.8171451e-05,1.5707528e-05
0.11121361,6.7964492e-05,0.002011489,0.017326159,4.9091134e-05,1.6041453e-05
0.11130255,6.7289373e-05,0.0019824712,0.017466449,4.8581397e-05,1.5899772e-05
0.11141977,6.6563337e-05,0.0019597791,0.016919706,4.8061295e-05,1.5777814e-05
0.11150685,6.6215143e-05,0.0019565704,0.017522423,4.782428e-05,1.5744853e-05
0.11162219,6.5988728e-05,0.0019701372,0.017093351,4.7707272e-05,1.5781139e-05
0.11170825,6.5837264e-05,0.0019868519,0.016841657,4.7610257e-05,1.5797946e-05
0.11182271,6.5916124e-05,0.0020246232,0.016980772,4.7745237e-05,1.5873578e-05
0.11190852,6.6079599e-05,0.0020584075,0.016554295,4.7861551e-05,1.5952227e-05
0.11202301,6.6411968e-05,0.0021082631,0.016686536,4.8130937e-05,1.6114754e-05
0.11210917,6.6809303e-05,0.0021494845,0.016887359,4.8396437e-05,1.6284481e-05
0.11222457,6.7563318e-05,0.0022099379,0.017210814,4.8942871e-05,1.6550962e-05
0.11231173,6.8209801e-05,0.0022537056,0.017146973,4.9375413e-05,1.6746726e-05
0.11242887,6.9066985e-05,0.0023083235,0.018045244,5.0000674e-05,1.6990957e-05
0.11251763,6.9858691e-05,0.0023481988,0.017981605,5.059079e-05,1.7189817e-05
0.11263729,7.0901047e-05,0.0023916516,0.018799295,5.1306285e-05,1.7425928e-05
0.11272806,7.1655091e-05,0.0024172235,0.018596237,5.1867285e-05,1.7576219e-05
0.11285064,7.2768778e-05,0.0024501788,0.018861858,5.266147e-05,1.7794314e-05
0.11294235,7.1902495e-05,0.0024152577,0.018052318,5.2040954e-05,1.7559138e-05
0.11306316,7.0842645e-05,0.0023730983,0.018345347,5.1351423e-05,1.7280843e-05
0.11315301,7.0432183e-05,0.0023559879,0.018326821,5.1052787e-05,1.7179706e-05
0.11327248,7.0206154e-05,0.0023474377,0.01806946,5.0878931e-05,1.7156832e-05
0.11336179,6.9640494e-05,0.0023313688,0.01766576,5.0488317e-05,1.7055573e-05
0.11347901,6.8247964e-05,0.0022914715,0.017505752,4.9445142e-05,1.6749014e-05
0.11356562,6.7242373e-05,0.0022634737,0.01792067,4.8706736e-05,1.6531804e-05
0.11367954,6.6121566e-05,0.0022311407,0.016558842,4.7822607e-05,1.6271532e-05
0.11376399,6.5354745e-05,0.0022074709,0.017034807,4.7209111e-05,1.6077389e-05
0.11387537,6.4461374e-05,0.002173487,0.016783759,4.6428159e-05,1.5829073e-05
0.11395817,6.3832809e-05,0.0021423892,0.017031109,4.5876372e-05,1.5635951e-05
0.11406784,6.3282697e-05,0.0021003614,0.015815615,4.5309019e-05,1.5443272e-05
0.11414963,6.2864164e-05,0.0020616203,0.015689595,4.488551e-05,1.5304508e-05
0.1142583,6.251747e-05,0.0020101943,0.015643407,4.443964e-05,1.5145122e-05
0.11433961,6.2316377e-05,0.0019692274,0.015638321,4.4148193e-05,1.5033856e-05
0.11444789,6.2081354e-05,0.0019112571,0.015448914,4.3786195e-05,1.4889095e-05
0.11455608,6.1960028e-05,0.0018522324,0.015436257,4.3496491e-05,1.4778692e-05
0.11463722,6.1914558e-05,0.0018062647,0.015809365,4.3293873e-05,1.4705405e-05
0.11474541,6.1889667e-05,0.0017439183,0.015218066,4.3036734e-05,1.4612343e-05
0.11482656,6.1897365e-05,0.0016973238,0.015951533,4.2862844e-05,1.4536898e-05
0.11493475,6.1973781e-05,0.0016357156,0.014758177,4.2632005e-05,1.4431885e-05
0.11501589,6.2078066e-05,0.001590336,0.015764271,4.2469911e-05,1.4369854e-05
0.11512408,6.2197786e-05,0.001529961,0.015058794,4.2259319e-05,1.430084e-05
0.11520522,6.2327979e-05,0.0014857864,0.015005658,4.2106209e-05,1.4267507e-05
0.11531332,6.2383437e-05,0.0014269156,0.015799082,4.186396e-05,1.4200583e-05
0.11539428,6.2390528e-05,0.00138452,0.014646459,4.1651541e-05,1.4150604e-05
0.11550197,6.2424433e-05,0.0013325241,0.014664009,4.1419798e-05,1.4079671e-05
0.11558252,6.2295348e-05,0.0012942303,0.014055228,4.1170914e-05,1.3990153e-05
0.11568947,6.207226e-05,0.0012481568,0.014345725,4.0812741e-05,1.384993e-05
0.11576933,6.192609e-05,0.0012192981,0.015298686,4.0555944e-05,1.3749162e-05
0.11587523,6.1531767e-05,0.0011841419,0.015523374,4.014218e-05,1.3596212e-05
0.11595409,6.1154202e-05,0.0011606051,0.015018906,3.9774672e-05,1.3481779e-05
0.11605846,6.0635695e-05,0.0011352971,0.015231658,3.933471e-05,1.3341725e-05
0.11613603,6.0125652e-05,0.0011181155,0.016188427,3.8938993e-05,1.3209902e-05
0.1162385,5.9541541e-05,0.0011018031,0.014948995,3.8466599e-05,1.3049819e-05
0.11631455,5.8964631e-05,0.0010903352,0.014176673,3.8030212e-05,1.2917575e-05
0.11641492,5.8288086e-05,0.0010812917,0.013458964,3.753052e-05,1.2755636e-05
0.11648931,5.7717661e-05,0.0010763086,0.013129759,3.7100652e-05,1.2631145e-05
0.11658735,5.7004902e-05,0.0010736447,0.013070162,3.6554496e-05,1.2473356e-05
0.11666011,5.6571428e-05,0.0010763518,0.013636556,3.6211676e-05,1.2399359e-05
0.11675606,5.5909651e-05,0.0010814373,0.013584953,3.5677147e-05,1.2291079e-05
0.1168272,5.5429188e-05,0.0010877041,0.013067692,3.5286326e-05,1.221844e-05
0.11692105,5.4903205e-05,0.0011008753,0.012532201,3.4831397e-05,1.2142174e-05
0.11699069,5.4458625e-05,0.001111789,0.012432984,3.4461289e-05,1.2067978e-05
0.11708261,5.3959408e-05,0.0011304689,0.012272855,3.4010974e-05,1.196544e-05
0.11715092,5.3593306e-05,0.0011465683,0.012883822,3.3695859e-05,1.1882146e-05
0.11724119,5.3169715e-05,0.0011709484,0.012601349,3.3303327e-05,1.1775808e-05
0.11730833,5.2882743e-05,0.0011909657,0.01332181,3.3036268e-05,1.1693392e-05
0.1173971,5.242079e-05,0.0012174266,0.012504554,3.2643673e-05,1.1572378e-05
0.11746321,5.2117361e-05,0.0012390502,0.012703561,3.2371073e-05,1.148633e-05
0.11755078,5.1809903e-05,0.0012700666,0.012378355,3.2099942e-05,1.1399191e-05
0.11761602,5.1474849e-05,0.001290479,0.012111474,3.1844724e-05,1.1320027e-05
0.11770248,5.1135149e-05,0.0013189582,0.012584312,3.1577514e-05,1.1226207e-05
0.11776707,5.0936644e-05,0.0013408901,0.012997085,3.144624e-05,1.1173069e-05
0.11785274,5.0652693e-05,0.0013676375,0.01225786,3.1259842e-05,1.1091785e-05
0.11791675,5.0445416e-05,0.0013869129,0.012390057,3.1121025e-05,1.1032693e-05
0.11800184,5.0228391e-05,0.0014122185,0.012032552,3.0983063e-05,1.0968216e-05
0.11808666,4.9997243e-05,0.00143519,0.012470671,3.0839733e-05,1.09096e-05
0.11815016,4.9877245e-05,0.0014521071,0.012347371,3.0764933e-05,1.0871438e-05
0.11823474,4.9712796e-05,0.0014728591,0.012518898,3.06845e-05,1.0829112e-05
0.1182981,4.9662242e-05,0.0014887726,0.011655467,3.0661347e-05,1.0799793e-05
0.11838258,4.9579368e-05,0.0015076093,0.012080609,3.0623044e-05,1.0761077e-05
0.11844604,4.9597514e-05,0.001522895,0.012328581,3.0640614e-05,1.0740103e-05
0.11853073,4.9596383e-05,0.0015409377,0.011977593,3.0658051e-05,1.070663e-05
0.11859437,4.9610075e-05,0.0015539656,0.011780706,3.0684423e-05,1.0682984e-05
0.11867941,4.9664108e-05,0.0015712752,0.011818444,3.0764179e-05,1.0675226e-05
0.11874337,4.9687329e-05,0.0015821838,0.012070574,3.0804583e-05,1.0655139e-05
0.11882892,4.9752734e-05,0.0015971223,0.011962327,3.0904251e-05,1.0657253e-05
0.11889333,4.9850569e-05,0.001609457,0.011320842,3.1015306e-05,1.0662662e-05
0.11897955,4.9984157e-05,0.0016263139,0.012456043,3.1187154e-05,1.0683295e-05
0.11904456,5.0168278e-05,0.0016407519,0.012340462,3.1367624e-05,1.0705386e-05
0.11913162,5.031798e-05,0.0016560069,0.012362035,3.1563525e-05,1.0721291e-05
0.1191973,5.0416339e-05,0.0016660047,0.012242294,3.169114e-05,1.0724345e-05
0.11928531,5.0712531e-05,0.001682211,0.011774517,3.1949947e-05,1.0769652e-05
0.11935175,5.0930627e-05,0.0016934681,0.012425906,3.2154286e-05,1.0814403e-05
0.11944092,5.1243358e-05,0.001706709,0.012790481,3.2431582e-05,1.0885655e-05
0.11950816,5.1400498e-05,0.0017127333,0.013459962,3.2584102e-05,1.0934429e-05
0.11959835,5.1776035e-05,0.0017248408,0.012675064,3.2882765e-05,1.1022458e-05
0.11966646,5.2083426e-05,0.0017333461,0.013895116,3.3107998e-05,1.1103534e-05
0.11975789,5.2499697e-05,0.0017433349,0.012957513,3.3430151e-05,1.1214758e-05
0.119827,5.2956493e-05,0.0017538339,0.01315815,3.3746173e-05,1.1327168e-05
0.11991992,5.3496488e-05,0.0017621516,0.013377273,3.4085328e-05,1.1461676e-05
0.11999011,5.3879062e-05,0.0017675747,0.013488486,3.434205e-05,1.1580074e-05
0.12008439,5.4415186e-05,0.0017740987,0.01389843,3.4699309e-05,1.1729721e-05
0.12015563,5.4831867e-05,0.0017775724,0.013172949,3.4974737e-05,1.1844089e-05
0.12025132,5.5397865e-05,0.0017805515,0.013346945,3.5353415e-05,1.1993284e-05
0.12032365,5.5822323e-05,0.0017807957,0.014029859,3.5648895e-05,1.2100208e-05
0.12042083,5.642017e-05,0.0017781911,0.013556079,3.6048645e-05,1.2224164e-05
0.12049429,5.6869146e-05,0.0017725054,0.01374212,3.6360728e-05,1.2315793e-05
0.12059321,5.7557787e-05,0.0017629695,0.013624775,3.688676e-05,1.2466681e-05
0.12066804,5.8008791e-05,0.0017491014,0.013854426,3.7222747e-05,1.2564683e-05
0.12076871,5.8782088e-05,0.0017282818,0.01432722,3.7785932e-05,1.2736936e-05
0.12084499,5.9213801e-05,0.0017047546,0.014828857,3.8163637e-05,1.2858083e-05
0.12094771,6.0023821e-05,0.0016734269,0.015074496,3.8772434e-05,1.3063726e-05
0.12102552,6.0476261e-05,0.0016425417,0.014841324,3.918181e-05,1.3206261e-05
0.12113026,6.1342106e-05,0.0016039364,0.01491839,3.9843155e-05,1.3431687e-05
0.12120969,6.1883966e-05,0.0015706883,0.015058649,4.0284004e-05,1.3587413e-05
0.12131659,6.2655009e-05,0.0015250566,0.014519633,4.0873923e-05,1.3816298e-05
0.12142495,6.3706972e-05,0.0014832832,0.014779422,4.1612178e-05,1.4149766e-05
0.12150708,6.4565107e-05,0.0014537953,0.015000593,4.2201652e-05,1.4426831e-05
0.1216179,6.5564332e-05,0.0014120833,0.015790197,4.2881267e-05,1.4754996e-05
0.12170201,6.6553434e-05,0.0013861524,0.015905361,4.3535317e-05,1.5047267e-05
0.12181562,6.7843146e-05,0.0013530547,0.016301437,4.4388767e-05,1.5400621e-05
0.12190204,6.8916972e-05,0.0013321092,0.016839329,4.5091878e-05,1.5678285e-05
0.12201882,7.0334665e-05,0.001307273,0.018271551,4.6012183e-05,1.6018256e-05
0.12210773,7.1479212e-05,0.001292935,0.017988035,4.6745228e-05,1.6276252e-05
0.12222825,7.3211974e-05,0.0012815419,0.018571337,4.7876542e-05,1.6650059e-05
0.12231891,7.2673922e-05,0.0012455233,0.017792815,4.7551829e-05,1.6513385e-05
0.12243812,7.1898775e-05,0.0012055271,0.018257039,4.7136625e-05,1.6327994e-05
0.12252687,7.1778478e-05,0.0011892207,0.018022737,4.7150305e-05,1.6290154e-05
0.12264468,7.1688631e-05,0.0011750867,0.017721303,4.7222294e-05,1.6250298e-05
0.12273303,7.1774352e-05,0.0011721816,0.018396606,4.7379384e-05,1.6273391e-05
0.12285104,7.2097838e-05,0.0011784068,0.018241962,4.7759473e-05,1.6350199e-05
0.12294012,7.2647483e-05,0.0011930456,0.017915139,4.8249725e-05,1.6460429e-05
0.12305983,7.3459431e-05,0.0012217,0.017336724,4.8938943e-05,1.6597723e-05
0.12315044,7.4002036e-05,0.0012480288,0.017973859,4.939981e-05,1.6663554e-05
0.12327285,7.5110353e-05,0.0012978107,0.017814029,5.0253977e-05,1.6823877e-05
0.12336591,7.5954199e-05,0.0013418684,0.018096899,5.0918172e-05,1.6931011e-05
0.12349172,7.715131e-05,0.0014111698,0.017909038,5.1812476e-05,1.7067562e-05
0.12358743,7.8074554e-05,0.0014706148,0.017348017,5.2503052e-05,1.7161728e-05
0.12371695,7.9369715e-05,0.0015600014,0.018564682,5.346661e-05,1.7280737e-05
0.12381542,7.969964e-05,0.0016215933,0.019162908,5.3719182e-05,1.7211638e-05
0.1239449,7.827532e-05,0.001673689,0.018534786,5.2797409e-05,1.6756566e-05
0.12404052,7.7295817e-05,0.0017175695,0.018034041,5.2116487e-05,1.6477891e-05
0.12416608,7.6074166e-05,0.001784057,0.01813026,5.1206466e-05,1.614869e-05
0.12425908,7.5546404e-05,0.0018466798,0.018433782,5.0737839e-05,1.6013449e-05
0.12438149,7.4755585e-05,0.0019300891,0.017823851,5.005685e-05,1.5823413e-05
0.12447232,7.4253608e-05,0.0019981948,0.017889785,4.962225e-05,1.5708552e-05
0.12459245,7.3763884e-05,0.0020948549,0.018392403,4.9168248e-05,1.5615265e-05
0.12468207,7.3583914e-05,0.0021689987,0.019125608,4.8950685e-05,1.557734e-05
0.12480098,7.3433133e-05,0.0022565752,0.017868129,4.8700692e-05,1.5536294e-05
0.12489006,7.352242e-05,0.0023064235,0.017651852,4.8677999e-05,1.5542323e-05
0.12500883,7.3593005e-05,0.0023382035,0.017857263,4.86267e-05,1.551987e-05
0.1250982,7.3995234e-05,0.0023515308,0.017831538,4.881228e-05,1.5566862e-05
0.12521668,7.2937166e-05,0.0022958363,0.018183127,4.8033017e-05,1.5282964e-05
0.12530432,7.2265374e-05,0.0022445455,0.018464053,4.7516442e-05,1.5099093e-05
0.12541994,7.1452441e-05,0.002176844,0.017653513,4.7009442e-05,1.4943128e-05
0.12550587,7.0734622e-05,0.0021199612,0.018644104,4.6514669e-05,1.4785755e-05
0.12561964,7.0372416e-05,0.0020633793,0.017496547,4.6252735e-05,1.4701071e-05
0.12573271,6.9996954e-05,0.0020094393,0.017773273,4.6013139e-05,1.461211e-05
0.1258175,6.9996643e-05,0.0019781184,0.01679231,4.5988742e-05,1.4596716e-05
0.12593056,7.0014917e-05,0.0019364522,0.016897499,4.5970998e-05,1.4594014e-05
0.12601536,7.0118302e-05,0.0019062084,0.017418575,4.5954088e-05,1.461594e-05
0.12612858,7.0525133e-05,0.0018766797,0.016765006,4.6176121e-05,1.4764173e-05
0.126214,7.1040581e-05,0.001857504,0.016205242,4.6411516e-05,1.4896316e-05
0.12632866,7.1632908e-05,0.0018278472,0.016523653,4.6666566e-05,1.5036173e-05
0.12641524,7.217203e-05,0.0018064537,0.016840635,4.6906445e-05,1.5142843e-05
0.12653162,7.320702e-05,0.0017829213,0.017223909,4.7428344e-05,1.5333657e-05
0.1266198,7.3743478e-05,0.0017558133,0.017355608,4.7666943e-05,1.5423092e-05
0.12673877,7.4799533e-05,0.0017217242,0.0175532,4.8230816e-05,1.5610705e-05
0.12682909,7.5872302e-05,0.0016988903,0.018598499,4.8844214e-05,1.579484e-05
0.1269509,7.6935402e-05,0.0016535894,0.018297875,4.9496014e-05,1.5990308e-05
0.12704313,7.6872184e-05,0.0015967584,0.017703204,4.9499288e-05,1.5950928e-05
0.12716534,7.6215111e-05,0.0015062055,0.017779557,4.91577e-05,1.5787692e-05
0.12725666,7.6143498e-05,0.0014456495,0.017959879,4.9177627e-05,1.5771683e-05
0.12737843,7.5888813e-05,0.001366244,0.017929604,4.9217621e-05,1.5782313e-05
0.12746975,7.5756657e-05,0.0013094784,0.018622089,4.9237004e-05,1.5786528e-05
0.12759226,7.6175439e-05,0.0012458779,0.019079849,4.9680611e-05,1.5935371e-05
0.12768486,7.6656576e-05,0.001202502,0.01869031,5.0106356e-05,1.6075912e-05
0.12780786,7.5096512e-05,0.0011150564,0.018486836,4.9207571e-05,1.5796515e-05
0.12789803,7.3629899e-05,0.0010508075,0.018300794,4.8318159e-05,1.5503689e-05
0.12801492,7.086309e-05,0.00096301668,0.017800475,4.6598445e-05,1.4954283e-05
0.12809991,6.8866914e-05,0.00090494519,0.016334815,4.5364013e-05,1.4561754e-05
0.12820951,6.5705582e-05,0.0008292264,0.016759642,4.336972e-05,1.3929856e-05
0.12828868,6.3876881e-05,0.00078512521,0.015581445,4.2223264e-05,1.3559483e-05
0.12839081,6.0993396e-05,0.0007268792,0.015391208,4.040472e-05,1.2952033e-05
0.12846461,5.933615e-05,0.00069288579,0.014989552,3.9342439e-05,1.2599728e-05
0.12856005,5.7211132e-05,0.00065234043,0.014716043,3.796497e-05,1.2121428e-05
0.12862947,5.5678172e-05,0.00062496539,0.014406139,3.696437e-05,1.1777918e-05
0.12871924,5.370462e-05,0.00059196737,0.01428812,3.5668692e-05,1.1347813e-05
0.12878455,5.2280764e-05,0.00056945675,0.014316446,3.4731027e-05,1.1047473e-05
0.12886918,5.089323e-05,0.00054684335,0.014356906,3.3796957e-05,1.0754326e-05
0.12893132,4.9978165e-05,0.00053232423,0.013035284,3.3185418e-05,1.0561678e-05
0.12901248,4.8642873e-05,0.00051306058,0.012906558,3.2280036e-05,1.0287056e-05
0.12907244,4.8192522e-05,0.00050533654,0.012455078,3.1968162e-05,1.019779e-05
0.12915124,4.7315193e-05,0.00049292915,0.011898659,3.1351137e-05,1.0018147e-05
0.12920974,4.6867825e-05,0.00048658369,0.011609063,3.1035601e-05,9.9336384e-06
0.12928688,4.6424844e-05,0.00048067568,0.011975808,3.071587e-05,9.852006e-06
0.12936345,4.5971066e-05,0.00047547858,0.01230127,3.0404281e-05,9.7658786e-06
0.12942045,4.5976655e-05,0.0004759244,0.011732809,3.0405526e-05,9.7663917e-06
0.12949645,4.5997571e-05,0.00047727762,0.01186578,3.0422634e-05,9.768549e-06
0.12955304,4.5510227e-05,0.00047385729,0.011937186,3.0109719e-05,9.657076e-06
0.12962821,4.5510826e-05,0.0004770163,0.011327044,3.0132516e-05,9.6486255e-06
0.12968459,4.5532516e-05,0.00048021267,0.011616265,3.0137678e-05,9.6277274e-06
0.12975977,4.5544747e-05,0.00048551374,0.011829583,3.0155243e-05,9.5844543e-06
0.12981687,4.6116565e-05,0.00049669274,0.011668373,3.0558905e-05,9.6743931e-06
0.12989301,4.6099607e-05,0.00050453336,0.011812975,3.0573594e-05,9.6251117e-06
0.12995011,4.6095906e-05,0.00051147659,0.012303603,3.0596448e-05,9.5962432e-06
0.13002654,4.6771204e-05,0.00053030868,0.012424477,3.1095337e-05,9.7099946e-06
0.13008454,4.6756587e-05,0.00053980167,0.011934065,3.111958e-05,9.6840762e-06
0.13016186,4.6739422e-05,0.00055425386,0.01201574,3.1162343e-05,9.6668669e-06
0.13022022,4.7614652e-05,0.00057733813,0.012606885,3.1787193e-05,9.8481633e-06
0.13029901,4.7575462e-05,0.00059651004,0.012217012,3.1832856e-05,9.8517337e-06
0.1303581,4.7582988e-05,0.0006128402,0.012268286,3.1879331e-05,9.8575653e-06
0.13043782,4.8707932e-05,0.00065240523,0.012275971,3.271252e-05,1.0098589e-05
0.13049832,4.8714974e-05,0.000673772,0.012043221,3.2760714e-05,1.0112513e-05
0.13057898,4.8705558e-05,0.00070535463,0.011823191,3.2829031e-05,1.013308e-05
0.13064015,5.0324848e-05,0.00075619249,0.012064169,3.397131e-05,1.0498522e-05
0.1307235,5.0361205e-05,0.00079820757,0.012279395,3.4037907e-05,1.0548851e-05
0.13078601,5.0399346e-05,0.00083322824,0.011893468,3.4084957e-05,1.0592072e-05
0.13086936,5.0442219e-05,0.00088479342,0.011122786,3.4141104e-05,1.065136e-05
0.13093187,5.0483406e-05,0.00092784154,0.012239835,3.4185878e-05,1.0694098e-05
0.13101522,5.0556547e-05,0.00099087214,0.011862112,3.4245071e-05,1.0755604e-05
0.13107774,5.0614526e-05,0.0010430143,0.011633356,3.4282025e-05,1.0795132e-05
0.13116109,5.0684234e-05,0.0011184018,0.01204049,3.4334998e-05,1.0827236e-05
0.1312236,5.0740278e-05,0.0011778313,0.012332951,3.4381418e-05,1.0856624e-05
0.13131099,5.4243369e-05,0.0013485897,0.013427248,3.6743697e-05,1.1622309e-05
0.13137809,5.474791e-05,0.0014331578,0.013293009,3.7085705e-05,1.1726356e-05
0.13146837,5.5399841e-05,0.0015490604,0.013823904,3.7522584e-05,1.184953e-05
0.13153671,5.5915948e-05,0.0016345078,0.013703881,3.7880756e-05,1.1945564e-05
0.1316287,5.655682e-05,0.0017348369,0.013677244,3.8326262e-05,1.2083568e-05
0.13169838,5.7090675e-05,0.0017976859,0.013575326,3.8705358e-05,1.2190446e-05
0.1317922,5.7746394e-05,0.0018570449,0.013972023,3.918969e-05,1.2326639e-05
0.13186325,5.8243909e-05,0.0018798041,0.013816472,3.9546587e-05,1.2432393e-05
0.13195883,5.882791e-05,0.0018874554,0.013576869,3.9988141e-05,1.2548376e-05
0.13203117,5.9267974e-05,0.0018802438,0.013885853,4.0330988e-05,1.2649763e-05
0.13212848,5.9819125e-05,0.0018574176,0.013394203,4.076044e-05,1.2781934e-05
0.13220211,6.0268378e-05,0.0018351882,0.014589594,4.1070173e-05,1.2886611e-05
0.13230115,6.0778855e-05,0.0018061535,0.014395856,4.1478436e-05,1.3012567e-05
0.13240122,6.1375919e-05,0.0017840658,0.014622156,4.1883911e-05,1.3134528e-05
0.13247698,6.1854177e-05,0.0017730903,0.014571529,4.219471e-05,1.3240829e-05
0.13257903,6.2538168e-05,0.0017672462,0.014782721,4.2632327e-05,1.339326e-05
0.13265639,6.312511e-05,0.0017684827,0.014659497,4.2982787e-05,1.3518639e-05
0.13276077,6.3944733e-05,0.0017769021,0.014722576,4.3483527e-05,1.3699454e-05
0.13284002,6.4580338e-05,0.0017876684,0.015016372,4.3900746e-05,1.3854989e-05
0.13294703,6.5546615e-05,0.0018071916,0.014568896,4.4470407e-05,1.4071138e-05
0.1330283,6.6265184e-05,0.0018257805,0.014850334,4.4920696e-05,1.423217e-05
0.1331381,6.7285857e-05,0.0018555542,0.015253511,4.5554008e-05,1.444318e-05
0.13322159,6.8167988e-05,0.0018830228,0.015440941,4.6063311e-05,1.462241e-05
0.13333449,6.9468868e-05,0.0019265523,0.01592216,4.678807e-05,1.4871189e-05
0.13342046,7.0618712e-05,0.0019663623,0.015789399,4.7437915e-05,1.5104104e-05
0.13353695,7.22703e-05,0.0020256361,0.017059372,4.8359227e-05,1.5439078e-05
0.13362588,7.3678686e-05,0.0020774363,0.016653872,4.915711e-05,1.5726517e-05
0.1337467,7.5744142e-05,0.0021549191,0.017626282,5.0324137e-05,1.6178322e-05
0.13383909,7.7327296e-05,0.0022173838,0.019303467,5.1225801e-05,1.6528237e-05
0.13396481,7.9680203e-05,0.0023103259,0.021020287,5.2582428e-05,1.7098543e-05
0.13406102,8.1404686e-05,0.0023820485,0.021511472,5.3587755e-05,1.7560475e-05
0.13418871,8.0414667e-05,0.0023806458,0.020866793,5.2776799e-05,1.7417211e-05
0.13428273,7.9395598e-05,0.0023695311,0.020093598,5.2017313e-05,1.7232059e-05
0.13440584,7.8098897e-05,0.0023506605,0.019290815,5.1038162e-05,1.695264e-05
0.13449655,7.7151391e-05,0.0023329024,0.020085835,5.0369674e-05,1.6705923e-05
0.13461559,7.6066578e-05,0.0023107215,0.018010253,4.9580544e-05,1.6426095e-05
0.13470362,7.5329169e-05,0.0022930155,0.019713996,4.905313e-05,1.6220648e-05
0.13481958,7.4504714e-05,0.0022713953,0.018835825,4.8483313e-05,1.599662e-05
0.13490573,7.4056552e-05,0.0022582768,0.018391344,4.8176233e-05,1.5863474e-05
0.13501977,7.3609272e-05,0.0022437717,0.018538803,4.7841851e-05,1.571256e-05
0.13510484,7.3424753e-05,0.0022366538,0.018035689,4.7685518e-05,1.5625752e-05
0.13521792,7.3320512e-05,0.0022307207,0.017166961,4.7574428e-05,1.5534442e-05
0.13530265,7.3414264e-05,0.0022303756,0.017575758,4.7558204e-05,1.5504491e-05
0.1354157,7.3667999e-05,0.0022325429,0.017273746,4.7580767e-05,1.5563495e-05
0.13550071,7.4012893e-05,0.0022372426,0.016554788,4.7668561e-05,1.5675692e-05
0.13561458,7.468163e-05,0.0022477594,0.017130288,4.7852313e-05,1.5877708e-05
0.13570048,7.5233149e-05,0.0022567298,0.016371103,4.8016833e-05,1.605591e-05
0.13581562,7.5779504e-05,0.0022612367,0.017407724,4.8077904e-05,1.6213745e-05
0.13590168,7.5575631e-05,0.0022474645,0.016902008,4.7725212e-05,1.6178796e-05
0.13601575,7.5319515e-05,0.0022326391,0.01800136,4.7267706e-05,1.6134478e-05
0.13610104,7.5199571e-05,0.0022262484,0.018361769,4.6992225e-05,1.6089686e-05
0.13621377,7.4425447e-05,0.0022033742,0.017659899,4.623382e-05,1.5874951e-05
0.13629759,7.3988368e-05,0.0021930922,0.016797815,4.5769536e-05,1.5735022e-05
0.13640854,7.3383934e-05,0.0021834122,0.017037214,4.5179171e-05,1.5532738e-05
0.13651882,7.297016e-05,0.0021830127,0.017273199,4.4739369e-05,1.5375034e-05
0.13660127,7.2794897e-05,0.0021869868,0.016188373,4.4454356e-05,1.5278041e-05
0.13671105,7.259529e-05,0.0021930149,0.016232049,4.4176124e-05,1.518393e-05
0.13679338,7.2586539e-05,0.0021950182,0.016096565,4.3995984e-05,1.511995e-05
0.13690319,7.2510368e-05,0.0021929279,0.0164756,4.3774698e-05,1.5033929e-05
0.13698565,7.2481178e-05,0.0021837528,0.016606846,4.3639294e-05,1.4980696e-05
0.1370958,7.2483856e-05,0.0021541372,0.015036152,4.346628e-05,1.4897871e-05
0.13717856,7.2445733e-05,0.0021185123,0.016008133,4.3314505e-05,1.4815719e-05
0.13728917,7.2475712e-05,0.0020552133,0.015865702,4.3154333e-05,1.4694919e-05
0.13737238,7.2528993e-05,0.001997224,0.016052598,4.3057568e-05,1.4596148e-05
0.13748364,7.2527746e-05,0.0019044376,0.015184123,4.2889776e-05,1.4480845e-05
0.13756724,7.2454727e-05,0.0018285675,0.014836791,4.272662e-05,1.4391423e-05
0.13767892,7.2319165e-05,0.0017269097,0.014733141,4.2509764e-05,1.425636e-05
0.13776279,7.2259056e-05,0.0016533467,0.015142465,4.2379192e-05,1.416132e-05
0.13787467,7.2000828e-05,0.0015571616,0.015098384,4.213166e-05,1.4005001e-05
0.13795857,7.178105e-05,0.0014879606,0.015085808,4.1915237e-05,1.3877328e-05
0.1380703,7.1473109e-05,0.0014009996,0.015953122,4.1632594e-05,1.3737212e-05
0.13815392,7.1171182e-05,0.0013401768,0.016516156,4.1367344e-05,1.3624301e-05
0.13826505,7.0755588e-05,0.0012663339,0.016953096,4.1006601e-05,1.3506441e-05
0.13834802,7.034562e-05,0.0012146858,0.017193892,4.067596e-05,1.3403135e-05
0.13845794,6.9719269e-05,0.0011513188,0.016775023,4.0203602e-05,1.3270405e-05
0.13853979,6.923121e-05,0.0011079151,0.015652877,3.9823442e-05,1.3173639e-05
0.13864796,6.8525358e-05,0.0010547113,0.016174137,3.9278591e-05,1.3042444e-05
0.13872831,6.7934031e-05,0.0010179788,0.016287958,3.8849385e-05,1.2952193e-05
0.13883427,6.7073396e-05,0.00097328969,0.01534003,3.8235342e-05,1.2827148e-05
0.13891282,6.6403369e-05,0.00094314255,0.015807958,3.7787818e-05,1.2725436e-05
0.13901631,6.5481073e-05,0.00090798808,0.015552113,3.7203558e-05,1.2578984e-05
0.13909297,6.4774545e-05,0.00088478773,0.015332819,3.6756278e-05,1.2450526e-05
0.13919392,6.3860232e-05,0.00085876623,0.014521693,3.6180329e-05,1.2264958e-05
0.13926869,6.3072825e-05,0.00084170299,0.014304958,3.5744863e-05,1.2116791e-05
0.13936713,6.2143447e-05,0.00082427305,0.014248521,3.5217302e-05,1.1940441e-05
0.13944009,6.1430531e-05,0.00081391224,0.013565354,3.484015e-05,1.1820208e-05
0.13953614,6.0465739e-05,0.0008035752,0.014005195,3.4320245e-05,1.1660063e-05
0.13960734,5.9811622e-05,0.0007988102,0.013756991,3.3973289e-05,1.1561824e-05
0.13970122,5.895287e-05,0.00079645548,0.013331832,3.353372e-05,1.143708e-05
0.13977084,5.8360851e-05,0.00079715714,0.013497169,3.3230936e-05,1.1352621e-05
0.13986269,5.7558212e-05,0.00080087864,0.01246972,3.2833492e-05,1.1236679e-05
0.13993087,5.7014887e-05,0.00080648382,0.013266558,3.255821e-05,1.1177033e-05
0.1400209,5.6361861e-05,0.0008172448,0.012496845,3.2213985e-05,1.1102975e-05
0.14008781,5.591223e-05,0.00082785839,0.0126435,3.1988982e-05,1.1076328e-05
0.14017631,5.5388274e-05,0.00084606825,0.012614291,3.1728055e-05,1.1065175e-05
0.140264,5.4903714e-05,0.00086793116,0.01255299,3.1472594e-05,1.1057512e-05
0.14032932,5.4605493e-05,0.00088790908,0.012340322,3.1315562e-05,1.1064385e-05
0.14041585,5.421161e-05,0.00091826227,0.012041134,3.1125237e-05,1.1070282e-05
0.14048034,5.3952159e-05,0.00094462199,0.012567387,3.0991413e-05,1.1073057e-05
0.14056589,5.3681476e-05,0.00098528015,0.012885409,3.0840187e-05,1.1061481e-05
0.14062976,5.349334e-05,0.0010194835,0.012825675,3.0749926e-05,1.1051711e-05
0.14071459,5.324691e-05,0.0010701982,0.013464499,3.06292e-05,1.1025501e-05
0.14077803,5.3140826e-05,0.0011135513,0.012684023,3.0592927e-05,1.1011584e-05
0.14086241,5.3055006e-05,0.0011745633,0.013202753,3.0524414e-05,1.0974408e-05
0.14092559,5.2990051e-05,0.001223227,0.01301465,3.0495979e-05,1.0941279e-05
0.14100977,5.2938101e-05,0.0012917658,0.012656709,3.0494413e-05,1.0910286e-05
0.14107289,5.2917365e-05,0.001344812,0.012674446,3.0506842e-05,1.0888426e-05
0.14115711,5.2949275e-05,0.0014174309,0.011678015,3.0572341e-05,1.0861027e-05
0.14122036,5.2969775e-05,0.0014709201,0.012060999,3.0643811e-05,1.0837774e-05
0.14130481,5.3037397e-05,0.0015360022,0.011938304,3.0741449e-05,1.0810763e-05
0.14136834,5.3139897e-05,0.001579909,0.012133114,3.0839093e-05,1.0817246e-05
0.14145327,5.3285299e-05,0.0016292336,0.011974953,3.0999168e-05,1.0821252e-05
0.1415172,5.3414732e-05,0.001657704,0.011998234,3.1119277e-05,1.0834141e-05
0.14160276,5.3597746e-05,0.0016823906,0.012266963,3.1298741e-05,1.0845142e-05
0.14166722,5.3763663e-05,0.0016910974,0.011843639,3.1438458e-05,1.0861241e-05
0.1417536,5.4010416e-05,0.0016934639,0.012096009,3.1628524e-05,1.0879571e-05
0.14181871,5.4207218e-05,0.0016879739,0.012351231,3.1774077e-05,1.0896056e-05
0.14190606,5.4565094e-05,0.0016737103,0.012377902,3.199669e-05,1.0928559e-05
0.14197197,5.4745179e-05,0.0016568752,0.011820239,3.2158935e-05,1.0955218e-05
0.14206039,5.5038825e-05,0.0016284814,0.012218645,3.2346629e-05,1.0984842e-05
0.14212714,5.5301116e-05,0.0016072363,0.012657038,3.2527272e-05,1.1026196e-05
0.14221674,5.5646937e-05,0.0015780904,0.012742769,3.2743784e-05,1.1069037e-05
0.14228442,5.5935427e-05,0.0015576055,0.012042424,3.2932385e-05,1.1126672e-05
0.1423753,5.6316299e-05,0.0015307485,0.011937586,3.3182631e-05,1.1195832e-05
0.14244402,5.6646611e-05,0.0015128809,0.012986609,3.3402646e-05,1.1264174e-05
0.14253636,5.7102926e-05,0.0014899844,0.012972399,3.3692723e-05,1.1341249e-05
0.14260616,5.7399111e-05,0.0014732475,0.013071993,3.3885795e-05,1.1397451e-05
0.1427,5.7875704e-05,0.0014540601,0.012847192,3.4185709e-05,1.1485696e-05
0.14277092,5.8222797e-05,0.0014404413,0.013191988,3.4388845e-05,1.1549133e-05
0.14286627,5.8747483e-05,0.0014252858,0.013449774,3.4712583e-05,1.1660719e-05
0.14293835,5.9121171e-05,0.0014147491,0.014267642,3.4942123e-05,1.1752199e-05
0.14303532,5.9766181e-05,0.0014061625,0.01333125,3.5319195e-05,1.1902163e-05
0.1431087,6.0257183e-05,0.0014007902,0.013679995,3.5608723e-05,1.2017514e-05
0.14320741,6.0937619e-05,0.0013958063,0.013447688,3.5997439e-05,1.2184897e-05
0.14328216,6.1560322e-05,0.0013952342,0.013214541,3.6334846e-05,1.2336082e-05
0.14338283,6.2396122e-05,0.0013956628,0.014695165,3.6784541e-05,1.2562363e-05
0.14348467,6.3323183e-05,0.0013992676,0.014513729,3.7307115e-05,1.2835644e-05
0.14356186,6.40236e-05,0.0014023986,0.015719257,3.7694937e-05,1.3045938e-05
0.14366587,6.4964842e-05,0.0014075396,0.014632401,3.825941e-05,1.3335842e-05
0.14374471,6.5691933e-05,0.00141163,0.014940219,3.8681074e-05,1.3536515e-05
0.14385098,6.6610574e-05,0.0014150294,0.014866279,3.9242593e-05,1.3795232e-05
0.14393156,6.7391969e-05,0.0014171749,0.01546077,3.9699682e-05,1.39823e-05
0.14404024,6.83624e-05,0.0014175229,0.015507335,4.0350189e-05,1.423978e-05
0.14412271,6.9251234e-05,0.0014171809,0.015620177,4.0905437e-05,1.4438139e-05
0.14423406,7.0346864e-05,0.0014125337,0.016643625,4.1681724e-05,1.4744338e-05
0.14431866,7.1271108e-05,0.001407991,0.016144776,4.2334125e-05,1.4988708e-05
0.14443304,7.2544746e-05,0.0013988293,0.016107609,4.3258827e-05,1.5327276e-05
0.14451945,7.2652864e-05,0.0013737661,0.016865045,4.3459622e-05,1.5420496e-05
0.1446343,7.2654066e-05,0.0013370466,0.016033177,4.3628009e-05,1.5481921e-05
0.14472031,7.2742732e-05,0.0013113615,0.016633372,4.3782009e-05,1.5551118e-05
0.14483516,7.3229615e-05,0.0012838023,0.017606255,4.4212625e-05,1.5744716e-05
0.14492158,7.3691442e-05,0.0012649829,0.017552209,4.4558708e-05,1.5935148e-05
0.14503729,7.4502352e-05,0.0012442396,0.018274024,4.5112565e-05,1.6217089e-05
0.14512462,7.5281483e-05,0.0012322384,0.018098459,4.5605898e-05,1.6451901e-05
0.14524207,7.6503317e-05,0.0012222662,0.018656981,4.6409296e-05,1.6796059e-05
0.14533003,7.5832904e-05,0.0011917736,0.018327132,4.6021909e-05,1.6648371e-05
0.14544459,7.4244626e-05,0.0011461543,0.018209703,4.5083157e-05,1.6257064e-05
0.1455288,7.336089e-05,0.001121207,0.018744556,4.4562361e-05,1.6000396e-05
0.14563929,7.2375443e-05,0.0010967288,0.01765858,4.4002712e-05,1.5673205e-05
0.14572107,7.177169e-05,0.0010843569,0.016285711,4.367693e-05,1.5463108e-05
0.14582894,7.1027586e-05,0.0010742343,0.016607504,4.3329435e-05,1.5178646e-05
0.14590916,7.0631604e-05,0.0010728782,0.016438012,4.3168253e-05,1.5010349e-05
0.14601535,7.0121922e-05,0.0010761479,0.016186332,4.2960496e-05,1.4765974e-05
0.14609447,6.9802833e-05,0.0010835227,0.016096714,4.285638e-05,1.4611528e-05
0.14619951,6.9487196e-05,0.0010997146,0.015084755,4.277706e-05,1.4420887e-05
0.14627801,6.9196236e-05,0.0011150387,0.014874177,4.2675883e-05,1.4284574e-05
0.14638229,6.8873047e-05,0.0011420863,0.015677037,4.2590055e-05,1.4125716e-05
0.14646029,6.8699754e-05,0.001167978,0.014878797,4.2525902e-05,1.4027869e-05
0.14656414,6.8554542e-05,0.001210556,0.015601408,4.2478849e-05,1.3926029e-05
0.14664191,6.8356247e-05,0.0012463601,0.015229893,4.2378792e-05,1.3832621e-05
0.14674547,6.8221503e-05,0.0013036031,0.0149119,4.2275058e-05,1.3750271e-05
0.14682314,6.8153655e-05,0.0013530396,0.014858471,4.2222635e-05,1.3701063e-05
0.14692671,6.8064297e-05,0.0014273077,0.014603112,4.2141776e-05,1.3636891e-05
0.14700438,6.7958687e-05,0.0014886233,0.015138519,4.2080278e-05,1.3595652e-05
0.14710795,6.783069e-05,0.0015775644,0.014627793,4.1975518e-05,1.3516963e-05
0.14721161,6.7761274e-05,0.0016716169,0.014530685,4.1914365e-05,1.3444551e-05
0.14728942,6.7695911e-05,0.0017444704,0.014500074,4.1876985e-05,1.3388658e-05
0.14739333,6.7693309e-05,0.0018433593,0.014614264,4.1828484e-05,1.332073e-05
0.14747129,6.759443e-05,0.0019125,0.014778615,4.1727598e-05,1.3256121e-05
0.14757534,6.7588949e-05,0.0019909503,0.014503711,4.1627287e-05,1.3202446e-05
0.14765353,6.7740745e-05,0.0020335492,0.015163593,4.162682e-05,1.3212367e-05
0.14775798,6.7745217e-05,0.0020542698,0.015732072,4.1518406e-05,1.3196548e-05
0.14783636,6.7774978e-05,0.0020495783,0.015674349,4.1437133e-05,1.3194993e-05
0.14794101,6.7920548e-05,0.0020134634,0.015324657,4.1368395e-05,1.321446e-05
0.14801967,6.8085533e-05,0.0019689894,0.015839978,4.1331482e-05,1.326143e-05
0.14812478,6.8324131e-05,0.0018907,0.015933688,4.1306441e-05,1.3327238e-05
0.1482038,6.8410602e-05,0.001819943,0.015783059,4.1242269e-05,1.3355688e-05
0.14830932,6.8643758e-05,0.0017239812,0.015433919,4.1224974e-05,1.3405625e-05
0.14838866,6.871044e-05,0.0016522577,0.015929091,4.1210075e-05,1.3425813e-05
0.14849478,6.8938662e-05,0.0015623998,0.015863824,4.1233651e-05,1.3451916e-05
0.14857462,6.902121e-05,0.0014975395,0.015970593,4.1228168e-05,1.3444023e-05
0.14868131,6.909032e-05,0.0014165476,0.015913589,4.1228378e-05,1.3437562e-05
0.14876153,6.9121681e-05,0.0013600299,0.015499167,4.1229188e-05,1.3429577e-05
0.14886884,6.9167514e-05,0.0012930201,0.015156825,4.124375e-05,1.3435089e-05
0.14894955,6.9228293e-05,0.0012490786,0.014991069,4.1304532e-05,1.3447324e-05
0.14905753,6.9257379e-05,0.0011960363,0.016308941,4.1363229e-05,1.3483633e-05
0.14913874,6.9326252e-05,0.0011616486,0.015607975,4.1438041e-05,1.354072e-05
0.14924746,6.9450616e-05,0.0011211356,0.015862809,4.1566693e-05,1.3617132e-05
0.14932936,6.9614399e-05,0.0010953287,0.015337692,4.1733834e-05,1.3710608e-05
0.14943907,6.98385e-05,0.0010646053,0.015498271,4.1942455e-05,1.3857615e-05
0.14952176,7.0049514e-05,0.0010449063,0.015673883,4.2130557e-05,1.4020323e-05
0.14963263,7.0446589e-05,0.0010229982,0.015574632,4.2432662e-05,1.4269484e-05
0.14971626,7.0799163e-05,0.0010096048,0.01652787,4.2689375e-05,1.4475431e-05
0.14982848,7.1241162e-05,0.00099406,0.016804449,4.3024467e-05,1.4747976e-05
0.14991308,7.1595083e-05,0.00098410511,0.017673694,4.3257056e-05,1.4939782e-05
0.15002669,7.2293684e-05,0.00097562389,0.018218049,4.3715132e-05,1.5221937e-05
0.15011265,7.2900499e-05,0.00097126016,0.017889411,4.4096761e-05,1.5444409e-05
0.15022531,7.0329972e-05,0.00092209048,0.017593233,4.2588877e-05,1.4981872e-05
0.15030652,6.7996257e-05,0.00088184905,0.017701596,4.1174381e-05,1.4518485e-05
0.15041058,6.4969978e-05,0.00083143257,0.016442651,3.9404518e-05,1.3887623e-05
0.15048561,6.2791036e-05,0.00079626313,0.01572948,3.8133643e-05,1.3442812e-05
0.15058187,6.0105709e-05,0.00075305008,0.016313385,3.6565272e-05,1.2878358e-05
0.15065146,5.8212605e-05,0.00072372639,0.015181145,3.5506469e-05,1.248731e-05
0.15074116,5.6034839e-05,0.00068921884,0.014759173,3.4249932e-05,1.2018772e-05
0.15080641,5.457735e-05,0.00066627867,0.014278977,3.3423496e-05,1.1712991e-05
0.15089115,5.2945243e-05,0.00064035116,0.013317901,3.2486362e-05,1.135476e-05
0.15097368,5.1581077e-05,0.00061837863,0.013553065,3.1701732e-05,1.1039406e-05
0.15103433,5.068313e-05,0.00060429426,0.013272861,3.1200668e-05,1.0840801e-05
0.15111381,4.9648661e-05,0.00058754097,0.012848019,3.0605366e-05,1.060449e-05
0.15117255,4.9024455e-05,0.00057726549,0.012206262,3.0241952e-05,1.0449819e-05
0.15124993,4.8321069e-05,0.00056564865,0.011894788,2.9816649e-05,1.0274819e-05
0.15130738,4.788126e-05,0.00055836808,0.011808226,2.9553639e-05,1.0153343e-05
0.15138334,4.7394228e-05,0.0005503119,0.011506132,2.9270229e-05,1.0014305e-05
0.15143992,4.7094329e-05,0.00054534186,0.011334333,2.9086954e-05,9.9151505e-06
0.15151501,4.6813933e-05,0.00054081265,0.011408682,2.8926911e-05,9.8096088e-06
0.15157108,4.664864e-05,0.00053817407,0.010663436,2.8821556e-05,9.7302027e-06
0.15164567,4.6476917e-05,0.00053625056,0.010879992,2.8751348e-05,9.6528172e-06
0.15170156,4.6416777e-05,0.00053586399,0.010647624,2.8729663e-05,9.6022841e-06
0.15177604,4.6421647e-05,0.00053714529,0.011260363,2.8753208e-05,9.5450591e-06
0.15183196,4.6429695e-05,0.00053877747,0.010819566,2.8782307e-05,9.5062206e-06
0.15190665,4.6518698e-05,0.00054261102,0.011041329,2.8848471e-05,9.4608576e-06
0.15196282,4.6617228e-05,0.00054634272,0.011484853,2.8925447e-05,9.434978e-06
0.15203798,4.6785022e-05,0.00055253855,0.011382172,2.9039977e-05,9.4132807e-06
0.15209458,4.6954299e-05,0.00055848992,0.011385283,2.9161666e-05,9.4139904e-06
0.15217041,4.72267e-05,0.00056738562,0.011269101,2.9334055e-05,9.4244322e-06
0.15222761,4.7487622e-05,0.00057506849,0.011534823,2.9469494e-05,9.4489849e-06
0.15230436,4.7861255e-05,0.00058659032,0.012765229,2.96825e-05,9.5056918e-06
0.15236231,4.8168218e-05,0.00059609264,0.012082854,2.9851451e-05,9.5599645e-06
0.15244009,4.8571397e-05,0.00060977249,0.012075341,3.0068366e-05,9.6316343e-06
0.15249885,4.8881789e-05,0.00062054563,0.012472455,3.0230536e-05,9.6915623e-06
0.1525778,4.9348587e-05,0.00063665076,0.0123956,3.0483856e-05,9.7810102e-06
0.15263747,4.9744228e-05,0.00064982246,0.011819802,3.0677935e-05,9.8555817e-06
0.15271766,5.025024e-05,0.00066837998,0.011850794,3.0930573e-05,9.9468241e-06
0.15277832,5.0654191e-05,0.00068363929,0.012322383,3.1128467e-05,1.0027527e-05
0.1528599,5.1209458e-05,0.00070558527,0.012813754,3.1421672e-05,1.0145433e-05
0.15292159,5.1567393e-05,0.00072262112,0.012864162,3.1600252e-05,1.0216634e-05
0.15300456,5.213815e-05,0.00074830545,0.012533803,3.1904996e-05,1.0323613e-05
0.15306735,5.2552892e-05,0.00076900264,0.012471354,3.2122124e-05,1.0391658e-05
0.15315176,5.304977e-05,0.00079865608,0.01225786,3.2399033e-05,1.0471915e-05
0.1532156,5.3392469e-05,0.00082251179,0.012514238,3.2589613e-05,1.0522394e-05
0.15330142,5.392895e-05,0.00085835313,0.012247206,3.2877201e-05,1.0583279e-05
0.15336634,5.4262615e-05,0.00088738877,0.013055279,3.3079135e-05,1.0627327e-05
0.15345366,5.4742375e-05,0.00093133491,0.012557778,3.3378829e-05,1.0687389e-05
0.15351971,5.5096005e-05,0.00096774769,0.012697453,3.3593507e-05,1.0733273e-05
0.15360851,5.5513297e-05,0.0010216083,0.012853383,3.3902415e-05,1.0801046e-05
0.15367568,5.586077e-05,0.001067357,0.013386707,3.4150151e-05,1.0865134e-05
0.15376603,5.6334302e-05,0.0011363218,0.013779992,3.453637e-05,1.0979474e-05
0.15385728,5.6767885e-05,0.0012135521,0.012673178,3.4902279e-05,1.1103361e-05
0.15392633,5.7155305e-05,0.0012771974,0.013774542,3.5198166e-05,1.120931e-05
0.15401923,5.7711911e-05,0.0013694135,0.013231907,3.563906e-05,1.1381617e-05
0.15408956,5.809346e-05,0.0014426333,0.013434327,3.5952678e-05,1.1529295e-05
0.1541842,5.8615234e-05,0.0015444667,0.013396281,3.637788e-05,1.1750614e-05
0.15425585,5.9064464e-05,0.0016236594,0.013779348,3.6705192e-05,1.1951461e-05
0.15435219,5.9600889e-05,0.0017218923,0.013898982,3.7106613e-05,1.2226529e-05
0.15442509,6.0078166e-05,0.001788853,0.014314042,3.7447309e-05,1.2460676e-05
0.15452315,6.0651482e-05,0.0018576325,0.014139133,3.7868322e-05,1.2753856e-05
0.15459732,6.1112979e-05,0.0018924255,0.014962618,3.8191054e-05,1.2968527e-05
0.15469708,6.185814e-05,0.0019135965,0.015553478,3.8675212e-05,1.3251578e-05
0.15477262,6.2380861e-05,0.0019107977,0.016094516,3.9013005e-05,1.3451923e-05
0.15487439,6.329997e-05,0.0018900392,0.017720675,3.9567119e-05,1.3721672e-05
0.15495154,6.3957806e-05,0.001858611,0.017072738,3.9973557e-05,1.3908588e-05
0.15505562,6.5028575e-05,0.0018125723,0.016582724,4.0631314e-05,1.4174402e-05
0.15513463,6.5826418e-05,0.0017780541,0.017006879,4.1133867e-05,1.4364864e-05
0.15524136,6.694258e-05,0.0017387594,0.017446965,4.1862301e-05,1.4616234e-05
0.15532242,6.7782883e-05,0.001716583,0.017204779,4.2412212e-05,1.4773881e-05
0.15543047,6.6686459e-05,0.0016442294,0.01784368,4.1772255e-05,1.4491705e-05
0.15550875,6.4736909e-05,0.0015734219,0.018063626,4.0582905e-05,1.4013517e-05
0.15560997,6.2913081e-05,0.001510805,0.017507557,3.9487964e-05,1.3541583e-05
0.15568424,6.180309e-05,0.0014770844,0.017295062,3.8807517e-05,1.3239084e-05
0.15578157,6.0813753e-05,0.0014523681,0.016663147,3.8233036e-05,1.2932856e-05
0.15585388,6.0643857e-05,0.0014529477,0.016530531,3.8149048e-05,1.2826375e-05
0.15594967,6.0306747e-05,0.0014571958,0.016661043,3.7941969e-05,1.2655377e-05
0.15602117,6.0157043e-05,0.0014671014,0.016153152,3.7848573e-05,1.2559805e-05
0.15611653,6.0319818e-05,0.0014945303,0.016836516,3.7954018e-05,1.2515695e-05
0.15618803,6.0406012e-05,0.0015176296,0.015851937,3.8000387e-05,1.2473031e-05
0.15628354,6.0734034e-05,0.0015582028,0.015805241,3.8203139e-05,1.2489878e-05
0.15635544,6.0970039e-05,0.0015912618,0.016578108,3.8364396e-05,1.2493042e-05
0.15645157,6.1226074e-05,0.0016356908,0.014663141,3.8506652e-05,1.2507094e-05
0.156524,6.1685278e-05,0.0016777918,0.01546297,3.8825693e-05,1.2563358e-05
0.15662104,6.2010145e-05,0.0017269605,0.016196246,3.9038772e-05,1.2560733e-05
0.15669407,6.221345e-05,0.0017618647,0.015204627,3.9163538e-05,1.2560262e-05
0.15679186,6.2697272e-05,0.0018107915,0.015829747,3.9498432e-05,1.2602695e-05
0.15686555,6.2930051e-05,0.0018379502,0.016211839,3.9636871e-05,1.2600236e-05
0.15696423,6.3217892e-05,0.001868304,0.016232354,3.9843195e-05,1.2619213e-05
0.15703846,6.3409093e-05,0.0018838398,0.015871956,3.9979339e-05,1.263355e-05
0.157138,6.4000285e-05,0.0019040292,0.016118582,4.0343009e-05,1.2716768e-05
0.15721305,6.4212474e-05,0.0019056414,0.016460331,4.0468279e-05,1.2726955e-05
0.15731357,6.4645706e-05,0.0018991834,0.016140993,4.072577e-05,1.2782135e-05
0.15741453,6.5025607e-05,0.0018771441,0.015167892,4.0876758e-05,1.2829623e-05
0.15749066,6.5460363e-05,0.0018584844,0.015973172,4.1125999e-05,1.290795e-05
0.15759279,6.5947161e-05,0.0018210289,0.016124685,4.1354965e-05,1.2992005e-05
0.15766978,6.6315112e-05,0.0017892222,0.016456544,4.1522295e-05,1.3069593e-05
0.15777308,6.6916386e-05,0.0017449566,0.015722305,4.1798627e-05,1.3198686e-05
0.157851,6.7282388e-05,0.0017084924,0.01584012,4.1934772e-05,1.3277797e-05
0.15795544,6.7791331e-05,0.0016618381,0.016769356,4.2135806e-05,1.3388518e-05
0.15803432,6.8319932e-05,0.0016324943,0.016107739,4.2336459e-05,1.348803e-05
0.15814014,6.8918141e-05,0.0015965933,0.015673732,4.2589826e-05,1.3626203e-05
0.15822001,6.9280155e-05,0.0015720273,0.016062734,4.2726513e-05,1.372428e-05
0.15832727,6.9861585e-05,0.0015472422,0.016579232,4.2977581e-05,1.3864588e-05
0.1584083,7.0308745e-05,0.0015337206,0.017582445,4.3179316e-05,1.3978279e-05
0.15851714,7.0906236e-05,0.0015217434,0.016807544,4.3425225e-05,1.411388e-05
0.15859934,7.1316329e-05,0.0015168946,0.01729711,4.3602237e-05,1.4221599e-05
0.15870964,7.1771383e-05,0.0015122359,0.017105353,4.3765199e-05,1.430859e-05
0.15879257,7.1615346e-05,0.001501923,0.016883638,4.3552922e-05,1.4272051e-05
0.15890273,7.1346158e-05,0.0014908246,0.01671888,4.320184e-05,1.4244562e-05
0.1589852,7.1232027e-05,0.0014864935,0.016439069,4.2968485e-05,1.4253293e-05
0.15909502,7.1267673e-05,0.0014872983,0.016432195,4.2734598e-05,1.4294043e-05
0.15917754,7.1455648e-05,0.0014925223,0.016021479,4.2640225e-05,1.4346632e-05
0.15928765,7.1648363e-05,0.0015005199,0.01613789,4.2482126e-05,1.439319e-05
0.15937041,7.1832775e-05,0.0015076773,0.016171652,4.236764e-05,1.4418502e-05
0.15948101,7.2140229e-05,0.0015183022,0.01630481,4.2281418e-05,1.4437611e-05
0.1595642,7.2331762e-05,0.0015238422,0.016806983,4.2172494e-05,1.4414656e-05
0.1596756,7.2741271e-05,0.0015333505,0.016761593,4.2143049e-05,1.438244e-05
0.1597594,7.2887185e-05,0.0015343508,0.016160008,4.2021723e-05,1.4319494e-05
0.15987162,7.3235888e-05,0.0015341647,0.015777258,4.2002421e-05,1.4295421e-05
0.15995604,7.329874e-05,0.0015259094,0.015542048,4.1897531e-05,1.4222162e-05
0.16006894,7.3450232e-05,0.0015104015,0.016065837,4.1823318e-05,1.4146084e-05
0.16015378,7.3466044e-05,0.0014922718,0.015861971,4.1741025e-05,1.4077342e-05
0.16026706,7.325596e-05,0.0014587354,0.015700567,4.1512133e-05,1.3962734e-05
0.16035218,7.3282138e-05,0.0014327189,0.016494747,4.1425648e-05,1.3901146e-05
0.16046556,7.2924806e-05,0.0013883485,0.015726001,4.1108538e-05,1.3742287e-05
0.16055046,7.2611951e-05,0.0013525449,0.015692311,4.0851788e-05,1.3615006e-05
0.16066339,7.2225067e-05,0.0013044296,0.016413927,4.0487513e-05,1.3449731e-05
0.16074774,7.1735497e-05,0.0012648254,0.01635414,4.0118919e-05,1.3299849e-05
0.16085957,7.092788e-05,0.0012095803,0.015573212,3.9520541e-05,1.3087506e-05
0.16094287,7.0300012e-05,0.0011692416,0.01564066,3.908682e-05,1.294109e-05
0.16105301,6.9438576e-05,0.0011167114,0.015795392,3.843692e-05,1.2720514e-05
0.16113485,6.870613e-05,0.0010789599,0.014880139,3.7945102e-05,1.2554691e-05
0.16124285,6.7539259e-05,0.0010296897,0.01485893,3.718646e-05,1.2296594e-05
0.16134949,6.657173e-05,0.00098772076,0.015086274,3.6540627e-05,1.206805e-05
0.16142855,6.5808547e-05,0.00095847694,0.015643358,3.6032579e-05,1.1900192e-05
0.16153269,6.4662103e-05,0.00092108424,0.014572374,3.5296014e-05,1.1660973e-05
0.1616099,6.3962714e-05,0.00089762756,0.014223871,3.4832257e-05,1.1520402e-05
0.16171162,6.3052637e-05,0.00086928363,0.014223118,3.4206942e-05,1.1352764e-05
0.16178698,6.2435326e-05,0.00085062558,0.014280611,3.3773589e-05,1.1242415e-05
0.16188627,6.1493805e-05,0.00082621173,0.013780672,3.3120006e-05,1.1082394e-05
0.1619599,6.0965122e-05,0.00081145176,0.014958925,3.2712e-05,1.0988856e-05
0.16205689,6.018891e-05,0.00079318774,0.013540373,3.2152565e-05,1.0871324e-05
0.1621288,5.9664888e-05,0.00078138486,0.014324186,3.1756683e-05,1.0801939e-05
0.16222365,5.8956188e-05,0.00076703911,0.014074406,3.1235956e-05,1.0719358e-05
0.16229402,5.8465039e-05,0.00075801778,0.013771032,3.0867923e-05,1.06673e-05
0.16238688,5.786647e-05,0.00074884706,0.01377635,3.0440678e-05,1.0612681e-05
0.16245585,5.73786e-05,0.0007426959,0.012613434,3.0108974e-05,1.0557261e-05
0.16254694,5.6766514e-05,0.00073750946,0.012927346,2.9707563e-05,1.0493568e-05
0.16261462,5.6392689e-05,0.00073590668,0.013141322,2.9448509e-05,1.0440724e-05
0.16270411,5.5890213e-05,0.00073645026,0.013241598,2.9118847e-05,1.0372931e-05
0.16277066,5.5457073e-05,0.00073817351,0.012966925,2.8869319e-05,1.0310489e-05
0.16285882,5.5045718e-05,0.00074478617,0.01266319,2.8626873e-05,1.0261244e-05
0.16292441,5.4620603e-05,0.00075044579,0.012051707,2.8392051e-05,1.0215722e-05
0.16301143,5.4288315e-05,0.00076397555,0.013026286,2.8209068e-05,1.0190503e-05
0.16307631,5.3954246e-05,0.00077536485,0.012381923,2.8038659e-05,1.0161106e-05
0.16316238,5.3634917e-05,0.0007957768,0.012687532,2.7876125e-05,1.0129549e-05
0.16322672,5.3483901e-05,0.00081542885,0.011952157,2.7812458e-05,1.0126633e-05
0.16331221,5.3258615e-05,0.0008449891,0.012389639,2.7719655e-05,1.0101385e-05
0.16337615,5.3136786e-05,0.00087122551,0.01215683,2.7689221e-05,1.0104938e-05
0.16346125,5.3009091e-05,0.00091138732,0.012432201,2.7655268e-05,1.0125241e-05
0.16352508,5.2976322e-05,0.00094715554,0.011637006,2.7680724e-05,1.0148336e-05
0.16361018,5.2970614e-05,0.0010009349,0.012503702,2.771154e-05,1.0204489e-05
0.16367401,5.297199e-05,0.0010464834,0.012027074,2.7750741e-05,1.024932e-05
0.16375915,5.3118425e-05,0.0011153973,0.011969881,2.7848946e-05,1.0340279e-05
0.16382314,5.3172195e-05,0.0011710932,0.011996973,2.7942309e-05,1.0419e-05
0.16390865,5.3280807e-05,0.0012498946,0.012726159,2.8065482e-05,1.0519946e-05
0.16397301,5.352375e-05,0.0013153968,0.012470621,2.8233679e-05,1.0612088e-05
0.1640591,5.3762479e-05,0.0014030942,0.012589423,2.8413365e-05,1.0695462e-05
0.16412388,5.3892112e-05,0.0014625875,0.012233771,2.8530659e-05,1.074946e-05
0.16421066,5.4258221e-05,0.0015344858,0.013064471,2.8777792e-05,1.0843018e-05
0.16427609,5.4503275e-05,0.0015732149,0.012913488,2.8945148e-05,1.0895179e-05
0.16436384,5.4985508e-05,0.0016045354,0.013249927,2.9253291e-05,1.0986053e-05
0.16442999,5.5232848e-05,0.0016040767,0.013003266,2.9435043e-05,1.1029068e-05
0.16451876,5.5564549e-05,0.0015780329,0.013015694,2.9701878e-05,1.1106059e-05
0.16460818,5.606301e-05,0.0015282112,0.013209282,3.0057661e-05,1.1198181e-05
0.16467566,5.6307188e-05,0.0014770525,0.012957072,3.0263978e-05,1.1240303e-05
0.16476626,5.6786619e-05,0.0014116548,0.012773455,3.065164e-05,1.1347545e-05
0.16483474,5.7130415e-05,0.0013643768,0.012876487,3.0947874e-05,1.1430833e-05
0.16492678,5.7596659e-05,0.0013056406,0.013461999,3.1348213e-05,1.1552963e-05
0.16499636,5.7981425e-05,0.0012654291,0.013128285,3.1656797e-05,1.1645827e-05
0.16508989,5.8512194e-05,0.0012185524,0.014085628,3.2056775e-05,1.177427e-05
0.16516057,5.8657334e-05,0.0011851145,0.013275226,3.2292646e-05,1.184105e-05
0.16525545,5.9171877e-05,0.0011514811,0.012979972,3.2698359e-05,1.1962026e-05
0.16532722,5.9548349e-05,0.0011305508,0.013584189,3.2989416e-05,1.2054439e-05
0.16542376,6.0089748e-05,0.0011081066,0.013709851,3.3392473e-05,1.2171293e-05
0.1654968,6.0474922e-05,0.0010948906,0.013703224,3.3698689e-05,1.2267985e-05
0.16559508,6.1029066e-05,0.0010815982,0.013334461,3.4108232e-05,1.2391133e-05
0.16566947,6.1462612e-05,0.0010745862,0.013496349,3.4433399e-05,1.2485656e-05
0.16576959,6.2042971e-05,0.0010679677,0.013290986,3.4872919e-05,1.2637402e-05
0.16584539,6.2481158e-05,0.0010647234,0.013795456,3.5207103e-05,1.2741882e-05
0.16594746,6.3089482e-05,0.0010625799,0.014620726,3.5677715e-05,1.2896524e-05
0.16602477,6.3589732e-05,0.0010626686,0.014210042,3.6053204e-05,1.3006096e-05
0.16612897,6.4465029e-05,0.0010679436,0.014704772,3.6645381e-05,1.321238e-05
0.16620811,6.5023932e-05,0.0010720443,0.014971968,3.7064382e-05,1.3352458e-05
0.16631476,6.5846637e-05,0.0010801892,0.014885588,3.7619882e-05,1.3550536e-05
0.16639561,6.6527978e-05,0.0010883944,0.015053961,3.8056127e-05,1.3710099e-05
0.16650461,6.7518892e-05,0.0011024209,0.015183045,3.8672845e-05,1.395074e-05
0.16658728,6.8333419e-05,0.0011153984,0.016128425,3.9157852e-05,1.41412e-05
0.1666988,6.9541952e-05,0.0011356902,0.016007801,3.9835761e-05,1.4415148e-05
0.16678372,7.0636927e-05,0.0011576214,0.015974579,4.0516702e-05,1.4678655e-05
0.16689834,7.1974926e-05,0.0011843591,0.016556981,4.1278449e-05,1.5013124e-05
0.16698569,7.338837e-05,0.0012109343,0.017471575,4.2039977e-05,1.5343855e-05
0.16710377,7.5119802e-05,0.0012473458,0.017632228,4.3063511e-05,1.5775488e-05
0.16719376,7.627095e-05,0.0012725681,0.017903326,4.3742899e-05,1.6065327e-05
0.16731574,7.8050096e-05,0.0013113975,0.018411628,4.4874731e-05,1.6504251e-05
0.16740787,7.7975484e-05,0.0013149325,0.019076999,4.4904958e-05,1.649271e-05
0.16752898,7.6971952e-05,0.0013018622,0.018946418,4.444117e-05,1.6288288e-05
0.16761842,7.5904941e-05,0.0012846559,0.018469967,4.394768e-05,1.6079851e-05
0.16773478,7.3976451e-05,0.0012505971,0.017764914,4.29935e-05,1.5694149e-05
0.16782005,7.2658677e-05,0.0012258666,0.017588332,4.2351536e-05,1.5425355e-05
0.1679319,7.1647639e-05,0.001204795,0.016862022,4.1944308e-05,1.5214202e-05
0.16801464,7.093343e-05,0.0011890831,0.01771565,4.1637385e-05,1.5050742e-05
0.16812356,7.0230874e-05,0.0011726852,0.016145257,4.1380884e-05,1.4870335e-05
0.16823152,6.9826073e-05,0.0011611085,0.016044116,4.1261315e-05,1.4748358e-05
0.1683118,6.9394054e-05,0.001150039,0.016034696,4.106794e-05,1.4647203e-05
0.16841816,6.9025154e-05,0.0011383897,0.016116751,4.0912618e-05,1.4568636e-05
0.16849758,6.8899873e-05,0.0011319678,0.015541461,4.0881639e-05,1.4532909e-05
0.16860308,6.8826202e-05,0.0011252499,0.0150299,4.082681e-05,1.4502264e-05
0.16868197,6.8979444e-05,0.001123789,0.015259069,4.0934553e-05,1.4511847e-05
0.16878681,6.8868066e-05,0.0011180941,0.015446793,4.0843959e-05,1.442448e-05
0.16886537,6.8986405e-05,0.0011185622,0.015081015,4.0890743e-05,1.4411502e-05
0.16896966,6.8803782e-05,0.0011166245,0.015300268,4.0756185e-05,1.4331396e-05
0.16904788,6.8868792e-05,0.0011205425,0.015428303,4.0757437e-05,1.4312134e-05
0.16915217,6.8953165e-05,0.0011289696,0.015584953,4.0740482e-05,1.4283285e-05
0.16923039,6.8982596e-05,0.001137882,0.015802041,4.07495e-05,1.4278567e-05
0.16933469,6.8979586e-05,0.0011539527,0.015917113,4.0733113e-05,1.4257822e-05
0.16941291,6.8932323e-05,0.0011695503,0.015938789,4.0731438e-05,1.4232744e-05
0.1695172,6.884823e-05,0.0011963474,0.015498294,4.071926e-05,1.420113e-05
0.16959542,6.879245e-05,0.0012204585,0.014939787,4.0701397e-05,1.417076e-05
0.16969971,6.8698868e-05,0.0012592125,0.015628441,4.0653304e-05,1.4131684e-05
0.16977793,6.8566401e-05,0.0012931953,0.015574814,4.0602309e-05,1.4079932e-05
0.16988223,6.8481506e-05,0.0013469403,0.014628175,4.0517694e-05,1.4004885e-05
0.16996044,6.8386193e-05,0.0013932117,0.015074881,4.0423397e-05,1.3936027e-05
0.17006528,6.8508378e-05,0.0014716086,0.015638792,4.0472249e-05,1.3926134e-05
0.17014391,6.839298e-05,0.0015320202,0.014701605,4.0346755e-05,1.385888e-05
0.17024874,6.8230358e-05,0.0016175129,0.015176462,4.0155973e-05,1.3784234e-05
0.17032737,6.8123673e-05,0.0016852293,0.014967475,4.0018767e-05,1.3724394e-05
0.17043265,6.8370001e-05,0.0017863526,0.014785197,4.0042812e-05,1.3742655e-05
0.17051173,6.8244163e-05,0.001849642,0.014859937,3.99115e-05,1.3696311e-05
0.17061716,6.8084592e-05,0.0019099277,0.015327019,3.9709485e-05,1.363223e-05
0.17069623,6.7963476e-05,0.0019358487,0.015328181,3.9577899e-05,1.3561559e-05
0.17080216,6.8196458e-05,0.0019513873,0.015250758,3.9662031e-05,1.3555048e-05
0.17088172,6.8080024e-05,0.0019300651,0.015567157,3.9546314e-05,1.3487398e-05
0.17098781,6.7921376e-05,0.0018729937,0.016214568,3.9389645e-05,1.3400215e-05
0.17106755,6.8252823e-05,0.0018233012,0.015679565,3.9550975e-05,1.3444234e-05
0.17117436,6.8097683e-05,0.0017198286,0.015540593,3.93869e-05,1.3386094e-05
0.17125446,6.79959e-05,0.0016341869,0.01525486,3.9302689e-05,1.3358419e-05
0.17136126,6.7831631e-05,0.0015184215,0.015667375,3.9176698e-05,1.3323354e-05
0.17144176,6.8259489e-05,0.0014442082,0.014623548,3.9393638e-05,1.3411174e-05
0.17154936,6.8191995e-05,0.0013329143,0.015431804,3.9292808e-05,1.3442944e-05
0.17163007,6.8142686e-05,0.0012558356,0.015774113,3.9231152e-05,1.3487639e-05
0.17173832,6.8613925e-05,0.0011731897,0.015358706,3.9486547e-05,1.3680098e-05
0.17181968,6.8563482e-05,0.0011114653,0.015146581,3.9448301e-05,1.373547e-05
0.17192863,6.9063518e-05,0.0010482269,0.015099315,3.9777882e-05,1.3932894e-05
0.17203806,6.8983509e-05,0.00098582453,0.017177518,3.9787175e-05,1.3998947e-05
0.17212064,6.9538811e-05,0.00095413253,0.016740239,4.0180091e-05,1.4174316e-05
0.17223138,7.0105766e-05,0.00091631615,0.018050967,4.0635357e-05,1.4385145e-05
0.17231505,7.0005788e-05,0.00088588259,0.017944309,4.0681326e-05,1.44604e-05
0.17242721,7.0632229e-05,0.00086062253,0.017316996,4.1209035e-05,1.4715841e-05
0.17251179,7.0556646e-05,0.00083904801,0.017340705,4.1300123e-05,1.4797954e-05
0.17262142,6.738502e-05,0.00077983441,0.016941943,3.9579613e-05,1.4229539e-05
0.17270045,6.5109843e-05,0.00074116297,0.016651228,3.8350437e-05,1.3804785e-05
0.17280092,6.1505847e-05,0.00068854695,0.015884075,3.6361071e-05,1.3137024e-05
0.17287316,5.9475535e-05,0.00065913899,0.014881537,3.5249281e-05,1.2766875e-05
0.17296657,5.7521999e-05,0.00063117499,0.015493917,3.4176668e-05,1.2452729e-05
0.1730341,5.5618531e-05,0.00060732828,0.014424585,3.3105602e-05,1.2116243e-05
0.17312137,5.3789796e-05,0.00058469553,0.013734629,3.2079871e-05,1.179434e-05
0.17318516,5.2599315e-05,0.00057090871,0.0135018,3.1392707e-05,1.158081e-05
0.17326825,5.1420253e-05,0.00055848615,0.013346389,3.0731103e-05,1.1367317e-05
0.17332934,5.0866769e-05,0.00055337683,0.013057909,3.04089e-05,1.1272524e-05
0.17340925,4.9707212e-05,0.00054298818,0.013024208,2.9720269e-05,1.1027042e-05
0.17346837,4.9126718e-05,0.00053907742,0.013005089,2.9370107e-05,1.0904699e-05
0.17354603,4.8556214e-05,0.00053676125,0.012601392,2.9022955e-05,1.0770701e-05
0.17360389,4.8609169e-05,0.00054086551,0.012699281,2.9057701e-05,1.0765304e-05
0.17367999,4.8000257e-05,0.00053969237,0.011884546,2.8692824e-05,1.0605315e-05
0.17373677,4.7371885e-05,0.00053688389,0.012133575,2.8294396e-05,1.0432676e-05
0.17381175,4.7425835e-05,0.00054446474,0.011415358,2.8333827e-05,1.0402549e-05
0.17386798,4.7470334e-05,0.00055073981,0.012141798,2.8379278e-05,1.0381647e-05
0.17394295,4.7518249e-05,0.00055968477,0.011656697,2.8445591e-05,1.0343922e-05
0.17399918,4.756647e-05,0.00056698667,0.01215563,2.8481815e-05,1.0313165e-05
0.17407416,4.7604101e-05,0.00057707553,0.011605721,2.8561902e-05,1.0264861e-05
0.17413039,4.7654163e-05,0.00058506884,0.011758962,2.8614387e-05,1.023199e-05
0.17420536,4.768078e-05,0.00059602835,0.012102529,2.8672286e-05,1.018887e-05
0.17426159,4.7706515e-05,0.00060463314,0.011856875,2.8729461e-05,1.0158101e-05
0.17433656,4.7733813e-05,0.000616572,0.012862967,2.8794624e-05,1.0125107e-05
0.17439279,4.7772121e-05,0.00062569268,0.011652882,2.8816727e-05,1.0106417e-05
0.17446777,4.7796547e-05,0.00063806547,0.012384087,2.8875128e-05,1.008635e-05
0.174524,4.7814314e-05,0.00064753989,0.012190225,2.8892957e-05,1.0068681e-05
0.17459897,4.7823637e-05,0.00066036681,0.01163881,2.8917319e-05,1.0036151e-05
0.1746552,4.7817051e-05,0.00067018095,0.011705813,2.8921424e-05,1.0009145e-05
0.17473018,4.7822536e-05,0.00068349553,0.012493779,2.8918583e-05,9.9741772e-06
0.17478641,4.779576e-05,0.0006935345,0.012714369,2.890569e-05,9.9427046e-06
0.17486138,4.7761682e-05,0.00070749594,0.011907263,2.8880065e-05,9.9043247e-06
0.17491761,4.7716892e-05,0.00071821097,0.012013743,2.8844334e-05,9.8747893e-06
0.17499258,4.7645123e-05,0.00073286953,0.012046696,2.8806407e-05,9.8230944e-06
0.17507254,5.0871053e-05,0.00080177155,0.01240939,3.0789405e-05,1.0455922e-05
0.17513299,5.1134818e-05,0.00082167983,0.012489543,3.0973969e-05,1.0475268e-05
0.17521425,5.1481208e-05,0.00085016222,0.011939614,3.1216941e-05,1.049598e-05
0.1752757,5.1732688e-05,0.00087312209,0.013046875,3.1402596e-05,1.0509856e-05
0.17535835,5.208619e-05,0.0009067122,0.012203058,3.1664768e-05,1.0522288e-05
0.17542086,5.2308997e-05,0.00093349711,0.012840855,3.185712e-05,1.0526727e-05
0.17550488,5.2588049e-05,0.00097135519,0.01293633,3.2104882e-05,1.0524661e-05
0.17556842,5.2855993e-05,0.0010015469,0.012480198,3.2295261e-05,1.052509e-05
0.17565384,5.3180978e-05,0.0010444506,0.012879021,3.2561741e-05,1.0545166e-05
0.17571843,5.3450071e-05,0.0010786431,0.012646743,3.2769067e-05,1.0564084e-05
0.17580526,5.3810381e-05,0.0011265197,0.013919684,3.3059683e-05,1.0617399e-05
0.17587092,5.4081188e-05,0.0011639322,0.012434439,3.3276635e-05,1.0658862e-05
0.17595918,5.4455334e-05,0.0012144965,0.013583691,3.3579326e-05,1.0728099e-05
0.17602594,5.4780264e-05,0.0012540256,0.013793297,3.3830847e-05,1.0794123e-05
0.17611568,5.5229852e-05,0.0013072043,0.012709492,3.4163062e-05,1.0907777e-05
0.17618354,5.5592621e-05,0.0013478128,0.013232213,3.4419192e-05,1.1019773e-05
0.17627479,5.6065237e-05,0.0014024253,0.013903036,3.4787623e-05,1.1197857e-05
0.17634383,5.6450171e-05,0.0014442005,0.013997131,3.5079221e-05,1.1350899e-05
0.17643669,5.7039529e-05,0.0015006118,0.014226579,3.5492488e-05,1.1581866e-05
0.17650695,5.7433036e-05,0.0015419769,0.014355499,3.577615e-05,1.1747593e-05
0.17660147,5.8037963e-05,0.0015972303,0.014659608,3.6216999e-05,1.1972222e-05
0.17667301,5.8485426e-05,0.0016354819,0.015603648,3.6511567e-05,1.2121636e-05
0.17676919,5.9092524e-05,0.0016852683,0.015356034,3.6933783e-05,1.2314994e-05
0.17684193,5.9465818e-05,0.0017194175,0.016143357,3.7238073e-05,1.2445881e-05
0.17693971,6.0048721e-05,0.0017615228,0.015832629,3.7681755e-05,1.2627035e-05
0.17701365,6.0483699e-05,0.0017889593,0.015945866,3.8028643e-05,1.276536e-05
0.17711311,6.1108021e-05,0.0018213995,0.016653788,3.8524662e-05,1.2940938e-05
0.17718837,6.1636591e-05,0.0018399331,0.018584587,3.8913039e-05,1.3085798e-05
0.17728745,5.964733e-05,0.0017766884,0.018281466,3.7698948e-05,1.2672671e-05
0.1773589,5.7981924e-05,0.0017202831,0.017606869,3.667181e-05,1.2321387e-05
0.17745152,5.6365313e-05,0.0016576237,0.01608546,3.5692096e-05,1.1971468e-05
0.17751958,5.5585262e-05,0.0016201327,0.017086756,3.5215389e-05,1.1808201e-05
0.17760948,5.5207658e-05,0.0015878299,0.016124526,3.5003107e-05,1.1726185e-05
0.17767645,5.5002844e-05,0.0015636385,0.016225292,3.4881661e-05,1.1696469e-05
0.1777655,5.5202257e-05,0.0015387799,0.015818569,3.492289e-05,1.1744187e-05
0.17783245,5.5413961e-05,0.001522372,0.015939752,3.504448e-05,1.1795537e-05
0.17792188,5.5762903e-05,0.0015012989,0.015644651,3.5209086e-05,1.188007e-05
0.17798925,5.6288191e-05,0.0014926332,0.016222191,3.5495324e-05,1.1994597e-05
0.17807971,5.6908765e-05,0.0014779887,0.015722711,3.5788044e-05,1.2097028e-05
0.1781479,5.7310571e-05,0.0014666778,0.015469296,3.5982598e-05,1.2161379e-05
0.17823958,5.8229604e-05,0.0014620578,0.016614436,3.6457745e-05,1.2321049e-05
0.17833207,5.8976904e-05,0.0014547584,0.015862164,3.6834091e-05,1.2438831e-05
0.17840199,5.9647035e-05,0.0014538454,0.015638305,3.7166668e-05,1.2539223e-05
0.17849619,6.0546024e-05,0.0014553306,0.016992381,3.7628642e-05,1.2674464e-05
0.1785674,6.1099398e-05,0.0014562835,0.016359034,3.7931829e-05,1.2766383e-05
0.17866307,6.2034355e-05,0.0014643441,0.016246415,3.8410796e-05,1.2919505e-05
0.17873556,6.2701046e-05,0.0014749228,0.017063133,3.8830081e-05,1.3042276e-05
0.17883301,6.3441328e-05,0.0014916326,0.016869115,3.9297793e-05,1.318902e-05
0.17890666,6.3968654e-05,0.0015063897,0.01549887,3.9615845e-05,1.3296759e-05
0.17900583,6.4986152e-05,0.0015393909,0.016958512,4.0274084e-05,1.3500189e-05
0.17908102,6.5549076e-05,0.0015658485,0.016926386,4.0651588e-05,1.3616122e-05
0.17918213,6.6321935e-05,0.0016074875,0.016677409,4.1135038e-05,1.3766549e-05
0.1792587,6.6961079e-05,0.0016456643,0.01698506,4.1589084e-05,1.3890009e-05
0.17936209,6.7961298e-05,0.0017073548,0.016414182,4.2224076e-05,1.4058487e-05
0.17944048,6.8582805e-05,0.0017558452,0.016731274,4.2626139e-05,1.4151327e-05
0.17954629,6.9522248e-05,0.0018284323,0.015425023,4.3226693e-05,1.4298927e-05
0.17962662,7.0279759e-05,0.0018850242,0.01644897,4.3688427e-05,1.4399111e-05
0.17973513,7.1231718e-05,0.0019563287,0.017240183,4.4272238e-05,1.4526554e-05
0.17981765,7.2061761e-05,0.002006986,0.017054731,4.4785872e-05,1.4647289e-05
0.17992926,7.310913e-05,0.0020630184,0.015917268,4.5401773e-05,1.4778825e-05
0.18001417,7.3987863e-05,0.0020973476,0.016084577,4.5930713e-05,1.4895494e-05
0.18012909,7.5097701e-05,0.0021273646,0.016429829,4.6559808e-05,1.5034944e-05
0.18021651,7.592777e-05,0.0021368047,0.016910038,4.7012572e-05,1.5159283e-05
0.18033464,7.7079872e-05,0.0021327275,0.016595805,4.7570384e-05,1.5327334e-05
0.18042451,7.7977972e-05,0.002121911,0.017558406,4.8016318e-05,1.5506456e-05
0.18054463,7.7264492e-05,0.0020425655,0.017289651,4.7403202e-05,1.537532e-05
0.18063323,7.6263918e-05,0.0019637483,0.016495443,4.6582186e-05,1.5169276e-05
0.18074955,7.5019711e-05,0.0018578557,0.016262562,4.558059e-05,1.491758e-05
0.18083556,7.4216162e-05,0.0017837773,0.016405786,4.492972e-05,1.4773223e-05
0.18094891,7.3358603e-05,0.0016933749,0.015990099,4.4174133e-05,1.4623748e-05
0.18103303,7.2823594e-05,0.0016318297,0.016507804,4.3667355e-05,1.4527169e-05
0.18114431,7.2247188e-05,0.0015588199,0.015671779,4.3073932e-05,1.4408612e-05
0.18122718,7.1915765e-05,0.0015106168,0.016077442,4.2700899e-05,1.4326925e-05
0.18133715,7.1555771e-05,0.0014543272,0.015178187,4.2259197e-05,1.4235288e-05
0.18141939,7.1457474e-05,0.0014203901,0.01524892,4.2011981e-05,1.4179247e-05
0.18152892,7.1381204e-05,0.001383971,0.015558663,4.1731183e-05,1.4113872e-05
0.18161107,7.1361187e-05,0.0013626892,0.015168926,4.1552469e-05,1.4075042e-05
0.18172063,7.139676e-05,0.0013414946,0.015716611,4.1335863e-05,1.4045789e-05
0.18180292,7.1382313e-05,0.0013311189,0.015673245,4.1224216e-05,1.4037372e-05
0.18191282,7.1558403e-05,0.0013233672,0.015187387,4.110844e-05,1.4025464e-05
0.18199539,7.1591544e-05,0.0013205321,0.014988147,4.101812e-05,1.4019448e-05
0.1821058,7.1799145e-05,0.0013238615,0.015112657,4.0993234e-05,1.3994395e-05
0.1822166,7.1990926e-05,0.0013302373,0.015010965,4.0920841e-05,1.397814e-05
0.18229993,7.2117467e-05,0.0013377335,0.015197207,4.0856608e-05,1.3996429e-05
0.18241133,7.228974e-05,0.0013511479,0.014830662,4.0791291e-05,1.4050399e-05
0.18249503,7.2403407e-05,0.0013630213,0.015101396,4.0706671e-05,1.4091499e-05
0.1826068,7.2496368e-05,0.00138032,0.014787401,4.05535e-05,1.4123812e-05
0.1826907,7.2592349e-05,0.0013957883,0.015070252,4.0462366e-05,1.4145595e-05
0.18280257,7.2656956e-05,0.0014169188,0.015459624,4.0286799e-05,1.4141067e-05
0.18288638,7.2574332e-05,0.0014314815,0.015754721,4.0093189e-05,1.4105076e-05
0.18299795,7.2459e-05,0.0014498145,0.016625984,3.9814679e-05,1.4029982e-05
0.18308135,7.2240234e-05,0.0014605461,0.016817554,3.9549041e-05,1.3948121e-05
0.18319207,7.1861128e-05,0.001471499,0.016365774,3.9157238e-05,1.3809258e-05
0.18327464,7.1440928e-05,0.0014751217,0.01604189,3.8832207e-05,1.3700474e-05
0.18338395,7.0761948e-05,0.0014748064,0.016138232,3.8363861e-05,1.3521243e-05
0.18346528,7.0197467e-05,0.0014695709,0.015704488,3.7993079e-05,1.337629e-05
0.18357268,6.9401986e-05,0.0014589407,0.015493204,3.7472484e-05,1.3189453e-05
0.18365241,6.8665577e-05,0.0014462082,0.015133843,3.7023049e-05,1.3040504e-05
0.18375752,6.7651394e-05,0.0014269829,0.015210903,3.6445643e-05,1.2844529e-05
0.18383547,6.6921974e-05,0.0014108409,0.015132512,3.6010989e-05,1.2688628e-05
0.18393821,6.5941586e-05,0.0013866067,0.014312773,3.5425894e-05,1.2475331e-05
0.18401435,6.5186046e-05,0.0013668312,0.0136137,3.496564e-05,1.2300244e-05
0.18411466,6.4183766e-05,0.0013397307,0.014151363,3.4350239e-05,1.2071171e-05
0.18418902,6.344286e-05,0.0013199919,0.01338072,3.3896207e-05,1.1907496e-05
0.18428702,6.2547648e-05,0.0012953794,0.013452404,3.3312173e-05,1.1702579e-05
0.18435967,6.1812968e-05,0.0012769417,0.013824938,3.2865566e-05,1.1551309e-05
0.18445544,6.0898994e-05,0.0012535865,0.013360037,3.2290416e-05,1.134875e-05
0.18452649,6.028284e-05,0.0012381644,0.012973909,3.1893959e-05,1.1218704e-05
0.18462022,5.9447504e-05,0.001219014,0.011960763,3.1352248e-05,1.1034601e-05
0.18468979,5.8862866e-05,0.0012066225,0.012251172,3.0987602e-05,1.090655e-05
0.18478163,5.8144043e-05,0.001193576,0.011644955,3.0538067e-05,1.0759703e-05
0.18484987,5.7629435e-05,0.0011857454,0.012309658,3.0217676e-05,1.0648937e-05
0.18494005,5.6993862e-05,0.0011780789,0.012013252,2.9820035e-05,1.0511268e-05
0.18500713,5.6584452e-05,0.0011750163,0.01169369,2.9549288e-05,1.0429631e-05
0.18509586,5.6029804e-05,0.0011725058,0.012357586,2.9195468e-05,1.0318817e-05
0.18516191,5.5672584e-05,0.0011732311,0.01226573,2.8963929e-05,1.0257925e-05
0.18524942,5.525423e-05,0.0011772775,0.011871034,2.8683816e-05,1.0181548e-05
0.18531464,5.4950953e-05,0.0011818991,0.01198073,2.8482811e-05,1.0139276e-05
0.18540114,5.4618206e-05,0.0011917387,0.011923052,2.825908e-05,1.0096922e-05
0.1854657,5.4442917e-05,0.0012006277,0.011011869,2.8101843e-05,1.0069259e-05
0.18555142,5.423627e-05,0.0012154691,0.011565821,2.7921111e-05,1.0045062e-05
0.18561548,5.4077239e-05,0.0012284159,0.01147804,2.7801324e-05,1.0033073e-05
0.18570066,5.3943263e-05,0.0012491946,0.011510344,2.7691443e-05,1.0034545e-05
0.18578566,5.3845094e-05,0.0012729542,0.011692637,2.7609346e-05,1.0037351e-05
0.18584935,5.3824264e-05,0.0012930044,0.011749224,2.7569963e-05,1.0041885e-05
0.18593423,5.381912e-05,0.0013230809,0.012075912,2.7560537e-05,1.0061822e-05
0.18599791,5.3821439e-05,0.0013478858,0.011702009,2.7575922e-05,1.007801e-05
0.18608288,5.3900779e-05,0.001383553,0.011647175,2.7618979e-05,1.0091932e-05
0.18614671,5.3957989e-05,0.0014112171,0.011764486,2.7656096e-05,1.009938e-05
0.18623201,5.4060072e-05,0.0014477336,0.011635491,2.7743679e-05,1.0117423e-05
0.18629613,5.4138498e-05,0.0014742401,0.012141762,2.7816076e-05,1.013578e-05
0.1863819,5.4301219e-05,0.0015084145,0.01143695,2.7961417e-05,1.0185507e-05
0.18644646,5.4450648e-05,0.0015296803,0.011360222,2.8088119e-05,1.0229118e-05
0.18653293,5.4692333e-05,0.001552022,0.011562025,2.8294899e-05,1.0300797e-05
0.18659808,5.4881676e-05,0.0015596664,0.012075062,2.8457612e-05,1.0355528e-05
0.18668538,5.5166604e-05,0.001557414,0.012020046,2.8702089e-05,1.0451132e-05
0.18675122,5.543335e-05,0.0015440691,0.011698114,2.8905898e-05,1.0529181e-05
0.18683953,5.5807113e-05,0.0015118926,0.01196407,2.9197392e-05,1.0656386e-05
0.18690616,5.6068692e-05,0.0014745092,0.012045401,2.9407078e-05,1.0753078e-05
0.18699555,5.6472518e-05,0.0014146396,0.011967473,2.9715784e-05,1.0907736e-05
0.18706304,5.6814116e-05,0.0013667369,0.012116576,2.9984933e-05,1.1071049e-05
0.18715365,5.7310788e-05,0.0012997913,0.012096591,3.0333324e-05,1.1295035e-05
0.18722212,5.7738895e-05,0.0012491928,0.011847839,3.0622922e-05,1.147913e-05
0.18731411,5.8314362e-05,0.0011848634,0.012621446,3.1019384e-05,1.1734171e-05
0.18738364,5.878208e-05,0.0011402411,0.012992745,3.1328659e-05,1.1931618e-05
0.18747711,5.9491292e-05,0.0010859369,0.012813091,3.176148e-05,1.217508e-05
0.18754778,6.0007522e-05,0.0010488117,0.013346353,3.2087383e-05,1.2343642e-05
0.18764278,6.0690405e-05,0.0010050386,0.013855237,3.2509644e-05,1.2554319e-05
0.1877146,6.1206079e-05,0.00097607934,0.014142395,3.2835941e-05,1.2690072e-05
0.18781114,6.1927001e-05,0.00094270947,0.014049295,3.3271869e-05,1.2867451e-05
0.1878842,6.2503846e-05,0.0009218876,0.014160708,3.3642152e-05,1.2997694e-05
0.18798249,6.3270206e-05,0.00089849445,0.013514539,3.4136181e-05,1.3187694e-05
0.18805691,6.3851644e-05,0.0008847966,0.013752081,3.4537436e-05,1.3326776e-05
0.1881571,6.4683714e-05,0.00087148662,0.014260795,3.5108974e-05,1.3511305e-05
0.18823301,6.5360835e-05,0.00086510068,0.014410204,3.5565479e-05,1.3663323e-05
0.18833528,6.6198925e-05,0.00086011434,0.014524131,3.6187152e-05,1.3855764e-05
0.1884128,6.6884683e-05,0.00085991807,0.014622493,3.6680683e-05,1.4012796e-05
0.18851725,6.7765123e-05,0.00086292759,0.014870629,3.7324998e-05,1.4218318e-05
0.18859642,6.8421803e-05,0.00086782936,0.015038802,3.7808456e-05,1.4362195e-05
0.18870312,6.9377512e-05,0.00087883293,0.01524655,3.8497241e-05,1.45507e-05
0.18878406,7.0115205e-05,0.00089059761,0.01568281,3.8996393e-05,1.4686863e-05
0.18889325,7.1192913e-05,0.00091076958,0.015730474,3.9740946e-05,1.4869573e-05
0.18900393,7.2309623e-05,0.00093591622,0.015927133,4.0473572e-05,1.5041769e-05
0.18908801,7.3246056e-05,0.00095895254,0.016334518,4.1082444e-05,1.518145e-05
0.18920162,7.4509172e-05,0.00099373167,0.015894442,4.1927962e-05,1.5368605e-05
0.18928805,7.5597622e-05,0.0010240188,0.015860757,4.2610049e-05,1.5530366e-05
0.18940499,7.7087919e-05,0.0010685498,0.016500587,4.357871e-05,1.5735925e-05
0.18949404,7.8259181e-05,0.0011055042,0.016572985,4.4339454e-05,1.5904091e-05
0.18961477,8.0040905e-05,0.0011624803,0.017681994,4.5455527e-05,1.6181255e-05
0.18970688,8.1408172e-05,0.0012094783,0.017542456,4.6352176e-05,1.6414568e-05
0.18983186,8.3382884e-05,0.0012800973,0.018254185,4.759856e-05,1.67509e-05
0.18992731,8.4893929e-05,0.0013388177,0.019239877,4.8555326e-05,1.7032122e-05
0.19005667,8.656432e-05,0.0014186889,0.019177038,4.9606448e-05,1.7316847e-05
0.19015357,8.6136652e-05,0.0014561444,0.018842683,4.9433957e-05,1.7191296e-05
0.19028191,8.5859546e-05,0.0015167532,0.018863655,4.9360823e-05,1.7107329e-05
0.19037752,8.5581038e-05,0.0015636747,0.01973061,4.9232489e-05,1.7033138e-05
0.19050431,8.5299908e-05,0.0016365287,0.019405813,4.9201022e-05,1.6963075e-05
0.19059886,8.5077554e-05,0.0016925425,0.018494554,4.9159996e-05,1.6892357e-05
0.19072324,8.3575548e-05,0.0017424163,0.017986212,4.8365105e-05,1.6520249e-05
0.19081487,8.2434171e-05,0.0017745961,0.018085474,4.7761554e-05,1.621214e-05
0.19093511,8.1126008e-05,0.001812001,0.017393971,4.7086465e-05,1.5851788e-05
0.19102401,8.0261285e-05,0.0018347122,0.017698916,4.6626356e-05,1.561254e-05
0.19114114,7.9294443e-05,0.0018601722,0.016553565,4.6168664e-05,1.5358919e-05
0.19122812,7.8764294e-05,0.0018770277,0.017008929,4.5903863e-05,1.5217965e-05
0.19134326,7.824694e-05,0.001897948,0.016016548,4.5673716e-05,1.5101143e-05
0.19142924,7.8027542e-05,0.0019141032,0.015655058,4.5600998e-05,1.5060465e-05
0.19154351,7.7832291e-05,0.0019328915,0.015721828,4.5540424e-05,1.5031936e-05
0.19162913,7.7880609e-05,0.001949737,0.015670247,4.5581488e-05,1.5072004e-05
0.19174346,7.8195691e-05,0.0019739942,0.015619021,4.5731567e-05,1.5205134e-05
0.19182944,7.8541648e-05,0.0019936395,0.015962516,4.5911695e-05,1.5350054e-05
0.19194469,7.9167139e-05,0.0020223623,0.015653529,4.6236791e-05,1.5570408e-05
0.1920317,7.9780709e-05,0.0020466301,0.015804386,4.6561856e-05,1.5754164e-05
0.19214862,8.0695846e-05,0.002080878,0.016244886,4.6995938e-05,1.5978251e-05
0.19223716,8.1463836e-05,0.0021093123,0.016685178,4.7402144e-05,1.6145513e-05
0.19235648,8.2545702e-05,0.0021492628,0.017886664,4.7898415e-05,1.6349523e-05
0.19244698,8.323284e-05,0.0021771273,0.017660336,4.8206112e-05,1.6466143e-05
0.19256787,8.3223243e-05,0.0021921153,0.017604379,4.8062377e-05,1.6444101e-05
0.19265843,8.3063438e-05,0.0021992588,0.017658563,4.7905299e-05,1.641871e-05
0.19277911,8.2850311e-05,0.0022073801,0.018581678,4.7726859e-05,1.6358802e-05
0.19286957,8.2768281e-05,0.0022106842,0.017929987,4.764012e-05,1.6320553e-05
0.19299018,8.2584268e-05,0.0022047613,0.017626119,4.7503727e-05,1.6286228e-05
0.19308075,8.255422e-05,0.0021907457,0.018074096,4.7468083e-05,1.6272711e-05
0.19320154,8.2429482e-05,0.0021552451,0.017803067,4.7380277e-05,1.6223827e-05
0.19332243,8.2161658e-05,0.0020917946,0.018331146,4.7234881e-05,1.6143751e-05
0.19341325,8.2141974e-05,0.0020318025,0.017628743,4.7205043e-05,1.61151e-05
0.19353458,8.199712e-05,0.0019257431,0.018088865,4.7114605e-05,1.6056569e-05
0.19362576,8.1839934e-05,0.0018333767,0.017232561,4.7008748e-05,1.5990037e-05
0.19374767,8.1791353e-05,0.0017050034,0.017116111,4.6964641e-05,1.5947134e-05
0.19383934,8.1727469e-05,0.0016048013,0.017820869,4.6928677e-05,1.5931539e-05
0.19396208,8.1783666e-05,0.001477816,0.017350329,4.6965356e-05,1.5957238e-05
0.19405454,8.1831664e-05,0.0013906011,0.01794036,4.7012147e-05,1.5981088e-05
0.19417847,8.1992173e-05,0.001287099,0.017860155,4.7187222e-05,1.6059715e-05
0.19427195,8.2205365e-05,0.0012181043,0.018115767,4.7355667e-05,1.6146089e-05
0.19439743,8.2579287e-05,0.0011375116,0.018027422,4.7659709e-05,1.6305155e-05
0.19449215,8.2942648e-05,0.0010845805,0.018712136,4.7948112e-05,1.6474113e-05
0.1946194,8.3303599e-05,0.0010203491,0.019859747,4.8270069e-05,1.6680293e-05
0.19471338,8.1053249e-05,0.00094903276,0.019662744,4.7043341e-05,1.632542e-05
0.1948344,7.7715965e-05,0.00086157553,0.018501956,4.5166455e-05,1.5791657e-05
0.19492176,7.5243105e-05,0.00080409451,0.018704995,4.3741824e-05,1.537677e-05
0.19503373,7.2011462e-05,0.00073625727,0.017319902,4.1843166e-05,1.4830794e-05
0.19511432,6.9637885e-05,0.00069175097,0.017584268,4.0439956e-05,1.4416442e-05
0.19521742,6.6599369e-05,0.00063999045,0.01678692,3.8667678e-05,1.3863386e-05
0.19529165,6.4495972e-05,0.00060677676,0.016201454,3.7434353e-05,1.346751e-05
0.19538687,6.1860928e-05,0.00056849601,0.015647507,3.5897898e-05,1.2929453e-05
0.19545569,6.0079578e-05,0.00054428665,0.015163342,3.4869247e-05,1.2560878e-05
0.19554455,5.8065558e-05,0.00051806652,0.014471109,3.3720575e-05,1.2132785e-05
0.19560927,5.6721486e-05,0.00050163416,0.014583101,3.294786e-05,1.1845014e-05
0.19569339,5.5228467e-05,0.00048449401,0.013477695,3.2124799e-05,1.1537786e-05
0.19575508,5.4255354e-05,0.00047420402,0.012765439,3.1601034e-05,1.1328449e-05
0.19583575,5.316273e-05,0.00046342048,0.01307383,3.1008174e-05,1.1100671e-05
0.19589525,5.244179e-05,0.00045714499,0.012440113,3.0630333e-05,1.0953071e-05
0.19597345,5.1640069e-05,0.00045130135,0.011916041,3.0225541e-05,1.0792555e-05
0.19603142,5.1187932e-05,0.00044880679,0.01195954,2.999149e-05,1.0689818e-05
0.19610793,5.0662191e-05,0.0004470504,0.011831108,2.9736618e-05,1.0576279e-05
0.19616484,5.0341955e-05,0.00044712825,0.011247954,2.9590398e-05,1.0512067e-05
0.19624022,5.005888e-05,0.00044918482,0.011085672,2.9462387e-05,1.0446398e-05
0.19629646,4.9893547e-05,0.00045180407,0.011923872,2.9396852e-05,1.0415639e-05
0.19637118,4.9776486e-05,0.00045727921,0.010847984,2.9387239e-05,1.0404279e-05
0.19642706,4.9690781e-05,0.00046207704,0.011755368,2.9374281e-05,1.0396623e-05
0.19650147,4.970348e-05,0.00047051215,0.011521645,2.9438344e-05,1.0413753e-05
0.19655725,4.9751899e-05,0.00047788748,0.010895943,2.9497902e-05,1.0429997e-05
0.19663166,4.9863609e-05,0.00048923558,0.011901498,2.962958e-05,1.04611e-05
0.19668755,4.9988781e-05,0.00049902137,0.011760754,2.9738734e-05,1.0493783e-05
0.19676228,5.0228343e-05,0.00051393178,0.011486256,2.991162e-05,1.0542587e-05
0.19683729,5.0498896e-05,0.00053073315,0.011694133,3.0116769e-05,1.0590481e-05
0.19689378,5.0700467e-05,0.00054443886,0.012227688,3.025533e-05,1.0638386e-05
0.19696945,5.1041252e-05,0.00056513265,0.012670357,3.0485603e-05,1.0698384e-05
0.19702651,5.1303189e-05,0.00058123591,0.012050158,3.0653572e-05,1.072988e-05
0.19710306,5.1708653e-05,0.00060595345,0.012303009,3.0930181e-05,1.0787279e-05
0.19716086,5.1982733e-05,0.0006254689,0.012464498,3.1114912e-05,1.0828125e-05
0.19723845,5.2386175e-05,0.00065388317,0.012349074,3.1407179e-05,1.0887694e-05
0.19729704,5.2644744e-05,0.00067628969,0.012717922,3.1601015e-05,1.0924779e-05
0.19737575,5.3060324e-05,0.00070935928,0.012637949,3.1924541e-05,1.0995259e-05
0.19743523,5.3314995e-05,0.00073530467,0.012927356,3.217059e-05,1.1042702e-05
0.19751514,5.3681778e-05,0.00077194483,0.011937254,3.2494748e-05,1.1094583e-05
0.19757557,5.3993553e-05,0.00080195716,0.012412768,3.2765137e-05,1.1143146e-05
0.1976568,5.4318924e-05,0.00084296158,0.012727395,3.3113277e-05,1.1188873e-05
0.19771823,5.4626869e-05,0.00087646495,0.013421791,3.3420332e-05,1.123598e-05
0.19780083,5.5001032e-05,0.00092277696,0.012834908,3.3811152e-05,1.1298362e-05
0.19786332,5.5250085e-05,0.00095883049,0.013460172,3.4088894e-05,1.1334649e-05
0.19794732,5.5562218e-05,0.0010084823,0.01327551,3.4445005e-05,1.1376318e-05
0.19801084,5.5810953e-05,0.0010471272,0.012883703,3.4722316e-05,1.1408161e-05
0.19809624,5.6137955e-05,0.00109961,0.013687939,3.5075201e-05,1.1451488e-05
0.19816082,5.638923e-05,0.0011397397,0.013888737,3.5341235e-05,1.1494238e-05
0.19824763,5.6718294e-05,0.0011926496,0.013937793,3.5687608e-05,1.1562417e-05
0.19831329,5.6975737e-05,0.0012317476,0.01394585,3.5956421e-05,1.1611617e-05
0.19840153,5.7270442e-05,0.0012806254,0.012679424,3.626529e-05,1.1660326e-05
0.19846829,5.7574167e-05,0.0013174726,0.013150878,3.6530075e-05,1.1711371e-05
0.19855802,5.7970083e-05,0.0013649713,0.012978356,3.6884907e-05,1.1787909e-05
0.1986259,5.8228664e-05,0.0013980197,0.012661451,3.7130885e-05,1.1828885e-05
0.19871717,5.8658949e-05,0.0014415288,0.012549494,3.7526467e-05,1.1897332e-05
0.19878622,5.898629e-05,0.0014717257,0.013552706,3.7810686e-05,1.1945599e-05
0.19887914,5.9514105e-05,0.0015106915,0.013759228,3.8248992e-05,1.2045462e-05
0.19894946,5.9967965e-05,0.0015383462,0.013153668,3.8613636e-05,1.2136441e-05
0.19904405,6.0493343e-05,0.0015691251,0.013867047,3.9060671e-05,1.2236987e-05
0.19911564,6.0987884e-05,0.0015914509,0.014242074,3.9438693e-05,1.2331739e-05
0.19921196,6.160036e-05,0.0016154291,0.014883851,3.9882597e-05,1.2470252e-05
0.19928474,6.2014857e-05,0.0016289191,0.014229091,4.0184371e-05,1.255083e-05
0.19938264,6.270845e-05,0.001646487,0.014359302,4.0647105e-05,1.2687183e-05
0.19945671,6.3269322e-05,0.00165775,0.015312608,4.0974487e-05,1.2786978e-05
0.19955624,6.399377e-05,0.0016675364,0.014479844,4.1379023e-05,1.2922583e-05
0.19963161,6.4695379e-05,0.0016768188,0.015044349,4.1772521e-05,1.3074248e-05
0.19973312,6.5541729e-05,0.0016846873,0.016699792,4.224535e-05,1.3270748e-05
0.19981007,6.6276053e-05,0.0016921041,0.015761742,4.2664244e-05,1.3453978e-05
0.19991388,6.7333548e-05,0.001702879,0.015219251,4.3253257e-05,1.3715501e-05
0.20001913,6.8386487e-05,0.0017142701,0.016011242,4.3864497e-05,1.3979354e-05
0.20009899,6.9151705e-05,0.0017224918,0.016233492,4.42984e-05,1.4150745e-05
0.20020683,7.0225072e-05,0.0017380704,0.015443712,4.4946308e-05,1.4396571e-05
0.20028875,7.1090014e-05,0.0017532001,0.015959811,4.5479819e-05,1.4589694e-05
0.20039941,7.2205684e-05,0.0017768495,0.016425809,4.6193286e-05,1.4857694e-05
0.20048355,7.3123531e-05,0.0017995084,0.016361925,4.678394e-05,1.508512e-05
0.2005974,7.4472835e-05,0.0018373855,0.018148764,4.7646934e-05,1.5419029e-05
0.20068375,7.4783213e-05,0.0018533554,0.017847361,4.786926e-05,1.5531994e-05
0.20079858,7.4727066e-05,0.0018665939,0.01715439,4.7804603e-05,1.5564178e-05
0.20088456,7.4843223e-05,0.0018842052,0.016864088,4.7876686e-05,1.5632822e-05
0.20099921,7.5114781e-05,0.0019118077,0.016801649,4.7992497e-05,1.5746254e-05
0.20108538,7.5609621e-05,0.001940812,0.016785033,4.8256041e-05,1.5939221e-05
0.20120068,7.6335033e-05,0.0019824298,0.017153154,4.8644225e-05,1.6229097e-05
0.20128766,7.7002176e-05,0.0020173092,0.016775071,4.9033806e-05,1.6491649e-05
0.2014045,7.8146372e-05,0.0020703872,0.016990046,4.9702368e-05,1.6872129e-05
0.20149295,7.905107e-05,0.0021106953,0.018373209,5.0283721e-05,1.7138211e-05
0.20161211,8.033162e-05,0.002162552,0.017436499,5.1062599e-05,1.7482805e-05
0.20170258,8.1393744e-05,0.0022011607,0.019079262,5.1770027e-05,1.7728917e-05
0.20182472,8.277924e-05,0.0022493521,0.019152853,5.2650073e-05,1.8025483e-05
0.20191688,8.2557335e-05,0.0022487489,0.019122197,5.255264e-05,1.7952139e-05
0.20203781,8.1078518e-05,0.0022128387,0.018080287,5.1714439e-05,1.7588935e-05
0.2021275,8.0426293e-05,0.0021973726,0.019150368,5.1440469e-05,1.7405416e-05
0.20224627,7.976177e-05,0.0021817548,0.017534215,5.1135509e-05,1.7228016e-05
0.20233511,7.9628837e-05,0.0021802159,0.017695217,5.1170956e-05,1.7173845e-05
0.20245362,7.9566073e-05,0.0021811294,0.017237494,5.129705e-05,1.712311e-05
0.20254294,7.9836576e-05,0.0021902232,0.017839125,5.1573591e-05,1.7153641e-05
0.20266282,8.012696e-05,0.0022000949,0.017216716,5.1894024e-05,1.7215902e-05
0.20275354,8.0838636e-05,0.0022125651,0.017325125,5.229887e-05,1.7334376e-05
0.20287546,8.0813542e-05,0.0022020771,0.018480225,5.2227835e-05,1.732689e-05
0.20296561,7.9111216e-05,0.0021531694,0.017153672,5.1166139e-05,1.7000862e-05
0.20308372,7.745208e-05,0.0020910043,0.016283093,5.0003237e-05,1.6650406e-05
0.20317086,7.6275154e-05,0.0020442919,0.016443395,4.9186285e-05,1.6422745e-05
0.2032854,7.4808547e-05,0.0019809442,0.016358575,4.8157544e-05,1.6125404e-05
0.20337016,7.3839517e-05,0.0019360057,0.01571561,4.7476476e-05,1.5919912e-05
0.20348195,7.282889e-05,0.0018828242,0.016094762,4.6731499e-05,1.5683944e-05
0.20356498,7.2030413e-05,0.001840385,0.016080209,4.6127538e-05,1.5484954e-05
0.20367485,7.1362031e-05,0.0017917885,0.01580779,4.5556021e-05,1.5304678e-05
0.20375673,7.0891612e-05,0.0017553782,0.01612932,4.5125847e-05,1.5171403e-05
0.2038654,7.0587097e-05,0.0017131141,0.016172085,4.4689718e-05,1.506881e-05
0.20394664,7.0337182e-05,0.0016802866,0.015886911,4.4332388e-05,1.4983239e-05
0.20405478,7.0257507e-05,0.0016414958,0.015519721,4.3989639e-05,1.4915353e-05
0.20416276,7.0352038e-05,0.0016061609,0.015004231,4.3745929e-05,1.4884754e-05
0.20424375,7.043087e-05,0.0015795543,0.015460364,4.3561752e-05,1.4879081e-05
0.20435153,7.0434546e-05,0.0015417461,0.016191809,4.3262468e-05,1.4849212e-05
0.20443237,7.0501845e-05,0.0015154579,0.014647642,4.3123931e-05,1.4836472e-05
0.20454031,7.0758181e-05,0.0014839088,0.01504298,4.3024858e-05,1.4815564e-05
0.2046213,7.0794496e-05,0.0014588062,0.014544038,4.2901084e-05,1.4762747e-05
0.20472929,7.0888519e-05,0.0014277368,0.014854316,4.27196e-05,1.4691128e-05
0.20481017,7.075979e-05,0.0014038407,0.015316416,4.2507195e-05,1.4584899e-05
0.20491795,7.0762783e-05,0.0013791532,0.014600173,4.2351022e-05,1.4498872e-05
0.20499868,7.0638285e-05,0.0013616726,0.014569451,4.2156408e-05,1.4407403e-05
0.2051061,7.0465834e-05,0.0013434999,0.014543503,4.1938051e-05,1.4293417e-05
0.2051864,7.0189843e-05,0.0013300057,0.015025835,4.1689286e-05,1.4182794e-05
0.20529313,6.9903024e-05,0.0013180556,0.014870305,4.1403071e-05,1.4059073e-05
0.20537286,6.9640308e-05,0.0013109313,0.014877708,4.1161986e-05,1.3969639e-05
0.20547864,6.9229246e-05,0.0013040002,0.014285635,4.0811362e-05,1.3853225e-05
0.20555742,6.8839565e-05,0.0012992786,0.014809438,4.0492119e-05,1.3757442e-05
0.20566174,6.8350917e-05,0.0012962682,0.014862634,4.0083092e-05,1.3671116e-05
0.20573944,6.8003687e-05,0.0012965837,0.014082613,3.979907e-05,1.3637966e-05
0.20584206,6.7299033e-05,0.0012944667,0.01398914,3.9249902e-05,1.3535152e-05
0.20591834,6.687303e-05,0.0012964162,0.013690852,3.8892977e-05,1.3470074e-05
0.206019,6.6209464e-05,0.0012998583,0.013911056,3.8359177e-05,1.3366199e-05
0.20609369,6.5680939e-05,0.0013025201,0.013699585,3.7935602e-05,1.32607e-05
0.20619221,6.5044311e-05,0.0013092629,0.013577572,3.7417822e-05,1.3106163e-05
0.20626526,6.4491532e-05,0.0013128156,0.013600033,3.6994272e-05,1.2976977e-05
0.20636164,6.3855248e-05,0.0013190695,0.014560363,3.6479506e-05,1.2808245e-05
0.20643315,6.3287905e-05,0.0013223458,0.013720719,3.6056686e-05,1.2661345e-05
0.20652746,6.2636769e-05,0.0013280114,0.013921922,3.5550449e-05,1.2482848e-05
0.20659747,6.2097792e-05,0.0013294327,0.01315849,3.5146036e-05,1.2335745e-05
0.2066899,6.1388302e-05,0.0013318994,0.013134932,3.4656684e-05,1.2151877e-05
0.20675855,6.0923775e-05,0.0013335367,0.013511442,3.4338639e-05,1.20227e-05
0.20684928,6.0315945e-05,0.0013347497,0.013243735,3.3937027e-05,1.1862137e-05
0.20691671,5.982827e-05,0.0013334158,0.013363031,3.363214e-05,1.1739767e-05
0.20700587,5.9212377e-05,0.0013307991,0.012649151,3.3229707e-05,1.1602977e-05
0.20707229,5.8815422e-05,0.001329277,0.01235554,3.2994366e-05,1.1518045e-05
0.20716023,5.8305057e-05,0.0013260884,0.012466462,3.2666517e-05,1.1404784e-05
0.20722578,5.7922083e-05,0.0013224397,0.012305926,3.2427791e-05,1.1318678e-05
0.2073126,5.7402603e-05,0.0013162038,0.012244779,3.2104052e-05,1.1203136e-05
0.20737737,5.7115632e-05,0.0013134616,0.012617172,3.1921768e-05,1.1126185e-05
0.20746329,5.6680962e-05,0.0013079218,0.012596658,3.1652719e-05,1.1020141e-05
0.20754881,5.6371533e-05,0.0013043128,0.011988668,3.1441626e-05,1.0927421e-05
0.20761272,5.6077705e-05,0.0013005011,0.012174796,3.1247267e-05,1.0846022e-05
0.20769771,5.5841127e-05,0.0012992543,0.012335475,3.1097242e-05,1.0773977e-05
0.2077613,5.5655258e-05,0.0012979242,0.011195884,3.0972263e-05,1.0721295e-05
0.20784596,5.5445444e-05,0.0012974165,0.011431507,3.0847565e-05,1.0664323e-05
0.20790942,5.5346982e-05,0.0012995092,0.011874807,3.0802996e-05,1.0630672e-05
0.20799404,5.5214856e-05,0.0013029274,0.011666997,3.0732676e-05,1.0584826e-05
0.20805751,5.5123635e-05,0.0013066227,0.012182599,3.0703844e-05,1.0544597e-05
0.20814221,5.5121097e-05,0.0013151014,0.011776054,3.0724034e-05,1.051325e-05
0.2082058,5.5035346e-05,0.0013204414,0.012450562,3.0705076e-05,1.0478044e-05
0.2082908,5.5151544e-05,0.0013336839,0.011526592,3.0812222e-05,1.0478528e-05
0.2083547,5.5190934e-05,0.0013431003,0.011571575,3.0871586e-05,1.0473327e-05
0.20844018,5.5337042e-05,0.0013582605,0.012334996,3.1006654e-05,1.0496502e-05
0.20850451,5.5392875e-05,0.0013687998,0.012516191,3.1077997e-05,1.0516202e-05
0.20859062,5.5557668e-05,0.0013858135,0.012626925,3.1241163e-05,1.0555927e-05
0.2086555,5.5754989e-05,0.0014005262,0.012481278,3.1390578e-05,1.0598997e-05
0.2087424,5.6088928e-05,0.0014220988,0.012332671,3.1630416e-05,1.0664555e-05
0.20880789,5.6310002e-05,0.0014380276,0.012272677,3.1799282e-05,1.0713994e-05
0.20889574,5.6679423e-05,0.0014610462,0.011824478,3.2050435e-05,1.0800161e-05
0.20896197,5.6944454e-05,0.0014781141,0.012287908,3.2221814e-05,1.0873424e-05
0.20905087,5.7345215e-05,0.0015019352,0.013103068,3.2501203e-05,1.0995645e-05
0.2091179,5.7605598e-05,0.0015192491,0.01265179,3.2689453e-05,1.1080856e-05
0.20920789,5.8043531e-05,0.0015442373,0.012737655,3.2987209e-05,1.1207411e-05
0.20927582,5.8468776e-05,0.0015660399,0.013036816,3.3280073e-05,1.1319564e-05
0.20936694,5.8870559e-05,0.0015920026,0.012833312,3.3599243e-05,1.1445773e-05
0.20943581,5.9190485e-05,0.00161046,0.012501913,3.3822341e-05,1.1524317e-05
0.20952828,5.9771355e-05,0.0016397667,0.013350629,3.4250547e-05,1.1661879e-05
0.20959813,6.0053116e-05,0.0016568644,0.013629221,3.4483441e-05,1.1719701e-05
0.20969202,6.0662208e-05,0.0016847804,0.013320037,3.4927984e-05,1.1842854e-05
0.2097629,6.0978273e-05,0.0016989652,0.012812529,3.5176331e-05,1.1914251e-05
0.20985816,6.1453083e-05,0.0017141618,0.014063496,3.5553599e-05,1.2019245e-05
0.20993018,6.1931136e-05,0.0017247314,0.013137114,3.5933244e-05,1.2133756e-05
0.21002687,6.2448644e-05,0.0017266039,0.013796737,3.6332311e-05,1.2254834e-05
0.21010003,6.2815441e-05,0.0017204206,0.013848658,3.6638099e-05,1.2349195e-05
0.21019836,6.3552128e-05,0.0017097523,0.01370572,3.7184812e-05,1.2527145e-05
0.21027286,6.408318e-05,0.0016965537,0.014004524,3.7615113e-05,1.2671402e-05
0.21037292,6.4713154e-05,0.0016648712,0.013619871,3.8086357e-05,1.2859858e-05
0.21044877,6.5386324e-05,0.0016395778,0.014166163,3.8550074e-05,1.3065453e-05
0.21055098,6.6335353e-05,0.001600263,0.014197583,3.9153368e-05,1.3367505e-05
0.21062825,6.6868523e-05,0.0015634519,0.014868197,3.9527706e-05,1.3557307e-05
0.21073242,6.7938484e-05,0.0015197954,0.014933327,4.0194152e-05,1.3879965e-05
0.21083789,6.8817532e-05,0.0014701033,0.014910469,4.0749317e-05,1.4140403e-05
0.21091771,6.9681325e-05,0.0014383576,0.015704199,4.1279577e-05,1.4363932e-05
0.21102544,7.0872449e-05,0.0014000072,0.016216249,4.1997865e-05,1.4648001e-05
0.21110703,7.1534366e-05,0.001369665,0.016171793,4.2387216e-05,1.4787999e-05
0.21121707,7.2793084e-05,0.0013410507,0.016271512,4.3140248e-05,1.502597e-05
0.21130067,7.3732645e-05,0.0013231371,0.016667721,4.372492e-05,1.5209226e-05
0.21141362,7.5010587e-05,0.0013060293,0.016648005,4.4563379e-05,1.5460056e-05
0.21149949,7.5961848e-05,0.00129845,0.016970458,4.5212875e-05,1.5637065e-05
0.21161559,7.7318663e-05,0.0012949874,0.016407241,4.6144684e-05,1.5896105e-05
0.21170355,7.7717291e-05,0.0012864237,0.016701523,4.6487096e-05,1.5972857e-05
0.21182109,7.8102008e-05,0.0012796272,0.016906185,4.6881765e-05,1.6067583e-05
0.21190955,7.8517516e-05,0.0012805613,0.017790458,4.7247591e-05,1.6161706e-05
0.2120281,7.8942948e-05,0.0012853646,0.017599102,4.7672543e-05,1.6261652e-05
0.21211787,7.9689586e-05,0.0013006662,0.017798676,4.8243223e-05,1.6435359e-05
0.21223884,8.0870662e-05,0.0013286583,0.018696703,4.9097528e-05,1.6686607e-05
0.21233056,8.1685127e-05,0.0013525203,0.01839769,4.9692834e-05,1.6855098e-05
0.21245474,8.3388274e-05,0.0013998948,0.018477072,5.0851202e-05,1.7201305e-05
0.21254903,8.4265708e-05,0.0014337724,0.018226648,5.1503027e-05,1.737612e-05
0.21267654,8.5654587e-05,0.0014871721,0.01879245,5.2497696e-05,1.7618773e-05
0.21277365,8.6574002e-05,0.0015304043,0.018092127,5.3199804e-05,1.7753961e-05
0.21290518,8.8526363e-05,0.0016063673,0.020107417,5.4605861e-05,1.8061946e-05
0.2130058,9.0111e-05,0.0016707898,0.019294945,5.5709166e-05,1.8306167e-05
0.21314133,9.0166553e-05,0.0017251913,0.020498092,5.5891837e-05,1.8185395e-05
0.21324232,8.9783272e-05,0.0017604139,0.019804366,5.5671072e-05,1.800678e-05
0.21337541,8.8886274e-05,0.0018046008,0.020330399,5.5132097e-05,1.7679667e-05
0.21347395,8.7976454e-05,0.0018355901,0.019920149,5.4510791e-05,1.7383376e-05
0.21360339,8.6578829e-05,0.0018764686,0.018932227,5.358002e-05,1.7022928e-05
0.21369892,8.567963e-05,0.0019103533,0.018276208,5.2973159e-05,1.6823962e-05
0.21382437,8.4308264e-05,0.0019495819,0.017945883,5.2043114e-05,1.653489e-05
0.21391733,8.3943665e-05,0.0019919824,0.017966492,5.1745809e-05,1.6465712e-05
0.21403982,8.3071645e-05,0.0020333785,0.017055799,5.1128142e-05,1.6288905e-05
0.21413061,8.2115463e-05,0.0020502226,0.017951086,5.0499714e-05,1.606961e-05
0.21425015,8.1158097e-05,0.0020691647,0.017209762,4.9884392e-05,1.5840806e-05
0.21433839,8.0155599e-05,0.0020677271,0.016948625,4.9252958e-05,1.5605127e-05
0.21445462,7.9129818e-05,0.0020648137,0.016344825,4.8620694e-05,1.5372502e-05
0.21454092,7.8617656e-05,0.0020632648,0.015938279,4.8309606e-05,1.5233611e-05
0.2146552,7.8084861e-05,0.0020615728,0.016393369,4.7995082e-05,1.508877e-05
0.21474032,7.752848e-05,0.0020537142,0.016268585,4.7663471e-05,1.4970423e-05
0.2148538,7.7498982e-05,0.002060374,0.017297375,4.7656944e-05,1.4943429e-05
0.21493892,7.7538599e-05,0.0020638086,0.017154286,4.7627351e-05,1.4924391e-05
0.21505241,7.7694452e-05,0.0020678345,0.016375653,4.7609013e-05,1.4959436e-05
0.21516589,7.7798578e-05,0.0020708497,0.018200045,4.757396e-05,1.503634e-05
0.21525147,7.8530593e-05,0.0020894465,0.016785701,4.7927126e-05,1.5219064e-05
0.21536611,7.9382581e-05,0.0021102894,0.018199467,4.8320871e-05,1.5416657e-05
0.21545264,7.9549559e-05,0.0021127233,0.017547664,4.82992e-05,1.544651e-05
0.21556903,8.0430709e-05,0.0021325708,0.01804672,4.8685004e-05,1.5581991e-05
0.21565633,8.0557884e-05,0.002131968,0.018035269,4.8621836e-05,1.5555376e-05
0.21577163,7.988272e-05,0.0021084197,0.017813934,4.8086383e-05,1.5362025e-05
0.21585811,7.9948662e-05,0.002101702,0.018255214,4.8024693e-05,1.531339e-05
0.21597255,7.920682e-05,0.0020651247,0.01743836,4.7467535e-05,1.508623e-05
0.21605816,7.9177686e-05,0.0020469505,0.017472856,4.7401788e-05,1.503333e-05
0.21617232,7.914337e-05,0.0020106957,0.017457726,4.7342461e-05,1.495816e-05
0.21625699,7.8213055e-05,0.0019532609,0.01686389,4.6751848e-05,1.4741925e-05
0.21636989,7.808931e-05,0.0018926665,0.016820469,4.6710493e-05,1.4699374e-05
0.21645456,7.7968175e-05,0.0018349605,0.016599995,4.6667779e-05,1.4661778e-05
0.21656746,7.782822e-05,0.0017461535,0.01693237,4.6625568e-05,1.4607813e-05
0.21665213,7.7687275e-05,0.0016725433,0.016311559,4.6594335e-05,1.4566447e-05
0.21676503,7.7516591e-05,0.001570757,0.016112158,4.6533662e-05,1.4520741e-05
0.2168497,7.7381504e-05,0.0014927497,0.016425238,4.6476954e-05,1.4486439e-05
0.21696431,7.8333856e-05,0.0014106701,0.015998729,4.7081876e-05,1.4666138e-05
0.21705026,7.8167161e-05,0.0013372539,0.01660555,4.7016339e-05,1.4641625e-05
0.21716487,7.7912369e-05,0.0012472247,0.016968578,4.6935449e-05,1.461221e-05
0.21725138,7.9211477e-05,0.001208758,0.017924441,4.7782014e-05,1.4893615e-05
0.21736819,7.894942e-05,0.0011335388,0.017232288,4.7694411e-05,1.487682e-05
0.2174558,7.8774741e-05,0.0010838082,0.016675624,4.7667223e-05,1.4859055e-05
0.21757261,7.8556051e-05,0.0010250066,0.018023625,4.7646699e-05,1.4853387e-05
0.21765808,7.6505519e-05,0.00096316924,0.017608419,4.6470186e-05,1.4488212e-05
0.21776837,7.2374628e-05,0.0008732189,0.016523093,4.4039048e-05,1.3754294e-05
0.21784863,7.0244907e-05,0.00082365955,0.015996739,4.2775852e-05,1.339012e-05
0.21795127,6.8100781e-05,0.0007729414,0.01639482,4.150861e-05,1.3029332e-05
0.21802528,6.5961764e-05,0.00073248677,0.015061039,4.0188866e-05,1.2643494e-05
0.21812141,6.3723836e-05,0.00068928783,0.015247061,3.8775809e-05,1.2222137e-05
0.21819022,6.1402681e-05,0.00065280154,0.013666619,3.732402e-05,1.1783841e-05
0.21827998,5.8775963e-05,0.0006124236,0.013928697,3.5666305e-05,1.1291729e-05
0.2183458,5.8789845e-05,0.00060468253,0.014304095,3.5656067e-05,1.1317348e-05
0.21842991,5.5545642e-05,0.00056301902,0.014674693,3.3660914e-05,1.071398e-05
0.21849207,5.5561738e-05,0.00055791298,0.013732638,3.3639305e-05,1.0736277e-05
0.21857496,5.5540186e-05,0.00055206356,0.012915092,3.3625245e-05,1.0768625e-05
0.21863712,5.5547524e-05,0.00054871892,0.013402006,3.3614516e-05,1.0792368e-05
0.21872001,5.5476111e-05,0.00054547473,0.012884021,3.3586511e-05,1.081243e-05
0.21877951,5.1845792e-05,0.00050861022,0.012604201,3.1366689e-05,1.0096063e-05
0.21885645,5.1289491e-05,0.00050277515,0.01186502,3.1023195e-05,9.9760064e-06
0.21893271,5.0840577e-05,0.00049969732,0.011640946,3.0781054e-05,9.8867969e-06
0.21898958,5.0600636e-05,0.0004991326,0.011758985,3.0655075e-05,9.8335912e-06
0.21906511,5.0357365e-05,0.0005004346,0.011351378,3.0560047e-05,9.7803888e-06
0.2191216,5.0234685e-05,0.00050285961,0.01146501,3.0526576e-05,9.7475573e-06
0.21919684,5.0150616e-05,0.00050807641,0.011298479,3.0534315e-05,9.7151626e-06
0.21925326,5.0123807e-05,0.00051330785,0.012171284,3.056303e-05,9.7008037e-06
0.21932854,5.0164642e-05,0.00052238503,0.011833713,3.0644207e-05,9.6924321e-06
0.21938511,5.0254351e-05,0.00053099893,0.011385338,3.0742037e-05,9.6976353e-06
0.21946074,5.0409038e-05,0.0005443628,0.012124621,3.0900034e-05,9.6966762e-06
0.21951768,5.0556037e-05,0.00055613066,0.011613401,3.1041691e-05,9.7122224e-06
0.21959396,5.0797483e-05,0.00057397501,0.011823923,3.1252104e-05,9.7502281e-06
0.21965147,5.1039619e-05,0.00058949802,0.012138123,3.1442547e-05,9.7895637e-06
0.21972856,5.1362036e-05,0.0006121868,0.011956493,3.1691517e-05,9.8702083e-06
0.21978674,5.1649958e-05,0.00063166635,0.011869826,3.1907128e-05,9.9533177e-06
0.21986483,5.2051668e-05,0.00066066105,0.012275008,3.2204082e-05,1.0085641e-05
0.21992381,5.2419766e-05,0.00068518371,0.011506691,3.2457949e-05,1.0192356e-05
0.22000306,5.2921207e-05,0.00072143464,0.012125055,3.2805458e-05,1.0334537e-05
0.22006298,5.3338216e-05,0.0007519113,0.012108742,3.3097536e-05,1.045278e-05
0.22014357,5.3933661e-05,0.00079711352,0.011946189,3.3497406e-05,1.0606521e-05
0.22020454,5.4392139e-05,0.00083448239,0.012554757,3.3795865e-05,1.0701576e-05
0.22028657,5.5011375e-05,0.00088915703,0.012543648,3.4208265e-05,1.0833517e-05
0.22034864,5.5492009e-05,0.00093414246,0.013272992,3.4513675e-05,1.0923269e-05
0.22043215,5.6157735e-05,0.00099870094,0.012384195,3.4901906e-05,1.1027067e-05
0.22049533,5.6608635e-05,0.0010509633,0.012409933,3.5192043e-05,1.109919e-05
0.22058031,5.7232726e-05,0.0011251699,0.013152543,3.5586677e-05,1.1189514e-05
0.22064466,5.7728853e-05,0.0011837091,0.013042191,3.5901364e-05,1.126988e-05
0.22073123,5.8345329e-05,0.0012609682,0.012738664,3.6297186e-05,1.1365114e-05
0.22079674,5.88004e-05,0.0013184896,0.012707602,3.6617075e-05,1.1430335e-05
0.22088487,5.9381656e-05,0.0013929355,0.012665722,3.702857e-05,1.1515632e-05
0.22095156,5.9807671e-05,0.0014456676,0.012663247,3.7341881e-05,1.1587916e-05
0.22104129,6.0367921e-05,0.0015096219,0.013553218,3.7769472e-05,1.1685693e-05
0.2211092,6.0820667e-05,0.0015528871,0.012751885,3.8118325e-05,1.1766932e-05
0.22120057,6.1398673e-05,0.0016033295,0.012984534,3.8562046e-05,1.1885826e-05
0.22126977,6.1839599e-05,0.0016379596,0.013877509,3.8898622e-05,1.1984233e-05
0.2213629,6.2505665e-05,0.0016773489,0.013500524,3.9347017e-05,1.2114992e-05
0.22143343,6.2957789e-05,0.0017023739,0.013625727,3.9651337e-05,1.2199775e-05
0.22152834,6.3522087e-05,0.0017304971,0.014475232,4.0035871e-05,1.2312979e-05
0.22160016,6.3942588e-05,0.0017469298,0.01348639,4.0317384e-05,1.2388232e-05
0.22169678,6.4515442e-05,0.0017662575,0.014222632,4.0689054e-05,1.251017e-05
0.22176989,6.4891581e-05,0.0017770966,0.014029716,4.092279e-05,1.2595463e-05
0.2218682,6.5460236e-05,0.0017911496,0.013728717,4.1265815e-05,1.2716857e-05
0.22196751,6.5993376e-05,0.0018034935,0.014182974,4.1593812e-05,1.2843343e-05
0.22204266,6.6464323e-05,0.0018132733,0.013897347,4.1865969e-05,1.2938851e-05
0.22214383,6.7143113e-05,0.0018278344,0.014834257,4.2258737e-05,1.309008e-05
0.22222048,6.7704154e-05,0.0018404176,0.01528208,4.2571031e-05,1.3217337e-05
0.22232384,6.8549934e-05,0.0018598946,0.014740177,4.3046691e-05,1.3420178e-05
0.22240228,6.9307775e-05,0.0018774695,0.014742489,4.343972e-05,1.3585658e-05
0.22250819,7.0413249e-05,0.0019041046,0.01536262,4.4025624e-05,1.3842776e-05
0.22258862,7.1298979e-05,0.0019259068,0.015531218,4.4464286e-05,1.4057904e-05
0.22269725,7.2618362e-05,0.0019590742,0.014732337,4.510735e-05,1.4345376e-05
0.22277979,7.3645338e-05,0.0019854342,0.016124776,4.5600694e-05,1.4562185e-05
0.22289135,7.5210275e-05,0.0020250869,0.016366856,4.6349133e-05,1.4880164e-05
0.22297627,7.6474856e-05,0.0020573604,0.01612658,4.697286e-05,1.5142479e-05
0.22309122,7.818167e-05,0.0021024927,0.017063071,4.7821992e-05,1.5527552e-05
0.22317886,7.9649655e-05,0.0021390301,0.017700647,4.8583662e-05,1.5837846e-05
0.22329785,8.1735249e-05,0.0021896153,0.017284436,4.9699453e-05,1.6292105e-05
0.22338878,8.3336301e-05,0.0022288323,0.018325751,5.0581902e-05,1.6634289e-05
0.22351121,8.3586977e-05,0.0022283882,0.018965059,5.0623115e-05,1.6699157e-05
0.2236016,8.2466561e-05,0.0021927128,0.018606817,4.989076e-05,1.6470569e-05
0.22371991,8.1049261e-05,0.0021482574,0.017885647,4.8990532e-05,1.6204913e-05
0.2238073,8.0170539e-05,0.0021206307,0.018029281,4.845934e-05,1.6028155e-05
0.22392229,7.9286545e-05,0.0020922592,0.01917648,4.7911943e-05,1.5838777e-05
0.22400762,7.8720689e-05,0.0020742063,0.018163208,4.7556794e-05,1.572373e-05
0.22412038,7.8170234e-05,0.0020553447,0.018066817,4.7232944e-05,1.5594036e-05
0.22420432,7.787477e-05,0.0020444213,0.017652939,4.7005247e-05,1.5506449e-05
0.22431561,7.7623479e-05,0.0020334907,0.01756854,4.6813529e-05,1.5412392e-05
0.22439866,7.7463498e-05,0.0020255996,0.016671518,4.6660984e-05,1.5350683e-05
0.22450896,7.7418106e-05,0.0020193786,0.016950276,4.6544831e-05,1.5328771e-05
0.22459141,7.7381791e-05,0.0020141332,0.01707851,4.6418747e-05,1.5331048e-05
0.22470106,7.7452919e-05,0.0020086081,0.016787725,4.6301616e-05,1.5340467e-05
0.22478309,7.7481438e-05,0.0020042163,0.016984639,4.6214835e-05,1.5340476e-05
0.22489222,7.7562936e-05,0.0019997341,0.016832578,4.6099657e-05,1.532476e-05
0.22497393,7.7627073e-05,0.0019964817,0.016724807,4.6000851e-05,1.5298171e-05
0.22508273,7.7719637e-05,0.0019932357,0.016269489,4.5867526e-05,1.5278023e-05
0.22516424,7.7804548e-05,0.0019920643,0.017378432,4.5750921e-05,1.525693e-05
0.22527288,7.7908927e-05,0.0019921506,0.017909095,4.5590923e-05,1.5237092e-05
0.22535432,7.7984373e-05,0.0019928437,0.016623303,4.5471201e-05,1.5236202e-05
0.2254629,7.8017655e-05,0.0019947013,0.015775117,4.5351498e-05,1.5225987e-05
0.22554444,7.8228325e-05,0.0019994287,0.016893293,4.5315044e-05,1.5235612e-05
0.22565326,7.8308319e-05,0.002002151,0.016324264,4.5219082e-05,1.5213588e-05
0.22573483,7.8253968e-05,0.0020015244,0.016471304,4.5099153e-05,1.5190503e-05
0.22584367,7.8180133e-05,0.0019987218,0.016449752,4.4981452e-05,1.5158059e-05
0.22595276,7.8330664e-05,0.0019940261,0.016444943,4.4913961e-05,1.514324e-05
0.22603467,7.8213987e-05,0.0019797005,0.016008616,4.4763074e-05,1.508132e-05
0.22614394,7.8119973e-05,0.001955511,0.015805023,4.4535304e-05,1.5001634e-05
0.22622592,7.7934595e-05,0.0019281777,0.016143902,4.428575e-05,1.4920418e-05
0.22633498,7.7575891e-05,0.0018806236,0.015405815,4.3879443e-05,1.47709e-05
0.22641668,7.7386509e-05,0.0018410365,0.015083399,4.3615376e-05,1.4664551e-05
0.22652558,7.7218028e-05,0.0017804557,0.015268442,4.3280542e-05,1.4533931e-05
0.22660725,7.7130718e-05,0.0017285387,0.015771527,4.3032357e-05,1.4449271e-05
0.22671619,7.6879548e-05,0.0016564403,0.014817845,4.2749775e-05,1.4330924e-05
0.22679796,7.6792539e-05,0.0016008533,0.014619249,4.2562889e-05,1.4242724e-05
0.22690713,7.6706528e-05,0.001527827,0.014520766,4.2344286e-05,1.4098455e-05
0.22698914,7.6653556e-05,0.0014735161,0.01497753,4.2218776e-05,1.3983522e-05
0.22709858,7.6548336e-05,0.0014002284,0.014824496,4.1973014e-05,1.3844096e-05
0.22718075,7.6479596e-05,0.0013478486,0.014774417,4.1814276e-05,1.3755747e-05
0.22729038,7.6391386e-05,0.0012822039,0.014520861,4.1594337e-05,1.3665661e-05
0.2273726,7.6237332e-05,0.0012345918,0.015610944,4.1395277e-05,1.358785e-05
0.22748213,7.6077158e-05,0.0011763863,0.014953671,4.1132436e-05,1.3500577e-05
0.22756415,7.5941386e-05,0.0011355307,0.015602272,4.0905139e-05,1.3424802e-05
0.22767331,7.5729132e-05,0.0010855343,0.015142623,4.0623318e-05,1.3352709e-05
0.22775491,7.5500902e-05,0.0010501241,0.015843974,4.035629e-05,1.329141e-05
0.22786327,7.5097195e-05,0.0010062533,0.015449962,3.9969655e-05,1.3218739e-05
0.2279441,7.4742558e-05,0.00097623607,0.015381035,3.9659027e-05,1.3164182e-05
0.22805118,7.4162061e-05,0.00093889813,0.0154063,3.9213273e-05,1.3074219e-05
0.22813087,7.3561967e-05,0.00091254415,0.015048261,3.8813968e-05,1.2985542e-05
0.22823617,7.2734597e-05,0.00088147097,0.015957691,3.8289585e-05,1.2835701e-05
0.22831437,7.2085473e-05,0.00086115334,0.015559175,3.7897587e-05,1.2723245e-05
0.2284175,7.1101134e-05,0.00083641477,0.015476292,3.7332262e-05,1.2552076e-05
0.22849397,7.0361849e-05,0.00082085595,0.014967972,3.6902237e-05,1.2428118e-05
0.22859473,6.9307503e-05,0.00080345696,0.014299815,3.6355906e-05,1.225631e-05
0.22866941,6.849599e-05,0.00079285268,0.014185989,3.5959656e-05,1.2133567e-05
0.22876779,6.7438452e-05,0.00078150121,0.01374477,3.5441271e-05,1.1965396e-05
0.2288407,6.6663257e-05,0.00077545547,0.01395717,3.5074606e-05,1.1858113e-05
0.22893676,6.5651431e-05,0.00077024267,0.013713807,3.4592848e-05,1.1709096e-05
0.22900798,6.4926223e-05,0.00076815689,0.013589219,3.4239557e-05,1.1612682e-05
0.22910188,6.4063115e-05,0.00076840654,0.012722272,3.3797792e-05,1.1503745e-05
0.22917154,6.3444598e-05,0.00077066699,0.012571232,3.3489915e-05,1.1444906e-05
0.22926343,6.258768e-05,0.00077549408,0.012625807,3.3078665e-05,1.1383826e-05
0.22933166,6.2048654e-05,0.00078163396,0.012604157,3.2797633e-05,1.1353576e-05
0.22942177,6.138892e-05,0.00079259251,0.012271698,3.2465259e-05,1.1327734e-05
0.22951099,6.0744433e-05,0.00080619208,0.012959215,3.2150859e-05,1.1302774e-05
0.22957735,6.032919e-05,0.00081855701,0.012556823,3.1936646e-05,1.128925e-05
0.22966514,5.9791094e-05,0.00083756171,0.01256028,3.1665364e-05,1.1246518e-05
0.22973053,5.9411283e-05,0.00085374629,0.012545169,3.1482388e-05,1.1221512e-05
0.22981715,5.8968871e-05,0.00087779758,0.013541903,3.1254446e-05,1.1175491e-05
0.22988173,5.8672055e-05,0.00089806204,0.013091882,3.1108641e-05,1.1145393e-05
0.22996738,5.8291753e-05,0.00092745298,0.012857682,3.0912498e-05,1.1087774e-05
0.23003132,5.8023455e-05,0.0009514975,0.012504863,3.0789982e-05,1.1044649e-05
0.23011624,5.7725662e-05,0.00098633076,0.012323069,3.0671359e-05,1.1003557e-05
0.23017972,5.7525234e-05,0.0010139685,0.012935643,3.0591734e-05,1.0956133e-05
0.23026412,5.7288728e-05,0.0010526148,0.012804113,3.0527269e-05,1.0906159e-05
0.2303273,5.7101565e-05,0.0010825411,0.012493428,3.0484242e-05,1.0864832e-05
0.23041146,5.6983462e-05,0.0011247045,0.012642906,3.0481723e-05,1.0827012e-05
0.23047452,5.6866869e-05,0.0011556968,0.012535981,3.0469469e-05,1.0798134e-05
0.23055861,5.6794022e-05,0.0011978453,0.011985153,3.0524134e-05,1.0771728e-05
0.23062173,5.6783437e-05,0.001228975,0.011357713,3.0559331e-05,1.0755807e-05
0.23070599,5.6770942e-05,0.0012705237,0.012395066,3.0623798e-05,1.0740489e-05
0.23076931,5.6794805e-05,0.0013014948,0.012398775,3.0710303e-05,1.0734468e-05
0.23085393,5.6917461e-05,0.0013416443,0.011785955,3.0820855e-05,1.0720623e-05
0.2309176,5.6999802e-05,0.0013702169,0.012057111,3.0903894e-05,1.0718026e-05
0.23100278,5.7164799e-05,0.001405408,0.012581153,3.1031155e-05,1.0714855e-05
0.23106691,5.730014e-05,0.0014297247,0.012037081,3.1134004e-05,1.0714877e-05
0.23115279,5.7453661e-05,0.0014603165,0.011932607,3.1260161e-05,1.0707032e-05
0.23121751,5.7651488e-05,0.0014831591,0.012158992,3.1404224e-05,1.0721051e-05
0.23130425,5.7871806e-05,0.0015101753,0.012232294,3.1548984e-05,1.0729865e-05
0.23136967,5.8077498e-05,0.0015289164,0.011714251,3.1696229e-05,1.0755504e-05
0.23145743,5.8371139e-05,0.0015524389,0.011375393,3.1903898e-05,1.0784555e-05
0.23152366,5.861649e-05,0.0015689805,0.011757306,3.2072068e-05,1.0819939e-05
0.23161251,5.8935665e-05,0.0015857996,0.011574915,3.229885e-05,1.0854051e-05
0.23167958,5.9202859e-05,0.0015959978,0.012612454,3.2480933e-05,1.0888733e-05
0.23176962,5.9555149e-05,0.0016042421,0.01193804,3.2720916e-05,1.0936926e-05
0.23183763,5.9895666e-05,0.0016087458,0.012063107,3.2945708e-05,1.0999289e-05
0.23192896,6.0329108e-05,0.0016101631,0.012104921,3.3223667e-05,1.1086277e-05
0.231998,6.0720083e-05,0.0016086548,0.01259203,3.3462957e-05,1.1168292e-05
0.23209078,6.1269372e-05,0.001604699,0.013102333,3.3774365e-05,1.1283684e-05
0.23216088,6.1661854e-05,0.0015992952,0.012866961,3.39862e-05,1.1365322e-05
0.2322551,6.2293073e-05,0.0015916639,0.013235711,3.4311356e-05,1.1497813e-05
0.23232631,6.2745942e-05,0.0015837737,0.013610123,3.4529938e-05,1.1587058e-05
0.23242203,6.3432624e-05,0.0015748544,0.01330407,3.4867964e-05,1.1751596e-05
0.23249437,6.3910027e-05,0.0015664694,0.013730774,3.5097076e-05,1.1876909e-05
0.23259163,6.4649926e-05,0.0015565654,0.013570039,3.5478972e-05,1.2075721e-05
0.2326899,6.5469914e-05,0.0015475165,0.01301406,3.5897871e-05,1.2302453e-05
0.23276427,6.6056397e-05,0.0015392754,0.013366515,3.6204108e-05,1.2467547e-05
0.2328644,6.6899312e-05,0.00152751,0.013436054,3.664939e-05,1.2688946e-05
0.23294023,6.7550464e-05,0.0015175369,0.014328694,3.7005844e-05,1.2854148e-05
0.23304237,6.8476017e-05,0.0015031355,0.01469472,3.7525624e-05,1.3079239e-05
0.23311977,6.9116645e-05,0.001488762,0.014656955,3.7905967e-05,1.3247399e-05
0.23322403,7.0004406e-05,0.0014654864,0.01516209,3.8450886e-05,1.3463324e-05
0.23330306,7.0680521e-05,0.0014460397,0.015071819,3.8875162e-05,1.3646647e-05
0.23340955,7.1650325e-05,0.0014184013,0.015212018,3.9496965e-05,1.3899655e-05
0.2334903,7.2374263e-05,0.001395674,0.015447596,3.9981597e-05,1.4106034e-05
0.23359917,7.3407393e-05,0.0013650409,0.015530566,4.0669302e-05,1.439591e-05
0.23368182,7.42944e-05,0.001342725,0.015980132,4.1245541e-05,1.4626457e-05
0.23379339,7.5486425e-05,0.0013132144,0.01642214,4.2056424e-05,1.4956757e-05
0.23387821,7.6560713e-05,0.0012933639,0.01612077,4.2726635e-05,1.5238575e-05
0.23399271,7.7760035e-05,0.0012637327,0.016180768,4.3492027e-05,1.5628807e-05
0.23407918,7.840258e-05,0.0012381634,0.015951362,4.390743e-05,1.5862091e-05
0.23419514,7.937619e-05,0.001207548,0.017373344,4.4497299e-05,1.6194843e-05
0.2342828,8.0292439e-05,0.001188553,0.017832585,4.5038633e-05,1.6457921e-05
0.23440079,8.1702473e-05,0.0011681694,0.018176529,4.5861193e-05,1.6810668e-05
0.23449024,8.2816364e-05,0.0011568819,0.018799405,4.6510834e-05,1.7082728e-05
0.23461041,8.320093e-05,0.0011298888,0.019743972,4.6753171e-05,1.7145353e-05
0.23469854,8.1421019e-05,0.0010865222,0.019144985,4.5745643e-05,1.6732531e-05
0.23481285,7.9347452e-05,0.0010397764,0.018119976,4.4615267e-05,1.6240881e-05
0.23489669,7.8139353e-05,0.0010148748,0.017123798,4.4017013e-05,1.5940554e-05
0.23500659,7.6930238e-05,0.00099253867,0.017818681,4.3454241e-05,1.560519e-05
0.23508782,7.616361e-05,0.00098181119,0.017200469,4.3078181e-05,1.536847e-05
0.23519483,7.5309292e-05,0.00097515393,0.016531883,4.2779576e-05,1.5109064e-05
0.2352744,7.4829656e-05,0.00097565207,0.016082601,4.2610396e-05,1.4941531e-05
0.23537966,7.4206325e-05,0.00098086608,0.01538829,4.2399766e-05,1.4716047e-05
0.23545813,7.3857062e-05,0.00098931769,0.015487144,4.227491e-05,1.4573376e-05
0.2355623,7.3481973e-05,0.0010058917,0.015225895,4.2176139e-05,1.4383454e-05
0.23564005,7.3168617e-05,0.0010212312,0.014790567,4.2038117e-05,1.4236514e-05
0.23574346,7.2945581e-05,0.0010486954,0.015633016,4.1987645e-05,1.4068933e-05
0.23582083,7.2674596e-05,0.0010709756,0.014947919,4.1857553e-05,1.3921872e-05
0.23592377,7.2433701e-05,0.0011063065,0.015115057,4.1761118e-05,1.3766588e-05
0.23600087,7.2330723e-05,0.0011372846,0.014257386,4.1677073e-05,1.3674322e-05
0.23610364,7.2225343e-05,0.0011845907,0.014256422,4.1634984e-05,1.3593048e-05
0.23618061,7.203278e-05,0.0012213167,0.014115375,4.1521563e-05,1.3501598e-05
0.23628318,7.1940572e-05,0.0012776859,0.014634093,4.1457877e-05,1.3440486e-05
0.23636016,7.1927664e-05,0.001324453,0.013889724,4.1458323e-05,1.3413468e-05
0.23646282,7.1836413e-05,0.0013886934,0.014960061,4.1415141e-05,1.3360001e-05
0.23656554,7.1818645e-05,0.0014578975,0.01461779,4.1403522e-05,1.3334905e-05
0.23664262,7.1780016e-05,0.0015092978,0.014620897,4.1360758e-05,1.3299076e-05
0.23674551,7.1895869e-05,0.0015804266,0.01451409,4.1383959e-05,1.329478e-05
0.23682279,7.1942617e-05,0.0016330792,0.014798688,4.1364834e-05,1.3285042e-05
0.23692587,7.1911843e-05,0.0016975992,0.015156662,4.1278243e-05,1.3249775e-05
0.23700328,7.2057692e-05,0.0017457131,0.016065883,4.1271184e-05,1.3250246e-05
0.23710675,7.2193905e-05,0.0017989858,0.014874632,4.126239e-05,1.3266827e-05
0.23718437,7.2227611e-05,0.0018275733,0.015499678,4.1162848e-05,1.3271872e-05
0.23728803,7.2429738e-05,0.0018508234,0.016518392,4.114494e-05,1.3310624e-05
0.23736594,7.260906e-05,0.001854789,0.01584756,4.1135237e-05,1.3351131e-05
0.23747005,7.2857801e-05,0.001841999,0.015624742,4.1146811e-05,1.3415364e-05
0.23754834,7.3006625e-05,0.0018228743,0.01536004,4.115468e-05,1.3461415e-05
0.23765286,7.3076086e-05,0.0017850201,0.015239023,4.1076839e-05,1.3468348e-05
0.2377314,7.3195643e-05,0.0017550793,0.016144593,4.1085798e-05,1.3477727e-05
0.23783636,7.3244883e-05,0.0017096012,0.015511045,4.1076594e-05,1.3469e-05
0.23791538,7.3476915e-05,0.0016778359,0.015575935,4.1187357e-05,1.3500262e-05
0.23802093,7.3417666e-05,0.0016259311,0.015062152,4.1130626e-05,1.3476782e-05
0.23810028,7.3540325e-05,0.0015917264,0.015551374,4.1211936e-05,1.3497743e-05
0.23820638,7.3621362e-05,0.0015457438,0.015936647,4.1280558e-05,1.3512186e-05
0.23828628,7.3721566e-05,0.0015142252,0.015254351,4.1353062e-05,1.3539484e-05
0.23839314,7.3789358e-05,0.0014727564,0.0149794,4.1461085e-05,1.3551832e-05
0.23847346,7.3832837e-05,0.0014427928,0.015606453,4.1503566e-05,1.3574946e-05
0.23858097,7.4020809e-05,0.0014064284,0.015179432,4.1622049e-05,1.367145e-05
0.23866192,7.4187413e-05,0.0013803801,0.014823127,4.173022e-05,1.3778921e-05
0.23877029,7.442814e-05,0.0013479125,0.015595476,4.1895889e-05,1.3941512e-05
0.23885189,7.4638683e-05,0.0013252881,0.014350102,4.2018779e-05,1.4066131e-05
0.23896113,7.492415e-05,0.0012970194,0.01557553,4.2222778e-05,1.4234952e-05
0.2390434,7.5149043e-05,0.0012768555,0.015621634,4.2365544e-05,1.4352815e-05
0.23915366,7.5532519e-05,0.00125256,0.016434863,4.2622176e-05,1.4518223e-05
0.23923684,7.5942278e-05,0.0012366318,0.016704684,4.2881958e-05,1.4653091e-05
0.2393486,7.6502942e-05,0.0012159135,0.017474147,4.3256413e-05,1.4835892e-05
0.23943302,7.6917465e-05,0.0012002227,0.017996546,4.3519701e-05,1.4967386e-05
0.23954638,7.7475201e-05,0.0011792723,0.017666895,4.3936189e-05,1.5160762e-05
0.23963206,7.7851092e-05,0.0011625145,0.017636163,4.4242156e-05,1.5284003e-05
0.23974721,7.8491348e-05,0.0011410137,0.018124109,4.4765491e-05,1.5482778e-05
0.23983449,7.9186409e-05,0.0011270818,0.017619017,4.5312926e-05,1.5672976e-05
0.23994939,7.6656669e-05,0.0010598904,0.018203237,4.4055318e-05,1.5241531e-05
0.24003263,7.4203196e-05,0.0010051573,0.017228987,4.2803241e-05,1.4814229e-05
0.24013964,7.0999873e-05,0.00093678977,0.016838691,4.1140826e-05,1.4247228e-05
0.24021698,6.8710587e-05,0.00088973534,0.016215868,3.9940964e-05,1.3814862e-05
0.24031639,6.5793511e-05,0.00083209495,0.015756074,3.8358354e-05,1.3249431e-05
0.24041179,6.3010187e-05,0.00078016917,0.015269135,3.6838191e-05,1.2679679e-05
0.24048093,6.1205013e-05,0.00074610289,0.014119369,3.5814363e-05,1.2298254e-05
0.24057029,5.9014077e-05,0.00070663818,0.014477022,3.4592159e-05,1.1837197e-05
0.24063533,5.7482578e-05,0.00067981602,0.014043466,3.3728167e-05,1.1514639e-05
0.24071983,5.5818453e-05,0.00065037096,0.013037696,3.2779134e-05,1.1149446e-05
0.2407818,5.4747899e-05,0.00063177557,0.01339531,3.2178019e-05,1.0919541e-05
0.24086281,5.3518122e-05,0.00061063359,0.011952578,3.1476788e-05,1.0634748e-05
0.24092252,5.2723253e-05,0.00059741362,0.012005335,3.1028361e-05,1.0459807e-05
0.24100101,5.1850149e-05,0.00058327322,0.011197282,3.0533557e-05,1.0246464e-05
0.24105919,5.1345564e-05,0.00057512997,0.011517119,3.0247627e-05,1.012142e-05
0.24113604,5.0754358e-05,0.00056630489,0.01152318,2.9902251e-05,9.9589511e-06
0.24119321,5.0431142e-05,0.00056145531,0.011104986,2.9710745e-05,9.8607957e-06
0.24126898,5.0113963e-05,0.00055756563,0.011222837,2.9527628e-05,9.7486266e-06
0.24132557,4.998353e-05,0.00055632164,0.011231112,2.9454748e-05,9.6943183e-06
0.24140078,4.9816487e-05,0.00055565105,0.011529788,2.9359324e-05,9.623353e-06
0.2414571,4.9786459e-05,0.00055680668,0.01177837,2.9358264e-05,9.5884307e-06
0.24153215,4.9820797e-05,0.00055994585,0.011612901,2.9353161e-05,9.550338e-06
0.2415885,4.9942259e-05,0.00056385576,0.011405818,2.9415894e-05,9.5445023e-06
0.24166375,5.0084791e-05,0.00056967739,0.011458572,2.9470166e-05,9.5336004e-06
0.24172034,5.0274351e-05,0.00057541804,0.011239828,2.9544477e-05,9.537275e-06
0.24179603,5.0529178e-05,0.00058407755,0.011607868,2.96589e-05,9.5479414e-06
0.24185306,5.079531e-05,0.00059216493,0.012003583,2.9788533e-05,9.5794732e-06
0.24192945,5.1152964e-05,0.0006037914,0.012493463,2.9936228e-05,9.6218524e-06
0.24198707,5.1440638e-05,0.00061353292,0.012550992,3.0073333e-05,9.6688345e-06
0.24206437,5.188361e-05,0.00062862141,0.01309039,3.0280276e-05,9.7499714e-06
0.24212272,5.2211603e-05,0.00064086411,0.011693637,3.043525e-05,9.8134667e-06
0.24220106,5.2666333e-05,0.00065894703,0.012099364,3.0651007e-05,9.9011513e-06
0.24226024,5.303512e-05,0.00067432311,0.011648122,3.0849765e-05,9.9668846e-06
0.24233979,5.3512237e-05,0.00069718667,0.012036534,3.1103028e-05,1.0036521e-05
0.24239995,5.3933009e-05,0.00071708106,0.012536658,3.1335896e-05,1.0094045e-05
0.24248084,5.4384874e-05,0.0007451969,0.012556064,3.1594632e-05,1.0150681e-05
0.24254204,5.4788492e-05,0.00076987603,0.012110873,3.183027e-05,1.0198058e-05
0.24262438,5.5314055e-05,0.00080632999,0.011803657,3.2134543e-05,1.0260979e-05
0.2426867,5.5656023e-05,0.00083622065,0.012849493,3.2360008e-05,1.0302145e-05
0.24277052,5.6153847e-05,0.00088114649,0.012291567,3.2681347e-05,1.0363315e-05
0.24283395,5.6514766e-05,0.00091843479,0.012702046,3.2918918e-05,1.0412076e-05
0.24291926,5.6971479e-05,0.00097360302,0.012284334,3.3234839e-05,1.0475428e-05
0.24298383,5.7336755e-05,0.0010192861,0.012728434,3.3493099e-05,1.0543795e-05
0.24307069,5.782649e-05,0.0010870166,0.013029503,3.3831739e-05,1.0628653e-05
0.24313641,5.8201865e-05,0.001142632,0.012625079,3.4112554e-05,1.0710694e-05
0.24322486,5.8713162e-05,0.0012201062,0.012344936,3.4481498e-05,1.0843195e-05
0.2433142,5.9242068e-05,0.001301133,0.012906209,3.4871048e-05,1.1004851e-05
0.2433818,5.9603586e-05,0.0013625849,0.012652169,3.5152927e-05,1.1149081e-05
0.24347278,6.0191314e-05,0.0014432204,0.012743112,3.5579728e-05,1.1385177e-05
0.24354166,6.0674009e-05,0.0014995946,0.012818332,3.5926644e-05,1.1586541e-05
0.24363437,6.132171e-05,0.0015663567,0.013778282,3.6382199e-05,1.1869855e-05
0.24370457,6.184638e-05,0.0016088714,0.013929927,3.6741962e-05,1.2096695e-05
0.24379909,6.2464956e-05,0.0016479158,0.013931254,3.7171829e-05,1.2361703e-05
0.2438706,6.2928354e-05,0.0016598197,0.014754105,3.7501112e-05,1.2543365e-05
0.24396682,6.361316e-05,0.001652739,0.015661245,3.7922473e-05,1.2764407e-05
0.24403965,6.4133386e-05,0.0016335114,0.015712546,3.8252334e-05,1.2928459e-05
0.24413766,6.4838078e-05,0.0015977119,0.016399264,3.8688635e-05,1.312128e-05
0.24421185,6.5416373e-05,0.0015672536,0.016002384,3.9025301e-05,1.3265995e-05
0.24431159,6.6072816e-05,0.0015243682,0.015951018,3.9463208e-05,1.3426575e-05
0.24438712,6.6664251e-05,0.001496602,0.015320581,3.9854293e-05,1.355444e-05
0.24448882,6.7461927e-05,0.0014655351,0.016745546,4.0381995e-05,1.3714694e-05
0.24456589,6.8181112e-05,0.0014495291,0.018424881,4.0853153e-05,1.3865682e-05
0.24466987,6.9138057e-05,0.0014341263,0.017760645,4.1461389e-05,1.4039732e-05
0.24474814,6.8555761e-05,0.0014020613,0.017557802,4.1148346e-05,1.3902592e-05
0.24484899,6.5821773e-05,0.0013280401,0.017427401,3.9524949e-05,1.3295651e-05
0.24492225,6.4318618e-05,0.0012908954,0.01744442,3.864027e-05,1.2939121e-05
0.24501808,6.3052257e-05,0.0012626792,0.016386963,3.7882695e-05,1.2611729e-05
0.24508891,6.2465079e-05,0.0012542226,0.016452372,3.7544274e-05,1.2435041e-05
0.24518249,6.1984052e-05,0.0012539355,0.016514901,3.7253837e-05,1.2249222e-05
0.24525243,6.1743951e-05,0.0012600169,0.016500504,3.7096563e-05,1.2136362e-05
0.24534531,6.1646905e-05,0.0012746583,0.016313833,3.7018487e-05,1.202089e-05
0.245415,6.188574e-05,0.0012946223,0.015955457,3.7117219e-05,1.1992639e-05
0.24550808,6.2051046e-05,0.001320235,0.015868768,3.7190104e-05,1.1939582e-05
0.24557799,6.2199062e-05,0.001341349,0.014505817,3.7252922e-05,1.1906011e-05
0.24567165,6.2650109e-05,0.0013761048,0.016108222,3.7491109e-05,1.1910062e-05
0.24574211,6.291861e-05,0.0014012356,0.01533567,3.7627297e-05,1.1904175e-05
0.24583646,6.3386523e-05,0.001437633,0.015723839,3.7872272e-05,1.1938271e-05
0.24590773,6.3868065e-05,0.0014682959,0.016430663,3.8141875e-05,1.1995048e-05
0.24600309,6.4266213e-05,0.0015042382,0.015562128,3.8359007e-05,1.2032654e-05
0.24607501,6.4763291e-05,0.0015350305,0.015187614,3.8613976e-05,1.2106028e-05
0.24617149,6.5285951e-05,0.0015723821,0.016404381,3.8934915e-05,1.2186665e-05
0.2462442,6.5599169e-05,0.001597143,0.016573718,3.9081301e-05,1.2239139e-05
0.24634151,6.6146556e-05,0.0016310867,0.015914046,3.9351924e-05,1.232645e-05
0.24641498,6.6636369e-05,0.0016573108,0.015985471,3.9649452e-05,1.2415153e-05
0.24651344,6.709285e-05,0.0016822458,0.015893822,3.987465e-05,1.2488403e-05
0.2466124,6.7507449e-05,0.0017002389,0.015839566,4.0097714e-05,1.2578674e-05
0.24668694,6.7942896e-05,0.0017111204,0.015739233,4.0326437e-05,1.2668856e-05
0.24678703,6.8709885e-05,0.0017235838,0.016090441,4.0746004e-05,1.2823925e-05
0.2468626,6.9012723e-05,0.0017203009,0.016238843,4.0906901e-05,1.2880342e-05
0.24696382,6.9565866e-05,0.0017139992,0.015859083,4.1198961e-05,1.2984172e-05
0.24704022,7.0094578e-05,0.0017095371,0.016109484,4.1461094e-05,1.3065296e-05
0.24714291,7.0778637e-05,0.00170012,0.016241443,4.182564e-05,1.3138523e-05
0.24722042,7.1222984e-05,0.0016903587,0.016064861,4.2022279e-05,1.3179803e-05
0.24732437,7.1770187e-05,0.0016779919,0.015764272,4.2307427e-05,1.3252842e-05
0.2474029,7.2308642e-05,0.0016724682,0.015677271,4.2567601e-05,1.3353499e-05
0.24750831,7.2910608e-05,0.0016629309,0.015671202,4.2823404e-05,1.3454435e-05
0.24758799,7.3472903e-05,0.0016610914,0.016590557,4.3110721e-05,1.3582017e-05
0.247695,7.421115e-05,0.0016602267,0.016138616,4.3443706e-05,1.3756743e-05
0.24777589,7.4824494e-05,0.0016625541,0.017081119,4.3721356e-05,1.389103e-05
0.24788463,7.5601992e-05,0.0016676195,0.016995945,4.4048563e-05,1.406714e-05
0.24796683,7.6104249e-05,0.0016714642,0.016882269,4.4226807e-05,1.4191383e-05
0.24807716,7.6775531e-05,0.0016792639,0.017225697,4.4457695e-05,1.4384071e-05
0.24816057,7.7337367e-05,0.0016869735,0.017069233,4.4604309e-05,1.4547913e-05
0.2482724,7.8096451e-05,0.0017000741,0.017289825,4.4797175e-05,1.4749539e-05
0.2483562,7.7705435e-05,0.0016915625,0.016706052,4.4397346e-05,1.4712975e-05
0.24846726,7.740298e-05,0.0016845269,0.016952127,4.3933504e-05,1.4664849e-05
0.24855033,7.7302726e-05,0.0016834422,0.016538687,4.3682236e-05,1.4640634e-05
0.24866096,7.7396233e-05,0.0016855301,0.016811744,4.3426608e-05,1.461983e-05
0.24874393,7.7431106e-05,0.0016858275,0.017029942,4.3229746e-05,1.4583395e-05
0.24885477,7.7629598e-05,0.0016878558,0.016966103,4.3030114e-05,1.4545817e-05
0.24893808,7.7785905e-05,0.0016874177,0.016640136,4.2907304e-05,1.4524898e-05
0.24904949,7.8012362e-05,0.0016846901,0.015597143,4.28111e-05,1.4498681e-05
0.24913325,7.8092994e-05,0.0016772533,0.016047096,4.2720924e-05,1.444988e-05
0.24924549,7.8489292e-05,0.0016672631,0.015594074,4.2742554e-05,1.4421294e-05
0.24932996,7.8510184e-05,0.0016505535,0.015901853,4.26623e-05,1.4348299e-05
0.24944316,7.8816541e-05,0.0016279635,0.01608302,4.2704065e-05,1.4315732e-05
0.24952836,7.8804438e-05,0.0016018015,0.015719505,4.2602039e-05,1.4253019e-05
0.24964243,7.8923797e-05,0.0015637815,0.015649943,4.2523775e-05,1.4184183e-05
0.24972832,7.9092749e-05,0.0015332193,0.015160424,4.249757e-05,1.4145522e-05
0.24984315,7.8974727e-05,0.0014822342,0.015699662,4.229179e-05,1.4028675e-05
0.24992938,7.8762076e-05,0.0014385179,0.015252995,4.2056318e-05,1.3909655e-05
0.25004454,7.8650185e-05,0.0013805684,0.015210607,4.1841677e-05,1.3783868e-05
0.25013095,7.8457306e-05,0.0013355949,0.015037624,4.1592512e-05,1.3668792e-05
0.25024591,7.7975069e-05,0.0012743754,0.015368084,4.1179903e-05,1.3503265e-05
0.25033193,7.7561176e-05,0.0012306134,0.015649602,4.084753e-05,1.3372577e-05
0.25044608,7.6745368e-05,0.0011713166,0.015193317,4.0291973e-05,1.3155457e-05
0.25055949,7.5937949e-05,0.0011177995,0.016034663,3.9742446e-05,1.2972946e-05
0.25064389,7.5224503e-05,0.0010793807,0.015481535,3.9276532e-05,1.282259e-05
0.25075551,7.4313333e-05,0.0010327525,0.015929657,3.8667168e-05,1.2644714e-05
0.25083833,7.3485037e-05,0.00099862183,0.015128141,3.8131577e-05,1.250334e-05
0.25094766,7.2519099e-05,0.0009584141,0.015532782,3.7469167e-05,1.2333389e-05
0.25102868,7.1607517e-05,0.00092856521,0.014010108,3.6885449e-05,1.2181256e-05
0.25113554,7.0760945e-05,0.00089649916,0.014869341,3.627605e-05,1.2041327e-05
0.25121468,6.9945695e-05,0.00087240533,0.014718145,3.5731552e-05,1.1912783e-05
0.25131895,6.8976465e-05,0.00084514262,0.015292289,3.5089008e-05,1.1791224e-05
0.2513961,6.8195262e-05,0.00082620441,0.01482114,3.4584078e-05,1.1693427e-05
0.25149776,6.7290763e-05,0.00080489005,0.014530384,3.3983055e-05,1.1590109e-05
0.2515731,6.6697628e-05,0.00079168367,0.013466439,3.3580366e-05,1.1523118e-05
0.25167233,6.5781052e-05,0.00077576722,0.013964429,3.3010649e-05,1.140869e-05
0.25174586,6.5062382e-05,0.00076500838,0.013653892,3.2542536e-05,1.1301475e-05
0.25184275,6.4164206e-05,0.00075449665,0.014094019,3.19963e-05,1.1171651e-05
0.25191457,6.3559485e-05,0.00074931728,0.013496396,3.1632453e-05,1.1089086e-05
0.2520092,6.2675458e-05,0.00074408459,0.013499857,3.1115055e-05,1.0971376e-05
0.25207943,6.2074239e-05,0.0007427812,0.013371848,3.0775985e-05,1.0904599e-05
0.25217211,6.1338901e-05,0.00074429262,0.013025127,3.0381176e-05,1.0822048e-05
0.25224089,6.0757075e-05,0.0007470209,0.013179598,3.0081251e-05,1.0761719e-05
0.25233173,6.0040385e-05,0.00075390475,0.012838533,2.9701072e-05,1.0687247e-05
0.25239929,5.9644881e-05,0.00076273782,0.013077561,2.9498657e-05,1.0651924e-05
0.25248848,5.8918213e-05,0.00077507712,0.012835423,2.9162327e-05,1.0579438e-05
0.25255485,5.8524739e-05,0.00078776395,0.012194603,2.8960271e-05,1.055846e-05
0.25264277,5.8091207e-05,0.00080955204,0.012135375,2.8751812e-05,1.0549555e-05
0.25270826,5.7708831e-05,0.0008270548,0.01234281,2.8560193e-05,1.0548413e-05
0.25279505,5.7310696e-05,0.00085554391,0.012260879,2.8359997e-05,1.0569323e-05
0.25285982,5.7074287e-05,0.00087997925,0.012150733,2.823311e-05,1.0583388e-05
0.2529458,5.684148e-05,0.00091811752,0.011831869,2.8113648e-05,1.0621314e-05
0.25301004,5.6744785e-05,0.00095122121,0.01196008,2.8069866e-05,1.0664103e-05
0.25309548,5.6643723e-05,0.0010001889,0.012350722,2.8045121e-05,1.0715632e-05
0.25315938,5.6543632e-05,0.0010396927,0.01193533,2.799245e-05,1.0725675e-05
0.25324448,5.6389423e-05,0.0010950748,0.01214219,2.7966746e-05,1.0734522e-05
0.25330824,5.6418694e-05,0.0011394302,0.01240776,2.7989291e-05,1.0748347e-05
0.25339324,5.6458972e-05,0.0011994008,0.012527266,2.8022519e-05,1.0759575e-05
0.25345715,5.6602482e-05,0.0012465086,0.012806966,2.8116158e-05,1.0785637e-05
0.2535424,5.6731094e-05,0.001304925,0.012572416,2.8210643e-05,1.0804226e-05
0.25360651,5.6869757e-05,0.0013452245,0.012290448,2.83178e-05,1.081738e-05
0.25369223,5.7038511e-05,0.0013909189,0.012038121,2.8435793e-05,1.0823602e-05
0.2537567,5.7116503e-05,0.0014197995,0.012305174,2.855967e-05,1.0829893e-05
0.25384305,5.734851e-05,0.001449857,0.01216789,2.8774297e-05,1.0849906e-05
0.25392983,5.7599021e-05,0.0014653275,0.012061878,2.8998313e-05,1.0869242e-05
0.25399522,5.7865448e-05,0.001467572,0.012606207,2.9209157e-05,1.0903855e-05
0.2540829,5.8108032e-05,0.0014556632,0.012143185,2.9452487e-05,1.0940419e-05
0.25414903,5.8367702e-05,0.0014412887,0.012682145,2.9674918e-05,1.0989611e-05
0.25423776,5.8774871e-05,0.0014184248,0.012936877,3.0009406e-05,1.1074659e-05
0.25430472,5.9033305e-05,0.0013980097,0.013055571,3.024073e-05,1.1130628e-05
0.25439459,5.9476903e-05,0.0013710974,0.012819936,3.0584774e-05,1.1212006e-05
0.25446249,5.9744757e-05,0.0013500003,0.012817751,3.0807639e-05,1.1279875e-05
0.25455363,6.0166718e-05,0.0013246454,0.013090851,3.1147696e-05,1.1369938e-05
0.2546225,6.0460632e-05,0.001306124,0.012690065,3.1373127e-05,1.1443271e-05
0.25471512,6.0896913e-05,0.0012846457,0.01272128,3.1692271e-05,1.1540823e-05
0.25478515,6.1389671e-05,0.0012732988,0.012669474,3.2018541e-05,1.1640673e-05
0.25487925,6.1862133e-05,0.0012556429,0.012530841,3.2354897e-05,1.1751615e-05
0.25495037,6.2170046e-05,0.0012425962,0.012463995,3.2603709e-05,1.1826746e-05
0.25504602,6.2659604e-05,0.0012283149,0.013353176,3.2976601e-05,1.1934072e-05
0.25511836,6.3003968e-05,0.0012182945,0.013310364,3.322767e-05,1.2005699e-05
0.25521566,6.357185e-05,0.0012080256,0.013462226,3.3641306e-05,1.2129452e-05
0.2552893,6.3935398e-05,0.0012008459,0.013428631,3.3927742e-05,1.2226376e-05
0.25538843,6.4827567e-05,0.0011996237,0.014100077,3.4469675e-05,1.241542e-05
0.25546344,6.5273196e-05,0.0011963649,0.014437985,3.4803887e-05,1.2529696e-05
0.25556453,6.6023157e-05,0.0011955114,0.01523892,3.5265793e-05,1.2717923e-05
0.25564118,6.6814825e-05,0.001200112,0.014830495,3.5738301e-05,1.2909287e-05
0.25574436,6.771191e-05,0.0012049634,0.015204949,3.6257065e-05,1.3133308e-05
0.25582258,6.8348873e-05,0.0012091666,0.014617176,3.6624348e-05,1.3298218e-05
0.25592798,6.9409322e-05,0.0012190761,0.0147291,3.7190524e-05,1.35552e-05
0.25600799,7.0447635e-05,0.0012327279,0.015140079,3.774827e-05,1.3811282e-05
0.25611579,7.1601997e-05,0.0012483552,0.015759185,3.8377781e-05,1.411925e-05
0.2561975,7.2447522e-05,0.0012606699,0.015591545,3.8837981e-05,1.4340116e-05
0.25630788,7.3704701e-05,0.0012799463,0.01554536,3.9551746e-05,1.4658448e-05
0.25639179,7.4917857e-05,0.0012992814,0.015462835,4.024781e-05,1.4938459e-05
0.25650497,7.6264999e-05,0.0013195299,0.015817243,4.104596e-05,1.5215588e-05
0.25659114,7.7194548e-05,0.0013316117,0.016412234,4.1600954e-05,1.5417007e-05
0.25670765,7.8999623e-05,0.0013551585,0.017321934,4.2693664e-05,1.5786747e-05
0.25679629,7.9569742e-05,0.0013571465,0.01789618,4.3108646e-05,1.5932536e-05
0.25691366,7.8950564e-05,0.001333495,0.018276803,4.2927469e-05,1.5853737e-05
0.25700092,7.8704675e-05,0.0013181568,0.018002927,4.2924212e-05,1.5844003e-05
0.25711676,7.847304e-05,0.0012983837,0.017230937,4.3012726e-05,1.5858893e-05
0.25720279,7.7364933e-05,0.0012674164,0.018290089,4.254772e-05,1.5653931e-05
0.2573151,7.6374662e-05,0.001234692,0.016497628,4.2156748e-05,1.5463771e-05
0.2573981,7.5355e-05,0.0012061854,0.016246872,4.1671668e-05,1.5277587e-05
0.25750743,7.4827983e-05,0.001183451,0.016443667,4.1478034e-05,1.5237315e-05
0.25761558,7.4339334e-05,0.0011623136,0.016121234,4.1270856e-05,1.5179767e-05
0.25769605,7.4167174e-05,0.0011511184,0.017001539,4.1214938e-05,1.5177747e-05
0.2578027,7.4045415e-05,0.0011396716,0.016138657,4.1214428e-05,1.5161852e-05
0.25788228,7.3825317e-05,0.0011305535,0.01665449,4.1108882e-05,1.5082138e-05
0.25798802,7.3617154e-05,0.0011221695,0.015589075,4.1037384e-05,1.4992224e-05
0.25806699,7.3774005e-05,0.0011223277,0.016319674,4.1142676e-05,1.4958095e-05
0.25817227,7.3959591e-05,0.0011247473,0.016432133,4.1253446e-05,1.4902351e-05
0.25825107,7.3616227e-05,0.0011217104,0.016141886,4.1052419e-05,1.4747034e-05
0.25835571,7.3645375e-05,0.0011294877,0.015283851,4.1133388e-05,1.4658565e-05
0.25843419,7.3663588e-05,0.0011380214,0.015382207,4.1174092e-05,1.4576012e-05
0.25853882,7.3675688e-05,0.0011538704,0.016112532,4.1229892e-05,1.4477804e-05
0.2586173,7.3634433e-05,0.001170026,0.01529067,4.1245031e-05,1.4427022e-05
0.25872194,7.3569538e-05,0.0011961302,0.01537577,4.1268293e-05,1.4372471e-05
0.25880042,7.3519855e-05,0.0012202637,0.015526356,4.1268643e-05,1.4331343e-05
0.25890505,7.3425041e-05,0.0012588736,0.015495292,4.1247357e-05,1.4297679e-05
0.25898353,7.3324881e-05,0.0012922098,0.015945112,4.1226383e-05,1.427446e-05
0.25908817,7.3220791e-05,0.0013431838,0.014916812,4.1174267e-05,1.4226087e-05
0.25916665,7.3107807e-05,0.0013862911,0.015423005,4.1113442e-05,1.4188671e-05
0.25927149,7.2959193e-05,0.0014497518,0.014784508,4.1004242e-05,1.4111633e-05
0.25934996,7.2802056e-05,0.0014993993,0.014727008,4.0913217e-05,1.4058399e-05
0.25945547,7.3298551e-05,0.0015818787,0.014906334,4.1110907e-05,1.4087549e-05
0.2595346,7.3140831e-05,0.0016343145,0.014767098,4.0974848e-05,1.4013887e-05
0.25964011,7.2952548e-05,0.0017015083,0.014307129,4.0808569e-05,1.3914896e-05
0.25971924,7.2810872e-05,0.0017458885,0.014464108,4.0667593e-05,1.3848238e-05
0.25982475,7.2641561e-05,0.0017922301,0.014148291,4.0490289e-05,1.3751502e-05
0.25990389,7.2507434e-05,0.0018123416,0.014946677,4.0348902e-05,1.3698349e-05
0.26000939,7.2377446e-05,0.0018144217,0.014900636,4.0169231e-05,1.3633774e-05
0.26008853,7.2294583e-05,0.0017973013,0.015339911,4.0047566e-05,1.3595161e-05
0.26019434,7.3019441e-05,0.0017774076,0.015970412,4.0331058e-05,1.3733493e-05
0.26027438,7.2943895e-05,0.001735036,0.015683293,4.0194584e-05,1.3715149e-05
0.2603811,7.2834109e-05,0.001667549,0.015448601,4.0027592e-05,1.3681055e-05
0.26046115,7.278989e-05,0.001610358,0.016988514,3.9921562e-05,1.3659277e-05
0.26056787,7.2730638e-05,0.0015267386,0.01583835,3.9770499e-05,1.3633261e-05
0.26064791,7.2693279e-05,0.00146191,0.016165481,3.9662033e-05,1.3621629e-05
0.26075463,7.2624763e-05,0.0013741286,0.016327704,3.9539478e-05,1.3614386e-05
0.26083468,7.258375e-05,0.0013078219,0.01553861,3.9437641e-05,1.3609386e-05
0.2609414,7.2518053e-05,0.001224217,0.015228285,3.9324712e-05,1.3609917e-05
0.26102144,7.2422977e-05,0.0011663302,0.014984647,3.9254201e-05,1.3603421e-05
0.26112967,7.3665918e-05,0.0011163447,0.015316022,3.990301e-05,1.384341e-05
0.26121123,7.3578473e-05,0.0010679472,0.015153486,3.9833287e-05,1.3835405e-05
0.26131996,7.3445e-05,0.0010102691,0.015964969,3.9762977e-05,1.3844108e-05
0.2614287,7.3276308e-05,0.00096030669,0.015157397,3.9725472e-05,1.3900635e-05
0.26151025,7.3162531e-05,0.00092736707,0.015295386,3.9706709e-05,1.3945406e-05
0.26161899,7.3004611e-05,0.00088894881,0.015931892,3.9731959e-05,1.4015038e-05
0.26170054,7.2902297e-05,0.0008639889,0.016050251,3.9751716e-05,1.4080069e-05
0.26181229,7.5464493e-05,0.00086563394,0.017122653,4.1306176e-05,1.4707861e-05
0.26189687,7.5360542e-05,0.00084570856,0.017667944,4.1363957e-05,1.4784548e-05
0.26200963,7.5253026e-05,0.00082306486,0.016920442,4.1457908e-05,1.4917675e-05
0.2620942,7.5211313e-05,0.00080881313,0.017540643,4.1535464e-05,1.5064047e-05
0.26220697,7.5232507e-05,0.00079325675,0.017991801,4.1655637e-05,1.5271647e-05
0.26229154,7.5271492e-05,0.0007837474,0.016593991,4.1748331e-05,1.5411325e-05
0.2624043,7.5355869e-05,0.000773916,0.017531605,4.1896801e-05,1.560435e-05
0.26248888,7.5441124e-05,0.00076842211,0.018168049,4.2005461e-05,1.5735711e-05
0.26258436,6.2952717e-05,0.00063651024,0.015097631,3.5076674e-05,1.3144036e-05
0.26265338,6.1077925e-05,0.00061573223,0.01545839,3.4087124e-05,1.280274e-05
0.26274246,5.908759e-05,0.00059250769,0.01515953,3.2955176e-05,1.2386621e-05
0.26280736,5.7732438e-05,0.00057826145,0.01464596,3.2231798e-05,1.2106103e-05
0.2628917,5.621759e-05,0.00056192105,0.014391448,3.137626e-05,1.1761445e-05
0.26295355,5.5223501e-05,0.00055212938,0.013721707,3.0839219e-05,1.1539525e-05
0.26303441,5.4057074e-05,0.00054104735,0.013130017,3.0223113e-05,1.1284235e-05
0.26309402,5.3323203e-05,0.00053436812,0.013756532,2.984164e-05,1.111682e-05
0.26317237,5.2484119e-05,0.00052741898,0.012603172,2.942031e-05,1.0919698e-05
0.26323041,5.1971272e-05,0.00052327808,0.01237565,2.9166186e-05,1.0789022e-05
0.26330702,5.1425187e-05,0.00051930028,0.012216755,2.8901676e-05,1.0640347e-05
0.26336398,5.1053989e-05,0.00051704692,0.01207728,2.8732156e-05,1.0551691e-05
0.26343939,5.0676792e-05,0.00051546642,0.011666521,2.8576841e-05,1.0435377e-05
0.26349563,5.0473182e-05,0.00051530893,0.011527334,2.8492248e-05,1.0364465e-05
0.26357031,5.0269384e-05,0.00051599749,0.011553747,2.8430059e-05,1.0281469e-05
0.26362615,5.0182952e-05,0.00051735632,0.011453269,2.8411699e-05,1.0229806e-05
0.26370048,5.011374e-05,0.00052045555,0.0114273,2.8431197e-05,1.0166906e-05
0.26375618,5.0101422e-05,0.00052321569,0.011630045,2.8449466e-05,1.0121775e-05
0.26383048,5.0154653e-05,0.00052792871,0.011654218,2.8519921e-05,1.0077314e-05
0.26388628,5.023325e-05,0.00053203728,0.011843467,2.8574194e-05,1.004481e-05
0.26396082,5.0373155e-05,0.00053824214,0.012040642,2.8677559e-05,1.0021917e-05
0.2640169,5.0535545e-05,0.00054383505,0.012157025,2.8773371e-05,1.001857e-05
0.26409196,5.0723435e-05,0.00055161922,0.012396285,2.8904503e-05,1.0028323e-05
0.2641485,5.0941846e-05,0.00055823271,0.011754705,2.9027895e-05,1.0047506e-05
0.26422427,5.1223403e-05,0.00056778255,0.011796011,2.9199713e-05,1.0071055e-05
0.26428143,5.1469845e-05,0.00057593666,0.011989574,2.9342954e-05,1.0097255e-05
0.26435813,5.1773134e-05,0.00058759823,0.011277426,2.9548887e-05,1.0120359e-05
0.26441604,5.2033539e-05,0.0005974154,0.012284002,2.9713016e-05,1.0145456e-05
0.26449379,5.2354604e-05,0.00061134511,0.012140937,2.9917457e-05,1.0177124e-05
0.26457217,5.2672279e-05,0.000626776,0.012949958,3.0125271e-05,1.0196904e-05
0.26463139,5.2931601e-05,0.00063955318,0.012450728,3.0303214e-05,1.0210869e-05
0.26471096,5.3259494e-05,0.0006579791,0.012319864,3.0542911e-05,1.0231295e-05
0.26477111,5.353363e-05,0.00067342455,0.012702102,3.0735665e-05,1.025679e-05
0.26485196,5.3934636e-05,0.000695506,0.012743927,3.0992382e-05,1.0289303e-05
0.26491312,5.4223069e-05,0.00071352634,0.01285702,3.1196804e-05,1.0327131e-05
0.26499535,5.4609583e-05,0.00073953976,0.012613126,3.1464401e-05,1.0360741e-05
0.26505755,5.4921251e-05,0.00076066634,0.013003294,3.1671542e-05,1.0394537e-05
0.26514118,5.5314606e-05,0.00079046094,0.013210322,3.1951181e-05,1.0427272e-05
0.26520442,5.563602e-05,0.0008144483,0.012253887,3.2170211e-05,1.0459663e-05
0.26528944,5.6060841e-05,0.00084841579,0.012611989,3.2458431e-05,1.0517294e-05
0.26535372,5.6378091e-05,0.00087536204,0.012973579,3.2676701e-05,1.0566556e-05
0.26544013,5.6847445e-05,0.00091377447,0.012937439,3.2996026e-05,1.0667986e-05
0.26550547,5.7183092e-05,0.00094425698,0.014242595,3.3234982e-05,1.0744906e-05
0.26559332,5.763794e-05,0.00098789324,0.012739553,3.359045e-05,1.0862261e-05
0.26565974,5.7987718e-05,0.0010230739,0.013437869,3.3855717e-05,1.0963579e-05
0.26574903,5.8495502e-05,0.0010724472,0.012961683,3.4216868e-05,1.1106837e-05
0.26581656,5.8881015e-05,0.0011127975,0.012936785,3.4504139e-05,1.1218755e-05
0.26590736,5.9349626e-05,0.0011704756,0.014027887,3.4895521e-05,1.1378926e-05
0.26597604,5.9711234e-05,0.0012154838,0.013863755,3.5195411e-05,1.1505625e-05
0.26606842,6.0229965e-05,0.0012780655,0.014607826,3.5612016e-05,1.1680344e-05
0.26613832,6.0627147e-05,0.0013269822,0.014627042,3.5938652e-05,1.1832386e-05
0.26623236,6.1203621e-05,0.0013949146,0.015129339,3.640346e-05,1.2041929e-05
0.26630353,6.1670434e-05,0.0014460339,0.015848856,3.6771454e-05,1.2201485e-05
0.26639924,6.2160104e-05,0.0015122971,0.016661808,3.7245711e-05,1.2398741e-05
0.26647163,6.2643668e-05,0.0015591511,0.016897145,3.7638505e-05,1.2562124e-05
0.26656898,6.3254983e-05,0.0016159509,0.016430698,3.8158493e-05,1.2757655e-05
0.2666426,6.3711074e-05,0.0016517045,0.016543023,3.8520134e-05,1.2895954e-05
0.26674083,6.2891989e-05,0.0016500937,0.017945752,3.8134853e-05,1.2786461e-05
0.26681184,6.0707034e-05,0.0015960506,0.017582492,3.6819496e-05,1.2376729e-05
0.26690329,5.8840715e-05,0.0015394979,0.016715203,3.5700659e-05,1.2032277e-05
0.26697028,5.7843989e-05,0.0015001297,0.015641456,3.5092335e-05,1.1846223e-05
0.26705823,5.7190239e-05,0.0014597731,0.017016626,3.4676239e-05,1.1744052e-05
0.26712377,5.7146454e-05,0.0014377723,0.016072723,3.4630578e-05,1.1746023e-05
0.26721079,5.7096666e-05,0.0014064602,0.015708742,3.4555287e-05,1.1725335e-05
0.26727599,5.727557e-05,0.0013874154,0.016341809,3.4625612e-05,1.175267e-05
0.26736331,5.7732547e-05,0.0013678023,0.016767501,3.4833458e-05,1.1819685e-05
0.26742901,5.8080802e-05,0.0013539829,0.016347383,3.4982435e-05,1.1854229e-05
0.26751711,5.8776013e-05,0.0013435677,0.015843178,3.5340235e-05,1.1947853e-05
0.26760597,5.9383962e-05,0.0013329931,0.016815729,3.5610764e-05,1.1997891e-05
0.26767303,5.9832883e-05,0.0013269309,0.015141805,3.5826719e-05,1.2042515e-05
0.26776325,6.0644624e-05,0.0013266207,0.016129699,3.62563e-05,1.2145286e-05
0.26783148,6.1239966e-05,0.001329013,0.016346356,3.6589132e-05,1.2223863e-05
0.26792326,6.2081134e-05,0.0013370883,0.015145096,3.7074376e-05,1.233647e-05
0.2679929,6.278255e-05,0.001347,0.015764524,3.7467989e-05,1.2433163e-05
0.26808655,6.3539237e-05,0.0013598183,0.015355533,3.788862e-05,1.2538349e-05
0.26815736,6.4134338e-05,0.001374247,0.015908531,3.8268289e-05,1.2644228e-05
0.26825284,6.5100989e-05,0.0013995357,0.016288116,3.8804242e-05,1.2801928e-05
0.2683251,6.5725472e-05,0.0014198477,0.015983217,3.9182158e-05,1.2914731e-05
0.26842227,6.6480049e-05,0.0014496964,0.01553625,3.9654965e-05,1.3058153e-05
0.26849593,6.7315985e-05,0.0014810194,0.016299744,4.0165527e-05,1.3220331e-05
0.26859525,6.8219658e-05,0.0015212911,0.016727157,4.0656168e-05,1.3376529e-05
0.26867045,6.8804178e-05,0.0015549607,0.015998039,4.1074926e-05,1.350416e-05
0.2687719,6.9908654e-05,0.0016081345,0.016775276,4.1709942e-05,1.3700125e-05
0.26884899,7.0695609e-05,0.0016494816,0.016514774,4.2147038e-05,1.3822496e-05
0.26895299,7.1727228e-05,0.0017062515,0.015714939,4.2780036e-05,1.3995459e-05
0.26903204,7.2534452e-05,0.0017504812,0.015147329,4.3271387e-05,1.4127288e-05
0.26913888,7.365358e-05,0.0018089566,0.017273845,4.3954147e-05,1.4293077e-05
0.26922022,7.4640509e-05,0.0018543911,0.016706497,4.4574796e-05,1.4439229e-05
0.26933037,7.5816939e-05,0.0019060713,0.016975033,4.5319867e-05,1.4608088e-05
0.26941429,7.6864694e-05,0.0019419085,0.016192788,4.5962321e-05,1.4768063e-05
0.2695281,7.8300936e-05,0.0019791299,0.016760585,4.6794747e-05,1.4981175e-05
0.26961488,7.9376164e-05,0.0019980438,0.01668564,4.7412836e-05,1.5153699e-05
0.26973248,8.0807868e-05,0.0020119846,0.017068452,4.820987e-05,1.5389278e-05
0.26982217,8.1980341e-05,0.0020179206,0.016974889,4.8838771e-05,1.5604453e-05
0.26994376,8.3609345e-05,0.0020164594,0.016865584,4.9659446e-05,1.5902374e-05
0.27003598,8.365737e-05,0.0019821689,0.017565401,4.9545522e-05,1.5934468e-05
0.27015676,8.1848253e-05,0.0018902702,0.017132175,4.8303568e-05,1.5645179e-05
0.2702457,8.0695467e-05,0.0018269084,0.016562927,4.7484706e-05,1.5469099e-05
0.27036244,7.9399055e-05,0.001750961,0.016273455,4.6543095e-05,1.5265788e-05
0.27044874,7.8559581e-05,0.001699107,0.016545059,4.5884221e-05,1.5112618e-05
0.27056238,7.7539346e-05,0.001640573,0.015608421,4.5123971e-05,1.4911165e-05
0.27064667,7.6875759e-05,0.0016038511,0.015781232,4.4619281e-05,1.4771527e-05
0.27075811,7.6142551e-05,0.0015647191,0.015498442,4.4040013e-05,1.4613508e-05
0.27084109,7.572895e-05,0.0015425027,0.015412364,4.3674283e-05,1.4519415e-05
0.27095114,7.523568e-05,0.0015217438,0.015091902,4.3256609e-05,1.4413575e-05
0.27103342,7.5088707e-05,0.0015143675,0.016196113,4.3051499e-05,1.4380029e-05
0.27114296,7.4890407e-05,0.0015107796,0.01553831,4.2789924e-05,1.433409e-05
0.2712251,7.4964064e-05,0.0015150086,0.015356872,4.2692374e-05,1.4316117e-05
0.27133471,7.4964807e-05,0.0015236673,0.015362603,4.2510414e-05,1.4303289e-05
0.27144448,7.5065705e-05,0.0015380146,0.015041749,4.2363284e-05,1.4336766e-05
0.271527,7.5247525e-05,0.0015527446,0.014508463,4.2310336e-05,1.440457e-05
0.27163732,7.5521825e-05,0.0015750856,0.014869245,4.225128e-05,1.449844e-05
0.27172029,7.57383e-05,0.0015938249,0.014780215,4.2203992e-05,1.4547262e-05
0.27183132,7.609508e-05,0.0016215225,0.015276899,4.2191595e-05,1.460332e-05
0.27191488,7.6375683e-05,0.0016429583,0.015105052,4.216958e-05,1.4635226e-05
0.27202663,7.664566e-05,0.0016692792,0.015763009,4.2102922e-05,1.4642985e-05
0.27211069,7.6882219e-05,0.0016881737,0.016832724,4.2047259e-05,1.4629127e-05
0.27222304,7.7071401e-05,0.0017108767,0.01648481,4.1935978e-05,1.4587554e-05
0.27230741,7.7114551e-05,0.0017249514,0.016453124,4.1802566e-05,1.4535153e-05
0.27242004,7.7118161e-05,0.0017396135,0.015767955,4.1651053e-05,1.4470905e-05
0.27250452,7.7053266e-05,0.0017465226,0.015915318,4.1514129e-05,1.4399202e-05
0.272617,7.6799434e-05,0.0017483984,0.016042181,4.1275673e-05,1.427026e-05
0.27270119,7.6518527e-05,0.0017440228,0.016393097,4.1040433e-05,1.4157898e-05
0.272813,7.5970339e-05,0.0017318312,0.016027139,4.0674426e-05,1.400007e-05
0.27289642,7.5482751e-05,0.0017182587,0.016373944,4.035182e-05,1.3874025e-05
0.27300696,7.476964e-05,0.0016958059,0.015674456,3.9905964e-05,1.3703439e-05
0.27308921,7.4107862e-05,0.0016746422,0.015704666,3.949973e-05,1.3552904e-05
0.2731979,7.313065e-05,0.0016428082,0.015176957,3.8906283e-05,1.3342476e-05
0.27327859,7.2360265e-05,0.0016166939,0.014667178,3.8427899e-05,1.3164255e-05
0.27338499,7.1265674e-05,0.0015791261,0.014645073,3.7744705e-05,1.2918366e-05
0.2734639,7.053817e-05,0.001550565,0.015438738,3.7243329e-05,1.2735998e-05
0.27356786,6.9445796e-05,0.0015118512,0.014756984,3.6557754e-05,1.2492854e-05
0.27364491,6.8647192e-05,0.0014836208,0.014780547,3.6070875e-05,1.2322019e-05
0.27374643,6.7569948e-05,0.0014477869,0.013587174,3.5396119e-05,1.2072303e-05
0.27382165,6.681894e-05,0.0014235591,0.013463746,3.4934347e-05,1.189833e-05
0.27392075,6.5825536e-05,0.0013932549,0.013070366,3.4309322e-05,1.1668775e-05
0.27399421,6.5140718e-05,0.0013735511,0.013655074,3.3860026e-05,1.1502815e-05
0.27409102,6.421822e-05,0.0013490059,0.013663612,3.3278235e-05,1.1294902e-05
0.27416279,6.3582897e-05,0.0013328417,0.013704131,3.2856667e-05,1.1156405e-05
0.27425744,6.2786703e-05,0.0013139187,0.012971953,3.2327358e-05,1.0994931e-05
0.27432768,6.2232868e-05,0.0013019622,0.013269291,3.1955464e-05,1.0908229e-05
0.27442037,6.1528754e-05,0.0012882896,0.01221543,3.1471659e-05,1.079371e-05
0.27448919,6.1023748e-05,0.0012799435,0.012732295,3.1135404e-05,1.071105e-05
0.27458007,6.0409635e-05,0.0012715038,0.012142272,3.0717415e-05,1.0608417e-05
0.27464764,6.0016953e-05,0.0012678122,0.012413158,3.0438963e-05,1.0554199e-05
0.27473694,5.9472491e-05,0.0012639464,0.012210653,3.0072074e-05,1.0485237e-05
0.27480339,5.911659e-05,0.0012638271,0.012815343,2.983608e-05,1.0446381e-05
0.27489135,5.8657034e-05,0.0012654555,0.01214771,2.9528528e-05,1.0398407e-05
0.27495686,5.8310544e-05,0.0012691512,0.012419773,2.9322965e-05,1.0376349e-05
0.27504369,5.7923711e-05,0.0012767202,0.012074057,2.9077221e-05,1.0341429e-05
0.27512998,5.7593414e-05,0.0012882097,0.010995186,2.8870915e-05,1.0311389e-05
0.27519439,5.7355404e-05,0.0012984041,0.011354543,2.8725766e-05,1.0273095e-05
0.2752799,5.711272e-05,0.0013158177,0.011713633,2.8576114e-05,1.0227589e-05
0.27534383,5.6903742e-05,0.0013300613,0.011384529,2.847505e-05,1.0187568e-05
0.27542885,5.6710788e-05,0.0013517542,0.011300858,2.838025e-05,1.0149147e-05
0.27549252,5.6634306e-05,0.0013698527,0.011117776,2.8353989e-05,1.0139335e-05
0.27557733,5.6533424e-05,0.0013935323,0.011456664,2.8336206e-05,1.0130874e-05
0.27564091,5.6532704e-05,0.0014107618,0.011786987,2.8355816e-05,1.0132351e-05
0.27572574,5.645295e-05,0.0014305554,0.011498091,2.8403586e-05,1.0139792e-05
0.27578942,5.64326e-05,0.0014404227,0.01112673,2.8446646e-05,1.014638e-05
0.2758745,5.6565148e-05,0.0014463487,0.012046544,2.8584223e-05,1.0183574e-05
0.27593847,5.6646155e-05,0.0014409578,0.011276083,2.8692253e-05,1.0217164e-05
0.27602398,5.6807024e-05,0.001420417,0.011418534,2.8862169e-05,1.0280929e-05
0.27608833,5.6949398e-05,0.0013966261,0.010981962,2.8999862e-05,1.0332621e-05
0.27617448,5.7215375e-05,0.0013572505,0.011370208,2.9229342e-05,1.0448377e-05
0.27623936,5.7422076e-05,0.0013224525,0.011198312,2.9398914e-05,1.0545332e-05
0.27632631,5.777839e-05,0.0012730093,0.011935538,2.965043e-05,1.0697387e-05
0.27639189,5.8116599e-05,0.0012344371,0.011571579,2.988013e-05,1.0829205e-05
0.27647985,5.8567446e-05,0.001180868,0.012163176,3.0177485e-05,1.1007201e-05
0.27654622,5.8874345e-05,0.0011396355,0.012466532,3.0420878e-05,1.1148342e-05
0.27663527,5.9368734e-05,0.001086841,0.01241152,3.0742968e-05,1.1328739e-05
0.27670248,5.9748932e-05,0.0010490021,0.012687452,3.0987472e-05,1.1461965e-05
0.27679273,6.0357608e-05,0.0010041897,0.013420839,3.1344621e-05,1.1640588e-05
0.27686092,6.0805888e-05,0.0009733237,0.01253576,3.1613142e-05,1.1761493e-05
0.27695254,6.1464313e-05,0.00093800746,0.013553078,3.2000778e-05,1.1932052e-05
0.27702181,6.1903484e-05,0.00091360806,0.013076206,3.2280634e-05,1.2034959e-05
0.27711489,6.2538344e-05,0.00088639714,0.013065563,3.2674011e-05,1.2189324e-05
0.27718529,6.3032672e-05,0.0008693198,0.012837021,3.2992541e-05,1.2291447e-05
0.27727991,6.3610537e-05,0.00084999776,0.01358265,3.3398368e-05,1.2412101e-05
0.27735146,6.4113984e-05,0.00083908611,0.013341925,3.3726652e-05,1.251401e-05
0.27744763,6.4707348e-05,0.00082736329,0.013367485,3.4158737e-05,1.2646981e-05
0.27752039,6.5198362e-05,0.0008217795,0.013437111,3.4517002e-05,1.2754476e-05
0.27761828,6.5855944e-05,0.00081771091,0.01316757,3.4994289e-05,1.2906855e-05
0.27769242,6.6437612e-05,0.00081780991,0.0141973,3.5389027e-05,1.3037776e-05
0.27779223,6.7198564e-05,0.00082076715,0.013240215,3.5914278e-05,1.3199898e-05
0.27786783,6.7883873e-05,0.00082560853,0.014471209,3.6300187e-05,1.331615e-05
0.27796968,6.8550996e-05,0.00083466055,0.014717024,3.6802493e-05,1.3472282e-05
0.27804686,6.9185464e-05,0.00084406506,0.013871137,3.7201302e-05,1.358599e-05
0.27815089,6.9988247e-05,0.00085916926,0.014689128,3.7703577e-05,1.3736045e-05
0.27822973,7.0632542e-05,0.0008732205,0.013755389,3.810796e-05,1.3847658e-05
0.27833603,7.1528819e-05,0.00089449085,0.014565691,3.8652443e-05,1.3998364e-05
0.27844368,7.245228e-05,0.00091913567,0.014575229,3.9211548e-05,1.4136715e-05
0.27852534,7.3158474e-05,0.00094025154,0.01449578,3.9672354e-05,1.4248121e-05
0.27863556,7.4283698e-05,0.00097270317,0.015307122,4.0368827e-05,1.4410279e-05
0.27871926,7.5066359e-05,0.00099833727,0.015634364,4.0862658e-05,1.4522123e-05
0.27883236,7.6452279e-05,0.0010377074,0.015365469,4.1637196e-05,1.4703796e-05
0.27891836,7.751755e-05,0.001071184,0.015399443,4.2289768e-05,1.4863934e-05
0.27903473,7.9028245e-05,0.0011203734,0.016785729,4.3175426e-05,1.5119447e-05
0.27912334,8.0237396e-05,0.001160915,0.016190028,4.3888631e-05,1.5316941e-05
0.27924342,8.2057563e-05,0.0012213425,0.016960782,4.4913425e-05,1.5637446e-05
0.27933499,8.3495455e-05,0.0012711491,0.016998359,4.573587e-05,1.591097e-05
0.27945926,8.5563344e-05,0.0013446276,0.017921422,4.6947112e-05,1.6341668e-05
0.27955414,8.7113281e-05,0.0014034551,0.018487042,4.785531e-05,1.668498e-05
0.27968227,8.7818697e-05,0.0014635598,0.018287085,4.8359111e-05,1.6867733e-05
0.27977715,8.6642118e-05,0.0014808441,0.017603354,4.7790402e-05,1.6656102e-05
0.27990141,8.5097888e-05,0.0015021239,0.01732449,4.7054604e-05,1.6356888e-05
0.27999296,8.3936714e-05,0.0015146203,0.017048777,4.6510213e-05,1.6100402e-05
0.28011314,8.2605133e-05,0.0015300151,0.016527366,4.5903261e-05,1.5796249e-05
0.28020203,8.1730851e-05,0.0015396938,0.016288066,4.5528666e-05,1.5592295e-05
0.28031918,8.0827543e-05,0.0015508884,0.016404815,4.5142451e-05,1.5363594e-05
0.28040625,8.0357362e-05,0.0015586143,0.015732794,4.4966331e-05,1.5240239e-05
0.28052163,7.9900697e-05,0.0015675959,0.015652125,4.4825078e-05,1.5106303e-05
0.28060779,7.9800788e-05,0.0015753295,0.015961294,4.4844494e-05,1.5032514e-05
0.2807224,7.9741365e-05,0.0015834447,0.015169488,4.4877771e-05,1.4953954e-05
0.28080837,7.9903661e-05,0.0015917868,0.014561091,4.5010296e-05,1.4963066e-05
0.28092324,8.0319842e-05,0.0016040437,0.014389595,4.5264915e-05,1.5063801e-05
0.28100973,8.0745172e-05,0.0016141437,0.0139412,4.5481701e-05,1.5195976e-05
0.28112565,8.1509278e-05,0.0016308888,0.014842479,4.5885002e-05,1.5406983e-05
0.28121325,8.2207098e-05,0.0016461971,0.015151057,4.6254886e-05,1.5602739e-05
0.28133108,8.3263567e-05,0.0016700728,0.016086956,4.6796434e-05,1.5870056e-05
0.28142039,8.4190862e-05,0.0016924658,0.01549342,4.7273409e-05,1.6088013e-05
0.28154079,8.5442928e-05,0.0017264942,0.017760501,4.7904454e-05,1.6343817e-05
0.28163188,8.5685078e-05,0.001741841,0.017255674,4.8016475e-05,1.6378282e-05
0.28175305,8.5496394e-05,0.0017565115,0.016813066,4.7846479e-05,1.6314633e-05
0.28184388,8.5533766e-05,0.0017766475,0.016492592,4.7863912e-05,1.6288854e-05
0.28196517,8.5376331e-05,0.0018071693,0.017237825,4.7804185e-05,1.6205232e-05
0.28205577,8.4925328e-05,0.0018290759,0.016493227,4.7575317e-05,1.6082867e-05
0.28217637,8.4630514e-05,0.0018701525,0.016375708,4.7412488e-05,1.600853e-05
0.28226694,8.4719123e-05,0.0019116204,0.017933008,4.7452035e-05,1.6019662e-05
0.28238827,8.5068119e-05,0.0019776077,0.017304366,4.7627641e-05,1.6070748e-05
0.28248,8.559802e-05,0.0020351198,0.017175051,4.7877753e-05,1.6154704e-05
0.28260349,8.6379316e-05,0.0021114588,0.018383887,4.8246262e-05,1.629315e-05
0.28272858,8.7336881e-05,0.0021746183,0.017905375,4.8654264e-05,1.6423625e-05
0.28282355,8.8070118e-05,0.0022016165,0.018001211,4.9010702e-05,1.6521495e-05
0.28295193,8.9231971e-05,0.0022049144,0.019076509,4.9570703e-05,1.6690355e-05
0.28304954,9.0008664e-05,0.0021774592,0.018921808,4.9957144e-05,1.6792651e-05
0.28318158,9.1244066e-05,0.0021145121,0.018478123,5.0582773e-05,1.6957232e-05
0.28328211,9.2179218e-05,0.0020486672,0.018590413,5.1092527e-05,1.7082962e-05
0.28341759,9.2391264e-05,0.0019200591,0.018730864,5.1192162e-05,1.7063607e-05
0.28351881,9.1615535e-05,0.0018004003,0.019148035,5.0756297e-05,1.6902159e-05
0.28365284,9.0675555e-05,0.0016430535,0.018957485,5.0219289e-05,1.6757284e-05
0.28375247,8.9723484e-05,0.0015280521,0.01948963,4.9665199e-05,1.6628759e-05
0.28388387,8.8403912e-05,0.0013900523,0.018966445,4.8933239e-05,1.6479293e-05
0.28398115,8.7348414e-05,0.001297116,0.017820652,4.8333198e-05,1.6360586e-05
0.28410897,8.5829522e-05,0.0011870631,0.019113251,4.7481938e-05,1.6214284e-05
0.2842034,8.4749546e-05,0.001115834,0.018983338,4.6888496e-05,1.6118743e-05
0.28432731,8.3249428e-05,0.0010327227,0.018882135,4.6081121e-05,1.5955699e-05
0.28441869,8.2040952e-05,0.00097771826,0.019354119,4.5406783e-05,1.5811036e-05
0.28453672,7.8614167e-05,0.00089426926,0.018064635,4.3542573e-05,1.523649e-05
0.28462182,7.6012582e-05,0.00083946466,0.017366341,4.2125733e-05,1.477847e-05
0.28473076,7.2578368e-05,0.00077524542,0.016877536,4.0275205e-05,1.4174151e-05
0.28480917,7.0066504e-05,0.0007334527,0.016283618,3.8937081e-05,1.3741354e-05
0.28490954,6.689945e-05,0.00068543059,0.015620523,3.7277346e-05,1.3185929e-05
0.2849819,6.4766127e-05,0.00065474991,0.014721647,3.6137467e-05,1.2800312e-05
0.28507483,6.2125374e-05,0.00061985241,0.014647568,3.4739214e-05,1.2324135e-05
0.28514218,6.0439314e-05,0.00059871339,0.013810772,3.3864678e-05,1.2024491e-05
0.28522935,5.8437474e-05,0.00057530604,0.01305392,3.2836451e-05,1.1661773e-05
0.28529297,5.7115995e-05,0.00056101983,0.012976147,3.2163909e-05,1.1429064e-05
0.28537586,5.5709627e-05,0.00054661837,0.012189816,3.1433882e-05,1.1172033e-05
0.28543676,5.4777438e-05,0.00053809548,0.012163878,3.0959488e-05,1.1024597e-05
0.28551653,5.37366e-05,0.00052957023,0.011284781,3.0417421e-05,1.0867348e-05
0.28557545,5.307508e-05,0.0005250311,0.0116416,3.0069969e-05,1.0773646e-05
0.28565305,5.2379305e-05,0.00052183116,0.01083068,2.9729673e-05,1.0679786e-05
0.28571066,5.1956541e-05,0.0005209591,0.01058458,2.9518694e-05,1.0621228e-05
0.28578675,5.1449813e-05,0.00052132983,0.011166098,2.9266564e-05,1.0550264e-05
0.2858434,5.1193607e-05,0.00052333518,0.010744712,2.9149745e-05,1.0510929e-05
0.28591852,5.0942922e-05,0.00052793466,0.010925873,2.9036253e-05,1.0469098e-05
0.28597459,5.0778916e-05,0.00053233707,0.010857096,2.8981488e-05,1.0434547e-05
0.28604916,5.0685999e-05,0.00054020355,0.010897793,2.8967047e-05,1.0395312e-05
0.28610497,5.0659563e-05,0.00054728666,0.011661268,2.8996874e-05,1.0367495e-05
0.28617933,5.0644369e-05,0.00055767763,0.01108064,2.9030732e-05,1.0332182e-05
0.28623512,5.0704286e-05,0.00056706755,0.011343574,2.9114382e-05,1.0321046e-05
0.28630958,5.0768859e-05,0.0005802608,0.011347098,2.9212506e-05,1.0292121e-05
0.28638425,5.0962262e-05,0.00059588184,0.011493312,2.9403626e-05,1.0291779e-05
0.28644043,5.1101881e-05,0.00060827037,0.011216035,2.9548842e-05,1.0294731e-05
0.28651562,5.1349832e-05,0.00062603892,0.011394769,2.9784468e-05,1.0308043e-05
0.28657225,5.1515901e-05,0.00063990525,0.011632999,2.99746e-05,1.0324922e-05
0.28664814,5.1794754e-05,0.00065977375,0.010942615,3.0243637e-05,1.0347534e-05
0.2867054,5.2032305e-05,0.00067550482,0.010947776,3.0460002e-05,1.0368024e-05
0.28678222,5.2403902e-05,0.00069819101,0.011375554,3.0813987e-05,1.0429741e-05
0.28684024,5.2689573e-05,0.0007159239,0.011581222,3.1077351e-05,1.0480839e-05
0.28691814,5.310086e-05,0.0007403342,0.011638753,3.1430699e-05,1.0549998e-05
0.28697698,5.3375744e-05,0.0007594095,0.01181744,3.1706268e-05,1.0599433e-05
0.28705599,5.3756279e-05,0.00078552233,0.011640719,3.2063862e-05,1.0668701e-05
0.28711569,5.4025288e-05,0.00080567446,0.011959855,3.2337931e-05,1.0719738e-05
0.2871959,5.4580866e-05,0.0008341062,0.012728018,3.2739159e-05,1.0797787e-05
0.28725654,5.4895842e-05,0.00085534864,0.012243593,3.3000184e-05,1.0843145e-05
0.28733809,5.5375628e-05,0.00088542484,0.011695531,3.3394517e-05,1.0915959e-05
0.28739979,5.5710347e-05,0.00090908354,0.011446477,3.3709239e-05,1.09643e-05
0.2874827,5.6178139e-05,0.00094095469,0.011637252,3.409536e-05,1.1031355e-05
0.28754543,5.6500942e-05,0.0009648262,0.01174414,3.4380303e-05,1.1064997e-05
0.28762972,5.6905967e-05,0.00099734229,0.011707237,3.4743895e-05,1.1126345e-05
0.28769344,5.7211302e-05,0.0010227007,0.0113256,3.5035189e-05,1.116776e-05
0.2877791,5.7634992e-05,0.001057735,0.011397385,3.5406152e-05,1.1225142e-05
0.28784386,5.7957913e-05,0.0010848721,0.011569009,3.568598e-05,1.1268475e-05
0.28793093,5.836733e-05,0.0011223439,0.012321744,3.6071884e-05,1.1324848e-05
0.28799678,5.8680189e-05,0.0011510158,0.012326776,3.6360832e-05,1.1372416e-05
0.28808533,5.9164279e-05,0.0011900707,0.012300582,3.6752974e-05,1.1445519e-05
0.28815231,5.9502913e-05,0.001219559,0.011909484,3.705774e-05,1.1517601e-05
0.2882424,5.9997988e-05,0.0012595441,0.013006559,3.7473701e-05,1.1620869e-05
0.28831047,6.0317164e-05,0.0012881281,0.014000763,3.7737576e-05,1.1703178e-05
0.28840205,6.0875072e-05,0.0013289878,0.013336912,3.8151394e-05,1.1831818e-05
0.28847136,6.129881e-05,0.0013596277,0.013764435,3.8466186e-05,1.1939143e-05
0.28856462,6.1907741e-05,0.0014009156,0.013347658,3.8883417e-05,1.2098814e-05
0.28863521,6.2446927e-05,0.0014314689,0.013241387,3.9203192e-05,1.2228957e-05
0.28873014,6.3036045e-05,0.0014697948,0.013782517,3.9588937e-05,1.2399434e-05
0.28880199,6.3589906e-05,0.0014992602,0.013457201,3.9917742e-05,1.2557538e-05
0.28889858,6.4256259e-05,0.0015354115,0.013222351,4.0306634e-05,1.2758369e-05
0.28897164,6.4749186e-05,0.00156145,0.012960618,4.0583265e-05,1.2903012e-05
0.28906984,6.535368e-05,0.0015941512,0.013825996,4.0914695e-05,1.3069869e-05
0.28914412,6.5842536e-05,0.0016186581,0.013179759,4.119581e-05,1.3200875e-05
0.28924408,6.6657495e-05,0.0016554254,0.013229112,4.1652371e-05,1.3385163e-05
0.28934508,6.7379805e-05,0.0016892691,0.013456464,4.205545e-05,1.355262e-05
0.28942163,6.8002434e-05,0.0017176917,0.014195582,4.244103e-05,1.3698839e-05
0.28952492,6.8964603e-05,0.0017592887,0.013725173,4.3042277e-05,1.3938821e-05
0.2896033,6.9715506e-05,0.0017913023,0.014080118,4.3532006e-05,1.4140537e-05
0.28970908,7.064633e-05,0.0018303641,0.016069849,4.4139306e-05,1.4396866e-05
0.28978944,7.1453359e-05,0.001861727,0.014454866,4.469028e-05,1.462244e-05
0.28989792,7.2574692e-05,0.0019017793,0.01506107,4.5452509e-05,1.4924589e-05
0.28998035,7.3485667e-05,0.0019322895,0.015328437,4.6063826e-05,1.5167571e-05
0.2900918,7.4774219e-05,0.0019679636,0.015264748,4.6897269e-05,1.5510483e-05
0.29017658,7.5853934e-05,0.0019933732,0.016026113,4.7597809e-05,1.5814224e-05
0.2902914,7.7526721e-05,0.0020252184,0.016477388,4.8633394e-05,1.6287608e-05
0.29037838,7.8222506e-05,0.0020294126,0.015667676,4.9034917e-05,1.6521614e-05
0.2904951,7.9189138e-05,0.0020288708,0.016546505,4.9592863e-05,1.6841097e-05
0.29058342,8.0192127e-05,0.0020319871,0.017428471,5.0231721e-05,1.712395e-05
0.29070235,8.1530211e-05,0.0020302252,0.017790039,5.1009387e-05,1.7471962e-05
0.29079261,8.2604324e-05,0.0020297567,0.019152548,5.1655643e-05,1.7745589e-05
0.29091447,8.4272952e-05,0.0020341514,0.019104304,5.2666771e-05,1.8147439e-05
0.29100671,8.4507153e-05,0.0020151909,0.019266533,5.2782876e-05,1.819735e-05
0.29112771,8.303046e-05,0.0019541553,0.018258918,5.1902861e-05,1.7865032e-05
0.29121723,8.2299507e-05,0.0019247792,0.018219544,5.1473272e-05,1.7690501e-05
0.29133561,8.1715713e-05,0.0019041955,0.017687903,5.1190476e-05,1.7524282e-05
0.29142402,8.1511991e-05,0.0019019161,0.01696219,5.1152843e-05,1.7453613e-05
0.29154181,8.1461954e-05,0.0019116887,0.017502786,5.1205798e-05,1.7389519e-05
0.2916304,8.167716e-05,0.0019321055,0.016555213,5.1434171e-05,1.7417875e-05
0.29174928,8.2227038e-05,0.0019716902,0.017266279,5.1857857e-05,1.7450756e-05
0.29183914,8.2787962e-05,0.002010815,0.017309729,5.2251869e-05,1.7498978e-05
0.29196026,8.3622382e-05,0.002070833,0.017194025,5.2799959e-05,1.757045e-05
0.29205217,8.4339378e-05,0.0021199002,0.017161236,5.329086e-05,1.7641307e-05
0.29217634,8.542717e-05,0.0021874587,0.01710331,5.3950334e-05,1.7762508e-05
0.2922707,8.5850238e-05,0.00222392,0.016861902,5.4146786e-05,1.7790389e-05
0.29239485,8.3800009e-05,0.0021906747,0.016459173,5.2735047e-05,1.7284875e-05
0.29248618,8.2192353e-05,0.0021579567,0.016725606,5.1746185e-05,1.6967388e-05
0.29260563,8.0260376e-05,0.0021012951,0.016010347,5.0417318e-05,1.6529096e-05
0.29269376,7.9105974e-05,0.0020590286,0.016297474,4.9596628e-05,1.6281749e-05
0.29280939,7.7630556e-05,0.0019967282,0.015983194,4.8524673e-05,1.5960274e-05
0.29289492,7.6569598e-05,0.0019459398,0.016428021,4.773356e-05,1.5731741e-05
0.29300757,7.5512915e-05,0.0018832981,0.016504425,4.690968e-05,1.5520941e-05
0.29309118,7.4851426e-05,0.0018371228,0.016066219,4.6319808e-05,1.5376561e-05
0.29320177,7.4210781e-05,0.0017796173,0.016485178,4.5666477e-05,1.521453e-05
0.29328409,7.3758431e-05,0.0017367257,0.014996889,4.5190159e-05,1.5102052e-05
0.29339329,7.3470292e-05,0.0016879106,0.015571591,4.4710876e-05,1.5042954e-05
0.29350202,7.3205062e-05,0.001640391,0.015894061,4.4236625e-05,1.4984551e-05
0.29358348,7.3229942e-05,0.0016108495,0.015920341,4.4025279e-05,1.4989355e-05
0.29369186,7.3103375e-05,0.0015699094,0.015694327,4.3636925e-05,1.4948912e-05
0.29377314,7.3091751e-05,0.001543834,0.015189064,4.3430832e-05,1.4934109e-05
0.29388153,7.3093368e-05,0.0015124112,0.015110868,4.3152096e-05,1.4899696e-05
0.29396281,7.307361e-05,0.0014915494,0.015482005,4.2947936e-05,1.4852409e-05
0.29407137,7.315704e-05,0.0014712829,0.014925922,4.2805831e-05,1.480666e-05
0.29415284,7.3097193e-05,0.0014569548,0.014942313,4.2631306e-05,1.4735655e-05
0.29426165,7.3126295e-05,0.0014456283,0.015340817,4.2507282e-05,1.4673264e-05
0.2943433,7.31466e-05,0.00143774,0.014695532,4.2345503e-05,1.4611565e-05
0.29445216,7.3014513e-05,0.0014322156,0.014496405,4.2130506e-05,1.4524843e-05
0.29453381,7.2938578e-05,0.0014314974,0.014931686,4.1983002e-05,1.4459377e-05
0.29464268,7.282133e-05,0.0014345639,0.014843445,4.1795362e-05,1.4374877e-05
0.2947242,7.2582767e-05,0.001435875,0.014013431,4.1557542e-05,1.4292561e-05
0.29483269,7.2370523e-05,0.0014422566,0.014415807,4.128365e-05,1.4242579e-05
0.29491382,7.2160502e-05,0.0014487241,0.014284272,4.1056698e-05,1.4218834e-05
0.29502166,7.1859082e-05,0.0014576409,0.014409743,4.0697826e-05,1.4173079e-05
0.29510216,7.1541458e-05,0.0014643509,0.014516501,4.0390791e-05,1.4125767e-05
0.29520884,7.1058355e-05,0.0014742744,0.014755631,3.9956376e-05,1.405148e-05
0.29528837,7.0863739e-05,0.0014830455,0.014815868,3.9663879e-05,1.3990699e-05
0.29539351,7.0235915e-05,0.0014911555,0.01497524,3.9161231e-05,1.3855214e-05
0.29547171,6.9776359e-05,0.0014972648,0.015690653,3.8782501e-05,1.3739942e-05
0.29557485,6.8973508e-05,0.0015012554,0.014809227,3.8183365e-05,1.3539866e-05
0.29565144,6.8336211e-05,0.001502927,0.014734084,3.7730171e-05,1.3383158e-05
0.29575243,6.7555128e-05,0.0015042902,0.014433734,3.7174724e-05,1.3190836e-05
0.29582732,6.6893872e-05,0.0015024795,0.013698777,3.673902e-05,1.3026302e-05
0.29592599,6.5890559e-05,0.0014952704,0.013592557,3.6133537e-05,1.2787335e-05
0.29599918,6.5225299e-05,0.0014900702,0.013573324,3.5725219e-05,1.2622391e-05
0.29609564,6.4247396e-05,0.0014785751,0.013753626,3.513006e-05,1.2384884e-05
0.29616717,6.3558527e-05,0.001470416,0.013440844,3.4737665e-05,1.2229339e-05
0.2962615,6.2770756e-05,0.0014595497,0.012599372,3.4251697e-05,1.2039594e-05
0.29633148,6.2108507e-05,0.0014497179,0.013022567,3.3870116e-05,1.1891886e-05
0.29642384,6.1349086e-05,0.0014364028,0.012873556,3.3393656e-05,1.1713142e-05
0.29649246,6.0878404e-05,0.0014285287,0.012611549,3.3080788e-05,1.1594499e-05
0.296583,6.003662e-05,0.0014142159,0.012796058,3.2584792e-05,1.1417085e-05
0.29665036,5.9555459e-05,0.0014054206,0.012784252,3.2271443e-05,1.130014e-05
0.29673943,5.8911797e-05,0.0013937185,0.011445101,3.1846249e-05,1.1142148e-05
0.29680569,5.8428456e-05,0.0013849562,0.01185498,3.1549533e-05,1.1021472e-05
0.29689338,5.791458e-05,0.0013766229,0.011361088,3.1206252e-05,1.0885928e-05
0.29695872,5.7437081e-05,0.0013680938,0.011915666,3.0909066e-05,1.0778441e-05
0.29704533,5.6944646e-05,0.001361092,0.011495986,3.0598761e-05,1.0665231e-05
0.29713143,5.6569257e-05,0.001358466,0.011295308,3.0345496e-05,1.0571724e-05
0.29719566,5.6230558e-05,0.0013560422,0.011567731,3.0144587e-05,1.0486617e-05
0.29728095,5.5897857e-05,0.0013563009,0.011585757,2.9925901e-05,1.0393278e-05
0.29734472,5.5670691e-05,0.0013588568,0.011504806,2.9795451e-05,1.0332098e-05
0.29742951,5.5456302e-05,0.001364615,0.011299043,2.9655247e-05,1.0254041e-05
0.29749297,5.5282168e-05,0.0013688789,0.011420986,2.9533712e-05,1.0195851e-05
0.29757746,5.5220032e-05,0.0013797896,0.011591015,2.9471943e-05,1.0161874e-05
0.29764082,5.517744e-05,0.0013888603,0.011084567,2.9424734e-05,1.0149822e-05
0.2977253,5.5161713e-05,0.0014012305,0.011715365,2.9380874e-05,1.013236e-05
0.29778867,5.5134767e-05,0.0014109684,0.011833426,2.9347408e-05,1.0123695e-05
0.29787315,5.5125902e-05,0.0014241775,0.012041807,2.9318436e-05,1.0112888e-05
0.29793667,5.52618e-05,0.0014377224,0.011675599,2.9375421e-05,1.0131222e-05
0.29802153,5.5418304e-05,0.0014538833,0.011153269,2.9433606e-05,1.0154986e-05
0.29808538,5.5596512e-05,0.0014663504,0.011712974,2.9504549e-05,1.0188275e-05
0.2981708,5.5929495e-05,0.0014845897,0.012258532,2.9655191e-05,1.0264893e-05
0.29823504,5.6065017e-05,0.0014956916,0.011557532,2.9739484e-05,1.0318093e-05
0.29832109,5.6400739e-05,0.0015116388,0.011948543,2.9907009e-05,1.0414646e-05
0.29838591,5.6570309e-05,0.001520013,0.011763389,3.0000297e-05,1.0467206e-05
0.29847279,5.6883833e-05,0.0015309742,0.011435057,3.0175131e-05,1.0554051e-05
0.29853828,5.7177792e-05,0.0015391282,0.011926957,3.0362278e-05,1.0630221e-05
0.29862614,5.7579775e-05,0.0015426072,0.011679319,3.0563426e-05,1.0696989e-05
0.29869245,5.7891479e-05,0.0015426069,0.011951446,3.0765201e-05,1.0767525e-05
0.29878141,5.8368931e-05,0.0015375926,0.012287446,3.1074582e-05,1.0881683e-05
0.29884851,5.8522502e-05,0.0015232423,0.011819277,3.120108e-05,1.0931921e-05
0.29893861,5.9010163e-05,0.0015056841,0.012609338,3.1541209e-05,1.1067261e-05
0.29900668,5.933735e-05,0.0014863512,0.012162908,3.177935e-05,1.1171818e-05
0.29909799,5.9681164e-05,0.0014529366,0.01330446,3.2051928e-05,1.1302472e-05
0.299167,6.0018951e-05,0.0014264759,0.012626847,3.2299043e-05,1.142209e-05
0.29925973,6.0606862e-05,0.0013895485,0.013568432,3.2690445e-05,1.1602182e-05
0.29932981,6.0976125e-05,0.0013582749,0.012466398,3.2960785e-05,1.1730548e-05
0.29942403,6.159218e-05,0.0013164897,0.012758173,3.3352045e-05,1.1926942e-05
0.29949525,6.2031531e-05,0.0012832393,0.012954879,3.3642456e-05,1.2075057e-05
0.29959096,6.2508415e-05,0.0012355738,0.013497496,3.3937978e-05,1.2298588e-05
0.29966329,6.3010431e-05,0.0012031466,0.013586384,3.4227972e-05,1.2496379e-05
0.29976059,6.3792143e-05,0.0011639954,0.013068071,3.4682053e-05,1.2792771e-05
0.29983419,6.4377863e-05,0.0011351896,0.013234409,3.5014492e-05,1.3007792e-05
0.29993318,6.4990052e-05,0.0010975197,0.013462896,3.5368193e-05,1.3265556e-05
0.30000823,6.5889098e-05,0.0010782608,0.013504812,3.5848937e-05,1.3520106e-05
0.3001092,6.6579372e-05,0.0010473888,0.01439126,3.6217626e-05,1.3749925e-05
0.3001857,6.7266016e-05,0.0010290638,0.015137336,3.656659e-05,1.3937207e-05
0.30028881,6.8286986e-05,0.0010100074,0.014975934,3.7098147e-05,1.4187153e-05
0.30039317,6.9366789e-05,0.00099546983,0.015205123,3.7647277e-05,1.4419975e-05
0.30047226,7.0080542e-05,0.00098651396,0.015312503,3.8044857e-05,1.4582499e-05
0.3005789,7.1273418e-05,0.00098041574,0.016062081,3.8664659e-05,1.4811469e-05
0.30065973,7.1941913e-05,0.0009782842,0.015635316,3.9118243e-05,1.4956018e-05
0.3007687,7.2764093e-05,0.00097724433,0.015174471,3.9627433e-05,1.5108038e-05
0.30085141,7.3559583e-05,0.00098235392,0.015591959,4.0138021e-05,1.5257632e-05
0.30096304,7.4753809e-05,0.00099594631,0.01541991,4.0924966e-05,1.5493588e-05
0.3010478,7.563204e-05,0.0010089528,0.016265175,4.1489373e-05,1.5667438e-05
0.30116249,7.6949598e-05,0.0010332303,0.016117594,4.2344027e-05,1.5925591e-05
0.30124965,7.7878272e-05,0.0010543423,0.015863988,4.2941338e-05,1.6089413e-05
0.3013677,7.9343285e-05,0.001090698,0.016885155,4.384446e-05,1.6346896e-05
0.30145769,8.0367833e-05,0.0011212118,0.016788694,4.4472027e-05,1.6528177e-05
0.30157966,8.2048337e-05,0.0011711933,0.017490857,4.5476568e-05,1.6821163e-05
0.30167282,8.3773699e-05,0.0012202775,0.017674767,4.6499227e-05,1.7143144e-05
0.30179919,8.5729432e-05,0.0012857503,0.01771535,4.7636312e-05,1.748293e-05
0.30189567,8.7084854e-05,0.0013380839,0.017647835,4.8478546e-05,1.771528e-05
0.3020265,8.8521773e-05,0.001408668,0.019294245,4.9395011e-05,1.793604e-05
0.30212623,9.0021899e-05,0.0014737208,0.01889668,5.0323853e-05,1.8178049e-05
0.30226074,9.0883934e-05,0.0015498378,0.019681862,5.0929526e-05,1.8268722e-05
0.3023627,9.1756648e-05,0.0016173309,0.018834453,5.1493394e-05,1.8379666e-05
0.30249925,9.2695399e-05,0.0017132451,0.019371734,5.2130727e-05,1.8480632e-05
0.30260119,9.1957314e-05,0.0017634822,0.019427513,5.1785288e-05,1.8261286e-05
0.30273522,9.0415229e-05,0.0018220127,0.01891261,5.0967852e-05,1.7863223e-05
0.30283402,8.8816617e-05,0.0018549482,0.018468513,5.0106529e-05,1.7498533e-05
0.30296364,8.7292136e-05,0.0019060247,0.01813982,4.925644e-05,1.7120762e-05
0.30305898,8.570186e-05,0.0019302466,0.016614561,4.8360096e-05,1.6751493e-05
0.30318359,8.4146904e-05,0.0019654695,0.017139749,4.7465211e-05,1.6383055e-05
0.3032755,8.3384993e-05,0.0019941448,0.016187881,4.7020657e-05,1.6193604e-05
0.30339606,8.1773337e-05,0.0020073721,0.016599446,4.6106793e-05,1.5827409e-05
0.30348515,8.106519e-05,0.0020190042,0.016579998,4.5642968e-05,1.5657492e-05
0.30360255,8.0178032e-05,0.0020298383,0.015921559,4.5189526e-05,1.5527827e-05
0.3036894,7.932212e-05,0.0020251193,0.016078366,4.4727401e-05,1.5380588e-05
0.30380454,7.8418574e-05,0.0020169935,0.01606862,4.4263273e-05,1.524276e-05
0.30389039,7.8384612e-05,0.0020238589,0.016111724,4.4278279e-05,1.5265006e-05
0.30400486,7.8445662e-05,0.0020297094,0.016528469,4.4316441e-05,1.5270397e-05
0.30409071,7.8379567e-05,0.0020316091,0.015704093,4.4320966e-05,1.5276378e-05
0.30420518,7.8378447e-05,0.0020337656,0.015175238,4.4304763e-05,1.5313712e-05
0.30429104,7.845512e-05,0.002034088,0.015677246,4.4289687e-05,1.5377927e-05
0.30440551,7.8556237e-05,0.0020354476,0.015304937,4.4238411e-05,1.5483689e-05
0.30449272,7.9915072e-05,0.0020684618,0.01668263,4.4908633e-05,1.5815176e-05
0.30460901,8.0032644e-05,0.0020692687,0.016434636,4.4846113e-05,1.5908566e-05
0.30472691,8.1657288e-05,0.0021074787,0.01693364,4.5610252e-05,1.628299e-05
0.30481574,8.1739097e-05,0.0021065693,0.017874127,4.552893e-05,1.6317246e-05
0.3049367,8.3564948e-05,0.0021479848,0.018384568,4.6395229e-05,1.6681186e-05
0.30502742,8.3609238e-05,0.0021440693,0.018613655,4.6317358e-05,1.6675783e-05
0.30515148,8.573547e-05,0.0021869577,0.018722058,4.7407011e-05,1.7083695e-05
0.30524453,8.5635184e-05,0.0021717606,0.018250328,4.7345413e-05,1.7019719e-05
0.30536659,8.2716963e-05,0.0020714107,0.018152991,4.5733426e-05,1.6376638e-05
0.30545663,8.2578834e-05,0.0020391885,0.018297632,4.5685987e-05,1.6331181e-05
0.30557669,8.232822e-05,0.0019836576,0.017910629,4.5615382e-05,1.6274599e-05
0.30566674,8.2124689e-05,0.0019319519,0.017612881,4.5552945e-05,1.6213723e-05
0.3057868,8.1867919e-05,0.0018500796,0.017697753,4.5460177e-05,1.6158334e-05
0.30587684,8.1654411e-05,0.0017803633,0.017185932,4.5380435e-05,1.6108704e-05
0.3059969,8.1328744e-05,0.0016794968,0.018065516,4.5261277e-05,1.6057483e-05
0.30608695,8.1078813e-05,0.0016009445,0.017401747,4.5182531e-05,1.6016393e-05
0.30620701,8.0751034e-05,0.0014935666,0.017169943,4.5071081e-05,1.5966878e-05
0.30630188,8.7183247e-05,0.0015319867,0.018453348,4.8746115e-05,1.7295661e-05
0.30643312,8.8085506e-05,0.0014418833,0.018575679,4.9417904e-05,1.7560504e-05
0.30653257,8.8054398e-05,0.0013693166,0.019493293,4.9555207e-05,1.7601716e-05
0.3066629,8.5474847e-05,0.0012468187,0.019960076,4.8295255e-05,1.7164852e-05
0.30675828,8.3378004e-05,0.0011640183,0.019518178,4.7261355e-05,1.6798383e-05
0.30688201,8.0410159e-05,0.0010642765,0.019154274,4.5768264e-05,1.6298484e-05
0.3069718,7.7900812e-05,0.00099424891,0.01834002,4.447779e-05,1.5877804e-05
0.30708726,7.4611209e-05,0.00091167766,0.018541501,4.2733836e-05,1.5315144e-05
0.30717062,7.2146429e-05,0.00085609527,0.017307469,4.1420039e-05,1.4893699e-05
0.30727747,6.9025384e-05,0.00079100087,0.015983321,3.9687933e-05,1.4327995e-05
0.30735455,6.6851528e-05,0.00074863859,0.015925508,3.8460237e-05,1.3920419e-05
0.3074534,6.4125668e-05,0.00069896695,0.015645918,3.6890705e-05,1.341593e-05
0.30752482,6.223541e-05,0.00066654632,0.014778087,3.5788737e-05,1.3052727e-05
0.30761674,5.9923742e-05,0.00062879832,0.014999628,3.4454396e-05,1.26067e-05
0.30768346,5.8393168e-05,0.00060494606,0.014249122,3.3574088e-05,1.2304446e-05
0.30776991,5.6643592e-05,0.00057869742,0.013281104,3.2583642e-05,1.1939791e-05
0.30783312,5.551627e-05,0.00056258727,0.013426819,3.1937252e-05,1.1691094e-05
0.30791554,5.4196307e-05,0.00054460402,0.013088775,3.1202155e-05,1.1397984e-05
0.30797616,5.3324836e-05,0.00053375668,0.012453787,3.0729589e-05,1.1198407e-05
0.30805566,5.2381528e-05,0.0005229111,0.011909917,3.0211323e-05,1.0981999e-05
0.30811445,5.1779785e-05,0.0005168751,0.011159415,2.9879472e-05,1.0848427e-05
0.30819194,5.109727e-05,0.00051125021,0.011613531,2.9529549e-05,1.0713429e-05
0.30824952,5.0699155e-05,0.0005089785,0.01088421,2.9339802e-05,1.0622162e-05
0.30832569,5.0242938e-05,0.00050797457,0.011222958,2.9131274e-05,1.0519711e-05
0.30840135,4.99133e-05,0.00050961509,0.010575327,2.9002428e-05,1.0430351e-05
0.30845784,4.9699072e-05,0.00051205879,0.010650747,2.8935808e-05,1.0382038e-05
0.30853294,4.954726e-05,0.00051782228,0.011027444,2.8934371e-05,1.0337981e-05
0.30858916,4.9471423e-05,0.00052347932,0.010039553,2.894977e-05,1.0309058e-05
0.30866408,4.9451334e-05,0.00053314035,0.010442154,2.9020076e-05,1.0286049e-05
0.30872029,4.947256e-05,0.00054167692,0.010574322,2.9090479e-05,1.0276941e-05
0.30879535,4.9553617e-05,0.00055563027,0.010871774,2.9231024e-05,1.0297488e-05
0.30885178,4.9660384e-05,0.00056764168,0.010868306,2.9353195e-05,1.0325945e-05
0.30892725,4.9847616e-05,0.00058591972,0.011020473,2.954643e-05,1.0377318e-05
0.30898408,5.0034286e-05,0.00060157097,0.010680333,2.9712174e-05,1.0431377e-05
0.3090602,5.0323096e-05,0.00062494177,0.01107134,2.9954119e-05,1.0506311e-05
0.30911759,5.0567586e-05,0.00064461853,0.011312178,3.0164441e-05,1.0577949e-05
0.30919458,5.0942033e-05,0.00067387949,0.012050089,3.0457232e-05,1.0679437e-05
0.30925268,5.1270113e-05,0.00069842112,0.011006272,3.0689815e-05,1.076097e-05
0.30933069,5.1725437e-05,0.00073444347,0.011862284,3.1038225e-05,1.0869692e-05
0.30938962,5.2080853e-05,0.00076407808,0.012246707,3.1287596e-05,1.0953633e-05
0.30946877,5.2557358e-05,0.00080687371,0.012038323,3.1629695e-05,1.1055068e-05
0.3095286,5.2952443e-05,0.00084213287,0.011871968,3.191801e-05,1.1130811e-05
0.30960902,5.3493374e-05,0.00089309999,0.012217194,3.229541e-05,1.1221115e-05
0.30966984,5.3900247e-05,0.00093404971,0.01241238,3.2588842e-05,1.129066e-05
0.30975164,5.4469135e-05,0.00099281484,0.012909985,3.3001546e-05,1.1381527e-05
0.3098135,5.4866152e-05,0.0010390698,0.011829922,3.3313031e-05,1.1437393e-05
0.30989672,5.5404485e-05,0.0011034431,0.01183998,3.3735621e-05,1.1508062e-05
0.30995967,5.579138e-05,0.0011515957,0.012569505,3.4047058e-05,1.1557084e-05
0.31004434,5.6344518e-05,0.0012154845,0.011853064,3.4497009e-05,1.1629971e-05
0.31010837,5.6688165e-05,0.0012620449,0.011786442,3.4795494e-05,1.1675664e-05
0.31019447,5.717557e-05,0.0013233862,0.012113126,3.5225748e-05,1.1758472e-05
0.3102596,5.753806e-05,0.0013669751,0.01273535,3.5539482e-05,1.1814362e-05
0.31034717,5.8044313e-05,0.001422644,0.01258497,3.5958501e-05,1.1898992e-05
0.31041342,5.8406845e-05,0.0014616533,0.012103833,3.6281942e-05,1.1951118e-05
0.31050251,5.891908e-05,0.0015101485,0.012461311,3.6708007e-05,1.2021084e-05
0.31056989,5.9259906e-05,0.0015415914,0.013083704,3.6983871e-05,1.2068286e-05
0.31066051,5.9763921e-05,0.0015812576,0.013117944,3.7411033e-05,1.2143271e-05
0.31072906,6.01049e-05,0.0016068653,0.013340518,3.768406e-05,1.2195617e-05
0.31082129,6.0648654e-05,0.0016394393,0.013494681,3.8092333e-05,1.2280184e-05
0.31089109,6.1023484e-05,0.0016605154,0.013440627,3.8391272e-05,1.2341993e-05
0.31098503,6.1541533e-05,0.0016869989,0.013114855,3.8809572e-05,1.2446169e-05
0.31105611,6.189361e-05,0.0017038975,0.012857413,3.9091065e-05,1.2507826e-05
0.31115176,6.2378075e-05,0.00172527,0.013185795,3.9486175e-05,1.2589898e-05
0.31122412,6.2715812e-05,0.0017394753,0.012947587,3.9758221e-05,1.2651883e-05
0.31132142,6.3170361e-05,0.0017564333,0.013332093,4.0100451e-05,1.272601e-05
0.31141966,6.363128e-05,0.0017722982,0.013204938,4.0434684e-05,1.2815332e-05
0.31149397,6.4035384e-05,0.0017851344,0.013375278,4.0701812e-05,1.2892746e-05
0.31159388,6.4542229e-05,0.0018016914,0.014068726,4.1053493e-05,1.3005358e-05
0.3116695,6.5109301e-05,0.0018145464,0.014511505,4.132891e-05,1.3123075e-05
0.31177136,6.5923162e-05,0.0018366913,0.014377641,4.1759689e-05,1.3298224e-05
0.31184856,6.6603363e-05,0.0018547172,0.014945281,4.2107676e-05,1.344718e-05
0.31195267,6.7595998e-05,0.0018804735,0.014262611,4.2587996e-05,1.3662625e-05
0.31203169,6.8432502e-05,0.0019012917,0.013966644,4.2985758e-05,1.3853245e-05
0.31213834,6.9551252e-05,0.0019303355,0.014779178,4.353968e-05,1.4144102e-05
0.31221932,7.0439343e-05,0.0019519434,0.014979997,4.3996382e-05,1.4373899e-05
0.31232867,7.165817e-05,0.0019815085,0.014579478,4.4649682e-05,1.4689408e-05
0.3124118,7.2657832e-05,0.0020049758,0.015017884,4.5179994e-05,1.4941139e-05
0.31252413,7.3994867e-05,0.002035413,0.015275418,4.5950387e-05,1.5255271e-05
0.31260962,7.5060895e-05,0.0020615442,0.015435911,4.6586033e-05,1.5490379e-05
0.31272533,7.6580977e-05,0.0020978576,0.015932596,4.7509836e-05,1.5815231e-05
0.31281356,7.7811621e-05,0.0021283651,0.015454344,4.8273505e-05,1.607863e-05
0.31293128,7.7265051e-05,0.0021115378,0.016300958,4.798926e-05,1.6010499e-05
0.3130187,7.6748777e-05,0.0020972323,0.016438288,4.7736255e-05,1.5947721e-05
0.31313435,7.6313496e-05,0.0020852527,0.016201862,4.754982e-05,1.5918804e-05
0.31322063,7.6142635e-05,0.0020801616,0.016264648,4.7509965e-05,1.5949391e-05
0.31333532,7.6118078e-05,0.0020795874,0.015672327,4.7591915e-05,1.6027117e-05
0.31342122,7.6212958e-05,0.0020806365,0.016169346,4.768529e-05,1.6102889e-05
0.31353591,7.6680788e-05,0.0020870637,0.016345229,4.7989889e-05,1.6283269e-05
0.31362214,7.7102606e-05,0.0020909418,0.016299532,4.8190477e-05,1.6448304e-05
0.31373767,7.793632e-05,0.0020998439,0.016239369,4.8666563e-05,1.6720463e-05
0.31382483,7.8625457e-05,0.0021051532,0.015818919,4.9018552e-05,1.6920105e-05
0.313942,7.968723e-05,0.0021148624,0.017154059,4.9590749e-05,1.7190034e-05
0.31403068,8.0597114e-05,0.0021216097,0.016748675,5.0056449e-05,1.7367515e-05
0.31415021,8.1821719e-05,0.0021346369,0.017563588,5.070441e-05,1.7591238e-05
0.31424093,8.2850048e-05,0.0021488568,0.017871781,5.126065e-05,1.7765358e-05
0.3143634,8.4170686e-05,0.0021703175,0.017790293,5.1936508e-05,1.7970361e-05
0.31445539,8.3499697e-05,0.0021470295,0.016914432,5.1456896e-05,1.7752908e-05
0.31457632,8.2255718e-05,0.002114703,0.017544996,5.0641784e-05,1.7384196e-05
0.31466621,8.1723478e-05,0.0021058432,0.01667082,5.0268532e-05,1.7204111e-05
0.31478556,8.1353975e-05,0.002109112,0.016080911,4.998109e-05,1.7076542e-05
0.31487497,8.1315781e-05,0.0021208295,0.017075248,4.9880066e-05,1.705003e-05
0.31499455,8.1538475e-05,0.0021511374,0.016802814,4.995484e-05,1.7116145e-05
0.31508384,8.055733e-05,0.0021421123,0.016568914,4.9278686e-05,1.6904007e-05
0.31520093,7.8927355e-05,0.0021201656,0.016101526,4.8136984e-05,1.6548416e-05
0.31528746,7.7822242e-05,0.0021011045,0.017125518,4.7351081e-05,1.6303295e-05
0.31540123,7.6470605e-05,0.0020691608,0.015903044,4.6347846e-05,1.5982231e-05
0.31551344,7.5324283e-05,0.002031865,0.015543636,4.5489345e-05,1.5697884e-05
0.31559678,7.4606017e-05,0.0019987934,0.015140362,4.4880261e-05,1.5499762e-05
0.31570695,7.3662124e-05,0.0019471545,0.014871731,4.4123636e-05,1.5256415e-05
0.31578902,7.3154037e-05,0.0019072451,0.014676817,4.3658087e-05,1.5105004e-05
0.31589788,7.2547252e-05,0.0018506201,0.014864697,4.3066439e-05,1.4912629e-05
0.31597924,7.2213406e-05,0.0018077152,0.01471334,4.2715007e-05,1.4799663e-05
0.31608747,7.1860648e-05,0.0017490161,0.014917245,4.2272146e-05,1.4662449e-05
0.31616852,7.1701779e-05,0.0017057075,0.014939422,4.1988067e-05,1.4573001e-05
0.31627643,7.1465072e-05,0.0016457342,0.014157108,4.1575867e-05,1.4474103e-05
0.31635731,7.1325868e-05,0.0016017432,0.015516246,4.1302112e-05,1.4415395e-05
0.31646509,7.1275415e-05,0.0015456472,0.014363642,4.0986317e-05,1.4342227e-05
0.31654593,7.1288855e-05,0.0015046426,0.015503903,4.0762972e-05,1.4272413e-05
0.31665371,7.1317491e-05,0.0014511868,0.014558054,4.0481493e-05,1.4177947e-05
0.31673455,7.1371716e-05,0.0014124488,0.014828747,4.0251419e-05,1.4129634e-05
0.31684226,7.1360393e-05,0.0013599076,0.015034732,3.9932796e-05,1.4059516e-05
0.31692299,7.1325952e-05,0.0013225857,0.014388011,3.9689631e-05,1.401053e-05
0.31703045,7.1204001e-05,0.0012747459,0.014692488,3.9321406e-05,1.3914102e-05
0.31711089,7.1107385e-05,0.0012430087,0.014076575,3.9069813e-05,1.3838042e-05
0.31721784,7.0849493e-05,0.0012039273,0.013670446,3.8698681e-05,1.3702027e-05
0.31729778,7.0626547e-05,0.0011779214,0.01437028,3.83933e-05,1.3583339e-05
0.31740391,7.0212566e-05,0.0011471549,0.014601869,3.7985112e-05,1.3422855e-05
0.31748312,6.9834075e-05,0.0011270006,0.014193599,3.7635465e-05,1.3309492e-05
0.31758809,6.9252153e-05,0.0011039668,0.014593297,3.7165995e-05,1.3154389e-05
0.31766626,6.8758653e-05,0.0010891615,0.0148297,3.6800634e-05,1.3038527e-05
0.31776972,6.8090049e-05,0.0010737996,0.014617303,3.6334098e-05,1.2895995e-05
0.31784663,6.7502489e-05,0.0010640631,0.014247469,3.5944027e-05,1.2787976e-05
0.31794821,6.6709172e-05,0.001054186,0.013158458,3.543669e-05,1.2640437e-05
0.31802363,6.6101935e-05,0.0010490014,0.012937865,3.5048973e-05,1.2534112e-05
0.31812313,6.5275798e-05,0.0010441906,0.013432664,3.452082e-05,1.2406985e-05
0.31819694,6.4612601e-05,0.0010435413,0.012951467,3.4133241e-05,1.2330815e-05
0.3182943,6.3839352e-05,0.0010452993,0.012777811,3.362352e-05,1.2242549e-05
0.31836654,6.3276711e-05,0.0010488637,0.012709619,3.3253805e-05,1.2179326e-05
0.31846185,6.2549622e-05,0.001056437,0.012682504,3.2777036e-05,1.2092886e-05
0.31853255,6.2037041e-05,0.0010636929,0.013288972,3.2428673e-05,1.2018051e-05
0.31862588,6.1340075e-05,0.0010759684,0.012382234,3.1959397e-05,1.190414e-05
0.31869518,6.0852933e-05,0.0010875928,0.012682823,3.1642729e-05,1.1816956e-05
0.3187867,6.0204367e-05,0.0011043074,0.01311329,3.1197076e-05,1.1691083e-05
0.31885474,5.9793232e-05,0.0011191335,0.013251753,3.0904821e-05,1.1597929e-05
0.31894468,5.9229469e-05,0.0011400909,0.013074956,3.051852e-05,1.146911e-05
0.31901158,5.8811437e-05,0.0011558227,0.01251621,3.0229676e-05,1.1370634e-05
0.31910013,5.8336765e-05,0.0011778084,0.012694327,2.9908358e-05,1.1273692e-05
0.31918802,5.7811033e-05,0.0011986049,0.011871222,2.9588965e-05,1.116418e-05
0.31925351,5.7490541e-05,0.0012145513,0.011539869,2.9396424e-05,1.1091249e-05
0.31934035,5.7071413e-05,0.001234781,0.012167101,2.9138879e-05,1.1003808e-05
0.31940514,5.6796804e-05,0.0012497576,0.011752894,2.8971607e-05,1.0936329e-05
0.31949113,5.6454632e-05,0.0012693471,0.011584515,2.877097e-05,1.0860084e-05
0.31955536,5.6175059e-05,0.0012833204,0.01236744,2.8633292e-05,1.0805671e-05
0.31964072,5.5881003e-05,0.0013022861,0.01223312,2.8471599e-05,1.0744101e-05
0.31970456,5.5711359e-05,0.0013163017,0.011523675,2.8362449e-05,1.0700666e-05
0.31978951,5.5515646e-05,0.0013347871,0.012265646,2.8245334e-05,1.0644086e-05
0.31985314,5.5407214e-05,0.0013489377,0.011467685,2.8183144e-05,1.0603297e-05
0.3199379,5.5316985e-05,0.0013671154,0.011928627,2.8093041e-05,1.055708e-05
0.32000147,5.5242361e-05,0.0013809072,0.011565457,2.8029993e-05,1.0516732e-05
0.32008624,5.5168562e-05,0.0013985895,0.011752424,2.7977929e-05,1.046871e-05
0.32014987,5.5147781e-05,0.0014113638,0.011921898,2.7942991e-05,1.0432485e-05
0.32023484,5.5179087e-05,0.0014294558,0.011393493,2.7919778e-05,1.0401309e-05
0.32029869,5.5118675e-05,0.0014416311,0.012049626,2.7918297e-05,1.038097e-05
0.32038402,5.520565e-05,0.0014579667,0.011852987,2.7955246e-05,1.0373614e-05
0.32044823,5.5284495e-05,0.001471369,0.010766797,2.7995961e-05,1.0365915e-05
0.32053414,5.5412587e-05,0.001489328,0.011720259,2.8082925e-05,1.0363725e-05
0.32059882,5.5572425e-05,0.0015025548,0.011060751,2.8161905e-05,1.0362655e-05
0.32068545,5.5731727e-05,0.0015196601,0.011777341,2.8276587e-05,1.0370004e-05
0.32075072,5.5852807e-05,0.0015316036,0.011894557,2.8364827e-05,1.0377152e-05
0.32083818,5.6126188e-05,0.0015474821,0.011504723,2.8517049e-05,1.0401139e-05
0.32090416,5.6367584e-05,0.0015599886,0.012315202,2.86645e-05,1.0440799e-05
0.32099263,5.6710654e-05,0.0015730893,0.012234795,2.8856377e-05,1.0512116e-05
0.32105939,5.6944938e-05,0.0015809502,0.012900013,2.8990552e-05,1.0568046e-05
0.32114892,5.7315614e-05,0.0015903338,0.012213358,2.91835e-05,1.0659659e-05
0.32121649,5.7633951e-05,0.0015962349,0.012580556,2.935791e-05,1.0733816e-05
0.32130717,5.8112769e-05,0.0016033019,0.012579997,2.9600633e-05,1.0840378e-05
0.32137564,5.8455253e-05,0.0016060117,0.011896701,2.9777451e-05,1.0936409e-05
0.32146755,5.8974623e-05,0.001608832,0.012676334,3.0036939e-05,1.1090934e-05
0.32153702,5.9388947e-05,0.0016104317,0.013445907,3.0256098e-05,1.1220575e-05
0.32163031,5.9943363e-05,0.0016100068,0.013247696,3.0524931e-05,1.1395952e-05
0.3217008,6.037991e-05,0.0016090935,0.012673856,3.0748917e-05,1.1527148e-05
0.3217955,6.0940894e-05,0.0016054095,0.013415015,3.1030661e-05,1.1695302e-05
0.32186707,6.1373788e-05,0.001600923,0.013504033,3.1257382e-05,1.1814177e-05
0.3219632,6.1956185e-05,0.0015921508,0.013016286,3.1545331e-05,1.1952369e-05
0.32203586,6.239812e-05,0.0015836205,0.013589724,3.1787001e-05,1.2061926e-05
0.32213352,6.2969752e-05,0.001568224,0.01347458,3.209999e-05,1.2201859e-05
0.32220738,6.3408695e-05,0.0015543527,0.013591281,3.2356117e-05,1.2324704e-05
0.32230672,6.4092165e-05,0.0015340426,0.013635363,3.2760097e-05,1.2515068e-05
0.32240712,6.4730831e-05,0.0015087598,0.013843739,3.3160863e-05,1.2713119e-05
0.32248309,6.5267029e-05,0.0014880436,0.014159603,3.3488282e-05,1.2875642e-05
0.32258543,6.6051438e-05,0.0014591019,0.01448695,3.3987782e-05,1.3122758e-05
0.32266297,6.6619699e-05,0.0014349303,0.013899859,3.4350953e-05,1.3300832e-05
0.32276741,6.7404129e-05,0.0014013429,0.014224263,3.4845494e-05,1.3561403e-05
0.32284653,6.8049171e-05,0.001375904,0.014446678,3.5240436e-05,1.3774933e-05
0.32295311,6.8969941e-05,0.0013427284,0.014623598,3.5777768e-05,1.4111751e-05
0.32303389,6.9735513e-05,0.0013193481,0.014472795,3.6188894e-05,1.4369506e-05
0.32314278,7.088201e-05,0.0012917442,0.015059809,3.6828446e-05,1.4748826e-05
0.32322538,7.1761165e-05,0.0012718943,0.015462965,3.7303664e-05,1.5020459e-05
0.32333685,7.3140601e-05,0.0012507046,0.016077864,3.8044002e-05,1.5373048e-05
0.32342148,7.4170214e-05,0.0012370967,0.016150933,3.8606462e-05,1.5628666e-05
0.3235358,7.5633186e-05,0.0012236555,0.017336791,3.9385482e-05,1.5946845e-05
0.32362271,7.6814244e-05,0.0012170118,0.017127553,4.0004675e-05,1.6188854e-05
0.32374027,7.8423625e-05,0.0012135978,0.017604192,4.0894799e-05,1.6504216e-05
0.32382981,7.9629573e-05,0.0012143131,0.017392084,4.1575608e-05,1.6734061e-05
0.32394931,7.9253892e-05,0.0011913158,0.017838961,4.1490963e-05,1.6606457e-05
0.32403814,7.8948837e-05,0.0011796693,0.017291043,4.1439765e-05,1.6512492e-05
0.32415604,7.8832265e-05,0.001174912,0.017429259,4.1530316e-05,1.6462175e-05
0.3242444,7.8929007e-05,0.001178439,0.017167951,4.172946e-05,1.6472234e-05
0.32436254,7.9409692e-05,0.0011946272,0.017412448,4.2154413e-05,1.6549301e-05
0.32445165,7.9950385e-05,0.0012143904,0.017566518,4.2564426e-05,1.6647286e-05
0.32457142,8.0865484e-05,0.0012508718,0.017082602,4.3227177e-05,1.6787747e-05
0.32466215,8.1564713e-05,0.0012844122,0.017999119,4.371364e-05,1.6882832e-05
0.32478456,8.2765523e-05,0.0013418007,0.017076664,4.4479214e-05,1.7035488e-05
0.32487759,8.3753508e-05,0.001393777,0.017908339,4.5150258e-05,1.7161805e-05
0.32500345,8.5039775e-05,0.0014738081,0.017525037,4.5988229e-05,1.7305337e-05
0.32509917,8.5959443e-05,0.0015396175,0.016828109,4.6609355e-05,1.7381297e-05
0.32522874,8.7414206e-05,0.0016412505,0.018076091,4.7558904e-05,1.7515644e-05
0.32532764,8.8744581e-05,0.0017288638,0.01820086,4.840094e-05,1.7653967e-05
0.32546088,8.8694745e-05,0.001818696,0.018277029,4.8555282e-05,1.7473824e-05
0.32555963,8.7587266e-05,0.0018641799,0.017228283,4.8010166e-05,1.711879e-05
0.32568943,8.601747e-05,0.0019220425,0.017192855,4.7232201e-05,1.671825e-05
0.32578533,8.5002855e-05,0.0019666593,0.017272838,4.6702933e-05,1.6489733e-05
0.32591129,8.3611941e-05,0.0020203814,0.01727343,4.5948518e-05,1.6209505e-05
0.32600452,8.2837977e-05,0.002060231,0.01703727,4.5493728e-05,1.6068356e-05
0.32612734,8.1711435e-05,0.0021020866,0.016782293,4.4885532e-05,1.5923981e-05
0.32621852,8.1151006e-05,0.0021277484,0.017304926,4.4575209e-05,1.5867994e-05
0.32633909,8.0518735e-05,0.0021409152,0.016218069,4.419776e-05,1.5800549e-05
0.32642899,8.0259285e-05,0.0021377502,0.017172694,4.4048165e-05,1.5771825e-05
0.32654838,7.9933705e-05,0.0021161752,0.016824228,4.3863058e-05,1.5716391e-05
0.3266675,7.9800243e-05,0.0020859325,0.016158724,4.3788455e-05,1.5656363e-05
0.32675657,7.922194e-05,0.0020465592,0.016656905,4.3484328e-05,1.5538211e-05
0.32687385,7.8012628e-05,0.0019816253,0.016204288,4.2848563e-05,1.5324839e-05
0.32696096,7.7362989e-05,0.0019403197,0.016396372,4.2489434e-05,1.5193127e-05
0.32707615,7.6590544e-05,0.0018913232,0.016058443,4.2096619e-05,1.5070793e-05
0.32716206,7.6209126e-05,0.0018626443,0.016360973,4.1907577e-05,1.5048912e-05
0.32727624,7.5935674e-05,0.0018328726,0.016461693,4.177841e-05,1.502932e-05
0.32736172,7.5794344e-05,0.0018143555,0.01624168,4.169568e-05,1.5035582e-05
0.32747577,7.5855948e-05,0.0017975476,0.015851895,4.1714412e-05,1.5112796e-05
0.32756154,7.6018865e-05,0.0017893575,0.015992313,4.1804636e-05,1.5222717e-05
0.32767635,7.660477e-05,0.0017852352,0.015839972,4.2040749e-05,1.5420079e-05
0.32776296,7.7039507e-05,0.0017834023,0.016010818,4.2223402e-05,1.5567815e-05
0.32787931,7.7809767e-05,0.0017842343,0.01631944,4.2592218e-05,1.5787658e-05
0.32796738,7.8458126e-05,0.0017850645,0.016716914,4.2893846e-05,1.5940146e-05
0.328086,7.9438718e-05,0.0017858873,0.016608523,4.3357548e-05,1.614231e-05
0.32817596,8.0201917e-05,0.0017837346,0.018196811,4.3725771e-05,1.6293917e-05
0.32829738,8.1255229e-05,0.0017770574,0.019527593,4.4242331e-05,1.6497612e-05
0.32838962,8.2132686e-05,0.0017678561,0.018635524,4.4696467e-05,1.6668587e-05
0.32851311,8.1573167e-05,0.0017133738,0.018445632,4.4449732e-05,1.6568923e-05
0.32860483,8.0819413e-05,0.0016609908,0.018042103,4.4125375e-05,1.6406032e-05
0.32872653,8.0219296e-05,0.0015942325,0.018663882,4.393466e-05,1.6292605e-05
0.32881764,7.9996593e-05,0.0015444109,0.018041767,4.3956755e-05,1.6283846e-05
0.32893942,8.0051651e-05,0.0014805786,0.018967718,4.4175731e-05,1.6343895e-05
0.32903123,8.0271705e-05,0.0014352119,0.018896353,4.4451845e-05,1.6441211e-05
0.32915468,8.0779755e-05,0.001377366,0.017985286,4.4928242e-05,1.6616816e-05
0.32924823,8.1248634e-05,0.0013357676,0.0187388,4.5332331e-05,1.677695e-05
0.32937429,8.1853462e-05,0.0012819553,0.019483184,4.5879922e-05,1.6976775e-05
0.32946976,8.1973358e-05,0.0012376446,0.019150815,4.6105097e-05,1.7050386e-05
0.32959505,7.9624563e-05,0.0011480113,0.01916372,4.5000907e-05,1.6618961e-05
0.32968699,7.7808566e-05,0.0010865662,0.018271191,4.4159405e-05,1.632619e-05
0.32980648,7.5226214e-05,0.0010113246,0.017386417,4.2932803e-05,1.5871098e-05
0.32989371,7.3214747e-05,0.00095916861,0.017131496,4.194157e-05,1.548421e-05
0.33000644,7.0350918e-05,0.0008942983,0.017193613,4.049969e-05,1.4933013e-05
0.33008825,6.8237194e-05,0.00085028716,0.015865695,3.9406028e-05,1.4510786e-05
0.33019371,6.5512133e-05,0.00079823635,0.015539452,3.7975242e-05,1.3962397e-05
0.33027016,6.3736091e-05,0.00076369311,0.015253444,3.6953066e-05,1.3574133e-05
0.33036868,6.1336259e-05,0.00072153862,0.015668722,3.5587946e-05,1.3060912e-05
0.33044019,5.9708636e-05,0.00069353717,0.014860374,3.4631408e-05,1.270352e-05
0.33053261,5.7748825e-05,0.00066179228,0.013743329,3.3501991e-05,1.2270648e-05
0.330622,5.5998631e-05,0.00063443185,0.012838321,3.2475918e-05,1.1878709e-05
0.33068722,5.4779548e-05,0.00061642722,0.013111057,3.1768506e-05,1.1636986e-05
0.33077205,5.3375625e-05,0.00059601833,0.012760285,3.0929231e-05,1.1337524e-05
0.33083436,5.2556841e-05,0.00058443879,0.012977682,3.0454669e-05,1.1169745e-05
0.33091594,5.1539295e-05,0.00057110178,0.011923167,2.9865032e-05,1.0959109e-05
0.33097616,5.0920123e-05,0.00056357668,0.011967466,2.9505943e-05,1.0829048e-05
0.33105543,5.0257044e-05,0.00055661561,0.011405141,2.912372e-05,1.069192e-05
0.33111424,4.9851393e-05,0.00055333953,0.011563242,2.8903571e-05,1.0601412e-05
0.33119195,4.9377256e-05,0.00055059293,0.010900404,2.8646307e-05,1.0468617e-05
0.33124984,4.9125073e-05,0.00055095136,0.010903083,2.8523163e-05,1.0383119e-05
0.3313266,4.885357e-05,0.0005536212,0.010789542,2.8433716e-05,1.0292954e-05
0.33138397,4.8753041e-05,0.00055773431,0.010793447,2.8417558e-05,1.0246004e-05
0.33146033,4.8627533e-05,0.00056503353,0.010401637,2.840938e-05,1.019297e-05
0.33151756,4.8607385e-05,0.00057242118,0.010972606,2.8448558e-05,1.0159937e-05
0.33159389,4.8616733e-05,0.00058485246,0.010641584,2.8548505e-05,1.0125823e-05
0.33165123,4.8670348e-05,0.00059572796,0.011179704,2.8624392e-05,1.0100452e-05
0.3317279,4.8837413e-05,0.00061408443,0.011975169,2.8798135e-05,1.0095503e-05
0.33178561,4.8995553e-05,0.00062951985,0.011682848,2.8950492e-05,1.0094718e-05
0.33186285,4.9183833e-05,0.00065285338,0.011097313,2.9149332e-05,1.0086664e-05
0.33192106,4.9384434e-05,0.00067308682,0.011253438,2.9328512e-05,1.0109879e-05
0.33199909,4.9692631e-05,0.00070352382,0.010944711,2.9592843e-05,1.0159927e-05
0.33205796,4.9964459e-05,0.00072958887,0.010691592,2.9820916e-05,1.0220292e-05
0.33213695,5.0360878e-05,0.00076879186,0.011554215,3.0138549e-05,1.0325896e-05
0.33219665,5.0714239e-05,0.00080220588,0.011177999,3.0400558e-05,1.0428725e-05
0.33227687,5.1221799e-05,0.00085198846,0.012400665,3.0770293e-05,1.0578363e-05
0.33233754,5.1672394e-05,0.00089491271,0.01173692,3.1095489e-05,1.0704337e-05
0.33241914,5.21595e-05,0.00095653845,0.011897823,3.1487399e-05,1.0855368e-05
0.3324809,5.2611754e-05,0.0010090868,0.012039845,3.182414e-05,1.0981416e-05
0.33256398,5.3223754e-05,0.0010855352,0.012326822,3.225901e-05,1.1133148e-05
0.33262688,5.3651661e-05,0.0011445929,0.012556566,3.2559997e-05,1.1236153e-05
0.33271148,5.4283545e-05,0.0012281441,0.012502625,3.3000146e-05,1.1376875e-05
0.33277553,5.4743253e-05,0.0012916995,0.012738723,3.3297323e-05,1.1462299e-05
0.33286169,5.5359536e-05,0.001376833,0.012121748,3.3705857e-05,1.1568305e-05
0.33292696,5.5860195e-05,0.001440608,0.013358059,3.4046531e-05,1.165966e-05
0.33301478,5.6471357e-05,0.0015164804,0.012933508,3.4461937e-05,1.1760296e-05
0.33308124,5.6906484e-05,0.0015655935,0.012110228,3.4780969e-05,1.1842402e-05
0.33317068,5.7535447e-05,0.0016180411,0.012925061,3.5246469e-05,1.1945161e-05
0.33323839,5.7981044e-05,0.0016464419,0.013616382,3.5590175e-05,1.2014231e-05
0.33332954,5.8590715e-05,0.0016676242,0.013047519,3.6057431e-05,1.211949e-05
0.33339855,5.9045587e-05,0.0016721067,0.013538046,3.643057e-05,1.2198768e-05
0.33349135,5.9575911e-05,0.0016638869,0.013269149,3.6874074e-05,1.2308224e-05
0.3335852,6.0198129e-05,0.0016506802,0.014110788,3.736978e-05,1.244641e-05
0.33365629,6.0694693e-05,0.0016399279,0.013984981,3.7741827e-05,1.2544827e-05
0.333752,6.1238066e-05,0.0016238192,0.013591576,3.8180792e-05,1.2650673e-05
0.33382439,6.1622025e-05,0.0016131025,0.013455367,3.8487607e-05,1.2710427e-05
0.33392182,6.2199163e-05,0.0016032344,0.014230498,3.8869026e-05,1.2818378e-05
0.33399555,6.2635713e-05,0.0015983708,0.013078798,3.9155016e-05,1.2890021e-05
0.33409467,6.3122091e-05,0.001595393,0.013385508,3.9474669e-05,1.2964587e-05
0.33416967,6.3539194e-05,0.0015977175,0.013159324,3.9734268e-05,1.3031873e-05
0.3342706,6.4153889e-05,0.0016063454,0.013090521,4.0121573e-05,1.3127578e-05
0.33434701,6.4600996e-05,0.0016153226,0.013409429,4.038799e-05,1.3206112e-05
0.3344499,6.5260725e-05,0.0016320848,0.01396551,4.0784001e-05,1.3318057e-05
0.33452797,6.5880029e-05,0.0016487385,0.013071122,4.1145245e-05,1.342507e-05
0.3346333,6.6709397e-05,0.0016747204,0.014032014,4.1629376e-05,1.3577607e-05
0.33471326,6.7372993e-05,0.001697127,0.014285045,4.2012148e-05,1.3706596e-05
0.33482119,6.8333673e-05,0.0017318782,0.014085971,4.2549612e-05,1.3897239e-05
0.33490316,6.9140949e-05,0.0017611691,0.014344288,4.2978532e-05,1.4049106e-05
0.33501386,7.0321267e-05,0.0018053117,0.01605427,4.3579745e-05,1.4296361e-05
0.33509797,7.1279581e-05,0.001842332,0.01533353,4.404451e-05,1.4491464e-05
0.33521167,7.2776561e-05,0.001899112,0.015223686,4.4837065e-05,1.4787152e-05
0.33529823,7.3876411e-05,0.0019421788,0.015524927,4.537171e-05,1.5013803e-05
0.33541556,7.5675141e-05,0.0020097396,0.015765196,4.6343711e-05,1.5411858e-05
0.33550507,7.7019935e-05,0.002059508,0.016906251,4.7073477e-05,1.5729628e-05
0.33562663,7.8968634e-05,0.0021290501,0.016831752,4.8173964e-05,1.6193881e-05
0.33571954,8.0586659e-05,0.0021833336,0.017278991,4.9114696e-05,1.6584494e-05
0.33584372,7.9963166e-05,0.0021775893,0.016991364,4.8724348e-05,1.6526103e-05
0.33593522,7.8939011e-05,0.002154787,0.016979831,4.8105536e-05,1.6345432e-05
0.3360553,7.777394e-05,0.0021254601,0.016519141,4.7407151e-05,1.6147527e-05
0.33614415,7.7078828e-05,0.0021055369,0.016450923,4.7031929e-05,1.6041573e-05
0.33626126,7.6249374e-05,0.0020792398,0.016683538,4.654284e-05,1.5900763e-05
0.33634831,7.5854313e-05,0.0020644994,0.016442412,4.6357141e-05,1.584487e-05
0.33646357,7.5413044e-05,0.0020478282,0.016420112,4.6182085e-05,1.5786082e-05
0.33654963,7.5325792e-05,0.0020345593,0.016620341,4.6056295e-05,1.573198e-05
0.33666416,7.5261221e-05,0.0020236293,0.015404837,4.6036102e-05,1.5717395e-05
0.33675004,7.5513462e-05,0.0020224699,0.014965281,4.6180704e-05,1.5769774e-05
0.33686475,7.5840456e-05,0.0020180106,0.014896282,4.6323202e-05,1.5872946e-05
0.33695107,7.638037e-05,0.0020195368,0.015046063,4.6510532e-05,1.6004695e-05
0.33706681,7.7092389e-05,0.0020217646,0.015348184,4.6812102e-05,1.6177278e-05
0.33715409,7.7596346e-05,0.0020215948,0.015546989,4.7006551e-05,1.6297841e-05
0.33727161,7.868219e-05,0.0020319231,0.015597885,4.7473274e-05,1.6516286e-05
0.33736059,7.9546976e-05,0.0020419962,0.015904836,4.7833526e-05,1.670311e-05
0.33748054,8.0647231e-05,0.0020557004,0.017181282,4.8254682e-05,1.6923079e-05
0.33760217,8.1713744e-05,0.0020737198,0.018496081,4.8632653e-05,1.7151289e-05
0.33769278,8.0595549e-05,0.0020408472,0.017179113,4.7767572e-05,1.689533e-05
0.33781169,7.9203166e-05,0.0020080177,0.016537826,4.6763876e-05,1.6601904e-05
0.33789955,7.8221509e-05,0.0019893971,0.016518622,4.6068231e-05,1.637277e-05
0.3380152,7.7042435e-05,0.0019741237,0.016329378,4.5203627e-05,1.6104909e-05
0.3381009,7.6217463e-05,0.0019681195,0.015761389,4.4620432e-05,1.5925568e-05
0.33821422,7.5344402e-05,0.001969895,0.016110604,4.3967847e-05,1.5715755e-05
0.3382985,7.4677217e-05,0.0019731252,0.016109083,4.3465073e-05,1.5543918e-05
0.33841013,7.3940912e-05,0.0019823422,0.014993995,4.2887893e-05,1.5346379e-05
0.33849347,7.36577e-05,0.0019921584,0.014829489,4.2539654e-05,1.5241715e-05
0.3386043,7.32785e-05,0.0020016519,0.015521323,4.2096484e-05,1.5097593e-05
0.33868737,7.3131345e-05,0.0020048272,0.015309245,4.18189e-05,1.5014058e-05
0.33879813,7.2851798e-05,0.0019971328,0.014911221,4.1458906e-05,1.4894166e-05
0.33888121,7.2714628e-05,0.0019821771,0.015266554,4.117428e-05,1.479972e-05
0.33899218,7.2668433e-05,0.0019538838,0.014714678,4.0918997e-05,1.4725771e-05
0.33907546,7.2521601e-05,0.0019214872,0.014993487,4.0646827e-05,1.4627963e-05
0.33918678,7.249941e-05,0.0018744364,0.014730056,4.0415711e-05,1.4504319e-05
0.33927049,7.2508482e-05,0.0018352929,0.014983845,4.0275673e-05,1.4403149e-05
0.33938232,7.2517326e-05,0.0017761205,0.014953152,4.0061585e-05,1.4285994e-05
0.33946632,7.2591989e-05,0.0017304459,0.014988788,3.9936816e-05,1.4225443e-05
0.33957852,7.2463736e-05,0.0016624495,0.014894821,3.9623351e-05,1.4110153e-05
0.33966267,7.2381358e-05,0.0016125915,0.015161031,3.9409624e-05,1.4034261e-05
0.33977487,7.2356933e-05,0.0015478533,0.014991742,3.9121844e-05,1.3943203e-05
0.33985903,7.2368917e-05,0.0015014891,0.015103039,3.8929478e-05,1.38802e-05
0.33997115,7.2227663e-05,0.0014387238,0.014612914,3.8574494e-05,1.3783918e-05
0.34005499,7.2087555e-05,0.0013930437,0.015492846,3.8275871e-05,1.3714272e-05
0.3401664,7.2050481e-05,0.0013369566,0.016426615,3.7945997e-05,1.365553e-05
0.34024954,7.169488e-05,0.0012945634,0.015955455,3.7573537e-05,1.3568682e-05
0.34035978,7.1356639e-05,0.0012466863,0.01545473,3.7186038e-05,1.3482399e-05
0.34044181,7.0753984e-05,0.001209552,0.015499755,3.6740857e-05,1.3358445e-05
0.34055041,7.0188573e-05,0.0011704144,0.01500104,3.6282562e-05,1.3216419e-05
0.34063105,6.9602108e-05,0.0011433903,0.015374214,3.5856813e-05,1.3080482e-05
0.3407375,6.8759798e-05,0.0011136057,0.014932239,3.5325577e-05,1.2929238e-05
0.34081631,6.7961316e-05,0.0010925197,0.015100185,3.4835146e-05,1.2786113e-05
0.34092021,6.695569e-05,0.0010711126,0.014667056,3.424768e-05,1.2599008e-05
0.34099717,6.6222851e-05,0.0010587924,0.014935747,3.3796302e-05,1.2447408e-05
0.34109859,6.538953e-05,0.0010504699,0.01385963,3.3338607e-05,1.2311054e-05
0.34117368,6.4626515e-05,0.0010451394,0.01379644,3.2922472e-05,1.2165881e-05
0.34127262,6.3684087e-05,0.0010431036,0.01326552,3.2410117e-05,1.2006674e-05
0.3413459,6.3004565e-05,0.0010437946,0.013246468,3.2002847e-05,1.1893119e-05
0.34144243,6.2064494e-05,0.001049992,0.013076688,3.1501184e-05,1.1790563e-05
0.34153775,6.1430998e-05,0.0010629453,0.012880869,3.1092709e-05,1.1734749e-05
0.34160834,6.0756866e-05,0.0010724792,0.01228491,3.0711813e-05,1.1667121e-05
0.34170154,6.0120003e-05,0.0010925654,0.012368945,3.0333181e-05,1.1611858e-05
0.34177076,5.9649128e-05,0.0011101443,0.012759045,3.0057542e-05,1.1575152e-05
0.34186191,5.8900322e-05,0.00113294,0.012334282,2.9605562e-05,1.1483105e-05
0.34192979,5.8578693e-05,0.0011570592,0.012278672,2.9420762e-05,1.145914e-05
0.34201942,5.7967251e-05,0.0011855866,0.012622491,2.9057361e-05,1.1380456e-05
0.34208604,5.7672282e-05,0.0012110237,0.012624528,2.8874386e-05,1.1331261e-05
0.34217424,5.7205103e-05,0.0012446454,0.012412208,2.8591958e-05,1.1243431e-05
0.34223988,5.6750408e-05,0.0012680796,0.012702091,2.8318066e-05,1.1146611e-05
0.3423269,5.639451e-05,0.0013057337,0.012431035,2.8124747e-05,1.1076652e-05
0.34239174,5.6121622e-05,0.0013315259,0.012193501,2.7937605e-05,1.1018041e-05
0.34247779,5.5768824e-05,0.0013659414,0.012490883,2.7754098e-05,1.0933012e-05
0.34254201,5.5571957e-05,0.0013913869,0.011442998,2.7656405e-05,1.0882474e-05
0.34262732,5.5213721e-05,0.0014184286,0.011865452,2.7485307e-05,1.0788718e-05
0.34269112,5.5166814e-05,0.001441231,0.011848164,2.7473158e-05,1.0760782e-05
0.34277593,5.4939015e-05,0.0014634958,0.011581999,2.7378381e-05,1.0701703e-05
0.34283942,5.4722516e-05,0.0014750351,0.011874098,2.7290882e-05,1.065186e-05
0.34292398,5.4672042e-05,0.0014914782,0.011352802,2.7266813e-05,1.0622363e-05
0.34298741,5.466038e-05,0.0015003333,0.012446378,2.7258358e-05,1.0595313e-05
0.34307197,5.4545901e-05,0.0015056952,0.0110645,2.7247835e-05,1.0556038e-05
0.34313553,5.4648632e-05,0.0015105055,0.011816687,2.7318455e-05,1.0548297e-05
0.34322035,5.4568203e-05,0.0015059207,0.012020084,2.7293947e-05,1.0501465e-05
0.34328417,5.4675835e-05,0.0015039914,0.011908641,2.7359122e-05,1.0489031e-05
0.34336947,5.4760952e-05,0.0014952622,0.011427921,2.7416431e-05,1.0466412e-05
0.34343363,5.4886063e-05,0.0014883728,0.01180052,2.7484835e-05,1.0460979e-05
0.34351948,5.4981835e-05,0.0014752612,0.011305109,2.7539267e-05,1.0450441e-05
0.34358421,5.5254728e-05,0.0014703603,0.011497957,2.7712158e-05,1.0492877e-05
0.34367086,5.536315e-05,0.0014542966,0.011786865,2.7794239e-05,1.048945e-05
0.34373625,5.5648807e-05,0.0014473585,0.011624858,2.7967501e-05,1.0532121e-05
0.34382388,5.5769904e-05,0.0014287858,0.012000226,2.806001e-05,1.0527827e-05
0.34388997,5.6102624e-05,0.001420706,0.011653342,2.8249321e-05,1.0573632e-05
0.34397863,5.6420776e-05,0.001406254,0.011924736,2.8442935e-05,1.0622494e-05
0.34404554,5.6591191e-05,0.0013931187,0.012097513,2.8556421e-05,1.0656608e-05
0.34413536,5.6974528e-05,0.0013793717,0.011850284,2.8767238e-05,1.0742022e-05
0.34420321,5.7385716e-05,0.0013722185,0.012841074,2.8998202e-05,1.0838842e-05
0.34429436,5.7794627e-05,0.0013604521,0.013275003,2.9246057e-05,1.0965135e-05
0.34436329,5.833345e-05,0.0013545041,0.012473474,2.9477114e-05,1.109026e-05
0.34445584,5.8816352e-05,0.0013455349,0.012943956,2.9729663e-05,1.1235562e-05
0.34452573,5.908742e-05,0.0013372464,0.013697646,2.9870217e-05,1.132176e-05
0.34461986,5.9984098e-05,0.0013380967,0.012475719,3.026235e-05,1.1528995e-05
0.34471483,6.0543566e-05,0.0013334886,0.013538902,3.0547651e-05,1.1704157e-05
0.34478659,6.092788e-05,0.0013289633,0.013295146,3.07062e-05,1.1833608e-05
0.34488308,6.1608938e-05,0.0013276653,0.013981728,3.1024024e-05,1.2044541e-05
0.34495609,6.2298409e-05,0.0013307258,0.013366843,3.1350213e-05,1.2230744e-05
0.34505422,6.3060006e-05,0.00133058,0.013145568,3.172135e-05,1.2447405e-05
0.34512844,6.3447522e-05,0.0013268374,0.013089151,3.19351e-05,1.2572384e-05
0.34522832,6.4245624e-05,0.0013259348,0.013058109,3.233856e-05,1.2768369e-05
0.34530396,6.4995236e-05,0.0013275063,0.01360936,3.2755224e-05,1.2951851e-05
0.34540573,6.5809472e-05,0.0013230112,0.013982113,3.3215154e-05,1.3160754e-05
0.34548277,6.6251398e-05,0.0013140838,0.013670281,3.3493785e-05,1.3291456e-05
0.34558658,6.7088359e-05,0.0013048035,0.014331718,3.4024759e-05,1.3525575e-05
0.34566528,6.7963061e-05,0.001300854,0.015163794,3.4559751e-05,1.3766474e-05
0.3457713,6.8890057e-05,0.0012891428,0.014206924,3.5165252e-05,1.4034179e-05
0.34585165,6.9437045e-05,0.0012757593,0.014455437,3.5535349e-05,1.4195441e-05
0.34596008,7.0477285e-05,0.0012632615,0.014916172,3.6225041e-05,1.4477135e-05
0.34604241,7.1557378e-05,0.0012585475,0.014455157,3.6882975e-05,1.4750166e-05
0.34615349,7.2789231e-05,0.001247868,0.015401974,3.7661024e-05,1.5097555e-05
0.34623781,7.3538605e-05,0.0012364647,0.015118965,3.8131701e-05,1.5335585e-05
0.3463518,7.5004588e-05,0.0012288945,0.015797134,3.8992987e-05,1.5746581e-05
0.34643855,7.6482253e-05,0.0012298133,0.016041357,3.9834615e-05,1.613457e-05
0.34655581,7.8219732e-05,0.0012271867,0.016907224,4.0829002e-05,1.6594487e-05
0.34664502,7.9237813e-05,0.0012218216,0.017601946,4.1411738e-05,1.6844129e-05
0.34676594,8.119204e-05,0.0012254794,0.018864632,4.2461508e-05,1.726776e-05
0.34685822,8.3082286e-05,0.0012373411,0.019197668,4.3509464e-05,1.766388e-05
0.34698205,8.2652867e-05,0.001213271,0.018936224,4.3337923e-05,1.7518398e-05
0.34707336,8.2021445e-05,0.0011958651,0.019009348,4.3117662e-05,1.7349694e-05
0.34719374,8.144954e-05,0.0011822453,0.018925515,4.294285e-05,1.7153217e-05
0.34728282,8.0712498e-05,0.0011738577,0.018539846,4.2682965e-05,1.6946254e-05
0.34740161,8.0847004e-05,0.0011856573,0.018202339,4.2944633e-05,1.6912479e-05
0.3474907,8.0911256e-05,0.0011997136,0.018277495,4.3134263e-05,1.6871855e-05
0.34760948,8.0941505e-05,0.0012260615,0.017526247,4.3358962e-05,1.6778107e-05
0.34769857,8.0969591e-05,0.0012510219,0.017630016,4.3525866e-05,1.6689103e-05
0.34781854,8.196589e-05,0.0013105851,0.017367327,4.4257978e-05,1.6768958e-05
0.34790925,8.3100496e-05,0.0013688605,0.018121757,4.5009437e-05,1.6890105e-05
0.34803184,8.4217043e-05,0.0014539925,0.018245166,4.5802668e-05,1.6963846e-05
0.34812486,8.4158718e-05,0.0015100035,0.018133456,4.5829148e-05,1.6807585e-05
0.34825098,8.5436208e-05,0.0016240851,0.017791829,4.6660891e-05,1.6876486e-05
0.34834732,8.6926658e-05,0.0017295223,0.017481413,4.7540382e-05,1.7039295e-05
0.34847578,8.677231e-05,0.001837317,0.017020691,4.7544496e-05,1.6849388e-05
0.34860284,8.4691455e-05,0.0019071283,0.016977109,4.6508393e-05,1.6315987e-05
0.34869709,8.4611045e-05,0.0019902585,0.01699357,4.6494773e-05,1.6230624e-05
0.34882046,8.2458907e-05,0.0020451657,0.016371687,4.5346623e-05,1.5765609e-05
0.34891241,8.2424632e-05,0.0021152857,0.01617934,4.5324931e-05,1.5745648e-05
0.34903501,8.239607e-05,0.002186245,0.017111655,4.5314302e-05,1.5740715e-05
0.34912696,8.2375024e-05,0.0022116912,0.016588848,4.5286735e-05,1.5729854e-05
0.34924956,8.2357413e-05,0.0022010427,0.016395292,4.5262288e-05,1.5713994e-05
0.34934151,8.2337065e-05,0.0021651408,0.016482487,4.5203555e-05,1.5718312e-05
0.34946411,8.2383033e-05,0.0020908203,0.017294758,4.5148633e-05,1.5724576e-05
0.34955606,8.2362458e-05,0.0020221584,0.017343609,4.5069667e-05,1.5745984e-05
0.34967867,8.2340999e-05,0.0019215164,0.016914083,4.4975632e-05,1.5760747e-05
0.34977062,8.2276621e-05,0.0018459691,0.017441392,4.4905738e-05,1.5768802e-05
0.34989322,8.2296041e-05,0.0017506439,0.017339704,4.4809898e-05,1.5759371e-05
0.34998517,8.2238516e-05,0.0016846073,0.017041955,4.473451e-05,1.5757202e-05
0.3501022,7.797504e-05,0.0015261445,0.016653235,4.2386473e-05,1.4969986e-05
0.350189,7.7224684e-05,0.0014645103,0.016678712,4.1969654e-05,1.4850272e-05
0.3503038,7.6449767e-05,0.0013940908,0.016871811,4.1558178e-05,1.4721169e-05
0.35038933,7.5914593e-05,0.001348656,0.016456655,4.1290517e-05,1.4644114e-05
0.35050287,7.555202e-05,0.0012987047,0.017026535,4.1090141e-05,1.4586292e-05
0.35058782,7.5368144e-05,0.0012669933,0.015928212,4.1002349e-05,1.4571417e-05
0.35070108,7.5314086e-05,0.0012311442,0.016630945,4.0986939e-05,1.461483e-05
0.35078614,7.5423388e-05,0.0012081912,0.015938972,4.1034572e-05,1.4701815e-05
0.35089993,7.5664521e-05,0.0011812819,0.015014519,4.1150474e-05,1.4856924e-05
0.35098569,7.6008515e-05,0.0011639847,0.015057549,4.1312728e-05,1.501255e-05
0.3511008,7.6656253e-05,0.0011444661,0.015811072,4.1608101e-05,1.5267104e-05
0.35118782,7.7234619e-05,0.0011316076,0.015932239,4.189882e-05,1.5475616e-05
0.35130495,7.8156987e-05,0.001116018,0.017515871,4.2347423e-05,1.5741145e-05
0.35139373,7.8962791e-05,0.001105739,0.017224041,4.2737708e-05,1.5953043e-05
0.35151347,8.0001295e-05,0.0010918495,0.017456687,4.3302998e-05,1.624421e-05
0.35160439,8.0785733e-05,0.0010815766,0.018290994,4.3790627e-05,1.6484913e-05
0.35172718,8.1934738e-05,0.0010667469,0.018661723,4.4486724e-05,1.6803872e-05
0.35181936,8.1256738e-05,0.001035571,0.019609482,4.4224414e-05,1.6719224e-05
0.35194132,8.0500792e-05,0.00099665554,0.018935709,4.3991695e-05,1.6657733e-05
0.35203243,8.0201412e-05,0.00097101819,0.019343312,4.3990288e-05,1.6670253e-05
0.35215221,7.7785176e-05,0.0009143041,0.0183498,4.2899271e-05,1.6288878e-05
0.35223888,7.5211329e-05,0.00086525278,0.01779279,4.162635e-05,1.5828812e-05
0.35235009,7.1811654e-05,0.00080380837,0.017503216,3.9942428e-05,1.519921e-05
0.35243022,6.9311575e-05,0.00076068347,0.016352663,3.8654729e-05,1.4695176e-05
0.35253298,6.6217183e-05,0.00070935435,0.016362556,3.7042634e-05,1.4063205e-05
0.35260709,6.3979402e-05,0.00067412757,0.016125187,3.5873957e-05,1.3592338e-05
0.35270226,6.1259707e-05,0.00063260002,0.014953495,3.4423552e-05,1.2993374e-05
0.35279369,5.8870319e-05,0.00059727337,0.013956375,3.3155119e-05,1.2471658e-05
0.35286009,5.7357159e-05,0.00057478167,0.01415125,3.2333897e-05,1.2123593e-05
0.3529462,5.5574157e-05,0.00054906845,0.013266214,3.1402964e-05,1.1718699e-05
0.35300918,5.4424406e-05,0.00053277217,0.012777516,3.0788513e-05,1.1439399e-05
0.35309135,5.3109885e-05,0.00051455838,0.012663479,3.0098394e-05,1.1123498e-05
0.35315181,5.230044e-05,0.00050326156,0.01187586,2.9672272e-05,1.0909301e-05
0.35323114,5.1410079e-05,0.00049100643,0.01249815,2.920286e-05,1.0678883e-05
0.35328982,5.0848412e-05,0.00048348954,0.012082677,2.8891159e-05,1.0518748e-05
0.35336718,5.0244853e-05,0.00047569679,0.0112522,2.8585586e-05,1.0358062e-05
0.35342465,4.9868775e-05,0.00047110909,0.011386197,2.8392072e-05,1.0251001e-05
0.35350071,4.9488961e-05,0.00046673092,0.011295018,2.8188271e-05,1.0132308e-05
0.3535574,4.9294915e-05,0.00046457818,0.011251236,2.8079365e-05,1.0060027e-05
0.35363264,4.9086805e-05,0.00046290675,0.011542476,2.7991267e-05,9.9786871e-06
0.35368887,4.9001088e-05,0.00046274553,0.011395463,2.7952223e-05,9.9335114e-06
0.3537637,4.8959167e-05,0.00046385561,0.012121744,2.7960428e-05,9.887982e-06
0.35381978,4.8983137e-05,0.0004654625,0.011151627,2.7987472e-05,9.858171e-06
0.35389457,4.9089353e-05,0.00046883601,0.010912732,2.805903e-05,9.8404789e-06
0.35395073,4.9200033e-05,0.00047220146,0.011076542,2.8132187e-05,9.8332791e-06
0.35402576,4.9396177e-05,0.00047776995,0.011726121,2.8236405e-05,9.8443613e-06
0.35408219,4.9538602e-05,0.00048250543,0.012333239,2.8336042e-05,9.8591858e-06
0.35415771,4.9791626e-05,0.00049010743,0.011766836,2.8488987e-05,9.8949147e-06
0.3542146,5.0025087e-05,0.0004969234,0.012151285,2.8640177e-05,9.92836e-06
0.35429084,5.0308181e-05,0.00050681161,0.012114967,2.8836897e-05,9.9704568e-06
0.35434834,5.0566695e-05,0.00051560666,0.012802692,2.9025511e-05,1.0015616e-05
0.3544255,5.0909224e-05,0.0005286594,0.012261344,2.9271308e-05,1.0075317e-05
0.35448375,5.1171097e-05,0.00053946742,0.011768306,2.9458918e-05,1.0118494e-05
0.35456194,5.15395e-05,0.00055618666,0.012719898,2.9737602e-05,1.0181004e-05
0.35462102,5.1802324e-05,0.00056972689,0.012254141,2.9955512e-05,1.0231069e-05
0.35470038,5.2170553e-05,0.00059039664,0.012794963,3.0245054e-05,1.0304927e-05
0.35476037,5.2440004e-05,0.00060771993,0.012526297,3.0482961e-05,1.036254e-05
0.35484101,5.2841349e-05,0.00063414391,0.012633567,3.0851235e-05,1.0437539e-05
0.354902,5.3123632e-05,0.00065612876,0.012816779,3.1128638e-05,1.0500056e-05
0.35498401,5.3508913e-05,0.00068873545,0.013020293,3.1497994e-05,1.0573862e-05
0.35504605,5.3808064e-05,0.0007163194,0.012963981,3.1791605e-05,1.0633874e-05
0.35512948,5.4182773e-05,0.00075735782,0.01351287,3.2188022e-05,1.0725592e-05
0.35519259,5.4455488e-05,0.0007916003,0.01308296,3.2482571e-05,1.078474e-05
0.35527745,5.4855714e-05,0.00084293825,0.012887691,3.2896311e-05,1.0893483e-05
0.35534162,5.5169745e-05,0.0008858473,0.013051949,3.3198838e-05,1.0981971e-05
0.35542792,5.5578211e-05,0.00094953371,0.013354754,3.3606439e-05,1.1132467e-05
0.3554932,5.5968476e-05,0.0010026754,0.012659984,3.3915147e-05,1.1262314e-05
0.355581,5.641922e-05,0.0010815238,0.012481086,3.4314317e-05,1.1441822e-05
0.35566966,5.6943112e-05,0.0011693333,0.012252723,3.4737628e-05,1.1628442e-05
0.35573673,5.7354164e-05,0.0012376821,0.012481926,3.5069574e-05,1.1772487e-05
0.35582693,5.7910271e-05,0.0013309297,0.012892899,3.548443e-05,1.195649e-05
0.35589517,5.8354307e-05,0.0014036684,0.013013298,3.5817589e-05,1.2086957e-05
0.35598699,5.9054088e-05,0.0014992008,0.01351886,3.6309255e-05,1.2258291e-05
0.35605649,5.9588115e-05,0.0015675861,0.013579105,3.6708184e-05,1.2384597e-05
0.35615001,6.032613e-05,0.0016477955,0.014539264,3.7208977e-05,1.2544109e-05
0.3562208,6.0901965e-05,0.0016983138,0.014496806,3.7618566e-05,1.2665765e-05
0.35631607,6.1610793e-05,0.0017479386,0.014332896,3.8156575e-05,1.2799312e-05
0.35638817,6.2125203e-05,0.0017735388,0.0139255,3.8534212e-05,1.2907526e-05
0.35648514,6.2811191e-05,0.0017910728,0.014780039,3.9050174e-05,1.3036991e-05
0.3565585,6.3261309e-05,0.001795967,0.015150663,3.9420107e-05,1.3113524e-05
0.35665714,6.3919463e-05,0.0017979208,0.015155388,3.9932721e-05,1.3230116e-05
0.35673177,6.4378222e-05,0.0017981665,0.015896339,4.0314544e-05,1.3305783e-05
0.35683218,6.5090255e-05,0.0018032379,0.01536025,4.0847939e-05,1.3437418e-05
0.35690825,6.5664209e-05,0.0018116325,0.01527808,4.1267413e-05,1.3543977e-05
0.35701076,6.6414638e-05,0.0018292014,0.015712618,4.185957e-05,1.370071e-05
0.35708851,6.7035285e-05,0.0018475881,0.015411348,4.2301667e-05,1.3818848e-05
0.35719341,6.7911808e-05,0.0018781831,0.015097136,4.2882204e-05,1.3984383e-05
0.35727308,6.860213e-05,0.001905936,0.01597431,4.3351355e-05,1.4116605e-05
0.35738065,6.9525919e-05,0.0019460624,0.016095779,4.3939237e-05,1.4290364e-05
0.35746235,7.0246868e-05,0.0019791391,0.015864013,4.4412019e-05,1.4431497e-05
0.35757272,7.1294547e-05,0.0020247318,0.016344824,4.5053692e-05,1.4610848e-05
0.35765664,7.2164342e-05,0.0020595331,0.016186437,4.5600993e-05,1.4778747e-05
0.35777019,7.3383618e-05,0.002103276,0.016422564,4.6331977e-05,1.4984219e-05
0.35785668,7.4420483e-05,0.0021346546,0.016949819,4.6961723e-05,1.5165954e-05
0.35797393,7.5958841e-05,0.0021751914,0.017483108,4.7865384e-05,1.5441654e-05
0.35806346,7.7246829e-05,0.0022044165,0.017173891,4.8618431e-05,1.5685365e-05
0.3581851,7.9121189e-05,0.0022408639,0.01797324,4.9758546e-05,1.6055915e-05
0.35827813,8.0585767e-05,0.0022640608,0.018275125,5.0616445e-05,1.6374579e-05
0.35840477,8.2780496e-05,0.002295952,0.019040776,5.1943431e-05,1.6872392e-05
0.35850171,8.4428873e-05,0.002314964,0.020170334,5.2928444e-05,1.7269663e-05
0.35863339,8.6186821e-05,0.0023233022,0.019586014,5.402045e-05,1.7703766e-05
0.35873168,8.5068293e-05,0.0022624053,0.01999016,5.3322775e-05,1.7542824e-05
0.35886045,8.34969e-05,0.0021809412,0.019672609,5.2410781e-05,1.7314944e-05
0.3589553,8.2389346e-05,0.0021200595,0.01918241,5.1724271e-05,1.7117618e-05
0.35907948,8.0833141e-05,0.0020430128,0.018426619,5.0808684e-05,1.6823145e-05
0.35917095,7.9670731e-05,0.0019902725,0.018150389,5.0131675e-05,1.6583773e-05
0.3592909,7.8253656e-05,0.001930691,0.017788202,4.9329225e-05,1.6263912e-05
0.35937952,7.7301782e-05,0.0018937996,0.017261266,4.8765627e-05,1.604073e-05
0.35949617,7.6280276e-05,0.0018589042,0.017257429,4.8146062e-05,1.5815352e-05
0.3596114,7.5453352e-05,0.0018374034,0.016759895,4.768795e-05,1.5623887e-05
0.35969716,7.4975013e-05,0.0018312087,0.017381955,4.7440369e-05,1.5521857e-05
0.35981085,7.4544202e-05,0.0018322628,0.016551203,4.7199875e-05,1.5445728e-05
0.3598958,7.437611e-05,0.0018407316,0.015858057,4.7092364e-05,1.5420456e-05
0.3600089,7.4279884e-05,0.0018612092,0.016434841,4.7023038e-05,1.5459486e-05
0.3600938,7.4481223e-05,0.0018833413,0.016093712,4.7073717e-05,1.5568237e-05
0.36020723,7.4813535e-05,0.0019183847,0.015764065,4.7176011e-05,1.5767497e-05
0.36029266,7.5151896e-05,0.0019475843,0.015076875,4.7280152e-05,1.5952589e-05
0.36040723,7.5829058e-05,0.0019940324,0.016766233,4.7561178e-05,1.6247651e-05
0.36049293,7.5199658e-05,0.001998446,0.017222863,4.7050621e-05,1.6196764e-05
0.36060582,7.4324177e-05,0.0020018863,0.016773897,4.6332104e-05,1.607344e-05
0.36068962,7.3759935e-05,0.0020039768,0.01630839,4.5833562e-05,1.5977462e-05
0.36080039,7.3150055e-05,0.0020065594,0.017611771,4.5244125e-05,1.5835944e-05
0.36088286,7.2707357e-05,0.0020061713,0.017115637,4.4823793e-05,1.5720853e-05
0.36099224,7.2375499e-05,0.0020076488,0.016385095,4.4379165e-05,1.5601145e-05
0.36107403,7.2186144e-05,0.0020078255,0.016506429,4.4096097e-05,1.5522601e-05
0.36118285,7.2022181e-05,0.0020079478,0.016482906,4.3825367e-05,1.5420184e-05
0.36126438,7.1918466e-05,0.0020068146,0.016147703,4.3627397e-05,1.533967e-05
0.36137307,7.1864327e-05,0.0020049737,0.016511222,4.3418956e-05,1.5250748e-05
0.36145458,7.1669835e-05,0.002001754,0.015763278,4.3264729e-05,1.5200321e-05
0.36156331,7.1634052e-05,0.0019981621,0.016087123,4.310838e-05,1.5121895e-05
0.36164493,7.1600706e-05,0.0019938496,0.01551075,4.2996459e-05,1.504554e-05
0.36175387,7.1530496e-05,0.0019842398,0.015925251,4.2846864e-05,1.4913579e-05
0.36183566,7.1503337e-05,0.0019736835,0.014863814,4.2702358e-05,1.482141e-05
0.3619448,7.1423301e-05,0.0019533584,0.015331159,4.2505642e-05,1.4689547e-05
0.36202671,7.1395649e-05,0.0019335374,0.015032196,4.2340785e-05,1.458649e-05
0.3621359,7.1213648e-05,0.0018951971,0.014686192,4.2062425e-05,1.4424238e-05
0.36221773,7.1060276e-05,0.0018613144,0.014401968,4.1843604e-05,1.4299978e-05
0.36232671,7.0788611e-05,0.0018084003,0.014647621,4.1532201e-05,1.4125202e-05
0.36240829,7.0583197e-05,0.0017656309,0.014494708,4.1290727e-05,1.3984277e-05
0.36251673,7.0239516e-05,0.0017046551,0.014478663,4.0924526e-05,1.3781304e-05
0.36259779,6.9944614e-05,0.0016573887,0.015071415,4.0625712e-05,1.3627866e-05
0.36270538,6.9554891e-05,0.0015952964,0.014579001,4.0194947e-05,1.3427236e-05
0.36278563,6.9183701e-05,0.0015485343,0.014252525,3.9855699e-05,1.3291508e-05
0.36289184,6.8614431e-05,0.0014859394,0.014795339,3.9339373e-05,1.3111247e-05
0.36297085,6.8135997e-05,0.001439645,0.015416425,3.8924168e-05,1.2972901e-05
0.36307527,6.7515802e-05,0.0013809524,0.014317421,3.8371623e-05,1.2799639e-05
0.36315279,6.6976094e-05,0.0013370011,0.015033835,3.790968e-05,1.2662168e-05
0.36325507,6.6260634e-05,0.0012818343,0.013724695,3.730475e-05,1.2484134e-05
0.36333095,6.5760972e-05,0.0012437653,0.013830295,3.6855996e-05,1.2367069e-05
0.36343096,6.5032322e-05,0.0011968389,0.014162216,3.62518e-05,1.2200388e-05
0.36352958,6.4225983e-05,0.0011538897,0.013598263,3.5634357e-05,1.2043745e-05
0.36360272,6.3704651e-05,0.0011258012,0.01401286,3.5210366e-05,1.1941476e-05
0.36369908,6.2938773e-05,0.0010916019,0.014004539,3.464217e-05,1.1792907e-05
0.36377053,6.2394447e-05,0.0010699054,0.013130089,3.4230555e-05,1.1681642e-05
0.36386475,6.1676811e-05,0.001045226,0.012416654,3.3705916e-05,1.1520886e-05
0.36393465,6.1126877e-05,0.0010300305,0.012707966,3.3317587e-05,1.1396626e-05
0.36402685,6.0417711e-05,0.001014706,0.01222575,3.2844726e-05,1.1247511e-05
0.36409532,5.9920549e-05,0.0010066196,0.012361795,3.2494564e-05,1.1144503e-05
0.36418575,5.9258296e-05,0.00099989416,0.012716303,3.2070361e-05,1.1023106e-05
0.36425295,5.8815059e-05,0.00099834042,0.012275514,3.1775525e-05,1.094355e-05
0.36434185,5.8257727e-05,0.0010006984,0.012300402,3.1426039e-05,1.085594e-05
0.364408,5.784029e-05,0.0010051524,0.011874823,3.117399e-05,1.0792013e-05
0.36449555,5.735286e-05,0.0010154486,0.012383152,3.0859761e-05,1.0717478e-05
0.3645608,5.7035234e-05,0.0010266866,0.011552089,3.0677684e-05,1.0675408e-05
0.36464727,5.6629052e-05,0.0010456014,0.011748058,3.0442044e-05,1.0632899e-05
0.36471176,5.6392668e-05,0.0010629548,0.011941456,3.0281733e-05,1.0601951e-05
0.36479737,5.6074941e-05,0.0010904298,0.012286733,3.011179e-05,1.0597763e-05
0.36486131,5.5911602e-05,0.0011144165,0.011857598,3.000773e-05,1.061482e-05
0.36494627,5.5711119e-05,0.0011498662,0.011729067,2.9871474e-05,1.0639744e-05
0.36500982,5.559357e-05,0.0011792302,0.011518352,2.9811288e-05,1.0665966e-05
0.36509438,5.5494432e-05,0.0012222043,0.011978983,2.9762075e-05,1.0715205e-05
0.36515772,5.5467146e-05,0.0012573382,0.011616014,2.9755787e-05,1.0755411e-05
0.36524214,5.5485222e-05,0.0013079572,0.011374555,2.9767572e-05,1.0802125e-05
0.36530545,5.5505658e-05,0.0013469715,0.012234464,2.9795076e-05,1.0828652e-05
0.36538992,5.5558919e-05,0.0013998712,0.011587049,2.9842137e-05,1.0858928e-05
0.36545334,5.567658e-05,0.0014390191,0.012551529,2.9913974e-05,1.0876483e-05
0.36553808,5.580824e-05,0.0014866616,0.012583852,3.0016565e-05,1.0895707e-05
0.36560177,5.5941714e-05,0.0015187477,0.013268263,3.011959e-05,1.0912459e-05
0.36568695,5.6130051e-05,0.0015527218,0.012458641,3.0291041e-05,1.0940851e-05
0.36575107,5.6274808e-05,0.0015709077,0.012762682,3.0427165e-05,1.0982186e-05
0.36583687,5.6479822e-05,0.0015832446,0.012721769,3.0646812e-05,1.101605e-05
0.36590151,5.6642926e-05,0.0015835726,0.012881372,3.0822883e-05,1.1040896e-05
0.3659881,5.6894896e-05,0.0015726779,0.01221245,3.106191e-05,1.1072993e-05
0.36605338,5.7090211e-05,0.001558623,0.012191526,3.1274685e-05,1.1104187e-05
0.36614091,5.7383419e-05,0.0015354099,0.012531382,3.1545789e-05,1.1155066e-05
0.36620694,5.7629548e-05,0.0015181011,0.012281864,3.1780491e-05,1.1206697e-05
0.36629552,5.7872907e-05,0.0014928973,0.012567786,3.206704e-05,1.1270454e-05
0.36636238,5.8128535e-05,0.0014760226,0.012737551,3.229989e-05,1.1323604e-05
0.36645209,5.8459621e-05,0.0014552627,0.012564479,3.2606424e-05,1.1384046e-05
0.36651982,5.8722059e-05,0.0014420407,0.012883826,3.2836022e-05,1.1426214e-05
0.36661076,5.9106408e-05,0.0014273014,0.01361429,3.3155979e-05,1.1495745e-05
0.36670247,5.9478789e-05,0.0014152573,0.012700521,3.3484113e-05,1.1567313e-05
0.36677176,5.9761872e-05,0.0014077196,0.013080022,3.3707691e-05,1.1611277e-05
0.36686485,6.0178541e-05,0.0014008547,0.013235811,3.4020671e-05,1.1668042e-05
0.36693521,6.047499e-05,0.0013982095,0.013333917,3.4282995e-05,1.1708776e-05
0.36702978,6.0909256e-05,0.0013953041,0.013209921,3.4617792e-05,1.1767929e-05
0.36710122,6.1199584e-05,0.0013937784,0.012993207,3.4856077e-05,1.1802162e-05
0.36719724,6.1675221e-05,0.0013939457,0.013754557,3.5208449e-05,1.1851699e-05
0.36726983,6.2055253e-05,0.001395912,0.014249417,3.5491605e-05,1.1892282e-05
0.36736741,6.254267e-05,0.0013992681,0.013652427,3.5875579e-05,1.1957385e-05
0.36744125,6.296484e-05,0.0014037353,0.013798029,3.6179643e-05,1.2014992e-05
0.3675406,6.3676707e-05,0.0014133115,0.013775498,3.6653788e-05,1.2127327e-05
0.3676158,6.4159083e-05,0.0014203869,0.01381846,3.6989535e-05,1.220636e-05
0.36771708,6.4941204e-05,0.0014341514,0.014220621,3.7487803e-05,1.2357361e-05
0.36779377,6.5516684e-05,0.0014446761,0.015314722,3.7834695e-05,1.2465564e-05
0.36789707,6.6421598e-05,0.001462679,0.014241164,3.8374809e-05,1.2645186e-05
0.36797536,6.7162729e-05,0.0014779503,0.014739113,3.8770273e-05,1.2783985e-05
0.36808079,6.8118407e-05,0.001498699,0.015422747,3.9300472e-05,1.2992415e-05
0.36816071,6.8897291e-05,0.0015162775,0.014966877,3.9731713e-05,1.3183391e-05
0.36826841,6.9933822e-05,0.0015389324,0.016120624,4.0289992e-05,1.3429574e-05
0.36835003,7.0780404e-05,0.0015572385,0.015300475,4.0762391e-05,1.362532e-05
0.36846013,7.1956358e-05,0.0015821332,0.015357855,4.1457443e-05,1.3895437e-05
0.36854372,7.2792086e-05,0.0015980163,0.015787802,4.1964009e-05,1.4077046e-05
0.36865656,7.4015022e-05,0.001617516,0.015796578,4.2716823e-05,1.43248e-05
0.36874231,7.4925348e-05,0.0016282793,0.01585158,4.3325287e-05,1.4518849e-05
0.36885821,7.6231399e-05,0.0016378564,0.016773341,4.4204625e-05,1.481645e-05
0.36894625,7.6866023e-05,0.0016307442,0.016571747,4.4669281e-05,1.4979915e-05
0.36906303,7.6195557e-05,0.001584423,0.016876022,4.4453486e-05,1.4927883e-05
0.36915004,7.5875151e-05,0.0015496786,0.016946806,4.4416515e-05,1.494611e-05
0.36926552,7.5597723e-05,0.0015017935,0.017565821,4.4458012e-05,1.5002741e-05
0.36935194,7.5565381e-05,0.0014676814,0.016984887,4.4600373e-05,1.508625e-05
0.36946715,7.5796855e-05,0.001425572,0.016380652,4.4912829e-05,1.5246509e-05
0.36955375,7.6160409e-05,0.0013961295,0.016756969,4.520599e-05,1.5434738e-05
0.36966965,7.6837756e-05,0.0013605137,0.016412862,4.566828e-05,1.5736337e-05
0.36975708,7.7583678e-05,0.0013386663,0.016930653,4.6165882e-05,1.5992871e-05
0.36987451,7.8618017e-05,0.0013119763,0.017672494,4.6822987e-05,1.6313015e-05
0.36996339,7.9586965e-05,0.0012967356,0.017660932,4.7417291e-05,1.6553545e-05
0.37008314,8.0949418e-05,0.0012808095,0.018111563,4.8278045e-05,1.6844254e-05
0.37017398,8.2021896e-05,0.0012727848,0.019402121,4.8938729e-05,1.7036491e-05
0.37029665,8.353701e-05,0.0012675221,0.019689557,4.9836697e-05,1.7256171e-05
0.37041988,8.3151549e-05,0.0012398479,0.019114752,4.9613275e-05,1.7048613e-05
0.37051091,8.2273255e-05,0.0012168531,0.018762234,4.9137018e-05,1.6761318e-05
0.37063096,8.1497078e-05,0.001199735,0.019144368,4.8774962e-05,1.645364e-05
0.37072043,8.1234887e-05,0.0011968169,0.018088772,4.8660058e-05,1.6294359e-05
0.37083951,8.1138665e-05,0.0012036832,0.016853808,4.8677551e-05,1.6167106e-05
0.37092894,8.1324684e-05,0.0012185276,0.016537971,4.887138e-05,1.6143183e-05
0.37104877,8.1844859e-05,0.0012494183,0.017953205,4.9229123e-05,1.6154054e-05
0.37113927,8.2358535e-05,0.0012804795,0.017337661,4.9570312e-05,1.6205787e-05
0.37126111,8.3221882e-05,0.0013338078,0.017091897,5.0067812e-05,1.6305328e-05
0.37135238,8.259616e-05,0.0013604403,0.016935943,4.9684129e-05,1.6116421e-05
0.37147315,8.1857058e-05,0.0014036521,0.016951213,4.9200135e-05,1.5875189e-05
0.37156327,8.1445049e-05,0.001444684,0.017346807,4.8920188e-05,1.5712126e-05
0.37168295,8.1060787e-05,0.0015087334,0.017503738,4.8609876e-05,1.5516328e-05
0.37177259,8.0978202e-05,0.0015668412,0.016861318,4.8513011e-05,1.5400547e-05
0.37189226,8.1104744e-05,0.0016553917,0.017029725,4.8493039e-05,1.5288787e-05
0.37198239,8.1352778e-05,0.0017289859,0.01878845,4.8587305e-05,1.5256547e-05
0.37210227,8.0581985e-05,0.0018072624,0.018443602,4.8016135e-05,1.4999669e-05
0.37219125,7.9779224e-05,0.001861603,0.018514905,4.7434361e-05,1.477866e-05
0.37230861,7.8799697e-05,0.0019346527,0.01767916,4.6717395e-05,1.4531831e-05
0.37239562,7.8068498e-05,0.0019866761,0.018482444,4.616086e-05,1.4360877e-05
0.37251049,7.7259041e-05,0.0020524922,0.01789583,4.5521272e-05,1.4159195e-05
0.37259607,7.7022698e-05,0.0021001468,0.017410361,4.5238057e-05,1.408745e-05
0.37270937,7.6486772e-05,0.0021275426,0.017319472,4.4759127e-05,1.395672e-05
0.3727938,7.6157324e-05,0.0021187544,0.01774605,4.4429204e-05,1.3872012e-05
0.37290563,7.5660182e-05,0.0020679619,0.016447285,4.3965987e-05,1.3742901e-05
0.37298897,7.533526e-05,0.0020105817,0.016679116,4.3644688e-05,1.366375e-05
0.37309972,7.5193126e-05,0.0019233079,0.015744748,4.3440174e-05,1.3599839e-05
0.37318248,7.4928425e-05,0.001844645,0.016953212,4.3183883e-05,1.3519236e-05
0.37329256,7.4870849e-05,0.0017451708,0.016033329,4.3026551e-05,1.3433174e-05
0.37337494,7.4644508e-05,0.0016694045,0.015920672,4.2836609e-05,1.3360867e-05
0.37348462,7.4499237e-05,0.0015773404,0.015772704,4.2681746e-05,1.3329925e-05
0.37356682,7.4439199e-05,0.0015139675,0.015927541,4.2623299e-05,1.3316543e-05
0.37367642,7.4371081e-05,0.0014362208,0.015466339,4.2585873e-05,1.3319828e-05
0.37375862,7.4313478e-05,0.0013828244,0.015739612,4.2568877e-05,1.3321693e-05
0.37386841,7.4440476e-05,0.0013230688,0.01613742,4.26746e-05,1.3389933e-05
0.37395091,7.4507254e-05,0.0012829112,0.015114544,4.2749265e-05,1.3443534e-05
0.37406123,7.47718e-05,0.001238833,0.015333246,4.2947948e-05,1.3569699e-05
0.37414428,7.4998835e-05,0.001210373,0.015301389,4.3090006e-05,1.3698116e-05
0.3742555,7.5492375e-05,0.0011804823,0.016230721,4.33627e-05,1.3934832e-05
0.37433934,7.5895232e-05,0.0011619114,0.016249034,4.3577551e-05,1.411843e-05
0.37445185,7.6558241e-05,0.0011433392,0.016669138,4.3931439e-05,1.4398918e-05
0.37456506,7.7344597e-05,0.0011282002,0.017227071,4.4296684e-05,1.4674648e-05
0.37465059,7.7913802e-05,0.001119382,0.01802306,4.4601775e-05,1.4868694e-05
0.37476482,7.7234342e-05,0.0010889473,0.018059522,4.415296e-05,1.480901e-05
0.37484794,7.4971765e-05,0.0010441003,0.018389623,4.2838701e-05,1.4410092e-05
0.37495484,7.2000782e-05,0.00098831888,0.017208354,4.1118365e-05,1.387222e-05
0.37503208,6.9775515e-05,0.00094861508,0.016914594,3.9844145e-05,1.3452812e-05
0.37513143,6.6905602e-05,0.00089964326,0.01527769,3.8247295e-05,1.292877e-05
0.37520332,6.4934428e-05,0.0008656057,0.015001909,3.7121454e-05,1.2546254e-05
0.37529598,6.245634e-05,0.00082429507,0.014871841,3.5769877e-05,1.2073459e-05
0.37536327,6.0755623e-05,0.00079579894,0.013946499,3.4827397e-05,1.1738291e-05
0.37545039,5.8641788e-05,0.0007613567,0.014158403,3.3677648e-05,1.1341861e-05
0.37551402,5.7378216e-05,0.00073968548,0.013605147,3.2987037e-05,1.1097732e-05
0.37559696,5.5852189e-05,0.00071421484,0.013560306,3.2157678e-05,1.0801291e-05
0.37565791,5.49173e-05,0.00069806483,0.013521504,3.16398e-05,1.0614301e-05
0.3757378,5.3730924e-05,0.00067893656,0.012791622,3.1034168e-05,1.0387092e-05
0.37579682,5.3011597e-05,0.00066669782,0.012034124,3.06468e-05,1.0241795e-05
0.3758746,5.2208625e-05,0.00065306668,0.011626106,3.0205203e-05,1.0082658e-05
0.37593233,5.1757682e-05,0.00064487407,0.012336368,2.9950324e-05,9.977254e-06
0.37600865,5.1105177e-05,0.00063477395,0.011659779,2.9621009e-05,9.8394561e-06
0.37606554,5.0868132e-05,0.00062975798,0.011608363,2.9471126e-05,9.7632051e-06
0.376141,5.048533e-05,0.00062380405,0.011592922,2.9291443e-05,9.6586711e-06
0.37619741,5.031328e-05,0.0006211007,0.010726018,2.9218944e-05,9.5980432e-06
0.37627247,5.0118008e-05,0.00061861825,0.011653697,2.9149126e-05,9.5237559e-06
0.37632873,5.00287e-05,0.00061822544,0.011396185,2.9150454e-05,9.4865801e-06
0.37640377,4.9989293e-05,0.0006192325,0.010974626,2.9168153e-05,9.4368956e-06
0.37646012,4.9996095e-05,0.00062070123,0.0109565,2.9196691e-05,9.4031689e-06
0.3765354,5.0022474e-05,0.0006241609,0.011067031,2.9271453e-05,9.360514e-06
0.37659204,5.0133744e-05,0.00062844498,0.011162364,2.9363929e-05,9.3430009e-06
0.37666784,5.0264482e-05,0.00063509051,0.011457394,2.9492954e-05,9.3132321e-06
0.37672498,5.0441274e-05,0.00064153912,0.011706901,2.9634498e-05,9.3090858e-06
0.3768016,5.0718905e-05,0.00065152407,0.011888769,2.9829886e-05,9.3169495e-06
0.37685936,5.0923498e-05,0.0006594396,0.011485024,2.9973636e-05,9.3313109e-06
0.37693688,5.1294418e-05,0.00067227626,0.011882048,3.0223731e-05,9.3825095e-06
0.3769954,5.1571194e-05,0.00068251701,0.012863401,3.0408705e-05,9.4362339e-06
0.37707398,5.2002997e-05,0.00069762517,0.011692845,3.0676298e-05,9.5029345e-06
0.37713339,5.2310434e-05,0.00070951629,0.011995695,3.0865926e-05,9.5575708e-06
0.3772132,5.2843848e-05,0.00072801192,0.012027448,3.1204025e-05,9.6440538e-06
0.37727356,5.3263975e-05,0.00074284583,0.011905447,3.1451766e-05,9.7150988e-06
0.37735475,5.3836924e-05,0.00076385576,0.011820433,3.1781916e-05,9.8097533e-06
0.37741617,5.4291746e-05,0.00078076286,0.01214428,3.2040633e-05,9.8903893e-06
0.37749879,5.4919891e-05,0.00080466036,0.012523845,3.2399134e-05,1.0010737e-05
0.37758226,5.5519371e-05,0.0008306418,0.012150988,3.2760909e-05,1.0132299e-05
0.3776454,5.5935431e-05,0.00085020359,0.011846873,3.2995237e-05,1.021414e-05
0.3777303,5.6589422e-05,0.00087971079,0.011690344,3.337193e-05,1.0337386e-05
0.37779454,5.7010746e-05,0.00090237388,0.011687765,3.361585e-05,1.0417824e-05
0.37788093,5.7672086e-05,0.0009369281,0.012127895,3.3993506e-05,1.0537872e-05
0.37794632,5.8094908e-05,0.00096415247,0.011622753,3.4243561e-05,1.0603581e-05
0.37803427,5.8745545e-05,0.0010061295,0.01236417,3.4647287e-05,1.0720013e-05
0.37810079,5.915395e-05,0.0010394967,0.012694898,3.4910734e-05,1.0795015e-05
0.37819028,5.9743663e-05,0.0010898851,0.012758234,3.5294086e-05,1.090523e-05
0.37825799,6.0147553e-05,0.0011312612,0.012792348,3.5582338e-05,1.099233e-05
0.37834909,6.0708237e-05,0.0011937597,0.013285568,3.5982173e-05,1.1128625e-05
0.37841804,6.1148006e-05,0.0012455747,0.013563086,3.6290223e-05,1.1234906e-05
0.37851087,6.181628e-05,0.0013223567,0.013313467,3.6776349e-05,1.141635e-05
0.37858112,6.2280705e-05,0.0013827596,0.013521899,3.7089592e-05,1.1538072e-05
0.37867568,6.292416e-05,0.0014688955,0.013488832,3.7552892e-05,1.1717261e-05
0.37874723,6.3286503e-05,0.0015333947,0.013464788,3.7821059e-05,1.1838864e-05
0.37884353,6.3951879e-05,0.0016259461,0.01412423,3.8282963e-05,1.2075808e-05
0.37891636,6.4382249e-05,0.0016923153,0.014041239,3.8560369e-05,1.225911e-05
0.37901433,6.5009115e-05,0.0017785348,0.014356178,3.8962542e-05,1.2531691e-05
0.37908846,6.5603554e-05,0.0018381595,0.014353145,3.9312938e-05,1.2756728e-05
0.37918817,6.6344448e-05,0.0019010791,0.013967259,3.9737563e-05,1.3058733e-05
0.37926366,6.6990591e-05,0.0019361753,0.014925076,4.0104643e-05,1.3298805e-05
0.37936534,6.7831409e-05,0.0019558642,0.01569189,4.0554684e-05,1.3588656e-05
0.37944245,6.8703054e-05,0.0019567403,0.014986654,4.0993262e-05,1.3847599e-05
0.37954648,6.9797582e-05,0.0019347267,0.016056372,4.1534255e-05,1.4140736e-05
0.37962545,7.0750081e-05,0.0019151165,0.016729217,4.1998497e-05,1.4377548e-05
0.37973212,7.2096353e-05,0.0018866428,0.015644807,4.2664292e-05,1.4677434e-05
0.37981321,7.3142036e-05,0.0018678352,0.01580127,4.3203998e-05,1.4904402e-05
0.37992266,7.4361987e-05,0.0018461114,0.016510534,4.386844e-05,1.5167195e-05
0.38000586,7.5429667e-05,0.001838958,0.016338932,4.4470992e-05,1.536593e-05
0.38011839,7.692541e-05,0.00183982,0.016429815,4.5285468e-05,1.562472e-05
0.38020414,7.8212425e-05,0.0018522902,0.0172437,4.6040687e-05,1.5852018e-05
0.38032034,7.9958611e-05,0.0018787481,0.017036438,4.7030999e-05,1.6146565e-05
0.38040871,8.0678785e-05,0.0018918697,0.01849348,4.7410604e-05,1.62413e-05
0.38052669,8.0482078e-05,0.0018931213,0.017645731,4.728027e-05,1.6129686e-05
0.38061377,7.9424609e-05,0.0018781789,0.017664577,4.6594517e-05,1.5845267e-05
0.3807281,7.8247226e-05,0.001871695,0.017903795,4.5811235e-05,1.5533401e-05
0.38081267,7.747538e-05,0.0018757856,0.018084305,4.5346146e-05,1.533474e-05
0.38092442,7.6973663e-05,0.0018959643,0.017204208,4.4947998e-05,1.5150755e-05
0.38100759,7.6599214e-05,0.0019138739,0.017124911,4.469405e-05,1.50153e-05
0.38111783,7.6322642e-05,0.0019472925,0.016313869,4.4471637e-05,1.4897084e-05
0.38122753,7.5929591e-05,0.0019787264,0.01655054,4.4201114e-05,1.4728103e-05
0.3813095,7.5802802e-05,0.0020070922,0.016773853,4.4115176e-05,1.4636222e-05
0.38141854,7.5681109e-05,0.0020441054,0.01751513,4.399055e-05,1.4524511e-05
0.38150016,7.5541203e-05,0.0020684487,0.017569176,4.3888513e-05,1.442254e-05
0.38160884,7.5405237e-05,0.0020947863,0.016772722,4.37786e-05,1.4313886e-05
0.38169021,7.5391488e-05,0.0021092412,0.016606491,4.3747649e-05,1.4261332e-05
0.38179871,7.5456378e-05,0.0021162109,0.017467469,4.3705047e-05,1.4204023e-05
0.38188008,7.5477935e-05,0.002110521,0.017445086,4.3646674e-05,1.4162968e-05
0.38198858,7.5571678e-05,0.0020893331,0.016636999,4.3595702e-05,1.411159e-05
0.38206995,7.5632675e-05,0.0020659063,0.016338602,4.3531662e-05,1.4084798e-05
0.38217857,7.5917902e-05,0.0020305771,0.016530642,4.3532255e-05,1.4126825e-05
0.38226013,7.5998997e-05,0.0019941735,0.016704124,4.3454448e-05,1.4146483e-05
0.38236895,7.6311009e-05,0.0019454849,0.01697357,4.343891e-05,1.4221749e-05
0.38245071,7.6407766e-05,0.00190282,0.016143787,4.3346776e-05,1.425997e-05
0.38255985,7.6693048e-05,0.0018515347,0.016043231,4.3315424e-05,1.4335439e-05
0.38264181,7.6767906e-05,0.0018115363,0.016181563,4.3208706e-05,1.435243e-05
0.38275135,7.70433e-05,0.0017666287,0.016501437,4.3179994e-05,1.4404767e-05
0.38283365,7.7247206e-05,0.0017379939,0.016773869,4.3191072e-05,1.4450282e-05
0.38294354,7.7437206e-05,0.0017044606,0.015855958,4.3152227e-05,1.4505356e-05
0.38302611,7.7448032e-05,0.0016807644,0.016314328,4.3052004e-05,1.4495576e-05
0.38313636,7.7418705e-05,0.0016554806,0.016523,4.2885865e-05,1.4482841e-05
0.38321857,7.7005493e-05,0.0016327082,0.0157961,4.2541539e-05,1.4396765e-05
0.38332761,7.6501454e-05,0.0016105609,0.01625629,4.2156459e-05,1.4300259e-05
0.38340911,7.62635e-05,0.0015990389,0.015150686,4.1903288e-05,1.4251737e-05
0.38351757,7.6144612e-05,0.00158953,0.015250571,4.160113e-05,1.42178e-05
0.38359887,7.6140611e-05,0.0015872783,0.01505589,4.1455193e-05,1.4239239e-05
0.38370726,7.6173674e-05,0.00158678,0.015261117,4.1250648e-05,1.4291001e-05
0.38378855,7.6231622e-05,0.0015882206,0.014637634,4.1100704e-05,1.433193e-05
0.38389709,7.6510522e-05,0.0015963856,0.015224678,4.1038735e-05,1.4422496e-05
0.3839786,7.6593188e-05,0.0015996185,0.014606987,4.0903572e-05,1.4428604e-05
0.38408752,7.6881653e-05,0.0016089492,0.01551898,4.0844753e-05,1.4415314e-05
0.38416934,7.7146954e-05,0.0016162776,0.01459684,4.0814412e-05,1.4406917e-05
0.38427864,7.7164143e-05,0.0016177658,0.015626798,4.0606254e-05,1.4325991e-05
0.3843607,7.7331505e-05,0.0016214695,0.016322583,4.0544593e-05,1.428947e-05
0.38447032,7.7323723e-05,0.0016169369,0.01538309,4.0344906e-05,1.4183027e-05
0.38455254,7.7331036e-05,0.0016096005,0.015518862,4.0189105e-05,1.4097837e-05
0.38466216,7.7217715e-05,0.0015945739,0.015897432,4.0025396e-05,1.3978653e-05
0.38474437,7.7115818e-05,0.0015794656,0.015540499,3.9901733e-05,1.3892164e-05
0.38485366,7.6712201e-05,0.0015495373,0.015576297,3.963264e-05,1.3748722e-05
0.38493546,7.6356766e-05,0.0015227545,0.01514833,3.9388361e-05,1.3639105e-05
0.38504416,7.5934605e-05,0.0014854401,0.014903316,3.9122986e-05,1.3511157e-05
0.38515226,7.5228411e-05,0.0014403367,0.01504229,3.8739532e-05,1.3347896e-05
0.3852328,7.4615605e-05,0.0014028515,0.014741849,3.8392043e-05,1.3214287e-05
0.38533938,7.3683348e-05,0.0013506318,0.015637238,3.7879037e-05,1.3027404e-05
0.38541857,7.2826025e-05,0.0013091838,0.015841197,3.7403425e-05,1.2854816e-05
0.38552324,7.1934951e-05,0.0012597191,0.014994687,3.6903433e-05,1.2665482e-05
0.38560094,7.1072503e-05,0.0012212712,0.014701171,3.6439765e-05,1.2494519e-05
0.38570339,6.9985921e-05,0.0011732712,0.014543276,3.5832653e-05,1.2274923e-05
0.38577938,6.9172034e-05,0.0011398657,0.013812313,3.5411162e-05,1.211436e-05
0.38587943,6.7893333e-05,0.0010957977,0.013733948,3.472505e-05,1.1866626e-05
0.38595353,6.710628e-05,0.0010681858,0.01379582,3.4332948e-05,1.1710319e-05
0.38605123,6.607758e-05,0.0010352747,0.013309605,3.3813458e-05,1.1506693e-05
0.3861237,6.5333966e-05,0.001013287,0.014295087,3.3417625e-05,1.134836e-05
0.38621927,6.437967e-05,0.00098709011,0.013219198,3.2925475e-05,1.1158095e-05
0.38629016,6.3685305e-05,0.00096960961,0.012686237,3.2555629e-05,1.1024174e-05
0.38638363,6.2781943e-05,0.00094925972,0.013149332,3.2081301e-05,1.0871954e-05
0.38645297,6.2132365e-05,0.00093549296,0.013996859,3.1738903e-05,1.076497e-05
0.3865444,6.1327276e-05,0.00091967744,0.013137074,3.1273659e-05,1.0631843e-05
0.38661243,6.0912249e-05,0.00091226926,0.013563748,3.1035762e-05,1.0577467e-05
0.38670221,6.0316914e-05,0.0009034215,0.01260515,3.0707628e-05,1.0497169e-05
0.38676897,5.9750808e-05,0.00089594973,0.012401989,3.0383501e-05,1.042165e-05
0.38685733,5.9346599e-05,0.00089326857,0.012619836,3.016462e-05,1.0396646e-05
0.38692309,5.8986624e-05,0.00089122864,0.012735277,2.9953926e-05,1.0369712e-05
0.38701012,5.8426642e-05,0.00088950274,0.01287709,2.9643384e-05,1.0319905e-05
0.38707505,5.8276768e-05,0.0008932446,0.012552962,2.9539585e-05,1.0328365e-05
0.3871611,5.7911511e-05,0.00089842323,0.012616559,2.934036e-05,1.0301133e-05
0.38722525,5.7512902e-05,0.00090250256,0.01141579,2.9143419e-05,1.0259937e-05
0.38731046,5.7339672e-05,0.00091583957,0.012553144,2.9038065e-05,1.0245276e-05
0.38737413,5.7140528e-05,0.00092732969,0.01204637,2.8943743e-05,1.0212179e-05
0.3874587,5.6919656e-05,0.00094713591,0.01246634,2.8849643e-05,1.0172486e-05
0.38752201,5.6695356e-05,0.00096383082,0.011692505,2.8750334e-05,1.0129156e-05
0.38760623,5.6658107e-05,0.00099508704,0.011308019,2.8760843e-05,1.0117102e-05
0.3876694,5.661209e-05,0.0010220168,0.011550704,2.8772401e-05,1.0118012e-05
0.38775362,5.6581803e-05,0.0010636586,0.012224205,2.8801398e-05,1.0114717e-05
0.38781679,5.652972e-05,0.0010993357,0.012232185,2.8823023e-05,1.0113444e-05
0.38790101,5.6488202e-05,0.0011530959,0.012098276,2.8861764e-05,1.0107399e-05
0.38796433,5.6665374e-05,0.0012012842,0.011919116,2.9004908e-05,1.0143261e-05
0.38804885,5.6616743e-05,0.0012647237,0.011569664,2.9069002e-05,1.0141518e-05
0.38811248,5.6803083e-05,0.0013210034,0.011937363,2.9224261e-05,1.019636e-05
0.38819757,5.6964772e-05,0.0013978666,0.012355362,2.9392222e-05,1.0257535e-05
0.38826161,5.7166557e-05,0.0014588687,0.010882041,2.9562644e-05,1.0321935e-05
0.38834736,5.7407636e-05,0.0015390078,0.011688256,2.9738144e-05,1.0417245e-05
0.38843362,5.7863261e-05,0.0016186278,0.011941785,3.0043409e-05,1.0568967e-05
0.3884986,5.8116615e-05,0.0016647384,0.011380674,3.022279e-05,1.0665729e-05
0.38858576,5.84257e-05,0.0016990798,0.011671419,3.0422051e-05,1.0788156e-05
0.38865157,5.8967805e-05,0.001706757,0.011865405,3.074103e-05,1.0942004e-05
0.38873976,5.9212865e-05,0.0016646732,0.012007079,3.0949171e-05,1.106712e-05
0.38880634,5.9506864e-05,0.0016163163,0.012579278,3.1155979e-05,1.1159236e-05
0.38889572,6.010425e-05,0.0015457438,0.012813483,3.1511651e-05,1.131667e-05
0.38896322,6.0406409e-05,0.0014855535,0.013288195,3.1716889e-05,1.1401696e-05
0.38905386,6.1053189e-05,0.0014096965,0.013192373,3.2089209e-05,1.154785e-05
0.38912234,6.1361582e-05,0.0013508347,0.012987216,3.2290195e-05,1.1621294e-05
0.38921434,6.2009842e-05,0.0012809036,0.01340141,3.2678118e-05,1.1766734e-05
0.38928398,6.2637197e-05,0.0012360669,0.012801982,3.3066666e-05,1.1898419e-05
0.38937741,6.2970972e-05,0.0011744066,0.013123389,3.3310274e-05,1.1966906e-05
0.38944817,6.3634924e-05,0.0011423164,0.013436918,3.3727341e-05,1.2102646e-05
0.38954314,6.3941694e-05,0.0010966791,0.012979699,3.3982805e-05,1.2173793e-05
0.38961497,6.4384793e-05,0.0010692797,0.013559258,3.4232254e-05,1.2250562e-05
0.38971159,6.5084452e-05,0.0010431165,0.013371213,3.4714347e-05,1.2400131e-05
0.38978457,6.5463378e-05,0.001024501,0.013841979,3.4985662e-05,1.2486575e-05
0.38988283,6.6239701e-05,0.0010088898,0.01354539,3.5497062e-05,1.2661991e-05
0.3899572,6.6647368e-05,0.00099748921,0.013769254,3.5779515e-05,1.2753155e-05
0.3900574,6.7509626e-05,0.00099072046,0.014483367,3.6305974e-05,1.293502e-05
0.39013328,6.7935959e-05,0.00098533808,0.014778627,3.6569578e-05,1.3028138e-05
0.39023542,6.8902182e-05,0.00098686452,0.013756018,3.7140739e-05,1.3220773e-05
0.39031296,6.9381352e-05,0.00098669248,0.014881449,3.7426002e-05,1.3318246e-05
0.39041721,6.9870395e-05,0.00098721558,0.014810297,3.7742088e-05,1.3421495e-05
0.39049638,7.0998417e-05,0.00099974399,0.014522972,3.8366831e-05,1.3648203e-05
0.39060295,7.1600077e-05,0.0010057557,0.014415282,3.8742312e-05,1.3762336e-05
0.39068391,7.2237556e-05,0.0010142593,0.014767317,3.9121296e-05,1.3880476e-05
0.39079307,7.3598011e-05,0.0010346117,0.015567717,3.9911349e-05,1.41306e-05
0.39087577,7.4378404e-05,0.0010475265,0.015754509,4.0357362e-05,1.4264979e-05
0.39098757,7.5304056e-05,0.0010643932,0.01569701,4.0866887e-05,1.4420592e-05
0.39107249,7.6244546e-05,0.0010822009,0.015755632,4.1407748e-05,1.4583738e-05
0.39118757,7.8262742e-05,0.001117921,0.017564165,4.2465655e-05,1.4951449e-05
0.39127503,7.9439512e-05,0.0011419973,0.016584093,4.3092729e-05,1.5175445e-05
0.39139353,8.1849926e-05,0.0011887892,0.018028203,4.4344414e-05,1.5626778e-05
0.39148392,8.327416e-05,0.001220413,0.018742939,4.5093631e-05,1.5891605e-05
0.39160637,8.492156e-05,0.0012619066,0.019967211,4.5949506e-05,1.6239928e-05
0.39169839,8.4005627e-05,0.0012634066,0.020153195,4.5442872e-05,1.6104565e-05
0.39181807,8.1887649e-05,0.0012525937,0.018721275,4.4325814e-05,1.5738841e-05
0.39193369,7.9697517e-05,0.0012408918,0.017873004,4.3179255e-05,1.534441e-05
0.39201848,7.8623711e-05,0.0012408686,0.017728851,4.2645705e-05,1.5134127e-05
0.39212954,7.7552475e-05,0.0012457277,0.01720531,4.2153797e-05,1.4885439e-05
0.39221109,7.6401201e-05,0.0012423861,0.016772026,4.1579506e-05,1.4632443e-05
0.39231883,7.5165136e-05,0.0012417962,0.015981461,4.1005583e-05,1.4334219e-05
0.3923989,7.5244156e-05,0.0012568288,0.016090265,4.1137536e-05,1.4318432e-05
0.39250509,7.377196e-05,0.0012482674,0.015676162,4.0452164e-05,1.3986312e-05
0.39258349,7.3853739e-05,0.001259941,0.015723061,4.0574711e-05,1.3968021e-05
0.39268802,7.393316e-05,0.0012733111,0.016072719,4.0739052e-05,1.3942151e-05
0.39276642,7.3995272e-05,0.0012823732,0.015071557,4.0840995e-05,1.3908223e-05
0.39287095,7.4100855e-05,0.0012927654,0.014770159,4.0976379e-05,1.386163e-05
0.39294934,7.420189e-05,0.0012999839,0.015050437,4.1069686e-05,1.3838037e-05
0.39305387,7.4323564e-05,0.001308635,0.01445912,4.1146505e-05,1.384939e-05
0.39313227,7.4427788e-05,0.0013147206,0.01466301,4.1214092e-05,1.3891672e-05
0.3932368,7.4603582e-05,0.0013231911,0.014897995,4.1294377e-05,1.3969253e-05
0.3933152,7.4728214e-05,0.0013296943,0.015134043,4.1343452e-05,1.4030589e-05
0.39341973,7.490642e-05,0.0013389205,0.015380078,4.1399605e-05,1.4112617e-05
0.39349812,7.5034191e-05,0.0013463184,0.01568866,4.1431038e-05,1.4158032e-05
0.39360265,7.5154747e-05,0.0013575542,0.015404114,4.1462968e-05,1.4213187e-05
0.39368105,7.5269623e-05,0.0013677021,0.016167393,4.148006e-05,1.4231758e-05
0.39378478,7.4205528e-05,0.0013624435,0.015580441,4.0849676e-05,1.4017334e-05
0.39386203,7.4286754e-05,0.001377488,0.015429588,4.0861422e-05,1.4010411e-05
0.39396512,7.438574e-05,0.0014016864,0.014823899,4.0882347e-05,1.3997793e-05
0.39404253,7.4408365e-05,0.0014238745,0.014838169,4.0918397e-05,1.3973783e-05
0.39414585,7.4406962e-05,0.0014593353,0.015637771,4.0932885e-05,1.3932816e-05
0.39422344,7.4431553e-05,0.0014914437,0.015270496,4.0946832e-05,1.3895395e-05
0.39432708,7.4485653e-05,0.0015415219,0.015086783,4.0988324e-05,1.3875162e-05
0.39440498,7.4460887e-05,0.001584164,0.015706416,4.1016412e-05,1.3858776e-05
0.39450896,7.4420784e-05,0.001646497,0.015392609,4.0985566e-05,1.3825237e-05
0.39458703,7.4329318e-05,0.0016983716,0.015314829,4.0964244e-05,1.38075e-05
0.3946913,7.4427142e-05,0.001776484,0.016605354,4.0949755e-05,1.3794265e-05
0.39476972,7.4414248e-05,0.0018399612,0.016125439,4.0960385e-05,1.3780416e-05
0.39487442,7.4330497e-05,0.0019231171,0.01562334,4.0877847e-05,1.3720339e-05
0.39495308,7.4337687e-05,0.0019868487,0.015091834,4.0856976e-05,1.3681539e-05
0.3950582,7.4356336e-05,0.0020619912,0.015982452,4.0833212e-05,1.3624926e-05
0.3951373,7.4394438e-05,0.0020974172,0.015542647,4.0826572e-05,1.3578881e-05
0.39524297,7.4257866e-05,0.0020940479,0.015247667,4.0763775e-05,1.3505306e-05
0.39532241,7.4251654e-05,0.0020619147,0.014787904,4.0758231e-05,1.3466292e-05
0.39542869,7.4295823e-05,0.0019870659,0.015126202,4.0818381e-05,1.3419184e-05
0.39550867,7.4225949e-05,0.0019115768,0.015204517,4.0811587e-05,1.3366395e-05
0.39561554,7.4178248e-05,0.0018006729,0.015138202,4.0825553e-05,1.3301404e-05
0.39572282,7.4215511e-05,0.0016840976,0.015264372,4.0885299e-05,1.3297377e-05
0.39580356,7.4252387e-05,0.0015968604,0.015098366,4.0943608e-05,1.3312903e-05
0.39591158,7.4287493e-05,0.0014831338,0.015316414,4.1028348e-05,1.3351745e-05
0.39599293,7.4412511e-05,0.0014019892,0.015321414,4.1134224e-05,1.34109e-05
0.39610183,7.4544629e-05,0.0013031865,0.0160415,4.1265697e-05,1.3493902e-05
0.39618388,7.4699514e-05,0.0012379085,0.015438887,4.1413123e-05,1.3586659e-05
0.39629395,7.5133113e-05,0.0011635198,0.016569104,4.173298e-05,1.3781327e-05
0.39637703,7.5398972e-05,0.0011131455,0.016643751,4.194777e-05,1.3922501e-05
0.3964885,7.5854926e-05,0.001055454,0.016990598,4.2291181e-05,1.4141811e-05
0.39657265,7.6198994e-05,0.0010175271,0.016607204,4.2556506e-05,1.4312499e-05
0.39668564,7.6796803e-05,0.00097569954,0.017933118,4.3000651e-05,1.4562285e-05
0.39677113,7.7414706e-05,0.00095078515,0.018183602,4.3423425e-05,1.4759449e-05
0.39688619,7.8150035e-05,0.0009223371,0.016838875,4.3960862e-05,1.4990529e-05
0.39697122,7.5852067e-05,0.0008727129,0.017384127,4.2771514e-05,1.4614506e-05
0.3970803,7.2498004e-05,0.00081139994,0.016820218,4.1032976e-05,1.4063432e-05
0.39715896,7.009043e-05,0.00077197744,0.016278139,3.9786034e-05,1.3653093e-05
0.39725983,6.7025116e-05,0.00072596484,0.016307733,3.8196825e-05,1.3119942e-05
0.39733261,6.4857421e-05,0.00069609989,0.016261252,3.7051655e-05,1.2744962e-05
0.39742615,6.2276097e-05,0.00066268985,0.014699969,3.5673784e-05,1.2271117e-05
0.39749391,6.0515639e-05,0.00064145802,0.013724135,3.4738539e-05,1.1948093e-05
0.39758145,5.8465666e-05,0.00061836688,0.014564481,3.3647589e-05,1.1578358e-05
0.3976453,5.7173584e-05,0.00060479168,0.013380967,3.2950383e-05,1.1339174e-05
0.39772841,5.5749536e-05,0.00059072971,0.012840983,3.2159421e-05,1.1086923e-05
0.39778941,5.4754814e-05,0.00058297512,0.012960346,3.165536e-05,1.0931055e-05
0.39786926,5.3698422e-05,0.00057552404,0.012485692,3.1080175e-05,1.0754748e-05
0.39792821,5.3062779e-05,0.00057261764,0.011665336,3.0738779e-05,1.0656757e-05
0.39800581,5.2412213e-05,0.00057149862,0.011808359,3.0370075e-05,1.055886e-05
0.39806338,5.1976962e-05,0.00057231206,0.011477245,3.014886e-05,1.0492997e-05
0.39813948,5.1586117e-05,0.00057610744,0.010824997,2.992434e-05,1.0428041e-05
0.39819616,5.1386644e-05,0.00058073295,0.011697459,2.9804657e-05,1.0380737e-05
0.39827133,5.1195023e-05,0.00058876086,0.011357603,2.9692345e-05,1.0323879e-05
0.39832747,5.1122373e-05,0.00059644442,0.012187058,2.964429e-05,1.0289211e-05
0.39840214,5.1108036e-05,0.00060858662,0.011738572,2.9628133e-05,1.0252873e-05
0.39845806,5.113611e-05,0.00061912987,0.011875003,2.9641904e-05,1.0220542e-05
0.39853261,5.1239086e-05,0.00063539253,0.011850657,2.969861e-05,1.0193589e-05
0.39858857,5.1346146e-05,0.00064872375,0.012414716,2.9760357e-05,1.0175696e-05
0.39866332,5.1524354e-05,0.00066816168,0.012346065,2.986085e-05,1.0172736e-05
0.39871953,5.1673638e-05,0.00068388215,0.012353492,2.995785e-05,1.0163401e-05
0.39879474,5.1937325e-05,0.00070659093,0.012011799,3.0115351e-05,1.0171531e-05
0.39885137,5.2140782e-05,0.00072439124,0.012087123,3.0255081e-05,1.0173569e-05
0.39892724,5.2446e-05,0.00075000217,0.01214007,3.0450263e-05,1.0191173e-05
0.39900363,5.2787665e-05,0.00077752014,0.01261254,3.0669676e-05,1.0218065e-05
0.39906128,5.305563e-05,0.00079919799,0.012335883,3.0843252e-05,1.0243204e-05
0.39913866,5.3440935e-05,0.00083002989,0.012642056,3.1097928e-05,1.0292869e-05
0.39919711,5.371655e-05,0.00085396898,0.013300572,3.1279559e-05,1.0325179e-05
0.3992756,5.4065532e-05,0.00088749784,0.012377937,3.1527422e-05,1.0361288e-05
0.39933493,5.4354978e-05,0.00091433442,0.0123716,3.1731456e-05,1.0385226e-05
0.39941465,5.4805354e-05,0.00095113157,0.012121536,3.1997357e-05,1.0413815e-05
0.39947494,5.5135313e-05,0.00098018875,0.012730349,3.2190856e-05,1.043369e-05
0.39955602,5.5476688e-05,0.0010211235,0.01288649,3.2465927e-05,1.0459044e-05
0.39961735,5.5793801e-05,0.0010529889,0.012771082,3.2666366e-05,1.047563e-05
0.39969986,5.6172246e-05,0.0010967994,0.012433762,3.2923101e-05,1.0478965e-05
0.39976228,5.646412e-05,0.0011308224,0.013133999,3.3128778e-05,1.0488471e-05
0.39984624,5.6867584e-05,0.0011769726,0.012536766,3.3389922e-05,1.0493669e-05
0.39990976,5.7135063e-05,0.0012112231,0.012352604,3.3589127e-05,1.0506143e-05
0.39999517,5.7487356e-05,0.0012574145,0.011849031,3.3857375e-05,1.0515505e-05
0.40005978,5.7765462e-05,0.001292985,0.012081301,3.4071877e-05,1.0542056e-05
0.40014668,5.8146998e-05,0.0013410077,0.012485212,3.4358464e-05,1.0574381e-05
0.40021244,5.843616e-05,0.001377915,0.012394011,3.4593664e-05,1.0613335e-05
0.40030087,5.8820175e-05,0.0014274374,0.013091884,3.4913676e-05,1.0677873e-05
0.40036779,5.9107748e-05,0.0014643276,0.012569848,3.5147383e-05,1.0739388e-05
0.40045776,5.9505821e-05,0.001512553,0.012558231,3.5494544e-05,1.0853279e-05
0.40052585,5.9860261e-05,0.0015490996,0.013165692,3.5780447e-05,1.0958005e-05
0.40061743,6.0320689e-05,0.0015956838,0.014082826,3.614416e-05,1.1118982e-05
0.40068677,6.0717384e-05,0.0016309017,0.013493409,3.6446003e-05,1.1258248e-05
0.40078009,6.1301386e-05,0.0016768437,0.013597682,3.6850289e-05,1.145979e-05
0.40085071,6.1728983e-05,0.0017096165,0.014296647,3.7142293e-05,1.1597026e-05
0.40094577,6.2359698e-05,0.0017524384,0.014244572,3.7547083e-05,1.1796272e-05
0.40101769,6.2818858e-05,0.0017840073,0.015835888,3.7857895e-05,1.1947476e-05
0.40111442,6.3568434e-05,0.001822644,0.016040205,3.8273081e-05,1.2179842e-05
0.40118761,6.4065582e-05,0.0018502455,0.016885593,3.8592147e-05,1.23465e-05
0.40128602,6.4779102e-05,0.0018851131,0.01563718,3.9029583e-05,1.2567791e-05
0.40136047,6.5352097e-05,0.0019113156,0.015897882,3.9386776e-05,1.2726193e-05
0.40146061,6.6134512e-05,0.0019448156,0.01660663,3.9870286e-05,1.291861e-05
0.40153645,6.6786358e-05,0.0019708685,0.017680227,4.0247263e-05,1.3057011e-05
0.40163746,6.5683493e-05,0.0019462582,0.01848822,3.957634e-05,1.2832914e-05
0.40171045,6.3682192e-05,0.0018917346,0.017811936,3.8351513e-05,1.2417969e-05
0.40180488,6.1718857e-05,0.0018381617,0.015433862,3.7178631e-05,1.2010406e-05
0.40187416,6.0821432e-05,0.0018140847,0.016087245,3.6649647e-05,1.1811083e-05
0.40196537,6.0259381e-05,0.0017996494,0.016651773,3.6341434e-05,1.1687668e-05
0.40203321,5.9831111e-05,0.0017866642,0.015979849,3.6116392e-05,1.1583919e-05
0.40212318,5.9594754e-05,0.0017777321,0.015929507,3.6013117e-05,1.1512032e-05
0.40221321,5.9880189e-05,0.0017818231,0.017072294,3.6206795e-05,1.1535926e-05
0.40228074,5.9946758e-05,0.0017787418,0.015749967,3.6276365e-05,1.1526087e-05
0.40237094,6.0247674e-05,0.0017789763,0.015868013,3.6484634e-05,1.1566257e-05
0.40243897,6.0621334e-05,0.0017813516,0.015912923,3.6717136e-05,1.1628152e-05
0.40252998,6.1041444e-05,0.0017792135,0.01525375,3.6958608e-05,1.1719301e-05
0.4025986,6.1619104e-05,0.0017832969,0.015743379,3.7271511e-05,1.1842271e-05
0.40269064,6.2237752e-05,0.0017805647,0.015520897,3.7581133e-05,1.1967665e-05
0.40276,6.2714443e-05,0.0017779798,0.014711873,3.7821629e-05,1.2081707e-05
0.40285319,6.3669281e-05,0.0017814813,0.015872539,3.8333401e-05,1.2289076e-05
0.40292357,6.4288142e-05,0.001779826,0.016066391,3.8624269e-05,1.2408839e-05
0.40301799,6.5049617e-05,0.0017753767,0.015673914,3.9006468e-05,1.2572409e-05
0.40308933,6.5765418e-05,0.0017779847,0.016932325,3.9396524e-05,1.2721707e-05
0.40318508,6.6549155e-05,0.0017764518,0.016404428,3.9782666e-05,1.2865429e-05
0.40325728,6.7052478e-05,0.0017746265,0.016169875,4.0042744e-05,1.2951072e-05
0.40335413,6.7835174e-05,0.0017796187,0.016184301,4.0489388e-05,1.3091064e-05
0.4034274,6.8434484e-05,0.0017862083,0.016398933,4.0805344e-05,1.3184635e-05
0.40352572,6.910532e-05,0.001797604,0.016939834,4.1225702e-05,1.328428e-05
0.40359991,6.9561554e-05,0.0018097999,0.016604937,4.1508906e-05,1.3336438e-05
0.40369949,7.0258461e-05,0.0018358093,0.015184862,4.1969966e-05,1.3433689e-05
0.4037748,7.0825918e-05,0.0018611794,0.016922968,4.2347419e-05,1.3515171e-05
0.4038761,7.151039e-05,0.001900832,0.01560865,4.2846882e-05,1.3622292e-05
0.40395271,7.2013582e-05,0.0019332908,0.015920322,4.3186843e-05,1.3674092e-05
0.40405562,7.259454e-05,0.0019797426,0.016250462,4.3593365e-05,1.373677e-05
0.40413345,7.3139244e-05,0.0020187302,0.016452538,4.392383e-05,1.3788542e-05
0.40423816,7.3750974e-05,0.0020695179,0.01684446,4.4352533e-05,1.3848017e-05
0.40431742,7.4315547e-05,0.0021021919,0.016050035,4.4654953e-05,1.3886853e-05
0.40442414,7.5058276e-05,0.0021353733,0.01693881,4.5078336e-05,1.3950069e-05
0.40450501,7.5654219e-05,0.0021486129,0.016310873,4.5383152e-05,1.4023297e-05
0.40461393,7.6400987e-05,0.002145608,0.016748787,4.5744512e-05,1.4119905e-05
0.40469645,7.69473e-05,0.0021297526,0.017279431,4.6019205e-05,1.4208968e-05
0.40480751,7.769368e-05,0.0020926755,0.016862374,4.633809e-05,1.4331965e-05
0.40489165,7.8276814e-05,0.002058254,0.01656174,4.6603039e-05,1.4423136e-05
0.40500486,7.8978177e-05,0.0020032033,0.017359835,4.6873438e-05,1.4532743e-05
0.40509055,7.9529437e-05,0.001959025,0.017217347,4.7084681e-05,1.4626678e-05
0.40520441,7.8512145e-05,0.0018561714,0.016546335,4.6328796e-05,1.4418466e-05
0.40528885,7.7775973e-05,0.0017806725,0.016367938,4.5740241e-05,1.4270106e-05
0.40540044,7.6957707e-05,0.0016883188,0.016440405,4.505321e-05,1.409764e-05
0.4054835,7.6455866e-05,0.0016243595,0.016140067,4.4588777e-05,1.3980672e-05
0.40559365,7.6044987e-05,0.001548515,0.015883216,4.4084004e-05,1.3875168e-05
0.40567598,7.5899962e-05,0.0014958465,0.015754219,4.3757806e-05,1.3832985e-05
0.40578551,7.5767561e-05,0.0014317519,0.016160454,4.3403161e-05,1.3805646e-05
0.40589499,7.5751825e-05,0.001375802,0.016576236,4.3124479e-05,1.3795252e-05
0.40597711,7.5810184e-05,0.0013369177,0.015867435,4.2906571e-05,1.3784135e-05
0.40608664,7.589535e-05,0.0012915946,0.015505873,4.2665064e-05,1.377224e-05
0.40616887,7.5955685e-05,0.0012615281,0.015150497,4.249651e-05,1.3753191e-05
0.40627872,7.6144724e-05,0.0012290074,0.015788327,4.2354816e-05,1.3713602e-05
0.40636124,7.6161715e-05,0.0012060359,0.015173477,4.2206937e-05,1.3654165e-05
0.40647152,7.6298776e-05,0.0011827045,0.014722947,4.2089875e-05,1.3589929e-05
0.40655439,7.637208e-05,0.0011686882,0.015076956,4.2002876e-05,1.3560663e-05
0.40666509,7.6386306e-05,0.001153244,0.015335559,4.1851643e-05,1.3508749e-05
0.40674823,7.6357858e-05,0.0011442621,0.014710218,4.1738732e-05,1.3464516e-05
0.40685918,7.6327006e-05,0.0011357823,0.015316279,4.1581748e-05,1.3414722e-05
0.40694239,7.6214312e-05,0.0011310225,0.014551268,4.1440005e-05,1.3372109e-05
0.40705327,7.6060442e-05,0.0011268272,0.014452465,4.1217368e-05,1.3318824e-05
0.4071363,7.5870788e-05,0.0011246571,0.015259198,4.1007972e-05,1.3292736e-05
0.4072468,7.5663338e-05,0.0011244958,0.015343729,4.0713295e-05,1.3291458e-05
0.40732941,7.5517099e-05,0.0011258509,0.014987869,4.046125e-05,1.3290496e-05
0.40743905,7.5118617e-05,0.0011286593,0.014758506,4.0067705e-05,1.3282928e-05
0.40752084,7.4779694e-05,0.0011308176,0.015350569,3.9738161e-05,1.3252599e-05
0.40762914,7.4239015e-05,0.0011338549,0.014695629,3.9255089e-05,1.3189378e-05
0.40770973,7.378023e-05,0.0011353959,0.015288921,3.8853287e-05,1.3108859e-05
0.4078162,7.3005702e-05,0.0011364335,0.01642498,3.8274797e-05,1.2968899e-05
0.40789524,7.237299e-05,0.0011360075,0.016175736,3.7811422e-05,1.2848199e-05
0.40799951,7.1494202e-05,0.0011348388,0.015594923,3.7182723e-05,1.2676023e-05
0.40807684,7.0789246e-05,0.0011330944,0.015517125,3.6717921e-05,1.2542949e-05
0.40817879,6.9762514e-05,0.0011294732,0.01484505,3.6114277e-05,1.2347726e-05
0.40825437,6.8981328e-05,0.001124907,0.014919033,3.5651623e-05,1.2201687e-05
0.40835402,6.8031636e-05,0.0011184524,0.013926509,3.5090215e-05,1.2020172e-05
0.40842788,6.7289558e-05,0.0011116949,0.014822572,3.4650036e-05,1.188315e-05
0.40852526,6.6327105e-05,0.001102908,0.013845037,3.4127363e-05,1.1714339e-05
0.40859747,6.5594458e-05,0.0010950041,0.013637821,3.3705721e-05,1.1583065e-05
0.4086927,6.4677129e-05,0.0010842224,0.013548226,3.3184716e-05,1.1422818e-05
0.40876335,6.3998981e-05,0.0010759287,0.013223769,3.2812901e-05,1.1307018e-05
0.4088566,6.3141592e-05,0.0010649084,0.013022167,3.2303563e-05,1.1159766e-05
0.40892583,6.2487687e-05,0.0010562252,0.013569786,3.1927533e-05,1.1046012e-05
0.40901728,6.1722291e-05,0.0010459084,0.012501375,3.1457098e-05,1.0909151e-05
0.40908525,6.115271e-05,0.0010382908,0.012228335,3.1103727e-05,1.0802199e-05
0.40917508,6.042125e-05,0.0010294079,0.012845871,3.0674493e-05,1.0672298e-05
0.40924193,5.9963144e-05,0.0010240722,0.011929105,3.0388546e-05,1.0587367e-05
0.4093304,5.9329894e-05,0.0010176112,0.011614128,3.0022859e-05,1.0486575e-05
0.40941818,5.8800837e-05,0.0010144159,0.011382403,2.9709794e-05,1.0394724e-05
0.40948362,5.8396481e-05,0.0010128754,0.011543476,2.9470737e-05,1.032622e-05
0.40957036,5.7911763e-05,0.0010136213,0.011721906,2.9198949e-05,1.0238341e-05
0.40963509,5.761566e-05,0.0010164794,0.012207635,2.9013614e-05,1.0183166e-05
0.40972103,5.7247805e-05,0.0010226736,0.011893452,2.8799443e-05,1.0103563e-05
0.40978524,5.7006562e-05,0.0010290851,0.011861076,2.8659832e-05,1.0053386e-05
0.40987063,5.6774811e-05,0.0010408025,0.011285469,2.8512256e-05,1.0012296e-05
0.40993449,5.6594808e-05,0.0010511024,0.011553147,2.8404037e-05,9.9883062e-06
0.41001951,5.6469447e-05,0.001068301,0.01278162,2.8307432e-05,9.9750234e-06
0.41008323,5.643228e-05,0.0010837876,0.011426399,2.8274966e-05,9.9711017e-06
0.41016819,5.643024e-05,0.0011071204,0.012030309,2.823549e-05,9.9760759e-06
0.41023192,5.6466135e-05,0.0011269053,0.01155479,2.8247641e-05,9.9841309e-06
0.41031698,5.6542697e-05,0.0011548214,0.011753079,2.8250737e-05,1.0005616e-05
0.41038087,5.6653158e-05,0.001178167,0.011271751,2.8284111e-05,1.003951e-05
0.41046626,5.6881332e-05,0.0012128842,0.011953659,2.8378802e-05,1.0102986e-05
0.41053048,5.7046859e-05,0.001240392,0.01190973,2.8449845e-05,1.0147456e-05
0.41061637,5.7303483e-05,0.0012808812,0.012044686,2.8592872e-05,1.0224862e-05
0.41068102,5.754373e-05,0.0013139264,0.011655582,2.8707617e-05,1.028349e-05
0.41076757,5.7854141e-05,0.0013613807,0.012145109,2.8882691e-05,1.0357807e-05
0.41083278,5.8088716e-05,0.001400049,0.01206926,2.9029442e-05,1.041196e-05
0.41092016,5.8465592e-05,0.0014555033,0.011593687,2.9247419e-05,1.0476497e-05
0.41098607,5.8764969e-05,0.001499539,0.0121299,2.9436849e-05,1.0539765e-05
0.41107446,5.9143115e-05,0.0015608934,0.012035994,2.9691064e-05,1.0625606e-05
0.41114114,5.9444634e-05,0.0016087511,0.01267154,2.9894782e-05,1.0690981e-05
0.41123058,5.9816137e-05,0.0016713265,0.012629562,3.019189e-05,1.0793371e-05
0.41129809,6.0169375e-05,0.0017166149,0.01242061,3.044089e-05,1.0883544e-05
0.41138871,6.060261e-05,0.001764178,0.013500786,3.0802325e-05,1.1024174e-05
0.41145715,6.0953153e-05,0.0017861052,0.012578366,3.1088328e-05,1.1133745e-05
0.41154907,6.1441887e-05,0.001786313,0.013104544,3.1468396e-05,1.1295923e-05
0.41161855,6.1864094e-05,0.0017661505,0.013046914,3.1802543e-05,1.142277e-05
0.41171192,6.2405768e-05,0.0017159794,0.012570444,3.2223243e-05,1.1612086e-05
0.41178248,6.278815e-05,0.0016675297,0.012410288,3.2541858e-05,1.1750164e-05
0.41187731,6.3396111e-05,0.0015977283,0.013155234,3.2992466e-05,1.198527e-05
0.41194899,6.3843961e-05,0.0015403603,0.01354803,3.33265e-05,1.2176388e-05
0.41204534,6.45308e-05,0.0014634789,0.013356112,3.3811882e-05,1.2443279e-05
0.4121182,6.5016132e-05,0.0014059078,0.01328638,3.4173397e-05,1.2648739e-05
0.4122162,6.5799079e-05,0.001333478,0.01414195,3.4733533e-05,1.2941758e-05
0.41229037,6.641701e-05,0.0012817542,0.013854117,3.5141755e-05,1.3156856e-05
0.41239018,6.7279731e-05,0.0012199977,0.014270043,3.5732053e-05,1.3430545e-05
0.41246579,6.7924055e-05,0.0011789901,0.015135946,3.6138735e-05,1.3630076e-05
0.41256763,6.8934093e-05,0.0011327715,0.01477897,3.6775202e-05,1.3894446e-05
0.41267064,6.9911496e-05,0.0010930784,0.015118087,3.735705e-05,1.4127253e-05
0.41274874,7.0697665e-05,0.0010688185,0.014966131,3.7849648e-05,1.4311674e-05
0.41285393,7.1703751e-05,0.0010416874,0.014814832,3.8486992e-05,1.4531583e-05
0.41293369,7.2436176e-05,0.0010257975,0.015418723,3.8970632e-05,1.4682674e-05
0.41304118,7.3543048e-05,0.0010128369,0.015324416,3.9706134e-05,1.4895264e-05
0.41312274,7.4402964e-05,0.0010074362,0.015734845,4.0277985e-05,1.5056677e-05
0.41323278,7.5543815e-05,0.0010063025,0.015607719,4.1069232e-05,1.5273295e-05
0.4133163,7.6422528e-05,0.0010093213,0.016247149,4.1667123e-05,1.5423806e-05
0.41342909,7.777683e-05,0.0010201582,0.015997675,4.2560616e-05,1.5652875e-05
0.41351486,7.8835986e-05,0.0010332731,0.016164629,4.3228488e-05,1.581613e-05
0.41363082,8.0237746e-05,0.0010559429,0.017693039,4.4114357e-05,1.6024267e-05
0.41371908,8.1484627e-05,0.0010792817,0.017602287,4.4846875e-05,1.6218149e-05
0.41383651,8.0175162e-05,0.0010759109,0.018404724,4.418938e-05,1.5869694e-05
0.41392221,7.8559664e-05,0.0010678784,0.017575714,4.3343411e-05,1.547944e-05
0.41403417,7.7079646e-05,0.0010681819,0.016845581,4.2595629e-05,1.5109632e-05
0.41411676,7.622483e-05,0.0010736226,0.016592348,4.2141407e-05,1.4879429e-05
0.41422537,7.5225616e-05,0.0010852714,0.017024421,4.1674437e-05,1.4611925e-05
0.41430597,7.4708359e-05,0.0010990093,0.015983836,4.144649e-05,1.4467047e-05
0.41441261,7.4206643e-05,0.001122845,0.016687917,4.1249605e-05,1.4323875e-05
0.41449201,7.3860856e-05,0.0011428014,0.016428242,4.1121832e-05,1.4217738e-05
0.41459732,7.3544917e-05,0.001174974,0.01643946,4.1026195e-05,1.4113636e-05
0.41467599,7.34608e-05,0.0012041892,0.016009221,4.1022975e-05,1.4068376e-05
0.4147806,7.3316121e-05,0.0012465879,0.015302092,4.1001065e-05,1.398966e-05
0.41485891,7.3267437e-05,0.0012833242,0.017033035,4.1031792e-05,1.3950822e-05
0.4149631,7.3227946e-05,0.0013355915,0.016016878,4.1030564e-05,1.3881951e-05
0.4150412,7.3324398e-05,0.0013806184,0.015309903,4.109184e-05,1.3866004e-05
0.41514524,7.3353378e-05,0.0014430592,0.015522213,4.1115121e-05,1.3832471e-05
0.41522334,7.3535621e-05,0.0014946368,0.015493088,4.1208849e-05,1.3838791e-05
0.4153275,7.3738383e-05,0.0015642576,0.015722114,4.1311731e-05,1.3833188e-05
0.41540569,7.3819971e-05,0.0016150505,0.01472171,4.1351188e-05,1.3818431e-05
0.41551003,7.3993374e-05,0.0016842597,0.015032292,4.1413501e-05,1.3813081e-05
0.41558841,7.4146542e-05,0.0017354805,0.015214932,4.1479124e-05,1.3811074e-05
0.41569301,7.4279794e-05,0.0017991293,0.015678156,4.1540301e-05,1.3818103e-05
0.41577151,7.4355905e-05,0.0018430973,0.015273917,4.1593662e-05,1.3827681e-05
0.41587629,7.4568311e-05,0.001894431,0.016064476,4.1634821e-05,1.3869781e-05
0.41595505,7.4646934e-05,0.0019290291,0.015571178,4.1696311e-05,1.3912188e-05
0.41606018,7.4726676e-05,0.001968313,0.015424945,4.1755392e-05,1.3958938e-05
0.41613906,7.4763193e-05,0.0019937587,0.015618506,4.1801169e-05,1.4000071e-05
0.41624443,7.4846859e-05,0.0020214785,0.015565374,4.1855792e-05,1.4043458e-05
0.41632357,7.4880122e-05,0.0020396242,0.01604678,4.1893415e-05,1.4065784e-05
0.4164292,7.4925196e-05,0.0020590493,0.016242729,4.1896147e-05,1.4084619e-05
0.41653505,7.504689e-05,0.0020774028,0.016047169,4.1946114e-05,1.4140324e-05
0.41661456,7.5132533e-05,0.0020880875,0.014936773,4.1940893e-05,1.4199796e-05
0.41672065,7.526417e-05,0.00209959,0.014700685,4.1910249e-05,1.4285814e-05
0.41680033,7.5378368e-05,0.0021076687,0.015800266,4.1879021e-05,1.435585e-05
0.41690677,7.5567748e-05,0.0021167687,0.015542221,4.1840761e-05,1.4436991e-05
0.41698672,7.5757266e-05,0.0021256987,0.015981481,4.1864558e-05,1.4500744e-05
0.41709346,7.5830948e-05,0.0021288983,0.015740546,4.1751875e-05,1.454472e-05
0.41717359,7.5979501e-05,0.002132056,0.017068184,4.17043e-05,1.4574918e-05
0.41728062,7.6230253e-05,0.0021336911,0.017361749,4.1677287e-05,1.4604849e-05
0.41736106,7.6348827e-05,0.0021298173,0.016453187,4.1636239e-05,1.4598054e-05
0.41746837,7.6323244e-05,0.0021140002,0.015952793,4.1504263e-05,1.4555061e-05
0.41754896,7.6333596e-05,0.0020977677,0.016641635,4.1479293e-05,1.4521538e-05
0.41765667,7.6425014e-05,0.0020656309,0.016676521,4.1481734e-05,1.4474277e-05
0.41773758,7.6409334e-05,0.0020293321,0.016217202,4.1461087e-05,1.4436165e-05
0.4178457,7.6403407e-05,0.0019699698,0.015973129,4.1477759e-05,1.4421114e-05
0.41792699,7.644342e-05,0.0019175332,0.015772795,4.1515539e-05,1.440744e-05
0.41803562,7.646227e-05,0.0018339743,0.016275139,4.152035e-05,1.4381806e-05
0.4181174,7.6466035e-05,0.001762821,0.015832623,4.1563409e-05,1.4385494e-05
0.41822681,7.6578685e-05,0.0016613358,0.015774122,4.1604355e-05,1.4400226e-05
0.41830917,7.6559888e-05,0.0015820127,0.016272874,4.1620417e-05,1.4403812e-05
0.41841943,7.6696248e-05,0.0014765253,0.015248364,4.1727588e-05,1.4442762e-05
0.41850243,7.667597e-05,0.0013963246,0.016045947,4.1769559e-05,1.4462183e-05
0.41861367,7.6832774e-05,0.0013002449,0.015680159,4.1897091e-05,1.4536299e-05
0.41869761,7.7061731e-05,0.0012366355,0.016162571,4.2100491e-05,1.4631245e-05
0.41881034,7.7297885e-05,0.0011588376,0.016011279,4.2355518e-05,1.4751035e-05
0.41889547,7.7552081e-05,0.0011079547,0.017372785,4.259056e-05,1.4851784e-05
0.41900984,7.7959594e-05,0.0010487098,0.017700153,4.2990723e-05,1.5003032e-05
0.41909634,7.8323357e-05,0.0010102546,0.018077957,4.3335899e-05,1.5141629e-05
0.4192127,7.8995351e-05,0.00096572286,0.018213384,4.3876288e-05,1.5375788e-05
0.41929929,7.6994853e-05,0.00090709099,0.017575024,4.2893333e-05,1.507114e-05
0.4194103,7.3377408e-05,0.00082771861,0.017492586,4.1043202e-05,1.4490838e-05
0.41949027,7.0862801e-05,0.0007764906,0.017209878,3.9726133e-05,1.4061548e-05
0.41959265,6.7714824e-05,0.00071706536,0.016369738,3.8037784e-05,1.3489567e-05
0.4196664,6.5498172e-05,0.00067817614,0.015996147,3.6809034e-05,1.3083708e-05
0.41976105,6.2889293e-05,0.00063460053,0.015883577,3.5346611e-05,1.2584478e-05
0.4198295,6.113752e-05,0.00060705544,0.016014031,3.4364906e-05,1.2258822e-05
0.41991787,5.9279569e-05,0.00057632023,0.014256728,3.3257571e-05,1.1885308e-05
0.41998229,5.8001225e-05,0.00055728463,0.014286684,3.254128e-05,1.1629155e-05
0.42006605,5.6550087e-05,0.00053615512,0.013648089,3.1718888e-05,1.1329572e-05
0.42012744,5.5582498e-05,0.00052291519,0.013148677,3.1175228e-05,1.1123995e-05
0.42020779,5.4566941e-05,0.00050920209,0.012618924,3.0594073e-05,1.0897688e-05
0.42028664,5.3718881e-05,0.00049906957,0.012756876,3.0118647e-05,1.0704876e-05
0.42034499,5.3237886e-05,0.00049378531,0.011777766,2.9850061e-05,1.0585487e-05
0.42042192,5.2662936e-05,0.00048867053,0.012061135,2.9522051e-05,1.0444219e-05
0.42047911,5.2376395e-05,0.000487029,0.012127068,2.9356209e-05,1.0365938e-05
0.42055476,5.2017115e-05,0.0004857961,0.01247392,2.9140371e-05,1.0266344e-05
0.42061114,5.1852254e-05,0.00048683191,0.01168753,2.9038404e-05,1.0213133e-05
0.42068599,5.1690887e-05,0.00048999438,0.01207422,2.8958463e-05,1.016274e-05
0.42074196,5.1644875e-05,0.00049376383,0.012279512,2.8924724e-05,1.0138159e-05
0.42081642,5.1571365e-05,0.00050014893,0.011930129,2.8919486e-05,1.0110916e-05
0.42087221,5.162939e-05,0.00050689111,0.012261304,2.8948206e-05,1.0108819e-05
0.42094663,5.1731743e-05,0.0005176939,0.011784256,2.9034238e-05,1.0092803e-05
0.42100251,5.1807004e-05,0.00052704287,0.012037099,2.9092232e-05,1.0094438e-05
0.42107719,5.1933247e-05,0.00054129658,0.011791743,2.9185941e-05,1.009879e-05
0.42113337,5.211533e-05,0.00055439154,0.012154517,2.9296226e-05,1.0110991e-05
0.42120857,5.2346886e-05,0.00057379241,0.012491113,2.945462e-05,1.0155747e-05
0.42126521,5.2524828e-05,0.00059024175,0.012474264,2.9562385e-05,1.0196561e-05
0.42134114,5.28654e-05,0.00061608312,0.011781773,2.9787238e-05,1.0256142e-05
0.42139842,5.3090689e-05,0.00063747558,0.011813432,2.9939232e-05,1.029561e-05
0.42147528,5.3414891e-05,0.00067006402,0.012455916,3.0168514e-05,1.0359451e-05
0.42153332,5.3733336e-05,0.00069792617,0.012356533,3.0355066e-05,1.0422722e-05
0.42161126,5.4154553e-05,0.0007398138,0.012756347,3.0624693e-05,1.0494368e-05
0.42167014,5.4387581e-05,0.00077511404,0.012906213,3.0819838e-05,1.0538083e-05
0.42174924,5.4852782e-05,0.0008277132,0.012890236,3.1099228e-05,1.0604724e-05
0.42180906,5.5206188e-05,0.00087275341,0.012991137,3.1342007e-05,1.0658196e-05
0.42188943,5.5595722e-05,0.00093858016,0.013186535,3.1651354e-05,1.0707898e-05
0.42195026,5.5935853e-05,0.00099495803,0.013631976,3.1911452e-05,1.0752938e-05
0.42203201,5.6343919e-05,0.0010769421,0.01361807,3.222703e-05,1.0796671e-05
0.42209389,5.6704036e-05,0.001145424,0.013224312,3.2508372e-05,1.0842263e-05
0.42217707,5.7140925e-05,0.0012383239,0.013449741,3.2857404e-05,1.0903979e-05
0.42223999,5.74164e-05,0.0013098119,0.013810246,3.3116216e-05,1.094764e-05
0.42232461,5.7805962e-05,0.0014069112,0.013335631,3.3492666e-05,1.1021298e-05
0.42238859,5.8103926e-05,0.0014762548,0.013188636,3.3759074e-05,1.1088232e-05
0.42247465,5.8522155e-05,0.0015641789,0.013458252,3.4150211e-05,1.1207251e-05
0.42253974,5.8821971e-05,0.0016234145,0.013743119,3.4444884e-05,1.1298564e-05
0.42262728,5.9270369e-05,0.0016927909,0.014202219,3.4853541e-05,1.1427327e-05
0.42269346,5.9533972e-05,0.0017291926,0.0148983,3.5106115e-05,1.1513542e-05
0.42278248,6.0002595e-05,0.001763729,0.015084779,3.5534623e-05,1.1659915e-05
0.42284981,6.0393436e-05,0.0017722218,0.015668685,3.585743e-05,1.1768044e-05
0.42294034,6.0869218e-05,0.0017666979,0.015765728,3.628211e-05,1.190503e-05
0.42300886,6.1250403e-05,0.0017551538,0.017424699,3.6632805e-05,1.2008374e-05
0.423101,6.1771882e-05,0.00173473,0.017136546,3.7083835e-05,1.212607e-05
0.42319412,6.2380119e-05,0.001718367,0.017678613,3.7580749e-05,1.2257477e-05
0.42326348,6.0824858e-05,0.0016528668,0.017855744,3.6718193e-05,1.1933011e-05
0.42335228,5.833891e-05,0.0015615533,0.017823198,3.5288116e-05,1.1387901e-05
0.423417,5.6947405e-05,0.0015115748,0.015735949,3.4500399e-05,1.1091394e-05
0.42350153,5.5788406e-05,0.0014686779,0.016301925,3.3839549e-05,1.0813214e-05
0.42356429,5.5496004e-05,0.0014554755,0.015736447,3.368788e-05,1.0722196e-05
0.42364765,5.5180753e-05,0.0014430917,0.015241688,3.3527891e-05,1.05945e-05
0.42371006,5.5159454e-05,0.001442154,0.01540899,3.3518104e-05,1.0549737e-05
0.42379365,5.544934e-05,0.0014532182,0.016085687,3.3713683e-05,1.0550533e-05
0.42385654,5.5608641e-05,0.0014615526,0.015243938,3.3790938e-05,1.0536012e-05
0.42394084,5.6062924e-05,0.0014819961,0.015516142,3.4023947e-05,1.0577589e-05
0.42400468,5.6489723e-05,0.0015016901,0.015872674,3.4266711e-05,1.0629638e-05
0.42409038,5.7001577e-05,0.0015278109,0.01506373,3.4500072e-05,1.0702097e-05
0.42415528,5.7612765e-05,0.0015551855,0.015186234,3.4814852e-05,1.0792533e-05
0.42424267,5.8314678e-05,0.0015884837,0.015417722,3.5119862e-05,1.0901258e-05
0.42430879,5.8887292e-05,0.0016167375,0.014719537,3.5392149e-05,1.0996639e-05
0.4243981,5.9937993e-05,0.0016625582,0.01577405,3.5895193e-05,1.1180962e-05
0.42446577,6.0585931e-05,0.0016937699,0.015029498,3.6188985e-05,1.1302902e-05
0.42455707,6.1581877e-05,0.001740018,0.014609377,3.6676614e-05,1.1515749e-05
0.42462643,6.2371442e-05,0.0017746659,0.016283558,3.706347e-05,1.1676439e-05
0.42471989,6.3206585e-05,0.0018131114,0.015343292,3.7469609e-05,1.1867811e-05
0.4247907,6.3930067e-05,0.0018410282,0.014295979,3.7820638e-05,1.2027513e-05
0.4248863,6.5074337e-05,0.0018797333,0.015970338,3.8402919e-05,1.2263882e-05
0.42495887,6.5789742e-05,0.0019027836,0.016173443,3.878099e-05,1.2412427e-05
0.42505675,6.6872922e-05,0.0019324255,0.016170429,3.9363097e-05,1.262919e-05
0.42513106,6.7773155e-05,0.0019554214,0.016448861,3.9852147e-05,1.2816281e-05
0.42523168,6.9021933e-05,0.0019867947,0.016467742,4.0592615e-05,1.3076164e-05
0.42530808,6.9854271e-05,0.0020060281,0.015715894,4.1063334e-05,1.3260015e-05
0.42541147,7.1210317e-05,0.0020390313,0.016152575,4.1866279e-05,1.3576316e-05
0.42549019,7.2275074e-05,0.0020656795,0.018724955,4.2508948e-05,1.3832781e-05
0.4255969,7.3913208e-05,0.002109218,0.017139099,4.3491487e-05,1.4225281e-05
0.42567837,7.5257784e-05,0.002145071,0.017738713,4.4294441e-05,1.452288e-05
0.42578901,7.7064658e-05,0.0021942037,0.017102451,4.5384623e-05,1.4929758e-05
0.42587367,7.8568265e-05,0.0022341445,0.015989745,4.6222162e-05,1.5260131e-05
0.42598782,7.9399573e-05,0.0022530405,0.016830567,4.669258e-05,1.5511194e-05
0.42607374,7.9811635e-05,0.0022598508,0.016771887,4.6858393e-05,1.5650802e-05
0.4261889,8.0653232e-05,0.0022769619,0.017309229,4.7333608e-05,1.5903455e-05
0.42627584,8.1283604e-05,0.0022866075,0.016534185,4.7638816e-05,1.6064872e-05
0.42639272,8.2261948e-05,0.002305569,0.017404473,4.8228366e-05,1.6280149e-05
0.42648119,8.3143163e-05,0.0023194971,0.017819181,4.8673044e-05,1.6429365e-05
0.4266006,8.432658e-05,0.0023433836,0.018714467,4.9360699e-05,1.6652185e-05
0.42672159,8.5653598e-05,0.0023672706,0.018450044,5.0071379e-05,1.683311e-05
0.42681356,8.6641313e-05,0.0023888292,0.017996011,5.0650692e-05,1.6983031e-05
0.42693582,8.5609937e-05,0.0023569748,0.017321395,5.0064075e-05,1.6726887e-05
0.42702647,8.4775287e-05,0.0023365074,0.016959872,4.9625355e-05,1.6540118e-05
0.42714656,8.4217174e-05,0.0023280713,0.017465476,4.9283296e-05,1.6419581e-05
0.42723643,8.4104445e-05,0.0023345481,0.016885801,4.9241967e-05,1.6417772e-05
0.42735478,8.2242679e-05,0.0022973571,0.016633565,4.8174839e-05,1.6071755e-05
0.42744216,8.116928e-05,0.0022783302,0.017141259,4.7552792e-05,1.587078e-05
0.42755698,7.9554626e-05,0.0022467214,0.017101083,4.6602852e-05,1.5573146e-05
0.42764205,7.8771133e-05,0.0022284679,0.015981017,4.6076396e-05,1.5405071e-05
0.42775434,7.7625542e-05,0.0021977586,0.01670294,4.5344775e-05,1.5157151e-05
0.42783771,7.6777354e-05,0.0021679879,0.015977524,4.4773187e-05,1.4963172e-05
0.427948,7.5802349e-05,0.0021259925,0.016733676,4.4146796e-05,1.4740207e-05
0.42803027,7.5499467e-05,0.0020959589,0.01594612,4.3820825e-05,1.4634811e-05
0.42813953,7.5040278e-05,0.0020516804,0.015584969,4.3408711e-05,1.4506996e-05
0.42822124,7.4583144e-05,0.0020138739,0.015185597,4.3076674e-05,1.4399104e-05
0.42833018,7.4343875e-05,0.0019705543,0.014996693,4.2826943e-05,1.4293462e-05
0.42841189,7.4127947e-05,0.0019376585,0.015908523,4.2610746e-05,1.4217786e-05
0.42852083,7.3894193e-05,0.0018930071,0.015434115,4.2358699e-05,1.4125573e-05
0.42860254,7.3776259e-05,0.001859897,0.015387069,4.2177061e-05,1.4068299e-05
0.42871148,7.366922e-05,0.0018150972,0.014996907,4.1944302e-05,1.399814e-05
0.42879345,7.3812583e-05,0.0017876746,0.015795482,4.1907005e-05,1.3966175e-05
0.42890273,7.3785339e-05,0.0017437272,0.014589994,4.1687561e-05,1.3875894e-05
0.42898487,7.4040931e-05,0.0017169003,0.015278408,4.1656548e-05,1.3862083e-05
0.4290945,7.4072084e-05,0.0016744715,0.014825937,4.1434929e-05,1.3805975e-05
0.42917672,7.4108027e-05,0.0016438382,0.015807185,4.1285189e-05,1.3787826e-05
0.42928636,7.4162082e-05,0.001605251,0.015789399,4.1103027e-05,1.3775079e-05
0.42936858,7.4201227e-05,0.0015781928,0.015252449,4.0976931e-05,1.3765271e-05
0.42947785,7.4000764e-05,0.0015398454,0.015273601,4.0671815e-05,1.36976e-05
0.42955961,7.3754786e-05,0.0015122366,0.014458287,4.0413864e-05,1.3629631e-05
0.42966831,7.354816e-05,0.0014817039,0.014870098,4.0121733e-05,1.3534198e-05
0.42974951,7.3291464e-05,0.0014618482,0.014899655,3.9871958e-05,1.344984e-05
0.42985709,7.2790615e-05,0.0014379168,0.015002759,3.9457313e-05,1.3315165e-05
0.42993725,7.2283043e-05,0.0014222574,0.014829276,3.9097591e-05,1.3210425e-05
0.43004322,7.1420936e-05,0.0014066746,0.015433474,3.8591623e-05,1.3062276e-05
0.43012207,7.0916273e-05,0.0014017906,0.015536766,3.8267835e-05,1.2970117e-05
0.43022618,7.011773e-05,0.0013985825,0.014557469,3.7790782e-05,1.2844193e-05
0.43030337,6.9363752e-05,0.0013959276,0.014843379,3.734726e-05,1.2714502e-05
0.43040518,6.8637859e-05,0.0014015542,0.014059806,3.6900621e-05,1.2603458e-05
0.43050573,6.7661528e-05,0.0014054623,0.013739539,3.633472e-05,1.2461073e-05
0.4305802,6.6944268e-05,0.0014113247,0.013578862,3.5918696e-05,1.2368454e-05
0.43067827,6.6034202e-05,0.0014227351,0.013399882,3.536402e-05,1.2267726e-05
0.43075116,6.5573648e-05,0.0014395764,0.013827738,3.5078157e-05,1.2237308e-05
0.43084713,6.4699052e-05,0.0014583203,0.013328721,3.4535219e-05,1.2138771e-05
0.43091821,6.4062147e-05,0.0014742048,0.013160927,3.4147056e-05,1.2074659e-05
0.43101214,6.345315e-05,0.0015022905,0.012364176,3.3734934e-05,1.201957e-05
0.4310817,6.2818377e-05,0.0015193873,0.012480126,3.3350408e-05,1.192766e-05
0.43117362,6.221165e-05,0.0015464514,0.012757639,3.2945686e-05,1.1853075e-05
0.43124193,6.1829194e-05,0.0015663224,0.013480397,3.266603e-05,1.1780496e-05
0.43133212,6.1226165e-05,0.0015892662,0.013348365,3.2256878e-05,1.1670624e-05
0.4313992,6.0796101e-05,0.0016071647,0.012514125,3.1974907e-05,1.1596603e-05
0.43148791,6.0360477e-05,0.0016308363,0.012148108,3.1690482e-05,1.1518801e-05
0.43155393,5.9920148e-05,0.0016428768,0.012799664,3.1418788e-05,1.1439748e-05
0.43164142,5.9483495e-05,0.0016576112,0.01200687,3.1145757e-05,1.1340785e-05
0.43170663,5.9237744e-05,0.0016674853,0.012121053,3.1012491e-05,1.1282991e-05
0.43179307,5.8780667e-05,0.0016706653,0.012099021,3.0751728e-05,1.1177239e-05
0.43185754,5.8517035e-05,0.0016719269,0.011844523,3.0610627e-05,1.1121418e-05
0.43194316,5.8240585e-05,0.0016698382,0.012080201,3.047558e-05,1.1058328e-05
0.43200706,5.7948115e-05,0.0016627056,0.012396414,3.0342982e-05,1.1000455e-05
0.4320921,5.7649289e-05,0.0016511024,0.011638031,3.0197891e-05,1.0935786e-05
0.43215575,5.7590547e-05,0.0016452645,0.011953867,3.0185557e-05,1.0918134e-05
0.43224029,5.7290835e-05,0.0016280703,0.011125102,3.0042002e-05,1.0841943e-05
0.43230369,5.7236559e-05,0.0016179027,0.011231452,3.002605e-05,1.0807498e-05
0.43238823,5.7160819e-05,0.0016041933,0.011761024,2.9994946e-05,1.0759369e-05
0.43245163,5.7095609e-05,0.0015934633,0.0116515,2.9969529e-05,1.0712691e-05
0.43253616,5.7016283e-05,0.0015790174,0.011207183,2.9945062e-05,1.0653934e-05
0.43259975,5.7198766e-05,0.0015750078,0.012124322,3.005681e-05,1.0656886e-05
0.43268464,5.7093298e-05,0.0015605347,0.011466735,3.0055167e-05,1.0597899e-05
0.43274851,5.7265119e-05,0.0015567563,0.01201306,3.01875e-05,1.0611003e-05
0.43283389,5.7461482e-05,0.0015491697,0.011575286,3.0325146e-05,1.0615736e-05
0.43289814,5.7385816e-05,0.0015378597,0.01138123,3.0342155e-05,1.0572105e-05
0.43298411,5.7562953e-05,0.0015300559,0.011994725,3.0521227e-05,1.0572325e-05
0.43304898,5.7767799e-05,0.0015254087,0.011314367,3.0677893e-05,1.0580398e-05
0.43313578,5.7944564e-05,0.0015169208,0.01176371,3.0877545e-05,1.057847e-05
0.4332013,5.8169571e-05,0.0015124717,0.011920195,3.105979e-05,1.0601804e-05
0.43328898,5.839777e-05,0.0015040225,0.012162657,3.126706e-05,1.0622008e-05
0.43335518,5.8664494e-05,0.0014997607,0.012199889,3.1484425e-05,1.0668449e-05
0.43344404,5.9270715e-05,0.0014994171,0.012505922,3.1882533e-05,1.0783493e-05
0.43351108,5.957087e-05,0.0014955891,0.012418785,3.2120559e-05,1.0844506e-05
0.43360107,5.9895549e-05,0.0014884451,0.012556341,3.2373337e-05,1.0915324e-05
0.43369171,6.0240258e-05,0.0014821833,0.013107342,3.2624956e-05,1.1002046e-05
0.4337602,6.060379e-05,0.001480477,0.012413095,3.2884045e-05,1.1086514e-05
0.43385222,6.140231e-05,0.0014858033,0.012668499,3.3367097e-05,1.1273735e-05
0.43392172,6.1832954e-05,0.0014861817,0.013419311,3.3629229e-05,1.1387036e-05
0.4340151,6.2303334e-05,0.0014840893,0.01331049,3.3929582e-05,1.1523765e-05
0.43408568,6.2784752e-05,0.0014857254,0.013196597,3.4197478e-05,1.1655114e-05
0.43418051,6.3298446e-05,0.0014842826,0.012851653,3.4517296e-05,1.1796255e-05
0.43425227,6.3806238e-05,0.0014854968,0.012981388,3.4815804e-05,1.1912879e-05
0.43434866,6.4343026e-05,0.0014822482,0.013509709,3.5140336e-05,1.2039969e-05
0.43442152,6.4900383e-05,0.0014817887,0.013061522,3.5473217e-05,1.214419e-05
0.43451964,6.5957812e-05,0.0014866682,0.012998346,3.613176e-05,1.2364554e-05
0.43459389,6.6550407e-05,0.0014827848,0.014128211,3.6502486e-05,1.2480804e-05
0.43469369,6.7182503e-05,0.0014698387,0.012721607,3.692891e-05,1.2616105e-05
0.43476927,6.7819112e-05,0.0014611151,0.01428248,3.7357968e-05,1.275342e-05
0.43487114,6.8471448e-05,0.0014415252,0.01398826,3.7839047e-05,1.2925591e-05
0.43494818,6.9187415e-05,0.0014289327,0.013744329,3.8326038e-05,1.3090645e-05
0.43505212,6.9958647e-05,0.0014054607,0.014475754,3.8873189e-05,1.32869e-05
0.43513078,7.0743834e-05,0.0013908975,0.014137629,3.9421579e-05,1.3479779e-05
0.43523674,7.1629935e-05,0.0013666766,0.014783459,4.0026796e-05,1.3710903e-05
0.4353169,7.1755086e-05,0.0013363981,0.0145084,4.0138041e-05,1.3784812e-05
0.43542513,7.2823138e-05,0.0013137012,0.0153393,4.0795579e-05,1.4101506e-05
0.43550738,7.3994093e-05,0.0013022499,0.014817082,4.1461647e-05,1.4404329e-05
0.43561823,7.5315051e-05,0.0012833485,0.015489739,4.2229034e-05,1.4767129e-05
0.43570251,7.6744225e-05,0.0012758538,0.016127702,4.3028019e-05,1.5110112e-05
0.4358164,7.8354549e-05,0.0012621098,0.016055726,4.3936812e-05,1.5483969e-05
0.43590305,8.0046138e-05,0.0012603161,0.016470044,4.4884206e-05,1.5851964e-05
0.43601997,8.0412274e-05,0.0012303375,0.017091184,4.507052e-05,1.5914009e-05
0.43610945,8.2300871e-05,0.0012350593,0.018263818,4.6135318e-05,1.6269824e-05
0.43623014,8.4530074e-05,0.0012396824,0.018020631,4.7382698e-05,1.6695062e-05
0.43632021,8.2670554e-05,0.0011950742,0.017345702,4.6379719e-05,1.6297873e-05
0.43643931,8.2881662e-05,0.0011813734,0.018020686,4.6570978e-05,1.630131e-05
0.43652864,8.2995742e-05,0.0011752025,0.018145078,4.6729436e-05,1.6294218e-05
0.43664774,8.3010673e-05,0.0011712963,0.01728037,4.6925041e-05,1.6290334e-05
0.43673707,8.3042682e-05,0.0011721741,0.017304542,4.7058828e-05,1.6284697e-05
0.43685617,8.3050502e-05,0.0011782537,0.017359221,4.7227218e-05,1.6266682e-05
0.4369455,8.3032605e-05,0.0011864145,0.017522389,4.7339023e-05,1.6232984e-05
0.4370646,8.2955979e-05,0.0012031388,0.01698062,4.7438685e-05,1.6161563e-05
0.43715393,8.2849051e-05,0.001219397,0.017032898,4.7492026e-05,1.6088133e-05
0.43727303,8.2733758e-05,0.0012460518,0.01753955,4.7528372e-05,1.5980567e-05
0.43736236,8.2591807e-05,0.0012694598,0.016354786,4.7547632e-05,1.5890008e-05
0.43748146,8.2408377e-05,0.0013050744,0.016421286,4.7561073e-05,1.5768943e-05
